{"data": [{"aweme": {"aweme_id": "6852919380821445903", "aweme_title": "姐妹们来，点头像正在直播👉", "aweme_url": "https://www.iesdouyin.com/share/video/6852919380821445903/?region=CN&mid=6852919389264579336&u_code=0&titleType=title", "download_url": "https://www.chanmama.com/awemeDetail/6852919380821445903", "digg_count": 138980, "digg_incr": 114059, "aweme_create_time": 1595569633, "category": 1, "volume": 0, "amount": 0}, "author": {"author_id": "1578532566736478", "nickname": "常熟市语曦服饰商行", "follower_count": 165572}}, {"aweme": {"aweme_id": "6852887209901673728", "aweme_title": "“仇人清除计划开始”", "aweme_url": "https://www.iesdouyin.com/share/video/6852887209901673728/?region=CN&mid=6850145287927843597&u_code=0&titleType=title", "download_url": "https://www.chanmama.com/awemeDetail/6852887209901673728", "digg_count": 95468, "digg_incr": 73766, "aweme_create_time": 1595562143, "category": 1, "volume": 10, "amount": 434}, "author": {"author_id": "60817921513", "nickname": "辣鸡秀秀            🦔", "follower_count": 670689}}, {"aweme": {"aweme_id": "6852882159900937487", "aweme_title": "睡衣穿的好 老公回家早@抖音小助手", "aweme_url": "https://www.iesdouyin.com/share/video/6852882159900937487/?region=CN&mid=6852882167480339207&u_code=0&titleType=title", "download_url": "https://www.chanmama.com/awemeDetail/6852882159900937487", "digg_count": 57357, "digg_incr": 57585, "aweme_create_time": 1595560967, "category": 1, "volume": 0, "amount": 0}, "author": {"author_id": "59022978429", "nickname": "田娇baby（7月30号大上新）", "follower_count": 406107}}, {"aweme": {"aweme_id": "6852799434447752460", "aweme_title": "喜欢草莓 毫不犹豫的就买了 不喜欢吃香蕉 但考虑它有助消化的功能也还是买了 所以喜欢很单纯 不喜欢就会权衡利弊", "aweme_url": "https://www.iesdouyin.com/share/video/6852799434447752460/?region=CN&mid=6838130008549690120&u_code=0&titleType=title", "download_url": "https://www.chanmama.com/awemeDetail/6852799434447752460", "digg_count": 46570, "digg_incr": 38930, "aweme_create_time": 1595541744, "category": 1, "volume": 0, "amount": 0}, "author": {"author_id": "100169451677", "nickname": "RPIN瑞品", "follower_count": 147232}}, {"aweme": {"aweme_id": "6853000426514550024", "aweme_title": "#魔道祖师 #江澄 魏无羡：再给你介绍妹子我是沙比👍", "aweme_url": "https://www.iesdouyin.com/share/video/6853000426514550024/?region=CN&mid=6853000442663684877&u_code=0&titleType=title", "download_url": "https://www.chanmama.com/awemeDetail/6853000426514550024", "digg_count": 36894, "digg_incr": 30690, "aweme_create_time": 1595588503, "category": 1, "volume": 0, "amount": 0}, "author": {"author_id": "105370054506", "nickname": "念晚", "follower_count": 571794}}, {"aweme": {"aweme_id": "6852922021391666439", "aweme_title": "#dou➕上热门 @DOU+小助手", "aweme_url": "https://www.iesdouyin.com/share/video/6852922021391666439/?region=CN&mid=6852922040131914504&u_code=0&titleType=title", "download_url": "https://www.chanmama.com/awemeDetail/6852922021391666439", "digg_count": 34357, "digg_incr": 30002, "aweme_create_time": 1595570249, "category": 1, "volume": 0, "amount": 0}, "author": {"author_id": "97388027998", "nickname": "六安市裕安区东森服装店", "follower_count": 469363}}, {"aweme": {"aweme_id": "6852889987357199619", "aweme_title": "也不知道哪一个我才能住进你的心里。#腿 #穿搭 #你好火星", "aweme_url": "https://www.iesdouyin.com/share/video/6852889987357199619/?region=CN&mid=6843716253765405448&u_code=0&titleType=title", "download_url": "https://www.chanmama.com/awemeDetail/6852889987357199619", "digg_count": 25201, "digg_incr": 21765, "aweme_create_time": 1595562795, "category": 1, "volume": 15, "amount": 0}, "author": {"author_id": "103298671413", "nickname": "kumayes", "follower_count": 384557}}, {"aweme": {"aweme_id": "6852835268416851213", "aweme_title": "感谢姐姐们一路支持~秋冬更多美美的新款等你来。#民族风@抖音小助手 #浙里商家争霸赛", "aweme_url": "https://www.iesdouyin.com/share/video/6852835268416851213/?region=CN&mid=6852835247889910542&u_code=0&titleType=title", "download_url": "https://www.chanmama.com/awemeDetail/6852835268416851213", "digg_count": 26367, "digg_incr": 21584, "aweme_create_time": 1595550053, "category": 1, "volume": 6, "amount": 2034}, "author": {"author_id": "101674206066", "nickname": "杭州希留服饰有限公司", "follower_count": 447286}}, {"aweme": {"aweme_id": "6852915661652462851", "aweme_title": "照片是照片 我是我 我和照片是两码事 有什么不舒服 冲着照片来 与本人无关。@DOU+小助手", "aweme_url": "https://www.iesdouyin.com/share/video/6852915661652462851/?region=CN&mid=6831043213609011976&u_code=0&titleType=title", "download_url": "https://www.chanmama.com/awemeDetail/6852915661652462851", "digg_count": 29602, "digg_incr": 21323, "aweme_create_time": 1595568772, "category": 1, "volume": 0, "amount": 0}, "author": {"author_id": "3755543634643255", "nickname": "不正经姐妹", "follower_count": 74474}}, {"aweme": {"aweme_id": "6853040159336795404", "aweme_title": "不怕你胖，就怕你不时尚！#加肥加大 #爱官方爱热门 #抖音小助手", "aweme_url": "https://www.iesdouyin.com/share/video/6853040159336795404/?region=CN&mid=6830001649445751565&u_code=0&titleType=title", "download_url": "https://www.chanmama.com/awemeDetail/6853040159336795404", "digg_count": 34331, "digg_incr": 20534, "aweme_create_time": 1595597757, "category": 1, "volume": 0, "amount": 0}, "author": {"author_id": "3944690443365147", "nickname": "金大姐大码服装店", "follower_count": 421784}}, {"aweme": {"aweme_id": "6852516216171400455", "aweme_title": "都说愿望说出来就不灵了，但藏在心里的好像也没有实现呢。#大码走秀 #直播中", "aweme_url": "https://www.iesdouyin.com/share/video/6852516216171400455/?region=CN&mid=6852516307431099144&u_code=0&titleType=title", "download_url": "https://www.chanmama.com/awemeDetail/6852516216171400455", "digg_count": 20448, "digg_incr": 20371, "aweme_create_time": 1595545200, "category": 1, "volume": 0, "amount": 0}, "author": {"author_id": "98777825581", "nickname": "云妃秀(每天早8点直播上新)", "follower_count": 666090}}, {"aweme": {"aweme_id": "6852900243554503936", "aweme_title": "好喜欢这身搭配，民族风格大气时尚又上档次，微胖妈妈看过来#中老年穿搭 #气质穿搭 #大码搭配 #我要上热门", "aweme_url": "https://www.iesdouyin.com/share/video/6852900243554503936/?region=CN&mid=6852900250357975816&u_code=2aaif0kg944k&titleType=title", "download_url": "https://www.chanmama.com/awemeDetail/6852900243554503936", "digg_count": 19672, "digg_incr": 19574, "aweme_create_time": 1595565177, "category": 1, "volume": 225, "amount": 13275}, "author": {"author_id": "101563512155", "nickname": "鑫晴优品服饰", "follower_count": 269695}}, {"aweme": {"aweme_id": "6852967949460868352", "aweme_title": "@DOU+小助手 #休闲减龄穿搭 @我要上热门！", "aweme_url": "https://www.iesdouyin.com/share/video/6852967949460868352/?region=CN&mid=6847291263469816590&u_code=bk5kkf3l2d0&titleType=title", "download_url": "https://www.chanmama.com/awemeDetail/6852967949460868352", "digg_count": 24067, "digg_incr": 19505, "aweme_create_time": 1595580947, "category": 1, "volume": 0, "amount": 0}, "author": {"author_id": "1560928337531707", "nickname": "安安精品服装店", "follower_count": 168790}}, {"aweme": {"aweme_id": "6852900732249607432", "aweme_title": "回家路上打车一直打不到，就问旁边的交警叔叔：是不是因为我穿个羽绒服所以打不到车？他说：你离我远点就好打车了", "aweme_url": "https://www.iesdouyin.com/share/video/6852900732249607432/?region=CN&mid=6852900748762581768&u_code=0&titleType=title", "download_url": "https://www.chanmama.com/awemeDetail/6852900732249607432", "digg_count": 19546, "digg_incr": 19169, "aweme_create_time": 1595565292, "category": 1, "volume": 0, "amount": 0}, "author": {"author_id": "85875038772", "nickname": "暖意服饰店羽绒服", "follower_count": 175003}}, {"aweme": {"aweme_id": "6852913873629072648", "aweme_title": "生个女儿真好，等她长大后可以穿她的衣服，用她的化妆品，还可以使唤她的男朋友，想想都美#女童套装 #我要上热门", "aweme_url": "https://www.iesdouyin.com/share/video/6852913873629072648/?region=CN&mid=6823152141700958989&u_code=0&titleType=title", "download_url": "https://www.chanmama.com/awemeDetail/6852913873629072648", "digg_count": 19658, "digg_incr": 18769, "aweme_create_time": 1595568351, "category": 1, "volume": 0, "amount": 0}, "author": {"author_id": "98743729551", "nickname": "蓬展服饰（童装部）", "follower_count": 51729}}, {"aweme": {"aweme_id": "6852859179841883399", "aweme_title": "缺爱的人在收到礼物的时候不是惊喜而是盘算着怎么报答", "aweme_url": "https://www.iesdouyin.com/share/video/6852859179841883399/?region=CN&mid=6852591307408739079&u_code=0&titleType=title", "download_url": "https://www.chanmama.com/awemeDetail/6852859179841883399", "digg_count": 25996, "digg_incr": 17906, "aweme_create_time": 1595555618, "category": 1, "volume": 0, "amount": 0}, "author": {"author_id": "2295377640040715", "nickname": "小月", "follower_count": 262346}}, {"aweme": {"aweme_id": "6853036226170113295", "aweme_title": "又到喜欢的秒s  超划算 很多是反季清仓 数量不多", "aweme_url": "https://www.iesdouyin.com/share/video/6853036226170113295/?region=CN&mid=6819991876016360205&u_code=0&titleType=title", "download_url": "https://www.chanmama.com/awemeDetail/6853036226170113295", "digg_count": 20008, "digg_incr": 16649, "aweme_create_time": 1595596837, "category": 1, "volume": 4, "amount": 276}, "author": {"author_id": "59480089387", "nickname": "鹭青一", "follower_count": 331481}}, {"aweme": {"aweme_id": "6852929283191590156", "aweme_title": "慵懒风牛仔裙怎么一衣多穿呢？当风衣穿太赞了#穿搭 #显瘦穿搭 @抖音小助手", "aweme_url": "https://www.iesdouyin.com/share/video/6852929283191590156/?region=CN&mid=6852929323462626061&u_code=0&titleType=title", "download_url": "https://www.chanmama.com/awemeDetail/6852929283191590156", "digg_count": 19417, "digg_incr": 14613, "aweme_create_time": 1595571944, "category": 1, "volume": 0, "amount": 0}, "author": {"author_id": "12799708517684", "nickname": "花花的穿搭实验室", "follower_count": 340951}}, {"aweme": {"aweme_id": "6853054384771779840", "aweme_title": "第一批服装主播~这一想，确实好久了~#直播高光 #穿搭@DOU+小助手", "aweme_url": "https://www.iesdouyin.com/share/video/6853054384771779840/?region=CN&mid=6853054510941244167&u_code=0&titleType=title", "download_url": "https://www.chanmama.com/awemeDetail/6853054384771779840", "digg_count": 29417, "digg_incr": 13624, "aweme_create_time": 1595601066, "category": 1, "volume": 0, "amount": 0}, "author": {"author_id": "105168461803", "nickname": "晓董服饰", "follower_count": 781197}}, {"aweme": {"aweme_id": "6852919856224931086", "aweme_title": "透薄的短款T恤罩衫欲而不俗，内搭纯色短款吊带，简约又个性 #吊带控  #外搭", "aweme_url": "https://www.iesdouyin.com/share/video/6852919856224931086/?region=CN&mid=6852919982397950734&u_code=0&titleType=title", "download_url": "https://www.chanmama.com/awemeDetail/6852919856224931086", "digg_count": 54262, "digg_incr": 13145, "aweme_create_time": 1595569772, "category": 1, "volume": 76, "amount": 2279.24}, "author": {"author_id": "1895189062361139", "nickname": "穿搭助手", "follower_count": 126908}}, {"aweme": {"aweme_id": "6852831179754769671", "aweme_title": "#集美们 自从挖到这家宝藏店铺，不光自己入，连朋友闺蜜被种草", "aweme_url": "https://www.iesdouyin.com/share/video/6852831179754769671/?region=CN&mid=6852831163560545032&u_code=0&titleType=title", "download_url": "https://www.chanmama.com/awemeDetail/6852831179754769671", "digg_count": 17234, "digg_incr": 12658, "aweme_create_time": 1595549101, "category": 1, "volume": 10, "amount": 379.7}, "author": {"author_id": "2893506731311181", "nickname": "爱穿搭的琦儿", "follower_count": 71609}}, {"aweme": {"aweme_id": "6852851561081703692", "aweme_title": "船长给大家分享一下赤道无风带，帆船的禁区，航海人真希望大海永远风平浪静，船长祝愿好朋友们一生都平平安安的！", "aweme_url": "https://www.iesdouyin.com/share/video/6852851561081703692/?region=CN&mid=6852851591561661191&u_code=0&titleType=title", "download_url": "https://www.chanmama.com/awemeDetail/6852851561081703692", "digg_count": 16201, "digg_incr": 12269, "aweme_create_time": 1595553850, "category": 1, "volume": 0, "amount": 0}, "author": {"author_id": "94698846791", "nickname": "中国船长", "follower_count": 846962}}, {"aweme": {"aweme_id": "6853011125483719940", "aweme_title": "@广州露美希👑今晚直播新款发了一个抖音短视频，你尽管点开，不好看算我输！", "aweme_url": "https://www.iesdouyin.com/share/video/6853011125483719940/?region=CN&mid=6853011158270806798&u_code=0&titleType=", "download_url": "https://www.chanmama.com/awemeDetail/6853011125483719940", "digg_count": 13564, "digg_incr": 11401, "aweme_create_time": 1595590998, "category": 1, "volume": 890, "amount": 35511}, "author": {"author_id": "3003490548333980", "nickname": "广州露美希👑今晚直播新款", "follower_count": 388205}}, {"aweme": {"aweme_id": "6853013414466440459", "aweme_title": "你们要的短款卫衣搞出来啦，快快@闺蜜初秋一起穿吧#穿搭 #搭配早秋 #带娃内心戏 #你好火星", "aweme_url": "https://www.iesdouyin.com/share/video/6853013414466440459/?region=CN&mid=6853013448029227783&u_code=0&titleType=title", "download_url": "https://www.chanmama.com/awemeDetail/6853013414466440459", "digg_count": 14806, "digg_incr": 11101, "aweme_create_time": 1595591531, "category": 1, "volume": 0, "amount": 0}, "author": {"author_id": "94603861752", "nickname": "松本丧丧", "follower_count": 789056}}, {"aweme": {"aweme_id": "6852892691261295879", "aweme_title": "#池夏 “这位圣僧可是来自长安？那里是小女子的家乡。”#抖音小助手@DOU+小助手", "aweme_url": "https://www.iesdouyin.com/share/video/6852892691261295879/?region=CN&mid=6848930205747137294&u_code=0&titleType=title", "download_url": "https://www.chanmama.com/awemeDetail/6852892691261295879", "digg_count": 14200, "digg_incr": 10994, "aweme_create_time": 1595563420, "category": 1, "volume": 133, "amount": 5187}, "author": {"author_id": "95805023047", "nickname": "池夏汉风", "follower_count": 668826}}, {"aweme": {"aweme_id": "6852904994627243277", "aweme_title": "不会真的以为粉色书包好欺负吧？", "aweme_url": "https://www.iesdouyin.com/share/video/6852904994627243277/?region=CN&mid=6840784363647535880&u_code=0&titleType=title", "download_url": "https://www.chanmama.com/awemeDetail/6852904994627243277", "digg_count": 20782, "digg_incr": 10971, "aweme_create_time": 1595566284, "category": 1, "volume": 0, "amount": 0}, "author": {"author_id": "69864149988", "nickname": "甜的肉丸", "follower_count": 237814}}, {"aweme": {"aweme_id": "6852982598180834571", "aweme_title": "你看看，不吃饭的都去参加女团了，像我这种爱吃饭的，只能参加美团#挑战奈酱的腿 #你好火星 #喝彩变身", "aweme_url": "https://www.iesdouyin.com/share/video/6852982598180834571/?region=CN&mid=6829688102320409351&u_code=0&titleType=title", "download_url": "https://www.chanmama.com/awemeDetail/6852982598180834571", "digg_count": 13990, "digg_incr": 10522, "aweme_create_time": 1595584357, "category": 1, "volume": 0, "amount": 0}, "author": {"author_id": "3650028262401404", "nickname": "一只奈奈酱（7.30周四晚上6点直播）", "follower_count": 707188}}, {"aweme": {"aweme_id": "6852987635112119566", "aweme_title": "喜欢你的人 什么都懂 一直有空 无所不能 #苹果原相机", "aweme_url": "https://www.iesdouyin.com/share/video/6852987635112119566/?region=CN&mid=6852987728616524551&u_code=0&titleType=title", "download_url": "https://www.chanmama.com/awemeDetail/6852987635112119566", "digg_count": 20688, "digg_incr": 10087, "aweme_create_time": 1595585542, "category": 1, "volume": 0, "amount": 0}, "author": {"author_id": "68709767207", "nickname": "舟舟（今晚9点直播）", "follower_count": 87316}}, {"aweme": {"aweme_id": "6852947373484674317", "aweme_title": "@沙家浜物語晴发了一个抖音短视频，你尽管点开，不好看算我输！", "aweme_url": "https://www.iesdouyin.com/share/video/6852947373484674317/?region=CN&mid=6680295887681358595&u_code=0&titleType=", "download_url": "https://www.chanmama.com/awemeDetail/6852947373484674317", "digg_count": 12887, "digg_incr": 9513, "aweme_create_time": 1595576152, "category": 1, "volume": 0, "amount": 0}, "author": {"author_id": "68841148283", "nickname": "沙家浜物語晴", "follower_count": 961601}}, {"aweme": {"aweme_id": "6852975116008049935", "aweme_title": "刚吃饱饭，蠕动一下肠胃好消化#穿搭 #卡点换装", "aweme_url": "https://www.iesdouyin.com/share/video/6852975116008049935/?region=CN&mid=6852975128070867725&u_code=0&titleType=title", "download_url": "https://www.chanmama.com/awemeDetail/6852975116008049935", "digg_count": 9574, "digg_incr": 9426, "aweme_create_time": 1595582610, "category": 1, "volume": 0, "amount": 0}, "author": {"author_id": "58060986351", "nickname": "叫我韩璐（今晚7.30直播）", "follower_count": 608678}}, {"aweme": {"aweme_id": "6852990713618009359", "aweme_title": "明制汉服真的端庄到骨子里 #汉服穿搭", "aweme_url": "https://www.iesdouyin.com/share/video/6852990713618009359/?region=CN&mid=6848933590290877192&u_code=0&titleType=title", "download_url": "https://www.chanmama.com/awemeDetail/6852990713618009359", "digg_count": 13958, "digg_incr": 9017, "aweme_create_time": 1595586241, "category": 1, "volume": 6, "amount": 888}, "author": {"author_id": "106332401214", "nickname": "衣青青阿", "follower_count": 423225}}, {"aweme": {"aweme_id": "6852876115782995213", "aweme_title": "我爱了，每件我都很喜欢#微胖穿搭 #120斤穿搭#苹果型穿搭", "aweme_url": "https://www.iesdouyin.com/share/video/6852876115782995213/?region=CN&mid=6852876125312535310&u_code=0&titleType=title", "download_url": "https://www.chanmama.com/awemeDetail/6852876115782995213", "digg_count": 11540, "digg_incr": 8980, "aweme_create_time": 1595559561, "category": 1, "volume": 90, "amount": 3419}, "author": {"author_id": "110401295368", "nickname": "120斤的胖青", "follower_count": 39667}}, {"aweme": {"aweme_id": "6852896864015093004", "aweme_title": "姐妹们，周小熊！btw我今天声音是不是有点特别🙂#你好火星 #测评穿搭 #显瘦穿搭 #网红女装测评", "aweme_url": "https://www.iesdouyin.com/share/video/6852896864015093004/?region=CN&mid=6852896899540749063&u_code=0&titleType=title", "download_url": "https://www.chanmama.com/awemeDetail/6852896864015093004", "digg_count": 13127, "digg_incr": 8940, "aweme_create_time": 1595564396, "category": 1, "volume": 164, "amount": 20382}, "author": {"author_id": "3196990248466125", "nickname": "荔枝不甜", "follower_count": 229327}}, {"aweme": {"aweme_id": "6852789802912271623", "aweme_title": "绿色针织开衫、反季节#便宜便宜真便宜", "aweme_url": "https://www.iesdouyin.com/share/video/6852789802912271623/?region=CN&mid=6852789773833456397&u_code=1e86e5ldah98&titleType=title", "download_url": "https://www.chanmama.com/awemeDetail/6852789802912271623", "digg_count": 8981, "digg_incr": 8927, "aweme_create_time": 1595539493, "category": 1, "volume": 0, "amount": 0}, "author": {"author_id": "2598897393346429", "nickname": "常熟市李珍女装服饰商行", "follower_count": 200104}}, {"aweme": {"aweme_id": "6853022602210839820", "aweme_title": "本想活成男人心中的小女人，一不小心却活成了女人心中的大哥😎霸气😎😎@被宠坏de天使👼小号", "aweme_url": "https://www.iesdouyin.com/share/video/6853022602210839820/?region=CN&mid=6837240536101866247&u_code=0&titleType=title", "download_url": "https://www.chanmama.com/awemeDetail/6853022602210839820", "digg_count": 10248, "digg_incr": 8891, "aweme_create_time": 1595593669, "category": 1, "volume": 0, "amount": 0}, "author": {"author_id": "100255753609", "nickname": "ts5793", "follower_count": 277488}}, {"aweme": {"aweme_id": "6852902668705205515", "aweme_title": "somi的新歌好喜欢！午休时间速扒～！！#somi #全昭弥 #whatyouwaitingfor", "aweme_url": "https://www.iesdouyin.com/share/video/6852902668705205515/?region=CN&mid=6852136517016487938&u_code=0&titleType=title", "download_url": "https://www.chanmama.com/awemeDetail/6852902668705205515", "digg_count": 10853, "digg_incr": 8190, "aweme_create_time": 1595565745, "category": 1, "volume": 0, "amount": 0}, "author": {"author_id": "50303186822", "nickname": "强壮pp", "follower_count": 154733}}, {"aweme": {"aweme_id": "6853006916403186958", "aweme_title": "真在直播中…点头相进来跳选……", "aweme_url": "https://www.iesdouyin.com/share/video/6853006916403186958/?region=CN&mid=6853006938792594184&u_code=ki8abl773d4&titleType=title", "download_url": "https://www.chanmama.com/awemeDetail/6853006916403186958", "digg_count": 8024, "digg_incr": 8062, "aweme_create_time": 1595590014, "category": 1, "volume": 27, "amount": 186.3}, "author": {"author_id": "109011623260", "nickname": "又灵", "follower_count": 141318}}, {"aweme": {"aweme_id": "6852852587369106691", "aweme_title": "下班回家我碰着一个男的拍了我的肩膀看着我说“抱歉认错人了”然后听见他和另一个朋友说：我靠真的好漂亮啊！", "aweme_url": "https://www.iesdouyin.com/share/video/6852852587369106691/?region=CN&mid=6848818552321936135&u_code=3ikd933m2mhg&titleType=title", "download_url": "https://www.chanmama.com/awemeDetail/6852852587369106691", "digg_count": 10114, "digg_incr": 7811, "aweme_create_time": 1595554089, "category": 1, "volume": 0, "amount": 0}, "author": {"author_id": "100169451677", "nickname": "RPIN瑞品", "follower_count": 147232}}, {"aweme": {"aweme_id": "6852988558798507264", "aweme_title": "汉服取名哪家强？#汉服", "aweme_url": "https://www.iesdouyin.com/share/video/6852988558798507264/?region=CN&mid=6852988568223812365&u_code=0&titleType=title", "download_url": "https://www.chanmama.com/awemeDetail/6852988558798507264", "digg_count": 11299, "digg_incr": 7576, "aweme_create_time": 1595585740, "category": 1, "volume": 0, "amount": 0}, "author": {"author_id": "98701518960", "nickname": "吴卿", "follower_count": 106937}}, {"aweme": {"aweme_id": "6852982099486493965", "aweme_title": "喜欢有什么用 你又不是只喜欢我 最喜欢我#每日穿搭分享 @抖音小助手", "aweme_url": "https://www.iesdouyin.com/share/video/6852982099486493965/?region=CN&mid=6852982135645932301&u_code=0&titleType=title", "download_url": "https://www.chanmama.com/awemeDetail/6852982099486493965", "digg_count": 7828, "digg_incr": 7114, "aweme_create_time": 1595584237, "category": 1, "volume": 0, "amount": 0}, "author": {"author_id": "59395408627", "nickname": "宋一慧日常穿搭", "follower_count": 280024}}, {"aweme": {"aweme_id": "6853016219864370432", "aweme_title": "你可以替我好好爱自己吗？别急着否定自己 你特别好 特别温柔 特别值得", "aweme_url": "https://www.iesdouyin.com/share/video/6853016219864370432/?region=CN&mid=6853016224717736712&u_code=3g7mc2761c4f&titleType=title", "download_url": "https://www.chanmama.com/awemeDetail/6853016219864370432", "digg_count": 8795, "digg_incr": 6916, "aweme_create_time": 1595592180, "category": 1, "volume": 0, "amount": 0}, "author": {"author_id": "77873722348", "nickname": "淘你所爱", "follower_count": 382086}}, {"aweme": {"aweme_id": "6852912227721252103", "aweme_title": "她们说这个音乐更适合~那就再秀一下我的“肌肉”吧 #汉服", "aweme_url": "https://www.iesdouyin.com/share/video/6852912227721252103/?region=CN&mid=6852912633205885703&u_code=0&titleType=title", "download_url": "https://www.chanmama.com/awemeDetail/6852912227721252103", "digg_count": 15719, "digg_incr": 6838, "aweme_create_time": 1595567991, "category": 1, "volume": 0, "amount": 0}, "author": {"author_id": "3874301528776493", "nickname": "汉服小舍", "follower_count": 115693}}, {"aweme": {"aweme_id": "6852811581022014735", "aweme_title": "我选了一双鞋以为会很合脚，结果穿上被磨得鲜血淋漓，我想把鞋子扔掉，奈何舍不得脚上的两双小袜子", "aweme_url": "https://www.iesdouyin.com/share/video/6852811581022014735/?region=CN&mid=6849167803522632456&u_code=0&titleType=title", "download_url": "https://www.chanmama.com/awemeDetail/6852811581022014735", "digg_count": 7441, "digg_incr": 6444, "aweme_create_time": 1595544538, "category": 1, "volume": 0, "amount": 0}, "author": {"author_id": "62752408273", "nickname": "邹平市韩店镇潮流阁服装店", "follower_count": 130656}}, {"aweme": {"aweme_id": "6852983961304550660", "aweme_title": "你这是说我越来越胖呗？#抖音小助手 #服装搭配", "aweme_url": "https://www.iesdouyin.com/share/video/6852983961304550660/?region=CN&mid=6852984002912045837&u_code=0&titleType=title", "download_url": "https://www.chanmama.com/awemeDetail/6852983961304550660", "digg_count": 7205, "digg_incr": 6311, "aweme_create_time": 1595584675, "category": 1, "volume": 0, "amount": 0}, "author": {"author_id": "60296452269", "nickname": "王小二很皮❗️", "follower_count": 435697}}, {"aweme": {"aweme_id": "6853046755357887757", "aweme_title": "新款polo衫连衣裙，简单大方，胖瘦好穿又洋气，显瘦又便宜#正在直播中#快来抢购吧@DOU+小助手", "aweme_url": "https://www.iesdouyin.com/share/video/6853046755357887757/?region=CN&mid=6853046765182667527&u_code=0&titleType=title", "download_url": "https://www.chanmama.com/awemeDetail/6853046755357887757", "digg_count": 6151, "digg_incr": 6119, "aweme_create_time": 1595599290, "category": 1, "volume": 0, "amount": 0}, "author": {"author_id": "102778964234", "nickname": "常熟李有良服装", "follower_count": 867133}}, {"aweme": {"aweme_id": "6853031499285925132", "aweme_title": "夫妻双方该如何对待对方的父母呢？#正能量 #穿搭 #女装新品日 #套装 #针织衫@DOU+小助手", "aweme_url": "https://www.iesdouyin.com/share/video/6853031499285925132/?region=CN&mid=6853031539161500429&u_code=ki8abl773d4&titleType=title", "download_url": "https://www.chanmama.com/awemeDetail/6853031499285925132", "digg_count": 6412, "digg_incr": 5963, "aweme_create_time": 1595595741, "category": 1, "volume": 0, "amount": 0}, "author": {"author_id": "70644151972", "nickname": "蓝绮儿耀点服饰", "follower_count": 523894}}, {"aweme": {"aweme_id": "6852970572402461952", "aweme_title": "这个舞又撩又飒还不难～快快快安排！！！#小野猫 #舞蹈", "aweme_url": "https://www.iesdouyin.com/share/video/6852970572402461952/?region=CN&mid=6847005871738850055&u_code=0&titleType=title", "download_url": "https://www.chanmama.com/awemeDetail/6852970572402461952", "digg_count": 9884, "digg_incr": 5941, "aweme_create_time": 1595581552, "category": 1, "volume": 0, "amount": 0}, "author": {"author_id": "84685684539", "nickname": "心了个月", "follower_count": 548294}}, {"aweme": {"aweme_id": "6853000288236768523", "aweme_title": "你们眼光简直太好了，问爆的就是这件背心，怎么搭都好看#穿搭 #搭配 #你好火星 #带娃内心戏", "aweme_url": "https://www.iesdouyin.com/share/video/6853000288236768523/?region=CN&mid=6853000333925337870&u_code=0&titleType=title", "download_url": "https://www.chanmama.com/awemeDetail/6853000288236768523", "digg_count": 9321, "digg_incr": 5893, "aweme_create_time": 1595588475, "category": 1, "volume": 369, "amount": 18081}, "author": {"author_id": "94603861752", "nickname": "松本丧丧", "follower_count": 789056}}, {"aweme": {"aweme_id": "6853004039165152512", "aweme_title": "“低质量的社交，不如高质量的独处，喜我者我惜之，嫌我者我弃之，圈子虽小，干净就好”#穿搭", "aweme_url": "https://www.iesdouyin.com/share/video/6853004039165152512/?region=CN&mid=6853004070001593095&u_code=0&titleType=title", "download_url": "https://www.chanmama.com/awemeDetail/6853004039165152512", "digg_count": 6088, "digg_incr": 5763, "aweme_create_time": 1595589344, "category": 1, "volume": 0, "amount": 0}, "author": {"author_id": "58060986351", "nickname": "叫我韩璐（今晚7.30直播）", "follower_count": 608678}}, {"aweme": {"aweme_id": "6852954180760407296", "aweme_title": "格子长袖衬衫上衣，休闲又百搭，妈妈喜欢穿#时尚穿搭 #衬衫 #格子 #精品女装", "aweme_url": "https://www.iesdouyin.com/share/video/6852954180760407296/?region=CN&mid=6852954184808254221&u_code=0&titleType=title", "download_url": "https://www.chanmama.com/awemeDetail/6852954180760407296", "digg_count": 6925, "digg_incr": 5663, "aweme_create_time": 1595577736, "category": 1, "volume": 0, "amount": 0}, "author": {"author_id": "96053816413", "nickname": "艺诗缘时尚穿搭", "follower_count": 166401}}, {"aweme": {"aweme_id": "6852845712451915015", "aweme_title": "点击头像进入直播间", "aweme_url": "https://www.iesdouyin.com/share/video/6852845712451915015/?region=CN&mid=6852845699890023181&u_code=bk5kkf3l2d0&titleType=title", "download_url": "https://www.chanmama.com/awemeDetail/6852845712451915015", "digg_count": 5769, "digg_incr": 5557, "aweme_create_time": 1595552484, "category": 1, "volume": 6, "amount": 708}, "author": {"author_id": "68092006275", "nickname": "小鱼家服饰2店", "follower_count": 184071}}, {"aweme": {"aweme_id": "6852960585680702734", "aweme_title": "今日的“人间妲己”穿搭你爱了吗 #ootd  #穿搭  @DOU+小助手", "aweme_url": "https://www.iesdouyin.com/share/video/6852960585680702734/?region=CN&mid=6852960683349674765&u_code=0&titleType=title", "download_url": "https://www.chanmama.com/awemeDetail/6852960585680702734", "digg_count": 5581, "digg_incr": 5408, "aweme_create_time": 1595579247, "category": 1, "volume": 0, "amount": 0}, "author": {"author_id": "3104650741158372", "nickname": "是南夕姐姐呀", "follower_count": 30903}}, {"aweme": {"aweme_id": "6852986086902271239", "aweme_title": "上次古着店打卡的牛仔外套终于来了！是不是你想要的？#牛仔外套 #古着店 #穿搭", "aweme_url": "https://www.iesdouyin.com/share/video/6852986086902271239/?region=CN&mid=6730094581876132621&u_code=0&titleType=title", "download_url": "https://www.chanmama.com/awemeDetail/6852986086902271239", "digg_count": 8367, "digg_incr": 5367, "aweme_create_time": 1595585165, "category": 1, "volume": 0, "amount": 0}, "author": {"author_id": "73623766446", "nickname": "想文你.☁️", "follower_count": 160925}}, {"aweme": {"aweme_id": "6852735583396187405", "aweme_title": "要永远珍惜那个温柔待你的女孩子啊", "aweme_url": "https://www.iesdouyin.com/share/video/6852735583396187405/?region=CN&mid=6817663250021238797&u_code=0&titleType=title", "download_url": "https://www.chanmama.com/awemeDetail/6852735583396187405", "digg_count": 8109, "digg_incr": 5254, "aweme_create_time": 1595526865, "category": 1, "volume": 9, "amount": 846}, "author": {"author_id": "60992347818", "nickname": "青猫小明", "follower_count": 591644}}, {"aweme": {"aweme_id": "6852992040398032135", "aweme_title": "戴了小粉丝亲手做的发夹  我也太幸福了    哈哈哈  #女生 #jk制服 #日常", "aweme_url": "https://www.iesdouyin.com/share/video/6852992040398032135/?region=CN&mid=6817663250021238797&u_code=0&titleType=title", "download_url": "https://www.chanmama.com/awemeDetail/6852992040398032135", "digg_count": 8071, "digg_incr": 5240, "aweme_create_time": 1595586551, "category": 1, "volume": 0, "amount": 0}, "author": {"author_id": "50448563294", "nickname": "馍馍~", "follower_count": 377441}}, {"aweme": {"aweme_id": "6853014586254314760", "aweme_title": "我妈说不让我跟不三不四的人玩 所以我现在的朋友都很二#服装搭配 #女装 #创业 @企业号小助手", "aweme_url": "https://www.iesdouyin.com/share/video/6853014586254314760/?region=CN&mid=6778770093485590529&u_code=0&titleType=title", "download_url": "https://www.chanmama.com/awemeDetail/6853014586254314760", "digg_count": 5738, "digg_incr": 5070, "aweme_create_time": 1595591800, "category": 1, "volume": 0, "amount": 0}, "author": {"author_id": "59188233640", "nickname": "广州哥与婷子女装", "follower_count": 104431}}, {"aweme": {"aweme_id": "6852913392617934093", "aweme_title": "卖衣服这么久以来，好久没漏过我的小腰了，爽！还是性感的娇姐看得习惯吧！😄😄", "aweme_url": "https://www.iesdouyin.com/share/video/6852913392617934093/?region=CN&mid=6822188102959303431&u_code=0&titleType=title", "download_url": "https://www.chanmama.com/awemeDetail/6852913392617934093", "digg_count": 5954, "digg_incr": 4855, "aweme_create_time": 1595568239, "category": 1, "volume": 0, "amount": 0}, "author": {"author_id": "105131279813", "nickname": "请叫我娇小姐", "follower_count": 918762}}, {"aweme": {"aweme_id": "6852878611045764355", "aweme_title": "不要熬夜 别借钱 不要用花呗 更不要和亲朋诉苦 别当海王伤人 早晚遭报应 没钱别随便请人吃饭 别问我怎么知道的", "aweme_url": "https://www.iesdouyin.com/share/video/6852878611045764355/?region=CN&mid=6848092003948251917&u_code=bk5kkf3l2d0&titleType=title", "download_url": "https://www.chanmama.com/awemeDetail/6852878611045764355", "digg_count": 6748, "digg_incr": 4828, "aweme_create_time": 1595560147, "category": 1, "volume": 0, "amount": 0}, "author": {"author_id": "100169451677", "nickname": "RPIN瑞品", "follower_count": 147232}}, {"aweme": {"aweme_id": "6853009540582083840", "aweme_title": "以前总怕别人不喜欢自己，拼命迎合，被误会了恨不得马上解释化解，现在越长大心越大，不喜欢拉倒，大路朝天各走一边。", "aweme_url": "https://www.iesdouyin.com/share/video/6853009540582083840/?region=CN&mid=6841875635536694029&u_code=0&titleType=title", "download_url": "https://www.chanmama.com/awemeDetail/6853009540582083840", "digg_count": 5144, "digg_incr": 4811, "aweme_create_time": 1595590625, "category": 1, "volume": 0, "amount": 0}, "author": {"author_id": "1714888206989391", "nickname": "平湖麦衣乐羽绒服", "follower_count": 55516}}, {"aweme": {"aweme_id": "6853009117129280781", "aweme_title": "配饰真的真的真的很重要！#穿搭 #小个子穿搭 #配饰", "aweme_url": "https://www.iesdouyin.com/share/video/6853009117129280781/?region=CN&mid=6853009131151166221&u_code=0&titleType=title", "download_url": "https://www.chanmama.com/awemeDetail/6853009117129280781", "digg_count": 5462, "digg_incr": 4738, "aweme_create_time": 1595590527, "category": 1, "volume": 22, "amount": 882}, "author": {"author_id": "83045339238", "nickname": "阿lin拯救花（晚八点直播）", "follower_count": 312392}}, {"aweme": {"aweme_id": "6852884485248126222", "aweme_title": "#微胖女孩 乖乖知道你想我了 所以等会八点半我会在直播间等你哦", "aweme_url": "https://www.iesdouyin.com/share/video/6852884485248126222/?region=CN&mid=6847358140393589512&u_code=0&titleType=title", "download_url": "https://www.chanmama.com/awemeDetail/6852884485248126222", "digg_count": 11146, "digg_incr": 4702, "aweme_create_time": 1595561509, "category": 1, "volume": 0, "amount": 0}, "author": {"author_id": "104528095662", "nickname": "喵胖就是张桶桶（24号直播）", "follower_count": 353661}}, {"aweme": {"aweme_id": "6852973445030923527", "aweme_title": "今天没去工地，晚上也没应酬，在家喝着朋友送的一斤20W的好茶，突然想做一杯独家的蜂蜜奶茶☕️不知能值多少钱？", "aweme_url": "https://www.iesdouyin.com/share/video/6852973445030923527/?region=CN&mid=6835510195687590664&u_code=0&titleType=title", "download_url": "https://www.chanmama.com/awemeDetail/6852973445030923527", "digg_count": 9891, "digg_incr": 4671, "aweme_create_time": 1595582222, "category": 1, "volume": 0, "amount": 0}, "author": {"author_id": "104710805441", "nickname": "晶丽达", "follower_count": 304189}}, {"aweme": {"aweme_id": "6853012453404577032", "aweme_title": "眼角看着脏脏的怎么办？你来看我这个小办法", "aweme_url": "https://www.iesdouyin.com/share/video/6853012453404577032/?region=CN&mid=6853012481688275719&u_code=0&titleType=title", "download_url": "https://www.chanmama.com/awemeDetail/6853012453404577032", "digg_count": 7162, "digg_incr": 4603, "aweme_create_time": 1595591304, "category": 1, "volume": 1, "amount": 69.9}, "author": {"author_id": "71952167289", "nickname": "三十斤", "follower_count": 380200}}, {"aweme": {"aweme_id": "6852281121082789131", "aweme_title": "#支持原创 不要搞这些小把戏，杰总，我看你是想去#爬山 了。#百亿剧好看计划", "aweme_url": "https://www.iesdouyin.com/share/video/6852281121082789131/?region=CN&mid=6852281328394636045&u_code=0&titleType=title", "download_url": "https://www.chanmama.com/awemeDetail/6852281121082789131", "digg_count": 8417, "digg_incr": 4520, "aweme_create_time": 1595577960, "category": 1, "volume": 0, "amount": 0}, "author": {"author_id": "4230535466201870", "nickname": "你好娜娜", "follower_count": 174855}}, {"aweme": {"aweme_id": "6852788792244391183", "aweme_title": "最舒服的关系就是，聊天懂你，心灵装你，我懂你的眼神，你懂我的欲言又止，相视而笑，莫逆于心#外套", "aweme_url": "https://www.iesdouyin.com/share/video/6852788792244391183/?region=CN&mid=6852230361817418504&u_code=1e86e5ldah98&titleType=title", "download_url": "https://www.chanmama.com/awemeDetail/6852788792244391183", "digg_count": 4493, "digg_incr": 4495, "aweme_create_time": 1595539251, "category": 1, "volume": 0, "amount": 0}, "author": {"author_id": "63835325226", "nickname": "福品汇女装穿搭", "follower_count": 99655}}, {"aweme": {"aweme_id": "6852981420311219470", "aweme_title": "完整的jio只出现0.1秒#充能计划 #jk", "aweme_url": "https://www.iesdouyin.com/share/video/6852981420311219470/?region=CN&mid=6829253526758181645&u_code=0&titleType=title", "download_url": "https://www.chanmama.com/awemeDetail/6852981420311219470", "digg_count": 5631, "digg_incr": 4488, "aweme_create_time": 1595584079, "category": 1, "volume": 0, "amount": 0}, "author": {"author_id": "1728054618227319", "nickname": "沙耶", "follower_count": 206843}}, {"aweme": {"aweme_id": "6852894380580195599", "aweme_title": "长得胖也想穿牛仔紧身裤？选对版型很重要！让这条显瘦时尚破洞牛仔裤帮你解决烦恼吧#135斤微胖穿搭 #显瘦穿搭", "aweme_url": "https://www.iesdouyin.com/share/video/6852894380580195599/?region=CN&mid=6852894378864790280&u_code=0&titleType=title", "download_url": "https://www.chanmama.com/awemeDetail/6852894380580195599", "digg_count": 6794, "digg_incr": 4467, "aweme_create_time": 1595563812, "category": 1, "volume": 0, "amount": 0}, "author": {"author_id": "66408364402", "nickname": "130斤的西西", "follower_count": 190200}}, {"aweme": {"aweme_id": "6853012753964141836", "aweme_title": "#奇妙好物在这里 #抖音小助手 #穿搭 #爱穿搭 #我是服装人 #做服装的小姐姐 #直播 直播中.....", "aweme_url": "https://www.iesdouyin.com/share/video/6853012753964141836/?region=CN&mid=6827804365580651277&u_code=0&titleType=title", "download_url": "https://www.chanmama.com/awemeDetail/6853012753964141836", "digg_count": 5087, "digg_incr": 4375, "aweme_create_time": 1595591377, "category": 1, "volume": 0, "amount": 0}, "author": {"author_id": "65978063277", "nickname": "组美服饰（每天7:00直播）", "follower_count": 805744}}, {"aweme": {"aweme_id": "6852996352444484875", "aweme_title": "越来越觉得套装香了#微胖穿搭 #套装 @抖音小助手", "aweme_url": "https://www.iesdouyin.com/share/video/6852996352444484875/?region=CN&mid=6667482188449057539&u_code=0&titleType=title", "download_url": "https://www.chanmama.com/awemeDetail/6852996352444484875", "digg_count": 5127, "digg_incr": 4373, "aweme_create_time": 1595587559, "category": 1, "volume": 0, "amount": 0}, "author": {"author_id": "259116840007043", "nickname": "悦哥不会笑😯（今儿不播）", "follower_count": 313340}}, {"aweme": {"aweme_id": "6852893238852881664", "aweme_title": "仰止少年第二次和大家见面了！是你们心中的美少年吗？！#国王与夜莺jk #充能计划 #jk #jk制服", "aweme_url": "https://www.iesdouyin.com/share/video/6852893238852881664/?region=CN&mid=6852893252327033613&u_code=39cg4f8ee4gl&titleType=title", "download_url": "https://www.chanmama.com/awemeDetail/6852893238852881664", "digg_count": 4807, "digg_incr": 4277, "aweme_create_time": 1595563546, "category": 1, "volume": 0, "amount": 0}, "author": {"author_id": "4160165301192670", "nickname": "国王与夜莺JK制服", "follower_count": 257887}}, {"aweme": {"aweme_id": "6852860019017338127", "aweme_title": "我们总是把最坏的脾气留给最亲的人！#抖音霸霸不要限流 #dot热门", "aweme_url": "https://www.iesdouyin.com/share/video/6852860019017338127/?region=CN&mid=6852860008846215943&u_code=3g7mc2761c4f&titleType=title", "download_url": "https://www.chanmama.com/awemeDetail/6852860019017338127", "digg_count": 4706, "digg_incr": 4259, "aweme_create_time": 1595555812, "category": 1, "volume": 0, "amount": 0}, "author": {"author_id": "4283291852871116", "nickname": "六安市裕安区新时代服饰经营部", "follower_count": 235206}}, {"aweme": {"aweme_id": "6852869528259529998", "aweme_title": "奶七网购历险记之👻姐姐#162cm #120斤 #好物推荐", "aweme_url": "https://www.iesdouyin.com/share/video/6852869528259529998/?region=CN&mid=6852869549694061320&u_code=0&titleType=title", "download_url": "https://www.chanmama.com/awemeDetail/6852869528259529998", "digg_count": 6040, "digg_incr": 4057, "aweme_create_time": 1595558027, "category": 1, "volume": 17, "amount": 430}, "author": {"author_id": "2453755788796988", "nickname": "也是奶七", "follower_count": 169421}}, {"aweme": {"aweme_id": "6853013242244041988", "aweme_title": "一个音乐，一个动作，拽到底！哈哈！不喜勿喷！视频中三个模特，你们看上了哪个？？评论区告诉我哈！#抖音小助手", "aweme_url": "https://www.iesdouyin.com/share/video/6853013242244041988/?region=CN&mid=6805044716934400775&u_code=0&titleType=title", "download_url": "https://www.chanmama.com/awemeDetail/6853013242244041988", "digg_count": 5959, "digg_incr": 4030, "aweme_create_time": 1595591491, "category": 1, "volume": 0, "amount": 0}, "author": {"author_id": "93931791588", "nickname": "安迪商贸中心", "follower_count": 579521}}, {"aweme": {"aweme_id": "6852823864741874958", "aweme_title": "今天给你们带来好穿的吊带裙，弹力特大，外套的好搭档@DOU+小助手 #你好火星 @抖音小助手", "aweme_url": "https://www.iesdouyin.com/share/video/6852823864741874958/?region=CN&mid=6818834224063400718&u_code=cgi4d6aimf0&titleType=title", "download_url": "https://www.chanmama.com/awemeDetail/6852823864741874958", "digg_count": 5145, "digg_incr": 3913, "aweme_create_time": 1595547399, "category": 1, "volume": 0, "amount": 0}, "author": {"author_id": "103559814867", "nickname": "额头上的豆豆", "follower_count": 118191}}, {"aweme": {"aweme_id": "6853023212402445568", "aweme_title": "#旱冰舞 #健身操 #完整版 上个视频要的加编版本来了@DOU+小助手", "aweme_url": "https://www.iesdouyin.com/share/video/6853023212402445568/?region=CN&mid=6853023275401267982&u_code=0&titleType=title", "download_url": "https://www.chanmama.com/awemeDetail/6853023212402445568", "digg_count": 4774, "digg_incr": 3796, "aweme_create_time": 1595593807, "category": 1, "volume": 0, "amount": 0}, "author": {"author_id": "58255032690", "nickname": "东莞新伦服装搭配", "follower_count": 700655}}, {"aweme": {"aweme_id": "6852913385462385920", "aweme_title": "气场两米九#穿搭#超a", "aweme_url": "https://www.iesdouyin.com/share/video/6852913385462385920/?region=CN&mid=6852913650198514446&u_code=0&titleType=title", "download_url": "https://www.chanmama.com/awemeDetail/6852913385462385920", "digg_count": 4157, "digg_incr": 3784, "aweme_create_time": 1595568237, "category": 1, "volume": 0, "amount": 0}, "author": {"author_id": "52225700117", "nickname": "EZ14的种草机", "follower_count": 381239}}, {"aweme": {"aweme_id": "6852942874493897987", "aweme_title": "@电商小助手@DOU+小助手 @我要上热门！", "aweme_url": "https://www.iesdouyin.com/share/video/6852942874493897987/?region=CN&mid=6824132557370936078&u_code=ki8abl773d4&titleType=title", "download_url": "https://www.chanmama.com/awemeDetail/6852942874493897987", "digg_count": 3771, "digg_incr": 3743, "aweme_create_time": 1595575109, "category": 1, "volume": 42, "amount": 8358}, "author": {"author_id": "102351234131", "nickname": "木木家服装", "follower_count": 163862}}, {"aweme": {"aweme_id": "6852972984164945160", "aweme_title": "我在很努力的读书，就是为了证明给你看，谁说女子不如男#拒绝重男轻女", "aweme_url": "https://www.iesdouyin.com/share/video/6852972984164945160/?region=CN&mid=6852973108622674696&u_code=2cdejl358hkh&titleType=title", "download_url": "https://www.chanmama.com/awemeDetail/6852972984164945160", "digg_count": 3722, "digg_incr": 3722, "aweme_create_time": 1595582133, "category": 1, "volume": 17, "amount": 3196}, "author": {"author_id": "110274853097", "nickname": "曹婷婷", "follower_count": 939063}}, {"aweme": {"aweme_id": "6852815206721080591", "aweme_title": "时间一天比一天少，我们也会一天比一天老，余生不长，愿在变老的路上，让开心变成一种习惯 #穿搭 @抖音小助手", "aweme_url": "https://www.iesdouyin.com/share/video/6852815206721080591/?region=CN&mid=6852815161462016782&u_code=0&titleType=title", "download_url": "https://www.chanmama.com/awemeDetail/6852815206721080591", "digg_count": 3680, "digg_incr": 3684, "aweme_create_time": 1595545383, "category": 1, "volume": 5, "amount": 695}, "author": {"author_id": "88261636244", "nickname": "常熟市伊尚阁服装商行", "follower_count": 101982}}, {"aweme": {"aweme_id": "6852727426988985611", "aweme_title": "#我为小鹏p7打call  @小鹏汽车拼了色好好#女装 #你好火星 @我要上热门 @DOU+小助手", "aweme_url": "https://www.iesdouyin.com/share/video/6852727426988985611/?region=CN&mid=6852727466916252423&u_code=3g7mc2761c4f&titleType=title", "download_url": "https://www.chanmama.com/awemeDetail/6852727426988985611", "digg_count": 3664, "digg_incr": 3661, "aweme_create_time": 1595524979, "category": 1, "volume": 0, "amount": 0}, "author": {"author_id": "97223506995", "nickname": "常熟密码服饰有限公司", "follower_count": 390404}}, {"aweme": {"aweme_id": "6852888707360410895", "aweme_title": "女孩子打扮漂亮是为了和志同道合的人玩，而不是受那些没有教养的人指指点点，换句话说就是你又不和我有交集#穿搭", "aweme_url": "https://www.iesdouyin.com/share/video/6852888707360410895/?region=CN&mid=6852888709918903048&u_code=0&titleType=title", "download_url": "https://www.chanmama.com/awemeDetail/6852888707360410895", "digg_count": 3950, "digg_incr": 3528, "aweme_create_time": 1595562492, "category": 1, "volume": 0, "amount": 0}, "author": {"author_id": "60579555802", "nickname": "lovemimius游鹿鹿", "follower_count": 956086}}, {"aweme": {"aweme_id": "6852711447290531072", "aweme_title": "时尚气质妈妈装#@我要上热门！ @电商小助手", "aweme_url": "https://www.iesdouyin.com/share/video/6852711447290531072/?region=CN&mid=6824065286728682253&u_code=bk5kkf3l2d0&titleType=title", "download_url": "https://www.chanmama.com/awemeDetail/6852711447290531072", "digg_count": 3590, "digg_incr": 3521, "aweme_create_time": 1595521224, "category": 1, "volume": 5, "amount": 1790}, "author": {"author_id": "2044730135556424", "nickname": "依妃欧韩服饰", "follower_count": 399162}}, {"aweme": {"aweme_id": "6853023700447513856", "aweme_title": "生活如美酒也似咖啡，苦中有蜜，涩里有香。若爱，请深爱；如弃，请彻底。🌹#美酒加咖啡", "aweme_url": "https://www.iesdouyin.com/share/video/6853023700447513856/?region=CN&mid=6838029392216722190&u_code=0&titleType=title", "download_url": "https://www.chanmama.com/awemeDetail/6853023700447513856", "digg_count": 3970, "digg_incr": 3496, "aweme_create_time": 1595593921, "category": 1, "volume": 0, "amount": 0}, "author": {"author_id": "105915748407", "nickname": "王茜🌹（63年玉兔）", "follower_count": 447993}}, {"aweme": {"aweme_id": "6852965977198431503", "aweme_title": "有没有和我一样不喜欢露腿的☹️入夏以来持续胖让我拒绝露腿#穿搭", "aweme_url": "https://www.iesdouyin.com/share/video/6852965977198431503/?region=CN&mid=6851502118021483272&u_code=0&titleType=title", "download_url": "https://www.chanmama.com/awemeDetail/6852965977198431503", "digg_count": 4386, "digg_incr": 3489, "aweme_create_time": 1595580488, "category": 1, "volume": 0, "amount": 0}, "author": {"author_id": "4182180008559726", "nickname": "是小胡呢晚八点半直播", "follower_count": 694835}}, {"aweme": {"aweme_id": "6852801494035500295", "aweme_title": "新款4色6码，#每天美衣搭配分享 #感谢抖音平台给的每一次热门 ＠Dou+小助手@直播高光", "aweme_url": "https://www.iesdouyin.com/share/video/6852801494035500295/?region=CN&mid=6849510109538798344&u_code=0&titleType=title", "download_url": "https://www.chanmama.com/awemeDetail/6852801494035500295", "digg_count": 3936, "digg_incr": 3477, "aweme_create_time": 1595542200, "category": 1, "volume": 10, "amount": 450}, "author": {"author_id": "786860015363939", "nickname": "常熟小梅女装工厂店", "follower_count": 38455}}, {"aweme": {"aweme_id": "6852885766993988876", "aweme_title": "这么华丽的汉服你们看见过吗？", "aweme_url": "https://www.iesdouyin.com/share/video/6852885766993988876/?region=CN&mid=6852885791615093517&u_code=0&titleType=title", "download_url": "https://www.chanmama.com/awemeDetail/6852885766993988876", "digg_count": 5166, "digg_incr": 3476, "aweme_create_time": 1595561812, "category": 1, "volume": 0, "amount": 0}, "author": {"author_id": "848470388521847", "nickname": "辛九儿的汉服社", "follower_count": 347828}}, {"aweme": {"aweme_id": "6852988179067194636", "aweme_title": "女生也不要穿的太娘了，七月流行的甜酷穿搭了解一下！ #夏季新款", "aweme_url": "https://www.iesdouyin.com/share/video/6852988179067194636/?region=CN&mid=6852988356642196238&u_code=0&titleType=title", "download_url": "https://www.chanmama.com/awemeDetail/6852988179067194636", "digg_count": 16578, "digg_incr": 3424, "aweme_create_time": 1595585691, "category": 1, "volume": 0, "amount": 0}, "author": {"author_id": "3179428237552424", "nickname": "达人搭配", "follower_count": 872344}}, {"aweme": {"aweme_id": "6852987099021364495", "aweme_title": "放学等你", "aweme_url": "https://www.iesdouyin.com/share/video/6852987099021364495/?region=CN&mid=6834349018307496712&u_code=0&titleType=title", "download_url": "https://www.chanmama.com/awemeDetail/6852987099021364495", "digg_count": 3548, "digg_incr": 3416, "aweme_create_time": 1595585400, "category": 1, "volume": 0, "amount": 0}, "author": {"author_id": "93124970264", "nickname": "梅子熟了", "follower_count": 569282}}, {"aweme": {"aweme_id": "6852889061976182031", "aweme_title": "一起买菜吗？@严谨 #初秋穿搭", "aweme_url": "https://www.iesdouyin.com/share/video/6852889061976182031/?region=CN&mid=6631421977586305796&u_code=0&titleType=title", "download_url": "https://www.chanmama.com/awemeDetail/6852889061976182031", "digg_count": 4246, "digg_incr": 3386, "aweme_create_time": 1595562574, "category": 1, "volume": 0, "amount": 0}, "author": {"author_id": "62818384979", "nickname": "严谨的小宝贝", "follower_count": 151080}}, {"aweme": {"aweme_id": "6853019757411699968", "aweme_title": "#微胖女生  谈恋爱吗 我衣服超多😋#显瘦穿搭 @DOU+小助手", "aweme_url": "https://www.iesdouyin.com/share/video/6853019757411699968/?region=CN&mid=6743772128031557633&u_code=0&titleType=title", "download_url": "https://www.chanmama.com/awemeDetail/6853019757411699968", "digg_count": 4336, "digg_incr": 3317, "aweme_create_time": 1595593003, "category": 1, "volume": 0, "amount": 0}, "author": {"author_id": "94254743712", "nickname": "减不了肥的大g", "follower_count": 268463}}, {"aweme": {"aweme_id": "6852991005755559183", "aweme_title": "好清爽一套紫罗兰色 搭 白色裤子 、好看又划算#气质套装 #抖音小助手 #服装批发", "aweme_url": "https://www.iesdouyin.com/share/video/6852991005755559183/?region=CN&mid=6828108065494009870&u_code=0&titleType=title", "download_url": "https://www.chanmama.com/awemeDetail/6852991005755559183", "digg_count": 4211, "digg_incr": 3311, "aweme_create_time": 1595586310, "category": 1, "volume": 1, "amount": 45}, "author": {"author_id": "62349721141", "nickname": "上海妮珍美批发服装", "follower_count": 160379}}, {"aweme": {"aweme_id": "6852859823600487695", "aweme_title": "正在直播，快点来我直播间~看我上身效果。#直播高光 #穿搭@DOU+小助手", "aweme_url": "https://www.iesdouyin.com/share/video/6852859823600487695/?region=CN&mid=6852859811088894733&u_code=0&titleType=title", "download_url": "https://www.chanmama.com/awemeDetail/6852859823600487695", "digg_count": 3501, "digg_incr": 3300, "aweme_create_time": 1595555767, "category": 1, "volume": 20, "amount": 3980}, "author": {"author_id": "105168461803", "nickname": "晓董服饰", "follower_count": 781197}}, {"aweme": {"aweme_id": "6852905104232762639", "aweme_title": "一个人真正独立起来是件很可怕的事，因为无所期待，所以无所畏惧。#换装#放学别走 #西装控", "aweme_url": "https://www.iesdouyin.com/share/video/6852905104232762639/?region=CN&mid=6829158412664720141&u_code=0&titleType=title", "download_url": "https://www.chanmama.com/awemeDetail/6852905104232762639", "digg_count": 3353, "digg_incr": 3295, "aweme_create_time": 1595566309, "category": 1, "volume": 0, "amount": 0}, "author": {"author_id": "58060986351", "nickname": "叫我韩璐（今晚7.30直播）", "follower_count": 608678}}, {"aweme": {"aweme_id": "6852973256345931011", "aweme_title": "#今天穿什么 新款#披肩➕#旗袍#妈妈装 正在直播中点头像进入哦", "aweme_url": "https://www.iesdouyin.com/share/video/6852973256345931011/?region=CN&mid=6852973298125458190&u_code=0&titleType=title", "download_url": "https://www.chanmama.com/awemeDetail/6852973256345931011", "digg_count": 3250, "digg_incr": 3166, "aweme_create_time": 1595582182, "category": 1, "volume": 0, "amount": 0}, "author": {"author_id": "1644463960106702", "nickname": "万紫风情女装店", "follower_count": 126092}}, {"aweme": {"aweme_id": "6852973602011254029", "aweme_title": "反季薄型外套，价格美丽！#穿搭 #外套 #我要上热门", "aweme_url": "https://www.iesdouyin.com/share/video/6852973602011254029/?region=CN&mid=6852973995038395150&u_code=0&titleType=title", "download_url": "https://www.chanmama.com/awemeDetail/6852973602011254029", "digg_count": 3198, "digg_incr": 3155, "aweme_create_time": 1595582346, "category": 1, "volume": 0, "amount": 0}, "author": {"author_id": "4371277912218541", "nickname": "胡滨服装商行", "follower_count": 58405}}, {"aweme": {"aweme_id": "6852955978959162631", "aweme_title": "#每日穿搭 我想请你喝可乐 希望你可爱又快乐", "aweme_url": "https://www.iesdouyin.com/share/video/6852955978959162631/?region=CN&mid=6852955996990524173&u_code=0&titleType=title", "download_url": "https://www.chanmama.com/awemeDetail/6852955978959162631", "digg_count": 3481, "digg_incr": 3154, "aweme_create_time": 1595578155, "category": 1, "volume": 2, "amount": 270}, "author": {"author_id": "58756435797", "nickname": "番妹", "follower_count": 154186}}, {"aweme": {"aweme_id": "6852865287235308815", "aweme_title": "穿上她，名媛气质扑面而来。#小香风外套 #星选好物 #浙里商家争霸赛 #田娇的穿搭", "aweme_url": "https://www.iesdouyin.com/share/video/6852865287235308815/?region=CN&mid=6852865283024063246&u_code=0&titleType=title", "download_url": "https://www.chanmama.com/awemeDetail/6852865287235308815", "digg_count": 3414, "digg_incr": 3154, "aweme_create_time": 1595557039, "category": 1, "volume": 0, "amount": 0}, "author": {"author_id": "55491437255", "nickname": "田娇老公哲先生（7月30号大上新）", "follower_count": 320259}}, {"aweme": {"aweme_id": "6853018831238204672", "aweme_title": "亲爱的友友们❤️❤️❤️俺这裙裙好看吗？😊😊😊旅游拍照必备款美美哒🌹🌹🌹", "aweme_url": "https://www.iesdouyin.com/share/video/6853018831238204672/?region=CN&mid=6710043088871508750&u_code=0&titleType=title", "download_url": "https://www.chanmama.com/awemeDetail/6853018831238204672", "digg_count": 3470, "digg_incr": 3038, "aweme_create_time": 1595592788, "category": 1, "volume": 0, "amount": 0}, "author": {"author_id": "62870828094", "nickname": "妍然的奶奶", "follower_count": 372594}}, {"aweme": {"aweme_id": "6852846913159548167", "aweme_title": "女生最好看的样子，不是18岁的稚嫩，不是30岁的成熟，而是任何年龄任何阶段，都充满自信的样子#情感 #连体裤", "aweme_url": "https://www.iesdouyin.com/share/video/6852846913159548167/?region=CN&mid=6852846893802867463&u_code=0&titleType=title", "download_url": "https://www.chanmama.com/awemeDetail/6852846913159548167", "digg_count": 3801, "digg_incr": 2989, "aweme_create_time": 1595552763, "category": 1, "volume": 0, "amount": 0}, "author": {"author_id": "3759980678490910", "nickname": "飞姐定制", "follower_count": 304095}}, {"aweme": {"aweme_id": "6852997285429693700", "aweme_title": "《凤凰传说》32步", "aweme_url": "https://www.iesdouyin.com/share/video/6852997285429693700/?region=CN&mid=6608683341556222727&u_code=0&titleType=title", "download_url": "https://www.chanmama.com/awemeDetail/6852997285429693700", "digg_count": 3321, "digg_incr": 2939, "aweme_create_time": 1595587776, "category": 1, "volume": 0, "amount": 0}, "author": {"author_id": "60654967467", "nickname": "广场曳步（慧慧）", "follower_count": 721777}}, {"aweme": {"aweme_id": "6852949891489074446", "aweme_title": "#717奇妙好物在这里 @电商小助手", "aweme_url": "https://www.iesdouyin.com/share/video/6852949891489074446/?region=CN&mid=6852949909310688014&u_code=3g7mc2761c4f&titleType=title", "download_url": "https://www.chanmama.com/awemeDetail/6852949891489074446", "digg_count": 3004, "digg_incr": 2932, "aweme_create_time": 1595576738, "category": 1, "volume": 0, "amount": 0}, "author": {"author_id": "2194226974832587", "nickname": "凯风百货", "follower_count": 912851}}, {"aweme": {"aweme_id": "6852972957665430797", "aweme_title": "气质大概是初看没有多惊艳 但偏偏想多看几眼的感觉吧@DOU+小助手", "aweme_url": "https://www.iesdouyin.com/share/video/6852972957665430797/?region=CN&mid=6852972982353496846&u_code=0&titleType=title", "download_url": "https://www.chanmama.com/awemeDetail/6852972957665430797", "digg_count": 3647, "digg_incr": 2894, "aweme_create_time": 1595582109, "category": 1, "volume": 2, "amount": 188}, "author": {"author_id": "73724779008", "nickname": "二啊姐姐", "follower_count": 412299}}, {"aweme": {"aweme_id": "6852870880402377997", "aweme_title": "请问女生买衣服都是干什么用的？@抖音小助手", "aweme_url": "https://www.iesdouyin.com/share/video/6852870880402377997/?region=CN&mid=6845978173256305415&u_code=0&titleType=title", "download_url": "https://www.chanmama.com/awemeDetail/6852870880402377997", "digg_count": 4017, "digg_incr": 2887, "aweme_create_time": 1595558342, "category": 1, "volume": 0, "amount": 0}, "author": {"author_id": "78376527362", "nickname": "成東日", "follower_count": 863022}}, {"aweme": {"aweme_id": "6852978730814442755", "aweme_title": "太喜欢了  牛仔背裤➕弹力棉T  洋气好看又显瘦  你们喜欢吗？", "aweme_url": "https://www.iesdouyin.com/share/video/6852978730814442755/?region=CN&mid=6836715063248685069&u_code=3g7mc2761c4f&titleType=title", "download_url": "https://www.chanmama.com/awemeDetail/6852978730814442755", "digg_count": 4286, "digg_incr": 2845, "aweme_create_time": 1595583457, "category": 1, "volume": 0, "amount": 0}, "author": {"author_id": "64044008197", "nickname": "常熟市鸥之纯女装", "follower_count": 310970}}, {"aweme": {"aweme_id": "6853012314166283534", "aweme_title": "最近回家了 发个库存❤️#金大铭编舞", "aweme_url": "https://www.iesdouyin.com/share/video/6853012314166283534/?region=CN&mid=6853012336786393864&u_code=0&titleType=title", "download_url": "https://www.chanmama.com/awemeDetail/6853012314166283534", "digg_count": 3815, "digg_incr": 2834, "aweme_create_time": 1595591271, "category": 1, "volume": 3, "amount": 504}, "author": {"author_id": "58446679737", "nickname": "HelloDance 金大铭呀💕", "follower_count": 269489}}, {"aweme": {"aweme_id": "6852879790060473600", "aweme_title": "可能是风的原因  我在过马路 顺便在想你", "aweme_url": "https://www.iesdouyin.com/share/video/6852879790060473600/?region=CN&mid=6852879800143448846&u_code=0&titleType=title", "download_url": "https://www.chanmama.com/awemeDetail/6852879790060473600", "digg_count": 3135, "digg_incr": 2776, "aweme_create_time": 1595560415, "category": 1, "volume": 0, "amount": 0}, "author": {"author_id": "62804243269", "nickname": "ke7en", "follower_count": 306568}}, {"aweme": {"aweme_id": "6852889397084425486", "aweme_title": "对任何热爱的事物都要全力以赴，包括喜欢自己。#时尚穿搭", "aweme_url": "https://www.iesdouyin.com/share/video/6852889397084425486/?region=CN&mid=6852889410741095175&u_code=0&titleType=title", "download_url": "https://www.chanmama.com/awemeDetail/6852889397084425486", "digg_count": 4969, "digg_incr": 2757, "aweme_create_time": 1595562653, "category": 1, "volume": 0, "amount": 0}, "author": {"author_id": "729697805938766", "nickname": "XIYAOOO", "follower_count": 344275}}, {"aweme": {"aweme_id": "6853022589502115083", "aweme_title": "@广州露美希👑今晚直播新款发了一个抖音短视频，你尽管点开，不好看算我输！", "aweme_url": "https://www.iesdouyin.com/share/video/6853022589502115083/?region=CN&mid=6853022619349486350&u_code=0&titleType=", "download_url": "https://www.chanmama.com/awemeDetail/6853022589502115083", "digg_count": 4405, "digg_incr": 2728, "aweme_create_time": 1595593666, "category": 1, "volume": 159, "amount": 6344.099999999999}, "author": {"author_id": "3003490548333980", "nickname": "广州露美希👑今晚直播新款", "follower_count": 388205}}, {"aweme": {"aweme_id": "6852893964756929799", "aweme_title": "可以往回看，不可往回走。 #女生穿搭  @DOU+小助手", "aweme_url": "https://www.iesdouyin.com/share/video/6852893964756929799/?region=CN&mid=6852894072122772232&u_code=0&titleType=title", "download_url": "https://www.chanmama.com/awemeDetail/6852893964756929799", "digg_count": 2782, "digg_incr": 2700, "aweme_create_time": 1595563740, "category": 1, "volume": 0, "amount": 0}, "author": {"author_id": "1173907669532131", "nickname": "小47的小口袋", "follower_count": 175954}}, {"aweme": {"aweme_id": "6852796687031815439", "aweme_title": "女神范的三件套真的爱了，微胖女生也能hold住#平价好物", "aweme_url": "https://www.iesdouyin.com/share/video/6852796687031815439/?region=CN&mid=6841027454149069582&u_code=2aaif0kg944k&titleType=title", "download_url": "https://www.chanmama.com/awemeDetail/6852796687031815439", "digg_count": 2691, "digg_incr": 2684, "aweme_create_time": 1595541081, "category": 1, "volume": 0, "amount": 0}, "author": {"author_id": "448213438432047", "nickname": "C.C的衣橱", "follower_count": 149059}}, {"aweme": {"aweme_id": "6852987823025310991", "aweme_title": "百搭格子长袖衬衫，穿起来休闲又洋气#时尚穿搭 #衬衫 #精品女装 #格子", "aweme_url": "https://www.iesdouyin.com/share/video/6852987823025310991/?region=CN&mid=6852987835570850567&u_code=0&titleType=title", "download_url": "https://www.chanmama.com/awemeDetail/6852987823025310991", "digg_count": 2658, "digg_incr": 2659, "aweme_create_time": 1595585568, "category": 1, "volume": 0, "amount": 0}, "author": {"author_id": "96053816413", "nickname": "艺诗缘时尚穿搭", "follower_count": 166401}}, {"aweme": {"aweme_id": "6852810867583536397", "aweme_title": "@沙家浜物語晴发了一个抖音短视频，你尽管点开，不好看算我输！", "aweme_url": "https://www.iesdouyin.com/share/video/6852810867583536397/?region=CN&mid=6763338318819248904&u_code=0&titleType=", "download_url": "https://www.chanmama.com/awemeDetail/6852810867583536397", "digg_count": 2891, "digg_incr": 2640, "aweme_create_time": 1595544376, "category": 1, "volume": 2, "amount": 58}, "author": {"author_id": "68841148283", "nickname": "沙家浜物語晴", "follower_count": 961601}}, {"aweme": {"aweme_id": "6852837430924545292", "aweme_title": "@电商小助手@DOU+小助手 @我要上热门！", "aweme_url": "https://www.iesdouyin.com/share/video/6852837430924545292/?region=CN&mid=6829924754318068494&u_code=3g7mc2761c4f&titleType=title", "download_url": "https://www.chanmama.com/awemeDetail/6852837430924545292", "digg_count": 2651, "digg_incr": 2640, "aweme_create_time": 1595550565, "category": 1, "volume": 30, "amount": 5970}, "author": {"author_id": "102351234131", "nickname": "木木家服装", "follower_count": 163862}}, {"aweme": {"aweme_id": "6853035415008447757", "aweme_title": "“你继续差的话 没人等你”", "aweme_url": "https://www.iesdouyin.com/share/video/6853035415008447757/?region=CN&mid=6846675132828683015&u_code=0&titleType=title", "download_url": "https://www.chanmama.com/awemeDetail/6853035415008447757", "digg_count": 3436, "digg_incr": 2632, "aweme_create_time": 1595596649, "category": 1, "volume": 0, "amount": 0}, "author": {"author_id": "105637887531", "nickname": "广州兜兜私人定制", "follower_count": 130066}}, {"aweme": {"aweme_id": "6852992633896275204", "aweme_title": "#早秋#jk制服  别乱买 有这几套就够了#早秋新款 #秋季新款", "aweme_url": "https://www.iesdouyin.com/share/video/6852992633896275204/?region=CN&mid=6852992668364983053&u_code=0&titleType=title", "download_url": "https://www.chanmama.com/awemeDetail/6852992633896275204", "digg_count": 9268, "digg_incr": 2604, "aweme_create_time": 1595586693, "category": 1, "volume": 0, "amount": 0}, "author": {"author_id": "66638978644", "nickname": "WITH MX BOOM", "follower_count": 602966}}, {"aweme": {"aweme_id": "6852969833798061325", "aweme_title": "#圆脸 #fyp 歌好听，我极度做作", "aweme_url": "https://www.iesdouyin.com/share/video/6852969833798061325/?region=CN&mid=6828818408960690177&u_code=0&titleType=title", "download_url": "https://www.chanmama.com/awemeDetail/6852969833798061325", "digg_count": 3294, "digg_incr": 2590, "aweme_create_time": 1595581381, "category": 1, "volume": 46, "amount": 1748}, "author": {"author_id": "58929408076", "nickname": "王_十圈", "follower_count": 575594}}, {"aweme": {"aweme_id": "6852715572354895111", "aweme_title": "新款磨毛格子衬衫，好看好穿不挑人 #格子控  #衬衫控  #717奇妙好物在这里", "aweme_url": "https://www.iesdouyin.com/share/video/6852715572354895111/?region=CN&mid=6852715922554227463&u_code=ki8abl773d4&titleType=title", "download_url": "https://www.chanmama.com/awemeDetail/6852715572354895111", "digg_count": 2864, "digg_incr": 2576, "aweme_create_time": 1595547000, "category": 1, "volume": 0, "amount": 0}, "author": {"author_id": "3368497525831998", "nickname": "常熟市珍珍屋服装商行", "follower_count": 161978}}, {"aweme": {"aweme_id": "6852894966415510787", "aweme_title": "40岁女人别懒打扮，早秋减龄小衫出新款了，这样穿气质又美嫩#减龄穿搭 #早秋搭配@DOU+小助手", "aweme_url": "https://www.iesdouyin.com/share/video/6852894966415510787/?region=CN&mid=6836760612471572488&u_code=0&titleType=title", "download_url": "https://www.chanmama.com/awemeDetail/6852894966415510787", "digg_count": 3686, "digg_incr": 2553, "aweme_create_time": 1595563955, "category": 1, "volume": 0, "amount": 0}, "author": {"author_id": "66786915587", "nickname": "大美丽服装1", "follower_count": 138299}}, {"aweme": {"aweme_id": "6853002105846893831", "aweme_title": "150的我今日份的新衣服来了#原相机 #原相机 #穿搭  随头像进直播中", "aweme_url": "https://www.iesdouyin.com/share/video/6853002105846893831/?region=CN&mid=6846673223489194766&u_code=0&titleType=title", "download_url": "https://www.chanmama.com/awemeDetail/6853002105846893831", "digg_count": 3287, "digg_incr": 2549, "aweme_create_time": 1595588895, "category": 1, "volume": 0, "amount": 0}, "author": {"author_id": "1398210521231917", "nickname": "婷子酱服装工厂批发", "follower_count": 60366}}, {"aweme": {"aweme_id": "6852901865349188871", "aweme_title": "在么 看看短头发的姐姐？", "aweme_url": "https://www.iesdouyin.com/share/video/6852901865349188871/?region=CN&mid=6829818199786129409&u_code=0&titleType=title", "download_url": "https://www.chanmama.com/awemeDetail/6852901865349188871", "digg_count": 4534, "digg_incr": 2548, "aweme_create_time": 1595565556, "category": 1, "volume": 4, "amount": 652}, "author": {"author_id": "60992347818", "nickname": "青猫小明", "follower_count": 591644}}, {"aweme": {"aweme_id": "6852984614915411203", "aweme_title": "舒服的穿搭 交心的朋友 逛街 约饭 撸宠物 每天其实也很快乐 且自由@抖音小助手", "aweme_url": "https://www.iesdouyin.com/share/video/6852984614915411203/?region=CN&mid=6837046825540061965&u_code=0&titleType=title", "download_url": "https://www.chanmama.com/awemeDetail/6852984614915411203", "digg_count": 3165, "digg_incr": 2516, "aweme_create_time": 1595584826, "category": 1, "volume": 0, "amount": 0}, "author": {"author_id": "1147516275401707", "nickname": "是你的小镇姗姗", "follower_count": 382834}}, {"aweme": {"aweme_id": "6853034586633424141", "aweme_title": "肩宽肚子大的女生救星来了 超遮肉显瘦的神仙套装！赶紧入手！#乘风破浪的姐姐 #裙装#穿搭 @DOU+小助手", "aweme_url": "https://www.iesdouyin.com/share/video/6853034586633424141/?region=CN&mid=6853034628715186957&u_code=0&titleType=title", "download_url": "https://www.chanmama.com/awemeDetail/6853034586633424141", "digg_count": 3708, "digg_incr": 2511, "aweme_create_time": 1595596456, "category": 1, "volume": 0, "amount": 0}, "author": {"author_id": "3931459883633133", "nickname": "【进直播间】一周穿搭时装", "follower_count": 134470}}, {"aweme": {"aweme_id": "6852892809649818895", "aweme_title": "新款真丝断面小衫套装，不起邹不缩水面料光滑柔软舒适，夏天到了给妈妈备一套哦#中老年穿搭 #气质穿搭#我要上热门", "aweme_url": "https://www.iesdouyin.com/share/video/6852892809649818895/?region=CN&mid=6852892868953557767&u_code=2aaif0kg944k&titleType=title", "download_url": "https://www.chanmama.com/awemeDetail/6852892809649818895", "digg_count": 2684, "digg_incr": 2471, "aweme_create_time": 1595563447, "category": 1, "volume": 0, "amount": 0}, "author": {"author_id": "101563512155", "nickname": "鑫晴优品服饰", "follower_count": 269695}}, {"aweme": {"aweme_id": "6852833366052556046", "aweme_title": "亚麻防晒小开衫，6个色，80可以穿到130#实体店 #直播间 @DOU+小助手 @抖音小助手", "aweme_url": "https://www.iesdouyin.com/share/video/6852833366052556046/?region=CN&mid=6836950662929255175&u_code=bk5kkf3l2d0&titleType=title", "download_url": "https://www.chanmama.com/awemeDetail/6852833366052556046", "digg_count": 2467, "digg_incr": 2469, "aweme_create_time": 1595549610, "category": 1, "volume": 0, "amount": 0}, "author": {"author_id": "103559814867", "nickname": "额头上的豆豆", "follower_count": 118191}}, {"aweme": {"aweme_id": "6852866133503118603", "aweme_title": "想当冰柜里的冷门饮料 薄荷味的 销量不一定好 但有人就是喜欢这味道", "aweme_url": "https://www.iesdouyin.com/share/video/6852866133503118603/?region=CN&mid=6852866167720217358&u_code=0&titleType=title", "download_url": "https://www.chanmama.com/awemeDetail/6852866133503118603", "digg_count": 3267, "digg_incr": 2466, "aweme_create_time": 1595557242, "category": 1, "volume": 0, "amount": 0}, "author": {"author_id": "92521429356", "nickname": "YUQI刘妤淇", "follower_count": 584870}}, {"aweme": {"aweme_id": "6852728591705312512", "aweme_title": "没什么比得上由内而外的自信，热爱自己比什么都强#卡点换装", "aweme_url": "https://www.iesdouyin.com/share/video/6852728591705312512/?region=CN&mid=6852728622965803789&u_code=0&titleType=title", "download_url": "https://www.chanmama.com/awemeDetail/6852728591705312512", "digg_count": 2490, "digg_incr": 2443, "aweme_create_time": 1595525225, "category": 1, "volume": 0, "amount": 0}, "author": {"author_id": "58060986351", "nickname": "叫我韩璐（今晚7.30直播）", "follower_count": 608678}}, {"aweme": {"aweme_id": "6853007075996454157", "aweme_title": "好好看的毛衣开衫、给大家反季节来一波、胖瘦都可穿#反季节来一波 #服装", "aweme_url": "https://www.iesdouyin.com/share/video/6853007075996454157/?region=CN&mid=6853007102848387853&u_code=ki8abl773d4&titleType=title", "download_url": "https://www.chanmama.com/awemeDetail/6853007075996454157", "digg_count": 2463, "digg_incr": 2427, "aweme_create_time": 1595590051, "category": 1, "volume": 0, "amount": 0}, "author": {"author_id": "62329294784", "nickname": "常熟轩轩女装穿搭", "follower_count": 142312}}, {"aweme": {"aweme_id": "6852904289376029960", "aweme_title": "来了，来，，航姐又来了", "aweme_url": "https://www.iesdouyin.com/share/video/6852904289376029960/?region=CN&mid=6713691336756808461&u_code=0&titleType=title", "download_url": "https://www.chanmama.com/awemeDetail/6852904289376029960", "digg_count": 2442, "digg_incr": 2406, "aweme_create_time": 1595566120, "category": 1, "volume": 0, "amount": 0}, "author": {"author_id": "104616369708", "nickname": "航姐尚品服装", "follower_count": 251735}}, {"aweme": {"aweme_id": "6852611584175443208", "aweme_title": "泫雅、周洁琼同款私服被我挖到啦！#韩都衣舍", "aweme_url": "https://www.iesdouyin.com/share/video/6852611584175443208/?region=CN&mid=6852611619403467533&u_code=0&titleType=title", "download_url": "https://www.chanmama.com/awemeDetail/6852611584175443208", "digg_count": 2527, "digg_incr": 2384, "aweme_create_time": 1595581200, "category": 1, "volume": 0, "amount": 0}, "author": {"author_id": "61712427813", "nickname": "黎孩", "follower_count": 529651}}, {"aweme": {"aweme_id": "6852990170350783744", "aweme_title": "韩剧看了想结婚 国内看了想离婚 美剧看了想毁灭世界😂#初秋穿搭", "aweme_url": "https://www.iesdouyin.com/share/video/6852990170350783744/?region=CN&mid=6852990194371562247&u_code=0&titleType=title", "download_url": "https://www.chanmama.com/awemeDetail/6852990170350783744", "digg_count": 2547, "digg_incr": 2370, "aweme_create_time": 1595586115, "category": 1, "volume": 0, "amount": 0}, "author": {"author_id": "105741517301", "nickname": "果果家的小仙女", "follower_count": 683741}}, {"aweme": {"aweme_id": "6852715514180029704", "aweme_title": "人生之中找到了你，一切变得有意义。#麻料系列 #连衣裙@抖音小助手", "aweme_url": "https://www.iesdouyin.com/share/video/6852715514180029704/?region=CN&mid=6739070266296503054&u_code=1e86e5ldah98&titleType=title", "download_url": "https://www.chanmama.com/awemeDetail/6852715514180029704", "digg_count": 3316, "digg_incr": 2365, "aweme_create_time": 1595522178, "category": 1, "volume": 0, "amount": 0}, "author": {"author_id": "3139835892345758", "nickname": "曼妙梓麻系列服装批发", "follower_count": 129799}}, {"aweme": {"aweme_id": "6852927989584252175", "aweme_title": "做个调查 喜欢这种仙女穿搭的你是哪一年的#时尚穿搭", "aweme_url": "https://www.iesdouyin.com/share/video/6852927989584252175/?region=CN&mid=6852927986944248584&u_code=0&titleType=title", "download_url": "https://www.chanmama.com/awemeDetail/6852927989584252175", "digg_count": 2938, "digg_incr": 2346, "aweme_create_time": 1595571638, "category": 1, "volume": 0, "amount": 0}, "author": {"author_id": "59619736004", "nickname": "DHY.Studio", "follower_count": 649816}}, {"aweme": {"aweme_id": "6852872911301266696", "aweme_title": "@沙家浜物語晴发了一个抖音短视频，你尽管点开，不好看算我输！", "aweme_url": "https://www.iesdouyin.com/share/video/6852872911301266696/?region=CN&mid=6649544021372832520&u_code=0&titleType=", "download_url": "https://www.chanmama.com/awemeDetail/6852872911301266696", "digg_count": 2900, "digg_incr": 2309, "aweme_create_time": 1595558815, "category": 1, "volume": 6, "amount": 354}, "author": {"author_id": "68841148283", "nickname": "沙家浜物語晴", "follower_count": 961601}}, {"aweme": {"aweme_id": "6853044627553946880", "aweme_title": "短款西服➕高腰西装裤，腿长两米不是梦好吧#穿搭 #微胖女生 #你好火星 @抖音小助手", "aweme_url": "https://www.iesdouyin.com/share/video/6853044627553946880/?region=CN&mid=6853044662257683208&u_code=0&titleType=title", "download_url": "https://www.chanmama.com/awemeDetail/6853044627553946880", "digg_count": 3652, "digg_incr": 2303, "aweme_create_time": 1595598794, "category": 1, "volume": 0, "amount": 0}, "author": {"author_id": "2660436780529869", "nickname": "李格格有120斤啦晚8:30直播", "follower_count": 303577}}, {"aweme": {"aweme_id": "6853031139922251008", "aweme_title": "昨天的衣服总是配不上今天的我🐶#穿搭 #迷惑行为大赏 #内容过于真实", "aweme_url": "https://www.iesdouyin.com/share/video/6853031139922251008/?region=CN&mid=6839990790584863495&u_code=0&titleType=title", "download_url": "https://www.chanmama.com/awemeDetail/6853031139922251008", "digg_count": 2582, "digg_incr": 2283, "aweme_create_time": 1595595653, "category": 1, "volume": 1, "amount": 39.99}, "author": {"author_id": "104253835871", "nickname": "CYANROSE 青蔷薇", "follower_count": 383431}}, {"aweme": {"aweme_id": "6852728480149392654", "aweme_title": "三观不一致，吵架都不在一个点上，你要上吊了，他以为你在荡秋千#旗袍 #女装新品日 @抖音小助手", "aweme_url": "https://www.iesdouyin.com/share/video/6852728480149392654/?region=CN&mid=6560631069975808782&u_code=0&titleType=title", "download_url": "https://www.chanmama.com/awemeDetail/6852728480149392654", "digg_count": 2249, "digg_incr": 2251, "aweme_create_time": 1595525205, "category": 1, "volume": 28, "amount": 2519.72}, "author": {"author_id": "97978680967", "nickname": "时尚四季女装", "follower_count": 277457}}, {"aweme": {"aweme_id": "6853017968691957007", "aweme_title": "深咖色针织连衣裙➕外套，一套都显瘦@DOU+小助手", "aweme_url": "https://www.iesdouyin.com/share/video/6853017968691957007/?region=CN&mid=6836715063248685069&u_code=bk5kkf3l2d0&titleType=title", "download_url": "https://www.chanmama.com/awemeDetail/6853017968691957007", "digg_count": 2277, "digg_incr": 2245, "aweme_create_time": 1595592587, "category": 1, "volume": 0, "amount": 0}, "author": {"author_id": "110134213925", "nickname": "伊硕硕服装店", "follower_count": 819000}}, {"aweme": {"aweme_id": "6852984571324091661", "aweme_title": "“不需要建议，不需要认同，我喜欢就值得。”", "aweme_url": "https://www.iesdouyin.com/share/video/6852984571324091661/?region=CN&mid=6852984637816457998&u_code=0&titleType=title", "download_url": "https://www.chanmama.com/awemeDetail/6852984571324091661", "digg_count": 3179, "digg_incr": 2238, "aweme_create_time": 1595584824, "category": 1, "volume": 0, "amount": 0}, "author": {"author_id": "1226697973959131", "nickname": "朴惠珺", "follower_count": 209817}}, {"aweme": {"aweme_id": "6852894978063027456", "aweme_title": "@桐桐美衣发了一个抖音短视频，你尽管点开，不好看算我输！", "aweme_url": "https://www.iesdouyin.com/share/video/6852894978063027456/?region=CN&mid=6852895196307131150&u_code=3g7mc2761c4f&titleType=", "download_url": "https://www.chanmama.com/awemeDetail/6852894978063027456", "digg_count": 2272, "digg_incr": 2236, "aweme_create_time": 1595563971, "category": 1, "volume": 0, "amount": 0}, "author": {"author_id": "4503660416901485", "nickname": "桐桐美衣", "follower_count": 331483}}, {"aweme": {"aweme_id": "6853014462140615940", "aweme_title": "@广州露美希👑今晚直播新款发了一个抖音短视频，你尽管点开，不好看算我输！", "aweme_url": "https://www.iesdouyin.com/share/video/6853014462140615940/?region=CN&mid=6853014486203288328&u_code=0&titleType=", "download_url": "https://www.chanmama.com/awemeDetail/6853014462140615940", "digg_count": 2625, "digg_incr": 2232, "aweme_create_time": 1595591775, "category": 1, "volume": 114, "amount": 4548.599999999999}, "author": {"author_id": "3003490548333980", "nickname": "广州露美希👑今晚直播新款", "follower_count": 388205}}, {"aweme": {"aweme_id": "6852912768668929295", "aweme_title": "辉煌的时候别得意，三十年河东三十年河西 ，好与坏 ，成与败轮换交替，平时要低调，为人少树敌……@抖音小助手", "aweme_url": "https://www.iesdouyin.com/share/video/6852912768668929295/?region=CN&mid=6735163319247850248&u_code=0&titleType=title", "download_url": "https://www.chanmama.com/awemeDetail/6852912768668929295", "digg_count": 2536, "digg_incr": 2199, "aweme_create_time": 1595568093, "category": 1, "volume": 0, "amount": 0}, "author": {"author_id": "93903126841", "nickname": "潇洒姐", "follower_count": 284953}}, {"aweme": {"aweme_id": "6852920483009170696", "aweme_title": "#源头实力厂家 #浙江服饰风尚节 #高端女装设计 #精品女装 @抖音小助手", "aweme_url": "https://www.iesdouyin.com/share/video/6852920483009170696/?region=CN&mid=6821068810155297543&u_code=0&titleType=title", "download_url": "https://www.chanmama.com/awemeDetail/6852920483009170696", "digg_count": 2366, "digg_incr": 2198, "aweme_create_time": 1595569891, "category": 1, "volume": 23, "amount": 4485}, "author": {"author_id": "96752577862", "nickname": "杭州风野女装", "follower_count": 212814}}, {"aweme": {"aweme_id": "6852924643196636423", "aweme_title": "我想世间没有人不愿意美丽，也不会拒绝美貌，但凡女子都有一个美丽的梦—穿一身#旗袍", "aweme_url": "https://www.iesdouyin.com/share/video/6852924643196636423/?region=CN&mid=6814410371248442124&u_code=0&titleType=title", "download_url": "https://www.chanmama.com/awemeDetail/6852924643196636423", "digg_count": 3271, "digg_incr": 2175, "aweme_create_time": 1595570860, "category": 1, "volume": 0, "amount": 0}, "author": {"author_id": "25313240229", "nickname": "旗袍印象", "follower_count": 330689}}, {"aweme": {"aweme_id": "6852824270024740109", "aweme_title": "简单易学的舞蹈 一起来😉", "aweme_url": "https://www.iesdouyin.com/share/video/6852824270024740109/?region=CN&mid=6846120322006059783&u_code=0&titleType=title", "download_url": "https://www.chanmama.com/awemeDetail/6852824270024740109", "digg_count": 2297, "digg_incr": 2164, "aweme_create_time": 1595547493, "category": 1, "volume": 1, "amount": 0}, "author": {"author_id": "103883647530", "nickname": "对自己好点", "follower_count": 200648}}, {"aweme": {"aweme_id": "6853015517456878863", "aweme_title": "“你的世界 我退出了 我不会阻止你奔赴更好的人，可是你永远不会知道，我为你哭到失控的样子，连我自己都羡慕”", "aweme_url": "https://www.iesdouyin.com/share/video/6853015517456878863/?region=CN&mid=6853015526835587853&u_code=ml4fgdgl60j&titleType=title", "download_url": "https://www.chanmama.com/awemeDetail/6853015517456878863", "digg_count": 2878, "digg_incr": 2135, "aweme_create_time": 1595592016, "category": 1, "volume": 0, "amount": 0}, "author": {"author_id": "77873722348", "nickname": "淘你所爱", "follower_count": 382543}}, {"aweme": {"aweme_id": "6852890076272135437", "aweme_title": "在上学的时候，无论被骗了多少次，你依然相信的那句话是？", "aweme_url": "https://www.iesdouyin.com/share/video/6852890076272135437/?region=CN&mid=6852890116592339725&u_code=0&titleType=title", "download_url": "https://www.chanmama.com/awemeDetail/6852890076272135437", "digg_count": 2564, "digg_incr": 2120, "aweme_create_time": 1595562819, "category": 1, "volume": 0, "amount": 0}, "author": {"author_id": "3777530648074140", "nickname": "41的草稿箱", "follower_count": 285152}}, {"aweme": {"aweme_id": "6853019524715908367", "aweme_title": "怎么会这么可可爱爱的呀，今天是粉粉嫩嫩的夫人", "aweme_url": "https://www.iesdouyin.com/share/video/6853019524715908367/?region=CN&mid=6588092495379499779&u_code=0&titleType=title", "download_url": "https://www.chanmama.com/awemeDetail/6853019524715908367", "digg_count": 2917, "digg_incr": 2111, "aweme_create_time": 1595592949, "category": 1, "volume": 0, "amount": 0}, "author": {"author_id": "78649512053", "nickname": "姗姗家的仙女", "follower_count": 703074}}, {"aweme": {"aweme_id": "6852993882909625607", "aweme_title": "世界上所有的男人是骗子，幸运的是遇到了一个大骗子，被骗一辈子！#气质女装 @DOU+小助手 @电商小助手", "aweme_url": "https://www.iesdouyin.com/share/video/6852993882909625607/?region=CN&mid=6852993894137776910&u_code=0&titleType=title", "download_url": "https://www.chanmama.com/awemeDetail/6852993882909625607", "digg_count": 2305, "digg_incr": 2081, "aweme_create_time": 1595586980, "category": 1, "volume": 0, "amount": 0}, "author": {"author_id": "1538946106669646", "nickname": "正美百货服饰店.", "follower_count": 114121}}, {"aweme": {"aweme_id": "6852836645981539584", "aweme_title": "一件卡卡穿了两个月都不愿意换的裤子🔥不仅百搭各种衣服而且太舒服了显高显瘦#女装新品日 #好物推荐", "aweme_url": "https://www.iesdouyin.com/share/video/6852836645981539584/?region=CN&mid=6852836626675075847&u_code=0&titleType=title", "download_url": "https://www.chanmama.com/awemeDetail/6852836645981539584", "digg_count": 2017, "digg_incr": 2022, "aweme_create_time": 1595550372, "category": 1, "volume": 0, "amount": 0}, "author": {"author_id": "60415344777", "nickname": "广州市卡卡正品女装", "follower_count": 127215}}, {"aweme": {"aweme_id": "6852835349991853312", "aweme_title": "“好的圈子 不是人人都很有钱 而是人人都很上进”#玖姿 #我要上热门 #穿搭 #新品 @抖音小助手", "aweme_url": "https://www.iesdouyin.com/share/video/6852835349991853312/?region=CN&mid=6852269003541334798&u_code=0&titleType=title", "download_url": "https://www.chanmama.com/awemeDetail/6852835349991853312", "digg_count": 2050, "digg_incr": 2009, "aweme_create_time": 1595550070, "category": 1, "volume": 0, "amount": 0}, "author": {"author_id": "2502131352352700", "nickname": "星线好物严选", "follower_count": 233391}}, {"aweme": {"aweme_id": "6853050671621639439", "aweme_title": "我和妹妹谁更好看~#直播高光 #女装直播 #穿搭 #小个子穿搭 @DOU+小助手 #你好火星", "aweme_url": "https://www.iesdouyin.com/share/video/6853050671621639439/?region=CN&mid=6853050676274350861&u_code=0&titleType=title", "download_url": "https://www.chanmama.com/awemeDetail/6853050671621639439", "digg_count": 3086, "digg_incr": 1997, "aweme_create_time": 1595600201, "category": 1, "volume": 0, "amount": 0}, "author": {"author_id": "105168461803", "nickname": "晓董服饰", "follower_count": 781197}}, {"aweme": {"aweme_id": "6853015826505714951", "aweme_title": "最近看到超级多明星穿豹纹，135斤的我果然翻车#135斤 #微胖穿搭 #显瘦穿搭 @DOU+小助手", "aweme_url": "https://www.iesdouyin.com/share/video/6853015826505714951/?region=CN&mid=6853015839797857032&u_code=0&titleType=title", "download_url": "https://www.chanmama.com/awemeDetail/6853015826505714951", "digg_count": 3440, "digg_incr": 1996, "aweme_create_time": 1595592089, "category": 1, "volume": 0, "amount": 0}, "author": {"author_id": "1525766523191812", "nickname": "135斤的啵妞", "follower_count": 453186}}, {"aweme": {"aweme_id": "6852884821400669455", "aweme_title": "老婆说我买的漂亮裙子一定要配一把漂亮的蒲扇😁@篱笆", "aweme_url": "https://www.iesdouyin.com/share/video/6852884821400669455/?region=CN&mid=6548026898646207239&u_code=0&titleType=title", "download_url": "https://www.chanmama.com/awemeDetail/6852884821400669455", "digg_count": 2384, "digg_incr": 1990, "aweme_create_time": 1595561586, "category": 1, "volume": 0, "amount": 0}, "author": {"author_id": "71259788557", "nickname": "华哥", "follower_count": 849767}}, {"aweme": {"aweme_id": "6852985192307543310", "aweme_title": "我的身材我做主 指手画脚皆入土 #140斤 #微胖女孩 #穿搭", "aweme_url": "https://www.iesdouyin.com/share/video/6852985192307543310/?region=CN&mid=6823904763596262151&u_code=0&titleType=title", "download_url": "https://www.chanmama.com/awemeDetail/6852985192307543310", "digg_count": 2835, "digg_incr": 1958, "aweme_create_time": 1595584957, "category": 1, "volume": 2, "amount": 0}, "author": {"author_id": "2704426499843272", "nickname": "140斤的瑶瑶", "follower_count": 111429}}, {"aweme": {"aweme_id": "6852907268191620366", "aweme_title": "当Z女学会穿搭以后 #抖音直播秒杀狂欢节  #717奇妙好物在这里  #穿搭", "aweme_url": "https://www.iesdouyin.com/share/video/6852907268191620366/?region=CN&mid=6852907375498808078&u_code=0&titleType=title", "download_url": "https://www.chanmama.com/awemeDetail/6852907268191620366", "digg_count": 3034, "digg_incr": 1955, "aweme_create_time": 1595566836, "category": 1, "volume": 0, "amount": 0}, "author": {"author_id": "109779915444", "nickname": "meili小懒猫（正在直播）", "follower_count": 324298}}, {"aweme": {"aweme_id": "6852932930663107855", "aweme_title": "太喜欢这款双露肩T恤了，洋气又显瘦，胖瘦都能穿，喜欢！", "aweme_url": "https://www.iesdouyin.com/share/video/6852932930663107855/?region=CN&mid=6835815971031239437&u_code=1b8l26bccjg4&titleType=title", "download_url": "https://www.chanmama.com/awemeDetail/6852932930663107855", "digg_count": 1973, "digg_incr": 1950, "aweme_create_time": 1595572788, "category": 1, "volume": 268, "amount": 10452}, "author": {"author_id": "1662066375530312", "nickname": "吴小声女装", "follower_count": 542210}}, {"aweme": {"aweme_id": "6852889162245295373", "aweme_title": "听说你们都爱百褶裙今天她来了～ #穿搭  #百褶裙", "aweme_url": "https://www.iesdouyin.com/share/video/6852889162245295373/?region=CN&mid=6852889254788418311&u_code=0&titleType=title", "download_url": "https://www.chanmama.com/awemeDetail/6852889162245295373", "digg_count": 2320, "digg_incr": 1938, "aweme_create_time": 1595562617, "category": 1, "volume": 0, "amount": 0}, "author": {"author_id": "3759946307209710", "nickname": "优大大日记（🍑udd up）", "follower_count": 342052}}, {"aweme": {"aweme_id": "6852818623468227851", "aweme_title": "每个人身边都有这样的几个朋友，第一次见面的时候斯斯文文的，熟了之后……就不知道是哪个精神病院放来的了😂", "aweme_url": "https://www.iesdouyin.com/share/video/6852818623468227851/?region=CN&mid=6852249352141179661&u_code=0&titleType=title", "download_url": "https://www.chanmama.com/awemeDetail/6852818623468227851", "digg_count": 2219, "digg_incr": 1924, "aweme_create_time": 1595546190, "category": 1, "volume": 0, "amount": 0}, "author": {"author_id": "100742328187", "nickname": "福福", "follower_count": 862923}}, {"aweme": {"aweme_id": "6853017306545589511", "aweme_title": "真在值播.点头像进来跳选", "aweme_url": "https://www.iesdouyin.com/share/video/6853017306545589511/?region=CN&mid=6853017319762512654&u_code=37027c802d6g&titleType=title", "download_url": "https://www.chanmama.com/awemeDetail/6853017306545589511", "digg_count": 1917, "digg_incr": 1924, "aweme_create_time": 1595592433, "category": 1, "volume": 9, "amount": 62.1}, "author": {"author_id": "3663205752643948", "nickname": "木〽️子", "follower_count": 307452}}, {"aweme": {"aweme_id": "6852972339458641165", "aweme_title": "“三班的那个女生好土啊！#穿搭 #甩耳机变装", "aweme_url": "https://www.iesdouyin.com/share/video/6852972339458641165/?region=CN&mid=6852972447109548814&u_code=0&titleType=title", "download_url": "https://www.chanmama.com/awemeDetail/6852972339458641165", "digg_count": 2787, "digg_incr": 1922, "aweme_create_time": 1595581984, "category": 1, "volume": 0, "amount": 0}, "author": {"author_id": "3759946307209710", "nickname": "优大大日记（🍑udd up）", "follower_count": 342052}}, {"aweme": {"aweme_id": "6853011854885702927", "aweme_title": "女孩子这一生都在自我修行，你要知道女孩子一辈子只能靠自己，无论身材气质  还是社会地位＠小助手￼", "aweme_url": "https://www.iesdouyin.com/share/video/6853011854885702927/?region=CN&mid=6853011866538134279&u_code=0&titleType=title", "download_url": "https://www.chanmama.com/awemeDetail/6853011854885702927", "digg_count": 4751, "digg_incr": 1922, "aweme_create_time": 1595591163, "category": 1, "volume": 0, "amount": 0}, "author": {"author_id": "4243733936866267", "nickname": "低调家女装", "follower_count": 131529}}, {"aweme": {"aweme_id": "6853018491642055950", "aweme_title": "“免费的东西才是最贵的 这个道理只有你在你习惯付费后才懂”", "aweme_url": "https://www.iesdouyin.com/share/video/6853018491642055950/?region=CN&mid=6843328681201765134&u_code=0&titleType=title", "download_url": "https://www.chanmama.com/awemeDetail/6853018491642055950", "digg_count": 2352, "digg_incr": 1921, "aweme_create_time": 1595592710, "category": 1, "volume": 0, "amount": 0}, "author": {"author_id": "103913866079", "nickname": "长安运鼎服装店", "follower_count": 412322}}, {"aweme": {"aweme_id": "6853011341221956877", "aweme_title": "115斤穿这个可甜可盐套装 还挺好看？#微胖女孩 #穿搭 @抖音小助手", "aweme_url": "https://www.iesdouyin.com/share/video/6853011341221956877/?region=CN&mid=6853011363493645069&u_code=0&titleType=title", "download_url": "https://www.chanmama.com/awemeDetail/6853011341221956877", "digg_count": 2395, "digg_incr": 1920, "aweme_create_time": 1595591045, "category": 1, "volume": 0, "amount": 0}, "author": {"author_id": "59076009221", "nickname": "欧欧欧欧欧欧耶", "follower_count": 399662}}]}