{"data": [{"aweme": {"aweme_id": "6852902519581003020", "aweme_title": "就问一个事.大家觉得哪个颜色更好看.#主播穿这一身你喜欢吗 #气质穿搭 #小西装", "aweme_url": "https://www.iesdouyin.com/share/video/6852902519581003020/?region=CN&mid=6852902555773946632&u_code=0&titleType=title", "download_url": "https://www.chanmama.com/awemeDetail/6852902519581003020", "digg_count": 47572, "digg_incr": 45467, "aweme_create_time": 1595565712, "category": 10, "volume": 0, "amount": 0}, "author": {"author_id": "69889237400", "nickname": "燕倩女装—轻奢品牌", "follower_count": 242704}}, {"aweme": {"aweme_id": "6852826223802846477", "aweme_title": "特大号的假山喷泉鱼缸来了，喜欢的朋友可以来看哦。#正在直播中请点头像进入", "aweme_url": "https://www.iesdouyin.com/share/video/6852826223802846477/?region=CN&mid=6852826190475266824&u_code=0&titleType=title", "download_url": "https://www.chanmama.com/awemeDetail/6852826223802846477", "digg_count": 52892, "digg_incr": 40592, "aweme_create_time": 1595547949, "category": 10, "volume": 0, "amount": 0}, "author": {"author_id": "4025189664190", "nickname": "飞飞有品", "follower_count": 461647}}, {"aweme": {"aweme_id": "6852874524048805127", "aweme_title": "小300太豪横了，得教育教育了。", "aweme_url": "https://www.iesdouyin.com/share/video/6852874524048805127/?region=CN&mid=6852874618747882254&u_code=0&titleType=title", "download_url": "https://www.chanmama.com/awemeDetail/6852874524048805127", "digg_count": 33499, "digg_incr": 30160, "aweme_create_time": 1595577600, "category": 10, "volume": 22, "amount": 858}, "author": {"author_id": "54135453383", "nickname": "本喵叫兔兔", "follower_count": 600008}}, {"aweme": {"aweme_id": "6853049988797238535", "aweme_title": "#猫 #我是菠小萝 《猫粮吃光了》卖艺换来的猫粮，一粒都不能浪费😂", "aweme_url": "https://www.iesdouyin.com/share/video/6853049988797238535/?region=CN&mid=6853050027372202765&u_code=0&titleType=title", "download_url": "https://www.chanmama.com/awemeDetail/6853049988797238535", "digg_count": 27647, "digg_incr": 24541, "aweme_create_time": 1595600043, "category": 10, "volume": 20, "amount": 2160}, "author": {"author_id": "80950998334", "nickname": "我是菠小萝", "follower_count": 501183}}, {"aweme": {"aweme_id": "6852917805004655876", "aweme_title": "没想到这种方圆两用的餐桌也这么的扎实，还可以放东西，存私房钱也行，不过想想好像没什么私房钱#家具#餐桌", "aweme_url": "https://www.iesdouyin.com/share/video/6852917805004655876/?region=CN&mid=6852917837758024461&u_code=0&titleType=title", "download_url": "https://www.chanmama.com/awemeDetail/6852917805004655876", "digg_count": 17807, "digg_incr": 16894, "aweme_create_time": 1595569272, "category": 10, "volume": 3, "amount": 7140}, "author": {"author_id": "109006880159", "nickname": "赣州匠心御品家俱城", "follower_count": 269148}}, {"aweme": {"aweme_id": "6852952664536288512", "aweme_title": "大雄&嘟嘟的爱的故事集（4）大结局，它们的爱在超越#流浪狗", "aweme_url": "https://www.iesdouyin.com/share/video/6852952664536288512/?region=CN&mid=6852952693666040590&u_code=0&titleType=title", "download_url": "https://www.chanmama.com/awemeDetail/6852952664536288512", "digg_count": 15493, "digg_incr": 13649, "aweme_create_time": 1595577383, "category": 10, "volume": 1, "amount": 58}, "author": {"author_id": "100788052457", "nickname": "矜炼宠帮科技", "follower_count": 215592}}, {"aweme": {"aweme_id": "6852617655220849932", "aweme_title": "字母哥也被这样欺负过？看他变身后如何回应！#字母哥", "aweme_url": "https://www.iesdouyin.com/share/video/6852617655220849932/?region=CN&mid=6852617701374937863&u_code=0&titleType=title", "download_url": "https://www.chanmama.com/awemeDetail/6852617655220849932", "digg_count": 8380, "digg_incr": 7341, "aweme_create_time": 1595584800, "category": 10, "volume": 2, "amount": 396}, "author": {"author_id": "96702587324", "nickname": "模仿帝陈挑战", "follower_count": 634675}}, {"aweme": {"aweme_id": "6853021718135573760", "aweme_title": "如果你收到的网纹蜜瓜不是很软糯，记得看完这个视频哟。结尾教你一个超满足的吃法#美食趣胃计划 @DOU+小助手", "aweme_url": "https://www.iesdouyin.com/share/video/6853021718135573760/?region=CN&mid=6853021727384324877&u_code=0&titleType=title", "download_url": "https://www.chanmama.com/awemeDetail/6853021718135573760", "digg_count": 12943, "digg_incr": 6701, "aweme_create_time": 1595593460, "category": 10, "volume": 1, "amount": 89}, "author": {"author_id": "106734984252", "nickname": "高端进口水果森叔", "follower_count": 300650}}, {"aweme": {"aweme_id": "6852999886955154688", "aweme_title": "还有谁一样佛系养猫#萌宠成精了 #萌宠嗨玩季 #萌宠推荐官", "aweme_url": "https://www.iesdouyin.com/share/video/6852999886955154688/?region=CN&mid=6852999900590803720&u_code=0&titleType=title", "download_url": "https://www.chanmama.com/awemeDetail/6852999886955154688", "digg_count": 7165, "digg_incr": 5240, "aweme_create_time": 1595588377, "category": 10, "volume": 5, "amount": 125}, "author": {"author_id": "97634163222", "nickname": "万睡是只喵", "follower_count": 950593}}, {"aweme": {"aweme_id": "6852974239507614979", "aweme_title": "谁偷了我的肉 ？光吃肉不吃菜的吗？挑食？#家有萌宠", "aweme_url": "https://www.iesdouyin.com/share/video/6852974239507614979/?region=CN&mid=6852974280150354702&u_code=0&titleType=title", "download_url": "https://www.chanmama.com/awemeDetail/6852974239507614979", "digg_count": 5714, "digg_incr": 4695, "aweme_create_time": 1595582411, "category": 10, "volume": 0, "amount": 0}, "author": {"author_id": "75224803804", "nickname": "金毛大面包", "follower_count": 264078}}, {"aweme": {"aweme_id": "6852894147695709447", "aweme_title": "捡来的小孩有名字啦，要像星星一样闪闪发亮✨#养鼠日常分享", "aweme_url": "https://www.iesdouyin.com/share/video/6852894147695709447/?region=CN&mid=6805862339640838157&u_code=0&titleType=title", "download_url": "https://www.chanmama.com/awemeDetail/6852894147695709447", "digg_count": 5594, "digg_incr": 4631, "aweme_create_time": 1595563759, "category": 10, "volume": 113, "amount": 2248.7}, "author": {"author_id": "102727842207", "nickname": "是小紫玥园长阿🐹", "follower_count": 223420}}, {"aweme": {"aweme_id": "6852833778918755584", "aweme_title": "委屈巴巴的小眼神", "aweme_url": "https://www.iesdouyin.com/share/video/6852833778918755584/?region=CN&mid=6779041629702457346&u_code=0&titleType=title", "download_url": "https://www.chanmama.com/awemeDetail/6852833778918755584", "digg_count": 4589, "digg_incr": 4261, "aweme_create_time": 1595549704, "category": 10, "volume": 1, "amount": 0}, "author": {"author_id": "54944508515", "nickname": "蓝猫多宝", "follower_count": 239099}}, {"aweme": {"aweme_id": "6852998150358125839", "aweme_title": "平安扣，平平安安，圆圆满满#感谢抖音平台", "aweme_url": "https://www.iesdouyin.com/share/video/6852998150358125839/?region=CN&mid=6676975428118481667&u_code=0&titleType=title", "download_url": "https://www.chanmama.com/awemeDetail/6852998150358125839", "digg_count": 4795, "digg_incr": 3987, "aweme_create_time": 1595587973, "category": 10, "volume": 0, "amount": 0}, "author": {"author_id": "65111917174", "nickname": "封丘县若兮珠宝首饰店", "follower_count": 48642}}, {"aweme": {"aweme_id": "6852999068285766916", "aweme_title": "海豹：我能长这么大多亏了我麻#猫 #宠爱里云社区 @我要上热门", "aweme_url": "https://www.iesdouyin.com/share/video/6852999068285766916/?region=CN&mid=6852999098338265870&u_code=0&titleType=title", "download_url": "https://www.chanmama.com/awemeDetail/6852999068285766916", "digg_count": 4086, "digg_incr": 3281, "aweme_create_time": 1595588191, "category": 10, "volume": 0, "amount": 0}, "author": {"author_id": "94364551779", "nickname": "有耳朵的小海豹", "follower_count": 504671}}, {"aweme": {"aweme_id": "6852940602779258112", "aweme_title": "大雄&嘟嘟的爱的故事集（3）—嘟嘟惦记大雄的伤，寝食难安妹妹帮它跑出去见大雄#流浪狗", "aweme_url": "https://www.iesdouyin.com/share/video/6852940602779258112/?region=CN&mid=6852940633670552334&u_code=0&titleType=title", "download_url": "https://www.chanmama.com/awemeDetail/6852940602779258112", "digg_count": 4032, "digg_incr": 2944, "aweme_create_time": 1595574575, "category": 10, "volume": 0, "amount": 0}, "author": {"author_id": "100788052457", "nickname": "矜炼宠帮科技", "follower_count": 215592}}, {"aweme": {"aweme_id": "6852738406489885959", "aweme_title": "今日分享接骨木莓慕斯奶盖泡腾饮#好物分享 #美食", "aweme_url": "https://www.iesdouyin.com/share/video/6852738406489885959/?region=CN&mid=6852738390715042568&u_code=0&titleType=title", "download_url": "https://www.chanmama.com/awemeDetail/6852738406489885959", "digg_count": 2927, "digg_incr": 2546, "aweme_create_time": 1595579400, "category": 10, "volume": 12, "amount": 0}, "author": {"author_id": "82316103816", "nickname": "伯爵私厨", "follower_count": 628774}}, {"aweme": {"aweme_id": "6852990394624396557", "aweme_title": "结尾有彩蛋🤨弹吉他的蛋🙈", "aweme_url": "https://www.iesdouyin.com/share/video/6852990394624396557/?region=CN&mid=6852990425586797319&u_code=0&titleType=title", "download_url": "https://www.chanmama.com/awemeDetail/6852990394624396557", "digg_count": 2982, "digg_incr": 2442, "aweme_create_time": 1595586168, "category": 10, "volume": 0, "amount": 0}, "author": {"author_id": "60528315228", "nickname": "一坨蛋蛋💭", "follower_count": 125726}}, {"aweme": {"aweme_id": "6852952609955826952", "aweme_title": "只要吃最爱的马筋就会在沙发上等着 再带上西🐷兜兜 防止胸毛沾满口水 #萨摩耶  兜兜是我们家自己改良的", "aweme_url": "https://www.iesdouyin.com/share/video/6852952609955826952/?region=CN&mid=6685564317011544835&u_code=0&titleType=title", "download_url": "https://www.chanmama.com/awemeDetail/6852952609955826952", "digg_count": 2519, "digg_incr": 2218, "aweme_create_time": 1595577371, "category": 10, "volume": 347, "amount": 13186}, "author": {"author_id": "101394667875", "nickname": "Max橙小西", "follower_count": 159732}}, {"aweme": {"aweme_id": "6852977561870388483", "aweme_title": "雷宝宝有半个月没有磨牙啦 我们今天放肆一回来一根大的磨牙棒 要不然不磨牙会有牙结石口腔问题", "aweme_url": "https://www.iesdouyin.com/share/video/6852977561870388483/?region=CN&mid=6770723938000439304&u_code=0&titleType=title", "download_url": "https://www.chanmama.com/awemeDetail/6852977561870388483", "digg_count": 2625, "digg_incr": 2194, "aweme_create_time": 1595583185, "category": 10, "volume": 21, "amount": 627.9}, "author": {"author_id": "63390111865", "nickname": "金毛大美哈雷", "follower_count": 709253}}, {"aweme": {"aweme_id": "6852928692977470735", "aweme_title": "被我唠叨烦了，我说它整天躺着不起来怎么找媳妇儿，就跟我骂骂咧咧的，这回都知道你这个臭脾气，更别想找媳妇了", "aweme_url": "https://www.iesdouyin.com/share/video/6852928692977470735/?region=CN&mid=6852928701877783310&u_code=0&titleType=title", "download_url": "https://www.chanmama.com/awemeDetail/6852928692977470735", "digg_count": 2756, "digg_incr": 1945, "aweme_create_time": 1595571801, "category": 10, "volume": 0, "amount": 0}, "author": {"author_id": "77203763986", "nickname": "老粗超爱吃", "follower_count": 167599}}, {"aweme": {"aweme_id": "6852993057021807875", "aweme_title": "值得入手的国产好粮#宠爱里云社区 #萌宠嗨玩季", "aweme_url": "https://www.iesdouyin.com/share/video/6852993057021807875/?region=CN&mid=6852993123992570638&u_code=0&titleType=title", "download_url": "https://www.chanmama.com/awemeDetail/6852993057021807875", "digg_count": 2365, "digg_incr": 1900, "aweme_create_time": 1595586792, "category": 10, "volume": 12, "amount": 1824}, "author": {"author_id": "102752256680", "nickname": "撸爪", "follower_count": 613045}}, {"aweme": {"aweme_id": "6852938170355502351", "aweme_title": "#你好火星 工作餐这么吃才带劲", "aweme_url": "https://www.iesdouyin.com/share/video/6852938170355502351/?region=CN&mid=6852938199237430024&u_code=0&titleType=title", "download_url": "https://www.chanmama.com/awemeDetail/6852938170355502351", "digg_count": 2031, "digg_incr": 1833, "aweme_create_time": 1595574008, "category": 10, "volume": 0, "amount": 0}, "author": {"author_id": "3179388160453107", "nickname": "尤李特色餐饮", "follower_count": 260710}}, {"aweme": {"aweme_id": "6852830485920451840", "aweme_title": "#农业种植技术 秋茬黄瓜你种了没有？这个109黄瓜，耐热，高产，最关键是脆爽清香，还微甜，赶紧试试吧", "aweme_url": "https://www.iesdouyin.com/share/video/6852830485920451840/?region=CN&mid=6852830450717707016&u_code=0&titleType=title", "download_url": "https://www.chanmama.com/awemeDetail/6852830485920451840", "digg_count": 2102, "digg_incr": 1809, "aweme_create_time": 1595548938, "category": 10, "volume": 123, "amount": 842.55}, "author": {"author_id": "96158295221", "nickname": "我爱种菜", "follower_count": 855249}}, {"aweme": {"aweme_id": "6853002508764318976", "aweme_title": "新风包竟然还有海贼王款式的！自带空调超高颜值的宠物包～有谁能拒绝得了呢？#猫包 #直播", "aweme_url": "https://www.iesdouyin.com/share/video/6853002508764318976/?region=CN&mid=6853002523247512334&u_code=0&titleType=title", "download_url": "https://www.chanmama.com/awemeDetail/6853002508764318976", "digg_count": 1721, "digg_incr": 1713, "aweme_create_time": 1595588988, "category": 10, "volume": 18, "amount": 0}, "author": {"author_id": "2783609675059652", "nickname": "极宠家", "follower_count": 10719}}, {"aweme": {"aweme_id": "6853005663648369923", "aweme_title": "最后那声猛男尖叫我也就听了几十遍#螺蛳粉 #除臭 #猫", "aweme_url": "https://www.iesdouyin.com/share/video/6853005663648369923/?region=CN&mid=6853005700432399118&u_code=0&titleType=title", "download_url": "https://www.chanmama.com/awemeDetail/6853005663648369923", "digg_count": 2166, "digg_incr": 1596, "aweme_create_time": 1595589726, "category": 10, "volume": 13, "amount": 258.7}, "author": {"author_id": "84264598944", "nickname": "miumiu是只猪", "follower_count": 593791}}, {"aweme": {"aweme_id": "6852898706681908495", "aweme_title": "#我要上热门 创意追风猪，爱了爱了", "aweme_url": "https://www.iesdouyin.com/share/video/6852898706681908495/?region=CN&mid=6849000499115936519&u_code=0&titleType=title", "download_url": "https://www.chanmama.com/awemeDetail/6852898706681908495", "digg_count": 1498, "digg_incr": 1448, "aweme_create_time": 1595564826, "category": 10, "volume": 0, "amount": 0}, "author": {"author_id": "1103533282964163", "nickname": "亮子带你拿好货", "follower_count": 124447}}, {"aweme": {"aweme_id": "6852882888900267264", "aweme_title": "怎么和别的狗子不一样？哈哈哈 本狗还挺爱吃跳跳糖呢", "aweme_url": "https://www.iesdouyin.com/share/video/6852882888900267264/?region=CN&mid=6830277025472137992&u_code=0&titleType=title", "download_url": "https://www.chanmama.com/awemeDetail/6852882888900267264", "digg_count": 1642, "digg_incr": 1432, "aweme_create_time": 1595561142, "category": 10, "volume": 7, "amount": 68.60000000000001}, "author": {"author_id": "103463185962", "nickname": "比心宠物", "follower_count": 577446}}, {"aweme": {"aweme_id": "6852848258574863628", "aweme_title": "家有儿女的看过来，中大童套装来喽！阳光，帅气，漂亮，盘它！#童装 #兄妹装 #我要上热门", "aweme_url": "https://www.iesdouyin.com/share/video/6852848258574863628/?region=CN&mid=6797776099981331214&u_code=0&titleType=title", "download_url": "https://www.chanmama.com/awemeDetail/6852848258574863628", "digg_count": 1352, "digg_incr": 1336, "aweme_create_time": 1595553082, "category": 10, "volume": 102, "amount": 6109.8}, "author": {"author_id": "96980192877", "nickname": "凤裳童依", "follower_count": 115121}}, {"aweme": {"aweme_id": "6853006105669340416", "aweme_title": "多宝不想吃饭，妈妈有办法", "aweme_url": "https://www.iesdouyin.com/share/video/6853006105669340416/?region=CN&mid=6853006147520088839&u_code=0&titleType=title", "download_url": "https://www.chanmama.com/awemeDetail/6853006105669340416", "digg_count": 1530, "digg_incr": 1279, "aweme_create_time": 1595589829, "category": 10, "volume": 0, "amount": 0}, "author": {"author_id": "65222282100", "nickname": "金毛多多儿", "follower_count": 519925}}, {"aweme": {"aweme_id": "6852940522789670152", "aweme_title": "你的关心是猫咪最大的安全感。#乖猫养成记 #你好火星 #猫咪", "aweme_url": "https://www.iesdouyin.com/share/video/6852940522789670152/?region=CN&mid=6852940559042677512&u_code=0&titleType=title", "download_url": "https://www.chanmama.com/awemeDetail/6852940522789670152", "digg_count": 1215, "digg_incr": 1162, "aweme_create_time": 1595586836, "category": 10, "volume": 11, "amount": 1298}, "author": {"author_id": "3390516365632525", "nickname": "浪浪与猫", "follower_count": 128569}}, {"aweme": {"aweme_id": "6852981151523409163", "aweme_title": "还记得大橘和大白的宝宝吗？不同颜色的三小只，今天满月啦～！", "aweme_url": "https://www.iesdouyin.com/share/video/6852981151523409163/?region=CN&mid=6780890680077076494&u_code=0&titleType=title", "download_url": "https://www.chanmama.com/awemeDetail/6852981151523409163", "digg_count": 1145, "digg_incr": 1087, "aweme_create_time": 1595584021, "category": 10, "volume": 14, "amount": 278.59999999999997}, "author": {"author_id": "96056428771", "nickname": "元宝是只皮卡丘", "follower_count": 662114}}, {"aweme": {"aweme_id": "6852868670616587523", "aweme_title": "听着口令跟老师一起学吧，虽然有点快，要相信自己加油💪💪💪💪#舞蹈", "aweme_url": "https://www.iesdouyin.com/share/video/6852868670616587523/?region=CN&mid=6852249352141179661&u_code=0&titleType=title", "download_url": "https://www.chanmama.com/awemeDetail/6852868670616587523", "digg_count": 1379, "digg_incr": 1031, "aweme_create_time": 1595557833, "category": 10, "volume": 0, "amount": 0}, "author": {"author_id": "61736168385", "nickname": "信誉", "follower_count": 354826}}, {"aweme": {"aweme_id": "6852548580390014216", "aweme_title": "但求不臭，便是晴天 #萌宠好物  #猫砂除臭", "aweme_url": "https://www.iesdouyin.com/share/video/6852548580390014216/?region=CN&mid=6852548702542351117&u_code=2ic8kmgg8fhb&titleType=title", "download_url": "https://www.chanmama.com/awemeDetail/6852548580390014216", "digg_count": 1558, "digg_incr": 990, "aweme_create_time": 1595592000, "category": 10, "volume": 4, "amount": 184}, "author": {"author_id": "63780000614", "nickname": "喵叔阿达", "follower_count": 638289}}, {"aweme": {"aweme_id": "6853000268980686095", "aweme_title": "四个月不清粪，猪舍还没臭味，这是怎么做到的？#养猪", "aweme_url": "https://www.iesdouyin.com/share/video/6853000268980686095/?region=CN&mid=6853000287121394446&u_code=0&titleType=title", "download_url": "https://www.chanmama.com/awemeDetail/6853000268980686095", "digg_count": 1248, "digg_incr": 967, "aweme_create_time": 1595588466, "category": 10, "volume": 0, "amount": 0}, "author": {"author_id": "3966643013955200", "nickname": "积牧 养猪那些事儿", "follower_count": 158846}}, {"aweme": {"aweme_id": "6852943515496844551", "aweme_title": "感谢粉丝的礼物，这个猫抓板也太可爱了吧，又能盘它又能睡觉，送两个避免打架，贴心~", "aweme_url": "https://www.iesdouyin.com/share/video/6852943515496844551/?region=CN&mid=6852944073717074695&u_code=0&titleType=title", "download_url": "https://www.chanmama.com/awemeDetail/6852943515496844551", "digg_count": 1141, "digg_incr": 758, "aweme_create_time": 1595586600, "category": 10, "volume": 0, "amount": 0}, "author": {"author_id": "94295677284", "nickname": "八二年拉菲是只猫", "follower_count": 593310}}, {"aweme": {"aweme_id": "6852951234719010063", "aweme_title": "起来给Grace搞点夜点心切切吧#起来搞点夜点心77", "aweme_url": "https://www.iesdouyin.com/share/video/6852951234719010063/?region=CN&mid=6852951263924636423&u_code=0&titleType=title", "download_url": "https://www.chanmama.com/awemeDetail/6852951234719010063", "digg_count": 4960, "digg_incr": 707, "aweme_create_time": 1595577050, "category": 10, "volume": 414, "amount": 10350}, "author": {"author_id": "88135066968", "nickname": "小金毛Grace", "follower_count": 289282}}, {"aweme": {"aweme_id": "6852993726621469965", "aweme_title": "蔬菜去籽洗干净的！适量的鸡蛋也是美毛效果很好的食材！动物肝脏补充丰富的维生素！深海鱼的功效你说呢？", "aweme_url": "https://www.iesdouyin.com/share/video/6852993726621469965/?region=CN&mid=6852993754551372551&u_code=0&titleType=title", "download_url": "https://www.chanmama.com/awemeDetail/6852993726621469965", "digg_count": 1076, "digg_incr": 371, "aweme_create_time": 1595586944, "category": 10, "volume": 0, "amount": 0}, "author": {"author_id": "95447436188", "nickname": "罗大卫猫粮狗粮", "follower_count": 368700}}, {"aweme": {"aweme_id": "6852987691261267215", "aweme_title": "干嘛走这么急呢～来我直播间！我不允许你浪费任何一分Q！#猫零食 #直播 @DOU+小助手", "aweme_url": "https://www.iesdouyin.com/share/video/6852987691261267215/?region=CN&mid=6852987743018994446&u_code=0&titleType=title", "download_url": "https://www.chanmama.com/awemeDetail/6852987691261267215", "digg_count": 1577, "digg_incr": 187, "aweme_create_time": 1595585538, "category": 10, "volume": 56, "amount": 834.4}, "author": {"author_id": "2783609675059652", "nickname": "极宠家", "follower_count": 10719}}]}