{"data": [{"aweme": {"aweme_id": "6852825380982770959", "aweme_title": "漏后背链条防晒衣 搭 小脚破洞牛仔裤  好显瘦的一套、爱了#气质套装 #抖音小助手 #服装批发", "aweme_url": "https://www.iesdouyin.com/share/video/6852825380982770959/?region=CN&mid=6828108065494009870&u_code=3ikd933m2mhg&titleType=title", "download_url": "https://www.chanmama.com/awemeDetail/6852825380982770959", "digg_count": 22836, "digg_incr": 16918, "aweme_create_time": 1595547750, "category": 11, "volume": 0, "amount": 0}, "author": {"author_id": "62349721141", "nickname": "上海妮珍美批发服装", "follower_count": 160379}}, {"aweme": {"aweme_id": "6852897104105409803", "aweme_title": "有车的车里一定备一个这东西…以备不时之需！！#晚上猫优选", "aweme_url": "https://www.iesdouyin.com/share/video/6852897104105409803/?region=CN&mid=6852897134258227981&u_code=0&titleType=title", "download_url": "https://www.chanmama.com/awemeDetail/6852897104105409803", "digg_count": 24365, "digg_incr": 11623, "aweme_create_time": 1595564452, "category": 11, "volume": 0, "amount": 0}, "author": {"author_id": "91648156936", "nickname": "晚上猫优选", "follower_count": 215394}}, {"aweme": {"aweme_id": "6852845170002627848", "aweme_title": "220v1800w家用便携高压", "aweme_url": "https://www.iesdouyin.com/share/video/6852845170002627848/?region=CN&mid=6685637878225046280&u_code=0&titleType=title", "download_url": "https://www.chanmama.com/awemeDetail/6852845170002627848", "digg_count": 7768, "digg_incr": 7283, "aweme_create_time": 1595552358, "category": 11, "volume": 1, "amount": 398}, "author": {"author_id": "106874759615", "nickname": "独行客【好物分享】", "follower_count": 107457}}, {"aweme": {"aweme_id": "6853006665176911112", "aweme_title": "Q20(夸塔拉罗)新赛季首冠，一个字帅!#motogp #机车", "aweme_url": "https://www.iesdouyin.com/share/video/6853006665176911112/?region=CN&mid=6853006966625782536&u_code=0&titleType=title", "download_url": "https://www.chanmama.com/awemeDetail/6853006665176911112", "digg_count": 6224, "digg_incr": 4592, "aweme_create_time": 1595589956, "category": 11, "volume": 0, "amount": 0}, "author": {"author_id": "518582419864687", "nickname": "MOTOBOX（盒子）", "follower_count": 161814}}, {"aweme": {"aweme_id": "6852702793736654088", "aweme_title": "单身狗们你们想的什么单狗玩车 猛男玩车 哥们实在没勇气搞#好物推荐  #抖音汽车", "aweme_url": "https://www.iesdouyin.com/share/video/6852702793736654088/?region=CN&mid=6852703072709217032&u_code=0&titleType=title", "download_url": "https://www.chanmama.com/awemeDetail/6852702793736654088", "digg_count": 6258, "digg_incr": 4511, "aweme_create_time": 1595575800, "category": 11, "volume": 19, "amount": 665}, "author": {"author_id": "96709993818", "nickname": "奶爸玩车", "follower_count": 175636}}, {"aweme": {"aweme_id": "6852923768348609804", "aweme_title": "全包围包门槛汽车脚垫", "aweme_url": "https://www.iesdouyin.com/share/video/6852923768348609804/?region=CN&mid=6754931385037179659&u_code=0&titleType=title", "download_url": "https://www.chanmama.com/awemeDetail/6852923768348609804", "digg_count": 3363, "digg_incr": 3351, "aweme_create_time": 1595570660, "category": 11, "volume": 0, "amount": 0}, "author": {"author_id": "98058760768", "nickname": "金亨牛汽车脚垫", "follower_count": 239838}}, {"aweme": {"aweme_id": "6852931935434591495", "aweme_title": "#宝马5系 改装完刹车，轮毂，避振再来上一套M5的外观套件走#黑武士 #玩转爱车 #抖音车王争霸赛", "aweme_url": "https://www.iesdouyin.com/share/video/6852931935434591495/?region=CN&mid=6852931953641949965&u_code=0&titleType=title", "download_url": "https://www.chanmama.com/awemeDetail/6852931935434591495", "digg_count": 3105, "digg_incr": 2243, "aweme_create_time": 1595572558, "category": 11, "volume": 0, "amount": 0}, "author": {"author_id": "107694104053", "nickname": "路达威汽车改装部品", "follower_count": 161815}}, {"aweme": {"aweme_id": "6852893875657395464", "aweme_title": "事故车、为什么会跑偏、吃胎、轴距不对？所有底盘件换过一遍也无济于事、其实是这里没搞对！#修车哥的日常", "aweme_url": "https://www.iesdouyin.com/share/video/6852893875657395464/?region=CN&mid=6852893889469156103&u_code=0&titleType=title", "download_url": "https://www.chanmama.com/awemeDetail/6852893875657395464", "digg_count": 3357, "digg_incr": 1947, "aweme_create_time": 1595563696, "category": 11, "volume": 0, "amount": 0}, "author": {"author_id": "95569732041", "nickname": "zs1764377034", "follower_count": 655270}}, {"aweme": {"aweme_id": "6852978053535059200", "aweme_title": "静态版6X6大G（一）结构展示#礼物 #乐高 #玩具 #好物推荐 #测评 #积木 #国货发光 #奔驰", "aweme_url": "https://www.iesdouyin.com/share/video/6852978053535059200/?region=CN&mid=6852978099341331207&u_code=0&titleType=title", "download_url": "https://www.chanmama.com/awemeDetail/6852978053535059200", "digg_count": 2660, "digg_incr": 1721, "aweme_create_time": 1595583294, "category": 11, "volume": 0, "amount": 0}, "author": {"author_id": "2590073465079757", "nickname": "积木啊喂🤔", "follower_count": 110646}}, {"aweme": {"aweme_id": "6852986757932190991", "aweme_title": "这个女人吓人一跳！#solo出道谁最nata #奥力给", "aweme_url": "https://www.iesdouyin.com/share/video/6852986757932190991/?region=CN&mid=6852986763527752455&u_code=0&titleType=title", "download_url": "https://www.chanmama.com/awemeDetail/6852986757932190991", "digg_count": 4097, "digg_incr": 1587, "aweme_create_time": 1595585320, "category": 11, "volume": 0, "amount": 0}, "author": {"author_id": "81677330887", "nickname": "白乐乐", "follower_count": 365470}}, {"aweme": {"aweme_id": "6853032293624253711", "aweme_title": "背带裤再给你搭个福利防晒", "aweme_url": "https://www.iesdouyin.com/share/video/6853032293624253711/?region=CN&mid=6853032299296656136&u_code=0&titleType=title", "download_url": "https://www.chanmama.com/awemeDetail/6853032293624253711", "digg_count": 1233, "digg_incr": 1233, "aweme_create_time": 1595595922, "category": 11, "volume": 33, "amount": 1617}, "author": {"author_id": "96384415935", "nickname": "沈阳语乐服饰店", "follower_count": 265472}}, {"aweme": {"aweme_id": "6853060595722341632", "aweme_title": "#后备箱储物箱 #我要上热门 #你好火星", "aweme_url": "https://www.iesdouyin.com/share/video/6853060595722341632/?region=CN&mid=6853060598130297607&u_code=0&titleType=title", "download_url": "https://www.chanmama.com/awemeDetail/6853060595722341632", "digg_count": 1212, "digg_incr": 1212, "aweme_create_time": 1595602512, "category": 11, "volume": 0, "amount": 0}, "author": {"author_id": "3865523827253388", "nickname": "逸尔舒汽车用品", "follower_count": 60791}}, {"aweme": {"aweme_id": "6852837261260770567", "aweme_title": "全包围包门槛汽车脚垫", "aweme_url": "https://www.iesdouyin.com/share/video/6852837261260770567/?region=CN&mid=6729650751850810115&u_code=0&titleType=title", "download_url": "https://www.chanmama.com/awemeDetail/6852837261260770567", "digg_count": 1307, "digg_incr": 1189, "aweme_create_time": 1595550517, "category": 11, "volume": 0, "amount": 0}, "author": {"author_id": "104938539110", "nickname": "晋州市小拇指汽车用品贸易有限公司", "follower_count": 471718}}, {"aweme": {"aweme_id": "6852986774730427659", "aweme_title": "全包围包门槛汽车脚垫", "aweme_url": "https://www.iesdouyin.com/share/video/6852986774730427659/?region=CN&mid=6754931385037179659&u_code=0&titleType=title", "download_url": "https://www.chanmama.com/awemeDetail/6852986774730427659", "digg_count": 1565, "digg_incr": 1171, "aweme_create_time": 1595585331, "category": 11, "volume": 0, "amount": 0}, "author": {"author_id": "105010770421", "nickname": "晋州市福滿车汽车脚垫", "follower_count": 356796}}, {"aweme": {"aweme_id": "6852932354093092103", "aweme_title": "慢慢爸玩这个入迷了 #男朋友转方向盘  #玩具  #方向盘玩具 @DOU+小助手", "aweme_url": "https://www.iesdouyin.com/share/video/6852932354093092103/?region=CN&mid=6852932453531732744&u_code=0&titleType=title", "download_url": "https://www.chanmama.com/awemeDetail/6852932354093092103", "digg_count": 1225, "digg_incr": 1100, "aweme_create_time": 1595572677, "category": 11, "volume": 0, "amount": 0}, "author": {"author_id": "2875910186870743", "nickname": "慢慢儿童玩具（今天13点见）", "follower_count": 459853}}, {"aweme": {"aweme_id": "6852941393355181327", "aweme_title": "烟味、汗酸味、异味统统清除，杀菌消du！香味持久，久到离谱#汽车除味 #夏天必备", "aweme_url": "https://www.iesdouyin.com/share/video/6852941393355181327/?region=CN&mid=6852941405199797005&u_code=0&titleType=title", "download_url": "https://www.chanmama.com/awemeDetail/6852941393355181327", "digg_count": 1041, "digg_incr": 1041, "aweme_create_time": 1595574759, "category": 11, "volume": 0, "amount": 0}, "author": {"author_id": "857264237577132", "nickname": "蓝天白云耶", "follower_count": 129860}}, {"aweme": {"aweme_id": "6852983571381046532", "aweme_title": "雨季到了，车辆落水逃生技巧要知道，车辆必备逃生神器。#车辆落水自救 #逃生技能 #破窗锤 #落水自救", "aweme_url": "https://www.iesdouyin.com/share/video/6852983571381046532/?region=CN&mid=6852983619582020366&u_code=0&titleType=title", "download_url": "https://www.chanmama.com/awemeDetail/6852983571381046532", "digg_count": 1748, "digg_incr": 995, "aweme_create_time": 1595584584, "category": 11, "volume": 3, "amount": 119.69999999999999}, "author": {"author_id": "108661541497", "nickname": "贴地飞行", "follower_count": 908947}}, {"aweme": {"aweme_id": "6852983202223541512", "aweme_title": "大家好，我是个深情的机车博#深情 #带着insta360去骑车#机车", "aweme_url": "https://www.iesdouyin.com/share/video/6852983202223541512/?region=CN&mid=6820679957920876551&u_code=0&titleType=title", "download_url": "https://www.chanmama.com/awemeDetail/6852983202223541512", "digg_count": 1137, "digg_incr": 831, "aweme_create_time": 1595584494, "category": 11, "volume": 0, "amount": 0}, "author": {"author_id": "62339069514", "nickname": "不会摄影的机车骑士", "follower_count": 140042}}, {"aweme": {"aweme_id": "6852871127614754063", "aweme_title": "三元催化清洗中，动力不足，尾气超标，油耗升高等都可以解决#积炭清洗 #我要上热门", "aweme_url": "https://www.iesdouyin.com/share/video/6852871127614754063/?region=CN&mid=6810079977716239111&u_code=0&titleType=title", "download_url": "https://www.chanmama.com/awemeDetail/6852871127614754063", "digg_count": 1139, "digg_incr": 554, "aweme_create_time": 1595558399, "category": 11, "volume": 0, "amount": 0}, "author": {"author_id": "4481236543486619", "nickname": "蜗牛的故事", "follower_count": 20087}}, {"aweme": {"aweme_id": "6852876515726707976", "aweme_title": "开车遇到紧急情况，它能轻松帮助你脱离危险 #汽车安全锤  #成长充电站  #科技", "aweme_url": "https://www.iesdouyin.com/share/video/6852876515726707976/?region=CN&mid=6852876619992845064&u_code=0&titleType=title", "download_url": "https://www.chanmama.com/awemeDetail/6852876515726707976", "digg_count": 2115, "digg_incr": 383, "aweme_create_time": 1595559673, "category": 11, "volume": 0, "amount": 0}, "author": {"author_id": "105093762001", "nickname": "Funny科技", "follower_count": 814592}}]}