{"data": [{"aweme": {"aweme_id": "6852892493948701955", "aweme_title": "iQOO的夏天之杨帆起航1：唉~谁让我们是朋友呢！#iqoo的夏天#5G性能先锋iQOOZ1", "aweme_url": "https://www.iesdouyin.com/share/video/6852892493948701955/?region=CN&mid=6852892558691945229&u_code=0&titleType=title", "download_url": "https://www.chanmama.com/awemeDetail/6852892493948701955", "digg_count": 15793, "digg_incr": 10856, "aweme_create_time": 1595563379, "category": 12, "volume": 0, "amount": 0}, "author": {"author_id": "3786362314042830", "nickname": "iQOO手机", "follower_count": 845842}}, {"aweme": {"aweme_id": "6852976082388405519", "aweme_title": "我敢保证，有了这个网线转换器，你绝对回来感谢我！#转换器 #好物推荐 @抖音小助手", "aweme_url": "https://www.iesdouyin.com/share/video/6852976082388405519/?region=CN&mid=6852976128177900302&u_code=0&titleType=title", "download_url": "https://www.chanmama.com/awemeDetail/6852976082388405519", "digg_count": 16968, "digg_incr": 10212, "aweme_create_time": 1595582835, "category": 12, "volume": 0, "amount": 0}, "author": {"author_id": "108635964994", "nickname": "王有矿", "follower_count": 885640}}, {"aweme": {"aweme_id": "6852979554978450703", "aweme_title": "当你的手机连接网线后会发生怎样的变化？（下)#转换器 #好物推荐 @抖音小助手", "aweme_url": "https://www.iesdouyin.com/share/video/6852979554978450703/?region=CN&mid=6852979581125724942&u_code=0&titleType=title", "download_url": "https://www.chanmama.com/awemeDetail/6852979554978450703", "digg_count": 10511, "digg_incr": 7612, "aweme_create_time": 1595583644, "category": 12, "volume": 0, "amount": 0}, "author": {"author_id": "108635964994", "nickname": "王有矿", "follower_count": 885640}}, {"aweme": {"aweme_id": "6853009015308422403", "aweme_title": "#lol 混子玩家永远都不认为自己是混子哦 #深海泰坦", "aweme_url": "https://www.iesdouyin.com/share/video/6853009015308422403/?region=CN&mid=6853009053275589390&u_code=0&titleType=title", "download_url": "https://www.chanmama.com/awemeDetail/6853009015308422403", "digg_count": 9491, "digg_incr": 7306, "aweme_create_time": 1595590507, "category": 12, "volume": 0, "amount": 0}, "author": {"author_id": "4032664613694884", "nickname": "中二邻居说", "follower_count": 422649}}, {"aweme": {"aweme_id": "6852982689579027723", "aweme_title": "不就买个显卡么#显卡", "aweme_url": "https://www.iesdouyin.com/share/video/6852982689579027723/?region=CN&mid=6852982732918999821&u_code=0&titleType=title", "download_url": "https://www.chanmama.com/awemeDetail/6852982689579027723", "digg_count": 10811, "digg_incr": 6686, "aweme_create_time": 1595584379, "category": 12, "volume": 0, "amount": 0}, "author": {"author_id": "81454786592", "nickname": "iGame玩家俱乐部", "follower_count": 241442}}, {"aweme": {"aweme_id": "6852899130931481863", "aweme_title": "教你十五秒钟用手机备忘录画仓鼠#画画教程 #灵魂画手 #你好火星 #备忘录画画", "aweme_url": "https://www.iesdouyin.com/share/video/6852899130931481863/?region=CN&mid=6759316173793266443&u_code=0&titleType=title", "download_url": "https://www.chanmama.com/awemeDetail/6852899130931481863", "digg_count": 10019, "digg_incr": 6351, "aweme_create_time": 1595564919, "category": 12, "volume": 11, "amount": 1210}, "author": {"author_id": "584595437009356", "nickname": "洛咪雅爱画画", "follower_count": 333566}}, {"aweme": {"aweme_id": "6852895874054393092", "aweme_title": "后置指纹手机壳", "aweme_url": "https://www.iesdouyin.com/share/video/6852895874054393092/?region=CN&mid=6848436708157967117&u_code=0&titleType=title", "download_url": "https://www.chanmama.com/awemeDetail/6852895874054393092", "digg_count": 5945, "digg_incr": 4361, "aweme_create_time": 1595564166, "category": 12, "volume": 2, "amount": 0}, "author": {"author_id": "93585363345", "nickname": "经常换网名", "follower_count": 365570}}, {"aweme": {"aweme_id": "6852807699860622599", "aweme_title": "全网最真实特斯拉抽奖（第一波）", "aweme_url": "https://www.iesdouyin.com/share/video/6852807699860622599/?region=CN&mid=6852808216280140557&u_code=0&titleType=title", "download_url": "https://www.chanmama.com/awemeDetail/6852807699860622599", "digg_count": 4312, "digg_incr": 3692, "aweme_create_time": 1595543768, "category": 12, "volume": 1, "amount": 79}, "author": {"author_id": "60926222437", "nickname": "老K丶", "follower_count": 742228}}, {"aweme": {"aweme_id": "6852865564461911310", "aweme_title": "画个遇到阳光就变色的蝴蝶手链，太神奇了，你看懂了么?#小马良3d打印笔", "aweme_url": "https://www.iesdouyin.com/share/video/6852865564461911310/?region=CN&mid=6852865675498343181&u_code=0&titleType=title", "download_url": "https://www.chanmama.com/awemeDetail/6852865564461911310", "digg_count": 4295, "digg_incr": 3571, "aweme_create_time": 1595557126, "category": 12, "volume": 2, "amount": 66}, "author": {"author_id": "1261888432257848", "nickname": "神笔小马良", "follower_count": 434012}}, {"aweme": {"aweme_id": "6852873202633297165", "aweme_title": "老粉哭泣, 新粉扣6", "aweme_url": "https://www.iesdouyin.com/share/video/6852873202633297165/?region=CN&mid=6852873315456568077&u_code=0&titleType=title", "download_url": "https://www.chanmama.com/awemeDetail/6852873202633297165", "digg_count": 4153, "digg_incr": 3221, "aweme_create_time": 1595558900, "category": 12, "volume": 0, "amount": 0}, "author": {"author_id": "1613716677208939", "nickname": "黎恩", "follower_count": 685653}}, {"aweme": {"aweme_id": "6852882523870088456", "aweme_title": "多功能打火机钥匙扣手电筒", "aweme_url": "https://www.iesdouyin.com/share/video/6852882523870088456/?region=CN&mid=6852882994617649927&u_code=0&titleType=title", "download_url": "https://www.chanmama.com/awemeDetail/6852882523870088456", "digg_count": 4129, "digg_incr": 2746, "aweme_create_time": 1595561118, "category": 12, "volume": 0, "amount": 0}, "author": {"author_id": "84166197876", "nickname": "小师傅维修", "follower_count": 399425}}, {"aweme": {"aweme_id": "6852978132895485199", "aweme_title": "99%的人都不知道苹果手机还有这个功能，连接以太网，看看它的速度！（中）#转换器 #好物推荐", "aweme_url": "https://www.iesdouyin.com/share/video/6852978132895485199/?region=CN&mid=6852978164957072136&u_code=0&titleType=title", "download_url": "https://www.chanmama.com/awemeDetail/6852978132895485199", "digg_count": 4401, "digg_incr": 2581, "aweme_create_time": 1595583312, "category": 12, "volume": 0, "amount": 0}, "author": {"author_id": "108635964994", "nickname": "王有矿", "follower_count": 885640}}, {"aweme": {"aweme_id": "6852948909942213888", "aweme_title": "新道具来了，教程有点难，你学会了么？#手机摄影 #比心穿越紫色幻境 #时光变装 @抖音小助手", "aweme_url": "https://www.iesdouyin.com/share/video/6852948909942213888/?region=CN&mid=6851531122204412685&u_code=0&titleType=title", "download_url": "https://www.chanmama.com/awemeDetail/6852948909942213888", "digg_count": 3409, "digg_incr": 2169, "aweme_create_time": 1595576509, "category": 12, "volume": 0, "amount": 0}, "author": {"author_id": "553753089948955", "nickname": "悠然「手机摄影」", "follower_count": 180414}}, {"aweme": {"aweme_id": "6852843680013847822", "aweme_title": "街霸2 温州20强对决傲视张无忌！#游戏", "aweme_url": "https://www.iesdouyin.com/share/video/6852843680013847822/?region=CN&mid=6852843689401076493&u_code=0&titleType=title", "download_url": "https://www.chanmama.com/awemeDetail/6852843680013847822", "digg_count": 1924, "digg_incr": 1860, "aweme_create_time": 1595552010, "category": 12, "volume": 6, "amount": 34.8}, "author": {"author_id": "53278751325", "nickname": "解说小诺", "follower_count": 116296}}, {"aweme": {"aweme_id": "6852939351177841923", "aweme_title": "这样的手机壳你见过吗？可以放手机还可以卡包#手机壳#钱包手机壳 #钱包 @抖音小助手 @DOU+小助手 #D", "aweme_url": "https://www.iesdouyin.com/share/video/6852939351177841923/?region=CN&mid=6852939385911216903&u_code=3g7mc2761c4f&titleType=title", "download_url": "https://www.chanmama.com/awemeDetail/6852939351177841923", "digg_count": 2754, "digg_incr": 1765, "aweme_create_time": 1595574289, "category": 12, "volume": 0, "amount": 0}, "author": {"author_id": "111387862092", "nickname": "一点通", "follower_count": 110722}}, {"aweme": {"aweme_id": "6852978890558672139", "aweme_title": "#皮卡丘 #星座 #圣斗士 来了来了，十二星座第三弹，黄金双鱼座", "aweme_url": "https://www.iesdouyin.com/share/video/6852978890558672139/?region=CN&mid=6852978933626211085&u_code=0&titleType=title", "download_url": "https://www.chanmama.com/awemeDetail/6852978890558672139", "digg_count": 2364, "digg_incr": 1698, "aweme_create_time": 1595583493, "category": 12, "volume": 6, "amount": 0}, "author": {"author_id": "83705664652", "nickname": "花二轮同学【绘浮生】", "follower_count": 878865}}, {"aweme": {"aweme_id": "6852997417650883840", "aweme_title": "生意为什么不好？吸引用户的眼球才是成功的第一步，3D全息引流神器来了！#高科技#广告 #我要上热门", "aweme_url": "https://www.iesdouyin.com/share/video/6852997417650883840/?region=CN&mid=6810310031134051080&u_code=0&titleType=title", "download_url": "https://www.chanmama.com/awemeDetail/6852997417650883840", "digg_count": 10121, "digg_incr": 1688, "aweme_create_time": 1595587802, "category": 12, "volume": 0, "amount": 0}, "author": {"author_id": "59502890064", "nickname": "河南睿豪电子科技", "follower_count": 207263}}, {"aweme": {"aweme_id": "6853000961414139149", "aweme_title": "我是真的不会玩喷子, 因为都未成年.", "aweme_url": "https://www.iesdouyin.com/share/video/6853000961414139149/?region=CN&mid=6853001096349584142&u_code=0&titleType=title", "download_url": "https://www.chanmama.com/awemeDetail/6853000961414139149", "digg_count": 2713, "digg_incr": 1683, "aweme_create_time": 1595588645, "category": 12, "volume": 0, "amount": 0}, "author": {"author_id": "1613716677208939", "nickname": "黎恩", "follower_count": 685653}}, {"aweme": {"aweme_id": "6853012507909508352", "aweme_title": "姐妹团来啦 闺蜜们手机壳可以组团啦#手机壳 #乘风破浪的好物 @抖音小助手", "aweme_url": "https://www.iesdouyin.com/share/video/6853012507909508352/?region=CN&mid=6792522349255854855&u_code=0&titleType=title", "download_url": "https://www.chanmama.com/awemeDetail/6853012507909508352", "digg_count": 3202, "digg_incr": 1634, "aweme_create_time": 1595591315, "category": 12, "volume": 0, "amount": 0}, "author": {"author_id": "97867834736", "nickname": "3C数码配件", "follower_count": 71289}}, {"aweme": {"aweme_id": "6852988317529541892", "aweme_title": "1992的更有喜感#猫和老鼠", "aweme_url": "https://www.iesdouyin.com/share/video/6852988317529541892/?region=CN&mid=6634861976059120398&u_code=0&titleType=title", "download_url": "https://www.chanmama.com/awemeDetail/6852988317529541892", "digg_count": 1551, "digg_incr": 1418, "aweme_create_time": 1595585688, "category": 12, "volume": 0, "amount": 0}, "author": {"author_id": "98833616625", "nickname": "丁二寸", "follower_count": 222403}}, {"aweme": {"aweme_id": "6852907799387573504", "aweme_title": "作品要注重内容，记录美好生活原创，不要太多技巧，真实简单自然快乐才能上🔥门！完播评论区活跃的宝宝带走#热门", "aweme_url": "https://www.iesdouyin.com/share/video/6852907799387573504/?region=CN&mid=6852907811031649031&u_code=0&titleType=title", "download_url": "https://www.chanmama.com/awemeDetail/6852907799387573504", "digg_count": 1778, "digg_incr": 1388, "aweme_create_time": 1595566936, "category": 12, "volume": 0, "amount": 0}, "author": {"author_id": "3773158067548044", "nickname": "苏乐", "follower_count": 110318}}, {"aweme": {"aweme_id": "6852904940592008455", "aweme_title": "云飞老师的高音太震撼了，屏幕震花了", "aweme_url": "https://www.iesdouyin.com/share/video/6852904940592008455/?region=CN&mid=6852904985970150158&u_code=0&titleType=title", "download_url": "https://www.chanmama.com/awemeDetail/6852904940592008455", "digg_count": 1803, "digg_incr": 1233, "aweme_create_time": 1595566272, "category": 12, "volume": 0, "amount": 0}, "author": {"author_id": "55286707629", "nickname": "权盟音乐-杨姣", "follower_count": 291988}}, {"aweme": {"aweme_id": "6852878252369923342", "aweme_title": "#苹果钢化膜 #三块八 3.8三片！", "aweme_url": "https://www.iesdouyin.com/share/video/6852878252369923342/?region=CN&mid=6457674456516168462&u_code=0&titleType=title", "download_url": "https://www.chanmama.com/awemeDetail/6852878252369923342", "digg_count": 1218, "digg_incr": 1218, "aweme_create_time": 1595560058, "category": 12, "volume": 116, "amount": 440.79999999999995}, "author": {"author_id": "2546101480862355", "nickname": "荔枝elf", "follower_count": 255507}}, {"aweme": {"aweme_id": "6852843452607040771", "aweme_title": "小新Pro13搞促销了，好价仅此一天！", "aweme_url": "https://www.iesdouyin.com/share/video/6852843452607040771/?region=CN&mid=6852843475168578318&u_code=0&titleType=title", "download_url": "https://www.chanmama.com/awemeDetail/6852843452607040771", "digg_count": 1385, "digg_incr": 1175, "aweme_create_time": 1595556015, "category": 12, "volume": 0, "amount": 0}, "author": {"author_id": "99585144721", "nickname": "猪王", "follower_count": 393133}}, {"aweme": {"aweme_id": "6852858831681096973", "aweme_title": "你的芭比娃娃有定制款帽子么？#小马良3d打印笔 #万物皆可造", "aweme_url": "https://www.iesdouyin.com/share/video/6852858831681096973/?region=CN&mid=6852859126192556814&u_code=0&titleType=title", "download_url": "https://www.chanmama.com/awemeDetail/6852858831681096973", "digg_count": 1162, "digg_incr": 1042, "aweme_create_time": 1595555606, "category": 12, "volume": 0, "amount": 0}, "author": {"author_id": "1684083810505127", "nickname": "小马良365天教学记", "follower_count": 200415}}, {"aweme": {"aweme_id": "6852933537046301965", "aweme_title": "小哥哥要求拍个一帅到底的视频！安排！#手机摄影 #教程", "aweme_url": "https://www.iesdouyin.com/share/video/6852933537046301965/?region=CN&mid=6852933541693623053&u_code=0&titleType=title", "download_url": "https://www.chanmama.com/awemeDetail/6852933537046301965", "digg_count": 1374, "digg_incr": 1013, "aweme_create_time": 1595572930, "category": 12, "volume": 0, "amount": 0}, "author": {"author_id": "2805564887008232", "nickname": "智云玩转手机稳定器", "follower_count": 124625}}, {"aweme": {"aweme_id": "6852902106899172612", "aweme_title": "现在广东的小姐姐都这么拽？上班也得扛把菜刀？笑死我了#搞笑 #广东 #广州 #广东网红 #广东绝版男神", "aweme_url": "https://www.iesdouyin.com/share/video/6852902106899172612/?region=CN&mid=6852902143658461959&u_code=0&titleType=title", "download_url": "https://www.chanmama.com/awemeDetail/6852902106899172612", "digg_count": 1254, "digg_incr": 1004, "aweme_create_time": 1595565616, "category": 12, "volume": 1, "amount": 39.9}, "author": {"author_id": "105387810264", "nickname": "广东绝版男神", "follower_count": 792902}}, {"aweme": {"aweme_id": "6852889544988167437", "aweme_title": "女人嫁的怎么样才叫好！你听完就应该明白了！", "aweme_url": "https://www.iesdouyin.com/share/video/6852889544988167437/?region=CN&mid=6767286084909927181&u_code=0&titleType=title", "download_url": "https://www.chanmama.com/awemeDetail/6852889544988167437", "digg_count": 1094, "digg_incr": 975, "aweme_create_time": 1595562687, "category": 12, "volume": 0, "amount": 0}, "author": {"author_id": "69763950675", "nickname": "一朵气质花", "follower_count": 395046}}, {"aweme": {"aweme_id": "6852897299887115527", "aweme_title": "刚睡着的我，已经被吓醒了！@企业号小助手 @抖音动漫 #搞笑 #冷笑话 #内容过于真实", "aweme_url": "https://www.iesdouyin.com/share/video/6852897299887115527/?region=CN&mid=6849996918467152647&u_code=0&titleType=title", "download_url": "https://www.chanmama.com/awemeDetail/6852897299887115527", "digg_count": 1838, "digg_incr": 933, "aweme_create_time": 1595564493, "category": 12, "volume": 0, "amount": 0}, "author": {"author_id": "100382301045", "nickname": "阿尔法蛋官方", "follower_count": 173277}}, {"aweme": {"aweme_id": "6852903176706870531", "aweme_title": "平时大家丢耳机是丢一个还是全部丢了？今年的丢的第三个，有什么办法能让这玩意不丢吗？ #苹果airpods", "aweme_url": "https://www.iesdouyin.com/share/video/6852903176706870531/?region=CN&mid=6843607089181362177&u_code=0&titleType=title", "download_url": "https://www.chanmama.com/awemeDetail/6852903176706870531", "digg_count": 1431, "digg_incr": 892, "aweme_create_time": 1595565864, "category": 12, "volume": 0, "amount": 0}, "author": {"author_id": "94418221507", "nickname": "北京中颂和-Ked", "follower_count": 106582}}, {"aweme": {"aweme_id": "6852958468052225293", "aweme_title": "中国话太难学了", "aweme_url": "https://www.iesdouyin.com/share/video/6852958468052225293/?region=CN&mid=6852958827361340173&u_code=0&titleType=title", "download_url": "https://www.chanmama.com/awemeDetail/6852958468052225293", "digg_count": 3655, "digg_incr": 857, "aweme_create_time": 1595578757, "category": 12, "volume": 17, "amount": 5746}, "author": {"author_id": "3645622752392596", "nickname": "越南女孩", "follower_count": 391003}}, {"aweme": {"aweme_id": "6852899642695372044", "aweme_title": "你们要的链接终于来了", "aweme_url": "https://www.iesdouyin.com/share/video/6852899642695372044/?region=CN&mid=6852899659913267981&u_code=0&titleType=title", "download_url": "https://www.chanmama.com/awemeDetail/6852899642695372044", "digg_count": 1378, "digg_incr": 833, "aweme_create_time": 1595565042, "category": 12, "volume": 0, "amount": 0}, "author": {"author_id": "109662815109", "nickname": "文雕科技", "follower_count": 367799}}, {"aweme": {"aweme_id": "6852993443002666255", "aweme_title": "请叫我人形小暖炉！#lolita #充能计划", "aweme_url": "https://www.iesdouyin.com/share/video/6852993443002666255/?region=CN&mid=6795686870605891591&u_code=0&titleType=title", "download_url": "https://www.chanmama.com/awemeDetail/6852993443002666255", "digg_count": 1220, "digg_incr": 828, "aweme_create_time": 1595586877, "category": 12, "volume": 0, "amount": 0}, "author": {"author_id": "95027552935", "nickname": "小年糖果de萌萌哒", "follower_count": 235485}}, {"aweme": {"aweme_id": "6852983307223829768", "aweme_title": "我说的没错啊，10分多简单啊……#数学 #科大讯飞学习机", "aweme_url": "https://www.iesdouyin.com/share/video/6852983307223829768/?region=CN&mid=6852983350832630535&u_code=0&titleType=title", "download_url": "https://www.chanmama.com/awemeDetail/6852983307223829768", "digg_count": 1361, "digg_incr": 742, "aweme_create_time": 1595584518, "category": 12, "volume": 0, "amount": 0}, "author": {"author_id": "2123903390457901", "nickname": "才华补习班", "follower_count": 311143}}, {"aweme": {"aweme_id": "6852994094805863680", "aweme_title": "过了那么久了，还有人喜欢#哪吒 吗？#送你一张动态壁纸 #60帧", "aweme_url": "https://www.iesdouyin.com/share/video/6852994094805863680/?region=CN&mid=6852994103748348686&u_code=0&titleType=title", "download_url": "https://www.chanmama.com/awemeDetail/6852994094805863680", "digg_count": 1133, "digg_incr": 738, "aweme_create_time": 1595587028, "category": 12, "volume": 0, "amount": 0}, "author": {"author_id": "2277793638396759", "nickname": "大魔王漫剪", "follower_count": 201670}}, {"aweme": {"aweme_id": "6852965931828694284", "aweme_title": "想知道不同#年代 的人都是怎么#读书 的吗？答案就是……#kindle读书日常", "aweme_url": "https://www.iesdouyin.com/share/video/6852965931828694284/?region=CN&mid=6852966107465255687&u_code=0&titleType=title", "download_url": "https://www.chanmama.com/awemeDetail/6852965931828694284", "digg_count": 2578, "digg_incr": 363, "aweme_create_time": 1595580478, "category": 12, "volume": 0, "amount": 0}, "author": {"author_id": "100475452251", "nickname": "亚马逊Kindle", "follower_count": 175005}}, {"aweme": {"aweme_id": "6852936587270032648", "aweme_title": "OPPO Reno4 Pro游戏实测", "aweme_url": "https://www.iesdouyin.com/share/video/6852936587270032648/?region=CN&mid=6852936714483469070&u_code=0&titleType=title", "download_url": "https://www.chanmama.com/awemeDetail/6852936587270032648", "digg_count": 1066, "digg_incr": 332, "aweme_create_time": 1595573664, "category": 12, "volume": 0, "amount": 0}, "author": {"author_id": "84230853500", "nickname": "数码先生", "follower_count": 142489}}, {"aweme": {"aweme_id": "6852978708483951875", "aweme_title": "最近最喜欢的东西啦，感觉当礼物送朋友也很适合的呐～#居家好物 #智能生活", "aweme_url": "https://www.iesdouyin.com/share/video/6852978708483951875/?region=CN&mid=6852978882854079245&u_code=0&titleType=title", "download_url": "https://www.chanmama.com/awemeDetail/6852978708483951875", "digg_count": 2435, "digg_incr": 290, "aweme_create_time": 1595583481, "category": 12, "volume": 0, "amount": 0}, "author": {"author_id": "109330600458", "nickname": "1001个居家好物", "follower_count": 120429}}]}