{"data": [{"aweme": {"aweme_id": "6852974341538286852", "aweme_title": "韩式烤肉and部队火锅，是神仙搭配吧 #小海星的日常  @DOU+小助手", "aweme_url": "https://www.iesdouyin.com/share/video/6852974341538286852/?region=CN&mid=6852974528961137416&u_code=0&titleType=title", "download_url": "https://www.chanmama.com/awemeDetail/6852974341538286852", "digg_count": 193648, "digg_incr": 86250, "aweme_create_time": 1595582467, "category": 13, "volume": 0, "amount": 0}, "author": {"author_id": "61565996364", "nickname": "小小小海星", "follower_count": 120888}}, {"aweme": {"aweme_id": "6852835881536032012", "aweme_title": "#燃气如何选购👪 你还在为选灶而烦恼吗？今天他来了，易清洁，热效率高，#完美 #不负每一份热", "aweme_url": "https://www.iesdouyin.com/share/video/6852835881536032012/?region=CN&mid=6852835902633331469&u_code=0&titleType=title", "download_url": "https://www.chanmama.com/awemeDetail/6852835881536032012", "digg_count": 67190, "digg_incr": 66878, "aweme_create_time": 1595550203, "category": 13, "volume": 38, "amount": 23864}, "author": {"author_id": "2999082738780788", "nickname": "鸿杰电器", "follower_count": 243457}}, {"aweme": {"aweme_id": "6852865645835504909", "aweme_title": "全自动面条机 正在直播", "aweme_url": "https://www.iesdouyin.com/share/video/6852865645835504909/?region=CN&mid=6852865905236380428&u_code=0&titleType=title", "download_url": "https://www.chanmama.com/awemeDetail/6852865645835504909", "digg_count": 66080, "digg_incr": 66251, "aweme_create_time": 1595557144, "category": 13, "volume": 40, "amount": 15920}, "author": {"author_id": "3825897882266557", "nickname": "义乌书维商务啊龍", "follower_count": 564710}}, {"aweme": {"aweme_id": "6852838486622407936", "aweme_title": "暗恋三年的老师要离开我了，真的舍不得你，那么漂亮的脸蛋和身材。#西海情歌 @抖音小助手 #热门", "aweme_url": "https://www.iesdouyin.com/share/video/6852838486622407936/?region=CN&mid=6852838458856065805&u_code=0&titleType=title", "download_url": "https://www.chanmama.com/awemeDetail/6852838486622407936", "digg_count": 16259, "digg_incr": 15929, "aweme_create_time": 1595550801, "category": 13, "volume": 0, "amount": 0}, "author": {"author_id": "2378974493937004", "nickname": "七色摇篮曲🎶", "follower_count": 276412}}, {"aweme": {"aweme_id": "6852937242311183624", "aweme_title": "中心温度63度的猪里脊，真的非常嫩多汁。@抖音美食 #美食趣胃计划@DOU+小助手", "aweme_url": "https://www.iesdouyin.com/share/video/6852937242311183624/?region=CN&mid=6852937360877767437&u_code=0&titleType=title", "download_url": "https://www.chanmama.com/awemeDetail/6852937242311183624", "digg_count": 16011, "digg_incr": 13563, "aweme_create_time": 1595585642, "category": 13, "volume": 3, "amount": 0}, "author": {"author_id": "108592079249", "nickname": "阿男的食谱", "follower_count": 701023}}, {"aweme": {"aweme_id": "6852851561081703692", "aweme_title": "船长给大家分享一下赤道无风带，帆船的禁区，航海人真希望大海永远风平浪静，船长祝愿好朋友们一生都平平安安的！", "aweme_url": "https://www.iesdouyin.com/share/video/6852851561081703692/?region=CN&mid=6852851591561661191&u_code=0&titleType=title", "download_url": "https://www.chanmama.com/awemeDetail/6852851561081703692", "digg_count": 16201, "digg_incr": 12269, "aweme_create_time": 1595553850, "category": 13, "volume": 0, "amount": 0}, "author": {"author_id": "94698846791", "nickname": "中国船长", "follower_count": 846962}}, {"aweme": {"aweme_id": "6852909930769419527", "aweme_title": "家庭版六个核桃做法营养又好喝 #破壁机", "aweme_url": "https://www.iesdouyin.com/share/video/6852909930769419527/?region=CN&mid=6852910383210613517&u_code=0&titleType=title", "download_url": "https://www.chanmama.com/awemeDetail/6852909930769419527", "digg_count": 19680, "digg_incr": 11420, "aweme_create_time": 1595567457, "category": 13, "volume": 8, "amount": 2232}, "author": {"author_id": "60646046669", "nickname": "高兴家🏠", "follower_count": 291378}}, {"aweme": {"aweme_id": "6852718418546773248", "aweme_title": "还是饺子香！", "aweme_url": "https://www.iesdouyin.com/share/video/6852718418546773248/?region=CN&mid=6852718407893142279&u_code=0&titleType=title", "download_url": "https://www.chanmama.com/awemeDetail/6852718418546773248", "digg_count": 8707, "digg_incr": 8096, "aweme_create_time": 1595522851, "category": 13, "volume": 21, "amount": 1659}, "author": {"author_id": "1015546860550747", "nickname": "庆九家居好物", "follower_count": 319833}}, {"aweme": {"aweme_id": "6852982530325482752", "aweme_title": "上下两层，超高楼层，全漏缝，4个月不用清粪，直接楼下发酵。这个猪场建设成本有点高#猪场建设", "aweme_url": "https://www.iesdouyin.com/share/video/6852982530325482752/?region=CN&mid=6852982552752622343&u_code=0&titleType=title", "download_url": "https://www.chanmama.com/awemeDetail/6852982530325482752", "digg_count": 6996, "digg_incr": 6969, "aweme_create_time": 1595584336, "category": 13, "volume": 0, "amount": 0}, "author": {"author_id": "3966643013955200", "nickname": "积牧 养猪那些事儿", "follower_count": 158846}}, {"aweme": {"aweme_id": "6852929256910097677", "aweme_title": "三种很好吃的肉串调料#美食趣胃计划 #夏日美食我来探 #九阳轻食主义 #趣胃大比拼 @抖音小助手 @抖音美食", "aweme_url": "https://www.iesdouyin.com/share/video/6852929256910097677/?region=CN&mid=6751320434718801934&u_code=0&titleType=title", "download_url": "https://www.chanmama.com/awemeDetail/6852929256910097677", "digg_count": 6658, "digg_incr": 6413, "aweme_create_time": 1595571934, "category": 13, "volume": 0, "amount": 0}, "author": {"author_id": "67823003794", "nickname": "野先生y", "follower_count": 690633}}, {"aweme": {"aweme_id": "6852947452471889163", "aweme_title": "刚入坑觉得海苔真丑 现在香的不行 有人和我一样吗", "aweme_url": "https://www.iesdouyin.com/share/video/6852947452471889163/?region=CN&mid=6818792773156603911&u_code=0&titleType=title", "download_url": "https://www.chanmama.com/awemeDetail/6852947452471889163", "digg_count": 9474, "digg_incr": 6136, "aweme_create_time": 1595576176, "category": 13, "volume": 0, "amount": 0}, "author": {"author_id": "72618429339", "nickname": "小皮球", "follower_count": 239215}}, {"aweme": {"aweme_id": "6852976181642398991", "aweme_title": "不敢看二十不惑，因为那是我想回回不去的青春，不敢看三十而已，因为那是我即将要面对的生活", "aweme_url": "https://www.iesdouyin.com/share/video/6852976181642398991/?region=CN&mid=6852976256368020232&u_code=0&titleType=title", "download_url": "https://www.chanmama.com/awemeDetail/6852976181642398991", "digg_count": 6729, "digg_incr": 5573, "aweme_create_time": 1595582858, "category": 13, "volume": 0, "amount": 0}, "author": {"author_id": "58619781823", "nickname": "蛋糕麻麻", "follower_count": 887432}}, {"aweme": {"aweme_id": "6852986262660320520", "aweme_title": "#汤", "aweme_url": "https://www.iesdouyin.com/share/video/6852986262660320520/?region=CN&mid=6852986290850712333&u_code=0&titleType=title", "download_url": "https://www.chanmama.com/awemeDetail/6852986262660320520", "digg_count": 7357, "digg_incr": 5492, "aweme_create_time": 1595585206, "category": 13, "volume": 2, "amount": 218}, "author": {"author_id": "63679498071", "nickname": "Lookocherry.大徐", "follower_count": 892869}}, {"aweme": {"aweme_id": "6852930522214190336", "aweme_title": "一直想有一个自动蒜泥器，没想到真的被我找到啦。#抖音上买的好东西", "aweme_url": "https://www.iesdouyin.com/share/video/6852930522214190336/?region=CN&mid=6627253943682468621&u_code=39cg4f8ee4gl&titleType=title", "download_url": "https://www.chanmama.com/awemeDetail/6852930522214190336", "digg_count": 4882, "digg_incr": 4731, "aweme_create_time": 1595572227, "category": 13, "volume": 0, "amount": 0}, "author": {"author_id": "2317377196275443", "nickname": "柚小西", "follower_count": 188319}}, {"aweme": {"aweme_id": "6853025194240494863", "aweme_title": "只有300条，码数偏大往小一码拍😃", "aweme_url": "https://www.iesdouyin.com/share/video/6853025194240494863/?region=CN&mid=6845172563329452808&u_code=0&titleType=title", "download_url": "https://www.chanmama.com/awemeDetail/6853025194240494863", "digg_count": 5153, "digg_incr": 4726, "aweme_create_time": 1595594269, "category": 13, "volume": 157, "amount": 15543}, "author": {"author_id": "96384415935", "nickname": "沈阳语乐服饰店", "follower_count": 265458}}, {"aweme": {"aweme_id": "6852994118772149508", "aweme_title": "竟然还有这种脱脂的空气炸锅？太好用了！可惜电影院不能吃东西，让我帮你解决掉吧嘻嘻#美食趣胃计划 #炸鸡 #薯条", "aweme_url": "https://www.iesdouyin.com/share/video/6852994118772149508/?region=CN&mid=6852994170878331662&u_code=0&titleType=title", "download_url": "https://www.chanmama.com/awemeDetail/6852994118772149508", "digg_count": 5550, "digg_incr": 4145, "aweme_create_time": 1595587040, "category": 13, "volume": 0, "amount": 0}, "author": {"author_id": "2836391020213292", "nickname": "众趣办公室女团", "follower_count": 597729}}, {"aweme": {"aweme_id": "6852945685449362702", "aweme_title": "#神兽在家 早餐吃什么？第二款意外的好吃 #九阳萌厨天团@DOU+小助手", "aweme_url": "https://www.iesdouyin.com/share/video/6852945685449362702/?region=CN&mid=6852945710942276360&u_code=0&titleType=title", "download_url": "https://www.chanmama.com/awemeDetail/6852945685449362702", "digg_count": 5367, "digg_incr": 4117, "aweme_create_time": 1595575759, "category": 13, "volume": 0, "amount": 0}, "author": {"author_id": "98973201372", "nickname": "小艳爱美食", "follower_count": 348748}}, {"aweme": {"aweme_id": "6852882825176157454", "aweme_title": "二小姐，来了@抖音小助手", "aweme_url": "https://www.iesdouyin.com/share/video/6852882825176157454/?region=CN&mid=6852882840700259080&u_code=0&titleType=title", "download_url": "https://www.chanmama.com/awemeDetail/6852882825176157454", "digg_count": 4052, "digg_incr": 3736, "aweme_create_time": 1595561123, "category": 13, "volume": 0, "amount": 0}, "author": {"author_id": "106034767545", "nickname": "清风（二小姐）", "follower_count": 344363}}, {"aweme": {"aweme_id": "6853006323580144903", "aweme_title": "二小姐，来了@抖音小助手", "aweme_url": "https://www.iesdouyin.com/share/video/6853006323580144903/?region=CN&mid=6853006366203005710&u_code=0&titleType=title", "download_url": "https://www.chanmama.com/awemeDetail/6853006323580144903", "digg_count": 4554, "digg_incr": 3609, "aweme_create_time": 1595589876, "category": 13, "volume": 0, "amount": 0}, "author": {"author_id": "106034767545", "nickname": "清风（二小姐）", "follower_count": 344363}}, {"aweme": {"aweme_id": "6852884820398181645", "aweme_title": "便携式多功能蓝牙低音炮音箱", "aweme_url": "https://www.iesdouyin.com/share/video/6852884820398181645/?region=CN&mid=6852885228373936899&u_code=0&titleType=title", "download_url": "https://www.chanmama.com/awemeDetail/6852884820398181645", "digg_count": 5076, "digg_incr": 3521, "aweme_create_time": 1595561606, "category": 13, "volume": 0, "amount": 0}, "author": {"author_id": "61478934454", "nickname": "电车维修", "follower_count": 135898}}, {"aweme": {"aweme_id": "6852706849506987264", "aweme_title": "把我给气得哟，你们几千张嘴，说不过你们#正在直播中请点头像进入 #电煮锅 #电商 #好物推荐", "aweme_url": "https://www.iesdouyin.com/share/video/6852706849506987264/?region=CN&mid=6852706838950054663&u_code=0&titleType=title", "download_url": "https://www.chanmama.com/awemeDetail/6852706849506987264", "digg_count": 5232, "digg_incr": 3428, "aweme_create_time": 1595520152, "category": 13, "volume": 54, "amount": 1074.6}, "author": {"author_id": "100585619638", "nickname": "新鑫源百货", "follower_count": 58720}}, {"aweme": {"aweme_id": "6853003539086576911", "aweme_title": "还是饺子香！", "aweme_url": "https://www.iesdouyin.com/share/video/6853003539086576911/?region=CN&mid=6853003556488841991&u_code=0&titleType=title", "download_url": "https://www.chanmama.com/awemeDetail/6853003539086576911", "digg_count": 4190, "digg_incr": 3388, "aweme_create_time": 1595589227, "category": 13, "volume": 6, "amount": 474}, "author": {"author_id": "1015546860550747", "nickname": "庆九家居好物", "follower_count": 319833}}, {"aweme": {"aweme_id": "6853004387539799307", "aweme_title": "坚持喝，足不出户也能让你瘦下来！", "aweme_url": "https://www.iesdouyin.com/share/video/6853004387539799307/?region=CN&mid=6853004417437076238&u_code=0&titleType=title", "download_url": "https://www.chanmama.com/awemeDetail/6853004387539799307", "digg_count": 3467, "digg_incr": 3355, "aweme_create_time": 1595589430, "category": 13, "volume": 0, "amount": 0}, "author": {"author_id": "3988628390289419", "nickname": "瘦食谱", "follower_count": 224424}}, {"aweme": {"aweme_id": "6852949072047869192", "aweme_title": "造孽啊！又被吓个半S！#渣猫 #居然被一只猫帅到了 @DOU+小助手", "aweme_url": "https://www.iesdouyin.com/share/video/6852949072047869192/?region=CN&mid=6852949195134864136&u_code=0&titleType=title", "download_url": "https://www.chanmama.com/awemeDetail/6852949072047869192", "digg_count": 3250, "digg_incr": 3189, "aweme_create_time": 1595576569, "category": 13, "volume": 0, "amount": 0}, "author": {"author_id": "85858313650", "nickname": "追觅科技", "follower_count": 49866}}, {"aweme": {"aweme_id": "6852495573874986247", "aweme_title": "20秒教你做一份好吃又简单的趣胃早餐😋#美食趣胃计划 #早餐", "aweme_url": "https://www.iesdouyin.com/share/video/6852495573874986247/?region=CN&mid=6833721860635970311&u_code=0&titleType=title", "download_url": "https://www.chanmama.com/awemeDetail/6852495573874986247", "digg_count": 3212, "digg_incr": 3157, "aweme_create_time": 1595550600, "category": 13, "volume": 0, "amount": 0}, "author": {"author_id": "1965514689615917", "nickname": "阿菜食记", "follower_count": 303625}}, {"aweme": {"aweme_id": "6852684351860231428", "aweme_title": "别太得瑟，没什么好结果😒#扫地机器人", "aweme_url": "https://www.iesdouyin.com/share/video/6852684351860231428/?region=CN&mid=6852684401695279880&u_code=0&titleType=title", "download_url": "https://www.chanmama.com/awemeDetail/6852684351860231428", "digg_count": 3492, "digg_incr": 2546, "aweme_create_time": 1595554860, "category": 13, "volume": 0, "amount": 0}, "author": {"author_id": "104216786117", "nickname": "帅匡匡夫妇的日常生活", "follower_count": 457031}}, {"aweme": {"aweme_id": "6852996622612286723", "aweme_title": "三餐正常，四餐满意#这个视频很有料 #日常vlog #独居女孩的生活 #早餐三明治 #不限流 #一人食", "aweme_url": "https://www.iesdouyin.com/share/video/6852996622612286723/?region=CN&mid=6852996680833338119&u_code=0&titleType=title", "download_url": "https://www.chanmama.com/awemeDetail/6852996622612286723", "digg_count": 3616, "digg_incr": 2513, "aweme_create_time": 1595587623, "category": 13, "volume": 0, "amount": 0}, "author": {"author_id": "60819782628", "nickname": "范一月", "follower_count": 182188}}, {"aweme": {"aweme_id": "6852615395854060808", "aweme_title": "大家问的最多的话题，狗娃报复的行为实在实在没办法就只能喂点鞋底子", "aweme_url": "https://www.iesdouyin.com/share/video/6852615395854060808/?region=CN&mid=6852615498976824078&u_code=0&titleType=title", "download_url": "https://www.chanmama.com/awemeDetail/6852615395854060808", "digg_count": 2529, "digg_incr": 2387, "aweme_create_time": 1595558700, "category": 13, "volume": 4, "amount": 352}, "author": {"author_id": "94324304081", "nickname": "奥利与奥斯卡", "follower_count": 159094}}, {"aweme": {"aweme_id": "6852901011254791437", "aweme_title": "炸酱面这样做才正宗。#抖音小助手 #抖家小助手 #美食趣胃计划", "aweme_url": "https://www.iesdouyin.com/share/video/6852901011254791437/?region=CN&mid=6852901033841134350&u_code=0&titleType=title", "download_url": "https://www.chanmama.com/awemeDetail/6852901011254791437", "digg_count": 2640, "digg_incr": 2090, "aweme_create_time": 1595565358, "category": 13, "volume": 0, "amount": 0}, "author": {"author_id": "3548858908421559", "nickname": "候哥厨房", "follower_count": 931636}}, {"aweme": {"aweme_id": "6853006099759500555", "aweme_title": "我感觉 两个人口味相投比趣味相投更重要 #美食趣胃计划  @DOU+小助手", "aweme_url": "https://www.iesdouyin.com/share/video/6853006099759500555/?region=CN&mid=6853006263010642702&u_code=0&titleType=title", "download_url": "https://www.chanmama.com/awemeDetail/6853006099759500555", "digg_count": 2698, "digg_incr": 2035, "aweme_create_time": 1595589852, "category": 13, "volume": 0, "amount": 0}, "author": {"author_id": "4234910190277763", "nickname": "肯尼の饭桌", "follower_count": 663062}}, {"aweme": {"aweme_id": "6852981452825545984", "aweme_title": "你有‘饭桶’体质吗？我找到可以大口吃米饭也不怕发胖的办法了#懒人减肥", "aweme_url": "https://www.iesdouyin.com/share/video/6852981452825545984/?region=CN&mid=6852981494944779015&u_code=0&titleType=title", "download_url": "https://www.chanmama.com/awemeDetail/6852981452825545984", "digg_count": 2595, "digg_incr": 1968, "aweme_create_time": 1595584085, "category": 13, "volume": 0, "amount": 0}, "author": {"author_id": "59885541282", "nickname": "生活百科叫中狈", "follower_count": 781113}}, {"aweme": {"aweme_id": "6852889370806979852", "aweme_title": "果汁这样喝，让你又白又瘦又迷人！", "aweme_url": "https://www.iesdouyin.com/share/video/6852889370806979852/?region=CN&mid=6852889395943443207&u_code=0&titleType=title", "download_url": "https://www.chanmama.com/awemeDetail/6852889370806979852", "digg_count": 1870, "digg_incr": 1842, "aweme_create_time": 1595562651, "category": 13, "volume": 2, "amount": 118}, "author": {"author_id": "3988628390289419", "nickname": "瘦食谱", "follower_count": 224424}}, {"aweme": {"aweme_id": "6852887558225939712", "aweme_title": "坚持喝，足不出户也能让你瘦下来！", "aweme_url": "https://www.iesdouyin.com/share/video/6852887558225939712/?region=CN&mid=6852887584453380877&u_code=0&titleType=title", "download_url": "https://www.chanmama.com/awemeDetail/6852887558225939712", "digg_count": 1819, "digg_incr": 1830, "aweme_create_time": 1595562230, "category": 13, "volume": 20, "amount": 1121}, "author": {"author_id": "67203670408", "nickname": "喝出来的美", "follower_count": 117737}}, {"aweme": {"aweme_id": "6853015441892183311", "aweme_title": "二小姐，来了@抖音小助手", "aweme_url": "https://www.iesdouyin.com/share/video/6853015441892183311/?region=CN&mid=6853015455112628999&u_code=0&titleType=title", "download_url": "https://www.chanmama.com/awemeDetail/6853015441892183311", "digg_count": 2276, "digg_incr": 1828, "aweme_create_time": 1595591998, "category": 13, "volume": 0, "amount": 0}, "author": {"author_id": "1297064683376120", "nickname": "贵阳二小姐", "follower_count": 328413}}, {"aweme": {"aweme_id": "6852971067938589965", "aweme_title": "#奇葩队友 #csgo #老草莓 新一集来啦~在我的BGM里谁能打败我！？", "aweme_url": "https://www.iesdouyin.com/share/video/6852971067938589965/?region=CN&mid=6852971223706503950&u_code=0&titleType=title", "download_url": "https://www.chanmama.com/awemeDetail/6852971067938589965", "digg_count": 2225, "digg_incr": 1795, "aweme_create_time": 1595581687, "category": 13, "volume": 6, "amount": 834}, "author": {"author_id": "62027226786", "nickname": "老草莓🍓", "follower_count": 270015}}, {"aweme": {"aweme_id": "6853052586040364299", "aweme_title": "今晚喝浓浓的鲜鱼汤，这样做出来太美味了，爱吃香菜的可以撒点香菜哦#破壁机", "aweme_url": "https://www.iesdouyin.com/share/video/6853052586040364299/?region=CN&mid=6853052628868942600&u_code=0&titleType=title", "download_url": "https://www.chanmama.com/awemeDetail/6853052586040364299", "digg_count": 3235, "digg_incr": 1607, "aweme_create_time": 1595600652, "category": 13, "volume": 0, "amount": 0}, "author": {"author_id": "78500623629", "nickname": "桃子妈妈", "follower_count": 596426}}, {"aweme": {"aweme_id": "6852992153002478859", "aweme_title": "#办公室日常 高颜值又实用的#吹风机 集美们 冲鸭～#闺蜜团", "aweme_url": "https://www.iesdouyin.com/share/video/6852992153002478859/?region=CN&mid=6852992195356674830&u_code=0&titleType=title", "download_url": "https://www.chanmama.com/awemeDetail/6852992153002478859", "digg_count": 5695, "digg_incr": 1602, "aweme_create_time": 1595586582, "category": 13, "volume": 2, "amount": 29.8}, "author": {"author_id": "2422962102480055", "nickname": "小阳哥", "follower_count": 336560}}, {"aweme": {"aweme_id": "6852882771438734592", "aweme_title": "#抖音上买的好东西 一直想有一个自动蒜泥器，没想到真的被我找到啦。#好物", "aweme_url": "https://www.iesdouyin.com/share/video/6852882771438734592/?region=CN&mid=6627253943682468621&u_code=379jm8f24bc2&titleType=title", "download_url": "https://www.chanmama.com/awemeDetail/6852882771438734592", "digg_count": 1684, "digg_incr": 1556, "aweme_create_time": 1595561109, "category": 13, "volume": 0, "amount": 0}, "author": {"author_id": "108725733507", "nickname": "小阿七", "follower_count": 159312}}, {"aweme": {"aweme_id": "6852912989121580288", "aweme_title": "吃饺子再也不用剁馅了，用它太方便了#绞肉机 #家庭必备 @抖音小助手", "aweme_url": "https://www.iesdouyin.com/share/video/6852912989121580288/?region=CN&mid=6852913264041855752&u_code=0&titleType=title", "download_url": "https://www.chanmama.com/awemeDetail/6852912989121580288", "digg_count": 1559, "digg_incr": 1507, "aweme_create_time": 1595568144, "category": 13, "volume": 11, "amount": 869}, "author": {"author_id": "1015546860550747", "nickname": "庆九家居好物", "follower_count": 319833}}, {"aweme": {"aweme_id": "6852947956677594368", "aweme_title": "被骗养狗的第五年（今天大黄5岁了）我等会去数数遛狗穿坏了几双鞋子😂#宠物 #金毛", "aweme_url": "https://www.iesdouyin.com/share/video/6852947956677594368/?region=CN&mid=6852947970338343693&u_code=0&titleType=title", "download_url": "https://www.chanmama.com/awemeDetail/6852947956677594368", "digg_count": 2165, "digg_incr": 1481, "aweme_create_time": 1595576287, "category": 13, "volume": 1, "amount": 0}, "author": {"author_id": "58051784434", "nickname": "金毛夏天", "follower_count": 934235}}, {"aweme": {"aweme_id": "6852747477733477645", "aweme_title": "解释得口干舌燥，怎么才能相信我不是骗子#正在直播中请点头像进入 #电煮锅 #电商 #好物推荐", "aweme_url": "https://www.iesdouyin.com/share/video/6852747477733477645/?region=CN&mid=6852747458351942407&u_code=0&titleType=title", "download_url": "https://www.chanmama.com/awemeDetail/6852747477733477645", "digg_count": 5785, "digg_incr": 1468, "aweme_create_time": 1595529651, "category": 13, "volume": 15, "amount": 298.5}, "author": {"author_id": "100585619638", "nickname": "新鑫源百货", "follower_count": 58720}}, {"aweme": {"aweme_id": "6852878847268900110", "aweme_title": "性价比超高的电动拖把，摆脱电线的束缚，拖地比遛狗还轻松 #电动拖把  #科技", "aweme_url": "https://www.iesdouyin.com/share/video/6852878847268900110/?region=CN&mid=6852878935521250062&u_code=0&titleType=title", "download_url": "https://www.chanmama.com/awemeDetail/6852878847268900110", "digg_count": 1429, "digg_incr": 1389, "aweme_create_time": 1595560213, "category": 13, "volume": 0, "amount": 0}, "author": {"author_id": "3109029435938573", "nickname": "科技创想", "follower_count": 386648}}, {"aweme": {"aweme_id": "6852792157510601999", "aweme_title": "绞肉机今天有活动了！#好用 #居家好物", "aweme_url": "https://www.iesdouyin.com/share/video/6852792157510601999/?region=CN&mid=6852792039264783117&u_code=0&titleType=title", "download_url": "https://www.chanmama.com/awemeDetail/6852792157510601999", "digg_count": 1322, "digg_incr": 1322, "aweme_create_time": 1595540029, "category": 13, "volume": 5, "amount": 149.5}, "author": {"author_id": "3364128263255708", "nickname": "好用姐（娟子）", "follower_count": 65482}}, {"aweme": {"aweme_id": "6852710366212934919", "aweme_title": "想吃烧烤又怕长胖的，可以试试这个无油的空气炸锅哦#安禾美食 #你好火星 #喝彩变身", "aweme_url": "https://www.iesdouyin.com/share/video/6852710366212934919/?region=CN&mid=6845950631950158605&u_code=0&titleType=title", "download_url": "https://www.chanmama.com/awemeDetail/6852710366212934919", "digg_count": 1243, "digg_incr": 1158, "aweme_create_time": 1595520977, "category": 13, "volume": 0, "amount": 0}, "author": {"author_id": "93971843522", "nickname": "安禾", "follower_count": 122072}}, {"aweme": {"aweme_id": "6852883076196977920", "aweme_title": "看看我家的神器吧？用它绞肉、辣椒、蒜、豆角特别方便哦。#抖音上买的好东西 #了不起的生活好物", "aweme_url": "https://www.iesdouyin.com/share/video/6852883076196977920/?region=CN&mid=6627253943682468621&u_code=1jk601cm4ae8&titleType=title", "download_url": "https://www.chanmama.com/awemeDetail/6852883076196977920", "digg_count": 1165, "digg_incr": 1157, "aweme_create_time": 1595561180, "category": 13, "volume": 0, "amount": 0}, "author": {"author_id": "2317377196275443", "nickname": "柚小西", "follower_count": 188319}}, {"aweme": {"aweme_id": "6852777124051389709", "aweme_title": "我们之间不管怎样我没有对不起你，因为我付出我全部真心去爱你，但是我对不起我自己，因为我弄丢了我全部的快乐！", "aweme_url": "https://www.iesdouyin.com/share/video/6852777124051389709/?region=CN&mid=6850807672423254792&u_code=0&titleType=title", "download_url": "https://www.chanmama.com/awemeDetail/6852777124051389709", "digg_count": 1170, "digg_incr": 1057, "aweme_create_time": 1595536566, "category": 13, "volume": 0, "amount": 0}, "author": {"author_id": "4195334750744231", "nickname": "潮琳饰品", "follower_count": 47162}}, {"aweme": {"aweme_id": "6852942930471095566", "aweme_title": "1瓶可乐，2斤排骨，30分钟做好", "aweme_url": "https://www.iesdouyin.com/share/video/6852942930471095566/?region=CN&mid=6852942955024894727&u_code=0&titleType=title", "download_url": "https://www.chanmama.com/awemeDetail/6852942930471095566", "digg_count": 1263, "digg_incr": 1035, "aweme_create_time": 1595575117, "category": 13, "volume": 0, "amount": 0}, "author": {"author_id": "72361838893", "nickname": "无肉不欢", "follower_count": 311090}}, {"aweme": {"aweme_id": "6852987554837351683", "aweme_title": "智能电饭煲，这里价格非常便宜，内胆铝合金不粘锅。@抖音小助手", "aweme_url": "https://www.iesdouyin.com/share/video/6852987554837351683/?region=CN&mid=6852987590707366670&u_code=0&titleType=title", "download_url": "https://www.chanmama.com/awemeDetail/6852987554837351683", "digg_count": 2202, "digg_incr": 1011, "aweme_create_time": 1595585512, "category": 13, "volume": 3, "amount": 0}, "author": {"author_id": "97997236980", "nickname": "金尊商贸官方账号", "follower_count": 688030}}, {"aweme": {"aweme_id": "6852984673912589583", "aweme_title": "没有哪个孩子不喜欢这个豆浆，真的特别好喝，香甜浓郁营养丰富！#豆浆 #破壁机 @DOU+小助手", "aweme_url": "https://www.iesdouyin.com/share/video/6852984673912589583/?region=CN&mid=6566622092949719811&u_code=0&titleType=title", "download_url": "https://www.chanmama.com/awemeDetail/6852984673912589583", "digg_count": 1633, "digg_incr": 933, "aweme_create_time": 1595584835, "category": 13, "volume": 11, "amount": 3289}, "author": {"author_id": "3861079347440255", "nickname": "小轻食", "follower_count": 285761}}, {"aweme": {"aweme_id": "6853002002490805504", "aweme_title": "刚捡的#低音炮 #音箱 ，一不小心掉水里了！#717奇妙好物在这里 #户外", "aweme_url": "https://www.iesdouyin.com/share/video/6853002002490805504/?region=CN&mid=6835534346401614606&u_code=0&titleType=title", "download_url": "https://www.chanmama.com/awemeDetail/6853002002490805504", "digg_count": 1150, "digg_incr": 888, "aweme_create_time": 1595588870, "category": 13, "volume": 37, "amount": 5106}, "author": {"author_id": "96089881161", "nickname": "京内科技馆", "follower_count": 935048}}, {"aweme": {"aweme_id": "6852850985958739212", "aweme_title": "你经常熬夜吗？#榨汁机 #便携榨汁机 #充电榨汁机", "aweme_url": "https://www.iesdouyin.com/share/video/6852850985958739212/?region=CN&mid=6637331597626444552&u_code=0&titleType=title", "download_url": "https://www.chanmama.com/awemeDetail/6852850985958739212", "digg_count": 1069, "digg_incr": 886, "aweme_create_time": 1595553717, "category": 13, "volume": 1, "amount": 29}, "author": {"author_id": "584560087405197", "nickname": "生活必买站", "follower_count": 974753}}, {"aweme": {"aweme_id": "6852972800194448654", "aweme_title": "你可以低头认错，但绝对不能抬头认输！哪怕活的像个破罐子，也要摔得比别人响#大实话 #加油 #励志", "aweme_url": "https://www.iesdouyin.com/share/video/6852972800194448654/?region=CN&mid=6852972823624223496&u_code=0&titleType=title", "download_url": "https://www.chanmama.com/awemeDetail/6852972800194448654", "digg_count": 1229, "digg_incr": 885, "aweme_create_time": 1595582072, "category": 13, "volume": 0, "amount": 0}, "author": {"author_id": "105054781734", "nickname": "山海", "follower_count": 176148}}, {"aweme": {"aweme_id": "6852867247342472448", "aweme_title": "理想的水壶造型，这个颜色真的太喜欢了，颜值担当。@抖音小助手", "aweme_url": "https://www.iesdouyin.com/share/video/6852867247342472448/?region=CN&mid=6763808052652034050&u_code=0&titleType=title", "download_url": "https://www.chanmama.com/awemeDetail/6852867247342472448", "digg_count": 1318, "digg_incr": 861, "aweme_create_time": 1595557495, "category": 13, "volume": 0, "amount": 0}, "author": {"author_id": "71571497930", "nickname": "思思猫", "follower_count": 618676}}, {"aweme": {"aweme_id": "6852892980668386567", "aweme_title": "解放双手的神器，高层再也不用担心擦玻璃了#科沃斯擦窗机器人", "aweme_url": "https://www.iesdouyin.com/share/video/6852892980668386567/?region=CN&mid=6810816431312095240&u_code=0&titleType=title", "download_url": "https://www.chanmama.com/awemeDetail/6852892980668386567", "digg_count": 2359, "digg_incr": 834, "aweme_create_time": 1595581200, "category": 13, "volume": 0, "amount": 0}, "author": {"author_id": "61182700008", "nickname": "cc", "follower_count": 297585}}, {"aweme": {"aweme_id": "6852993443002666255", "aweme_title": "请叫我人形小暖炉！#lolita #充能计划", "aweme_url": "https://www.iesdouyin.com/share/video/6852993443002666255/?region=CN&mid=6795686870605891591&u_code=0&titleType=title", "download_url": "https://www.chanmama.com/awemeDetail/6852993443002666255", "digg_count": 1220, "digg_incr": 828, "aweme_create_time": 1595586877, "category": 13, "volume": 0, "amount": 0}, "author": {"author_id": "95027552935", "nickname": "小年糖果de萌萌哒", "follower_count": 235485}}, {"aweme": {"aweme_id": "6852867718744493327", "aweme_title": "贵阳二小姐，来了@抖音小助手", "aweme_url": "https://www.iesdouyin.com/share/video/6852867718744493327/?region=CN&mid=6852867719532956429&u_code=0&titleType=title", "download_url": "https://www.chanmama.com/awemeDetail/6852867718744493327", "digg_count": 1031, "digg_incr": 813, "aweme_create_time": 1595557605, "category": 13, "volume": 0, "amount": 0}, "author": {"author_id": "1297064683376120", "nickname": "贵阳二小姐", "follower_count": 328413}}, {"aweme": {"aweme_id": "6852872448933727502", "aweme_title": "万物皆可榨，你想看榨啥？", "aweme_url": "https://www.iesdouyin.com/share/video/6852872448933727502/?region=CN&mid=6829590810133121805&u_code=0&titleType=title", "download_url": "https://www.chanmama.com/awemeDetail/6852872448933727502", "digg_count": 1105, "digg_incr": 812, "aweme_create_time": 1595558707, "category": 13, "volume": 5, "amount": 295}, "author": {"author_id": "3012300009646744", "nickname": "万能榨汁机", "follower_count": 402803}}, {"aweme": {"aweme_id": "6853009006370295054", "aweme_title": "有理你也走不了天下。#正能量", "aweme_url": "https://www.iesdouyin.com/share/video/6853009006370295054/?region=CN&mid=6853009038863797006&u_code=0&titleType=title", "download_url": "https://www.chanmama.com/awemeDetail/6853009006370295054", "digg_count": 1055, "digg_incr": 803, "aweme_create_time": 1595590501, "category": 13, "volume": 0, "amount": 0}, "author": {"author_id": "7787300820", "nickname": "🔥仙哥🔥", "follower_count": 496602}}, {"aweme": {"aweme_id": "6852974519292792079", "aweme_title": "店里做的玉米汁到底放了什么那么香醇好喝#趣游黄山 #玉米汁", "aweme_url": "https://www.iesdouyin.com/share/video/6852974519292792079/?region=CN&mid=6852974547637914375&u_code=0&titleType=title", "download_url": "https://www.chanmama.com/awemeDetail/6852974519292792079", "digg_count": 1128, "digg_incr": 790, "aweme_create_time": 1595582471, "category": 13, "volume": 0, "amount": 0}, "author": {"author_id": "3034269505293075", "nickname": "李大厨的菜", "follower_count": 449212}}, {"aweme": {"aweme_id": "6852910283732716807", "aweme_title": "貌似我老公确实有点小洁癖，不过只要家里干净舒心就好@抖音小助手", "aweme_url": "https://www.iesdouyin.com/share/video/6852910283732716807/?region=CN&mid=6852910665707817742&u_code=0&titleType=title", "download_url": "https://www.chanmama.com/awemeDetail/6852910283732716807", "digg_count": 1701, "digg_incr": 729, "aweme_create_time": 1595567515, "category": 13, "volume": 0, "amount": 0}, "author": {"author_id": "1138733820412428", "nickname": "甜柠檬lemon", "follower_count": 210191}}, {"aweme": {"aweme_id": "6852965202191748364", "aweme_title": "生活就是理解，面对生活要微笑😊", "aweme_url": "https://www.iesdouyin.com/share/video/6852965202191748364/?region=CN&mid=6852965246156770055&u_code=0&titleType=title", "download_url": "https://www.chanmama.com/awemeDetail/6852965202191748364", "digg_count": 2160, "digg_incr": 621, "aweme_create_time": 1595580307, "category": 13, "volume": 0, "amount": 0}, "author": {"author_id": "51385052041", "nickname": "傅氏鑫隆商贸", "follower_count": 285203}}, {"aweme": {"aweme_id": "6852980858077416718", "aweme_title": "这款音箱 属于良心推荐 真的很好 还可打电话 真的很好#蓝牙音箱 #手机 @抖音小助手", "aweme_url": "https://www.iesdouyin.com/share/video/6852980858077416718/?region=CN&mid=6852980886011497224&u_code=0&titleType=title", "download_url": "https://www.chanmama.com/awemeDetail/6852980858077416718", "digg_count": 1142, "digg_incr": 496, "aweme_create_time": 1595583948, "category": 13, "volume": 0, "amount": 0}, "author": {"author_id": "4353697969342416", "nickname": "一点妙处精选", "follower_count": 81926}}, {"aweme": {"aweme_id": "6853016802897710344", "aweme_title": "#手机 #数码  有些人的消费观看不懂，自己花钱为的是什么都不知道。买耳机？买X装？ 呵呵！还不闲着，到处喷！", "aweme_url": "https://www.iesdouyin.com/share/video/6853016802897710344/?region=CN&mid=6853016827929430798&u_code=0&titleType=title", "download_url": "https://www.chanmama.com/awemeDetail/6853016802897710344", "digg_count": 1559, "digg_incr": 302, "aweme_create_time": 1595592316, "category": 13, "volume": 2, "amount": 1376}, "author": {"author_id": "3478477235814920", "nickname": "胖子数码精选（沃然）", "follower_count": 24518}}]}