{"data": [{"aweme": {"aweme_id": "6852846550037712128", "aweme_title": "居然还有自动充气的游泳池，第一次见，哈哈哈! 每次搞游泳池最烦的就是要充气，还是老公聪明，搞了个自动充气的", "aweme_url": "https://www.iesdouyin.com/share/video/6852846550037712128/?region=CN&mid=6839848388989553421&u_code=0&titleType=title", "download_url": "https://www.chanmama.com/awemeDetail/6852846550037712128", "digg_count": 171665, "digg_incr": 161861, "aweme_create_time": 1595552678, "category": 14, "volume": 0, "amount": 0}, "author": {"author_id": "2141495976013885", "nickname": "欣怡妈妈", "follower_count": 254276}}, {"aweme": {"aweme_id": "6852924396244389134", "aweme_title": "不上螺丝不打墙，洞洞板书架打造超大容量工作间！ #出租屋  #出租屋变身", "aweme_url": "https://www.iesdouyin.com/share/video/6852924396244389134/?region=CN&mid=6852924528356641544&u_code=0&titleType=title", "download_url": "https://www.chanmama.com/awemeDetail/6852924396244389134", "digg_count": 54340, "digg_incr": 40337, "aweme_create_time": 1595570825, "category": 14, "volume": 8, "amount": 1960}, "author": {"author_id": "184305759055031", "nickname": "五金少女", "follower_count": 305954}}, {"aweme": {"aweme_id": "6852817402191760653", "aweme_title": "这个一机三桶分体式洗衣鞋机，洗𧙕子、洗鞋，洗衣可分开来洗，干净卫生，家里宿舍用都方便不占空间#抖音有好物", "aweme_url": "https://www.iesdouyin.com/share/video/6852817402191760653/?region=CN&mid=6574016257547307784&u_code=0&titleType=title", "download_url": "https://www.chanmama.com/awemeDetail/6852817402191760653", "digg_count": 29945, "digg_incr": 29994, "aweme_create_time": 1595545897, "category": 14, "volume": 0, "amount": 0}, "author": {"author_id": "1204669162991704", "nickname": "七七（直播时间:每天8点)", "follower_count": 162817}}, {"aweme": {"aweme_id": "6852897119578230029", "aweme_title": "暴晒不开裂，暴雨不漏水，一涂一刷，谁都会用，冬天抗冻，夏天隔热！屋顶，外墙，彩钢板，阳光房都能用", "aweme_url": "https://www.iesdouyin.com/share/video/6852897119578230029/?region=CN&mid=6852764221705374471&u_code=0&titleType=title", "download_url": "https://www.chanmama.com/awemeDetail/6852897119578230029", "digg_count": 21847, "digg_incr": 21281, "aweme_create_time": 1595564451, "category": 14, "volume": 96, "amount": 0}, "author": {"author_id": "63388505556", "nickname": "房屋工匠防水", "follower_count": 311655}}, {"aweme": {"aweme_id": "6852954833373203719", "aweme_title": "高考毕业生怎么报名定向培养士官？#参军 #高考 #填报志愿 @DOU+小助手", "aweme_url": "https://www.iesdouyin.com/share/video/6852954833373203719/?region=CN&mid=6839969120495077383&u_code=0&titleType=title", "download_url": "https://www.chanmama.com/awemeDetail/6852954833373203719", "digg_count": 28527, "digg_incr": 16389, "aweme_create_time": 1595577889, "category": 14, "volume": 19, "amount": 188.1}, "author": {"author_id": "102225620100", "nickname": "女兵职场", "follower_count": 320327}}, {"aweme": {"aweme_id": "6852914046929276168", "aweme_title": "现在真的啥都有，自动充气的游泳池，第一次见到😂，质量颜值都不错，#正在直播中请点头像进入 来看看实物吧", "aweme_url": "https://www.iesdouyin.com/share/video/6852914046929276168/?region=CN&mid=6824097053049080583&u_code=0&titleType=title", "download_url": "https://www.chanmama.com/awemeDetail/6852914046929276168", "digg_count": 13884, "digg_incr": 13835, "aweme_create_time": 1595568392, "category": 14, "volume": 0, "amount": 0}, "author": {"author_id": "2141495976013885", "nickname": "欣怡妈妈", "follower_count": 254276}}, {"aweme": {"aweme_id": "6852883292409072896", "aweme_title": "一贴止漏哪漏贴哪，", "aweme_url": "https://www.iesdouyin.com/share/video/6852883292409072896/?region=CN&mid=6852883297043794701&u_code=0&titleType=title", "download_url": "https://www.chanmama.com/awemeDetail/6852883292409072896", "digg_count": 9737, "digg_incr": 9736, "aweme_create_time": 1595561231, "category": 14, "volume": 0, "amount": 0}, "author": {"author_id": "1772002104839949", "nickname": "家居好物推荐", "follower_count": 23518}}, {"aweme": {"aweme_id": "6852982530325482752", "aweme_title": "上下两层，超高楼层，全漏缝，4个月不用清粪，直接楼下发酵。这个猪场建设成本有点高#猪场建设", "aweme_url": "https://www.iesdouyin.com/share/video/6852982530325482752/?region=CN&mid=6852982552752622343&u_code=0&titleType=title", "download_url": "https://www.chanmama.com/awemeDetail/6852982530325482752", "digg_count": 6996, "digg_incr": 6969, "aweme_create_time": 1595584336, "category": 14, "volume": 0, "amount": 0}, "author": {"author_id": "3966643013955200", "nickname": "积牧 养猪那些事儿", "follower_count": 158846}}, {"aweme": {"aweme_id": "6853004041522400523", "aweme_title": "电力施工，安全第一#电工 #你好火星 #安全", "aweme_url": "https://www.iesdouyin.com/share/video/6853004041522400523/?region=CN&mid=6853004081921837838&u_code=0&titleType=title", "download_url": "https://www.chanmama.com/awemeDetail/6853004041522400523", "digg_count": 5514, "digg_incr": 5425, "aweme_create_time": 1595589350, "category": 14, "volume": 0, "amount": 0}, "author": {"author_id": "2229434589655448", "nickname": "顺弘设备维修", "follower_count": 629381}}, {"aweme": {"aweme_id": "6853003462729321736", "aweme_title": "#当普通人听见游戏黑话 欢迎评论补充", "aweme_url": "https://www.iesdouyin.com/share/video/6853003462729321736/?region=CN&mid=6853003482257984269&u_code=0&titleType=title", "download_url": "https://www.chanmama.com/awemeDetail/6853003462729321736", "digg_count": 7256, "digg_incr": 3041, "aweme_create_time": 1595589210, "category": 14, "volume": 0, "amount": 0}, "author": {"author_id": "105128771245", "nickname": "傲风椅子精", "follower_count": 380188}}, {"aweme": {"aweme_id": "6852833821545467136", "aweme_title": "贫民窟女孩的装修法则：能网购的绝不实体，这个沙发就是我一直心心念念的样子啊，现代质感搭配简约风，喜欢#沙发", "aweme_url": "https://www.iesdouyin.com/share/video/6852833821545467136/?region=CN&mid=6846526905596922632&u_code=0&titleType=title", "download_url": "https://www.chanmama.com/awemeDetail/6852833821545467136", "digg_count": 3944, "digg_incr": 2475, "aweme_create_time": 1595549714, "category": 14, "volume": 6, "amount": 28080}, "author": {"author_id": "1085973269320851", "nickname": "乔安娜Joanna", "follower_count": 75852}}, {"aweme": {"aweme_id": "6852973111944432907", "aweme_title": "想看看之后几分钟的内容么 请三连吧 #肥宅快乐椅#eva#cos#充能计划", "aweme_url": "https://www.iesdouyin.com/share/video/6852973111944432907/?region=CN&mid=6852973307021921031&u_code=0&titleType=title", "download_url": "https://www.chanmama.com/awemeDetail/6852973111944432907", "digg_count": 2691, "digg_incr": 2470, "aweme_create_time": 1595582187, "category": 14, "volume": 0, "amount": 0}, "author": {"author_id": "63467494388", "nickname": "英格瑞玛工业五金板凳公司", "follower_count": 334049}}, {"aweme": {"aweme_id": "6852894585807473924", "aweme_title": "#汽车电器 @胖妞电器售后", "aweme_url": "https://www.iesdouyin.com/share/video/6852894585807473924/?region=CN&mid=6852894668833819406&u_code=0&titleType=title", "download_url": "https://www.chanmama.com/awemeDetail/6852894585807473924", "digg_count": 3018, "digg_incr": 2462, "aweme_create_time": 1595563866, "category": 14, "volume": 0, "amount": 0}, "author": {"author_id": "108150011216", "nickname": "胖妞汽车电器", "follower_count": 219422}}, {"aweme": {"aweme_id": "6852849219271658764", "aweme_title": "用吊顶打钉神器打器就非常方便#生活小妙招 @抖音小助手", "aweme_url": "https://www.iesdouyin.com/share/video/6852849219271658764/?region=CN&mid=6852849293875890952&u_code=0&titleType=title", "download_url": "https://www.chanmama.com/awemeDetail/6852849219271658764", "digg_count": 2261, "digg_incr": 2259, "aweme_create_time": 1595553305, "category": 14, "volume": 0, "amount": 0}, "author": {"author_id": "70826978077", "nickname": "成都洪哥五金店", "follower_count": 920508}}, {"aweme": {"aweme_id": "6852837270098152719", "aweme_title": "一贴止漏哪漏贴哪，", "aweme_url": "https://www.iesdouyin.com/share/video/6852837270098152719/?region=CN&mid=6852837265501145870&u_code=3g7mc2761c4f&titleType=title", "download_url": "https://www.chanmama.com/awemeDetail/6852837270098152719", "digg_count": 2096, "digg_incr": 2094, "aweme_create_time": 1595550517, "category": 14, "volume": 0, "amount": 0}, "author": {"author_id": "1772002104839949", "nickname": "家居好物推荐", "follower_count": 23518}}, {"aweme": {"aweme_id": "6852985592469294351", "aweme_title": "还有多少人不知道#贴砖#干挂", "aweme_url": "https://www.iesdouyin.com/share/video/6852985592469294351/?region=CN&mid=6852985615705803527&u_code=0&titleType=title", "download_url": "https://www.chanmama.com/awemeDetail/6852985592469294351", "digg_count": 2654, "digg_incr": 2058, "aweme_create_time": 1595585049, "category": 14, "volume": 0, "amount": 0}, "author": {"author_id": "540600620563788", "nickname": "神力科技", "follower_count": 405047}}, {"aweme": {"aweme_id": "6853001639859670283", "aweme_title": "上次分享卧室好物的时候，很多人都喜欢我家的主卧床，今天就给大家分享下#上热门 #好物推荐", "aweme_url": "https://www.iesdouyin.com/share/video/6853001639859670283/?region=CN&mid=6845608660463667981&u_code=0&titleType=title", "download_url": "https://www.chanmama.com/awemeDetail/6853001639859670283", "digg_count": 3573, "digg_incr": 2006, "aweme_create_time": 1595588790, "category": 14, "volume": 0, "amount": 0}, "author": {"author_id": "73026102728", "nickname": "Mr.J", "follower_count": 96084}}, {"aweme": {"aweme_id": "6852987114364210446", "aweme_title": "只想让你吃最特色的，马上会有更多好吃的~ #兰州兰州   #送福利", "aweme_url": "https://www.iesdouyin.com/share/video/6852987114364210446/?region=CN&mid=6852987195348798215&u_code=0&titleType=title", "download_url": "https://www.chanmama.com/awemeDetail/6852987114364210446", "digg_count": 2207, "digg_incr": 1973, "aweme_create_time": 1595585416, "category": 14, "volume": 13, "amount": 1.3}, "author": {"author_id": "59885496321", "nickname": "金城密探", "follower_count": 402477}}, {"aweme": {"aweme_id": "6852865095094095119", "aweme_title": "我猜你没见过这神奇的植物，一片叶子放水里可以开枝散叶，每天可以开出一对对漂亮的小白花#717奇妙好物在这里", "aweme_url": "https://www.iesdouyin.com/share/video/6852865095094095119/?region=CN&mid=6524262375594724110&u_code=0&titleType=title", "download_url": "https://www.chanmama.com/awemeDetail/6852865095094095119", "digg_count": 2711, "digg_incr": 1847, "aweme_create_time": 1595556994, "category": 14, "volume": 107, "amount": 2129.2999999999997}, "author": {"author_id": "3795141902733837", "nickname": "一个喜欢布置的80后", "follower_count": 460816}}, {"aweme": {"aweme_id": "6852895417261116687", "aweme_title": "主卧空间大的情况下，可以考虑这种做法#不要限流不要 #飘窗 #室内设计", "aweme_url": "https://www.iesdouyin.com/share/video/6852895417261116687/?region=CN&mid=6852633000992426760&u_code=0&titleType=title", "download_url": "https://www.chanmama.com/awemeDetail/6852895417261116687", "digg_count": 1715, "digg_incr": 1720, "aweme_create_time": 1595564054, "category": 14, "volume": 0, "amount": 0}, "author": {"author_id": "104014793904", "nickname": "尚美家装饰设计工作室", "follower_count": 355340}}, {"aweme": {"aweme_id": "6852998922764586247", "aweme_title": "40了，还年轻。一起奋斗一起赚钱💰养家。老了以后一起去看世界，看儿孙满堂可好？@水木夫妻-亮 #北京#夫妻", "aweme_url": "https://www.iesdouyin.com/share/video/6852998922764586247/?region=CN&mid=6847477668524002055&u_code=0&titleType=title", "download_url": "https://www.chanmama.com/awemeDetail/6852998922764586247", "digg_count": 2069, "digg_incr": 1646, "aweme_create_time": 1595588154, "category": 14, "volume": 0, "amount": 0}, "author": {"author_id": "2189831686854093", "nickname": "水木夫妻(今晚8点直播)", "follower_count": 101430}}, {"aweme": {"aweme_id": "6852818160643591438", "aweme_title": "生活在十八线，线下一直找不到适合我们装修风格的灯，所以所有的灯都是网购，每天晚上灯打开太美了#装修#灯", "aweme_url": "https://www.iesdouyin.com/share/video/6852818160643591438/?region=CN&mid=6852818133946747661&u_code=0&titleType=title", "download_url": "https://www.chanmama.com/awemeDetail/6852818160643591438", "digg_count": 2794, "digg_incr": 1521, "aweme_create_time": 1595546073, "category": 14, "volume": 0, "amount": 0}, "author": {"author_id": "85243186236", "nickname": "小曦", "follower_count": 282414}}, {"aweme": {"aweme_id": "6852977502931913992", "aweme_title": "套内89平，3房2厅，全包花费10左右，实体店一个主灯要3K！全屋网购全铜北欧灯具也只花3K！#自己装修", "aweme_url": "https://www.iesdouyin.com/share/video/6852977502931913992/?region=CN&mid=6845458079773952782&u_code=0&titleType=title", "download_url": "https://www.chanmama.com/awemeDetail/6852977502931913992", "digg_count": 2299, "digg_incr": 1488, "aweme_create_time": 1595583167, "category": 14, "volume": 0, "amount": 0}, "author": {"author_id": "100060461366", "nickname": "Jack Pony马化云", "follower_count": 793368}}, {"aweme": {"aweme_id": "6852899850745384192", "aweme_title": "家里的花花草草终于不用搬搬抬抬了#好物推荐", "aweme_url": "https://www.iesdouyin.com/share/video/6852899850745384192/?region=CN&mid=6852899859083676423&u_code=0&titleType=title", "download_url": "https://www.chanmama.com/awemeDetail/6852899850745384192", "digg_count": 1670, "digg_incr": 1420, "aweme_create_time": 1595565086, "category": 14, "volume": 0, "amount": 0}, "author": {"author_id": "4877296263", "nickname": "@三哥", "follower_count": 786296}}, {"aweme": {"aweme_id": "6852947220984057091", "aweme_title": "家里鞋子多这个多功能鞋架安排上#鞋架#多功能鞋架 #鞋架子 #多层鞋架 @抖音小助手 @DOU+小助手 #D", "aweme_url": "https://www.iesdouyin.com/share/video/6852947220984057091/?region=CN&mid=6852947253440170759&u_code=0&titleType=title", "download_url": "https://www.chanmama.com/awemeDetail/6852947220984057091", "digg_count": 1344, "digg_incr": 1340, "aweme_create_time": 1595576121, "category": 14, "volume": 0, "amount": 0}, "author": {"author_id": "111387862092", "nickname": "一点通", "follower_count": 110722}}, {"aweme": {"aweme_id": "6852964902655511811", "aweme_title": "送了这么多了，不好意思再问下去了。#全实木家具 #北欧书桌  @好物推荐  @我要上热门", "aweme_url": "https://www.iesdouyin.com/share/video/6852964902655511811/?region=CN&mid=6851433049276697358&u_code=0&titleType=title", "download_url": "https://www.chanmama.com/awemeDetail/6852964902655511811", "digg_count": 2964, "digg_incr": 1327, "aweme_create_time": 1595580238, "category": 14, "volume": 0, "amount": 0}, "author": {"author_id": "2559294670645358", "nickname": "抖木家具", "follower_count": 158145}}, {"aweme": {"aweme_id": "6852842886199905536", "aweme_title": "炒菜的时候，经常把油烟溅到开关上，又脏又危险，有了#煤气开关保护盖 就不怕了#生活好物 #安全", "aweme_url": "https://www.iesdouyin.com/share/video/6852842886199905536/?region=CN&mid=6852842866151131918&u_code=0&titleType=title", "download_url": "https://www.chanmama.com/awemeDetail/6852842886199905536", "digg_count": 2789, "digg_incr": 1187, "aweme_create_time": 1595551824, "category": 14, "volume": 0, "amount": 0}, "author": {"author_id": "2282181389719517", "nickname": "丽姐好物分享", "follower_count": 247993}}, {"aweme": {"aweme_id": "6852891914308570382", "aweme_title": "#好物推荐 @抖音小助手 想给老婆一个惊喜，万万没想到！", "aweme_url": "https://www.iesdouyin.com/share/video/6852891914308570382/?region=CN&mid=6852891937700055822&u_code=9h9fdikgl54&titleType=title", "download_url": "https://www.chanmama.com/awemeDetail/6852891914308570382", "digg_count": 1220, "digg_incr": 1160, "aweme_create_time": 1595563239, "category": 14, "volume": 0, "amount": 0}, "author": {"author_id": "2897910439359678", "nickname": "王小野好物", "follower_count": 121459}}, {"aweme": {"aweme_id": "6852864543283039492", "aweme_title": "开在7月底的微莲霓裳#东门莳趣 #东门莳兰", "aweme_url": "https://www.iesdouyin.com/share/video/6852864543283039492/?region=CN&mid=6852864578389330701&u_code=0&titleType=title", "download_url": "https://www.chanmama.com/awemeDetail/6852864543283039492", "digg_count": 1393, "digg_incr": 1098, "aweme_create_time": 1595556872, "category": 14, "volume": 0, "amount": 0}, "author": {"author_id": "99124454420", "nickname": "东门", "follower_count": 123118}}, {"aweme": {"aweme_id": "6853045256334707982", "aweme_title": "设计感荷叶领口+一颗精致纽扣 面料舒适柔软裙子的新颜色出来咯 宝宝们喜欢吗#穿搭@DOU+小助手", "aweme_url": "https://www.iesdouyin.com/share/video/6853045256334707982/?region=CN&mid=6853045384051493639&u_code=2f35h3g644ij&titleType=title", "download_url": "https://www.chanmama.com/awemeDetail/6853045256334707982", "digg_count": 1209, "digg_incr": 1062, "aweme_create_time": 1595598970, "category": 14, "volume": 0, "amount": 0}, "author": {"author_id": "62594186718", "nickname": "小魔女时尚穿搭", "follower_count": 203421}}, {"aweme": {"aweme_id": "6852953521172647180", "aweme_title": "家用多功能岩板伸缩餐桌！#餐桌 #装修 #室内设计 #家具 @DOU+小助手", "aweme_url": "https://www.iesdouyin.com/share/video/6852953521172647180/?region=CN&mid=6845975855630519047&u_code=0&titleType=title", "download_url": "https://www.chanmama.com/awemeDetail/6852953521172647180", "digg_count": 1207, "digg_incr": 977, "aweme_create_time": 1595577588, "category": 14, "volume": 0, "amount": 0}, "author": {"author_id": "98860394012", "nickname": "阿迪尼亚岩板家具官方账号", "follower_count": 149898}}, {"aweme": {"aweme_id": "6852977831094258959", "aweme_title": "#你好火星 #功能沙发 #青菜拼车拼拼拼 @DOU+小助手", "aweme_url": "https://www.iesdouyin.com/share/video/6852977831094258959/?region=CN&mid=6852977850681789197&u_code=0&titleType=title", "download_url": "https://www.chanmama.com/awemeDetail/6852977831094258959", "digg_count": 1199, "digg_incr": 933, "aweme_create_time": 1595583242, "category": 14, "volume": 0, "amount": 0}, "author": {"author_id": "56207623582", "nickname": "麦吉纳", "follower_count": 825734}}, {"aweme": {"aweme_id": "6852934947234204932", "aweme_title": "想想你为什么没有男朋友，迅速帮你闺蜜脱单 #肥宅快乐椅  @DOU+小助手", "aweme_url": "https://www.iesdouyin.com/share/video/6852934947234204932/?region=CN&mid=6852935271747816200&u_code=0&titleType=title", "download_url": "https://www.chanmama.com/awemeDetail/6852934947234204932", "digg_count": 1525, "digg_incr": 858, "aweme_create_time": 1595573307, "category": 14, "volume": 0, "amount": 0}, "author": {"author_id": "93252942903", "nickname": "万能修女", "follower_count": 124153}}, {"aweme": {"aweme_id": "6852884965244390656", "aweme_title": "雪碧瓶子大妙用，买花盆的钱都省了，都学起来吧！", "aweme_url": "https://www.iesdouyin.com/share/video/6852884965244390656/?region=CN&mid=6852885220008594184&u_code=0&titleType=title", "download_url": "https://www.chanmama.com/awemeDetail/6852884965244390656", "digg_count": 1063, "digg_incr": 845, "aweme_create_time": 1595561640, "category": 14, "volume": 6, "amount": 3}, "author": {"author_id": "4208565783630979", "nickname": "梅子原创手工", "follower_count": 314556}}, {"aweme": {"aweme_id": "6852917480759856397", "aweme_title": "女儿的房间12平方，自己设计，虽然简简单单，没有过于浮夸的装饰，但是床衣柜书桌全部都配齐了！#公主房", "aweme_url": "https://www.iesdouyin.com/share/video/6852917480759856397/?region=CN&mid=6831482869463337741&u_code=0&titleType=title", "download_url": "https://www.chanmama.com/awemeDetail/6852917480759856397", "digg_count": 1323, "digg_incr": 841, "aweme_create_time": 1595569192, "category": 14, "volume": 0, "amount": 0}, "author": {"author_id": "69426888258", "nickname": "请叫我33💕", "follower_count": 230460}}, {"aweme": {"aweme_id": "6852882197217660160", "aweme_title": "#水电安装教程 迷你电表安装教程，上面进线下面出线或下面进线上面出线也可以的，安装超简单，装在主线上宁紧就行了", "aweme_url": "https://www.iesdouyin.com/share/video/6852882197217660160/?region=CN&mid=6852882201437047559&u_code=0&titleType=title", "download_url": "https://www.chanmama.com/awemeDetail/6852882197217660160", "digg_count": 1264, "digg_incr": 834, "aweme_create_time": 1595560976, "category": 14, "volume": 2, "amount": 98}, "author": {"author_id": "1578487369435476", "nickname": "李光华 水电安装技术交流", "follower_count": 258774}}, {"aweme": {"aweme_id": "6853003098915425540", "aweme_title": "#美睫 #睫毛 胶水爱拉丝？爱粘稠？", "aweme_url": "https://www.iesdouyin.com/share/video/6853003098915425540/?region=CN&mid=6853003142548687630&u_code=0&titleType=title", "download_url": "https://www.chanmama.com/awemeDetail/6853003098915425540", "digg_count": 1106, "digg_incr": 784, "aweme_create_time": 1595589130, "category": 14, "volume": 0, "amount": 0}, "author": {"author_id": "2167869126215140", "nickname": "松崎美睫", "follower_count": 444781}}, {"aweme": {"aweme_id": "6852900202374843661", "aweme_title": "维修实例，用摇表和万用表测线路漏电接地。线路漏电不安全而且电表会跑的多。#电工", "aweme_url": "https://www.iesdouyin.com/share/video/6852900202374843661/?region=CN&mid=6852900242807851790&u_code=0&titleType=title", "download_url": "https://www.chanmama.com/awemeDetail/6852900202374843661", "digg_count": 1067, "digg_incr": 755, "aweme_create_time": 1595565169, "category": 14, "volume": 2, "amount": 0}, "author": {"author_id": "97477581267", "nickname": "城阳专业电工服务", "follower_count": 180439}}, {"aweme": {"aweme_id": "6852998468743597327", "aweme_title": "@铺砖人生发了一个抖音短视频，你尽管点开，不好看算我输！", "aweme_url": "https://www.iesdouyin.com/share/video/6852998468743597327/?region=CN&mid=6718784132391897864&u_code=0&titleType=", "download_url": "https://www.chanmama.com/awemeDetail/6852998468743597327", "digg_count": 1004, "digg_incr": 694, "aweme_create_time": 1595588047, "category": 14, "volume": 0, "amount": 0}, "author": {"author_id": "72559200291", "nickname": "铺砖人生", "follower_count": 452662}}]}