{"data": [{"aweme": {"aweme_id": "6852995113262615815", "aweme_title": "真人高清版韩熙载夜宴图来了，这位红衣男子是不是未来可期？#刘洋珂 #高晓松 #画小二", "aweme_url": "https://www.iesdouyin.com/share/video/6852995113262615815/?region=CN&mid=6852995130740230925&u_code=0&titleType=title", "download_url": "https://www.chanmama.com/awemeDetail/6852995113262615815", "digg_count": 1179217, "digg_incr": 966571, "aweme_create_time": 1595587267, "category": 15, "volume": 0, "amount": 0}, "author": {"author_id": "1824784156212701", "nickname": "画小二", "follower_count": 426783}}, {"aweme": {"aweme_id": "6852789178401410311", "aweme_title": "#陈昌文老板社群 #陈昌文方法读书会", "aweme_url": "https://www.iesdouyin.com/share/video/6852789178401410311/?region=CN&mid=6852789200102640391&u_code=23fc798i9f4k&titleType=title", "download_url": "https://www.chanmama.com/awemeDetail/6852789178401410311", "digg_count": 51446, "digg_incr": 51433, "aweme_create_time": 1595539348, "category": 15, "volume": 11, "amount": 4378}, "author": {"author_id": "523008598086237", "nickname": "第二個張深", "follower_count": 178036}}, {"aweme": {"aweme_id": "6853012408412245260", "aweme_title": "30秒教会你，拉杆上篮#训练师唐天天 #草根球王争霸", "aweme_url": "https://www.iesdouyin.com/share/video/6853012408412245260/?region=CN&mid=6853012437776599821&u_code=0&titleType=title", "download_url": "https://www.chanmama.com/awemeDetail/6853012408412245260", "digg_count": 47329, "digg_incr": 45113, "aweme_create_time": 1595591297, "category": 15, "volume": 0, "amount": 0}, "author": {"author_id": "91585841240", "nickname": "篮球训练师-唐天天（暑假特训）", "follower_count": 876872}}, {"aweme": {"aweme_id": "6852571941266656519", "aweme_title": "#大宅门 这说话办事太到位了，旁边人都看傻眼了，，", "aweme_url": "https://www.iesdouyin.com/share/video/6852571941266656519/?region=CN&mid=6852572121172888327&u_code=3g7mc2761c4f&titleType=title", "download_url": "https://www.chanmama.com/awemeDetail/6852571941266656519", "digg_count": 28487, "digg_incr": 27011, "aweme_create_time": 1595550600, "category": 15, "volume": 0, "amount": 0}, "author": {"author_id": "1569749394002958", "nickname": "人生智囊", "follower_count": 736152}}, {"aweme": {"aweme_id": "6852800788297829640", "aweme_title": "当年明月：以史为鉴是不可能的#历史 #明朝那些事儿", "aweme_url": "https://www.iesdouyin.com/share/video/6852800788297829640/?region=CN&mid=6852800763656145672&u_code=0&titleType=title", "download_url": "https://www.chanmama.com/awemeDetail/6852800788297829640", "digg_count": 26861, "digg_incr": 26832, "aweme_create_time": 1595542038, "category": 15, "volume": 7, "amount": 1393}, "author": {"author_id": "3531245453587420", "nickname": "刘立丰博士", "follower_count": 113680}}, {"aweme": {"aweme_id": "6852789820339670272", "aweme_title": "#吸引力法则 从今年开始，开启你人生的幸福大门，准备迎接属于你的人生。", "aweme_url": "https://www.iesdouyin.com/share/video/6852789820339670272/?region=CN&mid=6852789765335534344&u_code=0&titleType=title", "download_url": "https://www.chanmama.com/awemeDetail/6852789820339670272", "digg_count": 39522, "digg_incr": 25131, "aweme_create_time": 1595539490, "category": 15, "volume": 4, "amount": 1996}, "author": {"author_id": "96308144752", "nickname": "易成", "follower_count": 274775}}, {"aweme": {"aweme_id": "6852989051725843720", "aweme_title": "君子爱财，取之有道。有些事能做，有些事就不能做。#思维", "aweme_url": "https://www.iesdouyin.com/share/video/6852989051725843720/?region=CN&mid=6852989487228816142&u_code=0&titleType=title", "download_url": "https://www.chanmama.com/awemeDetail/6852989051725843720", "digg_count": 41706, "digg_incr": 24565, "aweme_create_time": 1595585942, "category": 15, "volume": 3, "amount": 108}, "author": {"author_id": "3584044285041092", "nickname": "名人之言", "follower_count": 851182}}, {"aweme": {"aweme_id": "6852705662233840909", "aweme_title": "#大宅门 白老爷子这格局信任，不由得让人佩服", "aweme_url": "https://www.iesdouyin.com/share/video/6852705662233840909/?region=CN&mid=6852706908609170184&u_code=3g7mc2761c4f&titleType=title", "download_url": "https://www.chanmama.com/awemeDetail/6852705662233840909", "digg_count": 25599, "digg_incr": 22556, "aweme_create_time": 1595559600, "category": 15, "volume": 0, "amount": 0}, "author": {"author_id": "1569749394002958", "nickname": "人生智囊", "follower_count": 736152}}, {"aweme": {"aweme_id": "6852979264501959940", "aweme_title": "#遴选  #笔试 我公选副厅长考试笔试大作文是如何拿到高分的？", "aweme_url": "https://www.iesdouyin.com/share/video/6852979264501959940/?region=CN&mid=6852979464125565704&u_code=0&titleType=title", "download_url": "https://www.chanmama.com/awemeDetail/6852979264501959940", "digg_count": 34557, "digg_incr": 22498, "aweme_create_time": 1595583614, "category": 15, "volume": 11, "amount": 1078}, "author": {"author_id": "84843612070", "nickname": "公选王说遴选-每周三五六20点直播", "follower_count": 895830}}, {"aweme": {"aweme_id": "6852938478116785419", "aweme_title": "亲子教育因型施教，事半功倍#亲子教育", "aweme_url": "https://www.iesdouyin.com/share/video/6852938478116785419/?region=CN&mid=6852938508814781198&u_code=0&titleType=title", "download_url": "https://www.chanmama.com/awemeDetail/6852938478116785419", "digg_count": 17275, "digg_incr": 17171, "aweme_create_time": 1595574086, "category": 15, "volume": 0, "amount": 0}, "author": {"author_id": "102512087064", "nickname": "奥老师", "follower_count": 488655}}, {"aweme": {"aweme_id": "6852910096624766220", "aweme_title": "女人要成大事必须六亲不认#女老板 #富婆 #情感 #女性商业智慧 @抖音小助手", "aweme_url": "https://www.iesdouyin.com/share/video/6852910096624766220/?region=CN&mid=6852910472279149319&u_code=0&titleType=title", "download_url": "https://www.chanmama.com/awemeDetail/6852910096624766220", "digg_count": 15599, "digg_incr": 15294, "aweme_create_time": 1595567475, "category": 15, "volume": 3, "amount": 1194}, "author": {"author_id": "347092674679582", "nickname": "孺子牛🍀", "follower_count": 140288}}, {"aweme": {"aweme_id": "6852567356292582663", "aweme_title": "这可有热闹看了！！！ #青瓷", "aweme_url": "https://www.iesdouyin.com/share/video/6852567356292582663/?region=CN&mid=6852567556512205582&u_code=39cg4f8ee4gl&titleType=title", "download_url": "https://www.chanmama.com/awemeDetail/6852567356292582663", "digg_count": 14750, "digg_incr": 14765, "aweme_create_time": 1595554200, "category": 15, "volume": 20, "amount": 0}, "author": {"author_id": "4164603672271059", "nickname": "智者思维", "follower_count": 645567}}, {"aweme": {"aweme_id": "6852884606023175427", "aweme_title": "@抖音小助手", "aweme_url": "https://www.iesdouyin.com/share/video/6852884606023175427/?region=CN&mid=6852884639682513677&u_code=2b77lba97k51&titleType=title", "download_url": "https://www.chanmama.com/awemeDetail/6852884606023175427", "digg_count": 13569, "digg_incr": 13446, "aweme_create_time": 1595561541, "category": 15, "volume": 0, "amount": 0}, "author": {"author_id": "4199766249450099", "nickname": "励志正能量🔥", "follower_count": 760435}}, {"aweme": {"aweme_id": "6852985525838597390", "aweme_title": "5G到1G的区别，#程序员为你现实演绎#网速模仿秀#抖音原创动漫 #充能计划", "aweme_url": "https://www.iesdouyin.com/share/video/6852985525838597390/?region=CN&mid=6852985611088235271&u_code=0&titleType=title", "download_url": "https://www.chanmama.com/awemeDetail/6852985525838597390", "digg_count": 13369, "digg_incr": 12692, "aweme_create_time": 1595585050, "category": 15, "volume": 0, "amount": 0}, "author": {"author_id": "95415104530", "nickname": "国民程序员播仔", "follower_count": 730762}}, {"aweme": {"aweme_id": "6852851561081703692", "aweme_title": "船长给大家分享一下赤道无风带，帆船的禁区，航海人真希望大海永远风平浪静，船长祝愿好朋友们一生都平平安安的！", "aweme_url": "https://www.iesdouyin.com/share/video/6852851561081703692/?region=CN&mid=6852851591561661191&u_code=0&titleType=title", "download_url": "https://www.chanmama.com/awemeDetail/6852851561081703692", "digg_count": 16201, "digg_incr": 12269, "aweme_create_time": 1595553850, "category": 15, "volume": 0, "amount": 0}, "author": {"author_id": "94698846791", "nickname": "中国船长", "follower_count": 846962}}, {"aweme": {"aweme_id": "6852885333931986189", "aweme_title": "#局里新来的年轻人 生儿育女柴米油盐 #电视剧岁月 #沧浪之水", "aweme_url": "https://www.iesdouyin.com/share/video/6852885333931986189/?region=CN&mid=6852885433936825096&u_code=39cg4f8ee4gl&titleType=title", "download_url": "https://www.chanmama.com/awemeDetail/6852885333931986189", "digg_count": 11768, "digg_incr": 11718, "aweme_create_time": 1595561723, "category": 15, "volume": 0, "amount": 0}, "author": {"author_id": "2035938266981437", "nickname": "大力出奇迹佛系剪辑", "follower_count": 422048}}, {"aweme": {"aweme_id": "6852987919322320140", "aweme_title": "学编程最大的困难，学了好几周，却不知道学的是什么😂#程序员 #学浪计划 #我要上热门", "aweme_url": "https://www.iesdouyin.com/share/video/6852987919322320140/?region=CN&mid=6852987957796801293&u_code=0&titleType=title", "download_url": "https://www.chanmama.com/awemeDetail/6852987919322320140", "digg_count": 11261, "digg_incr": 11014, "aweme_create_time": 1595585596, "category": 15, "volume": 7, "amount": 69.3}, "author": {"author_id": "104749896995", "nickname": "传智播客", "follower_count": 126675}}, {"aweme": {"aweme_id": "6852892967540198656", "aweme_title": "肯定是超级巨星，但吊打也是夸张！#NBA #乔丹 #科比 #詹姆斯", "aweme_url": "https://www.iesdouyin.com/share/video/6852892967540198656/?region=CN&mid=6852893011001527048&u_code=0&titleType=title", "download_url": "https://www.chanmama.com/awemeDetail/6852892967540198656", "digg_count": 11695, "digg_incr": 10931, "aweme_create_time": 1595563484, "category": 15, "volume": 3, "amount": 0}, "author": {"author_id": "59041598377", "nickname": "徐静雨", "follower_count": 820181}}, {"aweme": {"aweme_id": "6852841797987634435", "aweme_title": "你有没有遇到死不认错的？#情感 #女性 #婚姻 @抖音小助手", "aweme_url": "https://www.iesdouyin.com/share/video/6852841797987634435/?region=CN&mid=6852841812743539464&u_code=0&titleType=title", "download_url": "https://www.chanmama.com/awemeDetail/6852841797987634435", "digg_count": 12911, "digg_incr": 9830, "aweme_create_time": 1595551579, "category": 15, "volume": 0, "amount": 0}, "author": {"author_id": "347078239986964", "nickname": "虚静空", "follower_count": 183874}}, {"aweme": {"aweme_id": "6852913945209097480", "aweme_title": "#绘本 #母婴 #亲子 49块就喜提150多辆车了，真好#交通工具3D立体书", "aweme_url": "https://www.iesdouyin.com/share/video/6852913945209097480/?region=CN&mid=6852914205465545486&u_code=0&titleType=title", "download_url": "https://www.chanmama.com/awemeDetail/6852913945209097480", "digg_count": 20820, "digg_incr": 9577, "aweme_create_time": 1595568368, "category": 15, "volume": 0, "amount": 0}, "author": {"author_id": "817647475833555", "nickname": "乐乐儿童绘本12点直播", "follower_count": 132530}}, {"aweme": {"aweme_id": "6852978150234705155", "aweme_title": "你有没有遇到这样的老公，他认为，他永远都是对的#情感 #女性 #婚姻", "aweme_url": "https://www.iesdouyin.com/share/video/6852978150234705155/?region=CN&mid=6852978195939986183&u_code=0&titleType=title", "download_url": "https://www.chanmama.com/awemeDetail/6852978150234705155", "digg_count": 12190, "digg_incr": 9074, "aweme_create_time": 1595583322, "category": 15, "volume": 0, "amount": 0}, "author": {"author_id": "347078239986964", "nickname": "虚静空", "follower_count": 183874}}, {"aweme": {"aweme_id": "6852996577599048967", "aweme_title": "人性中最大的恶就是见不得别人比自己好#人性的弱点  #人性  @DOU+小助手", "aweme_url": "https://www.iesdouyin.com/share/video/6852996577599048967/?region=CN&mid=6852996667101301518&u_code=0&titleType=title", "download_url": "https://www.chanmama.com/awemeDetail/6852996577599048967", "digg_count": 10428, "digg_incr": 8897, "aweme_create_time": 1595587627, "category": 15, "volume": 0, "amount": 0}, "author": {"author_id": "101514520203", "nickname": "智慧之道", "follower_count": 462536}}, {"aweme": {"aweme_id": "6853009801383824651", "aweme_title": "青春期困惑如何沟通引导？和孩子一起成长，别被孩子开除了！#亲子沟通 #青春期教育 #家庭教育@DOU+小助手", "aweme_url": "https://www.iesdouyin.com/share/video/6853009801383824651/?region=CN&mid=6853009843037817613&u_code=0&titleType=title", "download_url": "https://www.chanmama.com/awemeDetail/6853009801383824651", "digg_count": 24840, "digg_incr": 8357, "aweme_create_time": 1595590689, "category": 15, "volume": 0, "amount": 0}, "author": {"author_id": "98038126560", "nickname": "李艳说沟通", "follower_count": 295981}}, {"aweme": {"aweme_id": "6852830906894273799", "aweme_title": "#认知 #思维#智慧 自己成为一个强大有智慧的女人，才能掌控人生的主动权。", "aweme_url": "https://www.iesdouyin.com/share/video/6852830906894273799/?region=CN&mid=6852830911705516808&u_code=0&titleType=title", "download_url": "https://www.chanmama.com/awemeDetail/6852830906894273799", "digg_count": 8488, "digg_incr": 8104, "aweme_create_time": 1595549038, "category": 15, "volume": 7, "amount": 2786}, "author": {"author_id": "110650460077", "nickname": "媒婆老高", "follower_count": 410284}}, {"aweme": {"aweme_id": "6852981042710662400", "aweme_title": "声优都是怪物之#花江夏树", "aweme_url": "https://www.iesdouyin.com/share/video/6852981042710662400/?region=CN&mid=6852981064294943496&u_code=0&titleType=title", "download_url": "https://www.chanmama.com/awemeDetail/6852981042710662400", "digg_count": 9617, "digg_incr": 8044, "aweme_create_time": 1595583990, "category": 15, "volume": 0, "amount": 0}, "author": {"author_id": "105574323610", "nickname": "新东方在线日语", "follower_count": 934126}}, {"aweme": {"aweme_id": "6852970949784947971", "aweme_title": "磨铁图书18点#直播 ，9块9包邮秒杀好书，惊喜小立牌和#顾飞 版的#巫哲 大大亲签明信片等着你！#撒野", "aweme_url": "https://www.iesdouyin.com/share/video/6852970949784947971/?region=CN&mid=6596841530185648910&u_code=0&titleType=title", "download_url": "https://www.chanmama.com/awemeDetail/6852970949784947971", "digg_count": 8461, "digg_incr": 8009, "aweme_create_time": 1595581645, "category": 15, "volume": 42, "amount": 1444.8}, "author": {"author_id": "95419395467", "nickname": "磨铁图书（破云2来啦）", "follower_count": 475992}}, {"aweme": {"aweme_id": "6852896540525120776", "aweme_title": "牛逼👍@抖音小助手", "aweme_url": "https://www.iesdouyin.com/share/video/6852896540525120776/?region=CN&mid=6852896551657196302&u_code=0&titleType=title", "download_url": "https://www.chanmama.com/awemeDetail/6852896540525120776", "digg_count": 14583, "digg_incr": 7994, "aweme_create_time": 1595564316, "category": 15, "volume": 3, "amount": 144}, "author": {"author_id": "2770368657104391", "nickname": "旺旺吠财", "follower_count": 334408}}, {"aweme": {"aweme_id": "6852846938002443535", "aweme_title": "一个老太太背着#百万 去#银行 存，惊呆了行长", "aweme_url": "https://www.iesdouyin.com/share/video/6852846938002443535/?region=CN&mid=6852846938962938632&u_code=0&titleType=title", "download_url": "https://www.chanmama.com/awemeDetail/6852846938002443535", "digg_count": 8180, "digg_incr": 7990, "aweme_create_time": 1595552767, "category": 15, "volume": 1, "amount": 48}, "author": {"author_id": "1468553309457182", "nickname": "【感恩】", "follower_count": 205498}}, {"aweme": {"aweme_id": "6852984473701682445", "aweme_title": "博士论文再辛苦，这也是我熬夜看的书单！ #书单  #必读  #职场  #学生@DOU+小助手", "aweme_url": "https://www.iesdouyin.com/share/video/6852984473701682445/?region=CN&mid=6852984585664580360&u_code=0&titleType=title", "download_url": "https://www.chanmama.com/awemeDetail/6852984473701682445", "digg_count": 17366, "digg_incr": 7850, "aweme_create_time": 1595584806, "category": 15, "volume": 30, "amount": 297}, "author": {"author_id": "97288419365", "nickname": "做一只有温度的女博士", "follower_count": 826594}}, {"aweme": {"aweme_id": "6852865300195544335", "aweme_title": "两兄弟的九头牛", "aweme_url": "https://www.iesdouyin.com/share/video/6852865300195544335/?region=CN&mid=6852865376070437639&u_code=0&titleType=title", "download_url": "https://www.chanmama.com/awemeDetail/6852865300195544335", "digg_count": 9381, "digg_incr": 7412, "aweme_create_time": 1595557042, "category": 15, "volume": 8, "amount": 288}, "author": {"author_id": "1433395176684559", "nickname": "奋斗行动派", "follower_count": 274284}}, {"aweme": {"aweme_id": "6852972740509535495", "aweme_title": "假期这样做，你也能逆袭到前十名。#初中 #高中 #暑假 #努力study #学习方法", "aweme_url": "https://www.iesdouyin.com/share/video/6852972740509535495/?region=CN&mid=6852972774471387912&u_code=0&titleType=title", "download_url": "https://www.chanmama.com/awemeDetail/6852972740509535495", "digg_count": 7541, "digg_incr": 7132, "aweme_create_time": 1595582058, "category": 15, "volume": 9, "amount": 324}, "author": {"author_id": "2506503933142125", "nickname": "清华阿和学长", "follower_count": 303905}}, {"aweme": {"aweme_id": "6852964499939478798", "aweme_title": "没最后一个，啥事儿都没有～#大师 #历史", "aweme_url": "https://www.iesdouyin.com/share/video/6852964499939478798/?region=CN&mid=6852964641602161422&u_code=0&titleType=title", "download_url": "https://www.chanmama.com/awemeDetail/6852964499939478798", "digg_count": 14108, "digg_incr": 7108, "aweme_create_time": 1595580161, "category": 15, "volume": 6, "amount": 179.39999999999998}, "author": {"author_id": "1068355357262780", "nickname": "田野-帮中小企业做品牌", "follower_count": 324839}}, {"aweme": {"aweme_id": "6852833677131418887", "aweme_title": "@抖音小助手", "aweme_url": "https://www.iesdouyin.com/share/video/6852833677131418887/?region=CN&mid=6852833682097769229&u_code=0&titleType=title", "download_url": "https://www.chanmama.com/awemeDetail/6852833677131418887", "digg_count": 6785, "digg_incr": 6785, "aweme_create_time": 1595549683, "category": 15, "volume": 43, "amount": 4257}, "author": {"author_id": "58269825527", "nickname": "敏姐創业思维", "follower_count": 348485}}, {"aweme": {"aweme_id": "6852517512169458951", "aweme_title": "杀招来了，看你还敢不敢这么走！ #象棋  #抖音小助手", "aweme_url": "https://www.iesdouyin.com/share/video/6852517512169458951/?region=CN&mid=6852517682756717320&u_code=0&titleType=title", "download_url": "https://www.chanmama.com/awemeDetail/6852517512169458951", "digg_count": 5888, "digg_incr": 5708, "aweme_create_time": 1595559600, "category": 15, "volume": 0, "amount": 0}, "author": {"author_id": "105101172182", "nickname": "大禾象棋", "follower_count": 840696}}, {"aweme": {"aweme_id": "6852681031946964235", "aweme_title": "请叫我省钱小能手 轻轻松松#在家早教 一本有声挂画搞定！#绘本 @抖音小助手", "aweme_url": "https://www.iesdouyin.com/share/video/6852681031946964235/?region=CN&mid=6852681329455696653&u_code=0&titleType=title", "download_url": "https://www.chanmama.com/awemeDetail/6852681031946964235", "digg_count": 7497, "digg_incr": 5435, "aweme_create_time": 1595559600, "category": 15, "volume": 0, "amount": 0}, "author": {"author_id": "101486150764", "nickname": "萌仓探物", "follower_count": 686961}}, {"aweme": {"aweme_id": "6852865406860791043", "aweme_title": "（一）富而不奢的传奇家族，你应该不知道吧？#商业 #财富   @DOU+小助手", "aweme_url": "https://www.iesdouyin.com/share/video/6852865406860791043/?region=CN&mid=6852865572372613901&u_code=0&titleType=title", "download_url": "https://www.chanmama.com/awemeDetail/6852865406860791043", "digg_count": 7889, "digg_incr": 5285, "aweme_create_time": 1595557104, "category": 15, "volume": 8, "amount": 0}, "author": {"author_id": "1011174644922365", "nickname": "柏叔夜读", "follower_count": 110951}}, {"aweme": {"aweme_id": "6852854755786542336", "aweme_title": "除了父母，没有一个人希望你过得比他好，这才是人性。#成长充电站 #人性 #感悟 @DOU+小助手", "aweme_url": "https://www.iesdouyin.com/share/video/6852854755786542336/?region=CN&mid=6852854745078565640&u_code=0&titleType=title", "download_url": "https://www.chanmama.com/awemeDetail/6852854755786542336", "digg_count": 5934, "digg_incr": 5271, "aweme_create_time": 1595554587, "category": 15, "volume": 21, "amount": 688.8}, "author": {"author_id": "3896288185424784", "nickname": "牛叔", "follower_count": 244955}}, {"aweme": {"aweme_id": "6853017796352249096", "aweme_title": "老王说了这么久，不知道饿了没[狗头]#老王说真的 #创业 #成长充电站", "aweme_url": "https://www.iesdouyin.com/share/video/6853017796352249096/?region=CN&mid=6853017975310568200&u_code=0&titleType=title", "download_url": "https://www.chanmama.com/awemeDetail/6853017796352249096", "digg_count": 6496, "digg_incr": 5153, "aweme_create_time": 1595592565, "category": 15, "volume": 14, "amount": 0}, "author": {"author_id": "91871894826", "nickname": "老王说真的", "follower_count": 594006}}, {"aweme": {"aweme_id": "6852992918886550784", "aweme_title": "江湖越老胆儿越小，唯有不断学习才能行稳致远~#活到老学到老", "aweme_url": "https://www.iesdouyin.com/share/video/6852992918886550784/?region=CN&mid=6852992937463843598&u_code=3ljlkff398a5&titleType=title", "download_url": "https://www.chanmama.com/awemeDetail/6852992918886550784", "digg_count": 5118, "digg_incr": 5118, "aweme_create_time": 1595586755, "category": 15, "volume": 0, "amount": 0}, "author": {"author_id": "3579602984514430", "nickname": "德云·语录馆", "follower_count": 269424}}, {"aweme": {"aweme_id": "6852946384010611982", "aweme_title": "7月24晚上聊聊 #包豪斯 #设计  #基奇大叔  @抖音小助手", "aweme_url": "https://www.iesdouyin.com/share/video/6852946384010611982/?region=CN&mid=6852946502583618312&u_code=0&titleType=title", "download_url": "https://www.chanmama.com/awemeDetail/6852946384010611982", "digg_count": 5529, "digg_incr": 4764, "aweme_create_time": 1595575944, "category": 15, "volume": 44, "amount": 6204}, "author": {"author_id": "111519595815", "nickname": "基奇大叔 说设计", "follower_count": 260552}}, {"aweme": {"aweme_id": "6852720922630081804", "aweme_title": "真正相爱的人，并不一定要拥有婚姻。", "aweme_url": "https://www.iesdouyin.com/share/video/6852720922630081804/?region=CN&mid=6852720979005836045&u_code=0&titleType=title", "download_url": "https://www.chanmama.com/awemeDetail/6852720922630081804", "digg_count": 4838, "digg_incr": 4742, "aweme_create_time": 1595523459, "category": 15, "volume": 0, "amount": 0}, "author": {"author_id": "95106036870", "nickname": "云故事", "follower_count": 176801}}, {"aweme": {"aweme_id": "6852578003923242248", "aweme_title": "姨妈真的太温柔，太美了 #青瓷", "aweme_url": "https://www.iesdouyin.com/share/video/6852578003923242248/?region=CN&mid=6852578192536931085&u_code=bk5kkf3l2d0&titleType=title", "download_url": "https://www.chanmama.com/awemeDetail/6852578003923242248", "digg_count": 4712, "digg_incr": 4590, "aweme_create_time": 1595561400, "category": 15, "volume": 5, "amount": 0}, "author": {"author_id": "4164603672271059", "nickname": "智者思维", "follower_count": 645567}}, {"aweme": {"aweme_id": "6852586645598850318", "aweme_title": "#车  #房  #形象  #能力  #思维  #格局  #抖音小助手", "aweme_url": "https://www.iesdouyin.com/share/video/6852586645598850318/?region=CN&mid=6852586770752637704&u_code=0&titleType=title", "download_url": "https://www.chanmama.com/awemeDetail/6852586645598850318", "digg_count": 9337, "digg_incr": 4533, "aweme_create_time": 1595545440, "category": 15, "volume": 19, "amount": 978}, "author": {"author_id": "641722777367149", "nickname": "思心智慧", "follower_count": 202933}}, {"aweme": {"aweme_id": "6852847809230671104", "aweme_title": "善待姑爷其实就是善待自己闺女 #郭德纲 @王字旁的王玥", "aweme_url": "https://www.iesdouyin.com/share/video/6852847809230671104/?region=CN&mid=6852847800670030599&u_code=0&titleType=title", "download_url": "https://www.chanmama.com/awemeDetail/6852847809230671104", "digg_count": 5099, "digg_incr": 4436, "aweme_create_time": 1595552970, "category": 15, "volume": 2, "amount": 196}, "author": {"author_id": "1996339096597167", "nickname": "德云这一课🍑", "follower_count": 351440}}, {"aweme": {"aweme_id": "6853007449369120000", "aweme_title": "新图纸，最喜欢看建筑平面图😂", "aweme_url": "https://www.iesdouyin.com/share/video/6853007449369120000/?region=CN&mid=6853007496437631758&u_code=0&titleType=title", "download_url": "https://www.chanmama.com/awemeDetail/6853007449369120000", "digg_count": 5995, "digg_incr": 4436, "aweme_create_time": 1595590137, "category": 15, "volume": 0, "amount": 0}, "author": {"author_id": "95571056338", "nickname": "第五元素", "follower_count": 558844}}, {"aweme": {"aweme_id": "6853015826686151949", "aweme_title": "巴菲特给儿女一生的忠告，对的人一定是相互成就，而只有错的人才会相互抱怨#婚姻#家庭教育@抖音小助手", "aweme_url": "https://www.iesdouyin.com/share/video/6853015826686151949/?region=CN&mid=6853015839043160840&u_code=0&titleType=title", "download_url": "https://www.chanmama.com/awemeDetail/6853015826686151949", "digg_count": 5987, "digg_incr": 4260, "aweme_create_time": 1595592089, "category": 15, "volume": 12, "amount": 0}, "author": {"author_id": "98976115743", "nickname": "心理•学识", "follower_count": 634518}}, {"aweme": {"aweme_id": "6852973681006759182", "aweme_title": "小学三年级上册数学公式大全！", "aweme_url": "https://www.iesdouyin.com/share/video/6852973681006759182/?region=CN&mid=6807672048698280711&u_code=0&titleType=title", "download_url": "https://www.chanmama.com/awemeDetail/6852973681006759182", "digg_count": 4792, "digg_incr": 4147, "aweme_create_time": 1595582277, "category": 15, "volume": 0, "amount": 0}, "author": {"author_id": "102080152073", "nickname": "娜娜课堂", "follower_count": 402660}}, {"aweme": {"aweme_id": "6852831479974612232", "aweme_title": "想要舞蹈跳的好，基本功必不可少#爵士舞基本功", "aweme_url": "https://www.iesdouyin.com/share/video/6852831479974612232/?region=CN&mid=6852831473024649998&u_code=0&titleType=title", "download_url": "https://www.chanmama.com/awemeDetail/6852831479974612232", "digg_count": 4485, "digg_incr": 4121, "aweme_create_time": 1595549171, "category": 15, "volume": 0, "amount": 0}, "author": {"author_id": "65309490536", "nickname": "黄冈0713", "follower_count": 622823}}, {"aweme": {"aweme_id": "6852909152709168397", "aweme_title": "江西女孩邓宇涵，被14所世界名校疯抢，并获得200万奖学金", "aweme_url": "https://www.iesdouyin.com/share/video/6852909152709168397/?region=CN&mid=6763143225659820808&u_code=35gi8h4lgckg&titleType=title", "download_url": "https://www.chanmama.com/awemeDetail/6852909152709168397", "digg_count": 3748, "digg_incr": 3748, "aweme_create_time": 1595567252, "category": 15, "volume": 15, "amount": 1320}, "author": {"author_id": "3509270093773779", "nickname": "成长•蜕变", "follower_count": 244671}}, {"aweme": {"aweme_id": "6853009130203008256", "aweme_title": "@三叶草.发了一个抖音短视频，你尽管点开，不好看算我输！", "aweme_url": "https://www.iesdouyin.com/share/video/6853009130203008256/?region=CN&mid=6853009177116281613&u_code=0&titleType=", "download_url": "https://www.chanmama.com/awemeDetail/6853009130203008256", "digg_count": 4071, "digg_incr": 3684, "aweme_create_time": 1595590529, "category": 15, "volume": 4, "amount": 119.2}, "author": {"author_id": "67289033193", "nickname": "三叶草.", "follower_count": 450757}}, {"aweme": {"aweme_id": "6852953785409572103", "aweme_title": "好好保护我们脸上的窍！#智慧 #中医养生 #养生 #健康 #抖音小助手", "aweme_url": "https://www.iesdouyin.com/share/video/6852953785409572103/?region=CN&mid=6852953790476192520&u_code=0&titleType=title", "download_url": "https://www.chanmama.com/awemeDetail/6852953785409572103", "digg_count": 6604, "digg_incr": 3678, "aweme_create_time": 1595577645, "category": 15, "volume": 3, "amount": 207}, "author": {"author_id": "60710259713", "nickname": "良师雅集教育", "follower_count": 220579}}, {"aweme": {"aweme_id": "6852892300373183744", "aweme_title": "你真的能吃苦吗？", "aweme_url": "https://www.iesdouyin.com/share/video/6852892300373183744/?region=CN&mid=6852892311500671751&u_code=0&titleType=title", "download_url": "https://www.chanmama.com/awemeDetail/6852892300373183744", "digg_count": 3797, "digg_incr": 3639, "aweme_create_time": 1595563328, "category": 15, "volume": 0, "amount": 0}, "author": {"author_id": "60361928462", "nickname": "商业思维天天学", "follower_count": 153422}}, {"aweme": {"aweme_id": "6852935293289499918", "aweme_title": "杭州失踪女子已遇害，其丈夫有重大作案嫌疑，已被控制。#成长充电站 #法律分析", "aweme_url": "https://www.iesdouyin.com/share/video/6852935293289499918/?region=CN&mid=6852935412067863309&u_code=0&titleType=title", "download_url": "https://www.chanmama.com/awemeDetail/6852935293289499918", "digg_count": 3636, "digg_incr": 3593, "aweme_create_time": 1595573362, "category": 15, "volume": 0, "amount": 0}, "author": {"author_id": "3390541984446803", "nickname": "冯刚律师", "follower_count": 257402}}, {"aweme": {"aweme_id": "6852828368103116032", "aweme_title": "坏习惯是致命的#郭德纲", "aweme_url": "https://www.iesdouyin.com/share/video/6852828368103116032/?region=CN&mid=6852828336167684877&u_code=0&titleType=title", "download_url": "https://www.chanmama.com/awemeDetail/6852828368103116032", "digg_count": 4385, "digg_incr": 3476, "aweme_create_time": 1595548446, "category": 15, "volume": 0, "amount": 0}, "author": {"author_id": "63941747562", "nickname": "德云社", "follower_count": 905304}}, {"aweme": {"aweme_id": "6852850563768536334", "aweme_title": "#郭德纲 “卿卿误我，我误卿卿，感人至深。”#情感 @DOU+小助手", "aweme_url": "https://www.iesdouyin.com/share/video/6852850563768536334/?region=CN&mid=6852850570890398478&u_code=0&titleType=title", "download_url": "https://www.chanmama.com/awemeDetail/6852850563768536334", "digg_count": 16239, "digg_incr": 3447, "aweme_create_time": 1595553613, "category": 15, "volume": 7, "amount": 348.59999999999997}, "author": {"author_id": "96897437759", "nickname": "德云小剧场", "follower_count": 286849}}, {"aweme": {"aweme_id": "6852986575098350856", "aweme_title": "古代的“犬儒”和现代的“犬儒”是不一样的。#犬儒#人类简史", "aweme_url": "https://www.iesdouyin.com/share/video/6852986575098350856/?region=CN&mid=6852986625144949518&u_code=0&titleType=title", "download_url": "https://www.chanmama.com/awemeDetail/6852986575098350856", "digg_count": 4977, "digg_incr": 3422, "aweme_create_time": 1595585279, "category": 15, "volume": 1, "amount": 88}, "author": {"author_id": "2211873533989576", "nickname": "梁大官人", "follower_count": 332237}}, {"aweme": {"aweme_id": "6852889068548672782", "aweme_title": "只有没经历过战争的人才会向往战争，战场就是地狱#故事", "aweme_url": "https://www.iesdouyin.com/share/video/6852889068548672782/?region=CN&mid=6835574863131134728&u_code=0&titleType=title", "download_url": "https://www.chanmama.com/awemeDetail/6852889068548672782", "digg_count": 4131, "digg_incr": 3344, "aweme_create_time": 1595562576, "category": 15, "volume": 0, "amount": 0}, "author": {"author_id": "67971241848", "nickname": "角落里的故事", "follower_count": 269956}}, {"aweme": {"aweme_id": "6852973512261373187", "aweme_title": "一分钟解决你唱歌不好听。唱歌小白的福利哦#爱唱歌#零基础学唱歌#唱歌技巧 @DOU+小助手", "aweme_url": "https://www.iesdouyin.com/share/video/6852973512261373187/?region=CN&mid=6852973567034903310&u_code=0&titleType=title", "download_url": "https://www.chanmama.com/awemeDetail/6852973512261373187", "digg_count": 6623, "digg_incr": 3343, "aweme_create_time": 1595582242, "category": 15, "volume": 1, "amount": 29.9}, "author": {"author_id": "101534889088", "nickname": "邹亚菲（轻松唱）", "follower_count": 652618}}, {"aweme": {"aweme_id": "6852852481408404750", "aweme_title": "土豪卖别墅，为何要找美女结婚呢？最后还是因为$_$。#会计会计 #老板", "aweme_url": "https://www.iesdouyin.com/share/video/6852852481408404750/?region=CN&mid=6852852572601010951&u_code=0&titleType=title", "download_url": "https://www.chanmama.com/awemeDetail/6852852481408404750", "digg_count": 5289, "digg_incr": 3296, "aweme_create_time": 1595554078, "category": 15, "volume": 10, "amount": 290}, "author": {"author_id": "4481254908503859", "nickname": "会计大田", "follower_count": 799282}}, {"aweme": {"aweme_id": "6852968872174177551", "aweme_title": "欲成大事者，脸皮要厚而无形，心要黑而无色。#强者 #成长充电站 #智慧 @DOU+小助手", "aweme_url": "https://www.iesdouyin.com/share/video/6852968872174177551/?region=CN&mid=6852968881909156616&u_code=0&titleType=title", "download_url": "https://www.chanmama.com/awemeDetail/6852968872174177551", "digg_count": 6159, "digg_incr": 3276, "aweme_create_time": 1595581156, "category": 15, "volume": 3, "amount": 114}, "author": {"author_id": "92535133452", "nickname": "智慧私塾", "follower_count": 942393}}, {"aweme": {"aweme_id": "6852887857900588296", "aweme_title": "中国百米00后一哥决赛跑出10秒18，打破全国青年记录，成绩排名历史榜第五！", "aweme_url": "https://www.iesdouyin.com/share/video/6852887857900588296/?region=CN&mid=6852887874967309070&u_code=0&titleType=title", "download_url": "https://www.chanmama.com/awemeDetail/6852887857900588296", "digg_count": 3421, "digg_incr": 3226, "aweme_create_time": 1595562295, "category": 15, "volume": 1, "amount": 39}, "author": {"author_id": "66068845006", "nickname": "小飞人（领训练计划）", "follower_count": 104346}}, {"aweme": {"aweme_id": "6852980490224323855", "aweme_title": "只有不断学习，默默扎根，才能让看不起你的人从此高攀不起！#成长充电站 #思维", "aweme_url": "https://www.iesdouyin.com/share/video/6852980490224323855/?region=CN&mid=6852980515482733319&u_code=0&titleType=title", "download_url": "https://www.chanmama.com/awemeDetail/6852980490224323855", "digg_count": 3165, "digg_incr": 3119, "aweme_create_time": 1595583861, "category": 15, "volume": 0, "amount": 0}, "author": {"author_id": "109301450446", "nickname": "总裁必修课", "follower_count": 233347}}, {"aweme": {"aweme_id": "6852895350043266304", "aweme_title": "思路一变市场一片，你看懂了什么？#商业 #思维 #创业 #我要上热门@DOU+小助手", "aweme_url": "https://www.iesdouyin.com/share/video/6852895350043266304/?region=CN&mid=6852895364157033223&u_code=0&titleType=title", "download_url": "https://www.chanmama.com/awemeDetail/6852895350043266304", "digg_count": 7965, "digg_incr": 3031, "aweme_create_time": 1595564038, "category": 15, "volume": 39, "amount": 2691}, "author": {"author_id": "83175450609827", "nickname": "智慧女性", "follower_count": 467675}}, {"aweme": {"aweme_id": "6852879594790456590", "aweme_title": "不要到处得瑟和炫耀，因为无形中会树敌无数。", "aweme_url": "https://www.iesdouyin.com/share/video/6852879594790456590/?region=CN&mid=6852879681641876231&u_code=0&titleType=title", "download_url": "https://www.chanmama.com/awemeDetail/6852879594790456590", "digg_count": 3632, "digg_incr": 2986, "aweme_create_time": 1595588400, "category": 15, "volume": 2, "amount": 51.6}, "author": {"author_id": "2493294668157031", "nickname": "小路哥哥", "follower_count": 765631}}, {"aweme": {"aweme_id": "6852920711053446400", "aweme_title": "@励志书坊发了一个抖音短视频，你尽管点开，不好看算我输！", "aweme_url": "https://www.iesdouyin.com/share/video/6852920711053446400/?region=CN&mid=6705243075075476231&u_code=0&titleType=", "download_url": "https://www.chanmama.com/awemeDetail/6852920711053446400", "digg_count": 2980, "digg_incr": 2974, "aweme_create_time": 1595569943, "category": 15, "volume": 0, "amount": 0}, "author": {"author_id": "3645606761072766", "nickname": "励志书坊", "follower_count": 135876}}, {"aweme": {"aweme_id": "6852809210783124740", "aweme_title": "这个故事看完可以让您多活十年！#中国文化博大精深 #易经 #你好火星 #易经文化 #养生 @抖音小助手", "aweme_url": "https://www.iesdouyin.com/share/video/6852809210783124740/?region=CN&mid=6852809278911204104&u_code=0&titleType=title", "download_url": "https://www.chanmama.com/awemeDetail/6852809210783124740", "digg_count": 4671, "digg_incr": 2942, "aweme_create_time": 1595544006, "category": 15, "volume": 0, "amount": 0}, "author": {"author_id": "101849997176", "nickname": "神州丰瑞", "follower_count": 777417}}, {"aweme": {"aweme_id": "6852973905506749703", "aweme_title": "街头擦鞋匠儿子因家境贫寒受尽委屈、从不上任何辅导班，高考以693分考入北大#高考加油站 #寒门贵子", "aweme_url": "https://www.iesdouyin.com/share/video/6852973905506749703/?region=CN&mid=6846147174309694216&u_code=2egb22eilc94&titleType=title", "download_url": "https://www.chanmama.com/awemeDetail/6852973905506749703", "digg_count": 2942, "digg_incr": 2942, "aweme_create_time": 1595582329, "category": 15, "volume": 2, "amount": 176}, "author": {"author_id": "1679657203405548", "nickname": "悟道社", "follower_count": 279173}}, {"aweme": {"aweme_id": "6852899284497534223", "aweme_title": "民法典明年1月1日生效就可以这样操作咯", "aweme_url": "https://www.iesdouyin.com/share/video/6852899284497534223/?region=CN&mid=6852899293713140487&u_code=0&titleType=title", "download_url": "https://www.chanmama.com/awemeDetail/6852899284497534223", "digg_count": 3606, "digg_incr": 2934, "aweme_create_time": 1595564954, "category": 15, "volume": 34, "amount": 952}, "author": {"author_id": "96032339042", "nickname": "四川胡律师", "follower_count": 326262}}, {"aweme": {"aweme_id": "6852978867678809359", "aweme_title": "90后美女#空手套白狼  开了一家300W的西餐厅#创业 #合伙#商业思维 @抖音小助手", "aweme_url": "https://www.iesdouyin.com/share/video/6852978867678809359/?region=CN&mid=6852978895629601544&u_code=0&titleType=title", "download_url": "https://www.chanmama.com/awemeDetail/6852978867678809359", "digg_count": 5331, "digg_incr": 2860, "aweme_create_time": 1595583483, "category": 15, "volume": 0, "amount": 0}, "author": {"author_id": "1490579009844075", "nickname": "破点思维杨姐", "follower_count": 161530}}, {"aweme": {"aweme_id": "6852888590075120904", "aweme_title": "刻意练习:如何从新手到大师,这本书都会告诉你#老王说真的 #成长充电站", "aweme_url": "https://www.iesdouyin.com/share/video/6852888590075120904/?region=CN&mid=6852888681267596039&u_code=0&titleType=title", "download_url": "https://www.chanmama.com/awemeDetail/6852888590075120904", "digg_count": 3452, "digg_incr": 2847, "aweme_create_time": 1595562483, "category": 15, "volume": 0, "amount": 0}, "author": {"author_id": "91871894826", "nickname": "老王说真的", "follower_count": 594006}}, {"aweme": {"aweme_id": "6852709944752491784", "aweme_title": "思维决定#命运，格局决定#结局！", "aweme_url": "https://www.iesdouyin.com/share/video/6852709944752491784/?region=CN&mid=6852709956597123853&u_code=bk5kkf3l2d0&titleType=title", "download_url": "https://www.chanmama.com/awemeDetail/6852709944752491784", "digg_count": 4085, "digg_incr": 2823, "aweme_create_time": 1595520878, "category": 15, "volume": 6, "amount": 0}, "author": {"author_id": "2405333247206747", "nickname": "【格局】", "follower_count": 133439}}, {"aweme": {"aweme_id": "6852971936088067336", "aweme_title": "《山海经》生化危机（4）#山海经", "aweme_url": "https://www.iesdouyin.com/share/video/6852971936088067336/?region=CN&mid=6852971979042048782&u_code=0&titleType=title", "download_url": "https://www.chanmama.com/awemeDetail/6852971936088067336", "digg_count": 3850, "digg_incr": 2769, "aweme_create_time": 1595581870, "category": 15, "volume": 3, "amount": 96}, "author": {"author_id": "3988675792481181", "nickname": "文中野", "follower_count": 835160}}, {"aweme": {"aweme_id": "6852991372060855567", "aweme_title": "一副哑铃站着也可以轻松玩爆胸肌！你get到了吗？#健身 #哑铃 #健身教程正能量", "aweme_url": "https://www.iesdouyin.com/share/video/6852991372060855567/?region=CN&mid=6852991403182639879&u_code=0&titleType=title", "download_url": "https://www.chanmama.com/awemeDetail/6852991372060855567", "digg_count": 3746, "digg_incr": 2768, "aweme_create_time": 1595586395, "category": 15, "volume": 0, "amount": 0}, "author": {"author_id": "276680044446364", "nickname": "健美冠军王森贵", "follower_count": 602304}}, {"aweme": {"aweme_id": "6852890735176371470", "aweme_title": "从来不是让你把一次考试当成人生成败的赌注，只是想让你在年轻的时候，体会一次全力以赴#高考 #未来 #家庭教育", "aweme_url": "https://www.iesdouyin.com/share/video/6852890735176371470/?region=CN&mid=6711850964862634763&u_code=0&titleType=title", "download_url": "https://www.chanmama.com/awemeDetail/6852890735176371470", "digg_count": 3290, "digg_incr": 2713, "aweme_create_time": 1595562965, "category": 15, "volume": 0, "amount": 0}, "author": {"author_id": "237109625751735", "nickname": "蓝色小象", "follower_count": 152815}}, {"aweme": {"aweme_id": "6852797192940342541", "aweme_title": "女人宁愿精致的被人说你是妖精，也不要被人数落你是怨妇，该美丽的年纪别省吃俭用，没人为你的青春买单 好", "aweme_url": "https://www.iesdouyin.com/share/video/6852797192940342541/?region=CN&mid=6852797129702836999&u_code=0&titleType=title", "download_url": "https://www.chanmama.com/awemeDetail/6852797192940342541", "digg_count": 2680, "digg_incr": 2610, "aweme_create_time": 1595541204, "category": 15, "volume": 0, "amount": 0}, "author": {"author_id": "81178433221", "nickname": "盘锦市兴隆台区姐妹服装店", "follower_count": 451049}}, {"aweme": {"aweme_id": "6852900020539149568", "aweme_title": "#百鬼夜行 #故事 #妖怪 （河童）以屁为动力推进飞行的妖怪", "aweme_url": "https://www.iesdouyin.com/share/video/6852900020539149568/?region=CN&mid=6852900035626093320&u_code=0&titleType=title", "download_url": "https://www.chanmama.com/awemeDetail/6852900020539149568", "digg_count": 2686, "digg_incr": 2606, "aweme_create_time": 1595565125, "category": 15, "volume": 0, "amount": 0}, "author": {"author_id": "68612161100", "nickname": "鹏鲲模道", "follower_count": 489090}}, {"aweme": {"aweme_id": "6852991160189799680", "aweme_title": "教辅材料，不是做得越多越好！#中考 #高考 #老师 @抖音小助手", "aweme_url": "https://www.iesdouyin.com/share/video/6852991160189799680/?region=CN&mid=6777197579886725902&u_code=0&titleType=title", "download_url": "https://www.chanmama.com/awemeDetail/6852991160189799680", "digg_count": 2849, "digg_incr": 2571, "aweme_create_time": 1595586345, "category": 15, "volume": 0, "amount": 0}, "author": {"author_id": "62180511763", "nickname": "老师也疯狂", "follower_count": 345699}}, {"aweme": {"aweme_id": "6852863443284872451", "aweme_title": "因为你比他优秀，所以才会有人嫉妒你，说你的不好！#十万个怎么做 #dou出新知 #成长充电站", "aweme_url": "https://www.iesdouyin.com/share/video/6852863443284872451/?region=CN&mid=6852863470833322759&u_code=0&titleType=title", "download_url": "https://www.chanmama.com/awemeDetail/6852863443284872451", "digg_count": 2552, "digg_incr": 2554, "aweme_create_time": 1595556616, "category": 15, "volume": 4, "amount": 0}, "author": {"author_id": "109311054923", "nickname": "思维研习社", "follower_count": 166225}}, {"aweme": {"aweme_id": "6852934163935366400", "aweme_title": "一物降一物#事业 #爱 #你好火星", "aweme_url": "https://www.iesdouyin.com/share/video/6852934163935366400/?region=CN&mid=6852934302242491143&u_code=0&titleType=title", "download_url": "https://www.chanmama.com/awemeDetail/6852934163935366400", "digg_count": 4862, "digg_incr": 2547, "aweme_create_time": 1595573076, "category": 15, "volume": 0, "amount": 0}, "author": {"author_id": "105315598912", "nickname": "传友文化传媒中心", "follower_count": 699488}}, {"aweme": {"aweme_id": "6852877037938445575", "aweme_title": "#断舍离 #好书分享 #致自己", "aweme_url": "https://www.iesdouyin.com/share/video/6852877037938445575/?region=CN&mid=6815157035190094605&u_code=0&titleType=title", "download_url": "https://www.chanmama.com/awemeDetail/6852877037938445575", "digg_count": 2585, "digg_incr": 2536, "aweme_create_time": 1595559775, "category": 15, "volume": 6, "amount": 276}, "author": {"author_id": "2735192578459070", "nickname": "懂得读书", "follower_count": 299564}}, {"aweme": {"aweme_id": "6852923307726064911", "aweme_title": "女人真正爱自己是提升你的大脑，可否懂#女人#富婆#女性智慧@DOU+小助手 @菲菲", "aweme_url": "https://www.iesdouyin.com/share/video/6852923307726064911/?region=CN&mid=6852923318698330894&u_code=0&titleType=title", "download_url": "https://www.chanmama.com/awemeDetail/6852923307726064911", "digg_count": 2551, "digg_incr": 2484, "aweme_create_time": 1595570548, "category": 15, "volume": 2, "amount": 796}, "author": {"author_id": "303098007665651", "nickname": "红姐", "follower_count": 158153}}, {"aweme": {"aweme_id": "6852888089921064206", "aweme_title": "只有量变才能引起质变，不要去追求出奇制胜#陈昌文方法读书会", "aweme_url": "https://www.iesdouyin.com/share/video/6852888089921064206/?region=CN&mid=6852888111610596104&u_code=0&titleType=title", "download_url": "https://www.chanmama.com/awemeDetail/6852888089921064206", "digg_count": 3144, "digg_incr": 2433, "aweme_create_time": 1595562349, "category": 15, "volume": 0, "amount": 0}, "author": {"author_id": "60500296593", "nickname": "六月", "follower_count": 245175}}, {"aweme": {"aweme_id": "6852911483865582861", "aweme_title": "有个大学老师老婆是什么体验😆特别爱给孩子买书，布书、洞洞书、触摸书，最近买了推拉机关书宝宝超喜欢，天天让我读", "aweme_url": "https://www.iesdouyin.com/share/video/6852911483865582861/?region=CN&mid=6789573950117858059&u_code=1c5a8fifih5i&titleType=title", "download_url": "https://www.chanmama.com/awemeDetail/6852911483865582861", "digg_count": 2420, "digg_incr": 2420, "aweme_create_time": 1595567795, "category": 15, "volume": 199, "amount": 13432.5}, "author": {"author_id": "2805541521602919", "nickname": "小团宝麻麻", "follower_count": 151883}}, {"aweme": {"aweme_id": "6852891781621845255", "aweme_title": "你了解自己吗？你想快速了解谁？直播连线解答，留言血型星座详解哦#超速识人 #星座#性格", "aweme_url": "https://www.iesdouyin.com/share/video/6852891781621845255/?region=CN&mid=6852891798176549640&u_code=0&titleType=title", "download_url": "https://www.chanmama.com/awemeDetail/6852891781621845255", "digg_count": 4190, "digg_incr": 2399, "aweme_create_time": 1595563208, "category": 15, "volume": 3, "amount": 59.699999999999996}, "author": {"author_id": "54905119734", "nickname": "星座血型识人", "follower_count": 135467}}, {"aweme": {"aweme_id": "6853013587091410183", "aweme_title": "你还在用前口腔练习英语么？@DOU+小助手", "aweme_url": "https://www.iesdouyin.com/share/video/6853013587091410183/?region=CN&mid=6853013637301930765&u_code=0&titleType=title", "download_url": "https://www.chanmama.com/awemeDetail/6853013587091410183", "digg_count": 7105, "digg_incr": 2394, "aweme_create_time": 1595591568, "category": 15, "volume": 0, "amount": 0}, "author": {"author_id": "82453802493", "nickname": "Willian学美语(20:30直播）", "follower_count": 504587}}, {"aweme": {"aweme_id": "6852833684047842560", "aweme_title": "他是人类历史上最富有的人#思维 #财富#哲学#教育", "aweme_url": "https://www.iesdouyin.com/share/video/6852833684047842560/?region=CN&mid=6852833714909481741&u_code=0&titleType=title", "download_url": "https://www.chanmama.com/awemeDetail/6852833684047842560", "digg_count": 2907, "digg_incr": 2351, "aweme_create_time": 1595549693, "category": 15, "volume": 23, "amount": 828}, "author": {"author_id": "78201757846", "nickname": "支老师家教智慧", "follower_count": 118989}}, {"aweme": {"aweme_id": "6852826650032311563", "aweme_title": "黄花蒿，青蒿素就是从中提炼的#dou出新知 #植物科普", "aweme_url": "https://www.iesdouyin.com/share/video/6852826650032311563/?region=CN&mid=6852826679539157768&u_code=0&titleType=title", "download_url": "https://www.chanmama.com/awemeDetail/6852826650032311563", "digg_count": 2687, "digg_incr": 2349, "aweme_create_time": 1595548057, "category": 15, "volume": 1, "amount": 0}, "author": {"author_id": "2440518577962195", "nickname": "生态农人张运东", "follower_count": 726086}}, {"aweme": {"aweme_id": "6852922251189308686", "aweme_title": "寄生植物", "aweme_url": "https://www.iesdouyin.com/share/video/6852922251189308686/?region=CN&mid=6852922258197924615&u_code=0&titleType=title", "download_url": "https://www.chanmama.com/awemeDetail/6852922251189308686", "digg_count": 3354, "digg_incr": 2334, "aweme_create_time": 1595570303, "category": 15, "volume": 2, "amount": 76}, "author": {"author_id": "3368525329608941", "nickname": "百草归真", "follower_count": 360345}}, {"aweme": {"aweme_id": "6852966015895227648", "aweme_title": "#逆向思维", "aweme_url": "https://www.iesdouyin.com/share/video/6852966015895227648/?region=CN&mid=6852966032424831758&u_code=0&titleType=title", "download_url": "https://www.chanmama.com/awemeDetail/6852966015895227648", "digg_count": 2746, "digg_incr": 2331, "aweme_create_time": 1595580491, "category": 15, "volume": 0, "amount": 0}, "author": {"author_id": "1433395176684559", "nickname": "奋斗行动派", "follower_count": 274284}}, {"aweme": {"aweme_id": "6852996330739010823", "aweme_title": "你以为我凄凄惨惨，我是怕撒的狗粮撑死你😂#诗词 #李清照", "aweme_url": "https://www.iesdouyin.com/share/video/6852996330739010823/?region=CN&mid=6852996360900266759&u_code=0&titleType=title", "download_url": "https://www.chanmama.com/awemeDetail/6852996330739010823", "digg_count": 2969, "digg_incr": 2171, "aweme_create_time": 1595587550, "category": 15, "volume": 4, "amount": 0}, "author": {"author_id": "575766611638040", "nickname": "诗词Vae", "follower_count": 145439}}, {"aweme": {"aweme_id": "6852873716108496131", "aweme_title": "下周一开始直播全等三角形啦 #小升初  #工程问题  #数学思维  #数学啊数学", "aweme_url": "https://www.iesdouyin.com/share/video/6852873716108496131/?region=CN&mid=6852873890856094478&u_code=0&titleType=title", "download_url": "https://www.chanmama.com/awemeDetail/6852873716108496131", "digg_count": 1999, "digg_incr": 1973, "aweme_create_time": 1595559040, "category": 15, "volume": 0, "amount": 0}, "author": {"author_id": "3988679820579416", "nickname": "娜姐数学(初中数学)", "follower_count": 265350}}, {"aweme": {"aweme_id": "6852899812044492032", "aweme_title": "#瑜珈 身体是一个整体～不是说只练手臂就可以～细品", "aweme_url": "https://www.iesdouyin.com/share/video/6852899812044492032/?region=CN&mid=6850043380676725511&u_code=0&titleType=title", "download_url": "https://www.chanmama.com/awemeDetail/6852899812044492032", "digg_count": 2477, "digg_incr": 1968, "aweme_create_time": 1595565077, "category": 15, "volume": 0, "amount": 0}, "author": {"author_id": "60880139948", "nickname": "小雯蚊", "follower_count": 124390}}, {"aweme": {"aweme_id": "6852839424854723853", "aweme_title": "40年前的1200块钱到今天值多少钱？", "aweme_url": "https://www.iesdouyin.com/share/video/6852839424854723853/?region=CN&mid=6852839424821185293&u_code=0&titleType=title", "download_url": "https://www.chanmama.com/awemeDetail/6852839424854723853", "digg_count": 2183, "digg_incr": 1938, "aweme_create_time": 1595551021, "category": 15, "volume": 0, "amount": 0}, "author": {"author_id": "95869048451", "nickname": "大猫", "follower_count": 920187}}, {"aweme": {"aweme_id": "6852911646860446983", "aweme_title": "新浮力又申请到了，我真的是有一个大方的老板#育儿 #亲子 #绘本 #阅读 #教育 #早教", "aweme_url": "https://www.iesdouyin.com/share/video/6852911646860446983/?region=CN&mid=6852912016869395214&u_code=0&titleType=title", "download_url": "https://www.chanmama.com/awemeDetail/6852911646860446983", "digg_count": 2966, "digg_incr": 1917, "aweme_create_time": 1595567833, "category": 15, "volume": 0, "amount": 0}, "author": {"author_id": "817647475833555", "nickname": "乐乐儿童绘本12点直播", "follower_count": 132530}}, {"aweme": {"aweme_id": "6852965380365749504", "aweme_title": "会看人你就赢了#人性", "aweme_url": "https://www.iesdouyin.com/share/video/6852965380365749504/?region=CN&mid=6852965528425138958&u_code=0&titleType=title", "download_url": "https://www.chanmama.com/awemeDetail/6852965380365749504", "digg_count": 1907, "digg_incr": 1907, "aweme_create_time": 1595580343, "category": 15, "volume": 0, "amount": 0}, "author": {"author_id": "3557660970976392", "nickname": "奋斗能量", "follower_count": 381211}}, {"aweme": {"aweme_id": "6852875208316046605", "aweme_title": "大家想跟老师一起玩剧本S吗？#剧本杀 #暑假就该这么玩 @抖音小助手", "aweme_url": "https://www.iesdouyin.com/share/video/6852875208316046605/?region=CN&mid=6852875322719816455&u_code=0&titleType=title", "download_url": "https://www.chanmama.com/awemeDetail/6852875208316046605", "digg_count": 2313, "digg_incr": 1875, "aweme_create_time": 1595579400, "category": 15, "volume": 0, "amount": 0}, "author": {"author_id": "2317358754956839", "nickname": "手下留情黄老师", "follower_count": 543820}}, {"aweme": {"aweme_id": "6852913485358058765", "aweme_title": "分享个学习英语的小技巧！@果果家的布丁  #和布丁一起读书", "aweme_url": "https://www.iesdouyin.com/share/video/6852913485358058765/?region=CN&mid=6852913871519304461&u_code=0&titleType=title", "download_url": "https://www.chanmama.com/awemeDetail/6852913485358058765", "digg_count": 2402, "digg_incr": 1858, "aweme_create_time": 1595579400, "category": 15, "volume": 28, "amount": 2072}, "author": {"author_id": "109637266377", "nickname": "布丁妈妈果果", "follower_count": 245227}}, {"aweme": {"aweme_id": "6852813795249736974", "aweme_title": "湖北男孩从不上任何辅导班不熬夜、以700分惊人的成绩考入北大成为高考状元#高考加油站 #寒门贵子", "aweme_url": "https://www.iesdouyin.com/share/video/6852813795249736974/?region=CN&mid=6829568288259835918&u_code=0&titleType=title", "download_url": "https://www.chanmama.com/awemeDetail/6852813795249736974", "digg_count": 1869, "digg_incr": 1857, "aweme_create_time": 1595545057, "category": 15, "volume": 5, "amount": 440}, "author": {"author_id": "1679657203405548", "nickname": "悟道社", "follower_count": 279173}}, {"aweme": {"aweme_id": "6852931755905666316", "aweme_title": "#搞笑段子 #脑筋急转弯 ABCD谁比较高呢", "aweme_url": "https://www.iesdouyin.com/share/video/6852931755905666316/?region=CN&mid=6852931805620783886&u_code=0&titleType=title", "download_url": "https://www.chanmama.com/awemeDetail/6852931755905666316", "digg_count": 2216, "digg_incr": 1855, "aweme_create_time": 1595572521, "category": 15, "volume": 1, "amount": 48}, "author": {"author_id": "110714691045", "nickname": "搞笑段子", "follower_count": 644625}}, {"aweme": {"aweme_id": "6852631177984052492", "aweme_title": "这本书是他家族的传承，也是致富的经典！！#洛克菲勒  #成长充电战", "aweme_url": "https://www.iesdouyin.com/share/video/6852631177984052492/?region=CN&mid=6852631318673820430&u_code=0&titleType=title", "download_url": "https://www.chanmama.com/awemeDetail/6852631177984052492", "digg_count": 2342, "digg_incr": 1821, "aweme_create_time": 1595520600, "category": 15, "volume": 0, "amount": 0}, "author": {"author_id": "2634020600688908", "nickname": "梦涵说历史", "follower_count": 927492}}, {"aweme": {"aweme_id": "6852898006774123790", "aweme_title": "决定人生幸福的核心是亲密关系。#女人 #情感", "aweme_url": "https://www.iesdouyin.com/share/video/6852898006774123790/?region=CN&mid=6852898008887986958&u_code=0&titleType=title", "download_url": "https://www.chanmama.com/awemeDetail/6852898006774123790", "digg_count": 2063, "digg_incr": 1793, "aweme_create_time": 1595564658, "category": 15, "volume": 5, "amount": 199}, "author": {"author_id": "1094758127904398", "nickname": "成长心语", "follower_count": 334393}}, {"aweme": {"aweme_id": "6852885881490050318", "aweme_title": "工程乱象，一群高学历懒得画图让一群专科生去深化。施工方表示我只按蓝图施工。", "aweme_url": "https://www.iesdouyin.com/share/video/6852885881490050318/?region=CN&mid=6734301968174566148&u_code=0&titleType=title", "download_url": "https://www.chanmama.com/awemeDetail/6852885881490050318", "digg_count": 2027, "digg_incr": 1789, "aweme_create_time": 1595561835, "category": 15, "volume": 0, "amount": 0}, "author": {"author_id": "75583894450", "nickname": "文芒出品", "follower_count": 117140}}, {"aweme": {"aweme_id": "6853002294313766151", "aweme_title": "表情英文2#dou出新知", "aweme_url": "https://www.iesdouyin.com/share/video/6853002294313766151/?region=CN&mid=6853002300257061639&u_code=0&titleType=title", "download_url": "https://www.chanmama.com/awemeDetail/6853002294313766151", "digg_count": 1951, "digg_incr": 1771, "aweme_create_time": 1595588938, "category": 15, "volume": 0, "amount": 0}, "author": {"author_id": "75788035162", "nickname": "猩猩英语", "follower_count": 768822}}, {"aweme": {"aweme_id": "6852920935935118600", "aweme_title": "什么是爱情？？③", "aweme_url": "https://www.iesdouyin.com/share/video/6852920935935118600/?region=CN&mid=6852920957997615885&u_code=0&titleType=title", "download_url": "https://www.chanmama.com/awemeDetail/6852920935935118600", "digg_count": 2447, "digg_incr": 1754, "aweme_create_time": 1595569996, "category": 15, "volume": 0, "amount": 0}, "author": {"author_id": "67310180402", "nickname": "小先生", "follower_count": 369057}}, {"aweme": {"aweme_id": "6852985905641229582", "aweme_title": "#局里新来的年轻人 心疼乔帮主一秒钟 #电视剧岁月 #沧浪之水", "aweme_url": "https://www.iesdouyin.com/share/video/6852985905641229582/?region=CN&mid=6852986022008228615&u_code=0&titleType=title", "download_url": "https://www.chanmama.com/awemeDetail/6852985905641229582", "digg_count": 1959, "digg_incr": 1746, "aweme_create_time": 1595592348, "category": 15, "volume": 0, "amount": 0}, "author": {"author_id": "2035938266981437", "nickname": "大力出奇迹佛系剪辑", "follower_count": 422048}}, {"aweme": {"aweme_id": "6852972037602987277", "aweme_title": "恭喜闺女这次期末总分656.5分，三门主科：语文122，数学104，英语105.5分，这个学期又拿回六张奖状！", "aweme_url": "https://www.iesdouyin.com/share/video/6852972037602987277/?region=CN&mid=6775656391018416903&u_code=0&titleType=title", "download_url": "https://www.chanmama.com/awemeDetail/6852972037602987277", "digg_count": 2372, "digg_incr": 1739, "aweme_create_time": 1595581894, "category": 15, "volume": 0, "amount": 0}, "author": {"author_id": "104402644212", "nickname": "长沙父子（周哥）", "follower_count": 461849}}, {"aweme": {"aweme_id": "6852875081656454400", "aweme_title": "车就是你口中的专业 说马更容易让人理解#销售", "aweme_url": "https://www.iesdouyin.com/share/video/6852875081656454400/?region=CN&mid=6852875084437621512&u_code=0&titleType=title", "download_url": "https://www.chanmama.com/awemeDetail/6852875081656454400", "digg_count": 10023, "digg_incr": 1737, "aweme_create_time": 1595559319, "category": 15, "volume": 0, "amount": 0}, "author": {"author_id": "1996347286490286", "nickname": "别叫燕老师（直播：早11点 晚上看心情）", "follower_count": 139851}}, {"aweme": {"aweme_id": "6852853514390097152", "aweme_title": "山东人闯关东#地形图 #山东", "aweme_url": "https://www.iesdouyin.com/share/video/6852853514390097152/?region=CN&mid=6852853513114929927&u_code=0&titleType=title", "download_url": "https://www.chanmama.com/awemeDetail/6852853514390097152", "digg_count": 2332, "digg_incr": 1711, "aweme_create_time": 1595554298, "category": 15, "volume": 0, "amount": 0}, "author": {"author_id": "2862747020430237", "nickname": "地形图 何叔", "follower_count": 247066}}, {"aweme": {"aweme_id": "6852946327970614542", "aweme_title": "点击进入@陈昌文个人品牌训练营 正在直播，干货分享错过了会后悔！#陈昌文个人品牌训练营 #陈昌文方法 #女性", "aweme_url": "https://www.iesdouyin.com/share/video/6852946327970614542/?region=CN&mid=6852946349629934344&u_code=0&titleType=title", "download_url": "https://www.chanmama.com/awemeDetail/6852946327970614542", "digg_count": 1725, "digg_incr": 1709, "aweme_create_time": 1595575909, "category": 15, "volume": 0, "amount": 0}, "author": {"author_id": "105733862798", "nickname": "陈昌文老板群", "follower_count": 154069}}, {"aweme": {"aweme_id": "6852991410006723840", "aweme_title": "我给他做了个详细方案，成功让领导疏远B，让B惹起众怒，同事孤立B！我想说阴人9次+失败1次=0，莫做恶#职场", "aweme_url": "https://www.iesdouyin.com/share/video/6852991410006723840/?region=CN&mid=6803300344681417479&u_code=3ikd933m2mhg&titleType=title", "download_url": "https://www.chanmama.com/awemeDetail/6852991410006723840", "digg_count": 3284, "digg_incr": 1705, "aweme_create_time": 1595586403, "category": 15, "volume": 0, "amount": 0}, "author": {"author_id": "3157403160545952", "nickname": "城府—权谋", "follower_count": 349028}}, {"aweme": {"aweme_id": "6852815586838203662", "aweme_title": "小升初英语作文范文：我的朋友。", "aweme_url": "https://www.iesdouyin.com/share/video/6852815586838203662/?region=CN&mid=6852815567166901006&u_code=0&titleType=title", "download_url": "https://www.chanmama.com/awemeDetail/6852815586838203662", "digg_count": 2714, "digg_incr": 1683, "aweme_create_time": 1595545473, "category": 15, "volume": 0, "amount": 0}, "author": {"author_id": "67207739031", "nickname": "崔骄峰英语词汇与写作", "follower_count": 133786}}, {"aweme": {"aweme_id": "6853014290232773900", "aweme_title": "世界上最厉害的不是策略，不是金钱和权力，而是……#商业布局 #商业思维 @抖音小助手 @DOU+小助手 #天道", "aweme_url": "https://www.iesdouyin.com/share/video/6853014290232773900/?region=CN&mid=6853014409263041288&u_code=0&titleType=title", "download_url": "https://www.chanmama.com/awemeDetail/6853014290232773900", "digg_count": 2548, "digg_incr": 1658, "aweme_create_time": 1595591735, "category": 15, "volume": 0, "amount": 0}, "author": {"author_id": "91991570919067", "nickname": "大格局商业", "follower_count": 301461}}, {"aweme": {"aweme_id": "6852715788068064515", "aweme_title": "你知道为什么越累的工作，工资越低吗？#戴朋飞 #顶级思维 @戴朋飞的故事", "aweme_url": "https://www.iesdouyin.com/share/video/6852715788068064515/?region=CN&mid=6852715872084101901&u_code=0&titleType=title", "download_url": "https://www.chanmama.com/awemeDetail/6852715788068064515", "digg_count": 1845, "digg_incr": 1642, "aweme_create_time": 1595522257, "category": 15, "volume": 15, "amount": 570}, "author": {"author_id": "100786113011", "nickname": "戴朋飞", "follower_count": 834936}}, {"aweme": {"aweme_id": "6852958720104697091", "aweme_title": "9块9秒杀书福利仅限今晚六点磨铁图书#直播 间哦！#都来读书", "aweme_url": "https://www.iesdouyin.com/share/video/6852958720104697091/?region=CN&mid=6547592920445225736&u_code=0&titleType=title", "download_url": "https://www.chanmama.com/awemeDetail/6852958720104697091", "digg_count": 1770, "digg_incr": 1639, "aweme_create_time": 1595578799, "category": 15, "volume": 0, "amount": 0}, "author": {"author_id": "95419395467", "nickname": "磨铁图书（破云2来啦）", "follower_count": 475992}}, {"aweme": {"aweme_id": "6852877721144544519", "aweme_title": "泰森，归来！决战“拳击之神”#泰森复出战敲定 @抖音格斗", "aweme_url": "https://www.iesdouyin.com/share/video/6852877721144544519/?region=CN&mid=6852877745727310600&u_code=3f1fdb2mga4k&titleType=title", "download_url": "https://www.chanmama.com/awemeDetail/6852877721144544519", "digg_count": 1724, "digg_incr": 1630, "aweme_create_time": 1595559935, "category": 15, "volume": 1, "amount": 0}, "author": {"author_id": "95431877065", "nickname": "用武之地 武林大事件", "follower_count": 613148}}, {"aweme": {"aweme_id": "6852880746227469580", "aweme_title": "你想让孩子出息吗？#育儿经验分享", "aweme_url": "https://www.iesdouyin.com/share/video/6852880746227469580/?region=CN&mid=6838337769538980615&u_code=0&titleType=title", "download_url": "https://www.chanmama.com/awemeDetail/6852880746227469580", "digg_count": 1625, "digg_incr": 1625, "aweme_create_time": 1595560643, "category": 15, "volume": 0, "amount": 0}, "author": {"author_id": "2946303720164695", "nickname": "李老师育儿在线", "follower_count": 956788}}, {"aweme": {"aweme_id": "6852992543806803213", "aweme_title": "从这个故事道理里也侧面反映了点滴生活中的人情世故 #格局 #眼光@DOU+小助手", "aweme_url": "https://www.iesdouyin.com/share/video/6852992543806803213/?region=CN&mid=6852992665576196877&u_code=0&titleType=title", "download_url": "https://www.chanmama.com/awemeDetail/6852992543806803213", "digg_count": 1792, "digg_incr": 1624, "aweme_create_time": 1595586683, "category": 15, "volume": 7, "amount": 413}, "author": {"author_id": "106626482033", "nickname": "思维导引", "follower_count": 403461}}, {"aweme": {"aweme_id": "6853001718561574158", "aweme_title": "销冠之路你求的该是什么#知识狂欢节 #销售技巧 @抖音小助手", "aweme_url": "https://www.iesdouyin.com/share/video/6853001718561574158/?region=CN&mid=6853001781296122631&u_code=0&titleType=title", "download_url": "https://www.chanmama.com/awemeDetail/6853001718561574158", "digg_count": 2538, "digg_incr": 1614, "aweme_create_time": 1595588804, "category": 15, "volume": 0, "amount": 0}, "author": {"author_id": "153582045770216", "nickname": "西哥有绝招", "follower_count": 201000}}, {"aweme": {"aweme_id": "6852904694256389383", "aweme_title": "要想世事洞明人情练达，必看《围城》。#围城", "aweme_url": "https://www.iesdouyin.com/share/video/6852904694256389383/?region=CN&mid=6852904754226842382&u_code=0&titleType=title", "download_url": "https://www.chanmama.com/awemeDetail/6852904694256389383", "digg_count": 1901, "digg_incr": 1602, "aweme_create_time": 1595566215, "category": 15, "volume": 10, "amount": 0}, "author": {"author_id": "2211873533989576", "nickname": "梁大官人", "follower_count": 332237}}, {"aweme": {"aweme_id": "6852966056831487247", "aweme_title": "你知道，为什么做过#肩颈 后会痒、会痛、会累吗？#养生 #知识", "aweme_url": "https://www.iesdouyin.com/share/video/6852966056831487247/?region=CN&mid=6852966068886014734&u_code=0&titleType=title", "download_url": "https://www.chanmama.com/awemeDetail/6852966056831487247", "digg_count": 1808, "digg_incr": 1596, "aweme_create_time": 1595580501, "category": 15, "volume": 25, "amount": 5}, "author": {"author_id": "3012312433442628", "nickname": "南阳市奢觅美容店", "follower_count": 243991}}, {"aweme": {"aweme_id": "6853003306151709966", "aweme_title": "力争用最简单的线条描绘出最精彩的神韵和唯美，我做到了吗？#简笔画 #手绘 #绘画 #灵魂画手", "aweme_url": "https://www.iesdouyin.com/share/video/6853003306151709966/?region=CN&mid=6829184124738112269&u_code=0&titleType=title", "download_url": "https://www.chanmama.com/awemeDetail/6853003306151709966", "digg_count": 1805, "digg_incr": 1588, "aweme_create_time": 1595589174, "category": 15, "volume": 0, "amount": 0}, "author": {"author_id": "9431322329", "nickname": "芭比简笔画", "follower_count": 774633}}, {"aweme": {"aweme_id": "6852610374836030734", "aweme_title": "#局里新来的年轻人 别的小朋友有的你都会有#电视剧岁月 #沧浪之水", "aweme_url": "https://www.iesdouyin.com/share/video/6852610374836030734/?region=CN&mid=6852610519267478285&u_code=0&titleType=title", "download_url": "https://www.chanmama.com/awemeDetail/6852610374836030734", "digg_count": 1648, "digg_incr": 1585, "aweme_create_time": 1595541660, "category": 15, "volume": 0, "amount": 0}, "author": {"author_id": "2035938266981437", "nickname": "大力出奇迹佛系剪辑", "follower_count": 422048}}, {"aweme": {"aweme_id": "6852880726698855687", "aweme_title": "稻盛和夫写给年轻人的忠告这本书值得我们学习👍#稻盛和夫 #创业思维 @抖音小助手", "aweme_url": "https://www.iesdouyin.com/share/video/6852880726698855687/?region=CN&mid=6852880737675610893&u_code=0&titleType=title", "download_url": "https://www.chanmama.com/awemeDetail/6852880726698855687", "digg_count": 1601, "digg_incr": 1542, "aweme_create_time": 1595560634, "category": 15, "volume": 0, "amount": 0}, "author": {"author_id": "111146259203", "nickname": "智慧人生&", "follower_count": 189648}}, {"aweme": {"aweme_id": "6852952459212557568", "aweme_title": "#稻盛和夫 给现代年轻人的忠告，读完受益一生！他是#马云 层三次拜访的人，你知道为什么吗？#智慧 #读书", "aweme_url": "https://www.iesdouyin.com/share/video/6852952459212557568/?region=CN&mid=6781764862807362315&u_code=0&titleType=title", "download_url": "https://www.chanmama.com/awemeDetail/6852952459212557568", "digg_count": 1572, "digg_incr": 1541, "aweme_create_time": 1595577335, "category": 15, "volume": 53, "amount": 2014}, "author": {"author_id": "2400954127757471", "nickname": "智慧锦囊", "follower_count": 135585}}, {"aweme": {"aweme_id": "6852813271775415559", "aweme_title": "真正的朋友一个顶十个，且行且珍惜！#情感 #你好火星 @抖音小助手", "aweme_url": "https://www.iesdouyin.com/share/video/6852813271775415559/?region=CN&mid=6852813229513640717&u_code=0&titleType=title", "download_url": "https://www.chanmama.com/awemeDetail/6852813271775415559", "digg_count": 1795, "digg_incr": 1497, "aweme_create_time": 1595544935, "category": 15, "volume": 1, "amount": 48}, "author": {"author_id": "104183934742", "nickname": "朗读爱好者📖", "follower_count": 848210}}, {"aweme": {"aweme_id": "6852890691874327823", "aweme_title": "把15号发工资改为5号发工资，公司业绩都会变得更好！#成长充电站", "aweme_url": "https://www.iesdouyin.com/share/video/6852890691874327823/?region=CN&mid=6586889166737378062&u_code=0&titleType=title", "download_url": "https://www.chanmama.com/awemeDetail/6852890691874327823", "digg_count": 1957, "digg_incr": 1480, "aweme_create_time": 1595562953, "category": 15, "volume": 1, "amount": 188}, "author": {"author_id": "106016861771", "nickname": "总裁思维视频厚业", "follower_count": 715548}}, {"aweme": {"aweme_id": "6852930112053103885", "aweme_title": "很多时候不是你不好 而是你遇到的人不对#男人 #聪明的女人 #梦想超强音 @抖音小助手", "aweme_url": "https://www.iesdouyin.com/share/video/6852930112053103885/?region=CN&mid=6683523216700443406&u_code=0&titleType=title", "download_url": "https://www.chanmama.com/awemeDetail/6852930112053103885", "digg_count": 1958, "digg_incr": 1457, "aweme_create_time": 1595572133, "category": 15, "volume": 2, "amount": 136}, "author": {"author_id": "59199368145", "nickname": "知心", "follower_count": 131292}}, {"aweme": {"aweme_id": "6852882463308418312", "aweme_title": "#断舍离  坎坎坷坷人生路 坦坦然然随缘行@抖音小助手", "aweme_url": "https://www.iesdouyin.com/share/video/6852882463308418312/?region=CN&mid=6852882482413587214&u_code=0&titleType=title", "download_url": "https://www.chanmama.com/awemeDetail/6852882463308418312", "digg_count": 1730, "digg_incr": 1451, "aweme_create_time": 1595561038, "category": 15, "volume": 2, "amount": 92}, "author": {"author_id": "93143336184", "nickname": "庐江王涵（75兔）", "follower_count": 403705}}, {"aweme": {"aweme_id": "6852993512460340495", "aweme_title": "看清一个人不揭穿不是因为懦弱，而是因为格局！#思维 #格局 #你好火星", "aweme_url": "https://www.iesdouyin.com/share/video/6852993512460340495/?region=CN&mid=6852993564650015496&u_code=0&titleType=title", "download_url": "https://www.chanmama.com/awemeDetail/6852993512460340495", "digg_count": 2351, "digg_incr": 1449, "aweme_create_time": 1595586893, "category": 15, "volume": 0, "amount": 0}, "author": {"author_id": "2985894735516803", "nickname": "思维学社", "follower_count": 195264}}, {"aweme": {"aweme_id": "6853009614741572879", "aweme_title": "正确打药方式看这里，简单又高效！#打药", "aweme_url": "https://www.iesdouyin.com/share/video/6853009614741572879/?region=CN&mid=6853009647956413191&u_code=0&titleType=title", "download_url": "https://www.chanmama.com/awemeDetail/6853009614741572879", "digg_count": 2412, "digg_incr": 1434, "aweme_create_time": 1595590642, "category": 15, "volume": 1, "amount": 0}, "author": {"author_id": "2009550462393245", "nickname": "学农大实话", "follower_count": 368695}}, {"aweme": {"aweme_id": "6852995165699788032", "aweme_title": "知道你为什么穷吗？分享最近正在看的一本好书，这本书富人都在看，而普通人听都没有听过的……", "aweme_url": "https://www.iesdouyin.com/share/video/6852995165699788032/?region=CN&mid=6852995185559784205&u_code=0&titleType=title", "download_url": "https://www.chanmama.com/awemeDetail/6852995165699788032", "digg_count": 1832, "digg_incr": 1432, "aweme_create_time": 1595587278, "category": 15, "volume": 2, "amount": 72}, "author": {"author_id": "111006008497", "nickname": "懂卿", "follower_count": 732329}}, {"aweme": {"aweme_id": "6852975470854573319", "aweme_title": "你的精神是否成熟呢#人生与哲理 #陈果老师 #成熟@抖音小助手", "aweme_url": "https://www.iesdouyin.com/share/video/6852975470854573319/?region=CN&mid=6852975492602039054&u_code=0&titleType=title", "download_url": "https://www.chanmama.com/awemeDetail/6852975470854573319", "digg_count": 6137, "digg_incr": 1427, "aweme_create_time": 1595582693, "category": 15, "volume": 8, "amount": 336}, "author": {"author_id": "1983122805099315", "nickname": "复旦陈果老师", "follower_count": 310023}}, {"aweme": {"aweme_id": "6852854297315544334", "aweme_title": "一个男人真正爱你的方式！#人性#智慧#富婆 @抖音小助手", "aweme_url": "https://www.iesdouyin.com/share/video/6852854297315544334/?region=CN&mid=6852854295126084366&u_code=0&titleType=title", "download_url": "https://www.chanmama.com/awemeDetail/6852854297315544334", "digg_count": 1837, "digg_incr": 1425, "aweme_create_time": 1595554481, "category": 15, "volume": 0, "amount": 0}, "author": {"author_id": "4195344359103591", "nickname": "志哥", "follower_count": 117707}}]}