{"data": [{"aweme": {"aweme_id": "6852881249606978816", "aweme_title": "背心算是秋冬搭配的必备单品啦，单穿和内搭都好看#秋季穿搭", "aweme_url": "https://www.iesdouyin.com/share/video/6852881249606978816/?region=CN&mid=6834053487454620423&u_code=0&titleType=title", "download_url": "https://www.chanmama.com/awemeDetail/6852881249606978816", "digg_count": 68054, "digg_incr": 58489, "aweme_create_time": 1595560755, "category": 2, "volume": 0, "amount": 0}, "author": {"author_id": "61986754338", "nickname": "致橡树", "follower_count": 582788}}, {"aweme": {"aweme_id": "6853015728702917895", "aweme_title": "街溜子系列#街溜子 #戏精", "aweme_url": "https://www.iesdouyin.com/share/video/6853015728702917895/?region=CN&mid=6853015772982151943&u_code=0&titleType=title", "download_url": "https://www.chanmama.com/awemeDetail/6853015728702917895", "digg_count": 62233, "digg_incr": 41456, "aweme_create_time": 1595592066, "category": 2, "volume": 4, "amount": 0}, "author": {"author_id": "69039820648", "nickname": "赫小亮（街溜子 桃儿）", "follower_count": 802402}}, {"aweme": {"aweme_id": "6853016401523772679", "aweme_title": "遇到个子不高的可爱男生，千万不能扔！😏#工装裤 #穿搭", "aweme_url": "https://www.iesdouyin.com/share/video/6853016401523772679/?region=CN&mid=6853016413529590536&u_code=29e681lic6ef&titleType=title", "download_url": "https://www.chanmama.com/awemeDetail/6853016401523772679", "digg_count": 17223, "digg_incr": 16515, "aweme_create_time": 1595592223, "category": 2, "volume": 6, "amount": 98}, "author": {"author_id": "66128560144", "nickname": "大雄小个子穿搭日记", "follower_count": 185444}}, {"aweme": {"aweme_id": "6852985853204040971", "aweme_title": "卷毛说这孩子开始一起和他生活时候的身高只到他肚子，现在都快和他一样高了！卷毛说他唯一给予小儿子的就是父爱了。", "aweme_url": "https://www.iesdouyin.com/share/video/6852985853204040971/?region=CN&mid=6827773245254126350&u_code=0&titleType=title", "download_url": "https://www.chanmama.com/awemeDetail/6852985853204040971", "digg_count": 14212, "digg_incr": 12289, "aweme_create_time": 1595585115, "category": 2, "volume": 0, "amount": 0}, "author": {"author_id": "98080601020", "nickname": "小胖墩在记录📝生活", "follower_count": 459108}}, {"aweme": {"aweme_id": "6852715029536443662", "aweme_title": "去找一个能把你逗笑的人吧。我不行，我只能把你拽哭#宝藏男孩 #拽哥", "aweme_url": "https://www.iesdouyin.com/share/video/6852715029536443662/?region=CN&mid=6852715022955711245&u_code=0&titleType=title", "download_url": "https://www.chanmama.com/awemeDetail/6852715029536443662", "digg_count": 16546, "digg_incr": 10280, "aweme_create_time": 1595522062, "category": 2, "volume": 7, "amount": 0}, "author": {"author_id": "59432609791", "nickname": "小栗巽🔫", "follower_count": 144416}}, {"aweme": {"aweme_id": "6852844461064555791", "aweme_title": "很多人说，汉字在衣服上俗气，没有英文潮，可我觉得咱们的#汉字 加#传统刺绣 才是#最美 的！#我爱你中国", "aweme_url": "https://www.iesdouyin.com/share/video/6852844461064555791/?region=CN&mid=6515971947732896526&u_code=0&titleType=title", "download_url": "https://www.chanmama.com/awemeDetail/6852844461064555791", "digg_count": 9536, "digg_incr": 9535, "aweme_create_time": 1595552191, "category": 2, "volume": 4, "amount": 230}, "author": {"author_id": "96244446829", "nickname": "李正蕾", "follower_count": 68793}}, {"aweme": {"aweme_id": "6852974676596116736", "aweme_title": "裤子好不好看你们看了嘛？#每日分享穿搭", "aweme_url": "https://www.iesdouyin.com/share/video/6852974676596116736/?region=CN&mid=6830859506524752654&u_code=39cg4f8ee4gl&titleType=title", "download_url": "https://www.chanmama.com/awemeDetail/6852974676596116736", "digg_count": 10936, "digg_incr": 9015, "aweme_create_time": 1595582508, "category": 2, "volume": 0, "amount": 0}, "author": {"author_id": "59690141385", "nickname": "鑫良服装商行", "follower_count": 795312}}, {"aweme": {"aweme_id": "6852992933470178560", "aweme_title": "小胖墩总担心我的身体，今天去检查了，医生说主机都是好的，除了腰间盘🤣很开心，身体好就可以陪我的胖墩到长久。", "aweme_url": "https://www.iesdouyin.com/share/video/6852992933470178560/?region=CN&mid=6833506302338140936&u_code=0&titleType=title", "download_url": "https://www.chanmama.com/awemeDetail/6852992933470178560", "digg_count": 9607, "digg_incr": 7625, "aweme_create_time": 1595586758, "category": 2, "volume": 0, "amount": 0}, "author": {"author_id": "103962387010", "nickname": "🔥老胡家的小胖墩🔥", "follower_count": 209027}}, {"aweme": {"aweme_id": "6852976608991612168", "aweme_title": "公司亏损严重，老爸崩溃了，他要去寻找带货的人，我觉得我们父子可以坚持的，刷到的陌生人可以给我们父子一个鼓励吗", "aweme_url": "https://www.iesdouyin.com/share/video/6852976608991612168/?region=CN&mid=6798423581853256461&u_code=0&titleType=title", "download_url": "https://www.chanmama.com/awemeDetail/6852976608991612168", "digg_count": 7080, "digg_incr": 6933, "aweme_create_time": 1595582959, "category": 2, "volume": 0, "amount": 0}, "author": {"author_id": "4050241516997107", "nickname": "商务男装（工厂原创）", "follower_count": 125886}}, {"aweme": {"aweme_id": "6852949896606059776", "aweme_title": "蜂巢网眼弹力西装，透气、超弹、上身舒适。爱美的你必须整起来😀#人到中年必须潮", "aweme_url": "https://www.iesdouyin.com/share/video/6852949896606059776/?region=CN&mid=6852949911408495373&u_code=0&titleType=title", "download_url": "https://www.chanmama.com/awemeDetail/6852949896606059776", "digg_count": 6852, "digg_incr": 6588, "aweme_create_time": 1595576738, "category": 2, "volume": 0, "amount": 0}, "author": {"author_id": "4366913207018643", "nickname": "雅痞潮叔男装官方", "follower_count": 140540}}, {"aweme": {"aweme_id": "6852826304618827011", "aweme_title": "2020年我熬过了三月还是输给了七月，公司亏损严重，我真的好累吓到的请划走，不嫌弃的给个鼓励好吗？#疫情", "aweme_url": "https://www.iesdouyin.com/share/video/6852826304618827011/?region=CN&mid=6798423581853256461&u_code=0&titleType=title", "download_url": "https://www.chanmama.com/awemeDetail/6852826304618827011", "digg_count": 6527, "digg_incr": 5970, "aweme_create_time": 1595547975, "category": 2, "volume": 0, "amount": 0}, "author": {"author_id": "66531942710", "nickname": "杨大大（服饰商贸）", "follower_count": 446896}}, {"aweme": {"aweme_id": "6852974292137708811", "aweme_title": "公司亏损严重，老爸崩溃了，今天我去银行贷款600万，是死是活赌一把，30岁的我想再拼一次，陌生的你给句鼓励好吗", "aweme_url": "https://www.iesdouyin.com/share/video/6852974292137708811/?region=CN&mid=6798423581853256461&u_code=0&titleType=title", "download_url": "https://www.chanmama.com/awemeDetail/6852974292137708811", "digg_count": 6081, "digg_incr": 5827, "aweme_create_time": 1595582423, "category": 2, "volume": 0, "amount": 0}, "author": {"author_id": "66531942710", "nickname": "杨大大（服饰商贸）", "follower_count": 446896}}, {"aweme": {"aweme_id": "6852916838020566285", "aweme_title": "今日新品，18.9米针织开衫浮力", "aweme_url": "https://www.iesdouyin.com/share/video/6852916838020566285/?region=CN&mid=6852916851689982733&u_code=0&titleType=title", "download_url": "https://www.chanmama.com/awemeDetail/6852916838020566285", "digg_count": 5469, "digg_incr": 5344, "aweme_create_time": 1595569042, "category": 2, "volume": 0, "amount": 0}, "author": {"author_id": "110535603568", "nickname": "毛毛姐好物推荐", "follower_count": 127112}}, {"aweme": {"aweme_id": "6852880730230426893", "aweme_title": "开始激情满满的一天！感谢素不相识的你的鼓励，相信有一天我一定会离开轮椅，走到你们的身边，加油#脊髓损伤", "aweme_url": "https://www.iesdouyin.com/share/video/6852880730230426893/?region=CN&mid=6558291853764987652&u_code=0&titleType=title", "download_url": "https://www.chanmama.com/awemeDetail/6852880730230426893", "digg_count": 5048, "digg_incr": 4602, "aweme_create_time": 1595560635, "category": 2, "volume": 1, "amount": 79}, "author": {"author_id": "3724769389981822", "nickname": "奔跑的小荣喵", "follower_count": 221901}}, {"aweme": {"aweme_id": "6853002446420086030", "aweme_title": "糟糕了，把帽子甩下楼了 #舞蹈", "aweme_url": "https://www.iesdouyin.com/share/video/6853002446420086030/?region=CN&mid=6853002537780415240&u_code=0&titleType=title", "download_url": "https://www.chanmama.com/awemeDetail/6853002446420086030", "digg_count": 4799, "digg_incr": 4169, "aweme_create_time": 1595588990, "category": 2, "volume": 2, "amount": 178}, "author": {"author_id": "360259853746685", "nickname": "工藤心仪", "follower_count": 444393}}, {"aweme": {"aweme_id": "6853008416089083148", "aweme_title": "普通人发现不了我的百元小众马甲#穿搭 #马甲 #性价比 #你好火星", "aweme_url": "https://www.iesdouyin.com/share/video/6853008416089083148/?region=CN&mid=6824005549571459080&u_code=0&titleType=title", "download_url": "https://www.chanmama.com/awemeDetail/6853008416089083148", "digg_count": 5625, "digg_incr": 3901, "aweme_create_time": 1595590367, "category": 2, "volume": 4, "amount": 0}, "author": {"author_id": "100453739737", "nickname": "小滴Drama", "follower_count": 999177}}, {"aweme": {"aweme_id": "6852727426988985611", "aweme_title": "#我为小鹏p7打call  @小鹏汽车拼了色好好#女装 #你好火星 @我要上热门 @DOU+小助手", "aweme_url": "https://www.iesdouyin.com/share/video/6852727426988985611/?region=CN&mid=6852727466916252423&u_code=3g7mc2761c4f&titleType=title", "download_url": "https://www.chanmama.com/awemeDetail/6852727426988985611", "digg_count": 3664, "digg_incr": 3661, "aweme_create_time": 1595524979, "category": 2, "volume": 0, "amount": 0}, "author": {"author_id": "97223506995", "nickname": "常熟密码服饰有限公司", "follower_count": 390404}}, {"aweme": {"aweme_id": "6852880712467516679", "aweme_title": "恋人or朋友？悄悄整容的可怕“男友” #细思极恐  #烧脑  @抖音小助手", "aweme_url": "https://www.iesdouyin.com/share/video/6852880712467516679/?region=CN&mid=6852880802544421645&u_code=0&titleType=title", "download_url": "https://www.chanmama.com/awemeDetail/6852880712467516679", "digg_count": 4413, "digg_incr": 3514, "aweme_create_time": 1595560648, "category": 2, "volume": 38, "amount": 4484}, "author": {"author_id": "3900669179733192", "nickname": "冒险小虎队", "follower_count": 201975}}, {"aweme": {"aweme_id": "6852989574843600141", "aweme_title": "旧视频不见了。你们科二过了么？。。#沙雕", "aweme_url": "https://www.iesdouyin.com/share/video/6852989574843600141/?region=CN&mid=6852989664744295175&u_code=0&titleType=title", "download_url": "https://www.chanmama.com/awemeDetail/6852989574843600141", "digg_count": 4450, "digg_incr": 3463, "aweme_create_time": 1595585996, "category": 2, "volume": 6, "amount": 594}, "author": {"author_id": "108759947844", "nickname": "不是婷婷呀", "follower_count": 594777}}, {"aweme": {"aweme_id": "6852868041785527560", "aweme_title": "比裙子还凉快的套装，这样搭配才高级！#微胖穿搭#穿搭#搭配#套装#显瘦穿搭@DOU+小助手@抖音小助手", "aweme_url": "https://www.iesdouyin.com/share/video/6852868041785527560/?region=CN&mid=6852868212103695111&u_code=0&titleType=title", "download_url": "https://www.chanmama.com/awemeDetail/6852868041785527560", "digg_count": 5808, "digg_incr": 3329, "aweme_create_time": 1595557681, "category": 2, "volume": 0, "amount": 0}, "author": {"author_id": "3931459883633133", "nickname": "【进直播间】一周穿搭时装", "follower_count": 134470}}, {"aweme": {"aweme_id": "6852874940648082703", "aweme_title": "洋气的休闲工装裤，版型宽松遮肉，束脚设计拉长腿型，搭这件上衣显瘦显身段哦#穿搭 #显瘦穿搭", "aweme_url": "https://www.iesdouyin.com/share/video/6852874940648082703/?region=CN&mid=6852351776507595527&u_code=3fba59hdf2j3&titleType=title", "download_url": "https://www.chanmama.com/awemeDetail/6852874940648082703", "digg_count": 5522, "digg_incr": 3067, "aweme_create_time": 1595559286, "category": 2, "volume": 236, "amount": 11564}, "author": {"author_id": "99144022204", "nickname": "鑫衣尚女装店", "follower_count": 704610}}, {"aweme": {"aweme_id": "6853002940479851790", "aweme_title": "科比球衣 配jk黑色百叶褶皱裙 这样穿好看嘛 你觉得好看嘛？#湖人#科比#篮球#运动#穿搭#詹姆斯#nba", "aweme_url": "https://www.iesdouyin.com/share/video/6853002940479851790/?region=CN&mid=6595856205686672132&u_code=0&titleType=title", "download_url": "https://www.chanmama.com/awemeDetail/6853002940479851790", "digg_count": 3040, "digg_incr": 2964, "aweme_create_time": 1595589089, "category": 2, "volume": 0, "amount": 0}, "author": {"author_id": "3315730416405357", "nickname": "赤木晴子", "follower_count": 302315}}, {"aweme": {"aweme_id": "6852809330505387272", "aweme_title": "牛仔裤搭T恤，显瘦洋气还便宜", "aweme_url": "https://www.iesdouyin.com/share/video/6852809330505387272/?region=CN&mid=6831454345951808264&u_code=3g7mc2761c4f&titleType=title", "download_url": "https://www.chanmama.com/awemeDetail/6852809330505387272", "digg_count": 3155, "digg_incr": 2836, "aweme_create_time": 1595544019, "category": 2, "volume": 0, "amount": 0}, "author": {"author_id": "3298163996504663", "nickname": "常熟市阑桂坊服装商行", "follower_count": 223360}}, {"aweme": {"aweme_id": "6852933996045683975", "aweme_title": "这格子也太好看了吧而且还不贵#我要上热门", "aweme_url": "https://www.iesdouyin.com/share/video/6852933996045683975/?region=CN&mid=6836218788721445645&u_code=bk5kkf3l2d0&titleType=title", "download_url": "https://www.chanmama.com/awemeDetail/6852933996045683975", "digg_count": 3292, "digg_incr": 2700, "aweme_create_time": 1595573037, "category": 2, "volume": 0, "amount": 0}, "author": {"author_id": "1455368456386254", "nickname": "焦方晴服装商行", "follower_count": 163249}}, {"aweme": {"aweme_id": "6852817571926871304", "aweme_title": "善良的人都很美，因为善良的人都有一个美丽的灵魂。心里有光，生活自带光芒，历经沧桑，依然选择善良。@DOU+小助", "aweme_url": "https://www.iesdouyin.com/share/video/6852817571926871304/?region=CN&mid=6553972122946013955&u_code=0&titleType=title", "download_url": "https://www.chanmama.com/awemeDetail/6852817571926871304", "digg_count": 2761, "digg_incr": 2681, "aweme_create_time": 1595545936, "category": 2, "volume": 30, "amount": 9840}, "author": {"author_id": "69675068764", "nickname": "李雨婷服装店", "follower_count": 193530}}, {"aweme": {"aweme_id": "6852715572354895111", "aweme_title": "新款磨毛格子衬衫，好看好穿不挑人 #格子控  #衬衫控  #717奇妙好物在这里", "aweme_url": "https://www.iesdouyin.com/share/video/6852715572354895111/?region=CN&mid=6852715922554227463&u_code=ki8abl773d4&titleType=title", "download_url": "https://www.chanmama.com/awemeDetail/6852715572354895111", "digg_count": 2864, "digg_incr": 2576, "aweme_create_time": 1595547000, "category": 2, "volume": 0, "amount": 0}, "author": {"author_id": "3368497525831998", "nickname": "常熟市珍珍屋服装商行", "follower_count": 161978}}, {"aweme": {"aweme_id": "6852908155114949899", "aweme_title": "#杰森斯坦森 #英国绅士 #机械师2复活 这个杀手有点帅啊。#高清动态壁纸", "aweme_url": "https://www.iesdouyin.com/share/video/6852908155114949899/?region=CN&mid=6852908196072360711&u_code=0&titleType=title", "download_url": "https://www.chanmama.com/awemeDetail/6852908155114949899", "digg_count": 3417, "digg_incr": 2524, "aweme_create_time": 1595567023, "category": 2, "volume": 1, "amount": 0}, "author": {"author_id": "2066710488684925", "nickname": "杰森斯坦森❤️", "follower_count": 128952}}, {"aweme": {"aweme_id": "6852924135379717383", "aweme_title": "18.9米就可以带回家一件不褪色不磨毛的外套，今天直播浮力厉害了", "aweme_url": "https://www.iesdouyin.com/share/video/6852924135379717383/?region=CN&mid=6852924154900286222&u_code=1fedchjma2fh&titleType=title", "download_url": "https://www.chanmama.com/awemeDetail/6852924135379717383", "digg_count": 2501, "digg_incr": 2409, "aweme_create_time": 1595570742, "category": 2, "volume": 0, "amount": 0}, "author": {"author_id": "110535603568", "nickname": "毛毛姐好物推荐", "follower_count": 127112}}, {"aweme": {"aweme_id": "6852808234462416139", "aweme_title": "不怕你不会，就怕你不练#曳步舞 #教学 #全民健身 #运动 #每天坚持锻炼身体增强免疫力 @抖音小助手", "aweme_url": "https://www.iesdouyin.com/share/video/6852808234462416139/?region=CN&mid=6852808243811486478&u_code=0&titleType=title", "download_url": "https://www.chanmama.com/awemeDetail/6852808234462416139", "digg_count": 2597, "digg_incr": 2399, "aweme_create_time": 1595543778, "category": 2, "volume": 0, "amount": 0}, "author": {"author_id": "1692895611191784", "nickname": "曳步舞可可", "follower_count": 492033}}, {"aweme": {"aweme_id": "6852906577440148749", "aweme_title": "大家好，我是爱黑曼巴的蜘蛛侠，我要来抓你啦，你快点跑呀 #科比#篮球#nba#曼巴精神 #湖人总冠军", "aweme_url": "https://www.iesdouyin.com/share/video/6852906577440148749/?region=CN&mid=6498263724865522445&u_code=0&titleType=title", "download_url": "https://www.chanmama.com/awemeDetail/6852906577440148749", "digg_count": 2475, "digg_incr": 2394, "aweme_create_time": 1595566652, "category": 2, "volume": 0, "amount": 0}, "author": {"author_id": "3315730416405357", "nickname": "赤木晴子", "follower_count": 302315}}, {"aweme": {"aweme_id": "6852938645750451459", "aweme_title": "这个夏天艾特你的小伙伴，穿上它反光潮T，做这个街上最靓的仔#情侣 #短袖t恤 #穿搭", "aweme_url": "https://www.iesdouyin.com/share/video/6852938645750451459/?region=CN&mid=6852938679565224712&u_code=0&titleType=title", "download_url": "https://www.chanmama.com/awemeDetail/6852938645750451459", "digg_count": 2736, "digg_incr": 2291, "aweme_create_time": 1595574125, "category": 2, "volume": 0, "amount": 0}, "author": {"author_id": "2084264275094798", "nickname": "小狼测评", "follower_count": 131493}}, {"aweme": {"aweme_id": "6852866998716599563", "aweme_title": "每天下午1点左右大叔给福利活动，喜欢的❤️关注，在直播间等你....", "aweme_url": "https://www.iesdouyin.com/share/video/6852866998716599563/?region=CN&mid=6513393354653469454&u_code=0&titleType=title", "download_url": "https://www.chanmama.com/awemeDetail/6852866998716599563", "digg_count": 2773, "digg_incr": 2264, "aweme_create_time": 1595557443, "category": 2, "volume": 0, "amount": 0}, "author": {"author_id": "94558696167", "nickname": "杰克朗博", "follower_count": 673170}}, {"aweme": {"aweme_id": "6852827568605891853", "aweme_title": "2019年输了公司，损失惨重，对不起员工，2020又秃废了7个月，如果吓到的请划走，不嫌弃的给个鼓励好吗？", "aweme_url": "https://www.iesdouyin.com/share/video/6852827568605891853/?region=CN&mid=6798423581853256461&u_code=0&titleType=title", "download_url": "https://www.chanmama.com/awemeDetail/6852827568605891853", "digg_count": 2243, "digg_incr": 2162, "aweme_create_time": 1595548261, "category": 2, "volume": 0, "amount": 0}, "author": {"author_id": "4050241516997107", "nickname": "商务男装（工厂原创）", "follower_count": 125886}}, {"aweme": {"aweme_id": "6852952993759857932", "aweme_title": "说好了要难过，怎么就笑场了呢", "aweme_url": "https://www.iesdouyin.com/share/video/6852952993759857932/?region=CN&mid=6763911714451753742&u_code=0&titleType=title", "download_url": "https://www.chanmama.com/awemeDetail/6852952993759857932", "digg_count": 2521, "digg_incr": 2140, "aweme_create_time": 1595577465, "category": 2, "volume": 2, "amount": 96}, "author": {"author_id": "4305278887794491", "nickname": "大牛街拍", "follower_count": 178927}}, {"aweme": {"aweme_id": "6852876644307209476", "aweme_title": "#定制西服", "aweme_url": "https://www.iesdouyin.com/share/video/6852876644307209476/?region=CN&mid=6852876675659713288&u_code=0&titleType=title", "download_url": "https://www.chanmama.com/awemeDetail/6852876644307209476", "digg_count": 2100, "digg_incr": 2079, "aweme_create_time": 1595559689, "category": 2, "volume": 0, "amount": 0}, "author": {"author_id": "70760124159", "nickname": "浩翔服饰", "follower_count": 190723}}, {"aweme": {"aweme_id": "6852899565482380547", "aweme_title": "我这一天天的咋这么欠儿呢#穿搭 #迷惑行为大赏", "aweme_url": "https://www.iesdouyin.com/share/video/6852899565482380547/?region=CN&mid=6852899607794780941&u_code=0&titleType=title", "download_url": "https://www.chanmama.com/awemeDetail/6852899565482380547", "digg_count": 2211, "digg_incr": 2009, "aweme_create_time": 1595565025, "category": 2, "volume": 0, "amount": 0}, "author": {"author_id": "61435370877", "nickname": "北二出口", "follower_count": 790280}}, {"aweme": {"aweme_id": "6852890942429596931", "aweme_title": "手机打出‘cj’显示吃鸡是直男，显示刺激是暖男，不信你试试#中国风 #穿搭 #每日穿搭分享 #你好火星", "aweme_url": "https://www.iesdouyin.com/share/video/6852890942429596931/?region=CN&mid=6852890984141949703&u_code=0&titleType=title", "download_url": "https://www.chanmama.com/awemeDetail/6852890942429596931", "digg_count": 9821, "digg_incr": 1895, "aweme_create_time": 1595563017, "category": 2, "volume": 12, "amount": 0}, "author": {"author_id": "3082681139856572", "nickname": "潮男私人衣柜", "follower_count": 221887}}, {"aweme": {"aweme_id": "6853010775632628995", "aweme_title": "感谢支持我们的朋友们！替我妈妈招聘吃苦耐劳的小姐姐，能跟我一样跟她分担日常工作！#你好火星 #爆款 秒杀", "aweme_url": "https://www.iesdouyin.com/share/video/6853010775632628995/?region=CN&mid=6853010807538699021&u_code=2mi183529628&titleType=title", "download_url": "https://www.chanmama.com/awemeDetail/6853010775632628995", "digg_count": 1940, "digg_incr": 1882, "aweme_create_time": 1595590917, "category": 2, "volume": 0, "amount": 0}, "author": {"author_id": "74749961293", "nickname": "秀姐女装工作室", "follower_count": 345029}}, {"aweme": {"aweme_id": "6852892254005136655", "aweme_title": "89年32岁，浙江温州人，经营男装店，擅长男装搭配，不抽烟不喝酒，不嫌弃认识一下，旁边➡️第一排第四个可以找我", "aweme_url": "https://www.iesdouyin.com/share/video/6852892254005136655/?region=CN&mid=6806088779787406087&u_code=0&titleType=title", "download_url": "https://www.chanmama.com/awemeDetail/6852892254005136655", "digg_count": 1776, "digg_incr": 1714, "aweme_create_time": 1595563317, "category": 2, "volume": 0, "amount": 0}, "author": {"author_id": "2378991298684196", "nickname": "天颜美服装店", "follower_count": 261760}}, {"aweme": {"aweme_id": "6852964516192357640", "aweme_title": "如果你喜欢湖人，那我就是你的粉丝。😬🏀#科比#nba#詹姆斯#篮球#运动#直播", "aweme_url": "https://www.iesdouyin.com/share/video/6852964516192357640/?region=CN&mid=6628474361227512590&u_code=0&titleType=title", "download_url": "https://www.chanmama.com/awemeDetail/6852964516192357640", "digg_count": 2521, "digg_incr": 1706, "aweme_create_time": 1595580143, "category": 2, "volume": 0, "amount": 0}, "author": {"author_id": "3315730416405357", "nickname": "赤木晴子", "follower_count": 302315}}, {"aweme": {"aweme_id": "6852887932773092608", "aweme_title": "找到当年的感觉，退伍已经八年，军魂永在，不忘初心，坚持锻炼，#军旅 @抖音小助手", "aweme_url": "https://www.iesdouyin.com/share/video/6852887932773092608/?region=CN&mid=6612185861507255048&u_code=0&titleType=title", "download_url": "https://www.chanmama.com/awemeDetail/6852887932773092608", "digg_count": 1941, "digg_incr": 1607, "aweme_create_time": 1595562316, "category": 2, "volume": 0, "amount": 0}, "author": {"author_id": "101778990493", "nickname": "开心兵哥", "follower_count": 434134}}, {"aweme": {"aweme_id": "6852908722545511688", "aweme_title": "昨晚看了杭州失综按，吓得我都不敢上厕所 #舞蹈", "aweme_url": "https://www.iesdouyin.com/share/video/6852908722545511688/?region=CN&mid=6852908849549134606&u_code=0&titleType=title", "download_url": "https://www.chanmama.com/awemeDetail/6852908722545511688", "digg_count": 1778, "digg_incr": 1578, "aweme_create_time": 1595567176, "category": 2, "volume": 2, "amount": 178}, "author": {"author_id": "360259853746685", "nickname": "工藤心仪", "follower_count": 444393}}, {"aweme": {"aweme_id": "6853031923334253824", "aweme_title": "来了来了，酷帅有型显身段的新款来了，简约刺绣上衣➕迷彩工装裤，出门这样穿帅呆了#穿搭 #女装新品日", "aweme_url": "https://www.iesdouyin.com/share/video/6853031923334253824/?region=CN&mid=6789809885421832972&u_code=1fedchjma2fh&titleType=title", "download_url": "https://www.chanmama.com/awemeDetail/6853031923334253824", "digg_count": 2592, "digg_incr": 1560, "aweme_create_time": 1595595836, "category": 2, "volume": 0, "amount": 0}, "author": {"author_id": "99144022204", "nickname": "鑫衣尚女装店", "follower_count": 704610}}, {"aweme": {"aweme_id": "6852916365670485263", "aweme_title": "一位粉丝私信我，店在哪里?我告诉了她，她来了，说不看衣服，看看我和抖音里是不是长的一样，我气呀！白激动一上午", "aweme_url": "https://www.iesdouyin.com/share/video/6852916365670485263/?region=CN&mid=6819116890343066376&u_code=0&titleType=title", "download_url": "https://www.chanmama.com/awemeDetail/6852916365670485263", "digg_count": 1588, "digg_incr": 1497, "aweme_create_time": 1595568931, "category": 2, "volume": 0, "amount": 0}, "author": {"author_id": "73867091938", "nickname": "酷范欧版原创女装", "follower_count": 148525}}, {"aweme": {"aweme_id": "6852981460744375564", "aweme_title": "今日份#穿搭", "aweme_url": "https://www.iesdouyin.com/share/video/6852981460744375564/?region=CN&mid=6779539988825737998&u_code=0&titleType=title", "download_url": "https://www.chanmama.com/awemeDetail/6852981460744375564", "digg_count": 2060, "digg_incr": 1442, "aweme_create_time": 1595584093, "category": 2, "volume": 5, "amount": 990}, "author": {"author_id": "58932912698", "nickname": "刘核心", "follower_count": 211395}}, {"aweme": {"aweme_id": "6852953387877616910", "aweme_title": "#卖货能手 @抖音小助手  #服装穿搭挑战 #广州服装 #百万赞演技大赏  老板不按套路出价…", "aweme_url": "https://www.iesdouyin.com/share/video/6852953387877616910/?region=CN&mid=6852953395293129486&u_code=0&titleType=title", "download_url": "https://www.chanmama.com/awemeDetail/6852953387877616910", "digg_count": 1450, "digg_incr": 1437, "aweme_create_time": 1595577553, "category": 2, "volume": 1, "amount": 19.9}, "author": {"author_id": "80678009960", "nickname": "艾芳儿（每晚七点直播新款）", "follower_count": 56599}}, {"aweme": {"aweme_id": "6852823861520551168", "aweme_title": "@吴三姐发了一个抖音短视频，你尽管点开，不好看算我输！", "aweme_url": "https://www.iesdouyin.com/share/video/6852823861520551168/?region=CN&mid=6762861171114232580&u_code=0&titleType=", "download_url": "https://www.chanmama.com/awemeDetail/6852823861520551168", "digg_count": 1555, "digg_incr": 1375, "aweme_create_time": 1595547396, "category": 2, "volume": 0, "amount": 0}, "author": {"author_id": "104795294779", "nickname": "吴三姐", "follower_count": 130464}}, {"aweme": {"aweme_id": "6852974038579531022", "aweme_title": "🍵泡好啦，静香他不香吗？#茶艺 #动漫#穿搭@DOU+小助手", "aweme_url": "https://www.iesdouyin.com/share/video/6852974038579531022/?region=CN&mid=6852974054433884935&u_code=0&titleType=title", "download_url": "https://www.chanmama.com/awemeDetail/6852974038579531022", "digg_count": 1365, "digg_incr": 1365, "aweme_create_time": 1595582360, "category": 2, "volume": 0, "amount": 0}, "author": {"author_id": "60790818670", "nickname": "YoungGuns服装工作室", "follower_count": 127380}}, {"aweme": {"aweme_id": "6852922515254234375", "aweme_title": "找亮点😂#抖音小助手 #大码女装 #大码模特", "aweme_url": "https://www.iesdouyin.com/share/video/6852922515254234375/?region=CN&mid=6852922525882911501&u_code=0&titleType=title", "download_url": "https://www.chanmama.com/awemeDetail/6852922515254234375", "digg_count": 1519, "digg_incr": 1360, "aweme_create_time": 1595570364, "category": 2, "volume": 0, "amount": 0}, "author": {"author_id": "60305791035", "nickname": "肉球球", "follower_count": 585093}}, {"aweme": {"aweme_id": "6852989765436902664", "aweme_title": "喜欢穿黑色的男生看过来，这些套装是真的帅#每日穿搭分享 #每日穿搭", "aweme_url": "https://www.iesdouyin.com/share/video/6852989765436902664/?region=CN&mid=6852989784273799950&u_code=0&titleType=title", "download_url": "https://www.chanmama.com/awemeDetail/6852989765436902664", "digg_count": 1779, "digg_incr": 1345, "aweme_create_time": 1595586022, "category": 2, "volume": 11, "amount": 0}, "author": {"author_id": "4283344495058094", "nickname": "型男工作室", "follower_count": 128998}}, {"aweme": {"aweme_id": "6852916012161993995", "aweme_title": "#欧文 穿着睡觉是最舒服的！！！？", "aweme_url": "https://www.iesdouyin.com/share/video/6852916012161993995/?region=CN&mid=6832621171449531150&u_code=0&titleType=title", "download_url": "https://www.chanmama.com/awemeDetail/6852916012161993995", "digg_count": 1878, "digg_incr": 1340, "aweme_create_time": 1595568854, "category": 2, "volume": 0, "amount": 0}, "author": {"author_id": "72254184490", "nickname": "欧文中文网（每晚9点直播）", "follower_count": 491877}}, {"aweme": {"aweme_id": "6853005494001437959", "aweme_title": "闺蜜装炒鸡🔥的蓝色，短款长款都有，减龄又洋气#每日穿搭 @DOU+小助手", "aweme_url": "https://www.iesdouyin.com/share/video/6853005494001437959/?region=CN&mid=6840367272125582087&u_code=0&titleType=title", "download_url": "https://www.chanmama.com/awemeDetail/6853005494001437959", "digg_count": 2770, "digg_incr": 1310, "aweme_create_time": 1595589683, "category": 2, "volume": 0, "amount": 0}, "author": {"author_id": "81562983677", "nickname": "文飞服装", "follower_count": 161522}}, {"aweme": {"aweme_id": "6853002233739496704", "aweme_title": "今天我们一家人出来转转 和女儿比比谁最美", "aweme_url": "https://www.iesdouyin.com/share/video/6853002233739496704/?region=CN&mid=6785859641177000715&u_code=37027c802d6g&titleType=title", "download_url": "https://www.chanmama.com/awemeDetail/6853002233739496704", "digg_count": 1600, "digg_incr": 1288, "aweme_create_time": 1595588923, "category": 2, "volume": 0, "amount": 0}, "author": {"author_id": "99259971284", "nickname": "郭大侠服装店", "follower_count": 957712}}, {"aweme": {"aweme_id": "6852932011611540740", "aweme_title": "你们熬夜刷到这条裤子吗，今天到货了给你们拆开上身试穿下哦，显高显瘦清凉到以为没穿裤子🥱#冰丝裤#百搭神裤", "aweme_url": "https://www.iesdouyin.com/share/video/6852932011611540740/?region=CN&mid=6852932053132528392&u_code=0&titleType=title", "download_url": "https://www.chanmama.com/awemeDetail/6852932011611540740", "digg_count": 1287, "digg_incr": 1236, "aweme_create_time": 1595572581, "category": 2, "volume": 0, "amount": 0}, "author": {"author_id": "98478231465", "nickname": "华仔潮搭", "follower_count": 532034}}, {"aweme": {"aweme_id": "6852928862821649667", "aweme_title": "毛衣➕裤子一套68！！来不来#骗你生女儿 #抖音小助手 #宝宝穿搭 #清仓 #童装@DOU+小助手", "aweme_url": "https://www.iesdouyin.com/share/video/6852928862821649667/?region=CN&mid=6844773311390418951&u_code=1fedchjma2fh&titleType=title", "download_url": "https://www.chanmama.com/awemeDetail/6852928862821649667", "digg_count": 2508, "digg_incr": 1188, "aweme_create_time": 1595571846, "category": 2, "volume": 0, "amount": 0}, "author": {"author_id": "61154921375", "nickname": "图图小象服饰（每天中午10点开播）", "follower_count": 229548}}, {"aweme": {"aweme_id": "6852814473133051136", "aweme_title": "@珍惜～爱跳舞💃💃发了一个抖音短视频，你尽管点开，不好看算我输！", "aweme_url": "https://www.iesdouyin.com/share/video/6852814473133051136/?region=CN&mid=6852814673339747076&u_code=0&titleType=", "download_url": "https://www.chanmama.com/awemeDetail/6852814473133051136", "digg_count": 1246, "digg_incr": 1129, "aweme_create_time": 1595545229, "category": 2, "volume": 4, "amount": 0}, "author": {"author_id": "4503681731520363", "nickname": "珍惜～爱跳舞💃💃", "follower_count": 521259}}, {"aweme": {"aweme_id": "6852993750382267663", "aweme_title": "这才是适合夏天穿的鞋子，你觉得呢？#男生搭配 #凉鞋", "aweme_url": "https://www.iesdouyin.com/share/video/6852993750382267663/?region=CN&mid=6852993768283556621&u_code=0&titleType=title", "download_url": "https://www.chanmama.com/awemeDetail/6852993750382267663", "digg_count": 1394, "digg_incr": 1126, "aweme_create_time": 1595586948, "category": 2, "volume": 15, "amount": 1425}, "author": {"author_id": "111522277399", "nickname": "物空", "follower_count": 473296}}, {"aweme": {"aweme_id": "6852814841187454223", "aweme_title": "嗨曲片段32步@抖音小助手", "aweme_url": "https://www.iesdouyin.com/share/video/6852814841187454223/?region=CN&mid=6852814793980545806&u_code=0&titleType=title", "download_url": "https://www.chanmama.com/awemeDetail/6852814841187454223", "digg_count": 1214, "digg_incr": 1115, "aweme_create_time": 1595545297, "category": 2, "volume": 1, "amount": 0}, "author": {"author_id": "82104149867", "nickname": "珍惜～爱跳舞💃", "follower_count": 783518}}, {"aweme": {"aweme_id": "6852931972419898636", "aweme_title": "套装新款上市啦#品质好物榜 #套装 #正在直播中请点头像进入 #抖音", "aweme_url": "https://www.iesdouyin.com/share/video/6852931972419898636/?region=CN&mid=6852932006586682119&u_code=0&titleType=title", "download_url": "https://www.chanmama.com/awemeDetail/6852931972419898636", "digg_count": 1176, "digg_incr": 1087, "aweme_create_time": 1595572571, "category": 2, "volume": 0, "amount": 0}, "author": {"author_id": "1983154584297805", "nickname": "朱效荣服装商行", "follower_count": 552386}}, {"aweme": {"aweme_id": "6852979260634811661", "aweme_title": "男生都应该尝试的中国风道袍，不敢看我把女朋友送给你！@抖音小助手 #每日穿搭分享", "aweme_url": "https://www.iesdouyin.com/share/video/6852979260634811661/?region=CN&mid=6852979279869823758&u_code=0&titleType=title", "download_url": "https://www.chanmama.com/awemeDetail/6852979260634811661", "digg_count": 1153, "digg_incr": 1087, "aweme_create_time": 1595583576, "category": 2, "volume": 1, "amount": 0}, "author": {"author_id": "76701383307", "nickname": "木子小哥", "follower_count": 726724}}, {"aweme": {"aweme_id": "6852921565978348800", "aweme_title": "洋气显瘦的一套，工装休闲长裤拉长腿型，搭配修身上衣，显瘦显身材#显瘦穿搭 #时尚穿搭 #穿搭", "aweme_url": "https://www.iesdouyin.com/share/video/6852921565978348800/?region=CN&mid=6852921575009340168&u_code=49kkfglde017&titleType=title", "download_url": "https://www.chanmama.com/awemeDetail/6852921565978348800", "digg_count": 1198, "digg_incr": 1070, "aweme_create_time": 1595570142, "category": 2, "volume": 104, "amount": 5096}, "author": {"author_id": "99144022204", "nickname": "鑫衣尚女装店", "follower_count": 704610}}, {"aweme": {"aweme_id": "6852841026525220111", "aweme_title": "有人说，要在衣服上做英文才好看，我觉得，#汉字 加#传统刺绣 做在衣服上才好看！你说那？#我爱你中国", "aweme_url": "https://www.iesdouyin.com/share/video/6852841026525220111/?region=CN&mid=6543769469486009095&u_code=0&titleType=title", "download_url": "https://www.chanmama.com/awemeDetail/6852841026525220111", "digg_count": 1055, "digg_incr": 1052, "aweme_create_time": 1595551391, "category": 2, "volume": 0, "amount": 0}, "author": {"author_id": "96244446829", "nickname": "李正蕾", "follower_count": 68793}}, {"aweme": {"aweme_id": "6852992399375994125", "aweme_title": "#这条街最亮的仔 #限流 #限流 #限流", "aweme_url": "https://www.iesdouyin.com/share/video/6852992399375994125/?region=CN&mid=6834823965962537742&u_code=0&titleType=title", "download_url": "https://www.chanmama.com/awemeDetail/6852992399375994125", "digg_count": 1429, "digg_incr": 1031, "aweme_create_time": 1595586635, "category": 2, "volume": 17, "amount": 2601}, "author": {"author_id": "58529634106", "nickname": "秃头妹妹", "follower_count": 137539}}, {"aweme": {"aweme_id": "6853008047976008963", "aweme_title": "太死亡了", "aweme_url": "https://www.iesdouyin.com/share/video/6853008047976008963/?region=CN&mid=6848171461325097736&u_code=0&titleType=title", "download_url": "https://www.chanmama.com/awemeDetail/6853008047976008963", "digg_count": 1381, "digg_incr": 1023, "aweme_create_time": 1595590281, "category": 2, "volume": 0, "amount": 0}, "author": {"author_id": "64649062702", "nickname": "楠鹛", "follower_count": 317088}}, {"aweme": {"aweme_id": "6852986422421458176", "aweme_title": "分享牛仔裤收纳叠法，简单方便，拿走不谢#上热门#直播间", "aweme_url": "https://www.iesdouyin.com/share/video/6852986422421458176/?region=CN&mid=6717032521403501319&u_code=0&titleType=title", "download_url": "https://www.chanmama.com/awemeDetail/6852986422421458176", "digg_count": 1195, "digg_incr": 1009, "aweme_create_time": 1595585242, "category": 2, "volume": 0, "amount": 0}, "author": {"author_id": "2378991298684196", "nickname": "天颜美服装店", "follower_count": 261760}}, {"aweme": {"aweme_id": "6852985549716851982", "aweme_title": "希望你不止喜欢这件科比的衣服 也要喜欢我#湖人#科比#詹姆斯#nba#篮球#运动#直播", "aweme_url": "https://www.iesdouyin.com/share/video/6852985549716851982/?region=CN&mid=6824119047580633869&u_code=0&titleType=title", "download_url": "https://www.chanmama.com/awemeDetail/6852985549716851982", "digg_count": 1140, "digg_incr": 995, "aweme_create_time": 1595585040, "category": 2, "volume": 9, "amount": 0}, "author": {"author_id": "3315730416405357", "nickname": "赤木晴子", "follower_count": 302315}}, {"aweme": {"aweme_id": "6852821830919572749", "aweme_title": "以前欠银行6万，整天愁死了，现在欠银行600多万，羽绒服麦不动，银行行长亲自给我拍视频，还给我甜筒吃#热门", "aweme_url": "https://www.iesdouyin.com/share/video/6852821830919572749/?region=CN&mid=6852821800640858893&u_code=0&titleType=title", "download_url": "https://www.chanmama.com/awemeDetail/6852821830919572749", "digg_count": 1007, "digg_incr": 960, "aweme_create_time": 1595546926, "category": 2, "volume": 1, "amount": 168}, "author": {"author_id": "2774793186976084", "nickname": "上海姗崎服饰", "follower_count": 117634}}, {"aweme": {"aweme_id": "6853014805616381184", "aweme_title": "周五啦，8点直播间不见不散#服装搭配 #潮流男装", "aweme_url": "https://www.iesdouyin.com/share/video/6853014805616381184/?region=CN&mid=6853014823612926727&u_code=0&titleType=title", "download_url": "https://www.chanmama.com/awemeDetail/6853014805616381184", "digg_count": 1416, "digg_incr": 959, "aweme_create_time": 1595591850, "category": 2, "volume": 0, "amount": 0}, "author": {"author_id": "109579763724451", "nickname": "丽水尚哲男装", "follower_count": 106621}}, {"aweme": {"aweme_id": "6852783674841107719", "aweme_title": "#气质套装", "aweme_url": "https://www.iesdouyin.com/share/video/6852783674841107719/?region=CN&mid=6841871436567890695&u_code=0&titleType=title", "download_url": "https://www.chanmama.com/awemeDetail/6852783674841107719", "digg_count": 1193, "digg_incr": 954, "aweme_create_time": 1595538084, "category": 2, "volume": 0, "amount": 0}, "author": {"author_id": "106033275971", "nickname": "西安韩品名服", "follower_count": 217534}}, {"aweme": {"aweme_id": "6852817142996290824", "aweme_title": "#感谢抖音 #谢谢家人们关注 心向阳光，一路吉祥，心怀善良。平安快乐。", "aweme_url": "https://www.iesdouyin.com/share/video/6852817142996290824/?region=CN&mid=6821805872029944590&u_code=0&titleType=title", "download_url": "https://www.chanmama.com/awemeDetail/6852817142996290824", "digg_count": 1027, "digg_incr": 947, "aweme_create_time": 1595545836, "category": 2, "volume": 5, "amount": 0}, "author": {"author_id": "2946304821437773", "nickname": "花好月圆爱国衫", "follower_count": 148791}}, {"aweme": {"aweme_id": "6852896183325641998", "aweme_title": "什么场合穿什么衬衫，90%男生都不知道#每日穿搭分享 #男生穿搭", "aweme_url": "https://www.iesdouyin.com/share/video/6852896183325641998/?region=CN&mid=6852896197368122125&u_code=0&titleType=title", "download_url": "https://www.chanmama.com/awemeDetail/6852896183325641998", "digg_count": 1116, "digg_incr": 942, "aweme_create_time": 1595564233, "category": 2, "volume": 7, "amount": 588}, "author": {"author_id": "4283344495058094", "nickname": "型男工作室", "follower_count": 128998}}, {"aweme": {"aweme_id": "6852931736423124239", "aweme_title": "最近特别流行一款的南瓜短袖➕送爆汗裤，你们有了吗，没有看这里呦#短袖#便宜便宜真便宜", "aweme_url": "https://www.iesdouyin.com/share/video/6852931736423124239/?region=CN&mid=6852931743897733902&u_code=0&titleType=title", "download_url": "https://www.chanmama.com/awemeDetail/6852931736423124239", "digg_count": 1687, "digg_incr": 941, "aweme_create_time": 1595572510, "category": 2, "volume": 0, "amount": 0}, "author": {"author_id": "88782910656", "nickname": "苏州厘昉服饰有限公司", "follower_count": 102166}}, {"aweme": {"aweme_id": "6852814711386344719", "aweme_title": "家里的地也干完了，牛羊也喂饱了；小伙子说他精力太旺盛，想消耗消耗！#街头健身 #俯卧撑", "aweme_url": "https://www.iesdouyin.com/share/video/6852814711386344719/?region=CN&mid=6852814665114749710&u_code=0&titleType=title", "download_url": "https://www.chanmama.com/awemeDetail/6852814711386344719", "digg_count": 1053, "digg_incr": 931, "aweme_create_time": 1595545267, "category": 2, "volume": 0, "amount": 0}, "author": {"author_id": "80753407428", "nickname": "大师兄HC", "follower_count": 187219}}, {"aweme": {"aweme_id": "6852945204765314319", "aweme_title": "今天六点起的床", "aweme_url": "https://www.iesdouyin.com/share/video/6852945204765314319/?region=CN&mid=6845594262281734925&u_code=0&titleType=title", "download_url": "https://www.chanmama.com/awemeDetail/6852945204765314319", "digg_count": 1147, "digg_incr": 918, "aweme_create_time": 1595575646, "category": 2, "volume": 0, "amount": 0}, "author": {"author_id": "2035951652581774", "nickname": "京城五", "follower_count": 112866}}, {"aweme": {"aweme_id": "6852973769183530254", "aweme_title": "夏竹遭绑架，王多鱼放弃300亿，拿钱赎人，最后只是一个考验 #西虹市首富", "aweme_url": "https://www.iesdouyin.com/share/video/6852973769183530254/?region=CN&mid=6852973959474924302&u_code=0&titleType=title", "download_url": "https://www.chanmama.com/awemeDetail/6852973769183530254", "digg_count": 1225, "digg_incr": 833, "aweme_create_time": 1595582314, "category": 2, "volume": 0, "amount": 0}, "author": {"author_id": "61204020182", "nickname": "百纳传奇影业", "follower_count": 890988}}, {"aweme": {"aweme_id": "6852999111466093835", "aweme_title": "@抖音小助手 @DOU+小助手 #时尚穿搭", "aweme_url": "https://www.iesdouyin.com/share/video/6852999111466093835/?region=CN&mid=6790311080066288391&u_code=0&titleType=title", "download_url": "https://www.chanmama.com/awemeDetail/6852999111466093835", "digg_count": 2549, "digg_incr": 791, "aweme_create_time": 1595588202, "category": 2, "volume": 0, "amount": 0}, "author": {"author_id": "171134371249611", "nickname": "上海市杨浦区涅派服装店", "follower_count": 167701}}, {"aweme": {"aweme_id": "6852897049239620879", "aweme_title": "这种酷帅的休闲裤套装，夏天穿也不热，配上衣一套搭起来显瘦又洋气，你喜欢吗？#穿搭 #显瘦穿搭", "aweme_url": "https://www.iesdouyin.com/share/video/6852897049239620879/?region=CN&mid=6821801861566188296&u_code=9h9fdikgl54&titleType=title", "download_url": "https://www.chanmama.com/awemeDetail/6852897049239620879", "digg_count": 1113, "digg_incr": 789, "aweme_create_time": 1595564433, "category": 2, "volume": 81, "amount": 3969}, "author": {"author_id": "99144022204", "nickname": "鑫衣尚女装店", "follower_count": 704610}}, {"aweme": {"aweme_id": "6852966383630716175", "aweme_title": "女人看男人是先看身材还是先看脸蛋#时尚穿搭 #日常 #裤子#男人 @抖音小助手", "aweme_url": "https://www.iesdouyin.com/share/video/6852966383630716175/?region=CN&mid=6835582591153015559&u_code=0&titleType=title", "download_url": "https://www.chanmama.com/awemeDetail/6852966383630716175", "digg_count": 1059, "digg_incr": 777, "aweme_create_time": 1595580577, "category": 2, "volume": 0, "amount": 0}, "author": {"author_id": "60610990158", "nickname": "于子程", "follower_count": 127310}}, {"aweme": {"aweme_id": "6852795206253710607", "aweme_title": "#变装 请问你们这么早起来干什么莫？我的biu贝们_@抖音小助手", "aweme_url": "https://www.iesdouyin.com/share/video/6852795206253710607/?region=CN&mid=6846641931670407944&u_code=0&titleType=title", "download_url": "https://www.chanmama.com/awemeDetail/6852795206253710607", "digg_count": 1050, "digg_incr": 716, "aweme_create_time": 1595540737, "category": 2, "volume": 2, "amount": 0}, "author": {"author_id": "73572664164", "nickname": "陈凌逸。", "follower_count": 198605}}, {"aweme": {"aweme_id": "6853057406088252675", "aweme_title": "#上热门 #男装 #中国风 #棉麻 男士短袖套装刺绣江湖（上衣+裤子）@抖音小助手 @DOU+小助手", "aweme_url": "https://www.iesdouyin.com/share/video/6853057406088252675/?region=CN&mid=6833679753455618056&u_code=1961k1ml1780&titleType=title", "download_url": "https://www.chanmama.com/awemeDetail/6853057406088252675", "digg_count": 1241, "digg_incr": 707, "aweme_create_time": 1595601774, "category": 2, "volume": 0, "amount": 0}, "author": {"author_id": "71108866172", "nickname": "常熟市琴川街道荟宸宫服装商行", "follower_count": 43147}}, {"aweme": {"aweme_id": "6852973244794932480", "aweme_title": "曾经的灭霸詹！在今天的复赛上已经胡须花白！他老了真的老了！很多朋友喜欢这张面具#詹姆斯 ！就单独放出一张吧！", "aweme_url": "https://www.iesdouyin.com/share/video/6852973244794932480/?region=CN&mid=6852973256828406535&u_code=0&titleType=title", "download_url": "https://www.chanmama.com/awemeDetail/6852973244794932480", "digg_count": 1005, "digg_incr": 703, "aweme_create_time": 1595582174, "category": 2, "volume": 0, "amount": 0}, "author": {"author_id": "98230460060", "nickname": "T·古城🇨🇳篮坛·L", "follower_count": 148506}}, {"aweme": {"aweme_id": "6852897767744982285", "aweme_title": "什么才是男人的衣着品味#剃刀党 #男士穿搭 #穿搭日记 @抖音小助手", "aweme_url": "https://www.iesdouyin.com/share/video/6852897767744982285/?region=CN&mid=6848930205747137294&u_code=0&titleType=title", "download_url": "https://www.chanmama.com/awemeDetail/6852897767744982285", "digg_count": 1535, "digg_incr": 653, "aweme_create_time": 1595564610, "category": 2, "volume": 0, "amount": 0}, "author": {"author_id": "107899782824", "nickname": "马登福叔", "follower_count": 118712}}, {"aweme": {"aweme_id": "6852979964325809423", "aweme_title": "男生一穿就上Y的渣男套装，来我直播间。#穿搭 #原创者联盟计划", "aweme_url": "https://www.iesdouyin.com/share/video/6852979964325809423/?region=CN&mid=6852979982122846983&u_code=0&titleType=title", "download_url": "https://www.chanmama.com/awemeDetail/6852979964325809423", "digg_count": 2364, "digg_incr": 620, "aweme_create_time": 1595583739, "category": 2, "volume": 17, "amount": 986}, "author": {"author_id": "106090484587", "nickname": "帅小哥搭配", "follower_count": 163779}}, {"aweme": {"aweme_id": "6852871745641139459", "aweme_title": "夏日炎炎有你更甜 格子防晒开衫外搭新款上市啦#百搭 #正在直播中请点头像进入 #抖音", "aweme_url": "https://www.iesdouyin.com/share/video/6852871745641139459/?region=CN&mid=6852871766839495438&u_code=0&titleType=title", "download_url": "https://www.chanmama.com/awemeDetail/6852871745641139459", "digg_count": 4870, "digg_incr": 613, "aweme_create_time": 1595558548, "category": 2, "volume": 0, "amount": 0}, "author": {"author_id": "1983154584297805", "nickname": "朱效荣服装商行", "follower_count": 552386}}, {"aweme": {"aweme_id": "6853016675177024783", "aweme_title": "#我为广东带货 宝宝们缺衣服吗，周日十万粉丝专场等你哦~@抖音时尚@DOU+小助手", "aweme_url": "https://www.iesdouyin.com/share/video/6853016675177024783/?region=CN&mid=6637375767279831821&u_code=0&titleType=title", "download_url": "https://www.chanmama.com/awemeDetail/6853016675177024783", "digg_count": 1481, "digg_incr": 569, "aweme_create_time": 1595592286, "category": 2, "volume": 0, "amount": 0}, "author": {"author_id": "4472462856169108", "nickname": "广州万佳小婵-四点直播间等你", "follower_count": 101429}}, {"aweme": {"aweme_id": "6853012043277094147", "aweme_title": "#微胖穿搭 有点小小的恐怖#密室大逃脱", "aweme_url": "https://www.iesdouyin.com/share/video/6853012043277094147/?region=CN&mid=6837461474225736462&u_code=0&titleType=title", "download_url": "https://www.chanmama.com/awemeDetail/6853012043277094147", "digg_count": 16591, "digg_incr": 433, "aweme_create_time": 1595591212, "category": 2, "volume": 55, "amount": 14190}, "author": {"author_id": "58274492551", "nickname": "邓噔噔只有135斤", "follower_count": 113673}}]}