{"data": [{"aweme": {"aweme_id": "6852934394236243212", "aweme_title": "猜猜隔壁的帅哥最后pick了哪款口红色号？ @莱汀Rei", "aweme_url": "https://www.iesdouyin.com/share/video/6852934394236243212/?region=CN&mid=6848925583519254530&u_code=0&titleType=title", "download_url": "https://www.chanmama.com/awemeDetail/6852934394236243212", "digg_count": 362445, "digg_incr": 277275, "aweme_create_time": 1595583720, "category": 3, "volume": 99, "amount": 12771}, "author": {"author_id": "92333302805", "nickname": "顾朝", "follower_count": 739070}}, {"aweme": {"aweme_id": "6852868095409769731", "aweme_title": "日常更新#编发", "aweme_url": "https://www.iesdouyin.com/share/video/6852868095409769731/?region=CN&mid=6829589365430159362&u_code=0&titleType=title", "download_url": "https://www.chanmama.com/awemeDetail/6852868095409769731", "digg_count": 290836, "digg_incr": 179915, "aweme_create_time": 1595557699, "category": 3, "volume": 57, "amount": 2844.2999999999997}, "author": {"author_id": "3689568391401564", "nickname": "静静哎", "follower_count": 442175}}, {"aweme": {"aweme_id": "6852854090813197581", "aweme_title": "火遍全网的#乘风破浪的姐姐 同款半马尾一定要学会，日常百搭，与大波浪卷简直绝配👍#自动卷发神器 @抖音小助手", "aweme_url": "https://www.iesdouyin.com/share/video/6852854090813197581/?region=CN&mid=6852854094806240013&u_code=0&titleType=title", "download_url": "https://www.chanmama.com/awemeDetail/6852854090813197581", "digg_count": 38727, "digg_incr": 18688, "aweme_create_time": 1595584800, "category": 3, "volume": 4, "amount": 0}, "author": {"author_id": "3654413278785547", "nickname": "唐诗雨_🍊", "follower_count": 497114}}, {"aweme": {"aweme_id": "6852702624525946127", "aweme_title": "做好充分准备，从容奔赴每一段旅途吧🚗#vlog日常 #独居日记 #夏日致青春", "aweme_url": "https://www.iesdouyin.com/share/video/6852702624525946127/?region=CN&mid=6852702633602386701&u_code=0&titleType=title", "download_url": "https://www.chanmama.com/awemeDetail/6852702624525946127", "digg_count": 32744, "digg_incr": 17703, "aweme_create_time": 1595561400, "category": 3, "volume": 8, "amount": 399.2}, "author": {"author_id": "2312991064987999", "nickname": "晚安阿紫", "follower_count": 388797}}, {"aweme": {"aweme_id": "6852612068823125251", "aweme_title": "总有人来挑战我的地位...#抖音小助手 #反转#绿茶 #supergoop", "aweme_url": "https://www.iesdouyin.com/share/video/6852612068823125251/?region=CN&mid=6852612137026685710&u_code=0&titleType=title", "download_url": "https://www.chanmama.com/awemeDetail/6852612068823125251", "digg_count": 18680, "digg_incr": 16717, "aweme_create_time": 1595583000, "category": 3, "volume": 3, "amount": 834}, "author": {"author_id": "1015548283978356", "nickname": "秋十元", "follower_count": 980995}}, {"aweme": {"aweme_id": "6853042486185610511", "aweme_title": "#我要上热门 #抖音热门", "aweme_url": "https://www.iesdouyin.com/share/video/6853042486185610511/?region=CN&mid=6853042577454942983&u_code=0&titleType=title", "download_url": "https://www.chanmama.com/awemeDetail/6853042486185610511", "digg_count": 15887, "digg_incr": 15964, "aweme_create_time": 1595598295, "category": 3, "volume": 0, "amount": 0}, "author": {"author_id": "2845141306456739", "nickname": "茹姐优选", "follower_count": 62161}}, {"aweme": {"aweme_id": "6852888928551193864", "aweme_title": "拽姐sha我！黑金  #华莎仿妆来了！ #mamamoo", "aweme_url": "https://www.iesdouyin.com/share/video/6852888928551193864/?region=CN&mid=6852889241585011470&u_code=0&titleType=title", "download_url": "https://www.chanmama.com/awemeDetail/6852888928551193864", "digg_count": 22485, "digg_incr": 15886, "aweme_create_time": 1595583000, "category": 3, "volume": 5, "amount": 650}, "author": {"author_id": "2590105761493292", "nickname": "张卜睿berry", "follower_count": 766155}}, {"aweme": {"aweme_id": "6852601689908841728", "aweme_title": "孕13周的快乐就是吃吃喝喝。你们会孕吐吗？#孕期记录 @阿爆静宜夫妇", "aweme_url": "https://www.iesdouyin.com/share/video/6852601689908841728/?region=CN&mid=6852601727120591629&u_code=0&titleType=title", "download_url": "https://www.chanmama.com/awemeDetail/6852601689908841728", "digg_count": 19102, "digg_incr": 15804, "aweme_create_time": 1595588400, "category": 3, "volume": 33, "amount": 3234}, "author": {"author_id": "63613406231", "nickname": "得瑟一个大秋天7.29mac专场", "follower_count": 913314}}, {"aweme": {"aweme_id": "6852957194602827015", "aweme_title": "市面牙刷超全大测评，爱护牙齿先从选对牙刷开始！#女生#变美", "aweme_url": "https://www.iesdouyin.com/share/video/6852957194602827015/?region=CN&mid=6852957227511335693&u_code=0&titleType=title", "download_url": "https://www.chanmama.com/awemeDetail/6852957194602827015", "digg_count": 24900, "digg_incr": 15111, "aweme_create_time": 1595588783, "category": 3, "volume": 3, "amount": 627}, "author": {"author_id": "102635027627", "nickname": "洁哥颜习社", "follower_count": 508080}}, {"aweme": {"aweme_id": "6852951874241350919", "aweme_title": "今天做了20多个胃肠镜，切了无数个息肉！虽然很累！不过挺有成就感！！你们管我要的睡眠面膜来了！#好物推荐", "aweme_url": "https://www.iesdouyin.com/share/video/6852951874241350919/?region=CN&mid=6848562127717141255&u_code=bk5kkf3l2d0&titleType=title", "download_url": "https://www.chanmama.com/awemeDetail/6852951874241350919", "digg_count": 27732, "digg_incr": 13705, "aweme_create_time": 1595577200, "category": 3, "volume": 0, "amount": 0}, "author": {"author_id": "89573149015", "nickname": "医医和医生爸爸的成长日记", "follower_count": 658664}}, {"aweme": {"aweme_id": "6852956631630646536", "aweme_title": "日本女孩脱毛的日常，一起做个精致的猪猪女孩吧！ #vlog日常", "aweme_url": "https://www.iesdouyin.com/share/video/6852956631630646536/?region=CN&mid=6852956763768064781&u_code=0&titleType=title", "download_url": "https://www.chanmama.com/awemeDetail/6852956631630646536", "digg_count": 18344, "digg_incr": 12928, "aweme_create_time": 1595586978, "category": 3, "volume": 3, "amount": 0}, "author": {"author_id": "97705910620", "nickname": "小野酱在日本", "follower_count": 755997}}, {"aweme": {"aweme_id": "6852851561081703692", "aweme_title": "船长给大家分享一下赤道无风带，帆船的禁区，航海人真希望大海永远风平浪静，船长祝愿好朋友们一生都平平安安的！", "aweme_url": "https://www.iesdouyin.com/share/video/6852851561081703692/?region=CN&mid=6852851591561661191&u_code=0&titleType=title", "download_url": "https://www.chanmama.com/awemeDetail/6852851561081703692", "digg_count": 16201, "digg_incr": 12269, "aweme_create_time": 1595553850, "category": 3, "volume": 0, "amount": 0}, "author": {"author_id": "94698846791", "nickname": "中国船长", "follower_count": 846962}}, {"aweme": {"aweme_id": "6852949062682037512", "aweme_title": "女孩子不要把自己的风格圈的太小，趁着年轻使劲打扮使劲好看#欧美妆 #原相机", "aweme_url": "https://www.iesdouyin.com/share/video/6852949062682037512/?region=CN&mid=6790425893614389250&u_code=0&titleType=title", "download_url": "https://www.chanmama.com/awemeDetail/6852949062682037512", "digg_count": 15226, "digg_incr": 11521, "aweme_create_time": 1595576546, "category": 3, "volume": 47, "amount": 1405.3}, "author": {"author_id": "105120956493", "nickname": "小O超级瘦👾", "follower_count": 655407}}, {"aweme": {"aweme_id": "6852860899150155016", "aweme_title": "脸脏了可以洗，心脏了怎么办？ #百万赞演技大赏 #戏精  #搞笑@DOU+小助手", "aweme_url": "https://www.iesdouyin.com/share/video/6852860899150155016/?region=CN&mid=6852861024195169031&u_code=0&titleType=title", "download_url": "https://www.chanmama.com/awemeDetail/6852860899150155016", "digg_count": 12000, "digg_incr": 11313, "aweme_create_time": 1595558335, "category": 3, "volume": 14, "amount": 698.6000000000001}, "author": {"author_id": "465808045387656", "nickname": "陈拐拐", "follower_count": 341396}}, {"aweme": {"aweme_id": "6852640994261748999", "aweme_title": "遇到台子直接跳下去？可以！但下台子后怎么保护自己知道吗？#银耳子面膜 #跑酷", "aweme_url": "https://www.iesdouyin.com/share/video/6852640994261748999/?region=CN&mid=6852641095357451016&u_code=0&titleType=title", "download_url": "https://www.chanmama.com/awemeDetail/6852640994261748999", "digg_count": 12170, "digg_incr": 11177, "aweme_create_time": 1595583000, "category": 3, "volume": 16, "amount": 944}, "author": {"author_id": "58647351267", "nickname": "西安跑酷少女", "follower_count": 251508}}, {"aweme": {"aweme_id": "6852992221466152200", "aweme_title": "绿茶妆当然配绿茶甲！走绿茶的路让绿茶无路可走~ #美甲  #美甲教程", "aweme_url": "https://www.iesdouyin.com/share/video/6852992221466152200/?region=CN&mid=6852992320233622280&u_code=0&titleType=title", "download_url": "https://www.chanmama.com/awemeDetail/6852992221466152200", "digg_count": 15370, "digg_incr": 9541, "aweme_create_time": 1595586612, "category": 3, "volume": 6, "amount": 76.80000000000001}, "author": {"author_id": "102292978727", "nickname": "达蒙美甲课堂", "follower_count": 963088}}, {"aweme": {"aweme_id": "6852934783052303630", "aweme_title": "兔子魔法/定制香水洗发了解一下～#海草计划", "aweme_url": "https://www.iesdouyin.com/share/video/6852934783052303630/?region=CN&mid=6852934807194798862&u_code=0&titleType=title", "download_url": "https://www.chanmama.com/awemeDetail/6852934783052303630", "digg_count": 13919, "digg_incr": 9296, "aweme_create_time": 1595586600, "category": 3, "volume": 86, "amount": 6794}, "author": {"author_id": "58934752362", "nickname": "不存在的h", "follower_count": 393730}}, {"aweme": {"aweme_id": "6852920329199734031", "aweme_title": "大一到大四的变化之【上早课】#大学宿舍 @抖音小助手", "aweme_url": "https://www.iesdouyin.com/share/video/6852920329199734031/?region=CN&mid=6852920352730172168&u_code=0&titleType=title", "download_url": "https://www.chanmama.com/awemeDetail/6852920329199734031", "digg_count": 12593, "digg_incr": 9065, "aweme_create_time": 1595584800, "category": 3, "volume": 0, "amount": 0}, "author": {"author_id": "3689553561402456", "nickname": "孙宁伽Nicole", "follower_count": 298792}}, {"aweme": {"aweme_id": "6852910804887489799", "aweme_title": "请跟我解释一下颜色的事 @__ 梦 大仙 、  #绿", "aweme_url": "https://www.iesdouyin.com/share/video/6852910804887489799/?region=CN&mid=6852910948190456583&u_code=0&titleType=title", "download_url": "https://www.chanmama.com/awemeDetail/6852910804887489799", "digg_count": 14013, "digg_incr": 8926, "aweme_create_time": 1595583000, "category": 3, "volume": 0, "amount": 0}, "author": {"author_id": "70793439922", "nickname": "小立新&梦大仙的日常", "follower_count": 218660}}, {"aweme": {"aweme_id": "6852986509692325120", "aweme_title": "显白发色#发色 #发色推荐", "aweme_url": "https://www.iesdouyin.com/share/video/6852986509692325120/?region=CN&mid=6843157472484592398&u_code=0&titleType=title", "download_url": "https://www.chanmama.com/awemeDetail/6852986509692325120", "digg_count": 13828, "digg_incr": 7988, "aweme_create_time": 1595585262, "category": 3, "volume": 0, "amount": 0}, "author": {"author_id": "97608201666", "nickname": "尚势染发沙龙", "follower_count": 116377}}, {"aweme": {"aweme_id": "6853002707704237320", "aweme_title": "化个妆然后出门装优雅吧", "aweme_url": "https://www.iesdouyin.com/share/video/6853002707704237320/?region=CN&mid=6581310280632896269&u_code=0&titleType=title", "download_url": "https://www.chanmama.com/awemeDetail/6853002707704237320", "digg_count": 10589, "digg_incr": 7517, "aweme_create_time": 1595589035, "category": 3, "volume": 0, "amount": 0}, "author": {"author_id": "58516461127", "nickname": "美人鱼啊", "follower_count": 362058}}, {"aweme": {"aweme_id": "6852886867495423232", "aweme_title": "傻瓜式眼线教程来啦 自然➕上扬，你最喜欢哪种？", "aweme_url": "https://www.iesdouyin.com/share/video/6852886867495423232/?region=CN&mid=6852886890908076807&u_code=0&titleType=title", "download_url": "https://www.chanmama.com/awemeDetail/6852886867495423232", "digg_count": 7602, "digg_incr": 7287, "aweme_create_time": 1595578800, "category": 3, "volume": 26, "amount": 1534}, "author": {"author_id": "62003145104", "nickname": "童黎", "follower_count": 920019}}, {"aweme": {"aweme_id": "6853016364295261448", "aweme_title": "52岁不老仙妻面部提升方法！全脸只要2分钟，懒人也可以学起来！", "aweme_url": "https://www.iesdouyin.com/share/video/6853016364295261448/?region=CN&mid=6853016401977232141&u_code=0&titleType=title", "download_url": "https://www.chanmama.com/awemeDetail/6853016364295261448", "digg_count": 9848, "digg_incr": 6815, "aweme_create_time": 1595592214, "category": 3, "volume": 87, "amount": 0}, "author": {"author_id": "63183359543", "nickname": "王艺淣Wendy（胖温）", "follower_count": 252137}}, {"aweme": {"aweme_id": "6852607988176309516", "aweme_title": "续航久 颜值高  清洁力强，四种模式活动价一支百来块，买它就对了！#电动牙刷", "aweme_url": "https://www.iesdouyin.com/share/video/6852607988176309516/?region=CN&mid=6852608187686865678&u_code=0&titleType=title", "download_url": "https://www.chanmama.com/awemeDetail/6852607988176309516", "digg_count": 12579, "digg_incr": 6779, "aweme_create_time": 1595559540, "category": 3, "volume": 4, "amount": 796}, "author": {"author_id": "3944669718519251", "nickname": "花生酱子", "follower_count": 139762}}, {"aweme": {"aweme_id": "6852885548491640075", "aweme_title": "你喜欢长发我偏要留短发 没有谁可以一直陪着谁 我也不太需要#假发 #同城热门 #717奇妙好物在这里", "aweme_url": "https://www.iesdouyin.com/share/video/6852885548491640075/?region=CN&mid=6852885580955634445&u_code=39cg4f8ee4gl&titleType=title", "download_url": "https://www.chanmama.com/awemeDetail/6852885548491640075", "digg_count": 7692, "digg_incr": 6463, "aweme_create_time": 1595561761, "category": 3, "volume": 0, "amount": 0}, "author": {"author_id": "2576891486407453", "nickname": "婷子假发", "follower_count": 185365}}, {"aweme": {"aweme_id": "6852744406362082568", "aweme_title": "我找到了世界上最干净的刷牙方法！！！@DOU+小助手", "aweme_url": "https://www.iesdouyin.com/share/video/6852744406362082568/?region=CN&mid=6852745409144589070&u_code=0&titleType=title", "download_url": "https://www.chanmama.com/awemeDetail/6852744406362082568", "digg_count": 16016, "digg_incr": 6180, "aweme_create_time": 1595583229, "category": 3, "volume": 2, "amount": 558}, "author": {"author_id": "82576910456", "nickname": "喜逸郎", "follower_count": 222253}}, {"aweme": {"aweme_id": "6852969185237060864", "aweme_title": "#落日妆 遇见了黄昏，万物都变得温柔动人了#slomo #原相机", "aweme_url": "https://www.iesdouyin.com/share/video/6852969185237060864/?region=CN&mid=6726849608997210893&u_code=0&titleType=title", "download_url": "https://www.chanmama.com/awemeDetail/6852969185237060864", "digg_count": 7884, "digg_incr": 6117, "aweme_create_time": 1595581229, "category": 3, "volume": 4, "amount": 296}, "author": {"author_id": "101925284745", "nickname": "甜茶", "follower_count": 882797}}, {"aweme": {"aweme_id": "6853019980544380174", "aweme_title": "马卡龙色系居家出门旅行首选！轻轻松松一看就会！集美们！行动#很哇塞的女人@DOU+小助手", "aweme_url": "https://www.iesdouyin.com/share/video/6853019980544380174/?region=CN&mid=6723989549162171147&u_code=0&titleType=title", "download_url": "https://www.chanmama.com/awemeDetail/6853019980544380174", "digg_count": 6221, "digg_incr": 6016, "aweme_create_time": 1595593056, "category": 3, "volume": 0, "amount": 0}, "author": {"author_id": "101560992457", "nickname": "芦苇针织", "follower_count": 36786}}, {"aweme": {"aweme_id": "6852923769200168200", "aweme_title": "终于找到一款敏感肌也能用的卸妆水！真的爱了！#玥妆宝物", "aweme_url": "https://www.iesdouyin.com/share/video/6852923769200168200/?region=CN&mid=6852923902654663438&u_code=0&titleType=title", "download_url": "https://www.chanmama.com/awemeDetail/6852923769200168200", "digg_count": 7390, "digg_incr": 5957, "aweme_create_time": 1595581376, "category": 3, "volume": 6, "amount": 359.4}, "author": {"author_id": "62736259660", "nickname": "🌙玥妆宝盒✨", "follower_count": 256652}}, {"aweme": {"aweme_id": "6852622080932957455", "aweme_title": "私藏级精华乳，抗衰必须是它#植物医生#国货", "aweme_url": "https://www.iesdouyin.com/share/video/6852622080932957455/?region=CN&mid=6779041629568239617&u_code=0&titleType=title", "download_url": "https://www.chanmama.com/awemeDetail/6852622080932957455", "digg_count": 7937, "digg_incr": 5859, "aweme_create_time": 1595581200, "category": 3, "volume": 0, "amount": 0}, "author": {"author_id": "2766020075327700", "nickname": "章鱼麻麻", "follower_count": 624209}}, {"aweme": {"aweme_id": "6852591727253916931", "aweme_title": "大牌高光平替！一直不相信平替的我这次真香了~姐妹们，高光拌饭走一波。#双闪高光 #好物推荐", "aweme_url": "https://www.iesdouyin.com/share/video/6852591727253916931/?region=CN&mid=6852591790516636429&u_code=0&titleType=title", "download_url": "https://www.chanmama.com/awemeDetail/6852591727253916931", "digg_count": 5649, "digg_incr": 5717, "aweme_create_time": 1595583000, "category": 3, "volume": 51, "amount": 510}, "author": {"author_id": "103945841056", "nickname": "Layla", "follower_count": 295195}}, {"aweme": {"aweme_id": "6852634491568065800", "aweme_title": "大油皮的救星来咯！#种草 #散粉 #化妆", "aweme_url": "https://www.iesdouyin.com/share/video/6852634491568065800/?region=CN&mid=6852634599097486094&u_code=0&titleType=title", "download_url": "https://www.chanmama.com/awemeDetail/6852634491568065800", "digg_count": 7397, "digg_incr": 5620, "aweme_create_time": 1595583822, "category": 3, "volume": 2, "amount": 139.8}, "author": {"author_id": "1165118166285847", "nickname": "大佬哲。", "follower_count": 394286}}, {"aweme": {"aweme_id": "6852880939031465230", "aweme_title": "我就是我不一样的烟火，经的起考验", "aweme_url": "https://www.iesdouyin.com/share/video/6852880939031465230/?region=CN&mid=6852880967120489229&u_code=1m024m5h4ckl&titleType=title", "download_url": "https://www.chanmama.com/awemeDetail/6852880939031465230", "digg_count": 5315, "digg_incr": 5315, "aweme_create_time": 1595560684, "category": 3, "volume": 113, "amount": 18984}, "author": {"author_id": "57413400106", "nickname": "二宝娘的家", "follower_count": 385143}}, {"aweme": {"aweme_id": "6852930501171252492", "aweme_title": "吼吼！是谁咬了一口我的芝士奶酪？！#腮红 #礼盒", "aweme_url": "https://www.iesdouyin.com/share/video/6852930501171252492/?region=CN&mid=6584234328732109575&u_code=0&titleType=title", "download_url": "https://www.chanmama.com/awemeDetail/6852930501171252492", "digg_count": 6256, "digg_incr": 5295, "aweme_create_time": 1595586900, "category": 3, "volume": 9, "amount": 801}, "author": {"author_id": "483375149498855", "nickname": "Pinky粉夏✨", "follower_count": 180449}}, {"aweme": {"aweme_id": "6852875395054734603", "aweme_title": "睡前这个习惯，让你皮肤越睡越透亮~ #BBLAB复活草面膜  #睡觉变美", "aweme_url": "https://www.iesdouyin.com/share/video/6852875395054734603/?region=CN&mid=6852875584679201549&u_code=0&titleType=title", "download_url": "https://www.chanmama.com/awemeDetail/6852875395054734603", "digg_count": 5200, "digg_incr": 5177, "aweme_create_time": 1595584800, "category": 3, "volume": 0, "amount": 0}, "author": {"author_id": "101512415000", "nickname": "赤名梨香", "follower_count": 491111}}, {"aweme": {"aweme_id": "6852882906960973069", "aweme_title": "夏日头发油油，不会怕，看这里‼️#喜欢夏天", "aweme_url": "https://www.iesdouyin.com/share/video/6852882906960973069/?region=CN&mid=6852882947075296013&u_code=0&titleType=title", "download_url": "https://www.chanmama.com/awemeDetail/6852882906960973069", "digg_count": 5174, "digg_incr": 5159, "aweme_create_time": 1595561142, "category": 3, "volume": 15, "amount": 1170}, "author": {"author_id": "79604037915", "nickname": "李目染", "follower_count": 859394}}, {"aweme": {"aweme_id": "6852692090057477379", "aweme_title": "软糯糯的赤茶棕色，显白好看  #小黑镜", "aweme_url": "https://www.iesdouyin.com/share/video/6852692090057477379/?region=CN&mid=6852692511686396679&u_code=0&titleType=title", "download_url": "https://www.chanmama.com/awemeDetail/6852692090057477379", "digg_count": 14432, "digg_incr": 5118, "aweme_create_time": 1595588400, "category": 3, "volume": 15, "amount": 735}, "author": {"author_id": "85261405789", "nickname": "一口老兔", "follower_count": 182678}}, {"aweme": {"aweme_id": "6852951038484319502", "aweme_title": "把一整片黄金离子胶原蛋白贴在脸上是什么感觉？#面膜测评 #护肤分享", "aweme_url": "https://www.iesdouyin.com/share/video/6852951038484319502/?region=CN&mid=6852951081958771470&u_code=0&titleType=title", "download_url": "https://www.chanmama.com/awemeDetail/6852951038484319502", "digg_count": 6668, "digg_incr": 4979, "aweme_create_time": 1595588110, "category": 3, "volume": 0, "amount": 0}, "author": {"author_id": "3522474508816251", "nickname": "李落秋", "follower_count": 473108}}, {"aweme": {"aweme_id": "6852884420890758415", "aweme_title": "蹭饭的时候如何穿的体面？夜猫子的正确打开方式 #穿搭日记 #每个熬熬待补的夜", "aweme_url": "https://www.iesdouyin.com/share/video/6852884420890758415/?region=CN&mid=6852884441178573581&u_code=0&titleType=title", "download_url": "https://www.chanmama.com/awemeDetail/6852884420890758415", "digg_count": 5039, "digg_incr": 4812, "aweme_create_time": 1595584800, "category": 3, "volume": 2, "amount": 198}, "author": {"author_id": "104284121478", "nickname": "258Hz", "follower_count": 690321}}, {"aweme": {"aweme_id": "6853016919721774348", "aweme_title": "我心目中的国货香水dian峰浮香堂X五朵里联名 年少轻狂，太好闻了！#香水", "aweme_url": "https://www.iesdouyin.com/share/video/6853016919721774348/?region=CN&mid=6853017102132726541&u_code=0&titleType=title", "download_url": "https://www.chanmama.com/awemeDetail/6853016919721774348", "digg_count": 6459, "digg_incr": 4780, "aweme_create_time": 1595592381, "category": 3, "volume": 11, "amount": 77}, "author": {"author_id": "93023813250", "nickname": "今天喷什么", "follower_count": 384800}}, {"aweme": {"aweme_id": "6852891764391415047", "aweme_title": "今天的微微是一朵小白莲～～出汗也不脱妆的那种～哈哈哈哈#周深遇见花西子 #秀出新国风", "aweme_url": "https://www.iesdouyin.com/share/video/6852891764391415047/?region=CN&mid=6847014794097068813&u_code=0&titleType=title", "download_url": "https://www.chanmama.com/awemeDetail/6852891764391415047", "digg_count": 7775, "digg_incr": 4767, "aweme_create_time": 1595581200, "category": 3, "volume": 8, "amount": 712}, "author": {"author_id": "59019344051", "nickname": "圣微", "follower_count": 894113}}, {"aweme": {"aweme_id": "6852895258590596367", "aweme_title": "永远不做任何人的plan B * 狮子座辣妹妆#美妆", "aweme_url": "https://www.iesdouyin.com/share/video/6852895258590596367/?region=CN&mid=6852895299609086733&u_code=0&titleType=title", "download_url": "https://www.chanmama.com/awemeDetail/6852895258590596367", "digg_count": 6059, "digg_incr": 4661, "aweme_create_time": 1595564022, "category": 3, "volume": 1, "amount": 109}, "author": {"author_id": "3847927361701227", "nickname": "氧气了没", "follower_count": 196847}}, {"aweme": {"aweme_id": "6852980530842029320", "aweme_title": "把乐乐茶涂在嘴巴上", "aweme_url": "https://www.iesdouyin.com/share/video/6852980530842029320/?region=CN&mid=6822198266282298125&u_code=0&titleType=title", "download_url": "https://www.chanmama.com/awemeDetail/6852980530842029320", "digg_count": 4969, "digg_incr": 4581, "aweme_create_time": 1595583872, "category": 3, "volume": 0, "amount": 0}, "author": {"author_id": "96177092356", "nickname": "BB", "follower_count": 156653}}, {"aweme": {"aweme_id": "6852889821262695680", "aweme_title": "好心动，丈母娘送我两只鸡回家去杀吃。又能吃白斩鸡了😂😂", "aweme_url": "https://www.iesdouyin.com/share/video/6852889821262695680/?region=CN&mid=6696753715749145356&u_code=0&titleType=title", "download_url": "https://www.chanmama.com/awemeDetail/6852889821262695680", "digg_count": 4769, "digg_incr": 4540, "aweme_create_time": 1595562751, "category": 3, "volume": 0, "amount": 0}, "author": {"author_id": "99237847566", "nickname": "马哥", "follower_count": 276248}}, {"aweme": {"aweme_id": "6852918399731764480", "aweme_title": "我已经掌握了在家“旅游”的秘诀了！#木木三攻略 #好物推荐 #泰妆", "aweme_url": "https://www.iesdouyin.com/share/video/6852918399731764480/?region=CN&mid=6852918413778537224&u_code=0&titleType=title", "download_url": "https://www.chanmama.com/awemeDetail/6852918399731764480", "digg_count": 4480, "digg_incr": 4534, "aweme_create_time": 1595599200, "category": 3, "volume": 26, "amount": 1560}, "author": {"author_id": "98534048224", "nickname": "朱彬彬", "follower_count": 866557}}, {"aweme": {"aweme_id": "6852984736751701260", "aweme_title": "一个亮晶晶水灵灵的日常妆#苹果原相机", "aweme_url": "https://www.iesdouyin.com/share/video/6852984736751701260/?region=CN&mid=6822915026266147592&u_code=0&titleType=title", "download_url": "https://www.chanmama.com/awemeDetail/6852984736751701260", "digg_count": 5155, "digg_incr": 4379, "aweme_create_time": 1595584856, "category": 3, "volume": 0, "amount": 0}, "author": {"author_id": "55162258214", "nickname": "Heal me", "follower_count": 170168}}, {"aweme": {"aweme_id": "6852863903064411406", "aweme_title": "当这个黑色粉底液打到第二层我就后悔了……", "aweme_url": "https://www.iesdouyin.com/share/video/6852863903064411406/?region=CN&mid=6852863934582491917&u_code=0&titleType=title", "download_url": "https://www.chanmama.com/awemeDetail/6852863903064411406", "digg_count": 4360, "digg_incr": 4353, "aweme_create_time": 1595563200, "category": 3, "volume": 4, "amount": 239.6}, "author": {"author_id": "101554658985", "nickname": "粥粥Choo", "follower_count": 109777}}, {"aweme": {"aweme_id": "6852881700037381383", "aweme_title": "要入高光的住手，先听我把它讲完！#双闪高光", "aweme_url": "https://www.iesdouyin.com/share/video/6852881700037381383/?region=CN&mid=6852881728323717902&u_code=0&titleType=title", "download_url": "https://www.chanmama.com/awemeDetail/6852881700037381383", "digg_count": 4074, "digg_incr": 4123, "aweme_create_time": 1595564389, "category": 3, "volume": 64, "amount": 640}, "author": {"author_id": "103314228443", "nickname": "萱草萱爷", "follower_count": 208494}}, {"aweme": {"aweme_id": "6852982626278460672", "aweme_title": "#贫民窟女孩 今天主题是关于头发！！", "aweme_url": "https://www.iesdouyin.com/share/video/6852982626278460672/?region=CN&mid=6837034088097237773&u_code=0&titleType=title", "download_url": "https://www.chanmama.com/awemeDetail/6852982626278460672", "digg_count": 6075, "digg_incr": 4014, "aweme_create_time": 1595584358, "category": 3, "volume": 0, "amount": 0}, "author": {"author_id": "68203113355", "nickname": "盐盐一点都不饿", "follower_count": 106154}}, {"aweme": {"aweme_id": "6852631953833725199", "aweme_title": "兄弟，来个敦子？", "aweme_url": "https://www.iesdouyin.com/share/video/6852631953833725199/?region=CN&mid=6852631984418851597&u_code=0&titleType=title", "download_url": "https://www.chanmama.com/awemeDetail/6852631953833725199", "digg_count": 19640, "digg_incr": 3971, "aweme_create_time": 1595584800, "category": 3, "volume": 1, "amount": 139}, "author": {"author_id": "60080810839", "nickname": "付老丝", "follower_count": 627310}}, {"aweme": {"aweme_id": "6852963901743582478", "aweme_title": "37岁老阿姨用心分享 谁看不到谁吃亏#灯泡肌", "aweme_url": "https://www.iesdouyin.com/share/video/6852963901743582478/?region=CN&mid=6852964029569944333&u_code=0&titleType=title", "download_url": "https://www.chanmama.com/awemeDetail/6852963901743582478", "digg_count": 5064, "digg_incr": 3793, "aweme_create_time": 1595580021, "category": 3, "volume": 0, "amount": 0}, "author": {"author_id": "95575622538", "nickname": "美丽的老板娘", "follower_count": 477375}}, {"aweme": {"aweme_id": "6852994587481427211", "aweme_title": "又纯又欲清新斩男绿茶妆！不用睫毛膏增强睫毛存在感的小秘密也在这里 #绿茶妆", "aweme_url": "https://www.iesdouyin.com/share/video/6852994587481427211/?region=CN&mid=6852994780256193287&u_code=0&titleType=title", "download_url": "https://www.chanmama.com/awemeDetail/6852994587481427211", "digg_count": 4757, "digg_incr": 3536, "aweme_create_time": 1595587180, "category": 3, "volume": 0, "amount": 0}, "author": {"author_id": "30434278520916", "nickname": "仇仇-qiuqiu", "follower_count": 255752}}, {"aweme": {"aweme_id": "6852885075097439501", "aweme_title": "费尽心思给你们扒的一款抗衰老 ，需get的面膜，闭眼入！#植物医生#国货", "aweme_url": "https://www.iesdouyin.com/share/video/6852885075097439501/?region=CN&mid=6852885171063065357&u_code=0&titleType=title", "download_url": "https://www.chanmama.com/awemeDetail/6852885075097439501", "digg_count": 3369, "digg_incr": 3414, "aweme_create_time": 1595585793, "category": 3, "volume": 0, "amount": 0}, "author": {"author_id": "101748969186", "nickname": "甜心小姨妈", "follower_count": 384016}}, {"aweme": {"aweme_id": "6851909805863554304", "aweme_title": "紧急高效的小迷糊补水面膜来啦，真的好用呀～#护肤#补水", "aweme_url": "https://www.iesdouyin.com/share/video/6851909805863554304/?region=CN&mid=6822551970126154503&u_code=0&titleType=title", "download_url": "https://www.chanmama.com/awemeDetail/6851909805863554304", "digg_count": 3605, "digg_incr": 3334, "aweme_create_time": 1595581200, "category": 3, "volume": 2, "amount": 179.8}, "author": {"author_id": "59878463347", "nickname": "杜大宝", "follower_count": 330900}}, {"aweme": {"aweme_id": "6852935406778993934", "aweme_title": "痘痘，黑眼圈，泛红？一支遮瑕全部搞定！#韩国 #遮瑕", "aweme_url": "https://www.iesdouyin.com/share/video/6852935406778993934/?region=CN&mid=6852935475129355016&u_code=0&titleType=title", "download_url": "https://www.chanmama.com/awemeDetail/6852935406778993934", "digg_count": 6055, "digg_incr": 3279, "aweme_create_time": 1595586600, "category": 3, "volume": 1, "amount": 89}, "author": {"author_id": "470199508672548", "nickname": "怡霖在韩国🍒", "follower_count": 388586}}, {"aweme": {"aweme_id": "6852846604815174924", "aweme_title": "#韩国人 #韩国女生 看#乘风破浪的姐姐 会是什么反应？！", "aweme_url": "https://www.iesdouyin.com/share/video/6852846604815174924/?region=CN&mid=6852846654865935117&u_code=0&titleType=title", "download_url": "https://www.chanmama.com/awemeDetail/6852846604815174924", "digg_count": 8164, "digg_incr": 3166, "aweme_create_time": 1595584708, "category": 3, "volume": 2, "amount": 156}, "author": {"author_id": "2106294889102888", "nickname": "苏家屯韩国欧巴", "follower_count": 215725}}, {"aweme": {"aweme_id": "6852861655387262221", "aweme_title": "开心就好#年龄差", "aweme_url": "https://www.iesdouyin.com/share/video/6852861655387262221/?region=CN&mid=6800667652257155854&u_code=0&titleType=title", "download_url": "https://www.chanmama.com/awemeDetail/6852861655387262221", "digg_count": 3077, "digg_incr": 2870, "aweme_create_time": 1595556194, "category": 3, "volume": 0, "amount": 0}, "author": {"author_id": "1059576897873837", "nickname": "颜一不老日记日用品", "follower_count": 202634}}, {"aweme": {"aweme_id": "6852902243729984783", "aweme_title": "我配用贵妇眼霜吗？｜年轻肌肤眼霜挑选经验分享｜眼纹886", "aweme_url": "https://www.iesdouyin.com/share/video/6852902243729984783/?region=CN&mid=6852902371400698631&u_code=0&titleType=title", "download_url": "https://www.chanmama.com/awemeDetail/6852902243729984783", "digg_count": 6826, "digg_incr": 2834, "aweme_create_time": 1595584800, "category": 3, "volume": 3, "amount": 324}, "author": {"author_id": "4146975913020891", "nickname": "刘真Eeeeee_L", "follower_count": 779870}}, {"aweme": {"aweme_id": "6852961517701254400", "aweme_title": "卡点好难～#美妆", "aweme_url": "https://www.iesdouyin.com/share/video/6852961517701254400/?region=CN&mid=6852961533577267981&u_code=0&titleType=title", "download_url": "https://www.chanmama.com/awemeDetail/6852961517701254400", "digg_count": 3762, "digg_incr": 2771, "aweme_create_time": 1595579444, "category": 3, "volume": 24, "amount": 1416}, "author": {"author_id": "93066823938", "nickname": "毕小凡i", "follower_count": 440882}}, {"aweme": {"aweme_id": "6852943407610875148", "aweme_title": "我们都是充满烟火气息的世俗人 在这喧闹嘈杂而又美好温暖的人间驻足 理想的生活不过一半诗意 一半烟火～", "aweme_url": "https://www.iesdouyin.com/share/video/6852943407610875148/?region=CN&mid=6852943468839406344&u_code=0&titleType=title", "download_url": "https://www.chanmama.com/awemeDetail/6852943407610875148", "digg_count": 3111, "digg_incr": 2671, "aweme_create_time": 1595585021, "category": 3, "volume": 9, "amount": 0}, "author": {"author_id": "111126561038", "nickname": "啊miu酱🍼", "follower_count": 239671}}, {"aweme": {"aweme_id": "6852895392359550223", "aweme_title": "干干净净の桌面，回收方便，可清洗，美甲闪粉、水晶砂の好朋友…#美甲衣橱 #爱的膜力转圈圈 #美甲 #收纳", "aweme_url": "https://www.iesdouyin.com/share/video/6852895392359550223/?region=CN&mid=6498578943831116558&u_code=0&titleType=title", "download_url": "https://www.chanmama.com/awemeDetail/6852895392359550223", "digg_count": 3350, "digg_incr": 2660, "aweme_create_time": 1595564048, "category": 3, "volume": 2, "amount": 24}, "author": {"author_id": "100217588296", "nickname": "DamonLee美甲美颜", "follower_count": 252639}}, {"aweme": {"aweme_id": "6852809723574734080", "aweme_title": "自然堂面膜69拍一发五", "aweme_url": "https://www.iesdouyin.com/share/video/6852809723574734080/?region=CN&mid=6852809674589227789&u_code=0&titleType=title", "download_url": "https://www.chanmama.com/awemeDetail/6852809723574734080", "digg_count": 2602, "digg_incr": 2556, "aweme_create_time": 1595544107, "category": 3, "volume": 0, "amount": 0}, "author": {"author_id": "184335506082248", "nickname": "老徐严选", "follower_count": 131532}}, {"aweme": {"aweme_id": "6852872438460501255", "aweme_title": "网红颈椎按摩仪不好用就砸掉！#打假 #测评 #颈椎按摩仪", "aweme_url": "https://www.iesdouyin.com/share/video/6852872438460501255/?region=CN&mid=6852872460321262344&u_code=0&titleType=title", "download_url": "https://www.chanmama.com/awemeDetail/6852872438460501255", "digg_count": 11327, "digg_incr": 2555, "aweme_create_time": 1595558705, "category": 3, "volume": 0, "amount": 0}, "author": {"author_id": "4252555486439623", "nickname": "熊老三打假测评", "follower_count": 668759}}, {"aweme": {"aweme_id": "6852910253391088910", "aweme_title": "来告诉我你喜欢的顺序排列🙈", "aweme_url": "https://www.iesdouyin.com/share/video/6852910253391088910/?region=CN&mid=6812408904887143180&u_code=0&titleType=title", "download_url": "https://www.chanmama.com/awemeDetail/6852910253391088910", "digg_count": 3132, "digg_incr": 2554, "aweme_create_time": 1595567508, "category": 3, "volume": 0, "amount": 0}, "author": {"author_id": "59176034660", "nickname": "叫我vv", "follower_count": 401059}}, {"aweme": {"aweme_id": "6852956043178298632", "aweme_title": "爱你人不会让你哭 让你哭的人 不值得在乎", "aweme_url": "https://www.iesdouyin.com/share/video/6852956043178298632/?region=CN&mid=6844837265038953223&u_code=0&titleType=title", "download_url": "https://www.chanmama.com/awemeDetail/6852956043178298632", "digg_count": 2887, "digg_incr": 2553, "aweme_create_time": 1595578171, "category": 3, "volume": 0, "amount": 0}, "author": {"author_id": "1059576897873837", "nickname": "颜一不老日记日用品", "follower_count": 202634}}, {"aweme": {"aweme_id": "6851846745740102919", "aweme_title": "把缺点当成自己的特点 会自信一点", "aweme_url": "https://www.iesdouyin.com/share/video/6851846745740102919/?region=CN&mid=6843607089181362177&u_code=0&titleType=title", "download_url": "https://www.chanmama.com/awemeDetail/6851846745740102919", "digg_count": 2949, "digg_incr": 2294, "aweme_create_time": 1595584860, "category": 3, "volume": 12, "amount": 828}, "author": {"author_id": "59072087253", "nickname": "7.", "follower_count": 275155}}, {"aweme": {"aweme_id": "6852981177305943308", "aweme_title": "全家都可以用的搓澡海绵，又干净又舒服#搓澡 #你好火星", "aweme_url": "https://www.iesdouyin.com/share/video/6852981177305943308/?region=CN&mid=6852981209033476877&u_code=432e858fmk8j&titleType=title", "download_url": "https://www.chanmama.com/awemeDetail/6852981177305943308", "digg_count": 2420, "digg_incr": 2256, "aweme_create_time": 1595584027, "category": 3, "volume": 0, "amount": 0}, "author": {"author_id": "3702783902748439", "nickname": "土豪好物", "follower_count": 188030}}, {"aweme": {"aweme_id": "6852968984900390158", "aweme_title": "牙刷选的好，换牙换的早#客服  #搞笑  #电动牙刷 #爱牙护牙  #抖音小助手", "aweme_url": "https://www.iesdouyin.com/share/video/6852968984900390158/?region=CN&mid=6852969091796699911&u_code=0&titleType=title", "download_url": "https://www.chanmama.com/awemeDetail/6852968984900390158", "digg_count": 14326, "digg_incr": 2256, "aweme_create_time": 1595581203, "category": 3, "volume": 1, "amount": 189}, "author": {"author_id": "2405360694722728", "nickname": "刘青山", "follower_count": 716147}}, {"aweme": {"aweme_id": "6852898168971988239", "aweme_title": "爱得少一点 爱的久一点#防晒 #好物推荐", "aweme_url": "https://www.iesdouyin.com/share/video/6852898168971988239/?region=CN&mid=6852898192317909768&u_code=0&titleType=title", "download_url": "https://www.chanmama.com/awemeDetail/6852898168971988239", "digg_count": 2661, "digg_incr": 2203, "aweme_create_time": 1595584800, "category": 3, "volume": 0, "amount": 0}, "author": {"author_id": "83882908891", "nickname": "几米（今晚22:00直播）", "follower_count": 158787}}, {"aweme": {"aweme_id": "6852950134184004879", "aweme_title": "姑娘，一定不要忘记在你最落魄无助的时候，拉你一把的那个人，她才是你这一生最值得牵挂的人#唇妆@小蝴蝶1💄", "aweme_url": "https://www.iesdouyin.com/share/video/6852950134184004879/?region=CN&mid=6588348984958389000&u_code=0&titleType=title", "download_url": "https://www.chanmama.com/awemeDetail/6852950134184004879", "digg_count": 2418, "digg_incr": 2174, "aweme_create_time": 1595576793, "category": 3, "volume": 0, "amount": 0}, "author": {"author_id": "54497561337", "nickname": "小蝴蝶", "follower_count": 303177}}, {"aweme": {"aweme_id": "6852964840189775116", "aweme_title": "水润和遮瑕版的气垫我都用啦～水润版这个用了可以伪素颜出门啦～", "aweme_url": "https://www.iesdouyin.com/share/video/6852964840189775116/?region=CN&mid=6852964914110483208&u_code=0&titleType=title", "download_url": "https://www.chanmama.com/awemeDetail/6852964840189775116", "digg_count": 2533, "digg_incr": 2163, "aweme_create_time": 1595590158, "category": 3, "volume": 2, "amount": 278}, "author": {"author_id": "63259638916", "nickname": "小石榴的好物分享", "follower_count": 955301}}, {"aweme": {"aweme_id": "6852933853678472452", "aweme_title": "电动牙刷现在这么火！但它真的有用吗？#电动牙刷 #科普 @抖音小助手", "aweme_url": "https://www.iesdouyin.com/share/video/6852933853678472452/?region=CN&mid=6852934123531537159&u_code=0&titleType=title", "download_url": "https://www.chanmama.com/awemeDetail/6852933853678472452", "digg_count": 2147, "digg_incr": 2085, "aweme_create_time": 1595581321, "category": 3, "volume": 1, "amount": 269}, "author": {"author_id": "105429898563", "nickname": "鱼蛋测评", "follower_count": 186112}}, {"aweme": {"aweme_id": "6852679862738537736", "aweme_title": "和我一起秒变超甜女孩～", "aweme_url": "https://www.iesdouyin.com/share/video/6852679862738537736/?region=CN&mid=6852679890966285070&u_code=0&titleType=title", "download_url": "https://www.chanmama.com/awemeDetail/6852679862738537736", "digg_count": 2067, "digg_incr": 2070, "aweme_create_time": 1595581200, "category": 3, "volume": 0, "amount": 0}, "author": {"author_id": "57619845837", "nickname": "然呀然", "follower_count": 201634}}, {"aweme": {"aweme_id": "6852947685314497807", "aweme_title": "#家有仙猫  拯救阁下牙齿健康 智能AI义不容辞 但是手机壳别想！！", "aweme_url": "https://www.iesdouyin.com/share/video/6852947685314497807/?region=CN&mid=6852947704394353421&u_code=0&titleType=title", "download_url": "https://www.chanmama.com/awemeDetail/6852947685314497807", "digg_count": 3508, "digg_incr": 2060, "aweme_create_time": 1595587740, "category": 3, "volume": 0, "amount": 0}, "author": {"author_id": "58684086922", "nickname": "白小仙", "follower_count": 408928}}, {"aweme": {"aweme_id": "6852974482961747213", "aweme_title": "怎么硕呢！真的爱了！！中国风也是可以很时尚的！#花西子雕花口红 #唐装 #唐装也可以很时尚", "aweme_url": "https://www.iesdouyin.com/share/video/6852974482961747213/?region=CN&mid=6852974516612664077&u_code=0&titleType=title", "download_url": "https://www.chanmama.com/awemeDetail/6852974482961747213", "digg_count": 3151, "digg_incr": 2046, "aweme_create_time": 1595591242, "category": 3, "volume": 0, "amount": 0}, "author": {"author_id": "110556133609", "nickname": "壹苇轩", "follower_count": 850676}}, {"aweme": {"aweme_id": "6852973373627190543", "aweme_title": "多亏老板的两个耳光治好了我的并#街遛子", "aweme_url": "https://www.iesdouyin.com/share/video/6852973373627190543/?region=CN&mid=6852973390572161800&u_code=0&titleType=title", "download_url": "https://www.chanmama.com/awemeDetail/6852973373627190543", "digg_count": 2394, "digg_incr": 2013, "aweme_create_time": 1595582205, "category": 3, "volume": 0, "amount": 0}, "author": {"author_id": "184335506082248", "nickname": "老徐严选", "follower_count": 131532}}, {"aweme": {"aweme_id": "6852882955585473792", "aweme_title": "小李のVLOG｜震精！小猫咪竟然对我做出这种事！#vlog日常", "aweme_url": "https://www.iesdouyin.com/share/video/6852882955585473792/?region=CN&mid=6852882977169378055&u_code=0&titleType=title", "download_url": "https://www.chanmama.com/awemeDetail/6852882955585473792", "digg_count": 2230, "digg_incr": 1994, "aweme_create_time": 1595584800, "category": 3, "volume": 2, "amount": 178}, "author": {"author_id": "94891152957", "nickname": "我超爱吃烤鸭的", "follower_count": 375450}}, {"aweme": {"aweme_id": "6853044779912039694", "aweme_title": "@阔喵🐱狂躁开箱发了一个抖音短视频，你尽管点开，不好看算我输！", "aweme_url": "https://www.iesdouyin.com/share/video/6853044779912039694/?region=CN&mid=6853044808236944135&u_code=3g7mc2761c4f&titleType=", "download_url": "https://www.chanmama.com/awemeDetail/6853044779912039694", "digg_count": 2238, "digg_incr": 1966, "aweme_create_time": 1595598830, "category": 3, "volume": 41, "amount": 323.90000000000003}, "author": {"author_id": "103378630943", "nickname": "阔喵🐱狂躁开箱", "follower_count": 690696}}, {"aweme": {"aweme_id": "6852919187707333892", "aweme_title": "陕西方言，纹身后遇到的尴尬事#西安方言 #西安纹身 @抖音小助手", "aweme_url": "https://www.iesdouyin.com/share/video/6852919187707333892/?region=CN&mid=6852919273740946189&u_code=0&titleType=title", "download_url": "https://www.chanmama.com/awemeDetail/6852919187707333892", "digg_count": 3072, "digg_incr": 1960, "aweme_create_time": 1595569594, "category": 3, "volume": 0, "amount": 0}, "author": {"author_id": "857265649224196", "nickname": "芈", "follower_count": 112526}}, {"aweme": {"aweme_id": "6852894001813540111", "aweme_title": "留意身边人的每个细节，适当的关心，会让她们更加si心踏地。#rever #运动", "aweme_url": "https://www.iesdouyin.com/share/video/6852894001813540111/?region=CN&mid=6852894034202037006&u_code=0&titleType=title", "download_url": "https://www.chanmama.com/awemeDetail/6852894001813540111", "digg_count": 3926, "digg_incr": 1935, "aweme_create_time": 1595579400, "category": 3, "volume": 7, "amount": 1036}, "author": {"author_id": "3021100959146600", "nickname": "嘉姐来了", "follower_count": 290272}}, {"aweme": {"aweme_id": "6852860253487320334", "aweme_title": "@丹教瘦发了一个抖音短视频，你尽管点开，不好看算我输！", "aweme_url": "https://www.iesdouyin.com/share/video/6852860253487320334/?region=CN&mid=6852860265650752269&u_code=0&titleType=", "download_url": "https://www.chanmama.com/awemeDetail/6852860253487320334", "digg_count": 1998, "digg_incr": 1932, "aweme_create_time": 1595555868, "category": 3, "volume": 3, "amount": 110.69999999999999}, "author": {"author_id": "111430669733", "nickname": "丹教瘦", "follower_count": 826215}}, {"aweme": {"aweme_id": "6852859088729165069", "aweme_title": "#vlog日常 已经放假多久了呀/    @抖音小助手", "aweme_url": "https://www.iesdouyin.com/share/video/6852859088729165069/?region=CN&mid=6852859171654699784&u_code=0&titleType=title", "download_url": "https://www.chanmama.com/awemeDetail/6852859088729165069", "digg_count": 2417, "digg_incr": 1900, "aweme_create_time": 1595583420, "category": 3, "volume": 3, "amount": 179.7}, "author": {"author_id": "4006268254563960", "nickname": "油油娜酱", "follower_count": 113363}}, {"aweme": {"aweme_id": "6852927143706463488", "aweme_title": "blackpink防妆来啦#眼影#智秀 #jisoo #妆容分享", "aweme_url": "https://www.iesdouyin.com/share/video/6852927143706463488/?region=CN&mid=6852927160034790152&u_code=0&titleType=title", "download_url": "https://www.chanmama.com/awemeDetail/6852927143706463488", "digg_count": 3029, "digg_incr": 1882, "aweme_create_time": 1595585042, "category": 3, "volume": 0, "amount": 0}, "author": {"author_id": "96106298622", "nickname": "是于十二", "follower_count": 181876}}, {"aweme": {"aweme_id": "6852988756148964608", "aweme_title": "我又消失了好几天了哈哈哈哈 想我了没#分享爱用物 #少女心好物 @抖音小助手", "aweme_url": "https://www.iesdouyin.com/share/video/6852988756148964608/?region=CN&mid=6729375372342725383&u_code=0&titleType=title", "download_url": "https://www.chanmama.com/awemeDetail/6852988756148964608", "digg_count": 3403, "digg_incr": 1863, "aweme_create_time": 1595585786, "category": 3, "volume": 2, "amount": 19.6}, "author": {"author_id": "65281971768", "nickname": "是你的梁心呀", "follower_count": 442161}}, {"aweme": {"aweme_id": "6852855017557314816", "aweme_title": "#喝彩变身 #你好火星 #美甲控", "aweme_url": "https://www.iesdouyin.com/share/video/6852855017557314816/?region=CN&mid=6848535534982892301&u_code=0&titleType=title", "download_url": "https://www.chanmama.com/awemeDetail/6852855017557314816", "digg_count": 2283, "digg_incr": 1858, "aweme_create_time": 1595554648, "category": 3, "volume": 0, "amount": 0}, "author": {"author_id": "66211641183", "nickname": "哈西服装城明明美甲店", "follower_count": 276378}}, {"aweme": {"aweme_id": "6852892087424158983", "aweme_title": "你知道古代的洗面奶长啥样吗？#仿妆 #青蛇 @DOU+小助手", "aweme_url": "https://www.iesdouyin.com/share/video/6852892087424158983/?region=CN&mid=6852892150510996238&u_code=0&titleType=title", "download_url": "https://www.chanmama.com/awemeDetail/6852892087424158983", "digg_count": 2005, "digg_incr": 1832, "aweme_create_time": 1595563287, "category": 3, "volume": 0, "amount": 0}, "author": {"author_id": "92505311933", "nickname": "水母的小可爱", "follower_count": 396527}}, {"aweme": {"aweme_id": "6852938020174236941", "aweme_title": "本甲琉璃教程来喽🥰时间有限需要更完整的宝宝可以点首页商品橱窗进去问客服😂#美甲@抖音小助手", "aweme_url": "https://www.iesdouyin.com/share/video/6852938020174236941/?region=CN&mid=6454720900301982477&u_code=0&titleType=title", "download_url": "https://www.chanmama.com/awemeDetail/6852938020174236941", "digg_count": 3139, "digg_incr": 1830, "aweme_create_time": 1595573974, "category": 3, "volume": 0, "amount": 0}, "author": {"author_id": "52261440678", "nickname": "美东美甲工作室", "follower_count": 180652}}, {"aweme": {"aweme_id": "6852869315675426052", "aweme_title": "牙刷还是电动牙刷刷的干净，原来我也是没刷过牙嘛！#涨知识 #dou出新知 #好物推荐 #好物分享", "aweme_url": "https://www.iesdouyin.com/share/video/6852869315675426052/?region=CN&mid=6852869346742586126&u_code=0&titleType=title", "download_url": "https://www.chanmama.com/awemeDetail/6852869315675426052", "digg_count": 2063, "digg_incr": 1816, "aweme_create_time": 1595557983, "category": 3, "volume": 3, "amount": 114}, "author": {"author_id": "958400419084311", "nickname": "动物巴士", "follower_count": 434992}}, {"aweme": {"aweme_id": "6853002050272316685", "aweme_title": "#健康 #拉进世界一瞬傾心 #你在焦点在 #云上大课堂 @抖音小助手", "aweme_url": "https://www.iesdouyin.com/share/video/6853002050272316685/?region=CN&mid=6853002054366022407&u_code=0&titleType=title", "download_url": "https://www.chanmama.com/awemeDetail/6853002050272316685", "digg_count": 1774, "digg_incr": 1718, "aweme_create_time": 1595588882, "category": 3, "volume": 0, "amount": 0}, "author": {"author_id": "75012932744", "nickname": "高姐护肤", "follower_count": 702776}}, {"aweme": {"aweme_id": "6852982763621010701", "aweme_title": "#开箱vlog 说几个你百喝不厌的奶茶吧～@DOU+小助手", "aweme_url": "https://www.iesdouyin.com/share/video/6852982763621010701/?region=CN&mid=6845575489545849608&u_code=0&titleType=title", "download_url": "https://www.chanmama.com/awemeDetail/6852982763621010701", "digg_count": 1888, "digg_incr": 1690, "aweme_create_time": 1595584391, "category": 3, "volume": 0, "amount": 0}, "author": {"author_id": "100713002892", "nickname": "你头发乱了喔", "follower_count": 169262}}, {"aweme": {"aweme_id": "6853035092147834116", "aweme_title": "你们有没遇到和我一样的问题@DOU+小助手", "aweme_url": "https://www.iesdouyin.com/share/video/6853035092147834116/?region=CN&mid=6853035129821022983&u_code=0&titleType=title", "download_url": "https://www.chanmama.com/awemeDetail/6853035092147834116", "digg_count": 1629, "digg_incr": 1604, "aweme_create_time": 1595596577, "category": 3, "volume": 9, "amount": 531}, "author": {"author_id": "184335506082248", "nickname": "老徐严选", "follower_count": 131532}}, {"aweme": {"aweme_id": "6852959387380616459", "aweme_title": "你们平时也是根据粉底液质地来选择上妆手法吗？ #底妆  #粉扑  #美妆", "aweme_url": "https://www.iesdouyin.com/share/video/6852959387380616459/?region=CN&mid=6852959620533701389&u_code=0&titleType=title", "download_url": "https://www.chanmama.com/awemeDetail/6852959387380616459", "digg_count": 2655, "digg_incr": 1533, "aweme_create_time": 1595588728, "category": 3, "volume": 27, "amount": 672.3}, "author": {"author_id": "95659858337", "nickname": "🚀小火箭", "follower_count": 568664}}, {"aweme": {"aweme_id": "6852935725776719104", "aweme_title": "我又把君君抓过来做模特了😜#汉服 #变美新浪潮", "aweme_url": "https://www.iesdouyin.com/share/video/6852935725776719104/?region=CN&mid=6847380077819201544&u_code=0&titleType=title", "download_url": "https://www.chanmama.com/awemeDetail/6852935725776719104", "digg_count": 2122, "digg_incr": 1500, "aweme_create_time": 1595573439, "category": 3, "volume": 6, "amount": 0}, "author": {"author_id": "74280738438", "nickname": "化妆师~刘安琪🎀", "follower_count": 583394}}, {"aweme": {"aweme_id": "6852964918191262990", "aweme_title": "任何甲片都可以脱模的快速#美甲延长教程 无论任何形状都可以轻松搞定，无需纸托#美甲延长#快速延长", "aweme_url": "https://www.iesdouyin.com/share/video/6852964918191262990/?region=CN&mid=6852964958926310158&u_code=0&titleType=title", "download_url": "https://www.chanmama.com/awemeDetail/6852964918191262990", "digg_count": 1974, "digg_incr": 1482, "aweme_create_time": 1595580237, "category": 3, "volume": 7, "amount": 138.6}, "author": {"author_id": "59470050022", "nickname": "欧琳汀美甲", "follower_count": 323697}}, {"aweme": {"aweme_id": "6852894175134878979", "aweme_title": "现在的化妆品都怎么了，脑洞这么大？#散粉 #定妆", "aweme_url": "https://www.iesdouyin.com/share/video/6852894175134878979/?region=CN&mid=6852894227173591816&u_code=0&titleType=title", "download_url": "https://www.chanmama.com/awemeDetail/6852894175134878979", "digg_count": 1627, "digg_incr": 1481, "aweme_create_time": 1595581200, "category": 3, "volume": 0, "amount": 0}, "author": {"author_id": "96923374582", "nickname": "邹新新", "follower_count": 405091}}, {"aweme": {"aweme_id": "6852944362041609472", "aweme_title": "啦啦啦啦，小卤蛋又来啦？累并开心着！#卸妆", "aweme_url": "https://www.iesdouyin.com/share/video/6852944362041609472/?region=CN&mid=6852944392832027400&u_code=0&titleType=title", "download_url": "https://www.chanmama.com/awemeDetail/6852944362041609472", "digg_count": 1694, "digg_incr": 1456, "aweme_create_time": 1595590200, "category": 3, "volume": 0, "amount": 0}, "author": {"author_id": "54680996351", "nickname": "李予诺小号", "follower_count": 203257}}, {"aweme": {"aweme_id": "6853001682335419663", "aweme_title": "高低整两句来听听", "aweme_url": "https://www.iesdouyin.com/share/video/6853001682335419663/?region=CN&mid=6833317896236632845&u_code=0&titleType=title", "download_url": "https://www.chanmama.com/awemeDetail/6853001682335419663", "digg_count": 1976, "digg_incr": 1455, "aweme_create_time": 1595588795, "category": 3, "volume": 7, "amount": 343}, "author": {"author_id": "85451197733", "nickname": "小鹿Buck", "follower_count": 415328}}, {"aweme": {"aweme_id": "6852991477346258179", "aweme_title": "#贫民窟女孩 的平价爱用物分享                     #眼妆 #单眼皮", "aweme_url": "https://www.iesdouyin.com/share/video/6852991477346258179/?region=CN&mid=6841806909461252104&u_code=0&titleType=title", "download_url": "https://www.chanmama.com/awemeDetail/6852991477346258179", "digg_count": 2021, "digg_incr": 1400, "aweme_create_time": 1595586424, "category": 3, "volume": 2, "amount": 78}, "author": {"author_id": "63342319185", "nickname": "维C", "follower_count": 231588}}, {"aweme": {"aweme_id": "6852747281104506120", "aweme_title": "一款让梳子和发胶颤抖的碎发整理器，以后再也不用顶着一头炸毛出门了，开心。", "aweme_url": "https://www.iesdouyin.com/share/video/6852747281104506120/?region=CN&mid=6852748336730999559&u_code=0&titleType=title", "download_url": "https://www.chanmama.com/awemeDetail/6852747281104506120", "digg_count": 1582, "digg_incr": 1356, "aweme_create_time": 1595551500, "category": 3, "volume": 0, "amount": 0}, "author": {"author_id": "87266761345", "nickname": "哈哈娃哈哈", "follower_count": 428177}}, {"aweme": {"aweme_id": "6852625686528576781", "aweme_title": "为什么有人吃饭会吃出石头？要小心，这可能是你的牙结石 #科普  #轻知识计划", "aweme_url": "https://www.iesdouyin.com/share/video/6852625686528576781/?region=CN&mid=6852625991458982670&u_code=0&titleType=title", "download_url": "https://www.chanmama.com/awemeDetail/6852625686528576781", "digg_count": 7011, "digg_incr": 1354, "aweme_create_time": 1595583000, "category": 3, "volume": 5, "amount": 1395}, "author": {"author_id": "4410832793382955", "nickname": "知趣·科普", "follower_count": 669898}}, {"aweme": {"aweme_id": "6852982030263749895", "aweme_title": "教大家快速学会弹吉他 你学废了吗@抖音小助手 #搞笑 #江小白混饮", "aweme_url": "https://www.iesdouyin.com/share/video/6852982030263749895/?region=CN&mid=6852982051168504590&u_code=0&titleType=title", "download_url": "https://www.chanmama.com/awemeDetail/6852982030263749895", "digg_count": 1667, "digg_incr": 1354, "aweme_create_time": 1595584221, "category": 3, "volume": 0, "amount": 0}, "author": {"author_id": "87635199761", "nickname": "江小白", "follower_count": 279398}}, {"aweme": {"aweme_id": "6852557785008295176", "aweme_title": "这两支颜色给我原地出道好嘛！！#哑光唇釉", "aweme_url": "https://www.iesdouyin.com/share/video/6852557785008295176/?region=CN&mid=6852557810346298125&u_code=0&titleType=title", "download_url": "https://www.chanmama.com/awemeDetail/6852557785008295176", "digg_count": 3389, "digg_incr": 1345, "aweme_create_time": 1595584800, "category": 3, "volume": 4, "amount": 196}, "author": {"author_id": "59827310627", "nickname": "辣辣的敏敏", "follower_count": 481736}}, {"aweme": {"aweme_id": "6852993061748870415", "aweme_title": "油画棒一样的眼线胶笔 对新手也太友好了叭! #眼线笔 @DOU+小助手", "aweme_url": "https://www.iesdouyin.com/share/video/6852993061748870415/?region=CN&mid=6767706129389898508&u_code=0&titleType=title", "download_url": "https://www.chanmama.com/awemeDetail/6852993061748870415", "digg_count": 1371, "digg_incr": 1316, "aweme_create_time": 1595586788, "category": 3, "volume": 0, "amount": 0}, "author": {"author_id": "85792623242", "nickname": "NIANAN.", "follower_count": 160492}}, {"aweme": {"aweme_id": "6852974989163973888", "aweme_title": "这个妆看起来很有钱的样子，就叫《看起来很有钱妆》吧", "aweme_url": "https://www.iesdouyin.com/share/video/6852974989163973888/?region=CN&mid=6547853203105385230&u_code=0&titleType=title", "download_url": "https://www.chanmama.com/awemeDetail/6852974989163973888", "digg_count": 1515, "digg_incr": 1291, "aweme_create_time": 1595582580, "category": 3, "volume": 0, "amount": 0}, "author": {"author_id": "69451984725", "nickname": "我快秃了", "follower_count": 144471}}, {"aweme": {"aweme_id": "6852991692916772104", "aweme_title": "买的时候不要，吃的时候比谁都吃的多！你们身边是不是也有这样子的人！", "aweme_url": "https://www.iesdouyin.com/share/video/6852991692916772104/?region=CN&mid=6852991816648690446&u_code=0&titleType=title", "download_url": "https://www.chanmama.com/awemeDetail/6852991692916772104", "digg_count": 2462, "digg_incr": 1281, "aweme_create_time": 1595586490, "category": 3, "volume": 2, "amount": 99.8}, "author": {"author_id": "103965463202", "nickname": "江梦梦", "follower_count": 352439}}, {"aweme": {"aweme_id": "6852890921709735171", "aweme_title": "让我们来看看刚拿到手的#usmile电动牙刷 实物买家秀到底是什么样的？", "aweme_url": "https://www.iesdouyin.com/share/video/6852890921709735171/?region=CN&mid=6852891069810608910&u_code=0&titleType=title", "download_url": "https://www.chanmama.com/awemeDetail/6852890921709735171", "digg_count": 1522, "digg_incr": 1271, "aweme_create_time": 1595563037, "category": 3, "volume": 9, "amount": 1791}, "author": {"author_id": "4019418885007104", "nickname": "深夜剁手少女_", "follower_count": 175016}}, {"aweme": {"aweme_id": "6852914778059312398", "aweme_title": "帅气小哥挑战恐怖箱被吓到腿软 #挑战  #街访  @DOU+小助手", "aweme_url": "https://www.iesdouyin.com/share/video/6852914778059312398/?region=CN&mid=6852915082276834055&u_code=0&titleType=title", "download_url": "https://www.chanmama.com/awemeDetail/6852914778059312398", "digg_count": 1707, "digg_incr": 1265, "aweme_create_time": 1595584922, "category": 3, "volume": 0, "amount": 0}, "author": {"author_id": "3900692712928891", "nickname": "爆改突击队", "follower_count": 580094}}, {"aweme": {"aweme_id": "6852901190238293252", "aweme_title": "#你品你细品", "aweme_url": "https://www.iesdouyin.com/share/video/6852901190238293252/?region=CN&mid=6852901254704810759&u_code=0&titleType=title", "download_url": "https://www.chanmama.com/awemeDetail/6852901190238293252", "digg_count": 1600, "digg_incr": 1259, "aweme_create_time": 1595565403, "category": 3, "volume": 0, "amount": 0}, "author": {"author_id": "94975508912", "nickname": "正能量、大海", "follower_count": 480813}}, {"aweme": {"aweme_id": "6852980185654938888", "aweme_title": "与落日相融的出游妆容|圆脸显瘦腮红打法", "aweme_url": "https://www.iesdouyin.com/share/video/6852980185654938888/?region=CN&mid=6852980301346736909&u_code=0&titleType=title", "download_url": "https://www.chanmama.com/awemeDetail/6852980185654938888", "digg_count": 1741, "digg_incr": 1258, "aweme_create_time": 1595583809, "category": 3, "volume": 15, "amount": 1335}, "author": {"author_id": "102148028234", "nickname": "雨bobo波❤️", "follower_count": 547817}}, {"aweme": {"aweme_id": "6852904641928137999", "aweme_title": "魑魅的妆容教程，遮瑕教程下期见#小金筷 #变身奥义", "aweme_url": "https://www.iesdouyin.com/share/video/6852904641928137999/?region=CN&mid=6852904680289307399&u_code=0&titleType=title", "download_url": "https://www.chanmama.com/awemeDetail/6852904641928137999", "digg_count": 1781, "digg_incr": 1243, "aweme_create_time": 1595566201, "category": 3, "volume": 33, "amount": 1782}, "author": {"author_id": "61135162280", "nickname": "MAJOONE", "follower_count": 322891}}, {"aweme": {"aweme_id": "6852884929206832388", "aweme_title": "二天二夜开了3600公里，牙没刷脸没洗，罚了22分，尿了12次😂😂#皮肤管理 #海藻加维e淡斑抗衰老", "aweme_url": "https://www.iesdouyin.com/share/video/6852884929206832388/?region=CN&mid=6762861171114232580&u_code=0&titleType=title", "download_url": "https://www.chanmama.com/awemeDetail/6852884929206832388", "digg_count": 1364, "digg_incr": 1206, "aweme_create_time": 1595561617, "category": 3, "volume": 1, "amount": 90}, "author": {"author_id": "101751032659", "nickname": "风雨彩虹🌈（美缇柔化妆品有限公司）", "follower_count": 308300}}, {"aweme": {"aweme_id": "6852785947340295437", "aweme_title": "现代式的部分家庭现状，父亲应该是榜样才对而不是虐待着，哪个才是真正的男人？能否给影帝小男人一赞？#小男人", "aweme_url": "https://www.iesdouyin.com/share/video/6852785947340295437/?region=CN&mid=6852785966181059336&u_code=e9jhlbda7k8&titleType=title", "download_url": "https://www.chanmama.com/awemeDetail/6852785947340295437", "digg_count": 2457, "digg_incr": 1189, "aweme_create_time": 1595538608, "category": 3, "volume": 0, "amount": 0}, "author": {"author_id": "62946079402", "nickname": "欧盟居留", "follower_count": 243675}}, {"aweme": {"aweme_id": "6853001333964901645", "aweme_title": "还未上市的极简彩妆试色，曝光了🤣🤣🤣#好物推荐 #黎蓓露极简护肤@DOU+小助手", "aweme_url": "https://www.iesdouyin.com/share/video/6853001333964901645/?region=CN&mid=6724823522025278220&u_code=0&titleType=title", "download_url": "https://www.chanmama.com/awemeDetail/6853001333964901645", "digg_count": 3377, "digg_incr": 1188, "aweme_create_time": 1595588715, "category": 3, "volume": 0, "amount": 0}, "author": {"author_id": "104799492083", "nickname": "黎蓓露国际美妆", "follower_count": 261830}}, {"aweme": {"aweme_id": "6852171319220456717", "aweme_title": "看得见的修容分享", "aweme_url": "https://www.iesdouyin.com/share/video/6852171319220456717/?region=CN&mid=6852171431044811534&u_code=0&titleType=title", "download_url": "https://www.chanmama.com/awemeDetail/6852171319220456717", "digg_count": 1533, "digg_incr": 1188, "aweme_create_time": 1595563200, "category": 3, "volume": 12, "amount": 2148}, "author": {"author_id": "12819962020907", "nickname": "Lalla香香", "follower_count": 551803}}, {"aweme": {"aweme_id": "6852985971991006479", "aweme_title": "你要的平价洁面来咯～～#洗卸二合一洁面乳", "aweme_url": "https://www.iesdouyin.com/share/video/6852985971991006479/?region=CN&mid=6698645660691974919&u_code=0&titleType=title", "download_url": "https://www.chanmama.com/awemeDetail/6852985971991006479", "digg_count": 1317, "digg_incr": 1185, "aweme_create_time": 1595585138, "category": 3, "volume": 41, "amount": 2045.8999999999999}, "author": {"author_id": "382239111651923", "nickname": "zZ元气酱", "follower_count": 110587}}, {"aweme": {"aweme_id": "6852937623732768011", "aweme_title": "#vlog日常  @DOU+小助手别让平淡的生活耗尽你所有对美好的向往！", "aweme_url": "https://www.iesdouyin.com/share/video/6852937623732768011/?region=CN&mid=6852937830054824712&u_code=0&titleType=title", "download_url": "https://www.chanmama.com/awemeDetail/6852937623732768011", "digg_count": 1384, "digg_incr": 1170, "aweme_create_time": 1595584814, "category": 3, "volume": 13, "amount": 1274}, "author": {"author_id": "4217325826353543", "nickname": "大瑶✨", "follower_count": 223166}}, {"aweme": {"aweme_id": "6852786908263763214", "aweme_title": "#农民苦 #农民难 #关爱农民 #抖音热门", "aweme_url": "https://www.iesdouyin.com/share/video/6852786908263763214/?region=CN&mid=6851484543187274510&u_code=0&titleType=title", "download_url": "https://www.chanmama.com/awemeDetail/6852786908263763214", "digg_count": 1162, "digg_incr": 1137, "aweme_create_time": 1595538830, "category": 3, "volume": 0, "amount": 0}, "author": {"author_id": "104250061990", "nickname": "好人一生平安", "follower_count": 891060}}, {"aweme": {"aweme_id": "6852967379304058125", "aweme_title": "如果你还在寻找一款属于自己的发型关注，我可以帮你免费设计款哦#木马卷￼￼", "aweme_url": "https://www.iesdouyin.com/share/video/6852967379304058125/?region=CN&mid=6691380634964806408&u_code=0&titleType=title", "download_url": "https://www.chanmama.com/awemeDetail/6852967379304058125", "digg_count": 1633, "digg_incr": 1132, "aweme_create_time": 1595580810, "category": 3, "volume": 0, "amount": 0}, "author": {"author_id": "103224195639", "nickname": "金恩日用品", "follower_count": 859651}}, {"aweme": {"aweme_id": "6852956939526130952", "aweme_title": "是榴莲太好吃，还是小助理太好吃😠😠😠#金枕榴莲", "aweme_url": "https://www.iesdouyin.com/share/video/6852956939526130952/?region=CN&mid=6852956974137953032&u_code=0&titleType=title", "download_url": "https://www.chanmama.com/awemeDetail/6852956939526130952", "digg_count": 1235, "digg_incr": 1118, "aweme_create_time": 1595578379, "category": 3, "volume": 0, "amount": 0}, "author": {"author_id": "87078001132", "nickname": "傻丫头", "follower_count": 300822}}, {"aweme": {"aweme_id": "6852892467100978436", "aweme_title": "简约低调且不失内涵的#usmile电动牙刷 终于是降价了", "aweme_url": "https://www.iesdouyin.com/share/video/6852892467100978436/?region=CN&mid=6852892648873708301&u_code=0&titleType=title", "download_url": "https://www.chanmama.com/awemeDetail/6852892467100978436", "digg_count": 1105, "digg_incr": 1105, "aweme_create_time": 1595563404, "category": 3, "volume": 3, "amount": 537}, "author": {"author_id": "817630554888765", "nickname": "kiki爱分享", "follower_count": 101084}}, {"aweme": {"aweme_id": "6852958722617052430", "aweme_title": "有木有和我一样被P了的！原版用起来还是很可以的哇~ #精致女孩  #护肤", "aweme_url": "https://www.iesdouyin.com/share/video/6852958722617052430/?region=CN&mid=6852958852586343176&u_code=0&titleType=title", "download_url": "https://www.chanmama.com/awemeDetail/6852958722617052430", "digg_count": 1211, "digg_incr": 1091, "aweme_create_time": 1595587200, "category": 3, "volume": 0, "amount": 0}, "author": {"author_id": "98253470445", "nickname": "貓口販賣家", "follower_count": 188681}}, {"aweme": {"aweme_id": "6852899127131491597", "aweme_title": "很多人长痘是护理方式不对 才会脸越来越严重 控油才是祛痘有效的方法之一哦", "aweme_url": "https://www.iesdouyin.com/share/video/6852899127131491597/?region=CN&mid=6852899630444120840&u_code=0&titleType=title", "download_url": "https://www.chanmama.com/awemeDetail/6852899127131491597", "digg_count": 1182, "digg_incr": 1077, "aweme_create_time": 1595582832, "category": 3, "volume": 15, "amount": 2520}, "author": {"author_id": "97958991141", "nickname": "巨大梁梁Isaac", "follower_count": 652347}}, {"aweme": {"aweme_id": "6852992019149688079", "aweme_title": "居家必备的奥佳华按摩神器来啦！终于解放双手了！", "aweme_url": "https://www.iesdouyin.com/share/video/6852992019149688079/?region=CN&mid=6852992057766955783&u_code=0&titleType=title", "download_url": "https://www.chanmama.com/awemeDetail/6852992019149688079", "digg_count": 1043, "digg_incr": 1073, "aweme_create_time": 1595586545, "category": 3, "volume": 0, "amount": 0}, "author": {"author_id": "102994268459", "nickname": "锦江区吴彦祖", "follower_count": 610039}}, {"aweme": {"aweme_id": "6852807277498486023", "aweme_title": "@p图大先生发了一个抖音短视频，你尽管点开，不好看算我输！", "aweme_url": "https://www.iesdouyin.com/share/video/6852807277498486023/?region=CN&mid=6852807467509041927&u_code=0&titleType=", "download_url": "https://www.chanmama.com/awemeDetail/6852807277498486023", "digg_count": 1213, "digg_incr": 1062, "aweme_create_time": 1595543564, "category": 3, "volume": 0, "amount": 0}, "author": {"author_id": "4503660088422801", "nickname": "p图大先生", "follower_count": 150939}}, {"aweme": {"aweme_id": "6852971427033844992", "aweme_title": "夏天定妆神器#散粉#小奥汀", "aweme_url": "https://www.iesdouyin.com/share/video/6852971427033844992/?region=CN&mid=6852971454670179086&u_code=0&titleType=title", "download_url": "https://www.chanmama.com/awemeDetail/6852971427033844992", "digg_count": 1010, "digg_incr": 1061, "aweme_create_time": 1595581751, "category": 3, "volume": 0, "amount": 0}, "author": {"author_id": "65902039537", "nickname": "HeKeYi", "follower_count": 207461}}, {"aweme": {"aweme_id": "6852971018848357632", "aweme_title": "#热门 #清洁毛孔", "aweme_url": "https://www.iesdouyin.com/share/video/6852971018848357632/?region=CN&mid=6852971093352008456&u_code=2akd6hei1l0b&titleType=title", "download_url": "https://www.chanmama.com/awemeDetail/6852971018848357632", "digg_count": 1057, "digg_incr": 1056, "aweme_create_time": 1595581656, "category": 3, "volume": 73, "amount": 2182.7}, "author": {"author_id": "74406778373118", "nickname": "俪姐👑严选「优质电商」", "follower_count": 153006}}, {"aweme": {"aweme_id": "6852897454170344708", "aweme_title": "一分钟懒人修容教程，学会“小脸术” @诗佩妮SPENNY", "aweme_url": "https://www.iesdouyin.com/share/video/6852897454170344708/?region=CN&mid=6852897659850853134&u_code=0&titleType=title", "download_url": "https://www.chanmama.com/awemeDetail/6852897454170344708", "digg_count": 1029, "digg_incr": 1056, "aweme_create_time": 1595588400, "category": 3, "volume": 0, "amount": 0}, "author": {"author_id": "58769286711", "nickname": "赤西仁", "follower_count": 206594}}, {"aweme": {"aweme_id": "6852673893304470796", "aweme_title": "#金稻直发梳 出去旅行必不可少的就是它", "aweme_url": "https://www.iesdouyin.com/share/video/6852673893304470796/?region=CN&mid=6852673946769492749&u_code=0&titleType=title", "download_url": "https://www.chanmama.com/awemeDetail/6852673893304470796", "digg_count": 1066, "digg_incr": 1052, "aweme_create_time": 1595584800, "category": 3, "volume": 0, "amount": 0}, "author": {"author_id": "103290988005", "nickname": "Mu-沐", "follower_count": 745489}}, {"aweme": {"aweme_id": "6853001641545714958", "aweme_title": "女孩子对自己好一点没有错吧？？#drmind#神木水#急救神木水#护肤", "aweme_url": "https://www.iesdouyin.com/share/video/6853001641545714958/?region=CN&mid=6853001705656109837&u_code=0&titleType=title", "download_url": "https://www.chanmama.com/awemeDetail/6853001641545714958", "digg_count": 1029, "digg_incr": 1039, "aweme_create_time": 1595588794, "category": 3, "volume": 0, "amount": 0}, "author": {"author_id": "62352527690", "nickname": "甜心樂o3o", "follower_count": 364083}}, {"aweme": {"aweme_id": "6852868670616587523", "aweme_title": "听着口令跟老师一起学吧，虽然有点快，要相信自己加油💪💪💪💪#舞蹈", "aweme_url": "https://www.iesdouyin.com/share/video/6852868670616587523/?region=CN&mid=6852249352141179661&u_code=0&titleType=title", "download_url": "https://www.chanmama.com/awemeDetail/6852868670616587523", "digg_count": 1379, "digg_incr": 1031, "aweme_create_time": 1595557833, "category": 3, "volume": 0, "amount": 0}, "author": {"author_id": "61736168385", "nickname": "信誉", "follower_count": 354826}}, {"aweme": {"aweme_id": "6852855871282744576", "aweme_title": "尴尬 总是在柜台遇到熟人怎么办？", "aweme_url": "https://www.iesdouyin.com/share/video/6852855871282744576/?region=CN&mid=6852855876491987725&u_code=0&titleType=title", "download_url": "https://www.chanmama.com/awemeDetail/6852855871282744576", "digg_count": 1279, "digg_incr": 1021, "aweme_create_time": 1595554847, "category": 3, "volume": 1, "amount": 129.9}, "author": {"author_id": "716507946432830", "nickname": "完小完子", "follower_count": 245803}}, {"aweme": {"aweme_id": "6852903707730808067", "aweme_title": "天天为了给你们砍价，就去仓库蹲着等老板大放血，老板快被我逼疯了🤪#点击头像进入直播间", "aweme_url": "https://www.iesdouyin.com/share/video/6852903707730808067/?region=CN&mid=6852903753763408648&u_code=0&titleType=title", "download_url": "https://www.chanmama.com/awemeDetail/6852903707730808067", "digg_count": 1030, "digg_incr": 1017, "aweme_create_time": 1595565988, "category": 3, "volume": 0, "amount": 0}, "author": {"author_id": "60303305984", "nickname": "不会跳的小青娃", "follower_count": 27968}}, {"aweme": {"aweme_id": "6852964427470212360", "aweme_title": "有个眼角像下的眼型真的很乖哈哈哈 上初中的时候犯错了老师永远都不会怀疑我#眼妆 @抖音小助手", "aweme_url": "https://www.iesdouyin.com/share/video/6852964427470212360/?region=CN&mid=6824681520947546126&u_code=0&titleType=title", "download_url": "https://www.chanmama.com/awemeDetail/6852964427470212360", "digg_count": 1204, "digg_incr": 1006, "aweme_create_time": 1595580122, "category": 3, "volume": 10, "amount": 590}, "author": {"author_id": "55361887730", "nickname": "武籽香菜", "follower_count": 109612}}, {"aweme": {"aweme_id": "6853010329232870660", "aweme_title": "右眼刷这么好看，左眼居然不小心夹缺了一截，我哭了…#睫毛精 #抖音奇妙好物节", "aweme_url": "https://www.iesdouyin.com/share/video/6853010329232870660/?region=CN&mid=6687389950796630796&u_code=0&titleType=title", "download_url": "https://www.chanmama.com/awemeDetail/6853010329232870660", "digg_count": 1420, "digg_incr": 976, "aweme_create_time": 1595590813, "category": 3, "volume": 0, "amount": 0}, "author": {"author_id": "61689375220", "nickname": "胖甜", "follower_count": 114397}}, {"aweme": {"aweme_id": "6852821811739020559", "aweme_title": "@单身霞宝发了一个抖音短视频，你尽管点开，不好看算我输！", "aweme_url": "https://www.iesdouyin.com/share/video/6852821811739020559/?region=CN&mid=6750323271582878476&u_code=19fjbl65846k&titleType=", "download_url": "https://www.chanmama.com/awemeDetail/6852821811739020559", "digg_count": 1047, "digg_incr": 959, "aweme_create_time": 1595546919, "category": 3, "volume": 0, "amount": 0}, "author": {"author_id": "103540045066", "nickname": "单身霞宝", "follower_count": 620797}}, {"aweme": {"aweme_id": "6852839699992546568", "aweme_title": "#幸福触手可及 高颜值又好用的#神仙眼影 集美们 冲鸭~", "aweme_url": "https://www.iesdouyin.com/share/video/6852839699992546568/?region=CN&mid=6852839763758566157&u_code=0&titleType=title", "download_url": "https://www.chanmama.com/awemeDetail/6852839699992546568", "digg_count": 1160, "digg_incr": 940, "aweme_create_time": 1595551105, "category": 3, "volume": 0, "amount": 0}, "author": {"author_id": "2422962102480055", "nickname": "小阳哥", "follower_count": 336357}}]}