{"data": [{"aweme": {"aweme_id": "6852886010267831567", "aweme_title": "闺蜜说看到老公带了个女人在逛街，我化妆成这样“守株待兔”应该不会被认出来吧？😎😎#反串#二爷驾到 #搞笑", "aweme_url": "https://www.iesdouyin.com/share/video/6852886010267831567/?region=CN&mid=6824408200470022919&u_code=0&titleType=title", "download_url": "https://www.chanmama.com/awemeDetail/6852886010267831567", "digg_count": 138445, "digg_incr": 97915, "aweme_create_time": 1595561864, "category": 4, "volume": 2, "amount": 258}, "author": {"author_id": "94140986170", "nickname": "周二爷衣柜", "follower_count": 114750}}, {"aweme": {"aweme_id": "6852889987357199619", "aweme_title": "也不知道哪一个我才能住进你的心里。#腿 #穿搭 #你好火星", "aweme_url": "https://www.iesdouyin.com/share/video/6852889987357199619/?region=CN&mid=6843716253765405448&u_code=0&titleType=title", "download_url": "https://www.chanmama.com/awemeDetail/6852889987357199619", "digg_count": 25201, "digg_incr": 21765, "aweme_create_time": 1595562795, "category": 4, "volume": 15, "amount": 0}, "author": {"author_id": "103298671413", "nickname": "kumayes", "follower_count": 384557}}, {"aweme": {"aweme_id": "6852997642767568128", "aweme_title": "酒杯太浅，敬不到来日方长！巷子太短，走不到白发苍苍！不是年少守不住旧心，而是岁月慌了人心#情感 #包包", "aweme_url": "https://www.iesdouyin.com/share/video/6852997642767568128/?region=CN&mid=6852997667824716552&u_code=0&titleType=title", "download_url": "https://www.chanmama.com/awemeDetail/6852997642767568128", "digg_count": 13243, "digg_incr": 13177, "aweme_create_time": 1595587854, "category": 4, "volume": 0, "amount": 0}, "author": {"author_id": "60163328862", "nickname": "丹妮家箱包工作室", "follower_count": 55348}}, {"aweme": {"aweme_id": "6852851561081703692", "aweme_title": "船长给大家分享一下赤道无风带，帆船的禁区，航海人真希望大海永远风平浪静，船长祝愿好朋友们一生都平平安安的！", "aweme_url": "https://www.iesdouyin.com/share/video/6852851561081703692/?region=CN&mid=6852851591561661191&u_code=0&titleType=title", "download_url": "https://www.chanmama.com/awemeDetail/6852851561081703692", "digg_count": 16201, "digg_incr": 12269, "aweme_create_time": 1595553850, "category": 4, "volume": 0, "amount": 0}, "author": {"author_id": "94698846791", "nickname": "中国船长", "follower_count": 846962}}, {"aweme": {"aweme_id": "6852984404445269252", "aweme_title": "时尚精致百搭优雅气质小方包，石头纹设计更显高贵立体，双肩带背法更多#好物 #包包#开箱 #好物分享", "aweme_url": "https://www.iesdouyin.com/share/video/6852984404445269252/?region=CN&mid=6841974912727436040&u_code=23fc7di3mae2&titleType=title", "download_url": "https://www.chanmama.com/awemeDetail/6852984404445269252", "digg_count": 15447, "digg_incr": 12192, "aweme_create_time": 1595584778, "category": 4, "volume": 0, "amount": 0}, "author": {"author_id": "782487148569932", "nickname": "Lisa的包", "follower_count": 222434}}, {"aweme": {"aweme_id": "6852966331365559552", "aweme_title": "一生所爱#你好火星", "aweme_url": "https://www.iesdouyin.com/share/video/6852966331365559552/?region=CN&mid=6852966355881184014&u_code=0&titleType=title", "download_url": "https://www.chanmama.com/awemeDetail/6852966331365559552", "digg_count": 11017, "digg_incr": 10816, "aweme_create_time": 1595580565, "category": 4, "volume": 5, "amount": 980}, "author": {"author_id": "927587037621692", "nickname": "博爱县沐沐百货店", "follower_count": 442110}}, {"aweme": {"aweme_id": "6852892969188494607", "aweme_title": "有没有遇到过这样的小jc？hhh#jk #jk日常 #jk制服 @抖音小助手", "aweme_url": "https://www.iesdouyin.com/share/video/6852892969188494607/?region=CN&mid=6852892982346763022&u_code=m1f8e7ea15c&titleType=title", "download_url": "https://www.chanmama.com/awemeDetail/6852892969188494607", "digg_count": 10547, "digg_incr": 10547, "aweme_create_time": 1595563484, "category": 4, "volume": 36, "amount": 720}, "author": {"author_id": "101095060504", "nickname": "胖头鱼jk制服", "follower_count": 182311}}, {"aweme": {"aweme_id": "6852918915237022976", "aweme_title": "曾经的追风少年如今成了胡子泛白的老汉，不惊让人感慨，珍惜吧#詹姆斯 #时间流逝 #且行且珍惜", "aweme_url": "https://www.iesdouyin.com/share/video/6852918915237022976/?region=CN&mid=6621005134539262734&u_code=0&titleType=title", "download_url": "https://www.chanmama.com/awemeDetail/6852918915237022976", "digg_count": 11748, "digg_incr": 9017, "aweme_create_time": 1595569525, "category": 4, "volume": 12, "amount": 60}, "author": {"author_id": "107749279585", "nickname": "宁楚篮球杂谈", "follower_count": 120930}}, {"aweme": {"aweme_id": "6852966405122411783", "aweme_title": "石榴石手链来工厂拿货！ @DOU+小助手  #石榴石手链", "aweme_url": "https://www.iesdouyin.com/share/video/6852966405122411783/?region=CN&mid=6852966562035763981&u_code=0&titleType=title", "download_url": "https://www.chanmama.com/awemeDetail/6852966405122411783", "digg_count": 12191, "digg_incr": 8861, "aweme_create_time": 1595595660, "category": 4, "volume": 0, "amount": 0}, "author": {"author_id": "84867972352", "nickname": "宝石专家", "follower_count": 838728}}, {"aweme": {"aweme_id": "6852868253644033293", "aweme_title": "#皮卡丘 #真会做生意太抠了 #小可爱上线 #萌宠成精了 #高清剪辑", "aweme_url": "https://www.iesdouyin.com/share/video/6852868253644033293/?region=CN&mid=6852868271885028104&u_code=0&titleType=title", "download_url": "https://www.chanmama.com/awemeDetail/6852868253644033293", "digg_count": 12046, "digg_incr": 8779, "aweme_create_time": 1595557731, "category": 4, "volume": 1, "amount": 34.48}, "author": {"author_id": "2154654356741367", "nickname": "卡卡动漫", "follower_count": 343311}}, {"aweme": {"aweme_id": "6852971275128704271", "aweme_title": "如果你不开心 就去加油站工作 那样就会有很多人跟你说 加油 还会给你钱", "aweme_url": "https://www.iesdouyin.com/share/video/6852971275128704271/?region=CN&mid=6852971286021393166&u_code=0&titleType=title", "download_url": "https://www.chanmama.com/awemeDetail/6852971275128704271", "digg_count": 15747, "digg_incr": 8185, "aweme_create_time": 1595581716, "category": 4, "volume": 0, "amount": 0}, "author": {"author_id": "105346235690", "nickname": "糯米佳佳QvQ", "follower_count": 522140}}, {"aweme": {"aweme_id": "6852621778079042829", "aweme_title": "我可没有套路这位大哥，是大哥太积极了#机车#女骑士#机车小郡主#抖音小助手", "aweme_url": "https://www.iesdouyin.com/share/video/6852621778079042829/?region=CN&mid=6852621881204361991&u_code=0&titleType=title", "download_url": "https://www.chanmama.com/awemeDetail/6852621778079042829", "digg_count": 8677, "digg_incr": 7429, "aweme_create_time": 1595586600, "category": 4, "volume": 0, "amount": 0}, "author": {"author_id": "2013915722308328", "nickname": "机车-小郡主🏍", "follower_count": 473126}}, {"aweme": {"aweme_id": "6852980361731869967", "aweme_title": "#防晒  夏日防晒大作战来啦！这造型我保证你妈妈都认不出来你哟～", "aweme_url": "https://www.iesdouyin.com/share/video/6852980361731869967/?region=CN&mid=6852980379990051598&u_code=0&titleType=title", "download_url": "https://www.chanmama.com/awemeDetail/6852980361731869967", "digg_count": 7133, "digg_incr": 7135, "aweme_create_time": 1595583831, "category": 4, "volume": 0, "amount": 0}, "author": {"author_id": "4059028999372861", "nickname": "阿月月yue", "follower_count": 473598}}, {"aweme": {"aweme_id": "6853058349861178632", "aweme_title": "反正会被讨厌 不如发挥好最真实的自己！", "aweme_url": "https://www.iesdouyin.com/share/video/6853058349861178632/?region=CN&mid=6824441291406101262&u_code=0&titleType=title", "download_url": "https://www.chanmama.com/awemeDetail/6853058349861178632", "digg_count": 6353, "digg_incr": 6231, "aweme_create_time": 1595601990, "category": 4, "volume": 0, "amount": 0}, "author": {"author_id": "81556042931", "nickname": "大脸酥服装工厂（七月宠粉月）", "follower_count": 621918}}, {"aweme": {"aweme_id": "6852993716232129803", "aweme_title": "感谢粉丝们这么久以来的信任和支持！我们以品质回馈大家 #女装  #穿搭", "aweme_url": "https://www.iesdouyin.com/share/video/6852993716232129803/?region=CN&mid=6852994093031738126&u_code=0&titleType=title", "download_url": "https://www.chanmama.com/awemeDetail/6852993716232129803", "digg_count": 6654, "digg_incr": 5073, "aweme_create_time": 1595586973, "category": 4, "volume": 0, "amount": 0}, "author": {"author_id": "63327367730", "nickname": "YHM思思（全天直播）", "follower_count": 75911}}, {"aweme": {"aweme_id": "6852854049184730371", "aweme_title": "时尚精致简约小包包，搭配石头纹设计，更显精致立体，双肩带背法更多#抖音小助手 #好物 #开箱#包包", "aweme_url": "https://www.iesdouyin.com/share/video/6852854049184730371/?region=CN&mid=6821356117788986126&u_code=bk5kkf3l2d0&titleType=title", "download_url": "https://www.chanmama.com/awemeDetail/6852854049184730371", "digg_count": 5245, "digg_incr": 4854, "aweme_create_time": 1595554430, "category": 4, "volume": 149, "amount": 5051.099999999999}, "author": {"author_id": "782487148569932", "nickname": "Lisa的包", "follower_count": 222434}}, {"aweme": {"aweme_id": "6852872868783492355", "aweme_title": "这个水龙头可以，随意旋转切换出水模式，升降抽拉，不用担心碰到头#水龙头 #花洒 #增压花洒 #卫浴", "aweme_url": "https://www.iesdouyin.com/share/video/6852872868783492355/?region=CN&mid=6852872901280992013&u_code=0&titleType=title", "download_url": "https://www.chanmama.com/awemeDetail/6852872868783492355", "digg_count": 5040, "digg_incr": 4757, "aweme_create_time": 1595558810, "category": 4, "volume": 0, "amount": 0}, "author": {"author_id": "87884735320", "nickname": "龙御永祥岩板浴室柜", "follower_count": 189520}}, {"aweme": {"aweme_id": "6852843975041125636", "aweme_title": "实物比图片好看多啦！这次大猪蹄的眼光终于对了一回#包包控 #好物推荐 #包包控 #平价 @抖音小助手", "aweme_url": "https://www.iesdouyin.com/share/video/6852843975041125636/?region=CN&mid=6685564317011544835&u_code=0&titleType=title", "download_url": "https://www.chanmama.com/awemeDetail/6852843975041125636", "digg_count": 8210, "digg_incr": 4427, "aweme_create_time": 1595552085, "category": 4, "volume": 0, "amount": 0}, "author": {"author_id": "874835290891694", "nickname": "橙子～", "follower_count": 255506}}, {"aweme": {"aweme_id": "6852821130504359181", "aweme_title": "@DOU+小助手", "aweme_url": "https://www.iesdouyin.com/share/video/6852821130504359181/?region=CN&mid=6829507609129782030&u_code=2llc1fk7gmkb&titleType=title", "download_url": "https://www.chanmama.com/awemeDetail/6852821130504359181", "digg_count": 5181, "digg_incr": 4407, "aweme_create_time": 1595546763, "category": 4, "volume": 169, "amount": 33462}, "author": {"author_id": "2418554064090511", "nickname": "俏伊人真皮女鞋", "follower_count": 193725}}, {"aweme": {"aweme_id": "6852998976875023620", "aweme_title": "好看又便宜的太阳花#拖鞋 #爆款美鞋 #一周穿搭", "aweme_url": "https://www.iesdouyin.com/share/video/6852998976875023620/?region=CN&mid=6848873767398411016&u_code=0&titleType=title", "download_url": "https://www.chanmama.com/awemeDetail/6852998976875023620", "digg_count": 5418, "digg_incr": 4220, "aweme_create_time": 1595588170, "category": 4, "volume": 24, "amount": 285.6}, "author": {"author_id": "2115109164166283", "nickname": "韩卡琪女鞋工厂店", "follower_count": 116637}}, {"aweme": {"aweme_id": "6852828668880801024", "aweme_title": "有了它出门方便多了#抖音推广 #抖音小助手 @抖音小助手", "aweme_url": "https://www.iesdouyin.com/share/video/6852828668880801024/?region=CN&mid=6852828638586047240&u_code=0&titleType=title", "download_url": "https://www.chanmama.com/awemeDetail/6852828668880801024", "digg_count": 4898, "digg_incr": 3970, "aweme_create_time": 1595548515, "category": 4, "volume": 0, "amount": 0}, "author": {"author_id": "3003466130403732", "nickname": "耿姐好货推选", "follower_count": 246173}}, {"aweme": {"aweme_id": "6852899794961140995", "aweme_title": "大容量时尚精致百搭手提包，包身简约，空间在线，经典百搭#抖音小助手 #包包 #好物 #开箱", "aweme_url": "https://www.iesdouyin.com/share/video/6852899794961140995/?region=CN&mid=6798815793963731719&u_code=1fedchjma2fh&titleType=title", "download_url": "https://www.chanmama.com/awemeDetail/6852899794961140995", "digg_count": 4456, "digg_incr": 3815, "aweme_create_time": 1595565078, "category": 4, "volume": 17, "amount": 678.3}, "author": {"author_id": "782487148569932", "nickname": "Lisa的包", "follower_count": 222434}}, {"aweme": {"aweme_id": "6852959175908134158", "aweme_title": "@阔喵🐱狂躁开箱发了一个抖音短视频，你尽管点开，不好看算我输！", "aweme_url": "https://www.iesdouyin.com/share/video/6852959175908134158/?region=CN&mid=6852959210666347271&u_code=3g7mc2761c4f&titleType=", "download_url": "https://www.chanmama.com/awemeDetail/6852959175908134158", "digg_count": 4320, "digg_incr": 3808, "aweme_create_time": 1595578900, "category": 4, "volume": 422, "amount": 5443.8}, "author": {"author_id": "103378630943", "nickname": "阔喵🐱狂躁开箱", "follower_count": 690786}}, {"aweme": {"aweme_id": "6853012638721510669", "aweme_title": "让我康康还有哪个小可爱没有大头鞋！！#lolita#大头鞋", "aweme_url": "https://www.iesdouyin.com/share/video/6853012638721510669/?region=CN&mid=6829253526758181645&u_code=0&titleType=title", "download_url": "https://www.chanmama.com/awemeDetail/6853012638721510669", "digg_count": 3905, "digg_incr": 3544, "aweme_create_time": 1595591347, "category": 4, "volume": 0, "amount": 0}, "author": {"author_id": "9710505534", "nickname": "兔小圆", "follower_count": 361493}}, {"aweme": {"aweme_id": "6852900464120319240", "aweme_title": "昨天有人评论说，原来你也是喜欢女人的………这社会真的我也看不懂了😂#西装 #对口型 @抖音小助手", "aweme_url": "https://www.iesdouyin.com/share/video/6852900464120319240/?region=CN&mid=6825502109987900167&u_code=0&titleType=title", "download_url": "https://www.chanmama.com/awemeDetail/6852900464120319240", "digg_count": 4627, "digg_incr": 3544, "aweme_create_time": 1595565229, "category": 4, "volume": 1, "amount": 0}, "author": {"author_id": "60500856602", "nickname": "嘻哈影视传媒", "follower_count": 905278}}, {"aweme": {"aweme_id": "6853019801061772556", "aweme_title": "太累了 抽一名幸运网友为我抗下所有", "aweme_url": "https://www.iesdouyin.com/share/video/6853019801061772556/?region=CN&mid=6848926253329009415&u_code=0&titleType=title", "download_url": "https://www.chanmama.com/awemeDetail/6853019801061772556", "digg_count": 4657, "digg_incr": 3295, "aweme_create_time": 1595593018, "category": 4, "volume": 0, "amount": 0}, "author": {"author_id": "10563047146", "nickname": "虾球", "follower_count": 301847}}, {"aweme": {"aweme_id": "6852994056599915776", "aweme_title": "你喜欢第几款呢？评论区告诉我哦#耳环 #女人#情感#抖音直播 #好物推荐 @DOU+小助手", "aweme_url": "https://www.iesdouyin.com/share/video/6852994056599915776/?region=CN&mid=6852994077009382152&u_code=161hl6gf025&titleType=title", "download_url": "https://www.chanmama.com/awemeDetail/6852994056599915776", "digg_count": 5152, "digg_incr": 3292, "aweme_create_time": 1595587020, "category": 4, "volume": 0, "amount": 0}, "author": {"author_id": "99118725484", "nickname": "玲姐姐首饰", "follower_count": 277236}}, {"aweme": {"aweme_id": "6852889912111369480", "aweme_title": "老师傅做了不到1小时的出租自行车。过来给我们送钱，怕我们着急！#非洲生活  #传递正能量 #你好火星", "aweme_url": "https://www.iesdouyin.com/share/video/6852889912111369480/?region=CN&mid=6701486968573889292&u_code=0&titleType=title", "download_url": "https://www.chanmama.com/awemeDetail/6852889912111369480", "digg_count": 3792, "digg_incr": 3174, "aweme_create_time": 1595562773, "category": 4, "volume": 2, "amount": 0}, "author": {"author_id": "2176632984449390", "nickname": "非洲记忆哥", "follower_count": 217688}}, {"aweme": {"aweme_id": "6852899203350367495", "aweme_title": "宝贝们 这容量可还好 妥妥滴#717奇妙好物在这里 @DOU+小助手", "aweme_url": "https://www.iesdouyin.com/share/video/6852899203350367495/?region=CN&mid=6847745709240748039&u_code=0&titleType=title", "download_url": "https://www.chanmama.com/awemeDetail/6852899203350367495", "digg_count": 2883, "digg_incr": 2736, "aweme_create_time": 1595564936, "category": 4, "volume": 0, "amount": 0}, "author": {"author_id": "108743175618", "nickname": "妥妥箱包", "follower_count": 91387}}, {"aweme": {"aweme_id": "6852909649419685127", "aweme_title": "送给妈妈的一份礼物，珍珠项链浮力15.9包🈶️#717奇妙好物在这里 #珍珠 #义乌#宝妈创业", "aweme_url": "https://www.iesdouyin.com/share/video/6852909649419685127/?region=CN&mid=6852909665718700813&u_code=0&titleType=title", "download_url": "https://www.chanmama.com/awemeDetail/6852909649419685127", "digg_count": 2999, "digg_incr": 2704, "aweme_create_time": 1595567367, "category": 4, "volume": 0, "amount": 0}, "author": {"author_id": "103996993813", "nickname": "小笨闯义乌", "follower_count": 197511}}, {"aweme": {"aweme_id": "6852919560807419136", "aweme_title": "#乘风破浪的好物 #官方大大我要热门 #卖家不如买家秀 #电商小助手", "aweme_url": "https://www.iesdouyin.com/share/video/6852919560807419136/?region=CN&mid=6852919561558592269&u_code=0&titleType=title", "download_url": "https://www.chanmama.com/awemeDetail/6852919560807419136", "digg_count": 6543, "digg_incr": 2613, "aweme_create_time": 1595569675, "category": 4, "volume": 0, "amount": 0}, "author": {"author_id": "99778936158", "nickname": "美婷购贸易有限公司", "follower_count": 175494}}, {"aweme": {"aweme_id": "6852931829779942659", "aweme_title": "精致简约百搭时尚水桶包，可手提可斜挎，简约大气经典百搭#抖音小助手 #好物 #包包#开箱", "aweme_url": "https://www.iesdouyin.com/share/video/6852931829779942659/?region=CN&mid=6847695333112302350&u_code=1idm1emmhede&titleType=title", "download_url": "https://www.chanmama.com/awemeDetail/6852931829779942659", "digg_count": 3055, "digg_incr": 2324, "aweme_create_time": 1595572538, "category": 4, "volume": 0, "amount": 0}, "author": {"author_id": "782487148569932", "nickname": "Lisa的包", "follower_count": 222434}}, {"aweme": {"aweme_id": "6852958458552028429", "aweme_title": "老公说我是她的乖宝宝😘在家乖乖的等老公@左左", "aweme_url": "https://www.iesdouyin.com/share/video/6852958458552028429/?region=CN&mid=6730509397774076680&u_code=0&titleType=title", "download_url": "https://www.chanmama.com/awemeDetail/6852958458552028429", "digg_count": 2827, "digg_incr": 2272, "aweme_create_time": 1595578733, "category": 4, "volume": 0, "amount": 0}, "author": {"author_id": "111491536628", "nickname": "左左的女王", "follower_count": 253880}}, {"aweme": {"aweme_id": "6852896035702934792", "aweme_title": "要走的路…", "aweme_url": "https://www.iesdouyin.com/share/video/6852896035702934792/?region=CN&mid=6844803466599123719&u_code=0&titleType=title", "download_url": "https://www.chanmama.com/awemeDetail/6852896035702934792", "digg_count": 2477, "digg_incr": 2222, "aweme_create_time": 1595564199, "category": 4, "volume": 0, "amount": 0}, "author": {"author_id": "74900764377", "nickname": "木易姐", "follower_count": 333431}}, {"aweme": {"aweme_id": "6852834660611837184", "aweme_title": "时光温柔，还需你懂；生活可爱，也需你宠，每个美好的女孩子都应该被宠爱。#大东女鞋 #直播 #724周年庆", "aweme_url": "https://www.iesdouyin.com/share/video/6852834660611837184/?region=CN&mid=6852834662922849037&u_code=0&titleType=title", "download_url": "https://www.chanmama.com/awemeDetail/6852834660611837184", "digg_count": 2322, "digg_incr": 2174, "aweme_create_time": 1595549909, "category": 4, "volume": 14, "amount": 0}, "author": {"author_id": "97600141108", "nickname": "大东鞋业", "follower_count": 280663}}, {"aweme": {"aweme_id": "6852833402006015232", "aweme_title": "男人想和你长久在一起的四种表现！#女人 #solo出道谁最nata #你好火星 #喝彩变身 @DOU+小助手", "aweme_url": "https://www.iesdouyin.com/share/video/6852833402006015232/?region=CN&mid=6852833396725385997&u_code=0&titleType=title", "download_url": "https://www.chanmama.com/awemeDetail/6852833402006015232", "digg_count": 1991, "digg_incr": 1995, "aweme_create_time": 1595549616, "category": 4, "volume": 2, "amount": 98}, "author": {"author_id": "3896303028802699", "nickname": "颜瑟饰品", "follower_count": 293106}}, {"aweme": {"aweme_id": "6852904724006489352", "aweme_title": "可阔腿可收脚的褶皱裤,穿上显瘦又洋气", "aweme_url": "https://www.iesdouyin.com/share/video/6852904724006489352/?region=CN&mid=6847477668524002055&u_code=1fedchjma2fh&titleType=title", "download_url": "https://www.chanmama.com/awemeDetail/6852904724006489352", "digg_count": 2095, "digg_incr": 1964, "aweme_create_time": 1595566221, "category": 4, "volume": 0, "amount": 0}, "author": {"author_id": "3298163996504663", "nickname": "常熟市阑桂坊服装商行", "follower_count": 223820}}, {"aweme": {"aweme_id": "6852858050123042063", "aweme_title": "香奈儿女士曾说过：“每天都要精心装扮，因为你不知道你今天会遇见谁…”#高跟鞋#初秋穿搭 #设计款", "aweme_url": "https://www.iesdouyin.com/share/video/6852858050123042063/?region=CN&mid=6852858053612538638&u_code=0&titleType=title", "download_url": "https://www.chanmama.com/awemeDetail/6852858050123042063", "digg_count": 2295, "digg_incr": 1872, "aweme_create_time": 1595555354, "category": 4, "volume": 0, "amount": 0}, "author": {"author_id": "4472431367700972", "nickname": "媛寇女鞋", "follower_count": 103875}}, {"aweme": {"aweme_id": "6853052741128932611", "aweme_title": "时尚气质百搭马鞍包，鳄鱼纹设计凸显风格，气质顺滑，双肩带背法多#抖音小助手 #好物 #开箱 #好物推荐", "aweme_url": "https://www.iesdouyin.com/share/video/6853052741128932611/?region=CN&mid=6843607089181362177&u_code=0&titleType=title", "download_url": "https://www.chanmama.com/awemeDetail/6853052741128932611", "digg_count": 2469, "digg_incr": 1869, "aweme_create_time": 1595600688, "category": 4, "volume": 5, "amount": 175}, "author": {"author_id": "782487148569932", "nickname": "Lisa的包", "follower_count": 222434}}, {"aweme": {"aweme_id": "6852899838938369287", "aweme_title": "世界上最棒的事就是，每天早上醒来又是崭新的一天，完全免费，永不断货#银饰 #对口型 #发型", "aweme_url": "https://www.iesdouyin.com/share/video/6852899838938369287/?region=CN&mid=6851693455414889223&u_code=0&titleType=title", "download_url": "https://www.chanmama.com/awemeDetail/6852899838938369287", "digg_count": 1815, "digg_incr": 1813, "aweme_create_time": 1595565084, "category": 4, "volume": 0, "amount": 0}, "author": {"author_id": "99095931260", "nickname": "甜甜爱银饰", "follower_count": 9942}}, {"aweme": {"aweme_id": "6853039273449426184", "aweme_title": "完了！为什么女孩子的包都这么好看？猛男不解 #女朋友 #不知姓名的c@DOU+小助手", "aweme_url": "https://www.iesdouyin.com/share/video/6853039273449426184/?region=CN&mid=6853039291884342030&u_code=0&titleType=title", "download_url": "https://www.chanmama.com/awemeDetail/6853039273449426184", "digg_count": 6803, "digg_incr": 1777, "aweme_create_time": 1595597548, "category": 4, "volume": 0, "amount": 0}, "author": {"author_id": "62712742911", "nickname": "不知姓名的小c", "follower_count": 14229}}, {"aweme": {"aweme_id": "6852889913705155855", "aweme_title": "给大家推荐这款时尚女士腕表。", "aweme_url": "https://www.iesdouyin.com/share/video/6852889913705155855/?region=CN&mid=6852889930575301383&u_code=0&titleType=title", "download_url": "https://www.chanmama.com/awemeDetail/6852889913705155855", "digg_count": 2433, "digg_incr": 1759, "aweme_create_time": 1595562772, "category": 4, "volume": 17, "amount": 0}, "author": {"author_id": "2616440066938797", "nickname": "楠姐福利社", "follower_count": 123329}}, {"aweme": {"aweme_id": "6852925234597694735", "aweme_title": "泡面需要三分钟，而泡你我需要吃三年泡面", "aweme_url": "https://www.iesdouyin.com/share/video/6852925234597694735/?region=CN&mid=6852925244278049544&u_code=0&titleType=title", "download_url": "https://www.chanmama.com/awemeDetail/6852925234597694735", "digg_count": 2163, "digg_incr": 1758, "aweme_create_time": 1595570996, "category": 4, "volume": 0, "amount": 0}, "author": {"author_id": "105346235690", "nickname": "糯米佳佳QvQ", "follower_count": 522140}}, {"aweme": {"aweme_id": "6852984172592499975", "aweme_title": "跑步技术固然重要，但忽略跑前热身动作会降低跑步效率，并可能出现肌肉关节损伤，几个简单的动作学起来！", "aweme_url": "https://www.iesdouyin.com/share/video/6852984172592499975/?region=CN&mid=6748375004049902347&u_code=0&titleType=title", "download_url": "https://www.chanmama.com/awemeDetail/6852984172592499975", "digg_count": 2449, "digg_incr": 1755, "aweme_create_time": 1595584720, "category": 4, "volume": 0, "amount": 0}, "author": {"author_id": "58899944183", "nickname": "丹", "follower_count": 128568}}, {"aweme": {"aweme_id": "6852958740451216654", "aweme_title": "这真不错", "aweme_url": "https://www.iesdouyin.com/share/video/6852958740451216654/?region=CN&mid=6852958757769562887&u_code=0&titleType=title", "download_url": "https://www.chanmama.com/awemeDetail/6852958740451216654", "digg_count": 2820, "digg_incr": 1744, "aweme_create_time": 1595578798, "category": 4, "volume": 11, "amount": 96.80000000000001}, "author": {"author_id": "2027128782858107", "nickname": "优秀菜菜", "follower_count": 637301}}, {"aweme": {"aweme_id": "6852951800375495951", "aweme_title": "上条视频火啦，好多人找我要链接，今天安排上喽#皇冠 #高跟鞋#礼物", "aweme_url": "https://www.iesdouyin.com/share/video/6852951800375495951/?region=CN&mid=6852951816829782798&u_code=0&titleType=title", "download_url": "https://www.chanmama.com/awemeDetail/6852951800375495951", "digg_count": 2066, "digg_incr": 1728, "aweme_create_time": 1595577182, "category": 4, "volume": 3, "amount": 777}, "author": {"author_id": "60788475841", "nickname": "恋爱情侣菌", "follower_count": 739056}}, {"aweme": {"aweme_id": "6852861089911229710", "aweme_title": "13年实体，9年电商。老公负责线上某宝某猫。我负责专卖店和直播。分工明确，目标一致。你很优秀，我也得跟上😋", "aweme_url": "https://www.iesdouyin.com/share/video/6852861089911229710/?region=CN&mid=6804429194786753292&u_code=0&titleType=title", "download_url": "https://www.chanmama.com/awemeDetail/6852861089911229710", "digg_count": 1712, "digg_incr": 1700, "aweme_create_time": 1595556063, "category": 4, "volume": 0, "amount": 0}, "author": {"author_id": "61659154995", "nickname": "人本-帆布鞋（上午10点开播）", "follower_count": 266844}}, {"aweme": {"aweme_id": "6852963768687774983", "aweme_title": "石榴石手链来工厂拿货！ @DOU+小助手  #石榴石手链", "aweme_url": "https://www.iesdouyin.com/share/video/6852963768687774983/?region=CN&mid=6852963907330476808&u_code=0&titleType=title", "download_url": "https://www.chanmama.com/awemeDetail/6852963768687774983", "digg_count": 2279, "digg_incr": 1680, "aweme_create_time": 1595579990, "category": 4, "volume": 0, "amount": 0}, "author": {"author_id": "84867972352", "nickname": "宝石专家", "follower_count": 838728}}, {"aweme": {"aweme_id": "6852994414462160143", "aweme_title": "不听话挨批评了，委屈的这样💋💋💋", "aweme_url": "https://www.iesdouyin.com/share/video/6852994414462160143/?region=CN&mid=6852994815529847563&u_code=0&titleType=title", "download_url": "https://www.chanmama.com/awemeDetail/6852994414462160143", "digg_count": 1973, "digg_incr": 1548, "aweme_create_time": 1595587171, "category": 4, "volume": 0, "amount": 0}, "author": {"author_id": "4503615901934184", "nickname": "闫帅和丸子头", "follower_count": 516870}}, {"aweme": {"aweme_id": "6852894816565513483", "aweme_title": "一个海上的王者，败于什么原因？", "aweme_url": "https://www.iesdouyin.com/share/video/6852894816565513483/?region=CN&mid=6852895013660232455&u_code=0&titleType=title", "download_url": "https://www.chanmama.com/awemeDetail/6852894816565513483", "digg_count": 2119, "digg_incr": 1507, "aweme_create_time": 1595563955, "category": 4, "volume": 0, "amount": 0}, "author": {"author_id": "86681800528", "nickname": "Han哥漫剪", "follower_count": 397220}}, {"aweme": {"aweme_id": "6852924939255762176", "aweme_title": "今年是做生意界比较困难的一年 加上高温的天气，员工们汗流浃背的工作，我们一起努力#继续加油#感谢抖音官方平台", "aweme_url": "https://www.iesdouyin.com/share/video/6852924939255762176/?region=CN&mid=6596272366257457933&u_code=0&titleType=title", "download_url": "https://www.chanmama.com/awemeDetail/6852924939255762176", "digg_count": 1855, "digg_incr": 1479, "aweme_create_time": 1595570928, "category": 4, "volume": 0, "amount": 0}, "author": {"author_id": "4518490329", "nickname": "雪丽丽鞋业", "follower_count": 388007}}, {"aweme": {"aweme_id": "6852877979694009600", "aweme_title": "姐妹，处闺蜜不，人手一个，又不是没这个实力#手工编织 #编织 #玩毛线 @抖音小助手", "aweme_url": "https://www.iesdouyin.com/share/video/6852877979694009600/?region=CN&mid=6709436624981198850&u_code=0&titleType=title", "download_url": "https://www.chanmama.com/awemeDetail/6852877979694009600", "digg_count": 2395, "digg_incr": 1461, "aweme_create_time": 1595559994, "category": 4, "volume": 1, "amount": 19}, "author": {"author_id": "109506464251", "nickname": "多彩线艺", "follower_count": 484941}}, {"aweme": {"aweme_id": "6852900054072642816", "aweme_title": "垃圾老公的特征，你老公中了吗？#女人 #青菜拼车拼拼拼 #你好火星 #solo出道谁最nata @抖音直播", "aweme_url": "https://www.iesdouyin.com/share/video/6852900054072642816/?region=CN&mid=6852900077980764936&u_code=0&titleType=title", "download_url": "https://www.chanmama.com/awemeDetail/6852900054072642816", "digg_count": 1524, "digg_incr": 1457, "aweme_create_time": 1595565133, "category": 4, "volume": 0, "amount": 0}, "author": {"author_id": "3896303028802699", "nickname": "颜瑟饰品", "follower_count": 293106}}, {"aweme": {"aweme_id": "6852719666691869965", "aweme_title": "可搭LO和JK 八色 白菜 原创 赶快喊上集美一起冲冲冲 #充能计划 #jk制服", "aweme_url": "https://www.iesdouyin.com/share/video/6852719666691869965/?region=CN&mid=6852720063393680142&u_code=0&titleType=title", "download_url": "https://www.chanmama.com/awemeDetail/6852719666691869965", "digg_count": 1542, "digg_incr": 1412, "aweme_create_time": 1595523246, "category": 4, "volume": 127, "amount": 10033}, "author": {"author_id": "96587510589", "nickname": "小乔要努力变强ʚ🧸ྀིɞ", "follower_count": 137325}}, {"aweme": {"aweme_id": "6852978653370830080", "aweme_title": "又是一波神仙耳饰，颜值绝了！#耳饰 #耳饰控 #耳饰分享 @抖音小助手", "aweme_url": "https://www.iesdouyin.com/share/video/6852978653370830080/?region=CN&mid=6852978685641837320&u_code=0&titleType=title", "download_url": "https://www.chanmama.com/awemeDetail/6852978653370830080", "digg_count": 2103, "digg_incr": 1402, "aweme_create_time": 1595583433, "category": 4, "volume": 0, "amount": 0}, "author": {"author_id": "82461169453", "nickname": "布妞好物分享集", "follower_count": 889031}}, {"aweme": {"aweme_id": "6853003999914855688", "aweme_title": "#潘家园 #你好火星 今天这哥们儿说话的声音特别像一个超级富二代！你们猜猜是谁！@抖音小助手 @DOU+小助手", "aweme_url": "https://www.iesdouyin.com/share/video/6853003999914855688/?region=CN&mid=6853004025178049294&u_code=0&titleType=title", "download_url": "https://www.chanmama.com/awemeDetail/6853003999914855688", "digg_count": 1625, "digg_incr": 1391, "aweme_create_time": 1595589336, "category": 4, "volume": 2, "amount": 1396}, "author": {"author_id": "64874095505", "nickname": "梵纯文玩珠宝💎", "follower_count": 225257}}, {"aweme": {"aweme_id": "6852823861520551168", "aweme_title": "@吴三姐发了一个抖音短视频，你尽管点开，不好看算我输！", "aweme_url": "https://www.iesdouyin.com/share/video/6852823861520551168/?region=CN&mid=6762861171114232580&u_code=0&titleType=", "download_url": "https://www.chanmama.com/awemeDetail/6852823861520551168", "digg_count": 1555, "digg_incr": 1375, "aweme_create_time": 1595547396, "category": 4, "volume": 0, "amount": 0}, "author": {"author_id": "104795294779", "nickname": "吴三姐", "follower_count": 130464}}, {"aweme": {"aweme_id": "6852997659947437324", "aweme_title": "我居然被一只鸭子rap了，它还想让我叫它……？？#花样烦人精#复读鸭#沙雕", "aweme_url": "https://www.iesdouyin.com/share/video/6852997659947437324/?region=CN&mid=6852997695070685966&u_code=0&titleType=title", "download_url": "https://www.chanmama.com/awemeDetail/6852997659947437324", "digg_count": 1670, "digg_incr": 1372, "aweme_create_time": 1595587864, "category": 4, "volume": 0, "amount": 0}, "author": {"author_id": "707706395039428", "nickname": "猛男大测评", "follower_count": 517696}}, {"aweme": {"aweme_id": "6852983879033294080", "aweme_title": "就这！还不是手到擒来！#大东女鞋 #直播 #你好火星 #724周年庆 #搞笑视频 #青菜拼车拼拼拼 #导购", "aweme_url": "https://www.iesdouyin.com/share/video/6852983879033294080/?region=CN&mid=6852983912059341576&u_code=0&titleType=title", "download_url": "https://www.chanmama.com/awemeDetail/6852983879033294080", "digg_count": 1661, "digg_incr": 1339, "aweme_create_time": 1595584650, "category": 4, "volume": 0, "amount": 0}, "author": {"author_id": "97600141108", "nickname": "大东鞋业", "follower_count": 280663}}, {"aweme": {"aweme_id": "6852982626161036556", "aweme_title": "好家伙，等我赚到几套房了，会不会把我也给干掉，男人心海底针。￼这两天搞得人心惶惶的。￼", "aweme_url": "https://www.iesdouyin.com/share/video/6852982626161036556/?region=CN&mid=6821390085640964871&u_code=0&titleType=title", "download_url": "https://www.chanmama.com/awemeDetail/6852982626161036556", "digg_count": 1435, "digg_incr": 1338, "aweme_create_time": 1595584364, "category": 4, "volume": 0, "amount": 0}, "author": {"author_id": "94832083045", "nickname": "乐儿服饰", "follower_count": 195732}}, {"aweme": {"aweme_id": "6850349668333882636", "aweme_title": "上级的双标行为，也是过于真实了！#双标  #搞笑    @小鹤老师说眼镜", "aweme_url": "https://www.iesdouyin.com/share/video/6850349668333882636/?region=CN&mid=6850349879038855949&u_code=0&titleType=title", "download_url": "https://www.chanmama.com/awemeDetail/6850349668333882636", "digg_count": 1612, "digg_incr": 1325, "aweme_create_time": 1595575800, "category": 4, "volume": 0, "amount": 0}, "author": {"author_id": "70941759824", "nickname": "地球是圆的眼镜", "follower_count": 244123}}, {"aweme": {"aweme_id": "6852239545086381320", "aweme_title": "女人！你的隐形眼镜包浆了没~ @九歌的日常测评@supermodel-SX ෆ", "aweme_url": "https://www.iesdouyin.com/share/video/6852239545086381320/?region=CN&mid=6852239673340119822&u_code=0&titleType=title", "download_url": "https://www.chanmama.com/awemeDetail/6852239545086381320", "digg_count": 1774, "digg_incr": 1310, "aweme_create_time": 1595581200, "category": 4, "volume": 1, "amount": 159}, "author": {"author_id": "1297019126946536", "nickname": "九歌的小锦囊", "follower_count": 631277}}, {"aweme": {"aweme_id": "6852965383914278144", "aweme_title": "百搭款民族风丝巾上新啦！出门带上它再也不用担心太阳晒，空调吹，冬天做保暖好物推荐哦！#我要上热门", "aweme_url": "https://www.iesdouyin.com/share/video/6852965383914278144/?region=CN&mid=6566612193045908228&u_code=0&titleType=title", "download_url": "https://www.chanmama.com/awemeDetail/6852965383914278144", "digg_count": 1533, "digg_incr": 1306, "aweme_create_time": 1595580352, "category": 4, "volume": 0, "amount": 0}, "author": {"author_id": "87972215146", "nickname": "遇佳人丝巾", "follower_count": 93717}}, {"aweme": {"aweme_id": "6852628484708142347", "aweme_title": "桌面保持整洁的秘诀就是，有一个好闺蜜！ #闺蜜  #整理桌面  #少女心", "aweme_url": "https://www.iesdouyin.com/share/video/6852628484708142347/?region=CN&mid=6852628639931009800&u_code=0&titleType=title", "download_url": "https://www.chanmama.com/awemeDetail/6852628484708142347", "digg_count": 1437, "digg_incr": 1289, "aweme_create_time": 1595584800, "category": 4, "volume": 0, "amount": 0}, "author": {"author_id": "107666860279", "nickname": "阿唐的宝贝", "follower_count": 620687}}, {"aweme": {"aweme_id": "6852977670725078276", "aweme_title": "听说女生鞋子最难买，看好了，不要老穿老爹鞋。第一双和最后一双，你们都认识的款。#高跟鞋", "aweme_url": "https://www.iesdouyin.com/share/video/6852977670725078276/?region=CN&mid=6852977708574804749&u_code=0&titleType=title", "download_url": "https://www.chanmama.com/awemeDetail/6852977670725078276", "digg_count": 1627, "digg_incr": 1284, "aweme_create_time": 1595583210, "category": 4, "volume": 0, "amount": 0}, "author": {"author_id": "109037250902", "nickname": "女王足迹", "follower_count": 249352}}, {"aweme": {"aweme_id": "6852762236470021379", "aweme_title": "夏天高跟鞋跟美美的裙装最配啦～#企业号夏日团购节 #浙里商家争霸赛@抖音小助手 @DOU+小助手", "aweme_url": "https://www.iesdouyin.com/share/video/6852762236470021379/?region=CN&mid=6852762541215484685&u_code=0&titleType=title", "download_url": "https://www.chanmama.com/awemeDetail/6852762236470021379", "digg_count": 1252, "digg_incr": 1244, "aweme_create_time": 1595533165, "category": 4, "volume": 53, "amount": 8215}, "author": {"author_id": "71579669307", "nickname": "桐乡市石门艾微儿皮鞋厂", "follower_count": 603533}}, {"aweme": {"aweme_id": "6852843355504676111", "aweme_title": "全网最详细教 初学者爬、不太运动的、年纪较大的、比较严重的、每天50米每次10米、二周内有浑身酸痛感、正常哦", "aweme_url": "https://www.iesdouyin.com/share/video/6852843355504676111/?region=CN&mid=6852843340879235853&u_code=0&titleType=title", "download_url": "https://www.chanmama.com/awemeDetail/6852843355504676111", "digg_count": 1870, "digg_incr": 1234, "aweme_create_time": 1595551933, "category": 4, "volume": 6, "amount": 179.39999999999998}, "author": {"author_id": "3443266723512524", "nickname": "桐爬馆", "follower_count": 531239}}, {"aweme": {"aweme_id": "6852996725863451912", "aweme_title": "这个问题我想了好久了，别人看我的腿到底是什么样子的呢#lolita 别问我，问我就是细！", "aweme_url": "https://www.iesdouyin.com/share/video/6852996725863451912/?region=CN&mid=6831119136685394702&u_code=0&titleType=title", "download_url": "https://www.chanmama.com/awemeDetail/6852996725863451912", "digg_count": 1463, "digg_incr": 1219, "aweme_create_time": 1595587642, "category": 4, "volume": 0, "amount": 0}, "author": {"author_id": "85703700506", "nickname": "菲娘", "follower_count": 475365}}, {"aweme": {"aweme_id": "6853006459135937807", "aweme_title": "#儿童真人编发教程 #宝宝编发 #编发@DOU+小助手 @抖音小助手", "aweme_url": "https://www.iesdouyin.com/share/video/6853006459135937807/?region=CN&mid=6853006474684254990&u_code=0&titleType=title", "download_url": "https://www.chanmama.com/awemeDetail/6853006459135937807", "digg_count": 1706, "digg_incr": 1195, "aweme_create_time": 1595589907, "category": 4, "volume": 0, "amount": 0}, "author": {"author_id": "105953531422", "nickname": "彩虹妈妈爱编发1", "follower_count": 487422}}, {"aweme": {"aweme_id": "6852994290239425807", "aweme_title": "我还是忘不掉他，每次路过殡仪馆都以为死的是他。#05 #腿", "aweme_url": "https://www.iesdouyin.com/share/video/6852994290239425807/?region=CN&mid=6829158412664720141&u_code=4ed7hm72il0f&titleType=title", "download_url": "https://www.chanmama.com/awemeDetail/6852994290239425807", "digg_count": 1516, "digg_incr": 1182, "aweme_create_time": 1595587074, "category": 4, "volume": 0, "amount": 0}, "author": {"author_id": "83782671354", "nickname": "盐7", "follower_count": 50772}}, {"aweme": {"aweme_id": "6852987119623752971", "aweme_title": "河北考生考700分的有108个！牛小妹你包包的库存还够吗？#高考分数 #河北考生 #剧情 @抖音小助手", "aweme_url": "https://www.iesdouyin.com/share/video/6852987119623752971/?region=CN&mid=6852987155136973582&u_code=0&titleType=title", "download_url": "https://www.chanmama.com/awemeDetail/6852987119623752971", "digg_count": 1613, "digg_incr": 1149, "aweme_create_time": 1595585410, "category": 4, "volume": 0, "amount": 0}, "author": {"author_id": "1041971577370683", "nickname": "食草堂", "follower_count": 445159}}, {"aweme": {"aweme_id": "6852868946429857038", "aweme_title": "#旗袍造型 最经典的旗袍与最经典的双丸子造型相结合～完美😍", "aweme_url": "https://www.iesdouyin.com/share/video/6852868946429857038/?region=CN&mid=6778758847633819652&u_code=0&titleType=title", "download_url": "https://www.chanmama.com/awemeDetail/6852868946429857038", "digg_count": 1742, "digg_incr": 1135, "aweme_create_time": 1595557892, "category": 4, "volume": 2, "amount": 17.6}, "author": {"author_id": "62354799026", "nickname": "小苹果日常编发漫漫饰品", "follower_count": 660901}}, {"aweme": {"aweme_id": "6852921143012166915", "aweme_title": "出门被问了很多次的小众项链，满满的高级感，搭配神器✨#项链控", "aweme_url": "https://www.iesdouyin.com/share/video/6852921143012166915/?region=CN&mid=6644454760969669390&u_code=0&titleType=title", "download_url": "https://www.chanmama.com/awemeDetail/6852921143012166915", "digg_count": 1102, "digg_incr": 1123, "aweme_create_time": 1595570050, "category": 4, "volume": 79, "amount": 0}, "author": {"author_id": "536152690919203", "nickname": "月月不乱花", "follower_count": 1502}}, {"aweme": {"aweme_id": "6853024902836964612", "aweme_title": "闪钻女人味高跟鞋，满满的高级感～", "aweme_url": "https://www.iesdouyin.com/share/video/6853024902836964612/?region=CN&mid=6853024926258694919&u_code=0&titleType=title", "download_url": "https://www.chanmama.com/awemeDetail/6853024902836964612", "digg_count": 1132, "digg_incr": 1110, "aweme_create_time": 1595594205, "category": 4, "volume": 0, "amount": 0}, "author": {"author_id": "71579669307", "nickname": "桐乡市石门艾微儿皮鞋厂", "follower_count": 603533}}, {"aweme": {"aweme_id": "6853019688981581056", "aweme_title": "兔子新品进入第二批预售，非常受大家青睐喜爱，想送人自留提前安排#热门 #礼物 @DOU+小助手 @抖音小助手", "aweme_url": "https://www.iesdouyin.com/share/video/6853019688981581056/?region=CN&mid=6847745709240748039&u_code=0&titleType=title", "download_url": "https://www.chanmama.com/awemeDetail/6853019688981581056", "digg_count": 1890, "digg_incr": 1094, "aweme_create_time": 1595592987, "category": 4, "volume": 0, "amount": 0}, "author": {"author_id": "59200171449", "nickname": "保定菲菲毛绒玩具", "follower_count": 198670}}, {"aweme": {"aweme_id": "6852981513621966087", "aweme_title": "和谁在一起舒服就和谁在一起，取悦别人，永远不去修行自己……#感悟人生 @抖音小助手", "aweme_url": "https://www.iesdouyin.com/share/video/6852981513621966087/?region=CN&mid=6851423997444950798&u_code=0&titleType=title", "download_url": "https://www.chanmama.com/awemeDetail/6852981513621966087", "digg_count": 1260, "digg_incr": 1077, "aweme_create_time": 1595584101, "category": 4, "volume": 1, "amount": 0}, "author": {"author_id": "92996101601", "nickname": "伊人", "follower_count": 108965}}, {"aweme": {"aweme_id": "6853052120329932039", "aweme_title": "破扇送来清风，银铃扰了旧梦，浮世万象，皆是虚空…", "aweme_url": "https://www.iesdouyin.com/share/video/6853052120329932039/?region=CN&mid=6853052128576899848&u_code=0&titleType=title", "download_url": "https://www.chanmama.com/awemeDetail/6853052120329932039", "digg_count": 1134, "digg_incr": 1069, "aweme_create_time": 1595600539, "category": 4, "volume": 0, "amount": 0}, "author": {"author_id": "53432643901", "nickname": "匠心严选", "follower_count": 509539}}, {"aweme": {"aweme_id": "6852994107594378504", "aweme_title": "可以站c位的包包来啦！有两根肩带石头纹简约气质款哦#女包 #平价 #包包搭配 #包包推荐 #穿搭 #三十而已", "aweme_url": "https://www.iesdouyin.com/share/video/6852994107594378504/?region=CN&mid=6848136227607169806&u_code=0&titleType=title", "download_url": "https://www.chanmama.com/awemeDetail/6852994107594378504", "digg_count": 1921, "digg_incr": 1065, "aweme_create_time": 1595587033, "category": 4, "volume": 0, "amount": 0}, "author": {"author_id": "734096323517812", "nickname": "艾米兔", "follower_count": 291423}}, {"aweme": {"aweme_id": "6852875412272434435", "aweme_title": "软牛皮 高品质，三种跟高可以选，工作一整天都不累脚。", "aweme_url": "https://www.iesdouyin.com/share/video/6852875412272434435/?region=CN&mid=6852875432606403341&u_code=0&titleType=title", "download_url": "https://www.chanmama.com/awemeDetail/6852875412272434435", "digg_count": 1227, "digg_incr": 1057, "aweme_create_time": 1595559401, "category": 4, "volume": 33, "amount": 4950}, "author": {"author_id": "71579669307", "nickname": "桐乡市石门艾微儿皮鞋厂", "follower_count": 603533}}, {"aweme": {"aweme_id": "6852954498130775311", "aweme_title": "外出旅游再也不怕丢东西啦#好物集市 #好物 #种草#旅游 #包", "aweme_url": "https://www.iesdouyin.com/share/video/6852954498130775311/?region=CN&mid=6852954509300255502&u_code=0&titleType=title", "download_url": "https://www.chanmama.com/awemeDetail/6852954498130775311", "digg_count": 1067, "digg_incr": 1010, "aweme_create_time": 1595577810, "category": 4, "volume": 2, "amount": 118}, "author": {"author_id": "110659289373", "nickname": "崽崽精选", "follower_count": 725930}}, {"aweme": {"aweme_id": "6853003278628703499", "aweme_title": "#汉服 #汉服发饰开箱 你的名字，是我读过最短的情诗。我很喜欢你，像春去秋来，海棠花开。", "aweme_url": "https://www.iesdouyin.com/share/video/6853003278628703499/?region=CN&mid=6816699135640406787&u_code=0&titleType=title", "download_url": "https://www.chanmama.com/awemeDetail/6853003278628703499", "digg_count": 1265, "digg_incr": 995, "aweme_create_time": 1595589171, "category": 4, "volume": 1, "amount": 6.9}, "author": {"author_id": "3434494206417819", "nickname": "雨天汉服安利", "follower_count": 35396}}, {"aweme": {"aweme_id": "6853051316898483456", "aweme_title": "#分享 #穿搭#夏天还能这么玩 关于白👔", "aweme_url": "https://www.iesdouyin.com/share/video/6853051316898483456/?region=CN&mid=6837034088097237773&u_code=0&titleType=title", "download_url": "https://www.chanmama.com/awemeDetail/6853051316898483456", "digg_count": 1466, "digg_incr": 966, "aweme_create_time": 1595600351, "category": 4, "volume": 200, "amount": 12800}, "author": {"author_id": "70899063627", "nickname": "我的邻居山田君", "follower_count": 52792}}, {"aweme": {"aweme_id": "6852816477347761408", "aweme_title": "送你一颗小❤️❤️", "aweme_url": "https://www.iesdouyin.com/share/video/6852816477347761408/?region=CN&mid=6852816688027536136&u_code=0&titleType=title", "download_url": "https://www.chanmama.com/awemeDetail/6852816477347761408", "digg_count": 1141, "digg_incr": 960, "aweme_create_time": 1595545695, "category": 4, "volume": 0, "amount": 0}, "author": {"author_id": "4503615901934184", "nickname": "闫帅和丸子头", "follower_count": 516870}}, {"aweme": {"aweme_id": "6852994282039692559", "aweme_title": "趴在爸爸的肩膀💕💕💕", "aweme_url": "https://www.iesdouyin.com/share/video/6852994282039692559/?region=CN&mid=6852994757417765646&u_code=0&titleType=title", "download_url": "https://www.chanmama.com/awemeDetail/6852994282039692559", "digg_count": 1692, "digg_incr": 950, "aweme_create_time": 1595587147, "category": 4, "volume": 0, "amount": 0}, "author": {"author_id": "4503615901934184", "nickname": "闫帅和丸子头", "follower_count": 516870}}, {"aweme": {"aweme_id": "6852921086078717197", "aweme_title": "苏州！还是十年前来过一次！今晚到苏州有什么好玩的推荐一下！", "aweme_url": "https://www.iesdouyin.com/share/video/6852921086078717197/?region=CN&mid=6718733149494446851&u_code=0&titleType=title", "download_url": "https://www.chanmama.com/awemeDetail/6852921086078717197", "digg_count": 1143, "digg_incr": 939, "aweme_create_time": 1595570031, "category": 4, "volume": 3, "amount": 0}, "author": {"author_id": "81303669786", "nickname": "钱有有的服装店", "follower_count": 110593}}, {"aweme": {"aweme_id": "6852967772071234830", "aweme_title": "好人难当，还是我破坏了她的风格#美好加热节 #抖音小助手", "aweme_url": "https://www.iesdouyin.com/share/video/6852967772071234830/?region=CN&mid=6852967792245754638&u_code=0&titleType=title", "download_url": "https://www.chanmama.com/awemeDetail/6852967772071234830", "digg_count": 1268, "digg_incr": 938, "aweme_create_time": 1595580901, "category": 4, "volume": 0, "amount": 0}, "author": {"author_id": "110717639541", "nickname": "绥化市北林区阿丁服装店", "follower_count": 273148}}, {"aweme": {"aweme_id": "6852989265282993415", "aweme_title": "@千梦工厂发了一个抖音短视频，你尽管点开，不好看算我输！", "aweme_url": "https://www.iesdouyin.com/share/video/6852989265282993415/?region=CN&mid=6843302867210963719&u_code=0&titleType=", "download_url": "https://www.chanmama.com/awemeDetail/6852989265282993415", "digg_count": 1193, "digg_incr": 912, "aweme_create_time": 1595585905, "category": 4, "volume": 2, "amount": 20}, "author": {"author_id": "59391937335", "nickname": "千梦工厂", "follower_count": 957833}}, {"aweme": {"aweme_id": "6852959558030118155", "aweme_title": "你不用做别人认可的人，不用迎合别人的标准，你只要扬起头来，做你自己，自然，就会有人来爱你#服装搭配", "aweme_url": "https://www.iesdouyin.com/share/video/6852959558030118155/?region=CN&mid=6852613495721429773&u_code=0&titleType=title", "download_url": "https://www.chanmama.com/awemeDetail/6852959558030118155", "digg_count": 1610, "digg_incr": 910, "aweme_create_time": 1595578993, "category": 4, "volume": 0, "amount": 0}, "author": {"author_id": "1552159939231835", "nickname": "雅珺服饰", "follower_count": 174552}}, {"aweme": {"aweme_id": "6852944012144315661", "aweme_title": "#健身操 #锻炼身体协调性 #增强体质 #适合所有人群健身运动", "aweme_url": "https://www.iesdouyin.com/share/video/6852944012144315661/?region=CN&mid=6852944022328855304&u_code=0&titleType=title", "download_url": "https://www.chanmama.com/awemeDetail/6852944012144315661", "digg_count": 1065, "digg_incr": 900, "aweme_create_time": 1595575369, "category": 4, "volume": 0, "amount": 0}, "author": {"author_id": "95184975291", "nickname": "香香曳舞翠翠898", "follower_count": 196339}}, {"aweme": {"aweme_id": "6853015972110961920", "aweme_title": "这款吹气火机非常好用，质量很好👍喜欢吗", "aweme_url": "https://www.iesdouyin.com/share/video/6853015972110961920/?region=CN&mid=6813569477171661575&u_code=0&titleType=title", "download_url": "https://www.chanmama.com/awemeDetail/6853015972110961920", "digg_count": 1402, "digg_incr": 863, "aweme_create_time": 1595592122, "category": 4, "volume": 0, "amount": 0}, "author": {"author_id": "98884684581", "nickname": "🍭雪儿🍭🍭", "follower_count": 308073}}, {"aweme": {"aweme_id": "6852890210808630528", "aweme_title": "如果可以 我想把我的美貌分给你 #饰品搭配不能少", "aweme_url": "https://www.iesdouyin.com/share/video/6852890210808630528/?region=CN&mid=6844110833204202253&u_code=0&titleType=title", "download_url": "https://www.chanmama.com/awemeDetail/6852890210808630528", "digg_count": 1344, "digg_incr": 862, "aweme_create_time": 1595562841, "category": 4, "volume": 2, "amount": 39.8}, "author": {"author_id": "58894245011", "nickname": "宵夜札札小搭配师", "follower_count": 422705}}, {"aweme": {"aweme_id": "6853027116435492100", "aweme_title": "自留款！这也太好看了吧！#高跟鞋 #女鞋 #鞋 #秋季搭配 #时尚穿搭", "aweme_url": "https://www.iesdouyin.com/share/video/6853027116435492100/?region=CN&mid=6819253104580676359&u_code=0&titleType=title", "download_url": "https://www.chanmama.com/awemeDetail/6853027116435492100", "digg_count": 1454, "digg_incr": 813, "aweme_create_time": 1595594721, "category": 4, "volume": 0, "amount": 0}, "author": {"author_id": "1666450692506637", "nickname": "杭州妃梵贸易有限公司", "follower_count": 400215}}, {"aweme": {"aweme_id": "6852980613142564100", "aweme_title": "超闪小花流苏#珠宝首饰 #耳饰 #耳饰控 #时尚耳环 @抖音小助手 @抖音直播 @DOU+小课堂", "aweme_url": "https://www.iesdouyin.com/share/video/6852980613142564100/?region=CN&mid=6732309918872767236&u_code=0&titleType=title", "download_url": "https://www.chanmama.com/awemeDetail/6852980613142564100", "digg_count": 4492, "digg_incr": 809, "aweme_create_time": 1595583895, "category": 4, "volume": 0, "amount": 0}, "author": {"author_id": "3619230031813207", "nickname": "玖橙饰品", "follower_count": 154628}}, {"aweme": {"aweme_id": "6852868012731665671", "aweme_title": "冷酷只是小姐姐的表面 #穿搭  #街拍  #美女", "aweme_url": "https://www.iesdouyin.com/share/video/6852868012731665671/?region=CN&mid=6852868097561692936&u_code=0&titleType=title", "download_url": "https://www.chanmama.com/awemeDetail/6852868012731665671", "digg_count": 1064, "digg_incr": 773, "aweme_create_time": 1595565012, "category": 4, "volume": 0, "amount": 0}, "author": {"author_id": "4248141129596568", "nickname": "时尚美人榜", "follower_count": 757299}}, {"aweme": {"aweme_id": "6852922721018383630", "aweme_title": "这一套都喜欢 半高领打底衫＋白色老爹裤，显高显瘦#每日穿搭 #气质穿搭 #点头像进直播间正在直播", "aweme_url": "https://www.iesdouyin.com/share/video/6852922721018383630/?region=CN&mid=6817761270272362509&u_code=0&titleType=title", "download_url": "https://www.chanmama.com/awemeDetail/6852922721018383630", "digg_count": 1186, "digg_incr": 769, "aweme_create_time": 1595570412, "category": 4, "volume": 0, "amount": 0}, "author": {"author_id": "4446061297416364", "nickname": "常熟市服装城大眼睛服装商行", "follower_count": 179897}}, {"aweme": {"aweme_id": "6852917641674312973", "aweme_title": "佛系人生，开心就好，开心小萌佛，你爱了吗？#给女朋友送礼物 #热门 @抖音小助手", "aweme_url": "https://www.iesdouyin.com/share/video/6852917641674312973/?region=CN&mid=6757683258056051470&u_code=0&titleType=title", "download_url": "https://www.chanmama.com/awemeDetail/6852917641674312973", "digg_count": 1247, "digg_incr": 723, "aweme_create_time": 1595569229, "category": 4, "volume": 1, "amount": 699}, "author": {"author_id": "94046192698", "nickname": "金尊珠宝官方账号", "follower_count": 108904}}, {"aweme": {"aweme_id": "6852837606267374863", "aweme_title": "这两天爆了1000多单，今天终于可以发齐啦，只要努力了真的没有淡季，所以一点都不敢松懈，为了自己的目标加油！", "aweme_url": "https://www.iesdouyin.com/share/video/6852837606267374863/?region=CN&mid=6828489516345494286&u_code=0&titleType=title", "download_url": "https://www.chanmama.com/awemeDetail/6852837606267374863", "digg_count": 1284, "digg_incr": 709, "aweme_create_time": 1595550595, "category": 4, "volume": 19, "amount": 3021}, "author": {"author_id": "71747427881", "nickname": "宋少芳真皮女包", "follower_count": 102853}}, {"aweme": {"aweme_id": "6852901707622436096", "aweme_title": "#一款两戴 你知道我跟我闺蜜的交情有多深吗，之前我被绑架了，她吃了一吨屎才把我救出来#韩国耳饰 #耳环", "aweme_url": "https://www.iesdouyin.com/share/video/6852901707622436096/?region=CN&mid=6822198266282298125&u_code=0&titleType=title", "download_url": "https://www.chanmama.com/awemeDetail/6852901707622436096", "digg_count": 1005, "digg_incr": 663, "aweme_create_time": 1595565518, "category": 4, "volume": 162, "amount": 2721.6}, "author": {"author_id": "63528090947", "nickname": "Farewell 深情", "follower_count": 35098}}, {"aweme": {"aweme_id": "6852897767744982285", "aweme_title": "什么才是男人的衣着品味#剃刀党 #男士穿搭 #穿搭日记 @抖音小助手", "aweme_url": "https://www.iesdouyin.com/share/video/6852897767744982285/?region=CN&mid=6848930205747137294&u_code=0&titleType=title", "download_url": "https://www.chanmama.com/awemeDetail/6852897767744982285", "digg_count": 1535, "digg_incr": 653, "aweme_create_time": 1595564610, "category": 4, "volume": 0, "amount": 0}, "author": {"author_id": "107899782824", "nickname": "马登福叔", "follower_count": 118712}}, {"aweme": {"aweme_id": "6852952599730081039", "aweme_title": "这么好看的行李箱最配你啦！#旅行 #好物推荐 #毕业季", "aweme_url": "https://www.iesdouyin.com/share/video/6852952599730081039/?region=CN&mid=6851793964522014728&u_code=0&titleType=title", "download_url": "https://www.chanmama.com/awemeDetail/6852952599730081039", "digg_count": 1002, "digg_incr": 631, "aweme_create_time": 1595577368, "category": 4, "volume": 3, "amount": 912}, "author": {"author_id": "101793848045", "nickname": "颜值好物汇", "follower_count": 622263}}, {"aweme": {"aweme_id": "6852743855918370059", "aweme_title": "夹式背带的使用方法  #夹式背带  #讲究", "aweme_url": "https://www.iesdouyin.com/share/video/6852743855918370059/?region=CN&mid=6852746121408727815&u_code=0&titleType=title", "download_url": "https://www.chanmama.com/awemeDetail/6852743855918370059", "digg_count": 1012, "digg_incr": 527, "aweme_create_time": 1595583300, "category": 4, "volume": 0, "amount": 0}, "author": {"author_id": "108126730026", "nickname": "宝藏Tailors", "follower_count": 829062}}]}