{"data": [{"aweme": {"aweme_id": "6852897140784516363", "aweme_title": "中国最著名的四大，你都有了解吗？#中国 #手写文字", "aweme_url": "https://www.iesdouyin.com/share/video/6852897140784516363/?region=CN&mid=6815514670745553671&u_code=0&titleType=title", "download_url": "https://www.chanmama.com/awemeDetail/6852897140784516363", "digg_count": 1546367, "digg_incr": 983612, "aweme_create_time": 1595564460, "category": 5, "volume": 376, "amount": 13160}, "author": {"author_id": "3689566242607912", "nickname": "抚沐", "follower_count": 799378}}, {"aweme": {"aweme_id": "6852833886225829128", "aweme_title": "我教了好久外婆还是不会用，神兽画上麻将和生肖立马会用了，怪不得大家都在私信问我神兽高考600几，这操作我服了", "aweme_url": "https://www.iesdouyin.com/share/video/6852833886225829128/?region=CN&mid=6669775757310577411&u_code=0&titleType=title", "download_url": "https://www.chanmama.com/awemeDetail/6852833886225829128", "digg_count": 156013, "digg_incr": 128588, "aweme_create_time": 1595549731, "category": 5, "volume": 87, "amount": 5133}, "author": {"author_id": "104999940268", "nickname": "暖色系", "follower_count": 365908}}, {"aweme": {"aweme_id": "6852993165239143695", "aweme_title": "马克笔真的是万能的，这么多大佬挑战的画怎么能少了我？晚点因为头发才长出来#马克笔 @抖音小助手", "aweme_url": "https://www.iesdouyin.com/share/video/6852993165239143695/?region=CN&mid=6543899232225790734&u_code=0&titleType=title", "download_url": "https://www.chanmama.com/awemeDetail/6852993165239143695", "digg_count": 54467, "digg_incr": 42729, "aweme_create_time": 1595586812, "category": 5, "volume": 0, "amount": 0}, "author": {"author_id": "58658631540", "nickname": "李老师【Time Machine】", "follower_count": 165108}}, {"aweme": {"aweme_id": "6852930718637575438", "aweme_title": "#显微镜下的世界 #科普 #螨虫", "aweme_url": "https://www.iesdouyin.com/share/video/6852930718637575438/?region=CN&mid=6852930750778575624&u_code=0&titleType=title", "download_url": "https://www.chanmama.com/awemeDetail/6852930718637575438", "digg_count": 26542, "digg_incr": 13969, "aweme_create_time": 1595572274, "category": 5, "volume": 80, "amount": 2384}, "author": {"author_id": "109274920522", "nickname": "阿阳微观实验室", "follower_count": 903354}}, {"aweme": {"aweme_id": "6852851561081703692", "aweme_title": "船长给大家分享一下赤道无风带，帆船的禁区，航海人真希望大海永远风平浪静，船长祝愿好朋友们一生都平平安安的！", "aweme_url": "https://www.iesdouyin.com/share/video/6852851561081703692/?region=CN&mid=6852851591561661191&u_code=0&titleType=title", "download_url": "https://www.chanmama.com/awemeDetail/6852851561081703692", "digg_count": 16201, "digg_incr": 12269, "aweme_create_time": 1595553850, "category": 5, "volume": 0, "amount": 0}, "author": {"author_id": "94698846791", "nickname": "中国船长", "follower_count": 846962}}, {"aweme": {"aweme_id": "6852996110529694983", "aweme_title": "厨房收纳大集合#厨房收纳", "aweme_url": "https://www.iesdouyin.com/share/video/6852996110529694983/?region=CN&mid=6545431623045745412&u_code=0&titleType=title", "download_url": "https://www.chanmama.com/awemeDetail/6852996110529694983", "digg_count": 21331, "digg_incr": 12255, "aweme_create_time": 1595587499, "category": 5, "volume": 0, "amount": 0}, "author": {"author_id": "1666452803554845", "nickname": "家居好物分享", "follower_count": 450125}}, {"aweme": {"aweme_id": "6852866108345683212", "aweme_title": "@做毛笔的老爷爷发了一个抖音短视频，你尽管点开，不好看算我输！", "aweme_url": "https://www.iesdouyin.com/share/video/6852866108345683212/?region=CN&mid=6808480130642955012&u_code=0&titleType=", "download_url": "https://www.chanmama.com/awemeDetail/6852866108345683212", "digg_count": 12189, "digg_incr": 12170, "aweme_create_time": 1595557236, "category": 5, "volume": 25, "amount": 1275}, "author": {"author_id": "93377888065", "nickname": "做毛笔的老爷爷", "follower_count": 148514}}, {"aweme": {"aweme_id": "6853011097948146944", "aweme_title": "跳的高是有原因的，我可不是天赋选手。", "aweme_url": "https://www.iesdouyin.com/share/video/6853011097948146944/?region=CN&mid=6853011143515065101&u_code=0&titleType=title", "download_url": "https://www.chanmama.com/awemeDetail/6853011097948146944", "digg_count": 11758, "digg_incr": 9844, "aweme_create_time": 1595590987, "category": 5, "volume": 6, "amount": 178.8}, "author": {"author_id": "100749355978", "nickname": "赵若霖🤩", "follower_count": 994993}}, {"aweme": {"aweme_id": "6852865513941437699", "aweme_title": "孩子接上船的第一天，起早给孩子做早餐，然后洗衣服，拖地，忙忙碌碌都快中午了，老公在开船，马上到高港船闸了#船上", "aweme_url": "https://www.iesdouyin.com/share/video/6852865513941437699/?region=CN&mid=6623560678135630599&u_code=0&titleType=title", "download_url": "https://www.chanmama.com/awemeDetail/6852865513941437699", "digg_count": 10075, "digg_incr": 9331, "aweme_create_time": 1595557097, "category": 5, "volume": 6, "amount": 478.79999999999995}, "author": {"author_id": "59130864244", "nickname": "乘风斩浪🚢杨大", "follower_count": 632380}}, {"aweme": {"aweme_id": "6852878714942901515", "aweme_title": "这么开心的视频，为什么我会看哭了呢？我要振作起来，我要打起精神跟病魔抗战，我相信可以胜利的，大家给我鼓励加油", "aweme_url": "https://www.iesdouyin.com/share/video/6852878714942901515/?region=CN&mid=6847549698803387144&u_code=0&titleType=title", "download_url": "https://www.chanmama.com/awemeDetail/6852878714942901515", "digg_count": 9557, "digg_incr": 8805, "aweme_create_time": 1595560170, "category": 5, "volume": 7, "amount": 693}, "author": {"author_id": "74595673775", "nickname": "鸥尚服装", "follower_count": 384566}}, {"aweme": {"aweme_id": "6852864233227521284", "aweme_title": "@做毛笔的老爷爷发了一个抖音短视频，你尽管点开，不好看算我输！", "aweme_url": "https://www.iesdouyin.com/share/video/6852864233227521284/?region=CN&mid=6808480130642955012&u_code=0&titleType=", "download_url": "https://www.chanmama.com/awemeDetail/6852864233227521284", "digg_count": 8872, "digg_incr": 8779, "aweme_create_time": 1595556799, "category": 5, "volume": 18, "amount": 918}, "author": {"author_id": "93377888065", "nickname": "做毛笔的老爷爷", "follower_count": 148514}}, {"aweme": {"aweme_id": "6852896992222399744", "aweme_title": "用它喝茶不开心吗？#山朵瓷器阿龙严选 #茶具 #礼物", "aweme_url": "https://www.iesdouyin.com/share/video/6852896992222399744/?region=CN&mid=6852897018201803533&u_code=0&titleType=title", "download_url": "https://www.chanmama.com/awemeDetail/6852896992222399744", "digg_count": 9580, "digg_incr": 8570, "aweme_create_time": 1595564420, "category": 5, "volume": 246, "amount": 38868}, "author": {"author_id": "1516952127277309", "nickname": "山朵瓷器阿龙严选", "follower_count": 128931}}, {"aweme": {"aweme_id": "6852976377038212355", "aweme_title": "妈妈再也不用担心脏啦～#美食趣胃计划", "aweme_url": "https://www.iesdouyin.com/share/video/6852976377038212355/?region=CN&mid=6852976408541874952&u_code=0&titleType=title", "download_url": "https://www.chanmama.com/awemeDetail/6852976377038212355", "digg_count": 9601, "digg_incr": 8023, "aweme_create_time": 1595582909, "category": 5, "volume": 31, "amount": 923.8000000000001}, "author": {"author_id": "111554124391", "nickname": "鸭鸭零食", "follower_count": 416010}}, {"aweme": {"aweme_id": "6853000049744563456", "aweme_title": "一句“卧槽”行天下~@DOU+小助手", "aweme_url": "https://www.iesdouyin.com/share/video/6853000049744563456/?region=CN&mid=6810650185933277960&u_code=0&titleType=title", "download_url": "https://www.chanmama.com/awemeDetail/6853000049744563456", "digg_count": 8124, "digg_incr": 7189, "aweme_create_time": 1595588415, "category": 5, "volume": 0, "amount": 0}, "author": {"author_id": "3685158577243615", "nickname": "阿宁_Roro", "follower_count": 544434}}, {"aweme": {"aweme_id": "6852990430263381248", "aweme_title": "学会这样说话，一开口让人喜欢。建议收藏！", "aweme_url": "https://www.iesdouyin.com/share/video/6852990430263381248/?region=CN&mid=6852990449863822094&u_code=0&titleType=title", "download_url": "https://www.chanmama.com/awemeDetail/6852990430263381248", "digg_count": 9301, "digg_incr": 6712, "aweme_create_time": 1595586175, "category": 5, "volume": 0, "amount": 0}, "author": {"author_id": "2616489200598664", "nickname": "林却却", "follower_count": 858397}}, {"aweme": {"aweme_id": "6852979780363586829", "aweme_title": "傲娇的女朋友就得哄！就像这样！ #goto #百万赞演技大赏 #沙雕", "aweme_url": "https://www.iesdouyin.com/share/video/6852979780363586829/?region=CN&mid=6852979883971250951&u_code=0&titleType=title", "download_url": "https://www.chanmama.com/awemeDetail/6852979780363586829", "digg_count": 7129, "digg_incr": 6705, "aweme_create_time": 1595583713, "category": 5, "volume": 0, "amount": 0}, "author": {"author_id": "65362564011", "nickname": "小A与阿Jay", "follower_count": 771721}}, {"aweme": {"aweme_id": "6852978915971992847", "aweme_title": "锅贴、煎饺、回头，这仨有啥区别？在线等，挺急的。", "aweme_url": "https://www.iesdouyin.com/share/video/6852978915971992847/?region=CN&mid=6439562511493630721&u_code=0&titleType=title", "download_url": "https://www.chanmama.com/awemeDetail/6852978915971992847", "digg_count": 7879, "digg_incr": 6003, "aweme_create_time": 1595583495, "category": 5, "volume": 13, "amount": 1105}, "author": {"author_id": "94095023089", "nickname": "闹闹又饿了", "follower_count": 559819}}, {"aweme": {"aweme_id": "6852981186998881551", "aweme_title": "入坑素材包测评 #手帐素材 #手帐 @抖音小助手", "aweme_url": "https://www.iesdouyin.com/share/video/6852981186998881551/?region=CN&mid=6734569335194501134&u_code=0&titleType=title", "download_url": "https://www.chanmama.com/awemeDetail/6852981186998881551", "digg_count": 8951, "digg_incr": 5866, "aweme_create_time": 1595584023, "category": 5, "volume": 0, "amount": 0}, "author": {"author_id": "73707343156", "nickname": "TongC小萝卜", "follower_count": 504294}}, {"aweme": {"aweme_id": "6852826548433702159", "aweme_title": "#居家实用分享 #收纳整理你学会了吗", "aweme_url": "https://www.iesdouyin.com/share/video/6852826548433702159/?region=CN&mid=6852826508965579527&u_code=adlm16k7jji&titleType=title", "download_url": "https://www.chanmama.com/awemeDetail/6852826548433702159", "digg_count": 5116, "digg_incr": 5116, "aweme_create_time": 1595548022, "category": 5, "volume": 205, "amount": 6129.5}, "author": {"author_id": "110081715867", "nickname": "爱生活爱分享", "follower_count": 473315}}, {"aweme": {"aweme_id": "6852988070636129549", "aweme_title": "关晓彤同款酸辣汤，低卡好喝还饱腹！#美食趣胃计划 #减肥 #热门@DOU+小助手", "aweme_url": "https://www.iesdouyin.com/share/video/6852988070636129549/?region=CN&mid=6616262332190313229&u_code=0&titleType=title", "download_url": "https://www.chanmama.com/awemeDetail/6852988070636129549", "digg_count": 7214, "digg_incr": 4615, "aweme_create_time": 1595585627, "category": 5, "volume": 1, "amount": 175}, "author": {"author_id": "110154285873", "nickname": "二慢食记", "follower_count": 340826}}, {"aweme": {"aweme_id": "6852885069770624271", "aweme_title": "听说这是物理最浪漫的公式", "aweme_url": "https://www.iesdouyin.com/share/video/6852885069770624271/?region=CN&mid=6831872892637694727&u_code=0&titleType=title", "download_url": "https://www.chanmama.com/awemeDetail/6852885069770624271", "digg_count": 5356, "digg_incr": 4353, "aweme_create_time": 1595561645, "category": 5, "volume": 0, "amount": 0}, "author": {"author_id": "96928445296", "nickname": "阿么", "follower_count": 571620}}, {"aweme": {"aweme_id": "6852990409535196419", "aweme_title": "只要记住酱汁比例 就不会失败的 窝蛋牛肉饭 鸡蛋流心 牛肉滑嫩 超级香#美食趣胃计划 #美食@抖音美食", "aweme_url": "https://www.iesdouyin.com/share/video/6852990409535196419/?region=CN&mid=6852990461867920135&u_code=0&titleType=title", "download_url": "https://www.chanmama.com/awemeDetail/6852990409535196419", "digg_count": 5785, "digg_incr": 4302, "aweme_create_time": 1595586175, "category": 5, "volume": 0, "amount": 0}, "author": {"author_id": "97098082459", "nickname": "凯哥的菜", "follower_count": 602232}}, {"aweme": {"aweme_id": "6852958028858199311", "aweme_title": "教你画", "aweme_url": "https://www.iesdouyin.com/share/video/6852958028858199311/?region=CN&mid=6794323253075642381&u_code=0&titleType=title", "download_url": "https://www.chanmama.com/awemeDetail/6852958028858199311", "digg_count": 4311, "digg_incr": 4185, "aweme_create_time": 1595578632, "category": 5, "volume": 0, "amount": 0}, "author": {"author_id": "53020006900", "nickname": "尘埃彩铅", "follower_count": 506636}}, {"aweme": {"aweme_id": "6853024400237726989", "aweme_title": "虽然说智者不入爱河，但是当遇到对的人，总想当小笨蛋。#爱情", "aweme_url": "https://www.iesdouyin.com/share/video/6853024400237726989/?region=CN&mid=6840229604046310152&u_code=0&titleType=title", "download_url": "https://www.chanmama.com/awemeDetail/6853024400237726989", "digg_count": 4518, "digg_incr": 4151, "aweme_create_time": 1595594085, "category": 5, "volume": 0, "amount": 0}, "author": {"author_id": "71126533796", "nickname": "老猫吖", "follower_count": 300656}}, {"aweme": {"aweme_id": "6852955539601739021", "aweme_title": "#变声 @抖音广告助手 #经营 #你好火星 #solo出道谁最nata #轻松一刻", "aweme_url": "https://www.iesdouyin.com/share/video/6852955539601739021/?region=CN&mid=6852955572791282439&u_code=0&titleType=title", "download_url": "https://www.chanmama.com/awemeDetail/6852955539601739021", "digg_count": 4255, "digg_incr": 4087, "aweme_create_time": 1595578054, "category": 5, "volume": 1, "amount": 3.9}, "author": {"author_id": "104394516262", "nickname": "珍爱一饰", "follower_count": 220610}}, {"aweme": {"aweme_id": "6852843142312365327", "aweme_title": "以后没钱了，尽管和我说一声，我有空给你讲一讲，没钱的日子我都是怎么艰难渡过的？尤其是这两年，我能给你说哭了😭", "aweme_url": "https://www.iesdouyin.com/share/video/6852843142312365327/?region=CN&mid=6812537777037724429&u_code=0&titleType=title", "download_url": "https://www.chanmama.com/awemeDetail/6852843142312365327", "digg_count": 5378, "digg_incr": 3811, "aweme_create_time": 1595551883, "category": 5, "volume": 0, "amount": 0}, "author": {"author_id": "104273206332", "nickname": "记录我们的点点滴滴", "follower_count": 203227}}, {"aweme": {"aweme_id": "6852966883805678855", "aweme_title": "不务正业的杯子你见过吗#水杯 #你好火星 @抖音小助手", "aweme_url": "https://www.iesdouyin.com/share/video/6852966883805678855/?region=CN&mid=6852966905264130830&u_code=0&titleType=title", "download_url": "https://www.chanmama.com/awemeDetail/6852966883805678855", "digg_count": 4430, "digg_incr": 3555, "aweme_create_time": 1595580694, "category": 5, "volume": 1, "amount": 0}, "author": {"author_id": "3575255576347228", "nickname": "女生知识", "follower_count": 942198}}, {"aweme": {"aweme_id": "6853002833797647623", "aweme_title": "#抖音小助手 #新闻 #搞笑 #军事 #脱口秀", "aweme_url": "https://www.iesdouyin.com/share/video/6853002833797647623/?region=CN&mid=6853002856002947848&u_code=0&titleType=title", "download_url": "https://www.chanmama.com/awemeDetail/6853002833797647623", "digg_count": 5935, "digg_incr": 3527, "aweme_create_time": 1595589064, "category": 5, "volume": 1, "amount": 0}, "author": {"author_id": "95799932935", "nickname": "索威-新闻脱口秀", "follower_count": 172568}}, {"aweme": {"aweme_id": "6853002084304932111", "aweme_title": "“明明是心动，却念作tong”", "aweme_url": "https://www.iesdouyin.com/share/video/6853002084304932111/?region=CN&mid=6795729752965352200&u_code=0&titleType=title", "download_url": "https://www.chanmama.com/awemeDetail/6853002084304932111", "digg_count": 4182, "digg_incr": 3221, "aweme_create_time": 1595588889, "category": 5, "volume": 4, "amount": 0}, "author": {"author_id": "3795161102680931", "nickname": "阿卿", "follower_count": 333949}}, {"aweme": {"aweme_id": "6852902363884277007", "aweme_title": "床头不再有响动了，可以安稳睡觉了#好物推荐", "aweme_url": "https://www.iesdouyin.com/share/video/6852902363884277007/?region=CN&mid=6852902379566697223&u_code=0&titleType=title", "download_url": "https://www.chanmama.com/awemeDetail/6852902363884277007", "digg_count": 3397, "digg_incr": 3041, "aweme_create_time": 1595565671, "category": 5, "volume": 0, "amount": 0}, "author": {"author_id": "4877296263", "nickname": "@三哥", "follower_count": 786296}}, {"aweme": {"aweme_id": "6852965078942158084", "aweme_title": "五桶十斤装包邮", "aweme_url": "https://www.iesdouyin.com/share/video/6852965078942158084/?region=CN&mid=6852965141722761997&u_code=38kmilhj4kj&titleType=title", "download_url": "https://www.chanmama.com/awemeDetail/6852965078942158084", "digg_count": 2642, "digg_incr": 2642, "aweme_create_time": 1595580279, "category": 5, "volume": 0, "amount": 0}, "author": {"author_id": "58512007312", "nickname": "姬侑道👌", "follower_count": 147065}}, {"aweme": {"aweme_id": "6852931455106944271", "aweme_title": "孩子长痱子，大人熬夜都可以试试这个鸽子绿豆汤。#美食推荐官 #养生 #趣胃大比拼", "aweme_url": "https://www.iesdouyin.com/share/video/6852931455106944271/?region=CN&mid=6422856471440001793&u_code=0&titleType=title", "download_url": "https://www.chanmama.com/awemeDetail/6852931455106944271", "digg_count": 6783, "digg_incr": 2621, "aweme_create_time": 1595572445, "category": 5, "volume": 0, "amount": 0}, "author": {"author_id": "1508167081800836", "nickname": "猪妈妈美食", "follower_count": 375349}}, {"aweme": {"aweme_id": "6852967797782351119", "aweme_title": "刘胖胖说：大菲、包材商改善不了质量、我们还是把包材换了吧！可是换包装又要重新投资，他说没事、我还有私房钱呢！", "aweme_url": "https://www.iesdouyin.com/share/video/6852967797782351119/?region=CN&mid=6851506777117199118&u_code=0&titleType=title", "download_url": "https://www.chanmama.com/awemeDetail/6852967797782351119", "digg_count": 2821, "digg_incr": 2571, "aweme_create_time": 1595580906, "category": 5, "volume": 289, "amount": 16762}, "author": {"author_id": "62830409930", "nickname": "上饶 时尚玺美", "follower_count": 388555}}, {"aweme": {"aweme_id": "6852989242818317572", "aweme_title": "如果你真的没有决定好，就不要给我任何的暗示～#情感美食 #美食趣胃计划 @DOU+小助手", "aweme_url": "https://www.iesdouyin.com/share/video/6852989242818317572/?region=CN&mid=6852989285239458568&u_code=0&titleType=title", "download_url": "https://www.chanmama.com/awemeDetail/6852989242818317572", "digg_count": 4856, "digg_incr": 2563, "aweme_create_time": 1595585905, "category": 5, "volume": 0, "amount": 0}, "author": {"author_id": "108311557947", "nickname": "一人厨_小斯", "follower_count": 522190}}, {"aweme": {"aweme_id": "6852933687978282255", "aweme_title": "要想蹭饭蹭得香，牙齿必须保护好🌝#vlog我的日常", "aweme_url": "https://www.iesdouyin.com/share/video/6852933687978282255/?region=CN&mid=6852933734929304333&u_code=0&titleType=title", "download_url": "https://www.chanmama.com/awemeDetail/6852933687978282255", "digg_count": 3055, "digg_incr": 2510, "aweme_create_time": 1595583777, "category": 5, "volume": 12, "amount": 0}, "author": {"author_id": "2185451465354328", "nickname": "横滨大師", "follower_count": 590918}}, {"aweme": {"aweme_id": "6852723014497307904", "aweme_title": "又可以做鱼吃了，葱姜蒜少不了，葱姜蒜拍刀来帮忙", "aweme_url": "https://www.iesdouyin.com/share/video/6852723014497307904/?region=CN&mid=6852723983499201283&u_code=0&titleType=title", "download_url": "https://www.chanmama.com/awemeDetail/6852723014497307904", "digg_count": 2634, "digg_incr": 2471, "aweme_create_time": 1595524117, "category": 5, "volume": 0, "amount": 0}, "author": {"author_id": "4503703557985437", "nickname": "美乐dy06", "follower_count": 587627}}, {"aweme": {"aweme_id": "6852994097678912782", "aweme_title": "𝘐 𝘭𝘰𝘷𝘦 𝘺𝘰𝘶 𝘵𝘩𝘳𝘦𝘦 𝘵𝘩𝘰𝘶𝘴𝘢𝘯𝘥.", "aweme_url": "https://www.iesdouyin.com/share/video/6852994097678912782/?region=CN&mid=6834438128674081550&u_code=0&titleType=title", "download_url": "https://www.chanmama.com/awemeDetail/6852994097678912782", "digg_count": 3587, "digg_incr": 2432, "aweme_create_time": 1595587030, "category": 5, "volume": 0, "amount": 0}, "author": {"author_id": "975975670875198", "nickname": "英小文", "follower_count": 821346}}, {"aweme": {"aweme_id": "6852989474192903437", "aweme_title": "忍不住吞口水的广式好味煎鸡翅，快@对象做吧！#吃在广东 #美食趣胃计划 #夏日美食我来探", "aweme_url": "https://www.iesdouyin.com/share/video/6852989474192903437/?region=CN&mid=6852989497940953863&u_code=0&titleType=title", "download_url": "https://www.chanmama.com/awemeDetail/6852989474192903437", "digg_count": 2429, "digg_incr": 2309, "aweme_create_time": 1595585954, "category": 5, "volume": 0, "amount": 0}, "author": {"author_id": "98740483330", "nickname": "饿渔记", "follower_count": 387538}}, {"aweme": {"aweme_id": "6852899621916658958", "aweme_title": "#肝癌晚期 的我没有能力在去上班，只能靠直播带货生存下去，喜欢的可以看看，不喜欢的可以划走，不要伤害我们", "aweme_url": "https://www.iesdouyin.com/share/video/6852899621916658958/?region=CN&mid=6851376678774590215&u_code=0&titleType=title", "download_url": "https://www.chanmama.com/awemeDetail/6852899621916658958", "digg_count": 2420, "digg_incr": 2301, "aweme_create_time": 1595565033, "category": 5, "volume": 0, "amount": 0}, "author": {"author_id": "82363661846", "nickname": "正能量直播间", "follower_count": 137304}}, {"aweme": {"aweme_id": "6852598193834822912", "aweme_title": "介个精华漱口水 哈气都是香香der#清新口气#种草", "aweme_url": "https://www.iesdouyin.com/share/video/6852598193834822912/?region=CN&mid=6841492789587364616&u_code=0&titleType=title", "download_url": "https://www.chanmama.com/awemeDetail/6852598193834822912", "digg_count": 2247, "digg_incr": 2193, "aweme_create_time": 1595548800, "category": 5, "volume": 15, "amount": 1035}, "author": {"author_id": "382239111651923", "nickname": "zZ元气酱", "follower_count": 110587}}, {"aweme": {"aweme_id": "6852836236978113792", "aweme_title": "回娘家看到#婆婆 用这块毛巾洗脸，我也是醉了，抖音里方法教她洗，结果……#翻新 #家居好物 @抖音小助手", "aweme_url": "https://www.iesdouyin.com/share/video/6852836236978113792/?region=CN&mid=6852836218548292360&u_code=0&titleType=title", "download_url": "https://www.chanmama.com/awemeDetail/6852836236978113792", "digg_count": 2150, "digg_incr": 2142, "aweme_create_time": 1595550277, "category": 5, "volume": 7, "amount": 336}, "author": {"author_id": "60351116814", "nickname": "潇然百货", "follower_count": 207642}}, {"aweme": {"aweme_id": "6852981988219948300", "aweme_title": "我说酸菜鱼的酸菜比鱼好吃你不反对吧？#美食 #酸菜鱼 #美食趣胃计划 @抖音小助手", "aweme_url": "https://www.iesdouyin.com/share/video/6852981988219948300/?region=CN&mid=6852982033562422030&u_code=0&titleType=title", "download_url": "https://www.chanmama.com/awemeDetail/6852981988219948300", "digg_count": 6504, "digg_incr": 1960, "aweme_create_time": 1595584215, "category": 5, "volume": 0, "amount": 0}, "author": {"author_id": "68665778245", "nickname": "丸子有点饿", "follower_count": 272900}}, {"aweme": {"aweme_id": "6852988588955536640", "aweme_title": "清晨的粥比深夜的酒好喝，骗你的人比爱你的人会说，所以不要用耳朵恋爱，爱你的人全在细节@萌小九在大足❤️", "aweme_url": "https://www.iesdouyin.com/share/video/6852988588955536640/?region=CN&mid=6852988607490198279&u_code=0&titleType=title", "download_url": "https://www.chanmama.com/awemeDetail/6852988588955536640", "digg_count": 2179, "digg_incr": 1943, "aweme_create_time": 1595585746, "category": 5, "volume": 1, "amount": 9}, "author": {"author_id": "59647924736", "nickname": "萌小九🍀请假", "follower_count": 412924}}, {"aweme": {"aweme_id": "6852971903229889800", "aweme_title": "泡面的殿堂级吃法～#泡面的神仙吃法", "aweme_url": "https://www.iesdouyin.com/share/video/6852971903229889800/?region=CN&mid=6852971920363719437&u_code=0&titleType=title", "download_url": "https://www.chanmama.com/awemeDetail/6852971903229889800", "digg_count": 5219, "digg_incr": 1924, "aweme_create_time": 1595581863, "category": 5, "volume": 0, "amount": 0}, "author": {"author_id": "58767154685", "nickname": "爱吃的小轰轰", "follower_count": 321090}}, {"aweme": {"aweme_id": "6852899395327806735", "aweme_title": "家里有番茄的可以试试做一个这样的番茄酱，沾薯条涂面包都好吃！#美食趣味大比拼", "aweme_url": "https://www.iesdouyin.com/share/video/6852899395327806735/?region=CN&mid=6852899404806933261&u_code=0&titleType=title", "download_url": "https://www.chanmama.com/awemeDetail/6852899395327806735", "digg_count": 2227, "digg_incr": 1891, "aweme_create_time": 1595564980, "category": 5, "volume": 1, "amount": 179}, "author": {"author_id": "83945810052", "nickname": "煮艺（美食分享）", "follower_count": 610571}}, {"aweme": {"aweme_id": "6852974791167626507", "aweme_title": "中国传统美食，小时候的回忆，有吃过的吗？😁今天做点给家人尝尝#韩国", "aweme_url": "https://www.iesdouyin.com/share/video/6852974791167626507/?region=CN&mid=6852974849090997005&u_code=0&titleType=title", "download_url": "https://www.chanmama.com/awemeDetail/6852974791167626507", "digg_count": 2211, "digg_incr": 1878, "aweme_create_time": 1595582540, "category": 5, "volume": 0, "amount": 0}, "author": {"author_id": "61892145399", "nickname": "牙牙和韩国大叔💋", "follower_count": 387124}}, {"aweme": {"aweme_id": "6851815115667410180", "aweme_title": "给#牙齿 做个嫩肤spa！#我的美妆日记", "aweme_url": "https://www.iesdouyin.com/share/video/6851815115667410180/?region=CN&mid=6851815168632982279&u_code=0&titleType=title", "download_url": "https://www.chanmama.com/awemeDetail/6851815115667410180", "digg_count": 1946, "digg_incr": 1856, "aweme_create_time": 1595584800, "category": 5, "volume": 0, "amount": 0}, "author": {"author_id": "58529920833", "nickname": "李濠pe7er", "follower_count": 423242}}, {"aweme": {"aweme_id": "6852928141116050691", "aweme_title": "来给大家表演个单指提壶的绝活 #紫砂壶  #紫砂  @做纸灯的星哥", "aweme_url": "https://www.iesdouyin.com/share/video/6852928141116050691/?region=CN&mid=6852928321723157261&u_code=0&titleType=title", "download_url": "https://www.chanmama.com/awemeDetail/6852928141116050691", "digg_count": 3291, "digg_incr": 1835, "aweme_create_time": 1595571714, "category": 5, "volume": 8, "amount": 536}, "author": {"author_id": "1521336025352120", "nickname": "拾七紫砂", "follower_count": 585464}}, {"aweme": {"aweme_id": "6852873457814736140", "aweme_title": "沐浴露的颜值担当就是他了，好用，关键是还很好看#好物推荐 #dou出新知 #涨知识 #好物分享", "aweme_url": "https://www.iesdouyin.com/share/video/6852873457814736140/?region=CN&mid=6852873485266602766&u_code=0&titleType=title", "download_url": "https://www.chanmama.com/awemeDetail/6852873457814736140", "digg_count": 2097, "digg_incr": 1832, "aweme_create_time": 1595558946, "category": 5, "volume": 6, "amount": 0}, "author": {"author_id": "958400419084311", "nickname": "动物巴士", "follower_count": 434992}}, {"aweme": {"aweme_id": "6852982676140461327", "aweme_title": "MUJI最近上新的透明水瓶真的太可了，只能找找同款解馋#果然好萌 #少女心 #好物推荐", "aweme_url": "https://www.iesdouyin.com/share/video/6852982676140461327/?region=CN&mid=6852982706952014605&u_code=0&titleType=title", "download_url": "https://www.chanmama.com/awemeDetail/6852982676140461327", "digg_count": 1977, "digg_incr": 1801, "aweme_create_time": 1595584370, "category": 5, "volume": 0, "amount": 0}, "author": {"author_id": "2770363849114272", "nickname": "果然好萌", "follower_count": 141885}}, {"aweme": {"aweme_id": "6852991160198221070", "aweme_title": "#奇葩同事 火火除了是杯子运营之外，其实附加业务还是怼人#办公室日常 #搞笑", "aweme_url": "https://www.iesdouyin.com/share/video/6852991160198221070/?region=CN&mid=6852991187045845773&u_code=0&titleType=title", "download_url": "https://www.chanmama.com/awemeDetail/6852991160198221070", "digg_count": 2345, "digg_incr": 1768, "aweme_create_time": 1595586346, "category": 5, "volume": 136, "amount": 2298.3999999999996}, "author": {"author_id": "97784483652", "nickname": "物生物Relea", "follower_count": 130717}}, {"aweme": {"aweme_id": "6852899091794513155", "aweme_title": "一定要看完哦", "aweme_url": "https://www.iesdouyin.com/share/video/6852899091794513155/?region=CN&mid=6852899119573682958&u_code=0&titleType=title", "download_url": "https://www.chanmama.com/awemeDetail/6852899091794513155", "digg_count": 2230, "digg_incr": 1751, "aweme_create_time": 1595564915, "category": 5, "volume": 3, "amount": 119.69999999999999}, "author": {"author_id": "83101068635", "nickname": "琳【手写】", "follower_count": 604925}}, {"aweme": {"aweme_id": "6852959392405490944", "aweme_title": "10秒钟让你学会大名鼎鼎的罗宋汤。好喝又营养，孩子常爱喝！#趣胃大比拼 @DOU+小助手", "aweme_url": "https://www.iesdouyin.com/share/video/6852959392405490944/?region=CN&mid=6852959429982210824&u_code=0&titleType=title", "download_url": "https://www.chanmama.com/awemeDetail/6852959392405490944", "digg_count": 5375, "digg_incr": 1745, "aweme_create_time": 1595578949, "category": 5, "volume": 0, "amount": 0}, "author": {"author_id": "25976808407805", "nickname": "曾小景的美食日记", "follower_count": 607718}}, {"aweme": {"aweme_id": "6852978172678425863", "aweme_title": "等开学就让麻麻买给你吧#实用 #种草 #必备 #00后 @抖音小助手", "aweme_url": "https://www.iesdouyin.com/share/video/6852978172678425863/?region=CN&mid=6822901308391966728&u_code=0&titleType=title", "download_url": "https://www.chanmama.com/awemeDetail/6852978172678425863", "digg_count": 2034, "digg_incr": 1732, "aweme_create_time": 1595583322, "category": 5, "volume": 0, "amount": 0}, "author": {"author_id": "3931454453331422", "nickname": "隔壁班好物", "follower_count": 190838}}, {"aweme": {"aweme_id": "6852964351591091463", "aweme_title": "午休坐着睡有多难受，每个人都体验过吧#午休神器 #出差旅行必备 #u型枕", "aweme_url": "https://www.iesdouyin.com/share/video/6852964351591091463/?region=CN&mid=6852964399980792590&u_code=0&titleType=title", "download_url": "https://www.chanmama.com/awemeDetail/6852964351591091463", "digg_count": 2305, "digg_incr": 1693, "aweme_create_time": 1595595180, "category": 5, "volume": 9, "amount": 1611}, "author": {"author_id": "108162182571", "nickname": "奇哆哆", "follower_count": 297456}}, {"aweme": {"aweme_id": "6852981258981543183", "aweme_title": "之前买贵的可以退了，我们家88米来8双 大家一起发发发#好物推荐 #工厂 #男鞋 #潮鞋 #鞋子 #我要上热门", "aweme_url": "https://www.iesdouyin.com/share/video/6852981258981543183/?region=CN&mid=6852981280633244429&u_code=0&titleType=title", "download_url": "https://www.chanmama.com/awemeDetail/6852981258981543183", "digg_count": 1661, "digg_incr": 1649, "aweme_create_time": 1595584040, "category": 5, "volume": 0, "amount": 0}, "author": {"author_id": "329499678092328", "nickname": "牛威小陈的十年", "follower_count": 85275}}, {"aweme": {"aweme_id": "6852811430723472654", "aweme_title": "有打我的没有，有没有打我的啊！#画画", "aweme_url": "https://www.iesdouyin.com/share/video/6852811430723472654/?region=CN&mid=6852811387018726157&u_code=0&titleType=title", "download_url": "https://www.chanmama.com/awemeDetail/6852811430723472654", "digg_count": 2613, "digg_incr": 1585, "aweme_create_time": 1595544507, "category": 5, "volume": 1, "amount": 20.5}, "author": {"author_id": "2471315676872155", "nickname": "于是欢喜", "follower_count": 289509}}, {"aweme": {"aweme_id": "6852831513751342351", "aweme_title": "衣柜小，衣服多，棉被多，搬家就用它#抖音推广 #抖音小助手 @抖音小助手", "aweme_url": "https://www.iesdouyin.com/share/video/6852831513751342351/?region=CN&mid=6852831518864608008&u_code=0&titleType=title", "download_url": "https://www.chanmama.com/awemeDetail/6852831513751342351", "digg_count": 4159, "digg_incr": 1547, "aweme_create_time": 1595549177, "category": 5, "volume": 217, "amount": 4079.6000000000004}, "author": {"author_id": "3003466130403732", "nickname": "耿姐好货推选", "follower_count": 246173}}, {"aweme": {"aweme_id": "6852919011383004424", "aweme_title": "开山新窖池，一起喝空它们#酒 #白酒 #品酒", "aweme_url": "https://www.iesdouyin.com/share/video/6852919011383004424/?region=CN&mid=6852919035316095751&u_code=0&titleType=title", "download_url": "https://www.chanmama.com/awemeDetail/6852919011383004424", "digg_count": 1550, "digg_incr": 1546, "aweme_create_time": 1595569548, "category": 5, "volume": 0, "amount": 0}, "author": {"author_id": "2101868446352316", "nickname": "开山 硬盒酿酒师", "follower_count": 108141}}, {"aweme": {"aweme_id": "6852886214744313100", "aweme_title": "当你心烦气躁的时候写写字真的能修身养性，不如和我一起写写，不用怀疑#书法 #练练毛笔 #弘扬中华传统文化", "aweme_url": "https://www.iesdouyin.com/share/video/6852886214744313100/?region=CN&mid=6814201678246464267&u_code=0&titleType=title", "download_url": "https://www.chanmama.com/awemeDetail/6852886214744313100", "digg_count": 1755, "digg_incr": 1509, "aweme_create_time": 1595561917, "category": 5, "volume": 0, "amount": 0}, "author": {"author_id": "97914600346", "nickname": "焕妆（承洋）", "follower_count": 203024}}, {"aweme": {"aweme_id": "6852719061235780871", "aweme_title": "夏日清凉必备，你喜欢什么口味的饮料呢？网课招生中……#儿童创意绘画 #每日亲子陪伴 #创意美术", "aweme_url": "https://www.iesdouyin.com/share/video/6852719061235780871/?region=CN&mid=6819166194956765192&u_code=0&titleType=title", "download_url": "https://www.chanmama.com/awemeDetail/6852719061235780871", "digg_count": 2240, "digg_incr": 1484, "aweme_create_time": 1595523005, "category": 5, "volume": 0, "amount": 0}, "author": {"author_id": "64369587598", "nickname": "玉蝶小仙", "follower_count": 570621}}, {"aweme": {"aweme_id": "6852876115594185998", "aweme_title": "厨房就要用#厨房用纸～吸水吸油，好用不贵！炸鱼、牛排前吸水，擦拭果蔬，清洗碗碟，清洁厨具等#你好火星", "aweme_url": "https://www.iesdouyin.com/share/video/6852876115594185998/?region=CN&mid=6665589457334307587&u_code=0&titleType=title", "download_url": "https://www.chanmama.com/awemeDetail/6852876115594185998", "digg_count": 2865, "digg_incr": 1468, "aweme_create_time": 1595559561, "category": 5, "volume": 3, "amount": 21}, "author": {"author_id": "65523235411", "nickname": "高兴妈🌈", "follower_count": 243666}}, {"aweme": {"aweme_id": "6852982035489852683", "aweme_title": "经典歌曲最有味道", "aweme_url": "https://www.iesdouyin.com/share/video/6852982035489852683/?region=CN&mid=6852982071527344904&u_code=0&titleType=title", "download_url": "https://www.chanmama.com/awemeDetail/6852982035489852683", "digg_count": 2603, "digg_incr": 1447, "aweme_create_time": 1595584227, "category": 5, "volume": 1, "amount": 9}, "author": {"author_id": "99879140706", "nickname": "༺ཌༀཉི岆橆༃ༀད༻", "follower_count": 414746}}, {"aweme": {"aweme_id": "6852925234933157128", "aweme_title": "分享一个丝瓜炖鸡蛋的，简单做法，汤鲜味美。 #美食趣胃计划", "aweme_url": "https://www.iesdouyin.com/share/video/6852925234933157128/?region=CN&mid=6852925709313493773&u_code=0&titleType=title", "download_url": "https://www.chanmama.com/awemeDetail/6852925234933157128", "digg_count": 1957, "digg_incr": 1441, "aweme_create_time": 1595571105, "category": 5, "volume": 0, "amount": 0}, "author": {"author_id": "4322891217511652", "nickname": "杰哥美食 （家常菜）", "follower_count": 825454}}, {"aweme": {"aweme_id": "6852961350340152588", "aweme_title": "家里有厨房的一定要安排上这样的煎蛋锅#煎蛋锅 #煎鸡蛋 #煎蛋 #煎蛋不粘锅 @抖音小助手 #DOU", "aweme_url": "https://www.iesdouyin.com/share/video/6852961350340152588/?region=CN&mid=6852961378865564429&u_code=0&titleType=title", "download_url": "https://www.chanmama.com/awemeDetail/6852961350340152588", "digg_count": 1472, "digg_incr": 1381, "aweme_create_time": 1595579411, "category": 5, "volume": 0, "amount": 0}, "author": {"author_id": "111387862092", "nickname": "一点通", "follower_count": 110692}}, {"aweme": {"aweme_id": "6852973676694981899", "aweme_title": "#手帐 #高山文创 #maria 木子里今天也变身名画人物进入到手帐里面了～@抖音小助手@DOU+小助手", "aweme_url": "https://www.iesdouyin.com/share/video/6852973676694981899/?region=CN&mid=6843607089181362177&u_code=0&titleType=title", "download_url": "https://www.chanmama.com/awemeDetail/6852973676694981899", "digg_count": 2198, "digg_incr": 1375, "aweme_create_time": 1595582281, "category": 5, "volume": 12, "amount": 117.60000000000001}, "author": {"author_id": "103046424575", "nickname": "高山文创教你玩手账", "follower_count": 206949}}, {"aweme": {"aweme_id": "6852838299908820231", "aweme_title": "哪里都能放的收纳架，自带垃圾桶，容量大，颜值还高#上热门", "aweme_url": "https://www.iesdouyin.com/share/video/6852838299908820231/?region=CN&mid=6555665068007426829&u_code=a447a2bbj19&titleType=title", "download_url": "https://www.chanmama.com/awemeDetail/6852838299908820231", "digg_count": 1348, "digg_incr": 1284, "aweme_create_time": 1595550758, "category": 5, "volume": 0, "amount": 0}, "author": {"author_id": "80579189991", "nickname": "小二说家居", "follower_count": 484469}}, {"aweme": {"aweme_id": "6852840281100848392", "aweme_title": "你是那个普通人吗？#感谢抖音 #我要上热门 #抖音小助手", "aweme_url": "https://www.iesdouyin.com/share/video/6852840281100848392/?region=CN&mid=6852840271450082056&u_code=0&titleType=title", "download_url": "https://www.chanmama.com/awemeDetail/6852840281100848392", "digg_count": 2016, "digg_incr": 1267, "aweme_create_time": 1595551220, "category": 5, "volume": 3, "amount": 119.69999999999999}, "author": {"author_id": "102254890803", "nickname": "夏天练字", "follower_count": 934005}}, {"aweme": {"aweme_id": "6852999967833967887", "aweme_title": "邻居说我，说美不美，说丑不丑！要才艺没才艺，就有一点厨艺，你能嫁出去吗？你们给我出个主意？我太难#抖音小助手", "aweme_url": "https://www.iesdouyin.com/share/video/6852999967833967887/?region=CN&mid=6848169634403863304&u_code=0&titleType=title", "download_url": "https://www.chanmama.com/awemeDetail/6852999967833967887", "digg_count": 2051, "digg_incr": 1246, "aweme_create_time": 1595588401, "category": 5, "volume": 0, "amount": 0}, "author": {"author_id": "70428460712", "nickname": "单身有缘遇见你", "follower_count": 669136}}, {"aweme": {"aweme_id": "6852872902463835396", "aweme_title": "得力的自动铅笔和中性笔来了！", "aweme_url": "https://www.iesdouyin.com/share/video/6852872902463835396/?region=CN&mid=6852872933723966216&u_code=3570h42lajea&titleType=title", "download_url": "https://www.chanmama.com/awemeDetail/6852872902463835396", "digg_count": 1242, "digg_incr": 1246, "aweme_create_time": 1595558818, "category": 5, "volume": 0, "amount": 0}, "author": {"author_id": "2493306864679933", "nickname": "连威百货优品", "follower_count": 52509}}, {"aweme": {"aweme_id": "6852894505767570699", "aweme_title": "天呐黑科技#电动牙刷 射频技术清洁牙结石，高颜值外观，主要便宜#好物分享 #刷牙 #cfcf电动牙刷", "aweme_url": "https://www.iesdouyin.com/share/video/6852894505767570699/?region=CN&mid=6805436250414123009&u_code=0&titleType=title", "download_url": "https://www.chanmama.com/awemeDetail/6852894505767570699", "digg_count": 1243, "digg_incr": 1243, "aweme_create_time": 1595570475, "category": 5, "volume": 3, "amount": 597}, "author": {"author_id": "3245404131691844", "nickname": "小纯白", "follower_count": 99918}}, {"aweme": {"aweme_id": "6852893379517369607", "aweme_title": "有了它老婆什么瓶盖都轻松开启#@抖音小助手 #好物推荐", "aweme_url": "https://www.iesdouyin.com/share/video/6852893379517369607/?region=CN&mid=6852893395443337998&u_code=0&titleType=title", "download_url": "https://www.chanmama.com/awemeDetail/6852893379517369607", "digg_count": 1256, "digg_incr": 1234, "aweme_create_time": 1595563580, "category": 5, "volume": 0, "amount": 0}, "author": {"author_id": "3390491546096685", "nickname": "马克有好货", "follower_count": 100644}}, {"aweme": {"aweme_id": "6853045064961182990", "aweme_title": "老婆又在给宝宝做小饼🍳做了N次0失败！都是用的这个辅食锅，我买来49今天只要9！煮粥做饼都可以#直播进", "aweme_url": "https://www.iesdouyin.com/share/video/6853045064961182990/?region=CN&mid=6811781347007417092&u_code=0&titleType=title", "download_url": "https://www.chanmama.com/awemeDetail/6853045064961182990", "digg_count": 1296, "digg_incr": 1230, "aweme_create_time": 1595598897, "category": 5, "volume": 2, "amount": 18}, "author": {"author_id": "62321234913", "nickname": "4琦(五月妈)", "follower_count": 137744}}, {"aweme": {"aweme_id": "6852860391450479872", "aweme_title": "连续下了几天雨，到处淹了，每次上岸买菜都得这样走，@粘人的小妖精💃胡姐", "aweme_url": "https://www.iesdouyin.com/share/video/6852860391450479872/?region=CN&mid=6546409712613591815&u_code=0&titleType=title", "download_url": "https://www.chanmama.com/awemeDetail/6852860391450479872", "digg_count": 1721, "digg_incr": 1229, "aweme_create_time": 1595555899, "category": 5, "volume": 0, "amount": 0}, "author": {"author_id": "80764806654", "nickname": "灌云女船长！胡姐", "follower_count": 425232}}, {"aweme": {"aweme_id": "6852851110458297607", "aweme_title": "家里洗漱台总是乱糟糟，装上这个牙刷架就完美解决噢！颜值也高，干净卫生，确实很不错！#牙刷架 #卫生间", "aweme_url": "https://www.iesdouyin.com/share/video/6852851110458297607/?region=CN&mid=6852851113931066119&u_code=0&titleType=title", "download_url": "https://www.chanmama.com/awemeDetail/6852851110458297607", "digg_count": 1667, "digg_incr": 1172, "aweme_create_time": 1595553740, "category": 5, "volume": 11, "amount": 273.9}, "author": {"author_id": "3390535587335588", "nickname": "我是亚楠呀！", "follower_count": 123218}}, {"aweme": {"aweme_id": "6852936348223982860", "aweme_title": "不用自己调味的泰式酸辣鸡翅 #鸡脚  #鸡翅  #酸辣  @抖音小助手", "aweme_url": "https://www.iesdouyin.com/share/video/6852936348223982860/?region=CN&mid=6852936602772491022&u_code=0&titleType=title", "download_url": "https://www.chanmama.com/awemeDetail/6852936348223982860", "digg_count": 1525, "digg_incr": 1124, "aweme_create_time": 1595581200, "category": 5, "volume": 25, "amount": 387.5}, "author": {"author_id": "153568427644622", "nickname": "云南匠果美食教程", "follower_count": 450613}}, {"aweme": {"aweme_id": "6852893487189232899", "aweme_title": "突然来的赶紧去搂，数量不多马上开播#直播 #好物推荐 #文具安利", "aweme_url": "https://www.iesdouyin.com/share/video/6852893487189232899/?region=CN&mid=6852893513382660871&u_code=0&titleType=title", "download_url": "https://www.chanmama.com/awemeDetail/6852893487189232899", "digg_count": 1123, "digg_incr": 1123, "aweme_create_time": 1595563609, "category": 5, "volume": 192, "amount": 364.79999999999995}, "author": {"author_id": "70919272961", "nickname": "大隋欣", "follower_count": 98409}}, {"aweme": {"aweme_id": "6852886929399188750", "aweme_title": "平价护肤小物品你get了吗#少女心好物 #护肤 #平价 #学生 #种草", "aweme_url": "https://www.iesdouyin.com/share/video/6852886929399188750/?region=CN&mid=6852886939251624718&u_code=0&titleType=title", "download_url": "https://www.chanmama.com/awemeDetail/6852886929399188750", "digg_count": 1154, "digg_incr": 1121, "aweme_create_time": 1595562079, "category": 5, "volume": 0, "amount": 0}, "author": {"author_id": "19306678092", "nickname": "好物驿站", "follower_count": 237413}}, {"aweme": {"aweme_id": "6852921599507631368", "aweme_title": "想要把字写好，握笔姿势是关键。一句口诀解决烦恼。#书法 #握笔姿势 #抖音小助手 #练字", "aweme_url": "https://www.iesdouyin.com/share/video/6852921599507631368/?region=CN&mid=6779527453456157448&u_code=0&titleType=title", "download_url": "https://www.chanmama.com/awemeDetail/6852921599507631368", "digg_count": 1154, "digg_incr": 1105, "aweme_create_time": 1595570151, "category": 5, "volume": 3, "amount": 119.39999999999999}, "author": {"author_id": "3988670577652279", "nickname": "悠悠的书屋", "follower_count": 85806}}, {"aweme": {"aweme_id": "6852949567638359311", "aweme_title": "夏季不要再喝冷饮了，记得多喝汤！冬天手脚才不会冰冰凉！#鲍鱼汤", "aweme_url": "https://www.iesdouyin.com/share/video/6852949567638359311/?region=CN&mid=6852949585586195214&u_code=0&titleType=title", "download_url": "https://www.chanmama.com/awemeDetail/6852949567638359311", "digg_count": 5123, "digg_incr": 1081, "aweme_create_time": 1595576662, "category": 5, "volume": 0, "amount": 0}, "author": {"author_id": "97839466663", "nickname": "小兔教做菜", "follower_count": 764325}}, {"aweme": {"aweme_id": "6852981382226906383", "aweme_title": "夏天各种瓜和海鲜的搭配，是餐桌上必不可少的菜肴。#节瓜闷蟹 #海鲜 #二人食", "aweme_url": "https://www.iesdouyin.com/share/video/6852981382226906383/?region=CN&mid=6852981464074619656&u_code=0&titleType=title", "download_url": "https://www.chanmama.com/awemeDetail/6852981382226906383", "digg_count": 2116, "digg_incr": 1057, "aweme_create_time": 1595584074, "category": 5, "volume": 1, "amount": 67.62}, "author": {"author_id": "75093973237", "nickname": "陈小招", "follower_count": 184399}}, {"aweme": {"aweme_id": "6852908351479631117", "aweme_title": "买家没有卖家精三--到底是卖什么价格？#马克笔  #好物推荐  #我要上热门", "aweme_url": "https://www.iesdouyin.com/share/video/6852908351479631117/?region=CN&mid=6852908474569870093&u_code=0&titleType=title", "download_url": "https://www.chanmama.com/awemeDetail/6852908351479631117", "digg_count": 1063, "digg_incr": 1056, "aweme_create_time": 1595567089, "category": 5, "volume": 57, "amount": 1533.3}, "author": {"author_id": "2308612364440180", "nickname": "小玲优选", "follower_count": 70898}}, {"aweme": {"aweme_id": "6852867746817002756", "aweme_title": "#魔道祖师 #江澄 画个舅舅（带色号）#元气绘画班", "aweme_url": "https://www.iesdouyin.com/share/video/6852867746817002756/?region=CN&mid=6729375372342725383&u_code=0&titleType=title", "download_url": "https://www.chanmama.com/awemeDetail/6852867746817002756", "digg_count": 1236, "digg_incr": 1046, "aweme_create_time": 1595557618, "category": 5, "volume": 2, "amount": 0}, "author": {"author_id": "73346554338", "nickname": "蛋奶饼干。 ✨", "follower_count": 414142}}, {"aweme": {"aweme_id": "6852878765966609676", "aweme_title": "今天依然是想你的一天#手帐 #字体", "aweme_url": "https://www.iesdouyin.com/share/video/6852878765966609676/?region=CN&mid=6844464421595514887&u_code=0&titleType=title", "download_url": "https://www.chanmama.com/awemeDetail/6852878765966609676", "digg_count": 1630, "digg_incr": 1005, "aweme_create_time": 1595560183, "category": 5, "volume": 0, "amount": 0}, "author": {"author_id": "91652682870", "nickname": "一起画手账", "follower_count": 628811}}, {"aweme": {"aweme_id": "6852987889291201806", "aweme_title": "看完实测大吃一惊！#电动牙刷", "aweme_url": "https://www.iesdouyin.com/share/video/6852987889291201806/?region=CN&mid=6852987984376400653&u_code=0&titleType=title", "download_url": "https://www.chanmama.com/awemeDetail/6852987889291201806", "digg_count": 1036, "digg_incr": 1005, "aweme_create_time": 1595585601, "category": 5, "volume": 3, "amount": 597}, "author": {"author_id": "107738331744", "nickname": "大姨丈评测", "follower_count": 429095}}, {"aweme": {"aweme_id": "6852992954827853067", "aweme_title": "#diy创意手工 会飞的小蝴蝶，做起来也很简单哦", "aweme_url": "https://www.iesdouyin.com/share/video/6852992954827853067/?region=CN&mid=6852992985446091533&u_code=0&titleType=title", "download_url": "https://www.chanmama.com/awemeDetail/6852992954827853067", "digg_count": 1539, "digg_incr": 995, "aweme_create_time": 1595586769, "category": 5, "volume": 0, "amount": 0}, "author": {"author_id": "95753159897", "nickname": "玲姐手工", "follower_count": 531820}}, {"aweme": {"aweme_id": "6852910395947093261", "aweme_title": "真的好好闻！简直不要太爱！", "aweme_url": "https://www.iesdouyin.com/share/video/6852910395947093261/?region=CN&mid=6852910927621147400&u_code=2i2e60il15e0&titleType=title", "download_url": "https://www.chanmama.com/awemeDetail/6852910395947093261", "digg_count": 1182, "digg_incr": 993, "aweme_create_time": 1595581200, "category": 5, "volume": 0, "amount": 0}, "author": {"author_id": "103378630943", "nickname": "阔喵🐱狂躁开箱", "follower_count": 690786}}, {"aweme": {"aweme_id": "6852963108051242252", "aweme_title": "软萌的大白兔冷饮店机关手帐新鲜出炉啦！甜甜的味道，爱了么😄#手帐日常 #大白兔奶糖 #手账", "aweme_url": "https://www.iesdouyin.com/share/video/6852963108051242252/?region=CN&mid=6847017781834173198&u_code=0&titleType=title", "download_url": "https://www.chanmama.com/awemeDetail/6852963108051242252", "digg_count": 1557, "digg_incr": 991, "aweme_create_time": 1595579821, "category": 5, "volume": 0, "amount": 0}, "author": {"author_id": "101561696314", "nickname": "少女心课代表", "follower_count": 351937}}, {"aweme": {"aweme_id": "6852936370273537295", "aweme_title": "#桃之夭夭 都学会了吧，今天上一个雪花飘飘", "aweme_url": "https://www.iesdouyin.com/share/video/6852936370273537295/?region=CN&mid=6852936405745617677&u_code=0&titleType=title", "download_url": "https://www.chanmama.com/awemeDetail/6852936370273537295", "digg_count": 1140, "digg_incr": 970, "aweme_create_time": 1595573589, "category": 5, "volume": 9, "amount": 53.01}, "author": {"author_id": "75878245983", "nickname": "小静子美食记", "follower_count": 968663}}, {"aweme": {"aweme_id": "6852878490593709327", "aweme_title": "强迫症也好，洁癖也罢，反正卫生不做完出门不踏实，就算是请我吃大餐也得等我收拾完再去😄刚下过小雨先清洗一下纱窗", "aweme_url": "https://www.iesdouyin.com/share/video/6852878490593709327/?region=CN&mid=6803950683415382030&u_code=0&titleType=title", "download_url": "https://www.chanmama.com/awemeDetail/6852878490593709327", "digg_count": 1324, "digg_incr": 958, "aweme_create_time": 1595560113, "category": 5, "volume": 1, "amount": 30}, "author": {"author_id": "79940881061", "nickname": "麦兜兜", "follower_count": 533956}}, {"aweme": {"aweme_id": "6852867739401407744", "aweme_title": "最怕的就是家里来客人，突然说你家有一股什么味道？#爱宠里云社区 #你好火星", "aweme_url": "https://www.iesdouyin.com/share/video/6852867739401407744/?region=CN&mid=6810816431312095240&u_code=0&titleType=title", "download_url": "https://www.chanmama.com/awemeDetail/6852867739401407744", "digg_count": 1062, "digg_incr": 923, "aweme_create_time": 1595557616, "category": 5, "volume": 5, "amount": 224.5}, "author": {"author_id": "1332228471131612", "nickname": "_芭芭拉❤️（巨型贵宾）", "follower_count": 183891}}, {"aweme": {"aweme_id": "6852825544443186440", "aweme_title": "两个孩子想吃卤鸡胗鸡爪了，自己在家卤一锅，太解馋了 #美食趣味计划", "aweme_url": "https://www.iesdouyin.com/share/video/6852825544443186440/?region=CN&mid=6852825637992860430&u_code=0&titleType=title", "download_url": "https://www.chanmama.com/awemeDetail/6852825544443186440", "digg_count": 1287, "digg_incr": 870, "aweme_create_time": 1595547813, "category": 5, "volume": 2, "amount": 278}, "author": {"author_id": "1947941586612731", "nickname": "金玲生活日记", "follower_count": 830847}}, {"aweme": {"aweme_id": "6852887039134780680", "aweme_title": "#创意美术 #折纸画 #海贼王 等我在画一个帅点的", "aweme_url": "https://www.iesdouyin.com/share/video/6852887039134780680/?region=CN&mid=6667022111476910852&u_code=0&titleType=title", "download_url": "https://www.chanmama.com/awemeDetail/6852887039134780680", "digg_count": 1120, "digg_incr": 850, "aweme_create_time": 1595562104, "category": 5, "volume": 1, "amount": 16.8}, "author": {"author_id": "68721910892", "nickname": "找点创意【绘浮生】", "follower_count": 635725}}, {"aweme": {"aweme_id": "6852917498644417792", "aweme_title": "可爱的萌萌哒萌宠手帐，一步一步萌化你的心🐶#萌宠 #手帐素材 #手账打卡", "aweme_url": "https://www.iesdouyin.com/share/video/6852917498644417792/?region=CN&mid=6809936692930152449&u_code=0&titleType=title", "download_url": "https://www.chanmama.com/awemeDetail/6852917498644417792", "digg_count": 1344, "digg_incr": 844, "aweme_create_time": 1595569195, "category": 5, "volume": 0, "amount": 0}, "author": {"author_id": "2018305653869565", "nickname": "布丁猫", "follower_count": 314285}}, {"aweme": {"aweme_id": "6852885475825437959", "aweme_title": "朴西家拖鞋真的很好穿 质量好 穿上非常跟脚舒适  拖鞋就认准他家的 #朴西拖鞋", "aweme_url": "https://www.iesdouyin.com/share/video/6852885475825437959/?region=CN&mid=6829668981570292494&u_code=0&titleType=title", "download_url": "https://www.chanmama.com/awemeDetail/6852885475825437959", "digg_count": 1118, "digg_incr": 834, "aweme_create_time": 1595561740, "category": 5, "volume": 2, "amount": 59.58}, "author": {"author_id": "95658844681", "nickname": "🍒TiTis.", "follower_count": 524677}}, {"aweme": {"aweme_id": "6853000403143970062", "aweme_title": "#作文素材", "aweme_url": "https://www.iesdouyin.com/share/video/6853000403143970062/?region=CN&mid=6721176218273647367&u_code=0&titleType=title", "download_url": "https://www.chanmama.com/awemeDetail/6853000403143970062", "digg_count": 1083, "digg_incr": 799, "aweme_create_time": 1595588498, "category": 5, "volume": 0, "amount": 0}, "author": {"author_id": "111007764851", "nickname": "热心网友安安", "follower_count": 220957}}, {"aweme": {"aweme_id": "6852912385825525006", "aweme_title": "这个水杯真好啊 携带也方便 要的下呦", "aweme_url": "https://www.iesdouyin.com/share/video/6852912385825525006/?region=CN&mid=6852912701744974605&u_code=0&titleType=title", "download_url": "https://www.chanmama.com/awemeDetail/6852912385825525006", "digg_count": 1215, "digg_incr": 775, "aweme_create_time": 1595568005, "category": 5, "volume": 0, "amount": 0}, "author": {"author_id": "62253860030", "nickname": "雪宝熊", "follower_count": 424572}}, {"aweme": {"aweme_id": "6852986517242088711", "aweme_title": "最后的测评视频来了！五个维度一起测评 #水彩测评   #水彩   #水彩颜料测评", "aweme_url": "https://www.iesdouyin.com/share/video/6852986517242088711/?region=CN&mid=6852986636284824334&u_code=0&titleType=title", "download_url": "https://www.chanmama.com/awemeDetail/6852986517242088711", "digg_count": 1862, "digg_incr": 732, "aweme_create_time": 1595585284, "category": 5, "volume": 0, "amount": 0}, "author": {"author_id": "97353318445", "nickname": "爱画画的小莹", "follower_count": 301563}}, {"aweme": {"aweme_id": "6852910283732716807", "aweme_title": "貌似我老公确实有点小洁癖，不过只要家里干净舒心就好@抖音小助手", "aweme_url": "https://www.iesdouyin.com/share/video/6852910283732716807/?region=CN&mid=6852910665707817742&u_code=0&titleType=title", "download_url": "https://www.chanmama.com/awemeDetail/6852910283732716807", "digg_count": 1694, "digg_incr": 729, "aweme_create_time": 1595567515, "category": 5, "volume": 0, "amount": 0}, "author": {"author_id": "1138733820412428", "nickname": "甜柠檬lemon", "follower_count": 210073}}, {"aweme": {"aweme_id": "6852999792973335823", "aweme_title": "绿色系肉球排版，清爽不？#手帐排版 #可爱 #手帐 @抖音小助手", "aweme_url": "https://www.iesdouyin.com/share/video/6852999792973335823/?region=CN&mid=6852999845301504782&u_code=0&titleType=title", "download_url": "https://www.chanmama.com/awemeDetail/6852999792973335823", "digg_count": 1014, "digg_incr": 712, "aweme_create_time": 1595588355, "category": 5, "volume": 0, "amount": 0}, "author": {"author_id": "63817988586", "nickname": "little冬手帐", "follower_count": 143500}}]}