{"data": [{"aweme": {"aweme_id": "6852919380821445903", "aweme_title": "姐妹们来，点头像正在直播👉", "aweme_url": "https://www.iesdouyin.com/share/video/6852919380821445903/?region=CN&mid=6852919389264579336&u_code=0&titleType=title", "download_url": "https://www.chanmama.com/awemeDetail/6852919380821445903", "digg_count": 138980, "digg_incr": 114059, "aweme_create_time": 1595569633, "category": 6, "volume": 0, "amount": 0}, "author": {"author_id": "1578532566736478", "nickname": "常熟市语曦服饰商行", "follower_count": 166218}}, {"aweme": {"aweme_id": "6852984318399237391", "aweme_title": "老铁们，这家真黑不了", "aweme_url": "https://www.iesdouyin.com/share/video/6852984318399237391/?region=CN&mid=6852984348178647821&u_code=0&titleType=title", "download_url": "https://www.chanmama.com/awemeDetail/6852984318399237391", "digg_count": 168954, "digg_incr": 91535, "aweme_create_time": 1595584753, "category": 6, "volume": 15, "amount": 2370}, "author": {"author_id": "1085924456012344", "nickname": "张较真", "follower_count": 364796}}, {"aweme": {"aweme_id": "6852870625581731083", "aweme_title": "去爱一个让你做回小朋友的人，而不是总嫌你不懂事的人#情侣 #手工diy #手工包包 #情侣礼物@DOU+小助手", "aweme_url": "https://www.iesdouyin.com/share/video/6852870625581731083/?region=CN&mid=6844384289308658440&u_code=0&titleType=title", "download_url": "https://www.chanmama.com/awemeDetail/6852870625581731083", "digg_count": 107300, "digg_incr": 75429, "aweme_create_time": 1595558288, "category": 6, "volume": 0, "amount": 0}, "author": {"author_id": "111449242045", "nickname": "大白❤️小黑", "follower_count": 19769}}, {"aweme": {"aweme_id": "6852984296169295111", "aweme_title": "一款让孩子爱上洗澡的玩具#洗澡玩具 #宝宝洗澡 #玩具 #热门推荐 #上热门", "aweme_url": "https://www.iesdouyin.com/share/video/6852984296169295111/?region=CN&mid=6852984377564007182&u_code=0&titleType=title", "download_url": "https://www.chanmama.com/awemeDetail/6852984296169295111", "digg_count": 55887, "digg_incr": 52157, "aweme_create_time": 1595584763, "category": 6, "volume": 0, "amount": 0}, "author": {"author_id": "2471293741701965", "nickname": "爱萌商贸有限公司", "follower_count": 160886}}, {"aweme": {"aweme_id": "6852934421088111872", "aweme_title": "宝宝天性爱玩水 每次都玩的家里乱七八糟 现在好了 有了这个洗菜玩具，放开了随便玩 自己可以玩一天，安排吧🤣", "aweme_url": "https://www.iesdouyin.com/share/video/6852934421088111872/?region=CN&mid=6824310970006113032&u_code=0&titleType=title", "download_url": "https://www.chanmama.com/awemeDetail/6852934421088111872", "digg_count": 56428, "digg_incr": 29967, "aweme_create_time": 1595573135, "category": 6, "volume": 0, "amount": 0}, "author": {"author_id": "782472733524158", "nickname": "伊宝贝爱你哦", "follower_count": 114783}}, {"aweme": {"aweme_id": "6852874393496882446", "aweme_title": "一款让孩子爱上洗澡的玩具#洗澡玩具 #宝宝洗澡 #玩具 #热门推荐 #上热门", "aweme_url": "https://www.iesdouyin.com/share/video/6852874393496882446/?region=CN&mid=6852874485978696456&u_code=ki8abl773d4&titleType=title", "download_url": "https://www.chanmama.com/awemeDetail/6852874393496882446", "digg_count": 28300, "digg_incr": 28471, "aweme_create_time": 1595559179, "category": 6, "volume": 0, "amount": 0}, "author": {"author_id": "2471293741701965", "nickname": "爱萌商贸有限公司", "follower_count": 160886}}, {"aweme": {"aweme_id": "6853001171095833868", "aweme_title": "不瘦？不服？直播间见！#平衡波 #减肥 @平衡波", "aweme_url": "https://www.iesdouyin.com/share/video/6853001171095833868/?region=CN&mid=6853001195733633799&u_code=0&titleType=title", "download_url": "https://www.chanmama.com/awemeDetail/6853001171095833868", "digg_count": 21438, "digg_incr": 15577, "aweme_create_time": 1595588681, "category": 6, "volume": 0, "amount": 0}, "author": {"author_id": "659316696947979", "nickname": "波动空间", "follower_count": 167258}}, {"aweme": {"aweme_id": "6852831968908823815", "aweme_title": "爱心天使猪～ 我爱你，就像风走了千万里不问归期，像太阳升了落去无论朝夕。#热门 @DOU+小助手 @抖音小助手", "aweme_url": "https://www.iesdouyin.com/share/video/6852831968908823815/?region=CN&mid=6852831956179487502&u_code=0&titleType=title", "download_url": "https://www.chanmama.com/awemeDetail/6852831968908823815", "digg_count": 17713, "digg_incr": 15017, "aweme_create_time": 1595549285, "category": 6, "volume": 0, "amount": 0}, "author": {"author_id": "712096802415936", "nickname": "丫丫毛绒玩具", "follower_count": 249000}}, {"aweme": {"aweme_id": "6852915304410959111", "aweme_title": "今祖国双喜临门，我觉着，怎么着也得喝点。", "aweme_url": "https://www.iesdouyin.com/share/video/6852915304410959111/?region=CN&mid=6852915341891242759&u_code=6i13cie1j8k&titleType=title", "download_url": "https://www.chanmama.com/awemeDetail/6852915304410959111", "digg_count": 11458, "digg_incr": 11458, "aweme_create_time": 1595568684, "category": 6, "volume": 0, "amount": 0}, "author": {"author_id": "99449822245", "nickname": "国防体验营", "follower_count": 457314}}, {"aweme": {"aweme_id": "6852890872007118095", "aweme_title": "ᴿᵃʳᵉ ⁱⁿ ᵗʰᵉ ʷᵒʳˡᵈ ʸᵒᵘ'ʳᵉ ʷᵒʳᵗʰ ⁱᵗ. 世间难得 你很值得#少女心 #惊喜", "aweme_url": "https://www.iesdouyin.com/share/video/6852890872007118095/?region=CN&mid=6852890883612756749&u_code=0&titleType=title", "download_url": "https://www.chanmama.com/awemeDetail/6852890872007118095", "digg_count": 15784, "digg_incr": 10605, "aweme_create_time": 1595562995, "category": 6, "volume": 0, "amount": 0}, "author": {"author_id": "3610448807338493", "nickname": "玩具收藏菌", "follower_count": 61613}}, {"aweme": {"aweme_id": "6852868253644033293", "aweme_title": "#皮卡丘 #真会做生意太抠了 #小可爱上线 #萌宠成精了 #高清剪辑", "aweme_url": "https://www.iesdouyin.com/share/video/6852868253644033293/?region=CN&mid=6852868271885028104&u_code=0&titleType=title", "download_url": "https://www.chanmama.com/awemeDetail/6852868253644033293", "digg_count": 12046, "digg_incr": 8779, "aweme_create_time": 1595557731, "category": 6, "volume": 1, "amount": 34.48}, "author": {"author_id": "2154654356741367", "nickname": "卡卡动漫", "follower_count": 343311}}, {"aweme": {"aweme_id": "6852864246187904263", "aweme_title": "#萌宠嗨玩季 #复读鸭 沙雕鸭上岗第一天，请看到最后@我要上热门 @抖音小助手", "aweme_url": "https://www.iesdouyin.com/share/video/6852864246187904263/?region=CN&mid=6852864329845213965&u_code=0&titleType=title", "download_url": "https://www.chanmama.com/awemeDetail/6852864246187904263", "digg_count": 11067, "digg_incr": 8393, "aweme_create_time": 1595556812, "category": 6, "volume": 0, "amount": 0}, "author": {"author_id": "60702153842", "nickname": "棒棒的飕小伽", "follower_count": 743916}}, {"aweme": {"aweme_id": "6852839481641323791", "aweme_title": "6个月时候去体检，医生建议宝宝长一颗🦷就得刷牙了，果断拿出这硅胶牙刷，宝宝天天拿着当牙胶不撒手🤣#刷牙", "aweme_url": "https://www.iesdouyin.com/share/video/6852839481641323791/?region=CN&mid=6852839450431507214&u_code=39cg4f8ee4gl&titleType=title", "download_url": "https://www.chanmama.com/awemeDetail/6852839481641323791", "digg_count": 9829, "digg_incr": 6835, "aweme_create_time": 1595551032, "category": 6, "volume": 217, "amount": 4318.299999999999}, "author": {"author_id": "839674531938748", "nickname": "是甜饱饱吖", "follower_count": 6756}}, {"aweme": {"aweme_id": "6852976260428188936", "aweme_title": "这几个生肖你家有吗？有就接福接财接好运吧！不接不灵。", "aweme_url": "https://www.iesdouyin.com/share/video/6852976260428188936/?region=CN&mid=6818509786025528078&u_code=0&titleType=title", "download_url": "https://www.chanmama.com/awemeDetail/6852976260428188936", "digg_count": 6694, "digg_incr": 6571, "aweme_create_time": 1595582878, "category": 6, "volume": 0, "amount": 0}, "author": {"author_id": "104250061990", "nickname": "好人一生平安", "follower_count": 891060}}, {"aweme": {"aweme_id": "6852923068499627271", "aweme_title": "#52toys #谷蘑 #谷蘑二代梦语海洋 #拆盒 #种草 @抖音小助手", "aweme_url": "https://www.iesdouyin.com/share/video/6852923068499627271/?region=CN&mid=6852923088654060296&u_code=0&titleType=title", "download_url": "https://www.chanmama.com/awemeDetail/6852923068499627271", "digg_count": 8788, "digg_incr": 6246, "aweme_create_time": 1595583000, "category": 6, "volume": 5, "amount": 395}, "author": {"author_id": "108302774691", "nickname": "一只小汤圆", "follower_count": 309709}}, {"aweme": {"aweme_id": "6852900215599451407", "aweme_title": "别在手机里藏秘密，不然，你除了挨打，还要损失一部手机 #秘密", "aweme_url": "https://www.iesdouyin.com/share/video/6852900215599451407/?region=CN&mid=6852900234440313607&u_code=0&titleType=title", "download_url": "https://www.chanmama.com/awemeDetail/6852900215599451407", "digg_count": 5920, "digg_incr": 5917, "aweme_create_time": 1595565170, "category": 6, "volume": 1, "amount": 139}, "author": {"author_id": "103021899905", "nickname": "帮宝适", "follower_count": 106102}}, {"aweme": {"aweme_id": "6852992480833539336", "aweme_title": "我终于还是过上了猪一样的生活 每天不是吃就是睡🐷（太快乐了 小声bb...）#jk #日常 @抖音小助手", "aweme_url": "https://www.iesdouyin.com/share/video/6852992480833539336/?region=CN&mid=6852992498105649927&u_code=0&titleType=title", "download_url": "https://www.chanmama.com/awemeDetail/6852992480833539336", "digg_count": 7613, "digg_incr": 5502, "aweme_create_time": 1595586654, "category": 6, "volume": 0, "amount": 0}, "author": {"author_id": "70181951529", "nickname": "澈里里！", "follower_count": 661455}}, {"aweme": {"aweme_id": "6852977597274475776", "aweme_title": "#武则天倪克斯神谕 #王者荣耀cos 嘤嘤老师正片的由来@Arisa鬼鬼纓", "aweme_url": "https://www.iesdouyin.com/share/video/6852977597274475776/?region=CN&mid=6843357950099147533&u_code=0&titleType=title", "download_url": "https://www.chanmama.com/awemeDetail/6852977597274475776", "digg_count": 7694, "digg_incr": 5334, "aweme_create_time": 1595583188, "category": 6, "volume": 0, "amount": 0}, "author": {"author_id": "87717775040", "nickname": "三分妄想", "follower_count": 464994}}, {"aweme": {"aweme_id": "6853010147984346368", "aweme_title": "我辛辛苦苦操持这个家，连一根3000多的项链都不配戴吗？所以女人一定要经济独立，喜欢的东西自己买。认同吗？", "aweme_url": "https://www.iesdouyin.com/share/video/6853010147984346368/?region=CN&mid=6738019177942371075&u_code=0&titleType=title", "download_url": "https://www.chanmama.com/awemeDetail/6853010147984346368", "digg_count": 7009, "digg_incr": 4898, "aweme_create_time": 1595590766, "category": 6, "volume": 0, "amount": 0}, "author": {"author_id": "103722171454", "nickname": "芙蓉姐姐", "follower_count": 604739}}, {"aweme": {"aweme_id": "6852983287028157709", "aweme_title": "有数学好的小伙伴能告诉我0.4个追忆等于多少吗？#充能计划 #lolita #lo娘", "aweme_url": "https://www.iesdouyin.com/share/video/6852983287028157709/?region=CN&mid=6632842355101666062&u_code=0&titleType=title", "download_url": "https://www.chanmama.com/awemeDetail/6852983287028157709", "digg_count": 7507, "digg_incr": 4835, "aweme_create_time": 1595584513, "category": 6, "volume": 19, "amount": 2622}, "author": {"author_id": "60433455828", "nickname": "奇迹馋馋", "follower_count": 161611}}, {"aweme": {"aweme_id": "6852890896560557326", "aweme_title": "世界上最好的美味,也抵不过妈妈做的味道，无论你多大走多远，吃上一口妈妈亲手做的饭菜,倍感幸福温暖#妈妈做的饭", "aweme_url": "https://www.iesdouyin.com/share/video/6852890896560557326/?region=CN&mid=6852891055726070536&u_code=0&titleType=title", "download_url": "https://www.chanmama.com/awemeDetail/6852890896560557326", "digg_count": 4226, "digg_incr": 4141, "aweme_create_time": 1595563003, "category": 6, "volume": 1, "amount": 0}, "author": {"author_id": "81178433221", "nickname": "盘锦市兴隆台区姐妹服装店", "follower_count": 451049}}, {"aweme": {"aweme_id": "6852983243680058636", "aweme_title": "#甄姬 来啦~是不是你们心心念念的英雄？#王者 #粘土 #手工", "aweme_url": "https://www.iesdouyin.com/share/video/6852983243680058636/?region=CN&mid=6820745462199355400&u_code=0&titleType=title", "download_url": "https://www.chanmama.com/awemeDetail/6852983243680058636", "digg_count": 8243, "digg_incr": 4134, "aweme_create_time": 1595584508, "category": 6, "volume": 0, "amount": 0}, "author": {"author_id": "59412921331", "nickname": "有只小怪兽丶", "follower_count": 676021}}, {"aweme": {"aweme_id": "6852892092075658511", "aweme_title": "睡头型其实很简单，六个月前抓紧时间，#睡头型 #新生儿", "aweme_url": "https://www.iesdouyin.com/share/video/6852892092075658511/?region=CN&mid=6852892127001709326&u_code=0&titleType=title", "download_url": "https://www.chanmama.com/awemeDetail/6852892092075658511", "digg_count": 5128, "digg_incr": 3893, "aweme_create_time": 1595563279, "category": 6, "volume": 1, "amount": 354}, "author": {"author_id": "4067810944497373", "nickname": "溜溜妈妈👶🏻（今晚8点播）", "follower_count": 39065}}, {"aweme": {"aweme_id": "6852924216841342223", "aweme_title": "宝宝天性爱玩水 每次我洗衣服洗碗时都跟我捣乱，有了这个洗菜玩具，放开了随便玩 自己可以玩一天，安排吧🤣", "aweme_url": "https://www.iesdouyin.com/share/video/6852924216841342223/?region=CN&mid=6805325788767226632&u_code=1fedchjma2fh&titleType=title", "download_url": "https://www.chanmama.com/awemeDetail/6852924216841342223", "digg_count": 3594, "digg_incr": 3513, "aweme_create_time": 1595570759, "category": 6, "volume": 0, "amount": 0}, "author": {"author_id": "782472733524158", "nickname": "伊宝贝爱你哦", "follower_count": 114783}}, {"aweme": {"aweme_id": "6852960888585080072", "aweme_title": "是不是活了几十年才知道鞋盒里的无纺布袋对晒鞋子有大作用，感觉30年白活了#鞋 #生活小妙招", "aweme_url": "https://www.iesdouyin.com/share/video/6852960888585080072/?region=CN&mid=6852960905165163271&u_code=0&titleType=title", "download_url": "https://www.chanmama.com/awemeDetail/6852960888585080072", "digg_count": 3744, "digg_incr": 3487, "aweme_create_time": 1595579299, "category": 6, "volume": 0, "amount": 0}, "author": {"author_id": "106838685924", "nickname": "哈小哥童鞋业", "follower_count": 231740}}, {"aweme": {"aweme_id": "6852960418919435520", "aweme_title": "这个组合宝宝每周适合2-3次#新生儿 #婴儿 #育儿", "aweme_url": "https://www.iesdouyin.com/share/video/6852960418919435520/?region=CN&mid=6677821758940121859&u_code=0&titleType=title", "download_url": "https://www.chanmama.com/awemeDetail/6852960418919435520", "digg_count": 4808, "digg_incr": 3447, "aweme_create_time": 1595579188, "category": 6, "volume": 78, "amount": 2262}, "author": {"author_id": "88161980372", "nickname": "30秒育儿", "follower_count": 822851}}, {"aweme": {"aweme_id": "6852995331811069197", "aweme_title": "如何让老公穿上小裙子？#充能计划 #lolita", "aweme_url": "https://www.iesdouyin.com/share/video/6852995331811069197/?region=CN&mid=6837461474225736462&u_code=0&titleType=title", "download_url": "https://www.chanmama.com/awemeDetail/6852995331811069197", "digg_count": 3244, "digg_incr": 3082, "aweme_create_time": 1595587318, "category": 6, "volume": 0, "amount": 0}, "author": {"author_id": "59173303000", "nickname": "思梦", "follower_count": 234944}}, {"aweme": {"aweme_id": "6852984836206972171", "aweme_title": "是什么契机让你入了JK圈呢？#充能计划 #上热门 #jk制服 #官方我要上热门 @DOU+小助手", "aweme_url": "https://www.iesdouyin.com/share/video/6852984836206972171/?region=CN&mid=6852984900207790856&u_code=0&titleType=title", "download_url": "https://www.chanmama.com/awemeDetail/6852984836206972171", "digg_count": 5477, "digg_incr": 2957, "aweme_create_time": 1595584878, "category": 6, "volume": 0, "amount": 0}, "author": {"author_id": "97765297506", "nickname": "三坑少女小黄黄", "follower_count": 219319}}, {"aweme": {"aweme_id": "6853002938810469640", "aweme_title": "你看他   像不像个傻子。#整蛊", "aweme_url": "https://www.iesdouyin.com/share/video/6853002938810469640/?region=CN&mid=6853002961942317831&u_code=0&titleType=title", "download_url": "https://www.chanmama.com/awemeDetail/6853002938810469640", "digg_count": 5177, "digg_incr": 2688, "aweme_create_time": 1595589089, "category": 6, "volume": 2, "amount": 33.6}, "author": {"author_id": "100071114786", "nickname": "旺仔", "follower_count": 367924}}, {"aweme": {"aweme_id": "6852976069906091272", "aweme_title": "手把手教你们制作把鸭鸭都吓哭了的可乐喷泉~#生活小妙招 #可乐 #喷泉", "aweme_url": "https://www.iesdouyin.com/share/video/6852976069906091272/?region=CN&mid=6852976112759540488&u_code=0&titleType=title", "download_url": "https://www.chanmama.com/awemeDetail/6852976069906091272", "digg_count": 4533, "digg_incr": 2609, "aweme_create_time": 1595582833, "category": 6, "volume": 0, "amount": 0}, "author": {"author_id": "1138700715305907", "nickname": "大葱鸭", "follower_count": 860164}}, {"aweme": {"aweme_id": "6852866892017798400", "aweme_title": "今天老婆去产检，医生说顺产指数五颗星，还夸她的背带裤套装好看，一出来把她高兴成这样...#孕妇 #时尚孕妇装", "aweme_url": "https://www.iesdouyin.com/share/video/6852866892017798400/?region=CN&mid=6852866900439960334&u_code=0&titleType=title", "download_url": "https://www.chanmama.com/awemeDetail/6852866892017798400", "digg_count": 3829, "digg_incr": 2471, "aweme_create_time": 1595557412, "category": 6, "volume": 0, "amount": 0}, "author": {"author_id": "2598887917629453", "nickname": "大肚皮辣妈", "follower_count": 208475}}, {"aweme": {"aweme_id": "6852977105412574479", "aweme_title": "神仙小车🚗太可爱了吧，二十块钱买你家小可爱一天的开心#玩具 #好物推荐", "aweme_url": "https://www.iesdouyin.com/share/video/6852977105412574479/?region=CN&mid=6852977121644546824&u_code=0&titleType=title", "download_url": "https://www.chanmama.com/awemeDetail/6852977105412574479", "digg_count": 3227, "digg_incr": 2410, "aweme_create_time": 1595583073, "category": 6, "volume": 12, "amount": 237.60000000000002}, "author": {"author_id": "3227754558392989", "nickname": "少女心好物精选", "follower_count": 387506}}, {"aweme": {"aweme_id": "6852885520717155599", "aweme_title": "用小时候的画画尺，给你们画一幅画#画画 #童年回忆", "aweme_url": "https://www.iesdouyin.com/share/video/6852885520717155599/?region=CN&mid=6852885526464908045&u_code=0&titleType=title", "download_url": "https://www.chanmama.com/awemeDetail/6852885520717155599", "digg_count": 2375, "digg_incr": 2283, "aweme_create_time": 1595561749, "category": 6, "volume": 10, "amount": 350}, "author": {"author_id": "65598436495", "nickname": "家有小可爱", "follower_count": 868494}}, {"aweme": {"aweme_id": "6852935450793987328", "aweme_title": "可怜的鸭子，还没有成年#复读鸭", "aweme_url": "https://www.iesdouyin.com/share/video/6852935450793987328/?region=CN&mid=6612916551773326084&u_code=0&titleType=title", "download_url": "https://www.chanmama.com/awemeDetail/6852935450793987328", "digg_count": 2390, "digg_incr": 2241, "aweme_create_time": 1595573375, "category": 6, "volume": 0, "amount": 0}, "author": {"author_id": "100406677421", "nickname": "奇葩买家秀 原追风少年", "follower_count": 351701}}, {"aweme": {"aweme_id": "6852953475232337160", "aweme_title": "让孩子爱上洗澡的小企鹅小黄鸭#洗澡玩具 #宝宝洗澡 #玩具 #热门推荐 #上热门", "aweme_url": "https://www.iesdouyin.com/share/video/6852953475232337160/?region=CN&mid=6852953584536013576&u_code=jlj3ja9469d&titleType=title", "download_url": "https://www.chanmama.com/awemeDetail/6852953475232337160", "digg_count": 2219, "digg_incr": 2172, "aweme_create_time": 1595577595, "category": 6, "volume": 0, "amount": 0}, "author": {"author_id": "2471293741701965", "nickname": "爱萌商贸有限公司", "follower_count": 160886}}, {"aweme": {"aweme_id": "6852897655455091982", "aweme_title": "我的天，吓死我了😱😱", "aweme_url": "https://www.iesdouyin.com/share/video/6852897655455091982/?region=CN&mid=6852897906929306375&u_code=0&titleType=title", "download_url": "https://www.chanmama.com/awemeDetail/6852897655455091982", "digg_count": 2512, "digg_incr": 2165, "aweme_create_time": 1595564598, "category": 6, "volume": 0, "amount": 0}, "author": {"author_id": "4503680894896859", "nickname": "💖丶骚唐", "follower_count": 225706}}, {"aweme": {"aweme_id": "6852865982256483591", "aweme_title": "想要做饭时，没有一个小东西一直抱大腿，就把这个扔给他😂@抖音小助手", "aweme_url": "https://www.iesdouyin.com/share/video/6852865982256483591/?region=CN&mid=6852866001080486669&u_code=0&titleType=title", "download_url": "https://www.chanmama.com/awemeDetail/6852865982256483591", "digg_count": 2721, "digg_incr": 2135, "aweme_create_time": 1595557202, "category": 6, "volume": 21, "amount": 963.9}, "author": {"author_id": "2977111436967683", "nickname": "安麻", "follower_count": 561011}}, {"aweme": {"aweme_id": "6852863461504912647", "aweme_title": "三种花型的变形蛇骨链，可单独戴可以做叠戴，有延长链#很哇噻的女人", "aweme_url": "https://www.iesdouyin.com/share/video/6852863461504912647/?region=CN&mid=6852863452977941262&u_code=39cg4f8ee4gl&titleType=title", "download_url": "https://www.chanmama.com/awemeDetail/6852863461504912647", "digg_count": 3401, "digg_incr": 2134, "aweme_create_time": 1595556615, "category": 6, "volume": 0, "amount": 0}, "author": {"author_id": "61306797353", "nickname": "蜜芽严选", "follower_count": 656888}}, {"aweme": {"aweme_id": "6852985115891567885", "aweme_title": "#游戏围栏  姐姐已抱不动泡泡了，也不乐意再哄了，只能拿老公一天工资给你俩弄个家庭乐园了！#抖音小助手 奋斗吧", "aweme_url": "https://www.iesdouyin.com/share/video/6852985115891567885/?region=CN&mid=6833315072794790664&u_code=0&titleType=title", "download_url": "https://www.chanmama.com/awemeDetail/6852985115891567885", "digg_count": 2574, "digg_incr": 2125, "aweme_create_time": 1595584939, "category": 6, "volume": 12, "amount": 2866.8}, "author": {"author_id": "5628818476", "nickname": "是雨涵呀！", "follower_count": 395310}}, {"aweme": {"aweme_id": "6852709461044268288", "aweme_title": "别人都有这个鸭鸭，于是我男朋友给我麦了 #沙雕复读鸭 然后……我……………………………………………………………", "aweme_url": "https://www.iesdouyin.com/share/video/6852709461044268288/?region=CN&mid=6852709449711291150&u_code=0&titleType=title", "download_url": "https://www.chanmama.com/awemeDetail/6852709461044268288", "digg_count": 2305, "digg_incr": 2065, "aweme_create_time": 1595520762, "category": 6, "volume": 0, "amount": 0}, "author": {"author_id": "64117239874", "nickname": "张小维", "follower_count": 35047}}, {"aweme": {"aweme_id": "6852976849836838158", "aweme_title": "他哥的！这么好用的东西分享给兄弟们！！", "aweme_url": "https://www.iesdouyin.com/share/video/6852976849836838158/?region=CN&mid=6852976887875078925&u_code=5bh52144jda&titleType=title", "download_url": "https://www.chanmama.com/awemeDetail/6852976849836838158", "digg_count": 2104, "digg_incr": 2043, "aweme_create_time": 1595583014, "category": 6, "volume": 6, "amount": 0}, "author": {"author_id": "2053540951624963", "nickname": "江湖人俱乐部", "follower_count": 274897}}, {"aweme": {"aweme_id": "6852865178145393934", "aweme_title": "砸的你不心疼我心疼啊 #汽车模型  #大g", "aweme_url": "https://www.iesdouyin.com/share/video/6852865178145393934/?region=CN&mid=6852865264296397581&u_code=0&titleType=title", "download_url": "https://www.chanmama.com/awemeDetail/6852865178145393934", "digg_count": 2041, "digg_incr": 1999, "aweme_create_time": 1595557034, "category": 6, "volume": 0, "amount": 0}, "author": {"author_id": "2312991488349303", "nickname": "车模型之家", "follower_count": 76069}}, {"aweme": {"aweme_id": "6852959424131239182", "aweme_title": "罗西不是车坏了而是在等“身后那群年轻人”！#motogp #46罗西", "aweme_url": "https://www.iesdouyin.com/share/video/6852959424131239182/?region=CN&mid=6852959562685860622&u_code=0&titleType=title", "download_url": "https://www.chanmama.com/awemeDetail/6852959424131239182", "digg_count": 2864, "digg_incr": 1983, "aweme_create_time": 1595578984, "category": 6, "volume": 0, "amount": 0}, "author": {"author_id": "518582419864687", "nickname": "MOTOBOX（盒子）", "follower_count": 161814}}, {"aweme": {"aweme_id": "6852905778790124800", "aweme_title": "沙雕鸭  复读鸭，快艾特你对象给你买。￼￼#电商 #买家秀", "aweme_url": "https://www.iesdouyin.com/share/video/6852905778790124800/?region=CN&mid=6852905797127506696&u_code=0&titleType=title", "download_url": "https://www.chanmama.com/awemeDetail/6852905778790124800", "digg_count": 2152, "digg_incr": 1963, "aweme_create_time": 1595566466, "category": 6, "volume": 0, "amount": 0}, "author": {"author_id": "100406677421", "nickname": "奇葩买家秀 原追风少年", "follower_count": 351701}}, {"aweme": {"aweme_id": "6852937040649080078", "aweme_title": "你们有没有这样的朋友？#学生党", "aweme_url": "https://www.iesdouyin.com/share/video/6852937040649080078/?region=CN&mid=6852937061180934920&u_code=0&titleType=title", "download_url": "https://www.chanmama.com/awemeDetail/6852937040649080078", "digg_count": 2830, "digg_incr": 1930, "aweme_create_time": 1595573746, "category": 6, "volume": 0, "amount": 0}, "author": {"author_id": "3504895160760264", "nickname": "一起玩太空沙", "follower_count": 184155}}, {"aweme": {"aweme_id": "6852902107427687693", "aweme_title": "七彩海龟～一个好心情的颜色推荐给你们～能抱～能靠～还能懒洋洋的靠在上面～#热门 @抖音小助手", "aweme_url": "https://www.iesdouyin.com/share/video/6852902107427687693/?region=CN&mid=6852902120824621838&u_code=0&titleType=title", "download_url": "https://www.chanmama.com/awemeDetail/6852902107427687693", "digg_count": 1990, "digg_incr": 1905, "aweme_create_time": 1595565612, "category": 6, "volume": 0, "amount": 0}, "author": {"author_id": "764880016914110", "nickname": "栎涵公仔优选", "follower_count": 131158}}, {"aweme": {"aweme_id": "6852910713162190087", "aweme_title": "@要吃芋圆吗🐰发了一个抖音短视频，你尽管点开，不好看算我输！", "aweme_url": "https://www.iesdouyin.com/share/video/6852910713162190087/?region=CN&mid=6819669479694699278&u_code=0&titleType=", "download_url": "https://www.chanmama.com/awemeDetail/6852910713162190087", "digg_count": 2329, "digg_incr": 1903, "aweme_create_time": 1595567615, "category": 6, "volume": 0, "amount": 0}, "author": {"author_id": "61794597025", "nickname": "要吃芋圆吗🐰", "follower_count": 445731}}, {"aweme": {"aweme_id": "6852978923295362304", "aweme_title": "如果你的小公主爱吃糖🍬，那么请用这个糖果枪塞住她的👄#礼物 #好物推荐", "aweme_url": "https://www.iesdouyin.com/share/video/6852978923295362304/?region=CN&mid=6852978940962278158&u_code=0&titleType=title", "download_url": "https://www.chanmama.com/awemeDetail/6852978923295362304", "digg_count": 2510, "digg_incr": 1803, "aweme_create_time": 1595583496, "category": 6, "volume": 4, "amount": 99.6}, "author": {"author_id": "108118525538", "nickname": "少女心好物推荐", "follower_count": 488352}}, {"aweme": {"aweme_id": "6852860587966205199", "aweme_title": "自从生了女儿，就很喜欢这种blingbling的💕童年不可复制，趁现在随心所欲的打扮她🥰", "aweme_url": "https://www.iesdouyin.com/share/video/6852860587966205199/?region=CN&mid=6852860594278763271&u_code=0&titleType=title", "download_url": "https://www.chanmama.com/awemeDetail/6852860587966205199", "digg_count": 2004, "digg_incr": 1775, "aweme_create_time": 1595555945, "category": 6, "volume": 3, "amount": 59.699999999999996}, "author": {"author_id": "68457431728", "nickname": "希希妈", "follower_count": 49076}}, {"aweme": {"aweme_id": "6853009525667122445", "aweme_title": "男人打老婆的下场 #充能计划  #轻漫计划   #搞笑夫妻 #打老公", "aweme_url": "https://www.iesdouyin.com/share/video/6853009525667122445/?region=CN&mid=6853009623486679822&u_code=0&titleType=title", "download_url": "https://www.chanmama.com/awemeDetail/6853009525667122445", "digg_count": 6813, "digg_incr": 1753, "aweme_create_time": 1595590643, "category": 6, "volume": 0, "amount": 0}, "author": {"author_id": "100412020867", "nickname": "猪八吉爱媳妇", "follower_count": 202612}}, {"aweme": {"aweme_id": "6853042021314120975", "aweme_title": "买了！终于买了，全款！又不是没那个实力，老公一天工资而已😁宝宝开心最重要🤩#宝宝玩具", "aweme_url": "https://www.iesdouyin.com/share/video/6853042021314120975/?region=CN&mid=6835840406056766215&u_code=0&titleType=title", "download_url": "https://www.chanmama.com/awemeDetail/6853042021314120975", "digg_count": 1969, "digg_incr": 1686, "aweme_create_time": 1595598187, "category": 6, "volume": 0, "amount": 0}, "author": {"author_id": "87134728427", "nickname": "溪溪子Yetta🥰", "follower_count": 45212}}, {"aweme": {"aweme_id": "6852988140408425728", "aweme_title": "石粉粘土手脚的雕刻，美需要细心#雕塑艺术 #手工雕刻  #支持手艺人", "aweme_url": "https://www.iesdouyin.com/share/video/6852988140408425728/?region=CN&mid=6825978227220023304&u_code=0&titleType=title", "download_url": "https://www.chanmama.com/awemeDetail/6852988140408425728", "digg_count": 2692, "digg_incr": 1654, "aweme_create_time": 1595585642, "category": 6, "volume": 6, "amount": 29.700000000000003}, "author": {"author_id": "67668611448", "nickname": "V记录", "follower_count": 125853}}, {"aweme": {"aweme_id": "6852981258981543183", "aweme_title": "之前买贵的可以退了，我们家88米来8双 大家一起发发发#好物推荐 #工厂 #男鞋 #潮鞋 #鞋子 #我要上热门", "aweme_url": "https://www.iesdouyin.com/share/video/6852981258981543183/?region=CN&mid=6852981280633244429&u_code=0&titleType=title", "download_url": "https://www.chanmama.com/awemeDetail/6852981258981543183", "digg_count": 1661, "digg_incr": 1649, "aweme_create_time": 1595584040, "category": 6, "volume": 0, "amount": 0}, "author": {"author_id": "329499678092328", "nickname": "牛威小陈的十年", "follower_count": 85275}}, {"aweme": {"aweme_id": "6852892559455341831", "aweme_title": "家里有天生爱臭美的小仙女宝宝集合#家有女宝 #骗你生女儿 #好物推荐 #儿童玩具", "aweme_url": "https://www.iesdouyin.com/share/video/6852892559455341831/?region=CN&mid=6779942760926694157&u_code=0&titleType=title", "download_url": "https://www.chanmama.com/awemeDetail/6852892559455341831", "digg_count": 1650, "digg_incr": 1632, "aweme_create_time": 1595563389, "category": 6, "volume": 3, "amount": 0}, "author": {"author_id": "2721982890118611", "nickname": "博汇", "follower_count": 101071}}, {"aweme": {"aweme_id": "6852917404557774080", "aweme_title": "每个妈妈都想给宝宝最好的爱❤️#满分母爱新gai念", "aweme_url": "https://www.iesdouyin.com/share/video/6852917404557774080/?region=CN&mid=6852917432643111688&u_code=0&titleType=title", "download_url": "https://www.chanmama.com/awemeDetail/6852917404557774080", "digg_count": 2349, "digg_incr": 1600, "aweme_create_time": 1595586440, "category": 6, "volume": 0, "amount": 0}, "author": {"author_id": "73037675416", "nickname": "莓铃酱💖", "follower_count": 606147}}, {"aweme": {"aweme_id": "6852909067522919693", "aweme_title": "努力打地鼠，做正义小勇士。#玩具  #打地鼠 #亲子  #挑战", "aweme_url": "https://www.iesdouyin.com/share/video/6852909067522919693/?region=CN&mid=6852909374692723463&u_code=0&titleType=title", "download_url": "https://www.chanmama.com/awemeDetail/6852909067522919693", "digg_count": 1601, "digg_incr": 1589, "aweme_create_time": 1595567256, "category": 6, "volume": 0, "amount": 0}, "author": {"author_id": "1209072236374100", "nickname": "橙子玩具屋(24小时不打烊）", "follower_count": 292365}}, {"aweme": {"aweme_id": "6852971157923056909", "aweme_title": "#充能计划  #宅物   #百变发宝 #hairdooz @抖音小助手  理发娃", "aweme_url": "https://www.iesdouyin.com/share/video/6852971157923056909/?region=CN&mid=6852971476484770573&u_code=0&titleType=title", "download_url": "https://www.chanmama.com/awemeDetail/6852971157923056909", "digg_count": 2042, "digg_incr": 1577, "aweme_create_time": 1595581748, "category": 6, "volume": 0, "amount": 0}, "author": {"author_id": "104171646358", "nickname": "爱拆盒的香芋酱", "follower_count": 297902}}, {"aweme": {"aweme_id": "6852987963782024461", "aweme_title": "跨物种的动人爱情(ಥ_ಥ)#伍六七 #伍六七之最强发型师 #恋爱日常#手办 @伍六七", "aweme_url": "https://www.iesdouyin.com/share/video/6852987963782024461/?region=CN&mid=6852987989648640776&u_code=0&titleType=title", "download_url": "https://www.chanmama.com/awemeDetail/6852987963782024461", "digg_count": 2120, "digg_incr": 1575, "aweme_create_time": 1595585602, "category": 6, "volume": 0, "amount": 0}, "author": {"author_id": "62937341789", "nickname": "啊哈娱乐", "follower_count": 402360}}, {"aweme": {"aweme_id": "6852849365254540558", "aweme_title": "#宝宝连体衣 大象背带两件套，太可爱了，正在直播 @DOU+小助手", "aweme_url": "https://www.iesdouyin.com/share/video/6852849365254540558/?region=CN&mid=6852849454467631886&u_code=0&titleType=title", "download_url": "https://www.chanmama.com/awemeDetail/6852849365254540558", "digg_count": 1560, "digg_incr": 1539, "aweme_create_time": 1595553356, "category": 6, "volume": 0, "amount": 0}, "author": {"author_id": "75446142702", "nickname": "慕哲婴幼儿服饰（每天上午10点直播）", "follower_count": 101418}}, {"aweme": {"aweme_id": "6852893675685465359", "aweme_title": "这人会飞#弹跳 #扣篮 @野兽工厂 @DOU+小助手", "aweme_url": "https://www.iesdouyin.com/share/video/6852893675685465359/?region=CN&mid=6852893692534049549&u_code=0&titleType=title", "download_url": "https://www.chanmama.com/awemeDetail/6852893675685465359", "digg_count": 1700, "digg_incr": 1518, "aweme_create_time": 1595563648, "category": 6, "volume": 0, "amount": 0}, "author": {"author_id": "111058260891", "nickname": "弹跳训练教学", "follower_count": 115040}}, {"aweme": {"aweme_id": "6852886439286410496", "aweme_title": "每天都遇到这个小姐姐，一直以为她只有20岁出头，没想到今天一问都35岁了，看来是衣服太显嫩了，忍不住问了🔗", "aweme_url": "https://www.iesdouyin.com/share/video/6852886439286410496/?region=CN&mid=6852886446975470350&u_code=0&titleType=title", "download_url": "https://www.chanmama.com/awemeDetail/6852886439286410496", "digg_count": 2477, "digg_incr": 1493, "aweme_create_time": 1595561963, "category": 6, "volume": 0, "amount": 0}, "author": {"author_id": "97753980313", "nickname": "嘟崽妈妈jamie", "follower_count": 561230}}, {"aweme": {"aweme_id": "6852892418770029836", "aweme_title": "孩子绝对不能光学习，一定要同时加强体育锻炼，体智能同步发展，让孩子更加优秀", "aweme_url": "https://www.iesdouyin.com/share/video/6852892418770029836/?region=CN&mid=6801312431785364237&u_code=0&titleType=title", "download_url": "https://www.chanmama.com/awemeDetail/6852892418770029836", "digg_count": 1734, "digg_incr": 1468, "aweme_create_time": 1595563361, "category": 6, "volume": 25, "amount": 212.5}, "author": {"author_id": "945174501134557", "nickname": "园长妈妈", "follower_count": 734619}}, {"aweme": {"aweme_id": "6853003247037304064", "aweme_title": "友情提示：你家猫要是不掉毛 不要硬拽#超轻粘土 #粘土教程 #盲盒 #手工", "aweme_url": "https://www.iesdouyin.com/share/video/6853003247037304064/?region=CN&mid=6853003260224178958&u_code=0&titleType=title", "download_url": "https://www.chanmama.com/awemeDetail/6853003247037304064", "digg_count": 1963, "digg_incr": 1425, "aweme_create_time": 1595589159, "category": 6, "volume": 0, "amount": 0}, "author": {"author_id": "3240994264058712", "nickname": "阳阿姨（双号晚8点直播）", "follower_count": 255392}}, {"aweme": {"aweme_id": "6852940639517150476", "aweme_title": "闺女2岁了还是不太爱吃白米饭，最近都是揉成饭团，里面加了各种拌饭料揉成饭团一口一个的那种🤓还比较喜欢吃。", "aweme_url": "https://www.iesdouyin.com/share/video/6852940639517150476/?region=CN&mid=6829647171348875277&u_code=0&titleType=title", "download_url": "https://www.chanmama.com/awemeDetail/6852940639517150476", "digg_count": 2042, "digg_incr": 1422, "aweme_create_time": 1595574589, "category": 6, "volume": 0, "amount": 0}, "author": {"author_id": "98700581668", "nickname": "吃货满", "follower_count": 840160}}, {"aweme": {"aweme_id": "6852823861520551168", "aweme_title": "@吴三姐发了一个抖音短视频，你尽管点开，不好看算我输！", "aweme_url": "https://www.iesdouyin.com/share/video/6852823861520551168/?region=CN&mid=6762861171114232580&u_code=0&titleType=", "download_url": "https://www.chanmama.com/awemeDetail/6852823861520551168", "digg_count": 1555, "digg_incr": 1375, "aweme_create_time": 1595547396, "category": 6, "volume": 0, "amount": 0}, "author": {"author_id": "104795294779", "nickname": "吴三姐", "follower_count": 130464}}, {"aweme": {"aweme_id": "6852910288740551940", "aweme_title": "枕头生日我做的彩虹🌈蛋糕🎂，用这个彩虹面粉炒鸡方便了", "aweme_url": "https://www.iesdouyin.com/share/video/6852910288740551940/?region=CN&mid=6852910692434004744&u_code=0&titleType=title", "download_url": "https://www.chanmama.com/awemeDetail/6852910288740551940", "digg_count": 1615, "digg_incr": 1341, "aweme_create_time": 1595567520, "category": 6, "volume": 6, "amount": 238.74}, "author": {"author_id": "59581561751", "nickname": "💗枕头麻麻💗", "follower_count": 171891}}, {"aweme": {"aweme_id": "6853003539950718222", "aweme_title": "哈哈哈，玩的我心惊胆战的#叠叠乐 #真心话大冒险", "aweme_url": "https://www.iesdouyin.com/share/video/6853003539950718222/?region=CN&mid=6853003656175471373&u_code=0&titleType=title", "download_url": "https://www.chanmama.com/awemeDetail/6853003539950718222", "digg_count": 1823, "digg_incr": 1307, "aweme_create_time": 1595589246, "category": 6, "volume": 69, "amount": 2415}, "author": {"author_id": "575793638421207", "nickname": "沙雕爆笑团", "follower_count": 386162}}, {"aweme": {"aweme_id": "6852489247690214669", "aweme_title": "说一说你现在的电量吧，我35% #asmr  #声控吃播  #催眠减压", "aweme_url": "https://www.iesdouyin.com/share/video/6852489247690214669/?region=CN&mid=6852489329445522189&u_code=0&titleType=title", "download_url": "https://www.chanmama.com/awemeDetail/6852489247690214669", "digg_count": 2445, "digg_incr": 1300, "aweme_create_time": 1595561400, "category": 6, "volume": 0, "amount": 0}, "author": {"author_id": "4195357084097981", "nickname": "深夜恬小姐", "follower_count": 208703}}, {"aweme": {"aweme_id": "6852994553515871501", "aweme_title": "姥姥给王子买了一群鸡玩的太开心了，自我保护意识还挺强😂坐着都玩好几个小时了，彻底解放了我的双手#玩具", "aweme_url": "https://www.iesdouyin.com/share/video/6852994553515871501/?region=CN&mid=6852201725340764936&u_code=0&titleType=title", "download_url": "https://www.chanmama.com/awemeDetail/6852994553515871501", "digg_count": 1449, "digg_incr": 1257, "aweme_create_time": 1595587136, "category": 6, "volume": 0, "amount": 0}, "author": {"author_id": "61384911699", "nickname": "逸轩小王子", "follower_count": 459795}}, {"aweme": {"aweme_id": "6852926701123554563", "aweme_title": "今晚看戏由秦公子买单！得劲儿", "aweme_url": "https://www.iesdouyin.com/share/video/6852926701123554563/?region=CN&mid=6693861742914882316&u_code=0&titleType=title", "download_url": "https://www.chanmama.com/awemeDetail/6852926701123554563", "digg_count": 1485, "digg_incr": 1256, "aweme_create_time": 1595571344, "category": 6, "volume": 0, "amount": 0}, "author": {"author_id": "1508136324694823", "nickname": "🌸弘朗兄弟《双胞胎》停播", "follower_count": 261451}}, {"aweme": {"aweme_id": "6853041562851560712", "aweme_title": "哈哈哈哈哈哈哈哈哈哈哈哈有被笑到#整蛊 #男朋友", "aweme_url": "https://www.iesdouyin.com/share/video/6853041562851560712/?region=CN&mid=6853041575270894343&u_code=0&titleType=title", "download_url": "https://www.chanmama.com/awemeDetail/6853041562851560712", "digg_count": 1412, "digg_incr": 1232, "aweme_create_time": 1595598081, "category": 6, "volume": 0, "amount": 0}, "author": {"author_id": "60615118989", "nickname": "智哥好物（直播中）", "follower_count": 142184}}, {"aweme": {"aweme_id": "6853021097202306318", "aweme_title": "超仙的发夹礼盒套装，18件套多色可选#儿童发夹 #童装搭配", "aweme_url": "https://www.iesdouyin.com/share/video/6853021097202306318/?region=CN&mid=6853021202547428103&u_code=0&titleType=title", "download_url": "https://www.chanmama.com/awemeDetail/6853021097202306318", "digg_count": 1351, "digg_incr": 1221, "aweme_create_time": 1595593335, "category": 6, "volume": 9, "amount": 89.10000000000001}, "author": {"author_id": "3175011058976519", "nickname": "简槑精品童装", "follower_count": 242681}}, {"aweme": {"aweme_id": "6852953201419816205", "aweme_title": "14个月乔治，用了十几款纸尿裤，终于找到一款最合适的了！不红PP  不漏尿 吸水性好 一包才30多", "aweme_url": "https://www.iesdouyin.com/share/video/6852953201419816205/?region=CN&mid=6811781347007417092&u_code=0&titleType=title", "download_url": "https://www.chanmama.com/awemeDetail/6852953201419816205", "digg_count": 1328, "digg_incr": 1215, "aweme_create_time": 1595577509, "category": 6, "volume": 1, "amount": 34.9}, "author": {"author_id": "76789689989", "nickname": "小小吴", "follower_count": 897564}}, {"aweme": {"aweme_id": "6852868342697561344", "aweme_title": "宝宝天性爱玩水 每次我洗衣服洗碗时都跟我捣乱，有了这个洗菜玩具，放开了随便玩 自己可以玩一天，安排吧🤣", "aweme_url": "https://www.iesdouyin.com/share/video/6852868342697561344/?region=CN&mid=6824310970006113032&u_code=0&titleType=title", "download_url": "https://www.chanmama.com/awemeDetail/6852868342697561344", "digg_count": 1173, "digg_incr": 1172, "aweme_create_time": 1595557750, "category": 6, "volume": 0, "amount": 0}, "author": {"author_id": "782472733524158", "nickname": "伊宝贝爱你哦", "follower_count": 114783}}, {"aweme": {"aweme_id": "6852815961700011279", "aweme_title": "抹蛋糕跟打仗似的😁😁😁", "aweme_url": "https://www.iesdouyin.com/share/video/6852815961700011279/?region=CN&mid=6449246935697230605&u_code=3g7mc2761c4f&titleType=title", "download_url": "https://www.chanmama.com/awemeDetail/6852815961700011279", "digg_count": 2543, "digg_incr": 1140, "aweme_create_time": 1595545575, "category": 6, "volume": 0, "amount": 0}, "author": {"author_id": "4503615901934184", "nickname": "闫帅和丸子头", "follower_count": 516870}}, {"aweme": {"aweme_id": "6853017533897837832", "aweme_title": "我用树脂粘土捏个多肉，跟超轻比起来它有点润润的，调色用的最便宜的丙烯，新手入坑。", "aweme_url": "https://www.iesdouyin.com/share/video/6853017533897837832/?region=CN&mid=6853017559860595464&u_code=0&titleType=title", "download_url": "https://www.chanmama.com/awemeDetail/6853017533897837832", "digg_count": 1422, "digg_incr": 1134, "aweme_create_time": 1595592486, "category": 6, "volume": 0, "amount": 0}, "author": {"author_id": "96438748219", "nickname": "壹号火星飞船（粘土）", "follower_count": 628294}}, {"aweme": {"aweme_id": "6852892176704146691", "aweme_title": "女儿要过生日了，提前为她准备的这个小帐篷，给宝宝一个独立的小空间真的很有必要，宝贝很喜欢 #亲子 @抖音小助手", "aweme_url": "https://www.iesdouyin.com/share/video/6852892176704146691/?region=CN&mid=6730918195164610573&u_code=0&titleType=title", "download_url": "https://www.chanmama.com/awemeDetail/6852892176704146691", "digg_count": 1418, "digg_incr": 1133, "aweme_create_time": 1595563305, "category": 6, "volume": 0, "amount": 0}, "author": {"author_id": "408672372260957", "nickname": "园长妈妈", "follower_count": 927985}}, {"aweme": {"aweme_id": "6852883217960275215", "aweme_title": "今日份奶茶girl穿搭已上线，据说爸爸都喜欢第一套，妈妈都喜欢第四套🙋‍♀️❤️#骗你生女儿 @抖音小助手", "aweme_url": "https://www.iesdouyin.com/share/video/6852883217960275215/?region=CN&mid=6572366459568130819&u_code=0&titleType=title", "download_url": "https://www.chanmama.com/awemeDetail/6852883217960275215", "digg_count": 1181, "digg_incr": 1106, "aweme_create_time": 1595561213, "category": 6, "volume": 25, "amount": 1375}, "author": {"author_id": "101381933056", "nickname": "萌萌哒小柚子", "follower_count": 199403}}, {"aweme": {"aweme_id": "6852915114715172111", "aweme_title": "宝宝天性爱玩水 每次我洗衣服洗碗时都跟我捣乱，有了这个洗菜玩具，放开了随便玩 自己可以玩一天，安排吧🤣", "aweme_url": "https://www.iesdouyin.com/share/video/6852915114715172111/?region=CN&mid=6824310970006113032&u_code=0&titleType=title", "download_url": "https://www.chanmama.com/awemeDetail/6852915114715172111", "digg_count": 1086, "digg_incr": 1085, "aweme_create_time": 1595568639, "category": 6, "volume": 0, "amount": 0}, "author": {"author_id": "782472733524158", "nickname": "伊宝贝爱你哦", "follower_count": 114783}}, {"aweme": {"aweme_id": "6852976482327809294", "aweme_title": "周杰伦这段真的很炫酷，你学废了吗？", "aweme_url": "https://www.iesdouyin.com/share/video/6852976482327809294/?region=CN&mid=6852976516733717261&u_code=0&titleType=title", "download_url": "https://www.chanmama.com/awemeDetail/6852976482327809294", "digg_count": 1222, "digg_incr": 1070, "aweme_create_time": 1595582929, "category": 6, "volume": 12, "amount": 238.79999999999998}, "author": {"author_id": "84321573850", "nickname": "阿木魔术", "follower_count": 869080}}, {"aweme": {"aweme_id": "6852980893624192271", "aweme_title": "计划给项羽找媳妇来着，现在连续拆出重复款？！就问你怕不怕？@潮玩膨膨 @潮玩C仔（今晚7点直播间见）", "aweme_url": "https://www.iesdouyin.com/share/video/6852980893624192271/?region=CN&mid=6852980959197907719&u_code=0&titleType=title", "download_url": "https://www.chanmama.com/awemeDetail/6852980893624192271", "digg_count": 1758, "digg_incr": 1065, "aweme_create_time": 1595583955, "category": 6, "volume": 0, "amount": 0}, "author": {"author_id": "962767905106531", "nickname": "潮玩鹿鹿🤩周三晚7:00直播", "follower_count": 265788}}, {"aweme": {"aweme_id": "6853045256334707982", "aweme_title": "设计感荷叶领口+一颗精致纽扣 面料舒适柔软裙子的新颜色出来咯 宝宝们喜欢吗#穿搭@DOU+小助手", "aweme_url": "https://www.iesdouyin.com/share/video/6853045256334707982/?region=CN&mid=6853045384051493639&u_code=2f35h3g644ij&titleType=title", "download_url": "https://www.chanmama.com/awemeDetail/6853045256334707982", "digg_count": 1209, "digg_incr": 1062, "aweme_create_time": 1595598970, "category": 6, "volume": 0, "amount": 0}, "author": {"author_id": "62594186718", "nickname": "小魔女时尚穿搭", "follower_count": 203334}}, {"aweme": {"aweme_id": "6852885154789100814", "aweme_title": "#沙雕复读鸭 沙雕鸭:遇上了一生之敌！场面一度混乱#记得看到最后 @DOU+小助手", "aweme_url": "https://www.iesdouyin.com/share/video/6852885154789100814/?region=CN&mid=6852885167414233869&u_code=0&titleType=title", "download_url": "https://www.chanmama.com/awemeDetail/6852885154789100814", "digg_count": 1147, "digg_incr": 1036, "aweme_create_time": 1595561666, "category": 6, "volume": 0, "amount": 0}, "author": {"author_id": "72407758771", "nickname": "唐笑笑💕", "follower_count": 46462}}, {"aweme": {"aweme_id": "6852948402179804416", "aweme_title": "小佳鑫他好认真在藏，结果每次找他的时候叫他，他都答应我😂，小朋友的世界真的好单纯，简单～", "aweme_url": "https://www.iesdouyin.com/share/video/6852948402179804416/?region=CN&mid=6507477031075351303&u_code=0&titleType=title", "download_url": "https://www.chanmama.com/awemeDetail/6852948402179804416", "digg_count": 1072, "digg_incr": 1009, "aweme_create_time": 1595576417, "category": 6, "volume": 4, "amount": 147.6}, "author": {"author_id": "4503667951840783", "nickname": "小佳鑫慢慢长大", "follower_count": 114589}}, {"aweme": {"aweme_id": "6853013582381124879", "aweme_title": "太难了#粤语 #搞笑 #和平精英 #广普", "aweme_url": "https://www.iesdouyin.com/share/video/6853013582381124879/?region=CN&mid=6853013616837413639&u_code=0&titleType=title", "download_url": "https://www.chanmama.com/awemeDetail/6853013582381124879", "digg_count": 1483, "digg_incr": 970, "aweme_create_time": 1595591566, "category": 6, "volume": 0, "amount": 0}, "author": {"author_id": "95256156727", "nickname": "高桥老师呀（旅游，停更五天）", "follower_count": 416095}}, {"aweme": {"aweme_id": "6852869391059553547", "aweme_title": "你为什么跳不出你的圈#益智玩具", "aweme_url": "https://www.iesdouyin.com/share/video/6852869391059553547/?region=CN&mid=6852869441512934151&u_code=0&titleType=title", "download_url": "https://www.chanmama.com/awemeDetail/6852869391059553547", "digg_count": 1480, "digg_incr": 940, "aweme_create_time": 1595558000, "category": 6, "volume": 0, "amount": 0}, "author": {"author_id": "712111340663159", "nickname": "印象科技", "follower_count": 109318}}, {"aweme": {"aweme_id": "6852982870881946888", "aweme_title": "快来看呀· 闺蜜送的，可可爱爱的小车车~#抖音玩具 @DOU+小助手", "aweme_url": "https://www.iesdouyin.com/share/video/6852982870881946888/?region=CN&mid=6852982959268563725&u_code=0&titleType=title", "download_url": "https://www.chanmama.com/awemeDetail/6852982870881946888", "digg_count": 1422, "digg_incr": 910, "aweme_create_time": 1595584433, "category": 6, "volume": 3, "amount": 59.400000000000006}, "author": {"author_id": "2647214188402974", "nickname": "安利一波少女心", "follower_count": 193967}}, {"aweme": {"aweme_id": "6852848627543493891", "aweme_title": "#益智玩具 #儿童玩具 #玩具", "aweme_url": "https://www.iesdouyin.com/share/video/6852848627543493891/?region=CN&mid=6852848658564762381&u_code=0&titleType=title", "download_url": "https://www.chanmama.com/awemeDetail/6852848627543493891", "digg_count": 1163, "digg_incr": 905, "aweme_create_time": 1595553168, "category": 6, "volume": 0, "amount": 0}, "author": {"author_id": "105097158013", "nickname": "清扬麻麻", "follower_count": 132248}}, {"aweme": {"aweme_id": "6852855866975210766", "aweme_title": "现在的玩具也太精致了，每个蔬菜水果都可以识别出来，还有传送带#玩具 #你好火星 #益智玩具", "aweme_url": "https://www.iesdouyin.com/share/video/6852855866975210766/?region=CN&mid=6852855861723941645&u_code=0&titleType=title", "download_url": "https://www.chanmama.com/awemeDetail/6852855866975210766", "digg_count": 1194, "digg_incr": 891, "aweme_create_time": 1595554847, "category": 6, "volume": 1, "amount": 89}, "author": {"author_id": "3117864116037534", "nickname": "小胖老师🐷", "follower_count": 198831}}, {"aweme": {"aweme_id": "6852818265287298319", "aweme_title": "大人都会骗小孩子😊😊😊", "aweme_url": "https://www.iesdouyin.com/share/video/6852818265287298319/?region=CN&mid=6852818457474370318&u_code=0&titleType=title", "download_url": "https://www.chanmama.com/awemeDetail/6852818265287298319", "digg_count": 1155, "digg_incr": 886, "aweme_create_time": 1595546114, "category": 6, "volume": 0, "amount": 0}, "author": {"author_id": "4503615901934184", "nickname": "闫帅和丸子头", "follower_count": 516870}}, {"aweme": {"aweme_id": "6852989140888292608", "aweme_title": "这就是香肠嘴？哈哈哈#搞笑 #沙雕", "aweme_url": "https://www.iesdouyin.com/share/video/6852989140888292608/?region=CN&mid=6852989172941081357&u_code=0&titleType=title", "download_url": "https://www.chanmama.com/awemeDetail/6852989140888292608", "digg_count": 1042, "digg_incr": 869, "aweme_create_time": 1595585876, "category": 6, "volume": 0, "amount": 0}, "author": {"author_id": "3139812267667597", "nickname": "凡先生很凡", "follower_count": 237712}}, {"aweme": {"aweme_id": "6852954457123196175", "aweme_title": "每周都在努力添坑上新💪", "aweme_url": "https://www.iesdouyin.com/share/video/6852954457123196175/?region=CN&mid=6852954502522342151&u_code=0&titleType=title", "download_url": "https://www.chanmama.com/awemeDetail/6852954457123196175", "digg_count": 1196, "digg_incr": 859, "aweme_create_time": 1595577807, "category": 6, "volume": 31, "amount": 1543.8}, "author": {"author_id": "103782810159", "nickname": "Neverland星芙颂", "follower_count": 106760}}, {"aweme": {"aweme_id": "6852984236123770119", "aweme_title": "越了解我们的祖国，越热爱我们的祖国！加油，少年们！@抖音小助手", "aweme_url": "https://www.iesdouyin.com/share/video/6852984236123770119/?region=CN&mid=6826902170303367944&u_code=0&titleType=title", "download_url": "https://www.chanmama.com/awemeDetail/6852984236123770119", "digg_count": 1083, "digg_incr": 841, "aweme_create_time": 1595584743, "category": 6, "volume": 0, "amount": 0}, "author": {"author_id": "4129413337992397", "nickname": "益智小休闲", "follower_count": 144891}}, {"aweme": {"aweme_id": "6852874897618685184", "aweme_title": "乐高旗舰店打卡#乐高 #上海南京路步行街 #探店", "aweme_url": "https://www.iesdouyin.com/share/video/6852874897618685184/?region=CN&mid=6779041629568239617&u_code=0&titleType=title", "download_url": "https://www.chanmama.com/awemeDetail/6852874897618685184", "digg_count": 1079, "digg_incr": 801, "aweme_create_time": 1595559276, "category": 6, "volume": 1, "amount": 0}, "author": {"author_id": "3742330147045639", "nickname": "乐高科技™", "follower_count": 607675}}, {"aweme": {"aweme_id": "6852903551014882573", "aweme_title": "#婴儿衣服搭配 纯棉无骨缝制的一款连体，➕丝棉，这个季节很实惠哦@DOU+小助手 @抖音小助手", "aweme_url": "https://www.iesdouyin.com/share/video/6852903551014882573/?region=CN&mid=6589953955827370765&u_code=0&titleType=title", "download_url": "https://www.chanmama.com/awemeDetail/6852903551014882573", "digg_count": 1025, "digg_incr": 746, "aweme_create_time": 1595565948, "category": 6, "volume": 0, "amount": 0}, "author": {"author_id": "62678493287", "nickname": "咖啦熊婴幼儿服饰", "follower_count": 230214}}, {"aweme": {"aweme_id": "6852923553881345294", "aweme_title": "秋天来啦，当然要长袖啦，就等你收藏啦  #搭配早秋  #新品  #孕妇装@DOU+小助手", "aweme_url": "https://www.iesdouyin.com/share/video/6852923553881345294/?region=CN&mid=6852923665240050439&u_code=0&titleType=title", "download_url": "https://www.chanmama.com/awemeDetail/6852923553881345294", "digg_count": 1166, "digg_incr": 739, "aweme_create_time": 1595580000, "category": 6, "volume": 0, "amount": 0}, "author": {"author_id": "106584496101", "nickname": "孕妇穿搭记", "follower_count": 649061}}, {"aweme": {"aweme_id": "6853005770003467533", "aweme_title": "夏天房间开空调，要记得给孩子盖个毯子。如果是脾胃比较不好的宝宝，也可以穿个围兜#好物推荐", "aweme_url": "https://www.iesdouyin.com/share/video/6853005770003467533/?region=CN&mid=6734531155737051149&u_code=0&titleType=title", "download_url": "https://www.chanmama.com/awemeDetail/6853005770003467533", "digg_count": 1048, "digg_incr": 706, "aweme_create_time": 1595589748, "category": 6, "volume": 0, "amount": 0}, "author": {"author_id": "63545712460", "nickname": "柒娘", "follower_count": 936075}}, {"aweme": {"aweme_id": "6852882078338452749", "aweme_title": "#哆啦a梦 短暂的一日之恋-6#卡通 #动画片  家银们，我也得上班恰饭呀~", "aweme_url": "https://www.iesdouyin.com/share/video/6852882078338452749/?region=CN&mid=6852882235482278663&u_code=0&titleType=title", "download_url": "https://www.chanmama.com/awemeDetail/6852882078338452749", "digg_count": 1010, "digg_incr": 675, "aweme_create_time": 1595560967, "category": 6, "volume": 0, "amount": 0}, "author": {"author_id": "64812541827", "nickname": "大雄放映室", "follower_count": 468639}}, {"aweme": {"aweme_id": "6852899343851146509", "aweme_title": "女孩子对化妆盒这玩具真是毫无抵抗力，在家玩了一整天#亲子 #过家家 #你好火星 #画画", "aweme_url": "https://www.iesdouyin.com/share/video/6852899343851146509/?region=CN&mid=6852899355197016839&u_code=0&titleType=title", "download_url": "https://www.chanmama.com/awemeDetail/6852899343851146509", "digg_count": 3001, "digg_incr": 627, "aweme_create_time": 1595564969, "category": 6, "volume": 0, "amount": 0}, "author": {"author_id": "3117864116037534", "nickname": "小胖老师🐷", "follower_count": 198831}}, {"aweme": {"aweme_id": "6852976622958546184", "aweme_title": "鸭鸭成精啦#玩具", "aweme_url": "https://www.iesdouyin.com/share/video/6852976622958546184/?region=CN&mid=6852976650158623502&u_code=0&titleType=title", "download_url": "https://www.chanmama.com/awemeDetail/6852976622958546184", "digg_count": 1502, "digg_incr": 552, "aweme_create_time": 1595582961, "category": 6, "volume": 0, "amount": 0}, "author": {"author_id": "58323966256", "nickname": "刘江", "follower_count": 372476}}]}