{"data": [{"aweme": {"aweme_id": "6852964433061252365", "aweme_title": "@卖嘴哥", "aweme_url": "https://www.iesdouyin.com/share/video/6852964433061252365/?region=CN&mid=6826296097138985742&u_code=0&titleType=title", "download_url": "https://www.chanmama.com/awemeDetail/6852964433061252365", "digg_count": 229637, "digg_incr": 222400, "aweme_create_time": 1595580124, "category": 7, "volume": 0, "amount": 0}, "author": {"author_id": "96517920096", "nickname": "拉斐尔", "follower_count": 186384}}, {"aweme": {"aweme_id": "6852875402935946504", "aweme_title": "煮了一大锅黄灿灿面条", "aweme_url": "https://www.iesdouyin.com/share/video/6852875402935946504/?region=CN&mid=6852875412033358605&u_code=bk5kkf3l2d0&titleType=title", "download_url": "https://www.chanmama.com/awemeDetail/6852875402935946504", "digg_count": 122652, "digg_incr": 118802, "aweme_create_time": 1595559395, "category": 7, "volume": 2271, "amount": 79030.79999999999}, "author": {"author_id": "104958503756", "nickname": "王赫", "follower_count": 695643}}, {"aweme": {"aweme_id": "6851379088481963264", "aweme_title": "你们的老公在你生孩子后对你的变化大吗？#内容过于真实", "aweme_url": "https://www.iesdouyin.com/share/video/6851379088481963264/?region=CN&mid=6851379116743510792&u_code=0&titleType=title", "download_url": "https://www.chanmama.com/awemeDetail/6851379088481963264", "digg_count": 145181, "digg_incr": 104121, "aweme_create_time": 1595579400, "category": 7, "volume": 2, "amount": 338}, "author": {"author_id": "2893542015114351", "nickname": "老弟很努力💪", "follower_count": 239028}}, {"aweme": {"aweme_id": "6852916046714719495", "aweme_title": "又学到了一招 #美食趣胃计划  @抖音美食", "aweme_url": "https://www.iesdouyin.com/share/video/6852916046714719495/?region=CN&mid=6852916184845650695&u_code=0&titleType=title", "download_url": "https://www.chanmama.com/awemeDetail/6852916046714719495", "digg_count": 114438, "digg_incr": 97965, "aweme_create_time": 1595568886, "category": 7, "volume": 391, "amount": 3479.9}, "author": {"author_id": "1499365378631607", "nickname": "下铺刘三好", "follower_count": 863521}}, {"aweme": {"aweme_id": "6852891842602634496", "aweme_title": "缺女演员#大希地美食", "aweme_url": "https://www.iesdouyin.com/share/video/6852891842602634496/?region=CN&mid=6850077795414968322&u_code=0&titleType=title", "download_url": "https://www.chanmama.com/awemeDetail/6852891842602634496", "digg_count": 78308, "digg_incr": 78423, "aweme_create_time": 1595563221, "category": 7, "volume": 123, "amount": 18081}, "author": {"author_id": "2792363325654910", "nickname": "刘大顺", "follower_count": 82535}}, {"aweme": {"aweme_id": "6852918908698070285", "aweme_title": "爽吃麦丽素就是我报考北大的动力！", "aweme_url": "https://www.iesdouyin.com/share/video/6852918908698070285/?region=CN&mid=6852918943775345422&u_code=0&titleType=title", "download_url": "https://www.chanmama.com/awemeDetail/6852918908698070285", "digg_count": 96937, "digg_incr": 68881, "aweme_create_time": 1595569524, "category": 7, "volume": 327, "amount": 12426}, "author": {"author_id": "109012974638", "nickname": "贫穷玩家", "follower_count": 687954}}, {"aweme": {"aweme_id": "6852569964864408835", "aweme_title": "什么都难不倒机智的妈妈#神仙妈妈", "aweme_url": "https://www.iesdouyin.com/share/video/6852569964864408835/?region=CN&mid=6852570041863523079&u_code=0&titleType=title", "download_url": "https://www.chanmama.com/awemeDetail/6852569964864408835", "digg_count": 74356, "digg_incr": 64740, "aweme_create_time": 1595561806, "category": 7, "volume": 15, "amount": 1785}, "author": {"author_id": "98261358758", "nickname": "林怡伦", "follower_count": 699489}}, {"aweme": {"aweme_id": "6852933135433338127", "aweme_title": "#青菜拼车拼拼拼 #趣你的夏天 #糖果 #你好火星", "aweme_url": "https://www.iesdouyin.com/share/video/6852933135433338127/?region=CN&mid=6852933153147079431&u_code=0&titleType=title", "download_url": "https://www.chanmama.com/awemeDetail/6852933135433338127", "digg_count": 63238, "digg_incr": 62519, "aweme_create_time": 1595572836, "category": 7, "volume": 54, "amount": 2052}, "author": {"author_id": "2612059918578224", "nickname": "赣榆区海头镇王程玲海鲜经营部", "follower_count": 396068}}, {"aweme": {"aweme_id": "6852863240834272519", "aweme_title": "经历多了 就不再矫情，遇到什么，扛下来就是，老大不小的人了，再寄希望于他人，那  就是过错了！", "aweme_url": "https://www.iesdouyin.com/share/video/6852863240834272519/?region=CN&mid=6835208883850906376&u_code=0&titleType=title", "download_url": "https://www.chanmama.com/awemeDetail/6852863240834272519", "digg_count": 105685, "digg_incr": 61599, "aweme_create_time": 1595556564, "category": 7, "volume": 1510, "amount": 64779}, "author": {"author_id": "107979551892", "nickname": "芗村生活", "follower_count": 158053}}, {"aweme": {"aweme_id": "6852972209250520331", "aweme_title": "#奇亚籽 小小颗粒能促进肠道蠕动特别厉害，不要咀嚼直接一口闷，一分钟后…别来找我🤣@DOU+小助手", "aweme_url": "https://www.iesdouyin.com/share/video/6852972209250520331/?region=CN&mid=6852972245900479245&u_code=0&titleType=title", "download_url": "https://www.chanmama.com/awemeDetail/6852972209250520331", "digg_count": 36452, "digg_incr": 36308, "aweme_create_time": 1595581938, "category": 7, "volume": 2033, "amount": 81116.7}, "author": {"author_id": "1204652964847211", "nickname": "琪琪的减脂日记", "follower_count": 354752}}, {"aweme": {"aweme_id": "6852886786327285007", "aweme_title": "给我一杯忘情水，如果大家没有收到货请别着急，可能远一点地方还在路上，可以联系客服，谢谢大家的支持", "aweme_url": "https://www.iesdouyin.com/share/video/6852886786327285007/?region=CN&mid=6743203686262180611&u_code=0&titleType=title", "download_url": "https://www.chanmama.com/awemeDetail/6852886786327285007", "digg_count": 42565, "digg_incr": 35644, "aweme_create_time": 1595562044, "category": 7, "volume": 145, "amount": 6670}, "author": {"author_id": "99427627578", "nickname": "施诗", "follower_count": 170717}}, {"aweme": {"aweme_id": "6852898620371422478", "aweme_title": "你们这些催更的，如果有点良心的买点鸡胸肉，带点水果来医院看望一下我… 熬夜给你们花5个小时剪出来的视频#热门", "aweme_url": "https://www.iesdouyin.com/share/video/6852898620371422478/?region=CN&mid=6852898730518121224&u_code=0&titleType=title", "download_url": "https://www.chanmama.com/awemeDetail/6852898620371422478", "digg_count": 39906, "digg_incr": 34539, "aweme_create_time": 1595564800, "category": 7, "volume": 67, "amount": 3343.2999999999997}, "author": {"author_id": "87002258445", "nickname": "William真的很努力", "follower_count": 965946}}, {"aweme": {"aweme_id": "6852891476599393551", "aweme_title": "姐，看这儿，弟弟给你摘水果来了@抖音小助手", "aweme_url": "https://www.iesdouyin.com/share/video/6852891476599393551/?region=CN&mid=6852891485596142344&u_code=0&titleType=title", "download_url": "https://www.chanmama.com/awemeDetail/6852891476599393551", "digg_count": 54281, "digg_incr": 32361, "aweme_create_time": 1595563136, "category": 7, "volume": 0, "amount": 0}, "author": {"author_id": "78652347953", "nickname": "苹果哥🍎🍎🍎", "follower_count": 244467}}, {"aweme": {"aweme_id": "6852917628965489932", "aweme_title": "鸡血藤的採制 ，回馈活动继续#鸡血藤", "aweme_url": "https://www.iesdouyin.com/share/video/6852917628965489932/?region=CN&mid=6852918303808113416&u_code=0&titleType=title", "download_url": "https://www.chanmama.com/awemeDetail/6852917628965489932", "digg_count": 70440, "digg_incr": 30714, "aweme_create_time": 1595569378, "category": 7, "volume": 19, "amount": 0}, "author": {"author_id": "92781352597", "nickname": "李恒旭", "follower_count": 117383}}, {"aweme": {"aweme_id": "6852997767174933768", "aweme_title": "我们家的俄罗斯蜂蜜！了解一下 #纯蜂蜜", "aweme_url": "https://www.iesdouyin.com/share/video/6852997767174933768/?region=CN&mid=6852997844975323918&u_code=0&titleType=title", "download_url": "https://www.chanmama.com/awemeDetail/6852997767174933768", "digg_count": 41511, "digg_incr": 25464, "aweme_create_time": 1595587894, "category": 7, "volume": 20, "amount": 760}, "author": {"author_id": "96962415737", "nickname": "娜斯佳海鲜", "follower_count": 353015}}, {"aweme": {"aweme_id": "6852850444243340559", "aweme_title": "男人养肾，就要先养肝#中医养生 #食疗养生", "aweme_url": "https://www.iesdouyin.com/share/video/6852850444243340559/?region=CN&mid=6852850439923288839&u_code=0&titleType=title", "download_url": "https://www.chanmama.com/awemeDetail/6852850444243340559", "digg_count": 24648, "digg_incr": 24605, "aweme_create_time": 1595553583, "category": 7, "volume": 0, "amount": 0}, "author": {"author_id": "870465339132112", "nickname": "中医陈琦医生", "follower_count": 498415}}, {"aweme": {"aweme_id": "6852915348488916232", "aweme_title": "你身边有没有职场巨婴#烤肠#零食 #热门 #717奇妙好物在这里 #便宜便宜真便宜", "aweme_url": "https://www.iesdouyin.com/share/video/6852915348488916232/?region=CN&mid=6852915379128601358&u_code=0&titleType=title", "download_url": "https://www.chanmama.com/awemeDetail/6852915348488916232", "digg_count": 22522, "digg_incr": 22516, "aweme_create_time": 1595568695, "category": 7, "volume": 60, "amount": 594}, "author": {"author_id": "523011370006941", "nickname": "小盟主（直播中）", "follower_count": 148161}}, {"aweme": {"aweme_id": "6852974777892752654", "aweme_title": "哥哥姐姐来攀枝花我请你吃芒果#攀枝花彩虹芒果 #直播 #川货dou起来", "aweme_url": "https://www.iesdouyin.com/share/video/6852974777892752654/?region=CN&mid=6852974879453907726&u_code=2426m2ak82ai&titleType=title", "download_url": "https://www.chanmama.com/awemeDetail/6852974777892752654", "digg_count": 21587, "digg_incr": 21587, "aweme_create_time": 1595582549, "category": 7, "volume": 0, "amount": 0}, "author": {"author_id": "1750053821360640", "nickname": "一方水土水果", "follower_count": 134727}}, {"aweme": {"aweme_id": "6852980933990092040", "aweme_title": "虽然辛苦，但这是最快乐的时刻，收获的喜悦，只有用心做的人才能体会！", "aweme_url": "https://www.iesdouyin.com/share/video/6852980933990092040/?region=CN&mid=6762099771948829453&u_code=0&titleType=title", "download_url": "https://www.chanmama.com/awemeDetail/6852980933990092040", "digg_count": 31039, "digg_incr": 19982, "aweme_create_time": 1595583985, "category": 7, "volume": 1, "amount": 39.9}, "author": {"author_id": "109306807402", "nickname": "村野发现·湘妹心宝", "follower_count": 831681}}, {"aweme": {"aweme_id": "6852968802477444367", "aweme_title": "杨孃孃吃大头菜下肘子，胃口真好！#大口吃肉 #吃饭也可以好嗨哟 #搞笑@DOU+小助手", "aweme_url": "https://www.iesdouyin.com/share/video/6852968802477444367/?region=CN&mid=6852968867849980679&u_code=0&titleType=title", "download_url": "https://www.chanmama.com/awemeDetail/6852968802477444367", "digg_count": 27288, "digg_incr": 19865, "aweme_create_time": 1595581140, "category": 7, "volume": 52, "amount": 2074.7999999999997}, "author": {"author_id": "75770274254", "nickname": "杨队长", "follower_count": 823614}}, {"aweme": {"aweme_id": "6852842132181404942", "aweme_title": "敢不敢玩把大的，把你现任艾特出来，看看一年后还是不是他#每日黑巧", "aweme_url": "https://www.iesdouyin.com/share/video/6852842132181404942/?region=CN&mid=6852842238679010055&u_code=0&titleType=title", "download_url": "https://www.chanmama.com/awemeDetail/6852842132181404942", "digg_count": 27327, "digg_incr": 19424, "aweme_create_time": 1595561400, "category": 7, "volume": 0, "amount": 0}, "author": {"author_id": "59130709807", "nickname": "钟意小哆啦", "follower_count": 975929}}, {"aweme": {"aweme_id": "6852946623723539720", "aweme_title": "西瓜红（俗称六鳌蜜薯）来了正在直播#助农 @抖音小助手", "aweme_url": "https://www.iesdouyin.com/share/video/6852946623723539720/?region=CN&mid=6852946643432524557&u_code=0&titleType=title", "download_url": "https://www.chanmama.com/awemeDetail/6852946623723539720", "digg_count": 25105, "digg_incr": 19363, "aweme_create_time": 1595575977, "category": 7, "volume": 0, "amount": 0}, "author": {"author_id": "65691550049", "nickname": "农村姑嫂", "follower_count": 830427}}, {"aweme": {"aweme_id": "6852959341885132047", "aweme_title": "#很哇塞的女人 #卖家不如买家秀", "aweme_url": "https://www.iesdouyin.com/share/video/6852959341885132047/?region=CN&mid=6852959372012735245&u_code=bk5kkf3l2d0&titleType=title", "download_url": "https://www.chanmama.com/awemeDetail/6852959341885132047", "digg_count": 19603, "digg_incr": 18433, "aweme_create_time": 1595578937, "category": 7, "volume": 0, "amount": 0}, "author": {"author_id": "4234969274124238", "nickname": "瑾乐电子商务商行", "follower_count": 497676}}, {"aweme": {"aweme_id": "6852869798871698701", "aweme_title": "我妈没炒几个菜", "aweme_url": "https://www.iesdouyin.com/share/video/6852869798871698701/?region=CN&mid=6852869805935299335&u_code=bk5kkf3l2d0&titleType=title", "download_url": "https://www.chanmama.com/awemeDetail/6852869798871698701", "digg_count": 16425, "digg_incr": 16309, "aweme_create_time": 1595558090, "category": 7, "volume": 686, "amount": 26068}, "author": {"author_id": "104958503756", "nickname": "王赫", "follower_count": 695643}}, {"aweme": {"aweme_id": "6852997314148076808", "aweme_title": "饭店行话 堂老三#行话 #中华文化 #评书 #你好火星", "aweme_url": "https://www.iesdouyin.com/share/video/6852997314148076808/?region=CN&mid=6852997357647252237&u_code=0&titleType=title", "download_url": "https://www.chanmama.com/awemeDetail/6852997314148076808", "digg_count": 28312, "digg_incr": 16246, "aweme_create_time": 1595587779, "category": 7, "volume": 0, "amount": 0}, "author": {"author_id": "91971221629", "nickname": "孙一不二", "follower_count": 430507}}, {"aweme": {"aweme_id": "6852903112974404877", "aweme_title": "纸皮核桃就是这样子的，轻轻一捏就开了#纸皮核桃 #你好火星 @DOU+小助手 #喝彩变身", "aweme_url": "https://www.iesdouyin.com/share/video/6852903112974404877/?region=CN&mid=6852903128967285517&u_code=0&titleType=title", "download_url": "https://www.chanmama.com/awemeDetail/6852903112974404877", "digg_count": 16229, "digg_incr": 15554, "aweme_create_time": 1595565846, "category": 7, "volume": 0, "amount": 0}, "author": {"author_id": "76189391338", "nickname": "鑫盛铭果新疆特产", "follower_count": 230985}}, {"aweme": {"aweme_id": "6852987030373190923", "aweme_title": "鸡蛋一下去，大货马上就要出来", "aweme_url": "https://www.iesdouyin.com/share/video/6852987030373190923/?region=CN&mid=6852987069350939405&u_code=0&titleType=title", "download_url": "https://www.chanmama.com/awemeDetail/6852987030373190923", "digg_count": 37732, "digg_incr": 15047, "aweme_create_time": 1595585389, "category": 7, "volume": 0, "amount": 0}, "author": {"author_id": "4314129648071475", "nickname": "农村小杨全国户外", "follower_count": 428555}}, {"aweme": {"aweme_id": "6853008641528777997", "aweme_title": "女人#缺乏 #维生素 的几个信号灯！不注意可能会惹上大#麻烦 ！#科普", "aweme_url": "https://www.iesdouyin.com/share/video/6853008641528777997/?region=CN&mid=6853008664450648839&u_code=0&titleType=title", "download_url": "https://www.chanmama.com/awemeDetail/6853008641528777997", "digg_count": 51127, "digg_incr": 14689, "aweme_create_time": 1595590416, "category": 7, "volume": 0, "amount": 0}, "author": {"author_id": "2787951696158396", "nickname": "璐冰生活课", "follower_count": 399091}}, {"aweme": {"aweme_id": "6852991177340357899", "aweme_title": "窝窝头还是红薯叶做出来的好吃#美食趣胃计划", "aweme_url": "https://www.iesdouyin.com/share/video/6852991177340357899/?region=CN&mid=6852991227789462279&u_code=432e858fmk8j&titleType=title", "download_url": "https://www.chanmama.com/awemeDetail/6852991177340357899", "digg_count": 16720, "digg_incr": 14422, "aweme_create_time": 1595586355, "category": 7, "volume": 0, "amount": 0}, "author": {"author_id": "3021096796032429", "nickname": "小浩和姥姥", "follower_count": 990130}}, {"aweme": {"aweme_id": "6852944538726599949", "aweme_title": "冷面面及冷面汤的详细做法，快收藏起来在家做吧！ #冷面 #朝鲜族美食", "aweme_url": "https://www.iesdouyin.com/share/video/6852944538726599949/?region=CN&mid=6852944690149378824&u_code=0&titleType=title", "download_url": "https://www.chanmama.com/awemeDetail/6852944538726599949", "digg_count": 19513, "digg_incr": 13961, "aweme_create_time": 1595575511, "category": 7, "volume": 75, "amount": 2242.5}, "author": {"author_id": "553766782254008", "nickname": "金花阿妈妮", "follower_count": 575832}}, {"aweme": {"aweme_id": "6852894483021843712", "aweme_title": "#你好火星 #趣你的夏天 #带娃内心戏 #趣海南go免税", "aweme_url": "https://www.iesdouyin.com/share/video/6852894483021843712/?region=CN&mid=6852894495118347016&u_code=0&titleType=title", "download_url": "https://www.chanmama.com/awemeDetail/6852894483021843712", "digg_count": 14010, "digg_incr": 13044, "aweme_create_time": 1595563836, "category": 7, "volume": 0, "amount": 0}, "author": {"author_id": "2612059918578224", "nickname": "赣榆区海头镇王程玲海鲜经营部", "follower_count": 396068}}, {"aweme": {"aweme_id": "6853017319388712195", "aweme_title": "偶尔吃一顿火锅，感受一下夏天的刺激", "aweme_url": "https://www.iesdouyin.com/share/video/6853017319388712195/?region=CN&mid=6853017391115275015&u_code=0&titleType=title", "download_url": "https://www.chanmama.com/awemeDetail/6853017319388712195", "digg_count": 55707, "digg_incr": 12048, "aweme_create_time": 1595592440, "category": 7, "volume": 5, "amount": 119}, "author": {"author_id": "79350464096", "nickname": "黔东农仓", "follower_count": 519681}}, {"aweme": {"aweme_id": "6852960557910297863", "aweme_title": "爸爸我也帮不了啊 以后少气妈妈吧 一大锅好吃的就让吃辣椒太苦了 哈哈", "aweme_url": "https://www.iesdouyin.com/share/video/6852960557910297863/?region=CN&mid=6852960583545883400&u_code=1a2e3jkj64ag&titleType=title", "download_url": "https://www.chanmama.com/awemeDetail/6852960557910297863", "digg_count": 11231, "digg_incr": 10967, "aweme_create_time": 1595579222, "category": 7, "volume": 0, "amount": 0}, "author": {"author_id": "96000241730", "nickname": "顺子韩食坊", "follower_count": 908398}}, {"aweme": {"aweme_id": "6852967000101244164", "aweme_title": "幸福就是做王子清的粉丝。#幸福 的#粉丝", "aweme_url": "https://www.iesdouyin.com/share/video/6852967000101244164/?region=CN&mid=6852967053880576775&u_code=0&titleType=title", "download_url": "https://www.chanmama.com/awemeDetail/6852967000101244164", "digg_count": 14314, "digg_incr": 10625, "aweme_create_time": 1595580726, "category": 7, "volume": 54, "amount": 540}, "author": {"author_id": "103356234913", "nickname": "赶马商城APP", "follower_count": 732533}}, {"aweme": {"aweme_id": "6852958637183225088", "aweme_title": "结婚怎么了，生过孩子怎么了，做妈妈怎么了，涂上口红、画个小妆，墨镜一带，我依然觉得自己还是个小姑娘，哈哈😄", "aweme_url": "https://www.iesdouyin.com/share/video/6852958637183225088/?region=CN&mid=6798397065958345485&u_code=0&titleType=title", "download_url": "https://www.chanmama.com/awemeDetail/6852958637183225088", "digg_count": 11354, "digg_incr": 9974, "aweme_create_time": 1595578773, "category": 7, "volume": 0, "amount": 0}, "author": {"author_id": "71562167119", "nickname": "小猪蹄爱麻麻（8月1号泽宝生日）", "follower_count": 157658}}, {"aweme": {"aweme_id": "6852869965188484360", "aweme_title": "国际惯例 先尝后M", "aweme_url": "https://www.iesdouyin.com/share/video/6852869965188484360/?region=CN&mid=6852869973996555015&u_code=0&titleType=title", "download_url": "https://www.chanmama.com/awemeDetail/6852869965188484360", "digg_count": 16980, "digg_incr": 9950, "aweme_create_time": 1595558129, "category": 7, "volume": 0, "amount": 0}, "author": {"author_id": "96833063482", "nickname": "邢大运", "follower_count": 198247}}, {"aweme": {"aweme_id": "6852881434688883968", "aweme_title": "#趣味美食计划 #涨知识#美食", "aweme_url": "https://www.iesdouyin.com/share/video/6852881434688883968/?region=CN&mid=6852881484664097550&u_code=0&titleType=title", "download_url": "https://www.chanmama.com/awemeDetail/6852881434688883968", "digg_count": 9539, "digg_incr": 9507, "aweme_create_time": 1595560798, "category": 7, "volume": 12, "amount": 118.80000000000001}, "author": {"author_id": "82192773372", "nickname": "51寻食技.餐饮美食教程", "follower_count": 437840}}, {"aweme": {"aweme_id": "6852838841003314432", "aweme_title": "大家都是二三十岁，扛的压力也都不比别人小，请自重，也请你有自知之明@河南口吃大个儿", "aweme_url": "https://www.iesdouyin.com/share/video/6852838841003314432/?region=CN&mid=6852838810758564615&u_code=0&titleType=title", "download_url": "https://www.chanmama.com/awemeDetail/6852838841003314432", "digg_count": 18589, "digg_incr": 9378, "aweme_create_time": 1595550882, "category": 7, "volume": 0, "amount": 0}, "author": {"author_id": "104338609093", "nickname": "牛蛋🔥（全天开播助农）", "follower_count": 262458}}, {"aweme": {"aweme_id": "6852949909176323328", "aweme_title": "不会还有人还在靠节食来控制体重吧#什什怎么又是你", "aweme_url": "https://www.iesdouyin.com/share/video/6852949909176323328/?region=CN&mid=6852949926834342670&u_code=0&titleType=title", "download_url": "https://www.chanmama.com/awemeDetail/6852949909176323328", "digg_count": 8627, "digg_incr": 8469, "aweme_create_time": 1595587294, "category": 7, "volume": 0, "amount": 0}, "author": {"author_id": "62746599118", "nickname": "张什什", "follower_count": 988342}}, {"aweme": {"aweme_id": "6852810828689739012", "aweme_title": "进步能解决人类的所有问题吗？#王东岳@DOU+小助手", "aweme_url": "https://www.iesdouyin.com/share/video/6852810828689739012/?region=CN&mid=6852810868011420430&u_code=0&titleType=title", "download_url": "https://www.chanmama.com/awemeDetail/6852810828689739012", "digg_count": 8907, "digg_incr": 8110, "aweme_create_time": 1595544380, "category": 7, "volume": 2, "amount": 1096}, "author": {"author_id": "92951486742", "nickname": "混沌星球哲思", "follower_count": 572717}}, {"aweme": {"aweme_id": "6852982251957783821", "aweme_title": "是谁一直叫我吃无骨鸡爪来着，这个味道......#美食趣味计划 #趣味大比拼 #美食测评", "aweme_url": "https://www.iesdouyin.com/share/video/6852982251957783821/?region=CN&mid=6852982287580465933&u_code=0&titleType=title", "download_url": "https://www.chanmama.com/awemeDetail/6852982251957783821", "digg_count": 14307, "digg_incr": 7687, "aweme_create_time": 1595584272, "category": 7, "volume": 0, "amount": 0}, "author": {"author_id": "101143413783", "nickname": "拉布斯的帽子", "follower_count": 434681}}, {"aweme": {"aweme_id": "6852879485063286031", "aweme_title": "我朋友说她喝这款酒的时候想起了她的初恋！ #鹅岛精酿啤酒", "aweme_url": "https://www.iesdouyin.com/share/video/6852879485063286031/?region=CN&mid=6852879517053242126&u_code=0&titleType=title", "download_url": "https://www.chanmama.com/awemeDetail/6852879485063286031", "digg_count": 15320, "digg_incr": 7662, "aweme_create_time": 1595581200, "category": 7, "volume": 0, "amount": 0}, "author": {"author_id": "105434634856", "nickname": "晶晶探上海", "follower_count": 985205}}, {"aweme": {"aweme_id": "6852875104913820936", "aweme_title": "本以为是个偶像剧，没想到... #美食趣胃计划  @抖音美食", "aweme_url": "https://www.iesdouyin.com/share/video/6852875104913820936/?region=CN&mid=6852875185708763911&u_code=1d1mf7c7i1l0&titleType=title", "download_url": "https://www.chanmama.com/awemeDetail/6852875104913820936", "digg_count": 7327, "digg_incr": 7327, "aweme_create_time": 1595559344, "category": 7, "volume": 33, "amount": 293.7}, "author": {"author_id": "1499365378631607", "nickname": "下铺刘三好", "follower_count": 863521}}, {"aweme": {"aweme_id": "6852953881899470095", "aweme_title": "每天坚持拍视频就是没有火，还有几万斤再不卖掉就要坏掉了，白菜价，我家芒果又大又甜又好吃#芒果芒果", "aweme_url": "https://www.iesdouyin.com/share/video/6852953881899470095/?region=CN&mid=6852953889470302984&u_code=1a2e3jkj64ag&titleType=title", "download_url": "https://www.chanmama.com/awemeDetail/6852953881899470095", "digg_count": 7337, "digg_incr": 7327, "aweme_create_time": 1595577666, "category": 7, "volume": 0, "amount": 0}, "author": {"author_id": "1666512866521223", "nickname": "阿林哥", "follower_count": 188383}}, {"aweme": {"aweme_id": "6852989319599246595", "aweme_title": "《羊肚肚手巾三道道蓝》 #陕北民歌  @抖音小助手", "aweme_url": "https://www.iesdouyin.com/share/video/6852989319599246595/?region=CN&mid=6852989546414951182&u_code=0&titleType=title", "download_url": "https://www.chanmama.com/awemeDetail/6852989319599246595", "digg_count": 10143, "digg_incr": 7174, "aweme_create_time": 1595585958, "category": 7, "volume": 0, "amount": 0}, "author": {"author_id": "57620703058", "nickname": "贰强", "follower_count": 653732}}, {"aweme": {"aweme_id": "6852862106644090112", "aweme_title": "#很哇塞的女人 #卖家不如买家秀 #你好火星", "aweme_url": "https://www.iesdouyin.com/share/video/6852862106644090112/?region=CN&mid=6852862108728625933&u_code=3eeklh34k567&titleType=title", "download_url": "https://www.chanmama.com/awemeDetail/6852862106644090112", "digg_count": 7579, "digg_incr": 7151, "aweme_create_time": 1595556298, "category": 7, "volume": 0, "amount": 0}, "author": {"author_id": "4234969274124238", "nickname": "瑾乐电子商务商行", "follower_count": 497676}}, {"aweme": {"aweme_id": "6852971633179725060", "aweme_title": "广西红树林海鸭蛋 #正在直播中请点头像进入 #新主播求守护", "aweme_url": "https://www.iesdouyin.com/share/video/6852971633179725060/?region=CN&mid=6852971659041753864&u_code=0&titleType=title", "download_url": "https://www.chanmama.com/awemeDetail/6852971633179725060", "digg_count": 9486, "digg_incr": 7142, "aweme_create_time": 1595581804, "category": 7, "volume": 21, "amount": 417.9}, "author": {"author_id": "98732647989", "nickname": "娘湾海产品店", "follower_count": 79724}}, {"aweme": {"aweme_id": "6852976144724069640", "aweme_title": "这次到货的中辣口味，比上次的口味稍微辣一些哦，不是那种重辣的哦！#美食趣味计划 #无骨鸡爪", "aweme_url": "https://www.iesdouyin.com/share/video/6852976144724069640/?region=CN&mid=6823577188546300680&u_code=0&titleType=title", "download_url": "https://www.chanmama.com/awemeDetail/6852976144724069640", "digg_count": 8629, "digg_incr": 7112, "aweme_create_time": 1595582850, "category": 7, "volume": 12, "amount": 238.79999999999998}, "author": {"author_id": "72568377157", "nickname": "枣哥零食", "follower_count": 416767}}, {"aweme": {"aweme_id": "6852950894791773451", "aweme_title": "#解压 #减肥 #声控吃播 #咀嚼音 冰冰凉凉一夏天", "aweme_url": "https://www.iesdouyin.com/share/video/6852950894791773451/?region=CN&mid=6852950933162511118&u_code=0&titleType=title", "download_url": "https://www.chanmama.com/awemeDetail/6852950894791773451", "digg_count": 7628, "digg_incr": 6827, "aweme_create_time": 1595576977, "category": 7, "volume": 131, "amount": 3916.8999999999996}, "author": {"author_id": "1978736675654220", "nickname": "韩国🇰🇷虎尼弟弟", "follower_count": 253463}}, {"aweme": {"aweme_id": "6852846517871578368", "aweme_title": "女人爱帅哥肤浅？爱票票拜金？#女人#生活 @抖音小助手", "aweme_url": "https://www.iesdouyin.com/share/video/6852846517871578368/?region=CN&mid=6852846500356475655&u_code=0&titleType=title", "download_url": "https://www.chanmama.com/awemeDetail/6852846517871578368", "digg_count": 7582, "digg_incr": 6757, "aweme_create_time": 1595552669, "category": 7, "volume": 59, "amount": 1174.1}, "author": {"author_id": "98465378431", "nickname": "小狼头🔥笑的很放肆", "follower_count": 348127}}, {"aweme": {"aweme_id": "6851439101200076045", "aweme_title": "千万不要节食减肥啦，健康瘦身才能一直坚持呀~宝们都给我瘦！#减肥", "aweme_url": "https://www.iesdouyin.com/share/video/6851439101200076045/?region=CN&mid=6851439234562935559&u_code=0&titleType=title", "download_url": "https://www.chanmama.com/awemeDetail/6851439101200076045", "digg_count": 7601, "digg_incr": 6630, "aweme_create_time": 1595563200, "category": 7, "volume": 2, "amount": 258}, "author": {"author_id": "83176170455324", "nickname": "灰色鹿_", "follower_count": 848519}}, {"aweme": {"aweme_id": "6852986613207813379", "aweme_title": "和孩子一起放下手机，陪孩子一起成长，享受亲子时光～#上热门 #diy", "aweme_url": "https://www.iesdouyin.com/share/video/6852986613207813379/?region=CN&mid=6852986654727162637&u_code=0&titleType=title", "download_url": "https://www.chanmama.com/awemeDetail/6852986613207813379", "digg_count": 8767, "digg_incr": 6620, "aweme_create_time": 1595585292, "category": 7, "volume": 842, "amount": 25175.8}, "author": {"author_id": "1472961433050110", "nickname": "崽贝贝", "follower_count": 531161}}, {"aweme": {"aweme_id": "6852608990971497728", "aweme_title": "终于能实现一边上课一边喝奶昔了～@是玖玥吖_ 小号/#athenavlog", "aweme_url": "https://www.iesdouyin.com/share/video/6852608990971497728/?region=CN&mid=6852609016741301000&u_code=0&titleType=title", "download_url": "https://www.chanmama.com/awemeDetail/6852608990971497728", "digg_count": 7756, "digg_incr": 6475, "aweme_create_time": 1595563235, "category": 7, "volume": 3, "amount": 234}, "author": {"author_id": "81791480023", "nickname": ".玖玥～👑.", "follower_count": 237374}}, {"aweme": {"aweme_id": "6852972910345243912", "aweme_title": "#vlog我的日常 有了这个小衣柜水果茶，我每天幸福感都变强了🥰", "aweme_url": "https://www.iesdouyin.com/share/video/6852972910345243912/?region=CN&mid=6635945088092637960&u_code=0&titleType=title", "download_url": "https://www.chanmama.com/awemeDetail/6852972910345243912", "digg_count": 8909, "digg_incr": 6231, "aweme_create_time": 1595589623, "category": 7, "volume": 2, "amount": 168}, "author": {"author_id": "97055625937", "nickname": "是你的恋恋", "follower_count": 487145}}, {"aweme": {"aweme_id": "6853017831286574347", "aweme_title": "#日常vlog #记录生活 有微辣，中辣，特辣，我们吃的2斤特辣！", "aweme_url": "https://www.iesdouyin.com/share/video/6853017831286574347/?region=CN&mid=6853017870772013837&u_code=0&titleType=title", "download_url": "https://www.chanmama.com/awemeDetail/6853017831286574347", "digg_count": 9393, "digg_incr": 6142, "aweme_create_time": 1595592559, "category": 7, "volume": 0, "amount": 0}, "author": {"author_id": "70156257337", "nickname": "陈大大和陈小满", "follower_count": 358726}}, {"aweme": {"aweme_id": "6852947941267672333", "aweme_title": "骗我没关系 怕的是你骗不了我#手机铃声 #情侣 #情感 #717奇妙好物在这里", "aweme_url": "https://www.iesdouyin.com/share/video/6852947941267672333/?region=CN&mid=6852947962012633869&u_code=0&titleType=title", "download_url": "https://www.chanmama.com/awemeDetail/6852947941267672333", "digg_count": 6049, "digg_incr": 6011, "aweme_create_time": 1595576284, "category": 7, "volume": 0, "amount": 0}, "author": {"author_id": "96896739328", "nickname": "厦门盼盼食品", "follower_count": 50485}}, {"aweme": {"aweme_id": "6852880087663054092", "aweme_title": "#零食 这么好喝的奶茶 集美们冲鸭 #美食趣胃计划", "aweme_url": "https://www.iesdouyin.com/share/video/6852880087663054092/?region=CN&mid=6852880121431493383&u_code=0&titleType=title", "download_url": "https://www.chanmama.com/awemeDetail/6852880087663054092", "digg_count": 7739, "digg_incr": 5978, "aweme_create_time": 1595560490, "category": 7, "volume": 13, "amount": 258.7}, "author": {"author_id": "2422962102480055", "nickname": "小阳哥", "follower_count": 336357}}, {"aweme": {"aweme_id": "6852860754182360335", "aweme_title": "好吃又健康#搞点新品778 #童年回忆 #趣你的夏天 #预定下半年快乐 #拉丝糖", "aweme_url": "https://www.iesdouyin.com/share/video/6852860754182360335/?region=CN&mid=6852860750290111240&u_code=0&titleType=title", "download_url": "https://www.chanmama.com/awemeDetail/6852860754182360335", "digg_count": 6056, "digg_incr": 5947, "aweme_create_time": 1595555983, "category": 7, "volume": 20, "amount": 536}, "author": {"author_id": "96234533893", "nickname": "海草姐姐", "follower_count": 835855}}, {"aweme": {"aweme_id": "6852969571897314568", "aweme_title": "薄荷冰糖全新来啦～太喜欢夏天薄荷般的🌿清爽干净✨✨✨", "aweme_url": "https://www.iesdouyin.com/share/video/6852969571897314568/?region=CN&mid=6824333755595901710&u_code=0&titleType=title", "download_url": "https://www.chanmama.com/awemeDetail/6852969571897314568", "digg_count": 6690, "digg_incr": 5836, "aweme_create_time": 1595581320, "category": 7, "volume": 0, "amount": 0}, "author": {"author_id": "60741328884", "nickname": "武汉市艺百度眼镜店", "follower_count": 136674}}, {"aweme": {"aweme_id": "6852958754137328900", "aweme_title": "#717抖音奇妙好物市集 #你好火星 #喝彩变身", "aweme_url": "https://www.iesdouyin.com/share/video/6852958754137328900/?region=CN&mid=6852958807967025927&u_code=0&titleType=title", "download_url": "https://www.chanmama.com/awemeDetail/6852958754137328900", "digg_count": 6109, "digg_incr": 5735, "aweme_create_time": 1595578807, "category": 7, "volume": 0, "amount": 0}, "author": {"author_id": "111124683778", "nickname": "阿美海鲜", "follower_count": 467307}}, {"aweme": {"aweme_id": "6853016546680245511", "aweme_title": "好久没回老家看老爹老娘了，明天啥也不做了，回家看看！#热门@抖音小助手", "aweme_url": "https://www.iesdouyin.com/share/video/6853016546680245511/?region=CN&mid=6575053392131918600&u_code=0&titleType=title", "download_url": "https://www.chanmama.com/awemeDetail/6853016546680245511", "digg_count": 6646, "digg_incr": 5410, "aweme_create_time": 1595592257, "category": 7, "volume": 0, "amount": 0}, "author": {"author_id": "110954722440", "nickname": "友叔", "follower_count": 472660}}, {"aweme": {"aweme_id": "6852875680741477644", "aweme_title": "比杨枝甘露还好吃，有会爆浆的小丸子，一勺就爱上#美食趣味计划  @抖音美食", "aweme_url": "https://www.iesdouyin.com/share/video/6852875680741477644/?region=CN&mid=6852875880268614414&u_code=0&titleType=title", "download_url": "https://www.chanmama.com/awemeDetail/6852875680741477644", "digg_count": 7560, "digg_incr": 5407, "aweme_create_time": 1595575680, "category": 7, "volume": 9, "amount": 89.10000000000001}, "author": {"author_id": "465800594456584", "nickname": "夏小羊", "follower_count": 133724}}, {"aweme": {"aweme_id": "6852897851073219848", "aweme_title": "正中午12点，农民伯伯在收蜜薯@抖音小助手 西瓜红蜜薯上巿了。", "aweme_url": "https://www.iesdouyin.com/share/video/6852897851073219848/?region=CN&mid=6852897859567012621&u_code=1dbh74h0j50l&titleType=title", "download_url": "https://www.chanmama.com/awemeDetail/6852897851073219848", "digg_count": 5378, "digg_incr": 5378, "aweme_create_time": 1595564621, "category": 7, "volume": 0, "amount": 0}, "author": {"author_id": "65691550049", "nickname": "农村姑嫂", "follower_count": 830427}}, {"aweme": {"aweme_id": "6852900978744659207", "aweme_title": "大家好我叫萍儿 我两个哥和弟弟智力低下妈妈偏瘫 我上抖音就是为了有能力照顾好家人感谢大家的支持❤️", "aweme_url": "https://www.iesdouyin.com/share/video/6852900978744659207/?region=CN&mid=6739492413452208904&u_code=0&titleType=title", "download_url": "https://www.chanmama.com/awemeDetail/6852900978744659207", "digg_count": 5406, "digg_incr": 5282, "aweme_create_time": 1595565349, "category": 7, "volume": 0, "amount": 0}, "author": {"author_id": "206314823749159", "nickname": "萍儿是全家的希望 (下午三点助农)", "follower_count": 135285}}, {"aweme": {"aweme_id": "6852883468678941952", "aweme_title": "枣夹核桃，是因为啥火起来的？#极客农场有机枣", "aweme_url": "https://www.iesdouyin.com/share/video/6852883468678941952/?region=CN&mid=6852883484030159624&u_code=0&titleType=title", "download_url": "https://www.chanmama.com/awemeDetail/6852883468678941952", "digg_count": 6250, "digg_incr": 5180, "aweme_create_time": 1595561271, "category": 7, "volume": 0, "amount": 0}, "author": {"author_id": "23397071188", "nickname": "极客农场", "follower_count": 461779}}, {"aweme": {"aweme_id": "6852919979717758223", "aweme_title": "办公室美食计#办公室美食日常", "aweme_url": "https://www.iesdouyin.com/share/video/6852919979717758223/?region=CN&mid=6852919995635223304&u_code=0&titleType=title", "download_url": "https://www.chanmama.com/awemeDetail/6852919979717758223", "digg_count": 5200, "digg_incr": 5180, "aweme_create_time": 1595569772, "category": 7, "volume": 5, "amount": 134}, "author": {"author_id": "1710471815108365", "nickname": "嘴馋的婷婷", "follower_count": 315484}}, {"aweme": {"aweme_id": "6852960536599022856", "aweme_title": "有谁也是植过发发的姐妹，口口芝香的小黑丸了解一下～#阅农部落黑芝麻丸", "aweme_url": "https://www.iesdouyin.com/share/video/6852960536599022856/?region=CN&mid=6852960682263333640&u_code=0&titleType=title", "download_url": "https://www.chanmama.com/awemeDetail/6852960536599022856", "digg_count": 5029, "digg_incr": 5092, "aweme_create_time": 1595589561, "category": 7, "volume": 0, "amount": 0}, "author": {"author_id": "104668180307", "nickname": "杨闪闪💕", "follower_count": 505769}}, {"aweme": {"aweme_id": "6853003787188096271", "aweme_title": "@连云港京宇食品商贸有限公司发了一个抖音短视频，你尽管点开，不好看算我输！", "aweme_url": "https://www.iesdouyin.com/share/video/6853003787188096271/?region=CN&mid=6853003813532912398&u_code=0&titleType=", "download_url": "https://www.chanmama.com/awemeDetail/6853003787188096271", "digg_count": 4965, "digg_incr": 4965, "aweme_create_time": 1595589285, "category": 7, "volume": 62, "amount": 2418}, "author": {"author_id": "82398999697", "nickname": "连云港京宇食品商贸有限公司", "follower_count": 784729}}, {"aweme": {"aweme_id": "6852923704180051213", "aweme_title": "#感恩大海的馈赠 #热门  新鲜的扇贝肉活动来咯～一定要尝尝！！", "aweme_url": "https://www.iesdouyin.com/share/video/6852923704180051213/?region=CN&mid=6852923748199303944&u_code=0&titleType=title", "download_url": "https://www.chanmama.com/awemeDetail/6852923704180051213", "digg_count": 4974, "digg_incr": 4920, "aweme_create_time": 1595570650, "category": 7, "volume": 161, "amount": 15939}, "author": {"author_id": "110811900536", "nickname": "天悦海鲜经营部", "follower_count": 763949}}, {"aweme": {"aweme_id": "6852972893958098179", "aweme_title": "我又一次洗桌布了 #咖啡  @抖音小助手", "aweme_url": "https://www.iesdouyin.com/share/video/6852972893958098179/?region=CN&mid=6852973099302800135&u_code=0&titleType=title", "download_url": "https://www.chanmama.com/awemeDetail/6852972893958098179", "digg_count": 4981, "digg_incr": 4915, "aweme_create_time": 1595582134, "category": 7, "volume": 405, "amount": 33615}, "author": {"author_id": "67260878647", "nickname": "卡主的咖啡酱", "follower_count": 176290}}, {"aweme": {"aweme_id": "6853010894780239112", "aweme_title": "#助农优品 #现挖现发新鲜到家 #支持农民 #果农不易", "aweme_url": "https://www.iesdouyin.com/share/video/6853010894780239112/?region=CN&mid=6853010922295134990&u_code=1fedchjma2fh&titleType=title", "download_url": "https://www.chanmama.com/awemeDetail/6853010894780239112", "digg_count": 4912, "digg_incr": 4882, "aweme_create_time": 1595590941, "category": 7, "volume": 0, "amount": 0}, "author": {"author_id": "1675285404059028", "nickname": "❤乐开心", "follower_count": 739842}}, {"aweme": {"aweme_id": "6852917879621307656", "aweme_title": "#内蒙古美食 羊肚包肉，小小福袋，内有乾坤，满满的羊肉#肚包羊肉", "aweme_url": "https://www.iesdouyin.com/share/video/6852917879621307656/?region=CN&mid=6852917871153384205&u_code=0&titleType=title", "download_url": "https://www.chanmama.com/awemeDetail/6852917879621307656", "digg_count": 4867, "digg_incr": 4855, "aweme_create_time": 1595569285, "category": 7, "volume": 32, "amount": 5056}, "author": {"author_id": "64110555470", "nickname": "思域食企", "follower_count": 358039}}, {"aweme": {"aweme_id": "6852741123564227852", "aweme_title": "激动的心颤抖的手，我终于看到了，我终于拿到了。激动的心情无法形容。", "aweme_url": "https://www.iesdouyin.com/share/video/6852741123564227852/?region=CN&mid=6852741296658926343&u_code=e9jhlbda7k8&titleType=title", "download_url": "https://www.chanmama.com/awemeDetail/6852741123564227852", "digg_count": 5126, "digg_incr": 4837, "aweme_create_time": 1595528203, "category": 7, "volume": 0, "amount": 0}, "author": {"author_id": "70044739105", "nickname": "珠之窝百货.", "follower_count": 545735}}, {"aweme": {"aweme_id": "6853015356995292416", "aweme_title": "网上买了奶粉，10天也还没到，现在疫情防控太严，快递都慢，真心希望大家理解一下，感谢@明珠丫头侣行", "aweme_url": "https://www.iesdouyin.com/share/video/6853015356995292416/?region=CN&mid=6853016000729008903&u_code=0&titleType=title", "download_url": "https://www.chanmama.com/awemeDetail/6853015356995292416", "digg_count": 5841, "digg_incr": 4806, "aweme_create_time": 1595591998, "category": 7, "volume": 0, "amount": 0}, "author": {"author_id": "4503651028209108", "nickname": "刘波8670明珠旅行", "follower_count": 384650}}, {"aweme": {"aweme_id": "6852874864211135759", "aweme_title": "高考后 第16天早餐 高考分很尴尬，就不公布了，比高一的成绩确是进步了很多，跟高三一年的成绩比是没有进步#黎麦", "aweme_url": "https://www.iesdouyin.com/share/video/6852874864211135759/?region=CN&mid=6841725392441591816&u_code=0&titleType=title", "download_url": "https://www.chanmama.com/awemeDetail/6852874864211135759", "digg_count": 5233, "digg_incr": 4804, "aweme_create_time": 1595559269, "category": 7, "volume": 19, "amount": 758.1}, "author": {"author_id": "66116515339", "nickname": "高三妈妈", "follower_count": 217348}}, {"aweme": {"aweme_id": "6852845603328724224", "aweme_title": "最近糖果嘴馋了 给娃弄一杯“饮料”😂😂", "aweme_url": "https://www.iesdouyin.com/share/video/6852845603328724224/?region=CN&mid=6852845598119447304&u_code=0&titleType=title", "download_url": "https://www.chanmama.com/awemeDetail/6852845603328724224", "digg_count": 5360, "digg_incr": 4752, "aweme_create_time": 1595552457, "category": 7, "volume": 28, "amount": 2324}, "author": {"author_id": "93799356783", "nickname": "糖果妈妈（特昂糖）", "follower_count": 122997}}, {"aweme": {"aweme_id": "6852991391430167815", "aweme_title": "麻麻辣辣螃蟹，你想吃吗？#螃蟹", "aweme_url": "https://www.iesdouyin.com/share/video/6852991391430167815/?region=CN&mid=6852991417552325390&u_code=0&titleType=title", "download_url": "https://www.chanmama.com/awemeDetail/6852991391430167815", "digg_count": 20537, "digg_incr": 4621, "aweme_create_time": 1595586400, "category": 7, "volume": 0, "amount": 0}, "author": {"author_id": "857269976183756", "nickname": "栖霞萍姐水产", "follower_count": 71286}}, {"aweme": {"aweme_id": "6853053779911167247", "aweme_title": "夏天想喝椰青，不用太麻烦。快试试森叔这款泰国易开椰，简单方便又好喝～#美食趣胃计划@DOU+小助手", "aweme_url": "https://www.iesdouyin.com/share/video/6853053779911167247/?region=CN&mid=6853053786174278407&u_code=0&titleType=title", "download_url": "https://www.chanmama.com/awemeDetail/6853053779911167247", "digg_count": 13460, "digg_incr": 4515, "aweme_create_time": 1595600925, "category": 7, "volume": 0, "amount": 0}, "author": {"author_id": "106734984252", "nickname": "高端进口水果森叔", "follower_count": 300650}}, {"aweme": {"aweme_id": "6852910118170840323", "aweme_title": "陪老公抗癌6个月以来，经历了不少心酸与泪水，心中很累爬不起来也要爬起来撑住这个家，老公不能放弃治疗，儿女要学费", "aweme_url": "https://www.iesdouyin.com/share/video/6852910118170840323/?region=CN&mid=6838417654884289288&u_code=0&titleType=title", "download_url": "https://www.chanmama.com/awemeDetail/6852910118170840323", "digg_count": 5028, "digg_incr": 4504, "aweme_create_time": 1595567480, "category": 7, "volume": 5, "amount": 124.5}, "author": {"author_id": "2229451096860440", "nickname": "坚强的益香", "follower_count": 341912}}, {"aweme": {"aweme_id": "6852982195091492109", "aweme_title": "吃草莓和茄子不香吗？为什么要吃蘑菇。#饭囧姐妹 #美食趣胃计划 #手工辣椒酱", "aweme_url": "https://www.iesdouyin.com/share/video/6852982195091492109/?region=CN&mid=6852982224963324685&u_code=0&titleType=title", "download_url": "https://www.chanmama.com/awemeDetail/6852982195091492109", "digg_count": 5645, "digg_incr": 4396, "aweme_create_time": 1595584259, "category": 7, "volume": 1, "amount": 9.8}, "author": {"author_id": "88788498483", "nickname": "饭囧姐妹", "follower_count": 285311}}, {"aweme": {"aweme_id": "6852861233805282575", "aweme_title": "生活不易，能帮老乡把核桃卖出去，我非常开心，能让当地老乡有工作我非常自豪。陌生的你支持我这样做吗？#助农", "aweme_url": "https://www.iesdouyin.com/share/video/6852861233805282575/?region=CN&mid=6831778680197351432&u_code=0&titleType=title", "download_url": "https://www.chanmama.com/awemeDetail/6852861233805282575", "digg_count": 5319, "digg_incr": 4391, "aweme_create_time": 1595556095, "category": 7, "volume": 0, "amount": 0}, "author": {"author_id": "77374488173", "nickname": "小张 哥", "follower_count": 530457}}, {"aweme": {"aweme_id": "6852981396563070215", "aweme_title": "授人以鱼不如授人以渔 #百万赞演技大赏 #情绪大师 今晚八点直播间见", "aweme_url": "https://www.iesdouyin.com/share/video/6852981396563070215/?region=CN&mid=6852981696368134926&u_code=0&titleType=title", "download_url": "https://www.chanmama.com/awemeDetail/6852981396563070215", "digg_count": 4489, "digg_incr": 4386, "aweme_create_time": 1595584131, "category": 7, "volume": 1107, "amount": 18708.3}, "author": {"author_id": "63424269522", "nickname": "💫鹏哥", "follower_count": 583931}}, {"aweme": {"aweme_id": "6852983538053041423", "aweme_title": "花馅是真是假，你之前真的在意过吗？#花miao鲜花饼", "aweme_url": "https://www.iesdouyin.com/share/video/6852983538053041423/?region=CN&mid=6852983562849897224&u_code=0&titleType=title", "download_url": "https://www.chanmama.com/awemeDetail/6852983538053041423", "digg_count": 8291, "digg_incr": 4308, "aweme_create_time": 1595584571, "category": 7, "volume": 0, "amount": 0}, "author": {"author_id": "104252037325", "nickname": "带你玩成都", "follower_count": 668955}}, {"aweme": {"aweme_id": "6853000567816523012", "aweme_title": "#陕北民歌 这一生错过很多，自己误走的路，自己忍受的痛，自己选择的生活，现在为自己当初的天真买单，只是这单太贵", "aweme_url": "https://www.iesdouyin.com/share/video/6853000567816523012/?region=CN&mid=6847108969535294221&u_code=0&titleType=title", "download_url": "https://www.chanmama.com/awemeDetail/6853000567816523012", "digg_count": 7084, "digg_incr": 4271, "aweme_create_time": 1595588540, "category": 7, "volume": 0, "amount": 0}, "author": {"author_id": "109582461128", "nickname": "a北染陌人", "follower_count": 255475}}, {"aweme": {"aweme_id": "6853034400687475981", "aweme_title": "下雨天最适合约上好友们宅在家吃火锅，太幸福了@合肥二哥", "aweme_url": "https://www.iesdouyin.com/share/video/6853034400687475981/?region=CN&mid=6843308629978925831&u_code=0&titleType=title", "download_url": "https://www.chanmama.com/awemeDetail/6853034400687475981", "digg_count": 5034, "digg_incr": 4247, "aweme_create_time": 1595596413, "category": 7, "volume": 20, "amount": 1198}, "author": {"author_id": "67113078757", "nickname": "💗曹三岁💗", "follower_count": 334267}}, {"aweme": {"aweme_id": "6852879065553145102", "aweme_title": "我妈做的这个菜太香了", "aweme_url": "https://www.iesdouyin.com/share/video/6852879065553145102/?region=CN&mid=6852879092774144782&u_code=bk5kkf3l2d0&titleType=title", "download_url": "https://www.chanmama.com/awemeDetail/6852879065553145102", "digg_count": 4297, "digg_incr": 4168, "aweme_create_time": 1595560248, "category": 7, "volume": 0, "amount": 0}, "author": {"author_id": "104958503756", "nickname": "王赫", "follower_count": 695643}}, {"aweme": {"aweme_id": "6852969903717190925", "aweme_title": "超模都爱的食物，绝对没错#藜麦炒饭#减脂餐 @抖音小助手", "aweme_url": "https://www.iesdouyin.com/share/video/6852969903717190925/?region=CN&mid=6852969953416088328&u_code=0&titleType=title", "download_url": "https://www.chanmama.com/awemeDetail/6852969903717190925", "digg_count": 13545, "digg_incr": 4127, "aweme_create_time": 1595581398, "category": 7, "volume": 9, "amount": 358.2}, "author": {"author_id": "3544413996334558", "nickname": "莉莉 教你瘦⚡️", "follower_count": 804332}}, {"aweme": {"aweme_id": "6852990918492949768", "aweme_title": "不怕老婆的来合拍", "aweme_url": "https://www.iesdouyin.com/share/video/6852990918492949768/?region=CN&mid=6844773311390418951&u_code=0&titleType=title", "download_url": "https://www.chanmama.com/awemeDetail/6852990918492949768", "digg_count": 5345, "digg_incr": 4108, "aweme_create_time": 1595586290, "category": 7, "volume": 0, "amount": 0}, "author": {"author_id": "76706431752", "nickname": "か傻丫头，我陪你", "follower_count": 217967}}, {"aweme": {"aweme_id": "6852981260378262787", "aweme_title": "太拼了，👍", "aweme_url": "https://www.iesdouyin.com/share/video/6852981260378262787/?region=CN&mid=6792108828818262792&u_code=0&titleType=title", "download_url": "https://www.chanmama.com/awemeDetail/6852981260378262787", "digg_count": 5401, "digg_incr": 4051, "aweme_create_time": 1595584046, "category": 7, "volume": 0, "amount": 0}, "author": {"author_id": "3531223813863864", "nickname": "小红家的山货", "follower_count": 345693}}, {"aweme": {"aweme_id": "6852917223841910023", "aweme_title": "@建明海鲜发了一个抖音短视频，你尽管点开，不好看算我输！", "aweme_url": "https://www.iesdouyin.com/share/video/6852917223841910023/?region=CN&mid=6852917235212700430&u_code=0&titleType=", "download_url": "https://www.chanmama.com/awemeDetail/6852917223841910023", "digg_count": 4063, "digg_incr": 4020, "aweme_create_time": 1595569132, "category": 7, "volume": 0, "amount": 0}, "author": {"author_id": "3126636054326974", "nickname": "建明海鲜", "follower_count": 168517}}, {"aweme": {"aweme_id": "6852958604169956616", "aweme_title": "好的爱情是两个人共同成长！ #小仙炖鲜炖燕窝  #原创", "aweme_url": "https://www.iesdouyin.com/share/video/6852958604169956616/?region=CN&mid=6852958745350490888&u_code=0&titleType=title", "download_url": "https://www.chanmama.com/awemeDetail/6852958604169956616", "digg_count": 5705, "digg_incr": 3901, "aweme_create_time": 1595592423, "category": 7, "volume": 0, "amount": 0}, "author": {"author_id": "104507165805", "nickname": "TA说", "follower_count": 708887}}, {"aweme": {"aweme_id": "6852863737074912515", "aweme_title": "大蒜丰收，收购商少，蒜农愁，如果您刚好需要，可以带上一份爱心，感谢#大蒜 #助农 #抖音小助手", "aweme_url": "https://www.iesdouyin.com/share/video/6852863737074912515/?region=CN&mid=6852863781480254221&u_code=3g7mc2761c4f&titleType=title", "download_url": "https://www.chanmama.com/awemeDetail/6852863737074912515", "digg_count": 3920, "digg_incr": 3883, "aweme_create_time": 1595556684, "category": 7, "volume": 16, "amount": 207.84}, "author": {"author_id": "3900661192734092", "nickname": "冠霖水果", "follower_count": 411732}}, {"aweme": {"aweme_id": "6852906660093119744", "aweme_title": "好吃又健康#搞点新品778 #童年回忆 #你好火星 #青菜拼车拼拼拼 #预定下半年快乐", "aweme_url": "https://www.iesdouyin.com/share/video/6852906660093119744/?region=CN&mid=6852906697233550087&u_code=0&titleType=title", "download_url": "https://www.chanmama.com/awemeDetail/6852906660093119744", "digg_count": 3932, "digg_incr": 3831, "aweme_create_time": 1595566671, "category": 7, "volume": 8, "amount": 214.4}, "author": {"author_id": "96234533893", "nickname": "海草姐姐", "follower_count": 835855}}, {"aweme": {"aweme_id": "6852933372415610120", "aweme_title": "瓶装豆腐乳容易摔碎，现在改成干净卫生，方便携带的果冻腐乳，一餐一个，想就就吃，香辣下饭，一斤25-26颗左右！", "aweme_url": "https://www.iesdouyin.com/share/video/6852933372415610120/?region=CN&mid=6852933383392070407&u_code=0&titleType=title", "download_url": "https://www.chanmama.com/awemeDetail/6852933372415610120", "digg_count": 4280, "digg_incr": 3817, "aweme_create_time": 1595572892, "category": 7, "volume": 0, "amount": 0}, "author": {"author_id": "10726883677", "nickname": "乡土情缘小飞", "follower_count": 122244}}, {"aweme": {"aweme_id": "6852931475864702223", "aweme_title": "收灰枣的客商你怎么忍心pian一个80多岁的老人，灰枣老人家给你准备好了，你不要了，只能喂羊了，你良心何在？", "aweme_url": "https://www.iesdouyin.com/share/video/6852931475864702223/?region=CN&mid=6852931475442617096&u_code=0&titleType=title", "download_url": "https://www.chanmama.com/awemeDetail/6852931475864702223", "digg_count": 3790, "digg_incr": 3787, "aweme_create_time": 1595572450, "category": 7, "volume": 57, "amount": 1071.6000000000001}, "author": {"author_id": "769247082979788", "nickname": "马哥联盟果业", "follower_count": 118351}}, {"aweme": {"aweme_id": "6852969906414112004", "aweme_title": "#零食 这么好喝有便宜的#柠檬片 冲鸭～#美食趣胃计划", "aweme_url": "https://www.iesdouyin.com/share/video/6852969906414112004/?region=CN&mid=6852969950517267207&u_code=0&titleType=title", "download_url": "https://www.chanmama.com/awemeDetail/6852969906414112004", "digg_count": 4188, "digg_incr": 3719, "aweme_create_time": 1595581403, "category": 7, "volume": 20, "amount": 356}, "author": {"author_id": "2422962102480055", "nickname": "小阳哥", "follower_count": 336357}}, {"aweme": {"aweme_id": "6852982769547496717", "aweme_title": "老字号的新吃法  #吃播  #我有新花样  #美食", "aweme_url": "https://www.iesdouyin.com/share/video/6852982769547496717/?region=CN&mid=6852982903928818439&u_code=0&titleType=title", "download_url": "https://www.chanmama.com/awemeDetail/6852982769547496717", "digg_count": 4753, "digg_incr": 3691, "aweme_create_time": 1595595620, "category": 7, "volume": 157, "amount": 4694.3}, "author": {"author_id": "83169777038877", "nickname": "小乔的食光", "follower_count": 329662}}, {"aweme": {"aweme_id": "6852994028615601415", "aweme_title": "不是我说，就这一小片海带饼，你吃三顿都吃不了，不服来战！#青菜拼车拼拼拼 #全民dou爱吃", "aweme_url": "https://www.iesdouyin.com/share/video/6852994028615601415/?region=CN&mid=6852994078515235591&u_code=0&titleType=title", "download_url": "https://www.chanmama.com/awemeDetail/6852994028615601415", "digg_count": 4240, "digg_incr": 3670, "aweme_create_time": 1595587014, "category": 7, "volume": 19, "amount": 473.09999999999997}, "author": {"author_id": "3575267387259444", "nickname": "金庆海鲜产地直发", "follower_count": 576526}}, {"aweme": {"aweme_id": "6852938201040981255", "aweme_title": "都说天热没胃口，我看胖妹胃口咋这么好呢？ #农村美食  #分享家乡美食", "aweme_url": "https://www.iesdouyin.com/share/video/6852938201040981255/?region=CN&mid=6852938314215901960&u_code=0&titleType=title", "download_url": "https://www.chanmama.com/awemeDetail/6852938201040981255", "digg_count": 3886, "digg_incr": 3638, "aweme_create_time": 1595574039, "category": 7, "volume": 0, "amount": 0}, "author": {"author_id": "3830325638332775", "nickname": "益阳恰香妹特产商行", "follower_count": 576164}}, {"aweme": {"aweme_id": "6852872354033437960", "aweme_title": "下雨天涨水，还好这么多腊肉挂起来了。", "aweme_url": "https://www.iesdouyin.com/share/video/6852872354033437960/?region=CN&mid=6852872450884012807&u_code=0&titleType=title", "download_url": "https://www.chanmama.com/awemeDetail/6852872354033437960", "digg_count": 3623, "digg_incr": 3608, "aweme_create_time": 1595574600, "category": 7, "volume": 0, "amount": 0}, "author": {"author_id": "2858318682141256", "nickname": "贵正源农产品", "follower_count": 140955}}, {"aweme": {"aweme_id": "6852680383687920903", "aweme_title": "5斤猪肉、一盆红薯粉，阿远做猪肉炖粉条，粉条弹牙有劲 #猪肉炖粉条", "aweme_url": "https://www.iesdouyin.com/share/video/6852680383687920903/?region=CN&mid=6852680748995250958&u_code=0&titleType=title", "download_url": "https://www.chanmama.com/awemeDetail/6852680383687920903", "digg_count": 4096, "digg_incr": 3471, "aweme_create_time": 1595583000, "category": 7, "volume": 5, "amount": 145}, "author": {"author_id": "10298668864", "nickname": "食味阿远", "follower_count": 368530}}, {"aweme": {"aweme_id": "6852902429122399502", "aweme_title": "大家好我叫萍儿 我两个哥和弟弟智力低下妈妈偏瘫 我上火山就是为了有能力照顾好家人感谢大家的支持❤️", "aweme_url": "https://www.iesdouyin.com/share/video/6852902429122399502/?region=CN&mid=6852903043945073421&u_code=0&titleType=title", "download_url": "https://www.chanmama.com/awemeDetail/6852902429122399502", "digg_count": 3474, "digg_incr": 3435, "aweme_create_time": 1595565799, "category": 7, "volume": 0, "amount": 0}, "author": {"author_id": "101018780851", "nickname": "家里的顶梁柱💪萍儿", "follower_count": 224866}}, {"aweme": {"aweme_id": "6852953441573031183", "aweme_title": "重新炫一次厨艺   #营养早餐 #巧克力腹肌挑战", "aweme_url": "https://www.iesdouyin.com/share/video/6852953441573031183/?region=CN&mid=6852953458052893448&u_code=0&titleType=title", "download_url": "https://www.chanmama.com/awemeDetail/6852953441573031183", "digg_count": 5504, "digg_incr": 3405, "aweme_create_time": 1595577564, "category": 7, "volume": 14, "amount": 334.59999999999997}, "author": {"author_id": "58737018364", "nickname": "CaraRaRa", "follower_count": 117945}}, {"aweme": {"aweme_id": "6852884586242837760", "aweme_title": "独居两年 从曾经的互为人间 到如今的自在宇宙 生活还在继续🥰#vlog日常 #独居日记", "aweme_url": "https://www.iesdouyin.com/share/video/6852884586242837760/?region=CN&mid=6852884623416920840&u_code=0&titleType=title", "download_url": "https://www.chanmama.com/awemeDetail/6852884586242837760", "digg_count": 3857, "digg_incr": 3379, "aweme_create_time": 1595561532, "category": 7, "volume": 1, "amount": 59.9}, "author": {"author_id": "107751674941", "nickname": "梁饿了", "follower_count": 112878}}, {"aweme": {"aweme_id": "6852867988329204992", "aweme_title": "#很哇塞的女人 #卖家不如买家秀 #你好火星", "aweme_url": "https://www.iesdouyin.com/share/video/6852867988329204992/?region=CN&mid=6852868017487956750&u_code=3ikd933m2mhg&titleType=title", "download_url": "https://www.chanmama.com/awemeDetail/6852867988329204992", "digg_count": 3428, "digg_incr": 3327, "aweme_create_time": 1595557668, "category": 7, "volume": 0, "amount": 0}, "author": {"author_id": "4234969274124238", "nickname": "瑾乐电子商务商行", "follower_count": 497676}}, {"aweme": {"aweme_id": "6852915580228439311", "aweme_title": "本人94年农村宝妈，人不漂亮但勤快，照顾智障父亲、失明哥哥、两个孩子，我还有一个消防员老公，愿为我👍吗#坚强", "aweme_url": "https://www.iesdouyin.com/share/video/6852915580228439311/?region=CN&mid=6848523171247704845&u_code=0&titleType=title", "download_url": "https://www.chanmama.com/awemeDetail/6852915580228439311", "digg_count": 3804, "digg_incr": 3318, "aweme_create_time": 1595568748, "category": 7, "volume": 0, "amount": 0}, "author": {"author_id": "106894022806", "nickname": "双目失明哥（百香果专场）", "follower_count": 290207}}, {"aweme": {"aweme_id": "6852958527837703439", "aweme_title": "你们这是在恐吓大爷吗？我听着像倒有点指桑骂槐的感觉呢，我该怎么办@河南口吃大个儿", "aweme_url": "https://www.iesdouyin.com/share/video/6852958527837703439/?region=CN&mid=6677934961103735563&u_code=0&titleType=title", "download_url": "https://www.chanmama.com/awemeDetail/6852958527837703439", "digg_count": 3962, "digg_incr": 3304, "aweme_create_time": 1595578748, "category": 7, "volume": 0, "amount": 0}, "author": {"author_id": "104338609093", "nickname": "牛蛋🔥（全天开播助农）", "follower_count": 262458}}, {"aweme": {"aweme_id": "6852901671689899275", "aweme_title": "你是前者还是后者呢？？#美食趣胃计划 #趣胃大比拼 #肉松小贝 #抖音直播秒杀狂欢节", "aweme_url": "https://www.iesdouyin.com/share/video/6852901671689899275/?region=CN&mid=6852901703310740237&u_code=0&titleType=title", "download_url": "https://www.chanmama.com/awemeDetail/6852901671689899275", "digg_count": 3785, "digg_incr": 3208, "aweme_create_time": 1595565515, "category": 7, "volume": 3, "amount": 59.67}, "author": {"author_id": "2836391020213292", "nickname": "众趣办公室女团", "follower_count": 597717}}, {"aweme": {"aweme_id": "6852932658394074376", "aweme_title": "我们家的软籽石榴成熟了，除去人工和运费只要2块钱一斤，别再去超市买十几块钱一斤的硬籽石榴了#突尼斯软籽石榴", "aweme_url": "https://www.iesdouyin.com/share/video/6852932658394074376/?region=CN&mid=6852932659711347469&u_code=0&titleType=title", "download_url": "https://www.chanmama.com/awemeDetail/6852932658394074376", "digg_count": 3199, "digg_incr": 3173, "aweme_create_time": 1595572726, "category": 7, "volume": 89, "amount": 3818.1}, "author": {"author_id": "74388246115067", "nickname": "原生态鲜果农场", "follower_count": 127328}}, {"aweme": {"aweme_id": "6852999249613851918", "aweme_title": "今天做了一道蚂蚁上树，爷爷说这是最好吃的粉丝 #文旅乡村好韵味网红带你逛潇湘", "aweme_url": "https://www.iesdouyin.com/share/video/6852999249613851918/?region=CN&mid=6852999658059336456&u_code=0&titleType=title", "download_url": "https://www.chanmama.com/awemeDetail/6852999249613851918", "digg_count": 4699, "digg_incr": 3146, "aweme_create_time": 1595588316, "category": 7, "volume": 1, "amount": 24.9}, "author": {"author_id": "3909488056219032", "nickname": "农村胖大海", "follower_count": 344265}}, {"aweme": {"aweme_id": "6852965193002077440", "aweme_title": "来了来了，连续更新第二天。#美女 #盛世美颜", "aweme_url": "https://www.iesdouyin.com/share/video/6852965193002077440/?region=CN&mid=6852965203609520904&u_code=0&titleType=title", "download_url": "https://www.chanmama.com/awemeDetail/6852965193002077440", "digg_count": 5065, "digg_incr": 2950, "aweme_create_time": 1595580300, "category": 7, "volume": 1, "amount": 68}, "author": {"author_id": "1376244424771037", "nickname": "漫威盟主", "follower_count": 223065}}, {"aweme": {"aweme_id": "6852955285867351304", "aweme_title": "新疆包邮的炒米粉来啦，只发新疆哦~ #新疆  #乌鲁木齐疫情  @电商小助手", "aweme_url": "https://www.iesdouyin.com/share/video/6852955285867351304/?region=CN&mid=6852955404805131021&u_code=38kmilhj4kj&titleType=title", "download_url": "https://www.chanmama.com/awemeDetail/6852955285867351304", "digg_count": 2940, "digg_incr": 2940, "aweme_create_time": 1595578020, "category": 7, "volume": 30, "amount": 504}, "author": {"author_id": "1393807619789192", "nickname": "新疆百货好物（正在直播中）", "follower_count": 45479}}, {"aweme": {"aweme_id": "6852981092761275662", "aweme_title": "海螺肉#妈呀太香了 #热门热门热门 #我是吃播", "aweme_url": "https://www.iesdouyin.com/share/video/6852981092761275662/?region=CN&mid=6852981115829914375&u_code=0&titleType=title", "download_url": "https://www.chanmama.com/awemeDetail/6852981092761275662", "digg_count": 4078, "digg_incr": 2896, "aweme_create_time": 1595584003, "category": 7, "volume": 0, "amount": 0}, "author": {"author_id": "3320164781926747", "nickname": "大胃王胖姐姐", "follower_count": 600122}}, {"aweme": {"aweme_id": "6852988870066261263", "aweme_title": "你身边有没有喜欢吹🐮的人呢？#三明治冰淇淋", "aweme_url": "https://www.iesdouyin.com/share/video/6852988870066261263/?region=CN&mid=6852988897778092814&u_code=0&titleType=title", "download_url": "https://www.chanmama.com/awemeDetail/6852988870066261263", "digg_count": 3965, "digg_incr": 2800, "aweme_create_time": 1595585812, "category": 7, "volume": 0, "amount": 0}, "author": {"author_id": "3399316052905054", "nickname": "饿女小表妹", "follower_count": 852071}}, {"aweme": {"aweme_id": "6852962740919667971", "aweme_title": "揭秘某些S家的套路，请大家注意⚠️#正在直播中 #麦丽素 #零食", "aweme_url": "https://www.iesdouyin.com/share/video/6852962740919667971/?region=CN&mid=6852529960595262215&u_code=13h2am6lj35l&titleType=title", "download_url": "https://www.chanmama.com/awemeDetail/6852962740919667971", "digg_count": 2743, "digg_incr": 2743, "aweme_create_time": 1595579735, "category": 7, "volume": 13, "amount": 494}, "author": {"author_id": "97824649945", "nickname": "零食小奈斯", "follower_count": 175902}}]}