{"data": [{"aweme": {"aweme_id": "6853027181270977800", "aweme_title": "再也不怕手指的茧子越磨越大了！ #学习", "aweme_url": "https://www.iesdouyin.com/share/video/6853027181270977800/?region=CN&mid=6758001506714454797&u_code=0&titleType=title", "download_url": "https://www.chanmama.com/awemeDetail/6853027181270977800", "digg_count": 182683, "digg_incr": 144853, "aweme_create_time": 1595594732, "category": 8, "volume": 0, "amount": 0}, "author": {"author_id": "3997471019116059", "nickname": "学生党好物优选", "follower_count": 171029}}, {"aweme": {"aweme_id": "6852985287283428623", "aweme_title": "来训练营找我单挑，赢了鞋子送给你们#野球帝courtman  #草根球王争霸", "aweme_url": "https://www.iesdouyin.com/share/video/6852985287283428623/?region=CN&mid=6852985343374101261&u_code=0&titleType=title", "download_url": "https://www.chanmama.com/awemeDetail/6852985287283428623", "digg_count": 99169, "digg_incr": 73318, "aweme_create_time": 1595584978, "category": 8, "volume": 3, "amount": 471}, "author": {"author_id": "55827465684", "nickname": "李峙锦hyperkiller", "follower_count": 357622}}, {"aweme": {"aweme_id": "6852931783273532680", "aweme_title": "沉迷大哥 无法自拔！ @7号唐日辉呀  #兄弟情义", "aweme_url": "https://www.iesdouyin.com/share/video/6852931783273532680/?region=CN&mid=6852931795424496397&u_code=0&titleType=title", "download_url": "https://www.chanmama.com/awemeDetail/6852931783273532680", "digg_count": 57782, "digg_incr": 53796, "aweme_create_time": 1595572522, "category": 8, "volume": 8, "amount": 0}, "author": {"author_id": "52650028650", "nickname": "肖颖", "follower_count": 941481}}, {"aweme": {"aweme_id": "6852916041769635079", "aweme_title": "其实我想倒钩的#草坪 #少女足", "aweme_url": "https://www.iesdouyin.com/share/video/6852916041769635079/?region=CN&mid=6843699727755070222&u_code=0&titleType=title", "download_url": "https://www.chanmama.com/awemeDetail/6852916041769635079", "digg_count": 68492, "digg_incr": 40127, "aweme_create_time": 1595568856, "category": 8, "volume": 0, "amount": 0}, "author": {"author_id": "57703585416", "nickname": "踢足球的韩老师", "follower_count": 508233}}, {"aweme": {"aweme_id": "6853002300877737223", "aweme_title": "【业余球员】VS【职业球员】第二弹！你知道差别在哪吗？#篮球 @准者篮球训练营 @小智有点准", "aweme_url": "https://www.iesdouyin.com/share/video/6853002300877737223/?region=CN&mid=6853002336349047565&u_code=0&titleType=title", "download_url": "https://www.chanmama.com/awemeDetail/6853002300877737223", "digg_count": 17611, "digg_incr": 16334, "aweme_create_time": 1595588940, "category": 8, "volume": 5, "amount": 220}, "author": {"author_id": "52645869414", "nickname": "张楠说篮球(暑假班咨询)", "follower_count": 363040}}, {"aweme": {"aweme_id": "6852947373484674317", "aweme_title": "@沙家浜物語晴发了一个抖音短视频，你尽管点开，不好看算我输！", "aweme_url": "https://www.iesdouyin.com/share/video/6852947373484674317/?region=CN&mid=6680295887681358595&u_code=0&titleType=", "download_url": "https://www.chanmama.com/awemeDetail/6852947373484674317", "digg_count": 12920, "digg_incr": 9513, "aweme_create_time": 1595576152, "category": 8, "volume": 0, "amount": 0}, "author": {"author_id": "68841148283", "nickname": "沙家浜物語晴", "follower_count": 961643}}, {"aweme": {"aweme_id": "6852788967738182926", "aweme_title": "多种款式，多种搭配，夏天自由穿搭", "aweme_url": "https://www.iesdouyin.com/share/video/6852788967738182926/?region=CN&mid=6852788928366938894&u_code=0&titleType=title", "download_url": "https://www.chanmama.com/awemeDetail/6852788967738182926", "digg_count": 7735, "digg_incr": 7735, "aweme_create_time": 1595539308, "category": 8, "volume": 2, "amount": 198}, "author": {"author_id": "2291012634163304", "nickname": "瑞安鲁文鞋服", "follower_count": 143009}}, {"aweme": {"aweme_id": "6852990813467708672", "aweme_title": "晚饭吃什么呢？在线等！#dou来nba", "aweme_url": "https://www.iesdouyin.com/share/video/6852990813467708672/?region=CN&mid=6686001999130921732&u_code=0&titleType=title", "download_url": "https://www.chanmama.com/awemeDetail/6852990813467708672", "digg_count": 7545, "digg_incr": 7139, "aweme_create_time": 1595586264, "category": 8, "volume": 0, "amount": 0}, "author": {"author_id": "69238572649", "nickname": "方良超", "follower_count": 424884}}, {"aweme": {"aweme_id": "6852874870091451663", "aweme_title": "老师视频来了😊#训练 #教学 #拳击 #拳击教学", "aweme_url": "https://www.iesdouyin.com/share/video/6852874870091451663/?region=CN&mid=6852874873409211143&u_code=0&titleType=title", "download_url": "https://www.chanmama.com/awemeDetail/6852874870091451663", "digg_count": 8249, "digg_incr": 6570, "aweme_create_time": 1595559269, "category": 8, "volume": 0, "amount": 0}, "author": {"author_id": "106890584668", "nickname": "MaxxMMA", "follower_count": 134230}}, {"aweme": {"aweme_id": "6852971933328313613", "aweme_title": "期待我练成一字锁骨直角肩的那一天~肉肉加油！#专业健身联盟 #直角肩", "aweme_url": "https://www.iesdouyin.com/share/video/6852971933328313613/?region=CN&mid=6852972339404098317&u_code=0&titleType=title", "download_url": "https://www.chanmama.com/awemeDetail/6852971933328313613", "digg_count": 6908, "digg_incr": 6142, "aweme_create_time": 1595585060, "category": 8, "volume": 53, "amount": 4187}, "author": {"author_id": "3390524896582547", "nickname": "Rosie的瑜伽乐园", "follower_count": 838022}}, {"aweme": {"aweme_id": "6852958026786245902", "aweme_title": "敬业的主播，今天是她在公司的最后一天，明天她就要回去继承千万家产了#服装", "aweme_url": "https://www.iesdouyin.com/share/video/6852958026786245902/?region=CN&mid=6852958134583970568&u_code=0&titleType=title", "download_url": "https://www.chanmama.com/awemeDetail/6852958026786245902", "digg_count": 6082, "digg_incr": 5346, "aweme_create_time": 1595578653, "category": 8, "volume": 0, "amount": 0}, "author": {"author_id": "104837871266", "nickname": "拼依团服装", "follower_count": 352990}}, {"aweme": {"aweme_id": "6853003887318732040", "aweme_title": "#户外钓鱼 #热门#717奇妙好物在这里", "aweme_url": "https://www.iesdouyin.com/share/video/6853003887318732040/?region=CN&mid=6853003907061746439&u_code=0&titleType=title", "download_url": "https://www.chanmama.com/awemeDetail/6853003887318732040", "digg_count": 11458, "digg_incr": 5211, "aweme_create_time": 1595589309, "category": 8, "volume": 3, "amount": 75}, "author": {"author_id": "62756810577", "nickname": "渔具大本营", "follower_count": 167022}}, {"aweme": {"aweme_id": "6852859571397037319", "aweme_title": "#背部训练 #健身 #蜜桃臀 #健身穿搭 这么好看的爱马仕配色健身服，你确定不来一套吗？", "aweme_url": "https://www.iesdouyin.com/share/video/6852859571397037319/?region=CN&mid=6852859581803694856&u_code=0&titleType=title", "download_url": "https://www.chanmama.com/awemeDetail/6852859571397037319", "digg_count": 4848, "digg_incr": 4510, "aweme_create_time": 1595555709, "category": 8, "volume": 14, "amount": 0}, "author": {"author_id": "59699352061", "nickname": "安吉丽娜·Reyna", "follower_count": 557213}}, {"aweme": {"aweme_id": "6853045388828527886", "aweme_title": "#抖音球鞋测评 #实战测评 近两年钩子最好得实战鞋？#freak2 实战测评，稳就完事了", "aweme_url": "https://www.iesdouyin.com/share/video/6853045388828527886/?region=CN&mid=6643649865396013828&u_code=0&titleType=title", "download_url": "https://www.chanmama.com/awemeDetail/6853045388828527886", "digg_count": 5085, "digg_incr": 4449, "aweme_create_time": 1595598972, "category": 8, "volume": 5, "amount": 70}, "author": {"author_id": "101158461570", "nickname": "WEN鞋评", "follower_count": 210923}}, {"aweme": {"aweme_id": "6852978652854881543", "aweme_title": "米切尔2代，表现平平 #篮球  #抖音球鞋评测  #草根球王争霸", "aweme_url": "https://www.iesdouyin.com/share/video/6852978652854881543/?region=CN&mid=6852978769574054669&u_code=0&titleType=title", "download_url": "https://www.chanmama.com/awemeDetail/6852978652854881543", "digg_count": 4831, "digg_incr": 4355, "aweme_create_time": 1595586822, "category": 8, "volume": 5, "amount": 0}, "author": {"author_id": "85726741040", "nickname": "Playerfiles-档案哥", "follower_count": 816988}}, {"aweme": {"aweme_id": "6852996582414093579", "aweme_title": "#南京 千年金陵风云梦，一座梦中涵碧楼#山姆的酒店睡单 #酒店控", "aweme_url": "https://www.iesdouyin.com/share/video/6852996582414093579/?region=CN&mid=6852996636651162381&u_code=0&titleType=title", "download_url": "https://www.chanmama.com/awemeDetail/6852996582414093579", "digg_count": 5326, "digg_incr": 4270, "aweme_create_time": 1595587614, "category": 8, "volume": 0, "amount": 0}, "author": {"author_id": "54296015582", "nickname": "山姆大叔", "follower_count": 975675}}, {"aweme": {"aweme_id": "6852988130757299470", "aweme_title": "跳完准备下班啦～#健身女孩 #抖音小助手", "aweme_url": "https://www.iesdouyin.com/share/video/6852988130757299470/?region=CN&mid=6846984763929004039&u_code=0&titleType=title", "download_url": "https://www.chanmama.com/awemeDetail/6852988130757299470", "digg_count": 4258, "digg_incr": 3779, "aweme_create_time": 1595585641, "category": 8, "volume": 7, "amount": 455}, "author": {"author_id": "55755321378", "nickname": "Lily莉莉", "follower_count": 132224}}, {"aweme": {"aweme_id": "6852919729930226944", "aweme_title": "每次照镜子，我都会被自己的身材迷倒…收紧腹部核心，每次出去尽量感受身体的拉伸，适当停留。有效锻炼肚子，塑型全身", "aweme_url": "https://www.iesdouyin.com/share/video/6852919729930226944/?region=CN&mid=6562433004336220942&u_code=0&titleType=title", "download_url": "https://www.chanmama.com/awemeDetail/6852919729930226944", "digg_count": 5295, "digg_incr": 3430, "aweme_create_time": 1595569715, "category": 8, "volume": 31, "amount": 1426}, "author": {"author_id": "95914803398", "nickname": "猫小咪居家健身（重庆）", "follower_count": 842193}}, {"aweme": {"aweme_id": "6852923456380505358", "aweme_title": "高手下棋是步步先手，招招直击要害  @DOU+小助手", "aweme_url": "https://www.iesdouyin.com/share/video/6852923456380505358/?region=CN&mid=6852923668126092040&u_code=0&titleType=title", "download_url": "https://www.chanmama.com/awemeDetail/6852923456380505358", "digg_count": 3942, "digg_incr": 3274, "aweme_create_time": 1595583000, "category": 8, "volume": 0, "amount": 0}, "author": {"author_id": "103634371504", "nickname": "象棋风繁讲棋", "follower_count": 872946}}, {"aweme": {"aweme_id": "6852998006594096392", "aweme_title": "本人目前解决所有问题的方法：算了", "aweme_url": "https://www.iesdouyin.com/share/video/6852998006594096392/?region=CN&mid=6842994775526050568&u_code=0&titleType=title", "download_url": "https://www.chanmama.com/awemeDetail/6852998006594096392", "digg_count": 5198, "digg_incr": 3180, "aweme_create_time": 1595587940, "category": 8, "volume": 0, "amount": 0}, "author": {"author_id": "56525198297", "nickname": "CLICHE", "follower_count": 505657}}, {"aweme": {"aweme_id": "6852878886238260480", "aweme_title": "你是空~你是空~#猛男舞 #肌肉男神", "aweme_url": "https://www.iesdouyin.com/share/video/6852878886238260480/?region=CN&mid=6837003551991253768&u_code=0&titleType=title", "download_url": "https://www.chanmama.com/awemeDetail/6852878886238260480", "digg_count": 3278, "digg_incr": 3115, "aweme_create_time": 1595560205, "category": 8, "volume": 0, "amount": 0}, "author": {"author_id": "62430786432", "nickname": "王的的", "follower_count": 104757}}, {"aweme": {"aweme_id": "6853018838909455630", "aweme_title": "人生没有白走的路，每一步都算数，所有你羡慕的背后，都有你熬不了的苦。", "aweme_url": "https://www.iesdouyin.com/share/video/6853018838909455630/?region=CN&mid=6853018858300001031&u_code=1h7f2ldal030&titleType=title", "download_url": "https://www.chanmama.com/awemeDetail/6853018838909455630", "digg_count": 3632, "digg_incr": 3069, "aweme_create_time": 1595592790, "category": 8, "volume": 0, "amount": 0}, "author": {"author_id": "65402655056", "nickname": "小南老师", "follower_count": 478258}}, {"aweme": {"aweme_id": "6852810867583536397", "aweme_title": "@沙家浜物語晴发了一个抖音短视频，你尽管点开，不好看算我输！", "aweme_url": "https://www.iesdouyin.com/share/video/6852810867583536397/?region=CN&mid=6763338318819248904&u_code=0&titleType=", "download_url": "https://www.chanmama.com/awemeDetail/6852810867583536397", "digg_count": 2890, "digg_incr": 2640, "aweme_create_time": 1595544376, "category": 8, "volume": 2, "amount": 58}, "author": {"author_id": "68841148283", "nickname": "沙家浜物語晴", "follower_count": 961643}}, {"aweme": {"aweme_id": "6852872911301266696", "aweme_title": "@沙家浜物語晴发了一个抖音短视频，你尽管点开，不好看算我输！", "aweme_url": "https://www.iesdouyin.com/share/video/6852872911301266696/?region=CN&mid=6649544021372832520&u_code=0&titleType=", "download_url": "https://www.chanmama.com/awemeDetail/6852872911301266696", "digg_count": 2903, "digg_incr": 2309, "aweme_create_time": 1595558815, "category": 8, "volume": 6, "amount": 354}, "author": {"author_id": "68841148283", "nickname": "沙家浜物語晴", "follower_count": 961643}}, {"aweme": {"aweme_id": "6853001718695857421", "aweme_title": "腹肌训练大全#专业健身联盟", "aweme_url": "https://www.iesdouyin.com/share/video/6853001718695857421/?region=CN&mid=6853001736420969223&u_code=0&titleType=title", "download_url": "https://www.chanmama.com/awemeDetail/6853001718695857421", "digg_count": 2525, "digg_incr": 2276, "aweme_create_time": 1595588804, "category": 8, "volume": 0, "amount": 0}, "author": {"author_id": "75735686716", "nickname": "情侣健身的日常", "follower_count": 776979}}, {"aweme": {"aweme_id": "6852958458552028429", "aweme_title": "老公说我是她的乖宝宝😘在家乖乖的等老公@左左", "aweme_url": "https://www.iesdouyin.com/share/video/6852958458552028429/?region=CN&mid=6730509397774076680&u_code=0&titleType=title", "download_url": "https://www.chanmama.com/awemeDetail/6852958458552028429", "digg_count": 2827, "digg_incr": 2272, "aweme_create_time": 1595578733, "category": 8, "volume": 0, "amount": 0}, "author": {"author_id": "111491536628", "nickname": "左左的女王", "follower_count": 253880}}, {"aweme": {"aweme_id": "6853004188566228235", "aweme_title": "想减肥的人拦不住，不想减肥的劝不动。你的情敌比你瘦，你讨厌的人比你瘦，比你自律的人更比你瘦你傲娇什么呢？#瘦", "aweme_url": "https://www.iesdouyin.com/share/video/6853004188566228235/?region=CN&mid=6843574716985346830&u_code=0&titleType=title", "download_url": "https://www.chanmama.com/awemeDetail/6853004188566228235", "digg_count": 2500, "digg_incr": 2126, "aweme_create_time": 1595589383, "category": 8, "volume": 0, "amount": 0}, "author": {"author_id": "65564271377", "nickname": "薇薇💗", "follower_count": 554412}}, {"aweme": {"aweme_id": "6852859823411809539", "aweme_title": "虽然我管不住嘴，但是我能迈开腿，一直减肥一直爽，终身减肥终身爽🤪#减肥 #逆袭 #瘦 @抖音小助手", "aweme_url": "https://www.iesdouyin.com/share/video/6852859823411809539/?region=CN&mid=6852325327461862151&u_code=0&titleType=title", "download_url": "https://www.chanmama.com/awemeDetail/6852859823411809539", "digg_count": 1972, "digg_incr": 1916, "aweme_create_time": 1595555774, "category": 8, "volume": 16, "amount": 944}, "author": {"author_id": "93106991771", "nickname": "辫子奕", "follower_count": 180605}}, {"aweme": {"aweme_id": "6853002193134521615", "aweme_title": "“爸爸妈妈总会在背后支持你.”  #是时候上场了 @路人王篮球", "aweme_url": "https://www.iesdouyin.com/share/video/6853002193134521615/?region=CN&mid=6848966594975779598&u_code=0&titleType=title", "download_url": "https://www.chanmama.com/awemeDetail/6853002193134521615", "digg_count": 2731, "digg_incr": 1909, "aweme_create_time": 1595588914, "category": 8, "volume": 4, "amount": 94.4}, "author": {"author_id": "59206442510", "nickname": "lkx有个篮球梦🏀", "follower_count": 191210}}, {"aweme": {"aweme_id": "6853000151779314948", "aweme_title": "这才是健身该有的训练强度！#精神氮泵 #健身", "aweme_url": "https://www.iesdouyin.com/share/video/6853000151779314948/?region=CN&mid=6853000173833341710&u_code=0&titleType=title", "download_url": "https://www.chanmama.com/awemeDetail/6853000151779314948", "digg_count": 3698, "digg_incr": 1903, "aweme_create_time": 1595588443, "category": 8, "volume": 5, "amount": 295}, "author": {"author_id": "3584002906666860", "nickname": "氮泵健身", "follower_count": 310073}}, {"aweme": {"aweme_id": "6852969040231615759", "aweme_title": "减肥期间我想的也是健康安全的瘦下去..跑步本身就是为了健康..新手要多注意这几点.收藏吧#跑步 #减肥", "aweme_url": "https://www.iesdouyin.com/share/video/6852969040231615759/?region=CN&mid=6814538869896137484&u_code=0&titleType=title", "download_url": "https://www.chanmama.com/awemeDetail/6852969040231615759", "digg_count": 1988, "digg_incr": 1888, "aweme_create_time": 1595581195, "category": 8, "volume": 6, "amount": 534}, "author": {"author_id": "4050237263714174", "nickname": "小强健身（正能量）", "follower_count": 175071}}, {"aweme": {"aweme_id": "6852898123224796429", "aweme_title": "没有绝对的善意  你弱的时候坏人最多   我说的没错吧？", "aweme_url": "https://www.iesdouyin.com/share/video/6852898123224796429/?region=CN&mid=6852898228627606285&u_code=0&titleType=title", "download_url": "https://www.chanmama.com/awemeDetail/6852898123224796429", "digg_count": 1975, "digg_incr": 1865, "aweme_create_time": 1595564707, "category": 8, "volume": 0, "amount": 0}, "author": {"author_id": "70266198636", "nickname": "Jelly兔耳朵", "follower_count": 225523}}, {"aweme": {"aweme_id": "6853011390651747597", "aweme_title": "越不会越兴奋，这是奥拉迪波的秘密#篮球", "aweme_url": "https://www.iesdouyin.com/share/video/6853011390651747597/?region=CN&mid=6853011432292813581&u_code=0&titleType=title", "download_url": "https://www.chanmama.com/awemeDetail/6853011390651747597", "digg_count": 2794, "digg_incr": 1768, "aweme_create_time": 1595591056, "category": 8, "volume": 0, "amount": 0}, "author": {"author_id": "108365468344", "nickname": "Micah Lancaster 迈卡", "follower_count": 480150}}, {"aweme": {"aweme_id": "6852984172592499975", "aweme_title": "跑步技术固然重要，但忽略跑前热身动作会降低跑步效率，并可能出现肌肉关节损伤，几个简单的动作学起来！", "aweme_url": "https://www.iesdouyin.com/share/video/6852984172592499975/?region=CN&mid=6748375004049902347&u_code=0&titleType=title", "download_url": "https://www.chanmama.com/awemeDetail/6852984172592499975", "digg_count": 2449, "digg_incr": 1755, "aweme_create_time": 1595584720, "category": 8, "volume": 0, "amount": 0}, "author": {"author_id": "58899944183", "nickname": "丹", "follower_count": 128568}}, {"aweme": {"aweme_id": "6853007704777051407", "aweme_title": "为什么要练后空翻？#饿了么新皮肤 #搏击 @抖音小助手", "aweme_url": "https://www.iesdouyin.com/share/video/6853007704777051407/?region=CN&mid=6853007735806593805&u_code=0&titleType=title", "download_url": "https://www.chanmama.com/awemeDetail/6853007704777051407", "digg_count": 2246, "digg_incr": 1737, "aweme_create_time": 1595590202, "category": 8, "volume": 2, "amount": 0}, "author": {"author_id": "64309029438", "nickname": "刘文擘", "follower_count": 364571}}, {"aweme": {"aweme_id": "6852888322805648655", "aweme_title": "每次照镜子，我都会被自己的身材迷倒……收紧腹部核心，每次出去，尽量感受身体的拉伸，有效锻炼肚子，#塑型全身", "aweme_url": "https://www.iesdouyin.com/share/video/6852888322805648655/?region=CN&mid=6852888326861622029&u_code=0&titleType=title", "download_url": "https://www.chanmama.com/awemeDetail/6852888322805648655", "digg_count": 2242, "digg_incr": 1721, "aweme_create_time": 1595562402, "category": 8, "volume": 8, "amount": 633.2}, "author": {"author_id": "105995078333", "nickname": "绿萝", "follower_count": 320880}}, {"aweme": {"aweme_id": "6852971682374651148", "aweme_title": "你们要的“瘦后背”家庭私教计划，安排上了！#瘦后背", "aweme_url": "https://www.iesdouyin.com/share/video/6852971682374651148/?region=CN&mid=6852971751828097800&u_code=2426m7hf6g1a&titleType=title", "download_url": "https://www.chanmama.com/awemeDetail/6852971682374651148", "digg_count": 1897, "digg_incr": 1719, "aweme_create_time": 1595581816, "category": 8, "volume": 0, "amount": 0}, "author": {"author_id": "1046339959664030", "nickname": "带你练出马甲线的小楠哥", "follower_count": 291297}}, {"aweme": {"aweme_id": "6852960174957694223", "aweme_title": "详细教学视频#零基础学舞蹈", "aweme_url": "https://www.iesdouyin.com/share/video/6852960174957694223/?region=CN&mid=6819552401918397191&u_code=0&titleType=title", "download_url": "https://www.chanmama.com/awemeDetail/6852960174957694223", "digg_count": 2111, "digg_incr": 1712, "aweme_create_time": 1595579131, "category": 8, "volume": 0, "amount": 0}, "author": {"author_id": "68553738998", "nickname": "安好曳舞", "follower_count": 438074}}, {"aweme": {"aweme_id": "6852946976187731200", "aweme_title": "有人笑我皮肤黑，不适宜穿亮色，呵呵，真搞笑，一白遮百丑，你白是为了遮丑，我又不丑。#高级灰色", "aweme_url": "https://www.iesdouyin.com/share/video/6852946976187731200/?region=CN&mid=6848471318611299085&u_code=0&titleType=title", "download_url": "https://www.chanmama.com/awemeDetail/6852946976187731200", "digg_count": 1695, "digg_incr": 1662, "aweme_create_time": 1595576058, "category": 8, "volume": 0, "amount": 0}, "author": {"author_id": "4366913207018643", "nickname": "雅痞潮叔男装官方", "follower_count": 140543}}, {"aweme": {"aweme_id": "6852981258981543183", "aweme_title": "之前买贵的可以退了，我们家88米来8双 大家一起发发发#好物推荐 #工厂 #男鞋 #潮鞋 #鞋子 #我要上热门", "aweme_url": "https://www.iesdouyin.com/share/video/6852981258981543183/?region=CN&mid=6852981280633244429&u_code=0&titleType=title", "download_url": "https://www.chanmama.com/awemeDetail/6852981258981543183", "digg_count": 1661, "digg_incr": 1649, "aweme_create_time": 1595584040, "category": 8, "volume": 0, "amount": 0}, "author": {"author_id": "329499678092328", "nickname": "牛威小陈的十年", "follower_count": 85275}}, {"aweme": {"aweme_id": "6852951011930279181", "aweme_title": "精彩瞬间，谢谢观看", "aweme_url": "https://www.iesdouyin.com/share/video/6852951011930279181/?region=CN&mid=6852951022340541197&u_code=0&titleType=title", "download_url": "https://www.chanmama.com/awemeDetail/6852951011930279181", "digg_count": 2506, "digg_incr": 1605, "aweme_create_time": 1595576999, "category": 8, "volume": 1, "amount": 26}, "author": {"author_id": "99072905047", "nickname": "游钓天下常哥", "follower_count": 203054}}, {"aweme": {"aweme_id": "6852982710739193088", "aweme_title": "啊这…这有点费手#热门 #这个视频有点料 #好物推荐", "aweme_url": "https://www.iesdouyin.com/share/video/6852982710739193088/?region=CN&mid=6852982761129577229&u_code=0&titleType=title", "download_url": "https://www.chanmama.com/awemeDetail/6852982710739193088", "digg_count": 1774, "digg_incr": 1602, "aweme_create_time": 1595584378, "category": 8, "volume": 0, "amount": 0}, "author": {"author_id": "3302581751001779", "nickname": "厉害了我的国", "follower_count": 788423}}, {"aweme": {"aweme_id": "6852846035442617600", "aweme_title": "家庭健身（背部篇），雕刻背部线条必学的三个动作#专业健身联盟", "aweme_url": "https://www.iesdouyin.com/share/video/6852846035442617600/?region=CN&mid=6852846029709282061&u_code=0&titleType=title", "download_url": "https://www.chanmama.com/awemeDetail/6852846035442617600", "digg_count": 2232, "digg_incr": 1594, "aweme_create_time": 1595552557, "category": 8, "volume": 6, "amount": 108}, "author": {"author_id": "93124744400", "nickname": "子弹健身（晚七点直播-弹门）", "follower_count": 898744}}, {"aweme": {"aweme_id": "6852580001796164877", "aweme_title": "随着脂肪代谢能力的提升，可以尝试空腹跑。 #专业健身联盟", "aweme_url": "https://www.iesdouyin.com/share/video/6852580001796164877/?region=CN&mid=6852580121062820621&u_code=0&titleType=title", "download_url": "https://www.chanmama.com/awemeDetail/6852580001796164877", "digg_count": 1733, "digg_incr": 1580, "aweme_create_time": 1595559600, "category": 8, "volume": 0, "amount": 0}, "author": {"author_id": "945174595508699", "nickname": "石春健-跑步你问我答", "follower_count": 173515}}, {"aweme": {"aweme_id": "6852980568179674375", "aweme_title": "室友女朋友吃了半年的泡面，只为给他买个反光篮球，不羡慕，一点都不羡慕🙉#礼物 #惊喜", "aweme_url": "https://www.iesdouyin.com/share/video/6852980568179674375/?region=CN&mid=6835086481917365000&u_code=0&titleType=title", "download_url": "https://www.chanmama.com/awemeDetail/6852980568179674375", "digg_count": 2023, "digg_incr": 1526, "aweme_create_time": 1595583880, "category": 8, "volume": 221, "amount": 32266}, "author": {"author_id": "86057132691", "nickname": "Ellen陈晨", "follower_count": 73591}}, {"aweme": {"aweme_id": "6852807845537172736", "aweme_title": "#蛙泳  划手腿不动、收手再收腿、先伸胳膊后蹬腿、伸直并拢漂一会儿！平蛙早呼吸，波蛙晚呼吸！@DOU+小助手", "aweme_url": "https://www.iesdouyin.com/share/video/6852807845537172736/?region=CN&mid=6703717708787091458&u_code=0&titleType=title", "download_url": "https://www.chanmama.com/awemeDetail/6852807845537172736", "digg_count": 1596, "digg_incr": 1476, "aweme_create_time": 1595543670, "category": 8, "volume": 0, "amount": 0}, "author": {"author_id": "92969412057", "nickname": "全浸Kaoki Coach老高", "follower_count": 164541}}, {"aweme": {"aweme_id": "6852991796302155016", "aweme_title": "全网都在找三哥，你们的三哥都找到了吗？我的三哥在哪里？为了找三哥眉毛都忘了画了😂", "aweme_url": "https://www.iesdouyin.com/share/video/6852991796302155016/?region=CN&mid=6851137087057103623&u_code=0&titleType=title", "download_url": "https://www.chanmama.com/awemeDetail/6852991796302155016", "digg_count": 1850, "digg_incr": 1455, "aweme_create_time": 1595586495, "category": 8, "volume": 0, "amount": 0}, "author": {"author_id": "83926582025", "nickname": "林妹妹❤️跳舞", "follower_count": 666904}}, {"aweme": {"aweme_id": "6852821211353828621", "aweme_title": "跑步的注意事项有哪些呢？跑步新手应该了解的运动小知识@抖音小助手 #飞比特隐形腰包", "aweme_url": "https://www.iesdouyin.com/share/video/6852821211353828621/?region=CN&mid=6781100976620620556&u_code=0&titleType=title", "download_url": "https://www.chanmama.com/awemeDetail/6852821211353828621", "digg_count": 1643, "digg_incr": 1441, "aweme_create_time": 1595546783, "category": 8, "volume": 2, "amount": 562}, "author": {"author_id": "58899944183", "nickname": "丹", "follower_count": 128568}}, {"aweme": {"aweme_id": "6852987283914640643", "aweme_title": "提升你第一脚触球体验的足球鞋，Rebula Cup ！", "aweme_url": "https://www.iesdouyin.com/share/video/6852987283914640643/?region=CN&mid=6852987332149234446&u_code=0&titleType=title", "download_url": "https://www.chanmama.com/awemeDetail/6852987283914640643", "digg_count": 2631, "digg_incr": 1434, "aweme_create_time": 1595585448, "category": 8, "volume": 2, "amount": 4798}, "author": {"author_id": "96439698147", "nickname": "小李子足球", "follower_count": 205786}}, {"aweme": {"aweme_id": "6852821190365498627", "aweme_title": "@凤华网具厂发了一个抖音短视频，你尽管点开，不好看算我输！", "aweme_url": "https://www.iesdouyin.com/share/video/6852821190365498627/?region=CN&mid=6852821210951125768&u_code=0&titleType=", "download_url": "https://www.chanmama.com/awemeDetail/6852821190365498627", "digg_count": 2251, "digg_incr": 1433, "aweme_create_time": 1595546787, "category": 8, "volume": 0, "amount": 0}, "author": {"author_id": "3029887330293692", "nickname": "凤华网具厂", "follower_count": 169029}}, {"aweme": {"aweme_id": "6852842500709797120", "aweme_title": "#瘦肚子#不做腹部婆只做小腰精，行动的都瘦了，有需要的小伙伴建议收藏！#产后瘦肚子", "aweme_url": "https://www.iesdouyin.com/share/video/6852842500709797120/?region=CN&mid=6852842477775309575&u_code=0&titleType=title", "download_url": "https://www.chanmama.com/awemeDetail/6852842500709797120", "digg_count": 1816, "digg_incr": 1403, "aweme_create_time": 1595551735, "category": 8, "volume": 2, "amount": 99.8}, "author": {"author_id": "67589998247", "nickname": "往后瑜生", "follower_count": 567571}}, {"aweme": {"aweme_id": "6852988918653127951", "aweme_title": "一组动作带你丰胸，瘦手臂，瘦后背！！#瘦手臂 #瘦后背", "aweme_url": "https://www.iesdouyin.com/share/video/6852988918653127951/?region=CN&mid=6852988918963489550&u_code=0&titleType=title", "download_url": "https://www.chanmama.com/awemeDetail/6852988918653127951", "digg_count": 1463, "digg_incr": 1378, "aweme_create_time": 1595585824, "category": 8, "volume": 0, "amount": 0}, "author": {"author_id": "4322890641050430", "nickname": "每天瑜伽", "follower_count": 128646}}, {"aweme": {"aweme_id": "6852823861520551168", "aweme_title": "@吴三姐发了一个抖音短视频，你尽管点开，不好看算我输！", "aweme_url": "https://www.iesdouyin.com/share/video/6852823861520551168/?region=CN&mid=6762861171114232580&u_code=0&titleType=", "download_url": "https://www.chanmama.com/awemeDetail/6852823861520551168", "digg_count": 1555, "digg_incr": 1375, "aweme_create_time": 1595547396, "category": 8, "volume": 0, "amount": 0}, "author": {"author_id": "104795294779", "nickname": "吴三姐", "follower_count": 130464}}, {"aweme": {"aweme_id": "6852911667991366916", "aweme_title": "就喜欢简单好学的舞，不费力不费时间😅@@抖音小助手", "aweme_url": "https://www.iesdouyin.com/share/video/6852911667991366916/?region=CN&mid=6851326679990668040&u_code=0&titleType=title", "download_url": "https://www.chanmama.com/awemeDetail/6852911667991366916", "digg_count": 1553, "digg_incr": 1367, "aweme_create_time": 1595567842, "category": 8, "volume": 0, "amount": 0}, "author": {"author_id": "60520373475", "nickname": "芳芳 爱舞《云舞门》", "follower_count": 248539}}, {"aweme": {"aweme_id": "6852843818010660109", "aweme_title": "跟上音乐多练习，享受生活乐趣。", "aweme_url": "https://www.iesdouyin.com/share/video/6852843818010660109/?region=CN&mid=6852843824377547528&u_code=0&titleType=title", "download_url": "https://www.chanmama.com/awemeDetail/6852843818010660109", "digg_count": 1892, "digg_incr": 1366, "aweme_create_time": 1595552043, "category": 8, "volume": 1, "amount": 123}, "author": {"author_id": "68087992757", "nickname": "山妹她爸", "follower_count": 273687}}, {"aweme": {"aweme_id": "6852892630544567552", "aweme_title": "七月连日闷热的阴雨，走路楼道都打滑，宅家跳舞解解暑吧。#广场舞dou起来", "aweme_url": "https://www.iesdouyin.com/share/video/6852892630544567552/?region=CN&mid=6840984249231887118&u_code=0&titleType=title", "download_url": "https://www.chanmama.com/awemeDetail/6852892630544567552", "digg_count": 1598, "digg_incr": 1341, "aweme_create_time": 1595563405, "category": 8, "volume": 0, "amount": 0}, "author": {"author_id": "100635540921", "nickname": "宇依", "follower_count": 270220}}, {"aweme": {"aweme_id": "6852987651138620679", "aweme_title": "不用担心我在爱你@150斤努力的胖胖花", "aweme_url": "https://www.iesdouyin.com/share/video/6852987651138620679/?region=CN&mid=6849956654088243975&u_code=0&titleType=title", "download_url": "https://www.chanmama.com/awemeDetail/6852987651138620679", "digg_count": 2595, "digg_incr": 1339, "aweme_create_time": 1595585529, "category": 8, "volume": 69, "amount": 5451}, "author": {"author_id": "1578512001542012", "nickname": "小刘同学", "follower_count": 110905}}, {"aweme": {"aweme_id": "6852867803184254221", "aweme_title": "找老婆就要找爱跳舞的，因为她没空翻你手机，也没空去想你在不在乎她，她只关心等下去跳舞穿什么衣服", "aweme_url": "https://www.iesdouyin.com/share/video/6852867803184254221/?region=CN&mid=6839634928549464839&u_code=0&titleType=title", "download_url": "https://www.chanmama.com/awemeDetail/6852867803184254221", "digg_count": 1416, "digg_incr": 1306, "aweme_create_time": 1595557626, "category": 8, "volume": 0, "amount": 0}, "author": {"author_id": "83926582025", "nickname": "林妹妹❤️跳舞", "follower_count": 666904}}, {"aweme": {"aweme_id": "6853013403091356941", "aweme_title": "鲤鱼吃饵时是什么样的动作？如何钓鲤鱼才能连竿呢？@DOU+小助手 #钓鱼", "aweme_url": "https://www.iesdouyin.com/share/video/6853013403091356941/?region=CN&mid=6853013428743736071&u_code=0&titleType=title", "download_url": "https://www.chanmama.com/awemeDetail/6853013403091356941", "digg_count": 3034, "digg_incr": 1277, "aweme_create_time": 1595591525, "category": 8, "volume": 0, "amount": 0}, "author": {"author_id": "60840273831", "nickname": "执竿悟道", "follower_count": 443162}}, {"aweme": {"aweme_id": "6852910202514066699", "aweme_title": "最容易出错的几个体式，有你吗？#瑜伽路上 正确练习，少走弯路，保护自己，循序渐进#初学者瑜伽", "aweme_url": "https://www.iesdouyin.com/share/video/6852910202514066699/?region=CN&mid=218401082593624064&u_code=0&titleType=title", "download_url": "https://www.chanmama.com/awemeDetail/6852910202514066699", "digg_count": 1880, "digg_incr": 1204, "aweme_create_time": 1595567500, "category": 8, "volume": 0, "amount": 0}, "author": {"author_id": "105471404118", "nickname": "娇儿爱瑜伽", "follower_count": 931506}}, {"aweme": {"aweme_id": "6852987371177217288", "aweme_title": "#适合初学者 #广场舞 @芃妈的舞步 喜欢跳舞一起来吧💃", "aweme_url": "https://www.iesdouyin.com/share/video/6852987371177217288/?region=CN&mid=6852432089904581379&u_code=0&titleType=title", "download_url": "https://www.chanmama.com/awemeDetail/6852987371177217288", "digg_count": 1488, "digg_incr": 1193, "aweme_create_time": 1595585464, "category": 8, "volume": 0, "amount": 0}, "author": {"author_id": "96454638259", "nickname": "宁静致远", "follower_count": 690282}}, {"aweme": {"aweme_id": "6852962128559721732", "aweme_title": "最后一句是自己看自己视频的，有感而发😂#健身 练得好不好穿的一定帅", "aweme_url": "https://www.iesdouyin.com/share/video/6852962128559721732/?region=CN&mid=6852962189842647815&u_code=0&titleType=title", "download_url": "https://www.chanmama.com/awemeDetail/6852962128559721732", "digg_count": 1473, "digg_incr": 1192, "aweme_create_time": 1595579593, "category": 8, "volume": 13, "amount": 0}, "author": {"author_id": "57977379535", "nickname": "昆图斯", "follower_count": 286212}}, {"aweme": {"aweme_id": "6853004168349633792", "aweme_title": "摆胯就这么好看，美美哒！#抖音小助手", "aweme_url": "https://www.iesdouyin.com/share/video/6853004168349633792/?region=CN&mid=6790151297305660163&u_code=0&titleType=title", "download_url": "https://www.chanmama.com/awemeDetail/6853004168349633792", "digg_count": 1768, "digg_incr": 1170, "aweme_create_time": 1595589374, "category": 8, "volume": 0, "amount": 0}, "author": {"author_id": "82176627085", "nickname": "玲姐跳舞", "follower_count": 644707}}, {"aweme": {"aweme_id": "6852968172149148942", "aweme_title": "你可以挑战多少转速呢#腕力球 #中国制造 #抖音小助手", "aweme_url": "https://www.iesdouyin.com/share/video/6852968172149148942/?region=CN&mid=6852968195649833741&u_code=0&titleType=title", "download_url": "https://www.chanmama.com/awemeDetail/6852968172149148942", "digg_count": 1534, "digg_incr": 1158, "aweme_create_time": 1595580994, "category": 8, "volume": 0, "amount": 0}, "author": {"author_id": "2629663892451867", "nickname": "中国崛起", "follower_count": 235162}}, {"aweme": {"aweme_id": "6852999691110550788", "aweme_title": "歪就你！放学别走！#变装#别限流@抖音小助手", "aweme_url": "https://www.iesdouyin.com/share/video/6852999691110550788/?region=CN&mid=6829158412664720141&u_code=0&titleType=title", "download_url": "https://www.chanmama.com/awemeDetail/6852999691110550788", "digg_count": 1203, "digg_incr": 1144, "aweme_create_time": 1595588336, "category": 8, "volume": 0, "amount": 0}, "author": {"author_id": "57914827880", "nickname": "请叫我大俊俊", "follower_count": 193724}}, {"aweme": {"aweme_id": "6852968182903246080", "aweme_title": "我不奢求人生顺风顺水，但求坎坷走尽有人陪", "aweme_url": "https://www.iesdouyin.com/share/video/6852968182903246080/?region=CN&mid=6852968203426302727&u_code=0&titleType=title", "download_url": "https://www.chanmama.com/awemeDetail/6852968182903246080", "digg_count": 1402, "digg_incr": 1137, "aweme_create_time": 1595580996, "category": 8, "volume": 0, "amount": 0}, "author": {"author_id": "108432769263", "nickname": "🍒肥松鼠🙈", "follower_count": 278670}}, {"aweme": {"aweme_id": "6852975190817737991", "aweme_title": "摆拳打的好，高手全撂倒#你好火星", "aweme_url": "https://www.iesdouyin.com/share/video/6852975190817737991/?region=CN&mid=6852975228302494471&u_code=0&titleType=title", "download_url": "https://www.chanmama.com/awemeDetail/6852975190817737991", "digg_count": 2005, "digg_incr": 1137, "aweme_create_time": 1595582628, "category": 8, "volume": 0, "amount": 0}, "author": {"author_id": "72085330122", "nickname": "羽拳拳击学院", "follower_count": 191900}}, {"aweme": {"aweme_id": "6852885773012700423", "aweme_title": "#简单易学易懂", "aweme_url": "https://www.iesdouyin.com/share/video/6852885773012700423/?region=CN&mid=6852885794449820424&u_code=0&titleType=title", "download_url": "https://www.chanmama.com/awemeDetail/6852885773012700423", "digg_count": 1403, "digg_incr": 1127, "aweme_create_time": 1595561809, "category": 8, "volume": 0, "amount": 0}, "author": {"author_id": "2510900657131357", "nickname": "暗香梅花舞", "follower_count": 567510}}, {"aweme": {"aweme_id": "6852959267713010944", "aweme_title": "2竿垂钓.渔获必须2倍😄", "aweme_url": "https://www.iesdouyin.com/share/video/6852959267713010944/?region=CN&mid=6764251576329734920&u_code=0&titleType=title", "download_url": "https://www.chanmama.com/awemeDetail/6852959267713010944", "digg_count": 1130, "digg_incr": 1105, "aweme_create_time": 1595578920, "category": 8, "volume": 0, "amount": 0}, "author": {"author_id": "72468766469", "nickname": "摆摊爱钓鱼", "follower_count": 324177}}, {"aweme": {"aweme_id": "6853011755983981836", "aweme_title": "有些道理她现在不一定懂，但是她至少能记住。", "aweme_url": "https://www.iesdouyin.com/share/video/6853011755983981836/?region=CN&mid=6853011785369946893&u_code=0&titleType=title", "download_url": "https://www.chanmama.com/awemeDetail/6853011755983981836", "digg_count": 1424, "digg_incr": 1104, "aweme_create_time": 1595591145, "category": 8, "volume": 0, "amount": 0}, "author": {"author_id": "97425759249", "nickname": "力海游泳🏊小海🇨🇳", "follower_count": 359413}}, {"aweme": {"aweme_id": "6852884998580604174", "aweme_title": "纯棉灯芯绒面料不掉色，不起球的哦！第四款帅爆啦！#宝宝服装搭配 #我要上热门 #抖音小助手 #很任性 #童装", "aweme_url": "https://www.iesdouyin.com/share/video/6852884998580604174/?region=CN&mid=6555665068007426829&u_code=0&titleType=title", "download_url": "https://www.chanmama.com/awemeDetail/6852884998580604174", "digg_count": 1404, "digg_incr": 1102, "aweme_create_time": 1595561629, "category": 8, "volume": 0, "amount": 0}, "author": {"author_id": "1925940934376558", "nickname": "河北献尧制衣", "follower_count": 124325}}, {"aweme": {"aweme_id": "6852750929280634112", "aweme_title": "@💞拾指紧扣💞发了一个抖音短视频，你尽管点开，不好看算我输！", "aweme_url": "https://www.iesdouyin.com/share/video/6852750929280634112/?region=CN&mid=6693233228788009741&u_code=0&titleType=", "download_url": "https://www.chanmama.com/awemeDetail/6852750929280634112", "digg_count": 1180, "digg_incr": 1071, "aweme_create_time": 1595531347, "category": 8, "volume": 0, "amount": 0}, "author": {"author_id": "110185102586", "nickname": "💞拾指紧扣💞", "follower_count": 611878}}, {"aweme": {"aweme_id": "6852806936719543567", "aweme_title": "每天坚持原地走一走，活到99#瘦全身 #踏步", "aweme_url": "https://www.iesdouyin.com/share/video/6852806936719543567/?region=CN&mid=6806347851887627020&u_code=0&titleType=title", "download_url": "https://www.chanmama.com/awemeDetail/6852806936719543567", "digg_count": 1169, "digg_incr": 1056, "aweme_create_time": 1595543460, "category": 8, "volume": 0, "amount": 0}, "author": {"author_id": "96282165524", "nickname": "铿锵玫瑰", "follower_count": 182195}}, {"aweme": {"aweme_id": "6852896242192665870", "aweme_title": "跟#保罗乔治 学大力急停终结", "aweme_url": "https://www.iesdouyin.com/share/video/6852896242192665870/?region=CN&mid=6852896262480464653&u_code=0&titleType=title", "download_url": "https://www.chanmama.com/awemeDetail/6852896242192665870", "digg_count": 1477, "digg_incr": 1024, "aweme_create_time": 1595564247, "category": 8, "volume": 0, "amount": 0}, "author": {"author_id": "108365468344", "nickname": "Micah Lancaster 迈卡", "follower_count": 480150}}, {"aweme": {"aweme_id": "6852948658854415616", "aweme_title": "@💞拾指紧扣💞发了一个抖音短视频，你尽管点开，不好看算我输！", "aweme_url": "https://www.iesdouyin.com/share/video/6852948658854415616/?region=CN&mid=6851417808094366478&u_code=0&titleType=", "download_url": "https://www.chanmama.com/awemeDetail/6852948658854415616", "digg_count": 1211, "digg_incr": 1016, "aweme_create_time": 1595576479, "category": 8, "volume": 0, "amount": 0}, "author": {"author_id": "110185102586", "nickname": "💞拾指紧扣💞", "follower_count": 611878}}, {"aweme": {"aweme_id": "6853008210949852427", "aweme_title": "超级简单的踩点舞，越跳越年轻！#每天坚持锻炼 #抖音小助手", "aweme_url": "https://www.iesdouyin.com/share/video/6853008210949852427/?region=CN&mid=6843162847204231950&u_code=0&titleType=title", "download_url": "https://www.chanmama.com/awemeDetail/6853008210949852427", "digg_count": 1392, "digg_incr": 1013, "aweme_create_time": 1595590319, "category": 8, "volume": 2, "amount": 119}, "author": {"author_id": "100742328187", "nickname": "福福", "follower_count": 862923}}, {"aweme": {"aweme_id": "6852987284371885323", "aweme_title": "上善若水，如水之柔软，如水之坚韧，如水之宽容。#中式美学服饰 #中国风 #套装 #仙女裙 @抖音小助手", "aweme_url": "https://www.iesdouyin.com/share/video/6852987284371885323/?region=CN&mid=6688083470746389251&u_code=0&titleType=title", "download_url": "https://www.chanmama.com/awemeDetail/6852987284371885323", "digg_count": 2940, "digg_incr": 995, "aweme_create_time": 1595585448, "category": 8, "volume": 0, "amount": 0}, "author": {"author_id": "646157028033011", "nickname": "墨娇中式美学服饰", "follower_count": 158878}}, {"aweme": {"aweme_id": "6852985859130543373", "aweme_title": "崴脚休息了一段时间后的体能恢复日（上）", "aweme_url": "https://www.iesdouyin.com/share/video/6852985859130543373/?region=CN&mid=6852985899974724359&u_code=0&titleType=title", "download_url": "https://www.chanmama.com/awemeDetail/6852985859130543373", "digg_count": 1228, "digg_incr": 995, "aweme_create_time": 1595585112, "category": 8, "volume": 0, "amount": 0}, "author": {"author_id": "83150231873", "nickname": "7号唐日辉呀", "follower_count": 811498}}, {"aweme": {"aweme_id": "6852943900252917005", "aweme_title": "跑得慢不但能有效减脂，还能提高你的马拉松成绩#跑步", "aweme_url": "https://www.iesdouyin.com/share/video/6852943900252917005/?region=CN&mid=6852943947615374088&u_code=0&titleType=title", "download_url": "https://www.chanmama.com/awemeDetail/6852943900252917005", "digg_count": 1553, "digg_incr": 992, "aweme_create_time": 1595575343, "category": 8, "volume": 0, "amount": 0}, "author": {"author_id": "95327678426", "nickname": "跑步时光机", "follower_count": 92520}}, {"aweme": {"aweme_id": "6852880867061288192", "aweme_title": "#羽毛球 传说中的林丹杀手，也不知道怎么吹捧的🤔️？", "aweme_url": "https://www.iesdouyin.com/share/video/6852880867061288192/?region=CN&mid=6852880878356466446&u_code=0&titleType=title", "download_url": "https://www.chanmama.com/awemeDetail/6852880867061288192", "digg_count": 1145, "digg_incr": 989, "aweme_create_time": 1595560666, "category": 8, "volume": 7, "amount": 126}, "author": {"author_id": "162377210530382", "nickname": "羽毛球爱好者", "follower_count": 134273}}, {"aweme": {"aweme_id": "6852980464462941454", "aweme_title": "了解再多方法不如养成一个每天放松的习惯 很多人都是因为懒 #跑步   #运动康复", "aweme_url": "https://www.iesdouyin.com/share/video/6852980464462941454/?region=CN&mid=6852980560906816264&u_code=0&titleType=title", "download_url": "https://www.chanmama.com/awemeDetail/6852980464462941454", "digg_count": 1222, "digg_incr": 986, "aweme_create_time": 1595583873, "category": 8, "volume": 10, "amount": 199}, "author": {"author_id": "171163786416888", "nickname": "家晖陪你跑", "follower_count": 214874}}, {"aweme": {"aweme_id": "6852843774893100295", "aweme_title": "@潍坊咏美发了一个抖音短视频，你尽管点开，不好看算我输！", "aweme_url": "https://www.iesdouyin.com/share/video/6852843774893100295/?region=CN&mid=6847960641564199687&u_code=0&titleType=", "download_url": "https://www.chanmama.com/awemeDetail/6852843774893100295", "digg_count": 1097, "digg_incr": 979, "aweme_create_time": 1595552033, "category": 8, "volume": 7, "amount": 174}, "author": {"author_id": "93212675131", "nickname": "潍坊咏美", "follower_count": 440250}}, {"aweme": {"aweme_id": "6852910872751295758", "aweme_title": "发个背面，喜欢的友友可以拍同款了😜", "aweme_url": "https://www.iesdouyin.com/share/video/6852910872751295758/?region=CN&mid=6847960641564199687&u_code=0&titleType=title", "download_url": "https://www.chanmama.com/awemeDetail/6852910872751295758", "digg_count": 1253, "digg_incr": 979, "aweme_create_time": 1595567652, "category": 8, "volume": 4, "amount": 116}, "author": {"author_id": "93212675131", "nickname": "潍坊咏美", "follower_count": 440250}}, {"aweme": {"aweme_id": "6852826397593947396", "aweme_title": "@盛东户外发了一个抖音短视频，你尽管点开，不好看算我输！", "aweme_url": "https://www.iesdouyin.com/share/video/6852826397593947396/?region=CN&mid=6852826402853882638&u_code=0&titleType=", "download_url": "https://www.chanmama.com/awemeDetail/6852826397593947396", "digg_count": 1638, "digg_incr": 965, "aweme_create_time": 1595547996, "category": 8, "volume": 0, "amount": 0}, "author": {"author_id": "2348181697072936", "nickname": "盛东户外", "follower_count": 139863}}, {"aweme": {"aweme_id": "6852971885093735695", "aweme_title": "信号灵敏.报警清晰😄", "aweme_url": "https://www.iesdouyin.com/share/video/6852971885093735695/?region=CN&mid=6831099902437772045&u_code=0&titleType=title", "download_url": "https://www.chanmama.com/awemeDetail/6852971885093735695", "digg_count": 1016, "digg_incr": 956, "aweme_create_time": 1595581858, "category": 8, "volume": 0, "amount": 0}, "author": {"author_id": "85054943125", "nickname": "钓大鱼高手", "follower_count": 102677}}, {"aweme": {"aweme_id": "6852800397665520903", "aweme_title": "早安！我的小公举们，晨练即将开始。今天我们拿一对小哑铃，在家练出沙漏身材#燃脂塑形 #紧致", "aweme_url": "https://www.iesdouyin.com/share/video/6852800397665520903/?region=CN&mid=6852800369794239239&u_code=0&titleType=title", "download_url": "https://www.chanmama.com/awemeDetail/6852800397665520903", "digg_count": 1059, "digg_incr": 954, "aweme_create_time": 1595541947, "category": 8, "volume": 3, "amount": 147}, "author": {"author_id": "109670723892", "nickname": "练沙漏身材的小姐姐", "follower_count": 196658}}, {"aweme": {"aweme_id": "6852900322692631811", "aweme_title": "百步穿杨，一网盖住了鱼窝。", "aweme_url": "https://www.iesdouyin.com/share/video/6852900322692631811/?region=CN&mid=6829941600324421640&u_code=3570h42lajea&titleType=title", "download_url": "https://www.chanmama.com/awemeDetail/6852900322692631811", "digg_count": 1021, "digg_incr": 942, "aweme_create_time": 1595565241, "category": 8, "volume": 0, "amount": 0}, "author": {"author_id": "4503698121929087", "nickname": "小姜爱户外", "follower_count": 155752}}, {"aweme": {"aweme_id": "6852813711581662477", "aweme_title": "32步《今生的唯一》@抖音小助手 @DOU+小助手", "aweme_url": "https://www.iesdouyin.com/share/video/6852813711581662477/?region=CN&mid=6698318644373408515&u_code=0&titleType=title", "download_url": "https://www.chanmama.com/awemeDetail/6852813711581662477", "digg_count": 1075, "digg_incr": 931, "aweme_create_time": 1595545037, "category": 8, "volume": 0, "amount": 0}, "author": {"author_id": "62319652366", "nickname": "轩～", "follower_count": 311493}}, {"aweme": {"aweme_id": "6852829070095404288", "aweme_title": "我们可以不完美但一定要真实，可以不富有但一定要快乐！早安！#广场舞 #时光不老 #闺蜜团 #你好火星", "aweme_url": "https://www.iesdouyin.com/share/video/6852829070095404288/?region=CN&mid=6852829028097739534&u_code=0&titleType=title", "download_url": "https://www.chanmama.com/awemeDetail/6852829070095404288", "digg_count": 1015, "digg_incr": 931, "aweme_create_time": 1595548609, "category": 8, "volume": 2, "amount": 0}, "author": {"author_id": "81504249442", "nickname": "云裳广场舞-云裳", "follower_count": 147228}}, {"aweme": {"aweme_id": "6852908541137734919", "aweme_title": "#跳绳 新手跳绳牢记这5点！然后循序渐进，量力而行！跳就对了……让时间证明一切的努力！", "aweme_url": "https://www.iesdouyin.com/share/video/6852908541137734919/?region=CN&mid=6846202449099901703&u_code=0&titleType=title", "download_url": "https://www.chanmama.com/awemeDetail/6852908541137734919", "digg_count": 1259, "digg_incr": 929, "aweme_create_time": 1595567109, "category": 8, "volume": 0, "amount": 0}, "author": {"author_id": "54989799404", "nickname": "希-", "follower_count": 213640}}, {"aweme": {"aweme_id": "6852993818329910543", "aweme_title": "唐藝銘&黄馨儀甲A拉丁冠军  这个伦巴太柔情 #拉丁舞@黄馨儀🍀Bobbie🐳 @唐藝銘 Tang", "aweme_url": "https://www.iesdouyin.com/share/video/6852993818329910543/?region=CN&mid=6852993859925609224&u_code=0&titleType=title", "download_url": "https://www.chanmama.com/awemeDetail/6852993818329910543", "digg_count": 1229, "digg_incr": 892, "aweme_create_time": 1595586964, "category": 8, "volume": 0, "amount": 0}, "author": {"author_id": "69783488653", "nickname": "港龙舞蹈", "follower_count": 703434}}, {"aweme": {"aweme_id": "6852961447014616333", "aweme_title": "@潍坊咏美发了一个抖音短视频，你尽管点开，不好看算我输！", "aweme_url": "https://www.iesdouyin.com/share/video/6852961447014616333/?region=CN&mid=6839314473464924935&u_code=0&titleType=", "download_url": "https://www.chanmama.com/awemeDetail/6852961447014616333", "digg_count": 1097, "digg_incr": 881, "aweme_create_time": 1595579428, "category": 8, "volume": 3, "amount": 87}, "author": {"author_id": "93212675131", "nickname": "潍坊咏美", "follower_count": 440250}}, {"aweme": {"aweme_id": "6853007020803591436", "aweme_title": "各位钓友，巨物上岸了，见大鱼能有攒？？？", "aweme_url": "https://www.iesdouyin.com/share/video/6853007020803591436/?region=CN&mid=6853007070602562318&u_code=0&titleType=title", "download_url": "https://www.chanmama.com/awemeDetail/6853007020803591436", "digg_count": 1044, "digg_incr": 879, "aweme_create_time": 1595590042, "category": 8, "volume": 0, "amount": 0}, "author": {"author_id": "99311344429", "nickname": "独爱钓鱼", "follower_count": 971198}}, {"aweme": {"aweme_id": "6852981006790675724", "aweme_title": "我带你打🏀，没让你犯规啊！#恋爱", "aweme_url": "https://www.iesdouyin.com/share/video/6852981006790675724/?region=CN&mid=6832198752925780749&u_code=0&titleType=title", "download_url": "https://www.chanmama.com/awemeDetail/6852981006790675724", "digg_count": 1497, "digg_incr": 877, "aweme_create_time": 1595583988, "category": 8, "volume": 119, "amount": 17374}, "author": {"author_id": "4463641815948670", "nickname": "这个女孩不好追", "follower_count": 35349}}, {"aweme": {"aweme_id": "6852981513731001607", "aweme_title": "第三集：五粮液鉴定技巧#五粮液", "aweme_url": "https://www.iesdouyin.com/share/video/6852981513731001607/?region=CN&mid=6852981579824794376&u_code=0&titleType=title", "download_url": "https://www.chanmama.com/awemeDetail/6852981513731001607", "digg_count": 1178, "digg_incr": 845, "aweme_create_time": 1595584101, "category": 8, "volume": 6, "amount": 828}, "author": {"author_id": "76449668783", "nickname": "九觅锋哥", "follower_count": 758823}}, {"aweme": {"aweme_id": "6852882219413900559", "aweme_title": "闺蜜👭推荐的爆汗呼啦圈，这个夏天裙子👗我要穿开衩的，礼服我要露背的，一起练出#小蛮腰 吧！", "aweme_url": "https://www.iesdouyin.com/share/video/6852882219413900559/?region=CN&mid=6852882218591800072&u_code=0&titleType=title", "download_url": "https://www.chanmama.com/awemeDetail/6852882219413900559", "digg_count": 3307, "digg_incr": 801, "aweme_create_time": 1595560981, "category": 8, "volume": 0, "amount": 0}, "author": {"author_id": "3786361935504734", "nickname": "18天瘦了23斤的阿七", "follower_count": 305128}}, {"aweme": {"aweme_id": "6852976538976079104", "aweme_title": "人这一辈子，除了健康，什么都不是你的，照顾好自己，少生气，多开心，多运动…#跑步 #马拉松#自律 @抖音小助手", "aweme_url": "https://www.iesdouyin.com/share/video/6852976538976079104/?region=CN&mid=6674919975301565196&u_code=0&titleType=title", "download_url": "https://www.chanmama.com/awemeDetail/6852976538976079104", "digg_count": 1011, "digg_incr": 786, "aweme_create_time": 1595582942, "category": 8, "volume": 0, "amount": 0}, "author": {"author_id": "96484773679", "nickname": "&沿途有你", "follower_count": 313234}}, {"aweme": {"aweme_id": "6853009501633793293", "aweme_title": "#跑步 #初跑者 #防止损伤的重要三点  你跑步了吗？赶快抖音里跟上我的脚步👣 #加油所有爱跑步的人", "aweme_url": "https://www.iesdouyin.com/share/video/6853009501633793293/?region=CN&mid=6853009531178666766&u_code=0&titleType=title", "download_url": "https://www.chanmama.com/awemeDetail/6853009501633793293", "digg_count": 1150, "digg_incr": 780, "aweme_create_time": 1595590616, "category": 8, "volume": 0, "amount": 0}, "author": {"author_id": "103200701907", "nickname": "跑步教练波波", "follower_count": 253107}}, {"aweme": {"aweme_id": "6852921658274057487", "aweme_title": "花花世界，人世喧嚣，别人的眼光，其实没那么重要#好物分享 #家居生活", "aweme_url": "https://www.iesdouyin.com/share/video/6852921658274057487/?region=CN&mid=6831440896920127501&u_code=0&titleType=title", "download_url": "https://www.chanmama.com/awemeDetail/6852921658274057487", "digg_count": 1102, "digg_incr": 774, "aweme_create_time": 1595570163, "category": 8, "volume": 3, "amount": 387}, "author": {"author_id": "76152634595", "nickname": "莫墨", "follower_count": 816635}}, {"aweme": {"aweme_id": "6853060504894590222", "aweme_title": "夏秋透气鞋，干爽一整天", "aweme_url": "https://www.iesdouyin.com/share/video/6853060504894590222/?region=CN&mid=6853060671878662925&u_code=0&titleType=title", "download_url": "https://www.chanmama.com/awemeDetail/6853060504894590222", "digg_count": 8981, "digg_incr": 760, "aweme_create_time": 1595602531, "category": 8, "volume": 0, "amount": 0}, "author": {"author_id": "2291012634163304", "nickname": "瑞安鲁文鞋服", "follower_count": 143009}}, {"aweme": {"aweme_id": "6852880798991928587", "aweme_title": "太激动了，长这么大第一次逮到这么大的鱼。", "aweme_url": "https://www.iesdouyin.com/share/video/6852880798991928587/?region=CN&mid=6852880826535856909&u_code=bk5kkf3l2d0&titleType=title", "download_url": "https://www.chanmama.com/awemeDetail/6852880798991928587", "digg_count": 2859, "digg_incr": 721, "aweme_create_time": 1595560656, "category": 8, "volume": 0, "amount": 0}, "author": {"author_id": "4503698121929087", "nickname": "小姜爱户外", "follower_count": 155752}}, {"aweme": {"aweme_id": "6852852878407634187", "aweme_title": "草原的月亮🌙第五节细致分解！#慢动作 #热门音乐", "aweme_url": "https://www.iesdouyin.com/share/video/6852852878407634187/?region=CN&mid=6847793329204136712&u_code=0&titleType=title", "download_url": "https://www.chanmama.com/awemeDetail/6852852878407634187", "digg_count": 1089, "digg_incr": 693, "aweme_create_time": 1595554157, "category": 8, "volume": 1, "amount": 59}, "author": {"author_id": "4019435223134067", "nickname": "阳城县山妹舞蹈俱乐部", "follower_count": 201336}}, {"aweme": {"aweme_id": "6852836963309899019", "aweme_title": "这个动作每天10分种，瘦腰 提臀🍀#你好火星 @东方之美雅学文化邱凌老师 #喝彩变身", "aweme_url": "https://www.iesdouyin.com/share/video/6852836963309899019/?region=CN&mid=6852836974626196237&u_code=0&titleType=title", "download_url": "https://www.chanmama.com/awemeDetail/6852836963309899019", "digg_count": 1057, "digg_incr": 688, "aweme_create_time": 1595550455, "category": 8, "volume": 0, "amount": 0}, "author": {"author_id": "70108339694", "nickname": "形体礼仪～邱凌老师", "follower_count": 396687}}, {"aweme": {"aweme_id": "6852810139280444687", "aweme_title": "每次照镜子，我都会被自己的身材迷倒…收紧腹部核心，每次出去尽量感受身体的拉伸，适当停留。有效锻炼肚子，塑型全身", "aweme_url": "https://www.iesdouyin.com/share/video/6852810139280444687/?region=CN&mid=6562433004336220942&u_code=0&titleType=title", "download_url": "https://www.chanmama.com/awemeDetail/6852810139280444687", "digg_count": 1421, "digg_incr": 677, "aweme_create_time": 1595544204, "category": 8, "volume": 14, "amount": 644}, "author": {"author_id": "95914803398", "nickname": "猫小咪居家健身（重庆）", "follower_count": 842193}}, {"aweme": {"aweme_id": "6852888172146314504", "aweme_title": "生活每天都是限量版，努力使每一天都开心而有意义#旅行 不辜负美景，#健身 不辜负健康#抖音小助手 #腹肌", "aweme_url": "https://www.iesdouyin.com/share/video/6852888172146314504/?region=CN&mid=6814026334969301767&u_code=0&titleType=title", "download_url": "https://www.chanmama.com/awemeDetail/6852888172146314504", "digg_count": 1056, "digg_incr": 647, "aweme_create_time": 1595562368, "category": 8, "volume": 0, "amount": 0}, "author": {"author_id": "96346377583", "nickname": "柴火妞", "follower_count": 343962}}, {"aweme": {"aweme_id": "6852996636109573376", "aweme_title": "如果你正在或者打算减脂，那么我建议你一定要学会跳绳。", "aweme_url": "https://www.iesdouyin.com/share/video/6852996636109573376/?region=CN&mid=6852996653696273160&u_code=0&titleType=title", "download_url": "https://www.chanmama.com/awemeDetail/6852996636109573376", "digg_count": 1083, "digg_incr": 591, "aweme_create_time": 1595587620, "category": 8, "volume": 3, "amount": 0}, "author": {"author_id": "68784700078", "nickname": "娜娜教练", "follower_count": 436795}}, {"aweme": {"aweme_id": "6852876514363460871", "aweme_title": "为啥小明一听就是小孩，而小张小王一听就是大人，小李一听是司机，大黄小黄一听就是狗，而老王一听就是隔壁的💦", "aweme_url": "https://www.iesdouyin.com/share/video/6852876514363460871/?region=CN&mid=6844773311390418951&u_code=0&titleType=title", "download_url": "https://www.chanmama.com/awemeDetail/6852876514363460871", "digg_count": 1180, "digg_incr": 565, "aweme_create_time": 1595559653, "category": 8, "volume": 5, "amount": 149.5}, "author": {"author_id": "70253036418", "nickname": "@美丽的守候7@", "follower_count": 218524}}]}