{"data": [{"aweme": {"aweme_id": "6852872802903526669", "aweme_title": "生活不易 猛男叹气 #不知姓名的c", "aweme_url": "https://www.iesdouyin.com/share/video/6852872802903526669/?region=CN&mid=6852872817659480845&u_code=0&titleType=title", "download_url": "https://www.chanmama.com/awemeDetail/6852872802903526669", "digg_count": 43964, "digg_incr": 43964, "aweme_create_time": 1595558789, "category": 9, "volume": 821, "amount": 8127.900000000001}, "author": {"author_id": "62712742911", "nickname": "不知姓名的小c", "follower_count": 14229}}, {"aweme": {"aweme_id": "6852861702472551684", "aweme_title": "高弹力套装上市啦！胖瘦都好穿！正在直播👉👉👉👉", "aweme_url": "https://www.iesdouyin.com/share/video/6852861702472551684/?region=CN&mid=6852861719443032846&u_code=3eeklh34k567&titleType=title", "download_url": "https://www.chanmama.com/awemeDetail/6852861702472551684", "digg_count": 17602, "digg_incr": 17577, "aweme_create_time": 1595556210, "category": 9, "volume": 183, "amount": 10797}, "author": {"author_id": "3337770389478872", "nickname": "昕梓琳服饰", "follower_count": 495740}}, {"aweme": {"aweme_id": "6853009180853406976", "aweme_title": "创意钟表🕙家居设计｜正在直播中......", "aweme_url": "https://www.iesdouyin.com/share/video/6853009180853406976/?region=CN&mid=6752780038280006412&u_code=0&titleType=title", "download_url": "https://www.chanmama.com/awemeDetail/6853009180853406976", "digg_count": 7622, "digg_incr": 7443, "aweme_create_time": 1595590541, "category": 9, "volume": 0, "amount": 0}, "author": {"author_id": "67532844742", "nickname": "卫宇 ｜GM清沐装饰画", "follower_count": 458035}}, {"aweme": {"aweme_id": "6852860936944979214", "aweme_title": "这次出差，就是因为有它才睡的很舒服#出差旅行必备  @DOU+小助手", "aweme_url": "https://www.iesdouyin.com/share/video/6852860936944979214/?region=CN&mid=6852860938774121229&u_code=0&titleType=title", "download_url": "https://www.chanmama.com/awemeDetail/6852860936944979214", "digg_count": 7640, "digg_incr": 7335, "aweme_create_time": 1595556027, "category": 9, "volume": 0, "amount": 0}, "author": {"author_id": "105152955379", "nickname": "龙创尤品", "follower_count": 199940}}, {"aweme": {"aweme_id": "6852915534485409031", "aweme_title": "#老解放#回忆老解放#老解放卡车 是不是贪小便宜会吃大亏？", "aweme_url": "https://www.iesdouyin.com/share/video/6852915534485409031/?region=CN&mid=6852915561245264653&u_code=0&titleType=title", "download_url": "https://www.chanmama.com/awemeDetail/6852915534485409031", "digg_count": 5720, "digg_incr": 5717, "aweme_create_time": 1595568739, "category": 9, "volume": 22, "amount": 3036}, "author": {"author_id": "75596557399", "nickname": "姚姚工艺品", "follower_count": 215483}}, {"aweme": {"aweme_id": "6852934267018677517", "aweme_title": "昨天客人收到这款，果断回购2套！跟你们说如果还没用过这个，你们可能还不知道世界上会有这么软的四件套#纯棉", "aweme_url": "https://www.iesdouyin.com/share/video/6852934267018677517/?region=CN&mid=6848471318611299085&u_code=0&titleType=title", "download_url": "https://www.chanmama.com/awemeDetail/6852934267018677517", "digg_count": 5831, "digg_incr": 5715, "aweme_create_time": 1595573100, "category": 9, "volume": 0, "amount": 0}, "author": {"author_id": "52209852040", "nickname": "莱豫家纺", "follower_count": 136390}}, {"aweme": {"aweme_id": "6853041894230953229", "aweme_title": "插花艺术#东方插花 #每周一花 #花艺培训 #中式插花 #花器 #花道 #学插花 #茶席插花 @抖音小助手", "aweme_url": "https://www.iesdouyin.com/share/video/6853041894230953229/?region=CN&mid=6853041910882355975&u_code=0&titleType=title", "download_url": "https://www.chanmama.com/awemeDetail/6853041894230953229", "digg_count": 11079, "digg_incr": 5296, "aweme_create_time": 1595598158, "category": 9, "volume": 1, "amount": 0}, "author": {"author_id": "106425482206", "nickname": "东方自然风插花艺术培训", "follower_count": 836836}}, {"aweme": {"aweme_id": "6852886316477058308", "aweme_title": "#装修 #窗帘", "aweme_url": "https://www.iesdouyin.com/share/video/6852886316477058308/?region=CN&mid=6852886353680648973&u_code=0&titleType=title", "download_url": "https://www.chanmama.com/awemeDetail/6852886316477058308", "digg_count": 8993, "digg_incr": 5211, "aweme_create_time": 1595561939, "category": 9, "volume": 3, "amount": 177}, "author": {"author_id": "66849723921", "nickname": "🌵芮芮的花草世界☘️", "follower_count": 201345}}, {"aweme": {"aweme_id": "6852982509534203144", "aweme_title": "你是怎么喜欢上油纸伞的呢？#dou艺计划", "aweme_url": "https://www.iesdouyin.com/share/video/6852982509534203144/?region=CN&mid=6852982660241689352&u_code=0&titleType=title", "download_url": "https://www.chanmama.com/awemeDetail/6852982509534203144", "digg_count": 5018, "digg_incr": 4760, "aweme_create_time": 1595584332, "category": 9, "volume": 0, "amount": 0}, "author": {"author_id": "566985438793780", "nickname": "古伞大师（匠林风华）", "follower_count": 331898}}, {"aweme": {"aweme_id": "6852960190837378318", "aweme_title": "最美的串", "aweme_url": "https://www.iesdouyin.com/share/video/6852960190837378318/?region=CN&mid=6852960219971046151&u_code=0&titleType=title", "download_url": "https://www.chanmama.com/awemeDetail/6852960190837378318", "digg_count": 4458, "digg_incr": 4458, "aweme_create_time": 1595579136, "category": 9, "volume": 0, "amount": 0}, "author": {"author_id": "104628751140", "nickname": "琳琳 木艺", "follower_count": 338189}}, {"aweme": {"aweme_id": "6852983996712783115", "aweme_title": "假期别一直玩手机，这些手工安排上#手工", "aweme_url": "https://www.iesdouyin.com/share/video/6852983996712783115/?region=CN&mid=6852984047543995149&u_code=0&titleType=title", "download_url": "https://www.chanmama.com/awemeDetail/6852983996712783115", "digg_count": 4539, "digg_incr": 3588, "aweme_create_time": 1595584683, "category": 9, "volume": 5, "amount": 74}, "author": {"author_id": "215152023052359", "nickname": "少女心好物集", "follower_count": 486735}}, {"aweme": {"aweme_id": "6852934054505909516", "aweme_title": "家里床头不好看的，旧的套上这款床头罩，时尚又美观，清洗也方便#床头罩", "aweme_url": "https://www.iesdouyin.com/share/video/6852934054505909516/?region=CN&mid=6852934084186802951&u_code=0&titleType=title", "download_url": "https://www.chanmama.com/awemeDetail/6852934054505909516", "digg_count": 3446, "digg_incr": 3448, "aweme_create_time": 1595573056, "category": 9, "volume": 127, "amount": 5067.3}, "author": {"author_id": "23094256623", "nickname": "家家好物", "follower_count": 979315}}, {"aweme": {"aweme_id": "6853011425653263630", "aweme_title": "便宜好用的pu地垫，铺上后档次瞬间提升，家里有门的可以安排#地垫 #地垫门垫 #乘风破浪的好物", "aweme_url": "https://www.iesdouyin.com/share/video/6853011425653263630/?region=CN&mid=6845086828639291399&u_code=0&titleType=title", "download_url": "https://www.chanmama.com/awemeDetail/6853011425653263630", "digg_count": 6560, "digg_incr": 3135, "aweme_create_time": 1595591064, "category": 9, "volume": 55, "amount": 1100}, "author": {"author_id": "87442237104", "nickname": "丹姐居家好物", "follower_count": 166793}}, {"aweme": {"aweme_id": "6852850176629984519", "aweme_title": "废物利用，不一样的美。你觉得呢？#吸甲醛绿植 #水培绿萝 #热门 #手工", "aweme_url": "https://www.iesdouyin.com/share/video/6852850176629984519/?region=CN&mid=6852850180589423373&u_code=0&titleType=title", "download_url": "https://www.chanmama.com/awemeDetail/6852850176629984519", "digg_count": 3052, "digg_incr": 2867, "aweme_create_time": 1595553522, "category": 9, "volume": 0, "amount": 0}, "author": {"author_id": "108780671895", "nickname": "燕子养绿萝(分享家庭养花)", "follower_count": 434553}}, {"aweme": {"aweme_id": "6852948260907207936", "aweme_title": "蓝色妖姬，正在直播中#旗袍秀 #717抖音奇妙好物市集 #中国风 @DOU+小助手 @企业号小助手", "aweme_url": "https://www.iesdouyin.com/share/video/6852948260907207936/?region=CN&mid=6852948269056674568&u_code=0&titleType=title", "download_url": "https://www.chanmama.com/awemeDetail/6852948260907207936", "digg_count": 3989, "digg_incr": 2459, "aweme_create_time": 1595576358, "category": 9, "volume": 0, "amount": 0}, "author": {"author_id": "2194278472221059", "nickname": "苏州繁花壹号-恩裳旗袍服装店", "follower_count": 206681}}, {"aweme": {"aweme_id": "6852963255111945475", "aweme_title": "少抽几包烟，偶尔浪漫一下，给你的小公主准备个小惊喜 让她开心这不行吗", "aweme_url": "https://www.iesdouyin.com/share/video/6852963255111945475/?region=CN&mid=6671079110845942531&u_code=0&titleType=title", "download_url": "https://www.chanmama.com/awemeDetail/6852963255111945475", "digg_count": 7399, "digg_incr": 2353, "aweme_create_time": 1595579854, "category": 9, "volume": 0, "amount": 0}, "author": {"author_id": "188772227227080", "nickname": "关于林", "follower_count": 15931}}, {"aweme": {"aweme_id": "6852856201105968391", "aweme_title": "你们要的#猫和老鼠 来#大大的办公室 啦@大大资讯 @抖音小助手", "aweme_url": "https://www.iesdouyin.com/share/video/6852856201105968391/?region=CN&mid=6852856329259125512&u_code=0&titleType=title", "download_url": "https://www.chanmama.com/awemeDetail/6852856201105968391", "digg_count": 3502, "digg_incr": 2292, "aweme_create_time": 1595562355, "category": 9, "volume": 0, "amount": 0}, "author": {"author_id": "111227130308", "nickname": "大大的办公室", "follower_count": 167166}}, {"aweme": {"aweme_id": "6852852988499840270", "aweme_title": "阿姨们都惊讶了。#花卉绿植 @DOU+小助手 #直播", "aweme_url": "https://www.iesdouyin.com/share/video/6852852988499840270/?region=CN&mid=6852852986801179400&u_code=0&titleType=title", "download_url": "https://www.chanmama.com/awemeDetail/6852852988499840270", "digg_count": 2104, "digg_incr": 2108, "aweme_create_time": 1595554177, "category": 9, "volume": 0, "amount": 0}, "author": {"author_id": "58159091110", "nickname": "鲜绿仙（绿植花卉）", "follower_count": 125615}}, {"aweme": {"aweme_id": "6852990286570802439", "aweme_title": "月季扦插，很容易生根，方法用对即可！#扦插 #月季", "aweme_url": "https://www.iesdouyin.com/share/video/6852990286570802439/?region=CN&mid=6709266471953894151&u_code=0&titleType=title", "download_url": "https://www.chanmama.com/awemeDetail/6852990286570802439", "digg_count": 3733, "digg_incr": 1960, "aweme_create_time": 1595586143, "category": 9, "volume": 0, "amount": 0}, "author": {"author_id": "63224061180", "nickname": "养花匠小齐", "follower_count": 653752}}, {"aweme": {"aweme_id": "6852983336109886727", "aweme_title": "我敢说任何一个女孩子看到这个可可爱爱的东西都会顶不住 @抖音小助手", "aweme_url": "https://www.iesdouyin.com/share/video/6852983336109886727/?region=CN&mid=6852983434323741447&u_code=0&titleType=title", "download_url": "https://www.chanmama.com/awemeDetail/6852983336109886727", "digg_count": 2442, "digg_incr": 1955, "aweme_create_time": 1595584541, "category": 9, "volume": 0, "amount": 0}, "author": {"author_id": "96242969878", "nickname": "小奇文具控", "follower_count": 919107}}, {"aweme": {"aweme_id": "6852757435292126476", "aweme_title": "正在直播中…", "aweme_url": "https://www.iesdouyin.com/share/video/6852757435292126476/?region=CN&mid=6852757711638104839&u_code=0&titleType=title", "download_url": "https://www.chanmama.com/awemeDetail/6852757435292126476", "digg_count": 1922, "digg_incr": 1918, "aweme_create_time": 1595532037, "category": 9, "volume": 0, "amount": 0}, "author": {"author_id": "96880862176", "nickname": "艳子团购馆【早晨6点开播到中午12点", "follower_count": 152336}}, {"aweme": {"aweme_id": "6852815298446249229", "aweme_title": "厨房和厕所有难闻的气味，该怎么办，非常简单，放几盆蕨类植物吧@抖音小助手", "aweme_url": "https://www.iesdouyin.com/share/video/6852815298446249229/?region=CN&mid=6750604226939897858&u_code=0&titleType=title", "download_url": "https://www.chanmama.com/awemeDetail/6852815298446249229", "digg_count": 2042, "digg_incr": 1701, "aweme_create_time": 1595545406, "category": 9, "volume": 0, "amount": 0}, "author": {"author_id": "88721065061", "nickname": "舒舒种草记", "follower_count": 443575}}, {"aweme": {"aweme_id": "6852579898779913485", "aweme_title": "#vlog日常 晨间日记✨敷面膜 做早餐～ 开启一天的好心情✨", "aweme_url": "https://www.iesdouyin.com/share/video/6852579898779913485/?region=CN&mid=6852579943478840071&u_code=0&titleType=title", "download_url": "https://www.chanmama.com/awemeDetail/6852579898779913485", "digg_count": 2017, "digg_incr": 1618, "aweme_create_time": 1595578800, "category": 9, "volume": 1, "amount": 69.9}, "author": {"author_id": "910042239611470", "nickname": "Sulii_Sulii", "follower_count": 148559}}, {"aweme": {"aweme_id": "6852895455278304520", "aweme_title": "家里的电表箱太突兀也太丑了，赶紧给整个装饰画，现在又是风景又是画", "aweme_url": "https://www.iesdouyin.com/share/video/6852895455278304520/?region=CN&mid=6852895553500842766&u_code=0&titleType=title", "download_url": "https://www.chanmama.com/awemeDetail/6852895455278304520", "digg_count": 2555, "digg_incr": 1533, "aweme_create_time": 1595564086, "category": 9, "volume": 0, "amount": 0}, "author": {"author_id": "1200308495071054", "nickname": "拾 分", "follower_count": 203175}}, {"aweme": {"aweme_id": "6852955665342811399", "aweme_title": "4点新出炉的印花四件套，不是纯棉假一罚十，保证实惠又好用。", "aweme_url": "https://www.iesdouyin.com/share/video/6852955665342811399/?region=CN&mid=6847791012497083143&u_code=0&titleType=title", "download_url": "https://www.chanmama.com/awemeDetail/6852955665342811399", "digg_count": 1594, "digg_incr": 1519, "aweme_create_time": 1595578083, "category": 9, "volume": 0, "amount": 0}, "author": {"author_id": "77104691442", "nickname": "南通美宁家纺", "follower_count": 299368}}, {"aweme": {"aweme_id": "6852981816031284493", "aweme_title": "好久没有和@曲歌music 合体演出啦，明晚7点半来@爱乐汇轻音乐团 看我们呀 #starsky", "aweme_url": "https://www.iesdouyin.com/share/video/6852981816031284493/?region=CN&mid=6852981846284733197&u_code=0&titleType=title", "download_url": "https://www.chanmama.com/awemeDetail/6852981816031284493", "digg_count": 1924, "digg_incr": 1453, "aweme_create_time": 1595584171, "category": 9, "volume": 0, "amount": 0}, "author": {"author_id": "99771487446", "nickname": "谷丽莎violinist", "follower_count": 100646}}, {"aweme": {"aweme_id": "6853007215251557644", "aweme_title": "来吧！手艺人正在#直播 团扇亏秒79米起，来捡哈！最后一天🤔", "aweme_url": "https://www.iesdouyin.com/share/video/6853007215251557644/?region=CN&mid=6845595648151112456&u_code=0&titleType=title", "download_url": "https://www.chanmama.com/awemeDetail/6853007215251557644", "digg_count": 4246, "digg_incr": 1359, "aweme_create_time": 1595590088, "category": 9, "volume": 5, "amount": 395}, "author": {"author_id": "93368813663", "nickname": "绪儿绣裳花*苏绣缂丝", "follower_count": 364834}}, {"aweme": {"aweme_id": "6852945381618208013", "aweme_title": "嘻嘻😬今天给大家看看我新买的发光湖人拖鞋！你们觉得有我好看嘛#湖人总冠军 #詹姆斯#科比#nba#篮球#直播", "aweme_url": "https://www.iesdouyin.com/share/video/6852945381618208013/?region=CN&mid=6745426326595160839&u_code=0&titleType=title", "download_url": "https://www.chanmama.com/awemeDetail/6852945381618208013", "digg_count": 1490, "digg_incr": 1343, "aweme_create_time": 1595575688, "category": 9, "volume": 20, "amount": 580}, "author": {"author_id": "3315730416405357", "nickname": "赤木晴子", "follower_count": 302315}}, {"aweme": {"aweme_id": "6852886959350762767", "aweme_title": "无论是做什么，我觉得把自己的东西做到最好肯定是没错的。#民俗守艺人", "aweme_url": "https://www.iesdouyin.com/share/video/6852886959350762767/?region=CN&mid=6852886987948165896&u_code=0&titleType=title", "download_url": "https://www.chanmama.com/awemeDetail/6852886959350762767", "digg_count": 1450, "digg_incr": 1326, "aweme_create_time": 1595562084, "category": 9, "volume": 0, "amount": 0}, "author": {"author_id": "106173531292", "nickname": "闻叔的伞", "follower_count": 858615}}, {"aweme": {"aweme_id": "6852892603285851405", "aweme_title": "它的名字叫十里桃花，你稀饭吗？#兰花", "aweme_url": "https://www.iesdouyin.com/share/video/6852892603285851405/?region=CN&mid=6852892710857083655&u_code=0&titleType=title", "download_url": "https://www.chanmama.com/awemeDetail/6852892603285851405", "digg_count": 2075, "digg_incr": 1309, "aweme_create_time": 1595563420, "category": 9, "volume": 0, "amount": 0}, "author": {"author_id": "575779451184524", "nickname": "江州广云", "follower_count": 468622}}, {"aweme": {"aweme_id": "6852823603780553992", "aweme_title": "你尽号努力，总有些美丽，不顾寒冬酷暑，与你相遇。#养花 #种花 #花园 #庭院 #", "aweme_url": "https://www.iesdouyin.com/share/video/6852823603780553992/?region=CN&mid=6626390800596994824&u_code=0&titleType=title", "download_url": "https://www.chanmama.com/awemeDetail/6852823603780553992", "digg_count": 1356, "digg_incr": 1246, "aweme_create_time": 1595547338, "category": 9, "volume": 0, "amount": 0}, "author": {"author_id": "70820380906", "nickname": "沐子哥的庭院", "follower_count": 233174}}, {"aweme": {"aweme_id": "6852989447194168591", "aweme_title": "#绿陇福利 磷酸二氢钾和葡萄糖促进农作物植株健壮，抗病能力强，果实膨大增甜增色。#果实 @抖音小助手 #三农", "aweme_url": "https://www.iesdouyin.com/share/video/6852989447194168591/?region=CN&mid=6852989458192239367&u_code=0&titleType=title", "download_url": "https://www.chanmama.com/awemeDetail/6852989447194168591", "digg_count": 1421, "digg_incr": 1191, "aweme_create_time": 1595585947, "category": 9, "volume": 1, "amount": 50}, "author": {"author_id": "100455702664", "nickname": "绿陇农业课堂", "follower_count": 521598}}, {"aweme": {"aweme_id": "6852903985427369220", "aweme_title": "@小当家日用品发了一个抖音短视频，你尽管点开，不好看算我输！", "aweme_url": "https://www.iesdouyin.com/share/video/6852903985427369220/?region=CN&mid=6852904294597954312&u_code=0&titleType=", "download_url": "https://www.chanmama.com/awemeDetail/6852903985427369220", "digg_count": 1220, "digg_incr": 1180, "aweme_create_time": 1595566095, "category": 9, "volume": 0, "amount": 0}, "author": {"author_id": "4503680845847950", "nickname": "小当家日用品", "follower_count": 878721}}, {"aweme": {"aweme_id": "6852868158408199439", "aweme_title": "高逼格的园艺工具，气场，颜值，做工没的说，买来都舍不得用#园艺 #园艺工具 #养花", "aweme_url": "https://www.iesdouyin.com/share/video/6852868158408199439/?region=CN&mid=6852868168105478920&u_code=0&titleType=title", "download_url": "https://www.chanmama.com/awemeDetail/6852868158408199439", "digg_count": 1064, "digg_incr": 1064, "aweme_create_time": 1595557707, "category": 9, "volume": 29, "amount": 3712}, "author": {"author_id": "97713144206", "nickname": "素野君露台园艺", "follower_count": 545918}}, {"aweme": {"aweme_id": "6852909394473127183", "aweme_title": "这种巨大的蒲公英，园艺叫它超级蒲公英，学名叫婆罗门参，和蒲公英还算是近亲，都是菊科的，常见花色有黄、紫红2种", "aweme_url": "https://www.iesdouyin.com/share/video/6852909394473127183/?region=CN&mid=6852909623805086478&u_code=0&titleType=title", "download_url": "https://www.chanmama.com/awemeDetail/6852909394473127183", "digg_count": 1278, "digg_incr": 1044, "aweme_create_time": 1595567307, "category": 9, "volume": 9, "amount": 130.41}, "author": {"author_id": "74428989721", "nickname": "书香庭院的玉痕", "follower_count": 966984}}, {"aweme": {"aweme_id": "6852916027731348751", "aweme_title": "作为女人，要么丽质，要么励志，若你前半生过的一塌糊涂，后半生一定要重新洗牌找回自我", "aweme_url": "https://www.iesdouyin.com/share/video/6852916027731348751/?region=CN&mid=6815709850626984718&u_code=0&titleType=title", "download_url": "https://www.chanmama.com/awemeDetail/6852916027731348751", "digg_count": 1163, "digg_incr": 1007, "aweme_create_time": 1595568852, "category": 9, "volume": 0, "amount": 0}, "author": {"author_id": "82328854290", "nickname": "月亮", "follower_count": 264900}}, {"aweme": {"aweme_id": "6852996522062204167", "aweme_title": "开箱三角梅，花碎了一地！", "aweme_url": "https://www.iesdouyin.com/share/video/6852996522062204167/?region=CN&mid=6852996611992193799&u_code=0&titleType=title", "download_url": "https://www.chanmama.com/awemeDetail/6852996522062204167", "digg_count": 3849, "digg_incr": 933, "aweme_create_time": 1595587611, "category": 9, "volume": 0, "amount": 0}, "author": {"author_id": "53455047756", "nickname": "朝阳君的花园", "follower_count": 852762}}, {"aweme": {"aweme_id": "6853063282354392334", "aweme_title": "有了这款可以折叠的蚊帐，无论在家还是室外睡觉，再也不怕被蚊子咬了，收起来也特别方便", "aweme_url": "https://www.iesdouyin.com/share/video/6853063282354392334/?region=CN&mid=6853063647767235332&u_code=0&titleType=title", "download_url": "https://www.chanmama.com/awemeDetail/6853063282354392334", "digg_count": 1868, "digg_incr": 900, "aweme_create_time": 1595603195, "category": 9, "volume": 0, "amount": 0}, "author": {"author_id": "4503695958276862", "nickname": "美食教程达人", "follower_count": 795490}}, {"aweme": {"aweme_id": "6852970414658866446", "aweme_title": "奶奶的生活就是这样一针一线中渡过，不管将来机绣是否能取代手工，我们都会继续坚持手绣#奶奶 #靠枕 #苏绣", "aweme_url": "https://www.iesdouyin.com/share/video/6852970414658866446/?region=CN&mid=6852970427725220621&u_code=0&titleType=title", "download_url": "https://www.chanmama.com/awemeDetail/6852970414658866446", "digg_count": 1105, "digg_incr": 848, "aweme_create_time": 1595581516, "category": 9, "volume": 30, "amount": 11970}, "author": {"author_id": "104018084342", "nickname": "刺绣技艺大师（奇人匠心）", "follower_count": 404995}}, {"aweme": {"aweme_id": "6852980707585740039", "aweme_title": "奇葩#文玩 年年有，今年特别多。", "aweme_url": "https://www.iesdouyin.com/share/video/6852980707585740039/?region=CN&mid=6852980739378547470&u_code=0&titleType=title", "download_url": "https://www.chanmama.com/awemeDetail/6852980707585740039", "digg_count": 1213, "digg_incr": 821, "aweme_create_time": 1595583913, "category": 9, "volume": 11, "amount": 437.79999999999995}, "author": {"author_id": "73395766075", "nickname": "小撸聊文玩", "follower_count": 332115}}, {"aweme": {"aweme_id": "6852969495619718404", "aweme_title": "#陈舞承原创编舞 《风筝误》💃大家最喜欢的这段吗?😄#陈舞承 #风筝误舞蹈 关注➕点赞吧❤️谢谢😝", "aweme_url": "https://www.iesdouyin.com/share/video/6852969495619718404/?region=CN&mid=6847333028000566023&u_code=0&titleType=title", "download_url": "https://www.chanmama.com/awemeDetail/6852969495619718404", "digg_count": 1301, "digg_incr": 736, "aweme_create_time": 1595581307, "category": 9, "volume": 0, "amount": 0}, "author": {"author_id": "53126664209", "nickname": "Chan^💃^承子哥", "follower_count": 317188}}, {"aweme": {"aweme_id": "6852987265166232844", "aweme_title": "独学自娱#草书千字文", "aweme_url": "https://www.iesdouyin.com/share/video/6852987265166232844/?region=CN&mid=6852959841514720008&u_code=0&titleType=title", "download_url": "https://www.chanmama.com/awemeDetail/6852987265166232844", "digg_count": 1131, "digg_incr": 621, "aweme_create_time": 1595585444, "category": 9, "volume": 0, "amount": 0}, "author": {"author_id": "61608277888", "nickname": "不言先生", "follower_count": 137492}}, {"aweme": {"aweme_id": "6852957745587473671", "aweme_title": "不要以为硬装结束就完工了，轻装修重装饰，在软装这条路上从未停止过，带抽纸功能的大象边几可爱又吉祥，安排。", "aweme_url": "https://www.iesdouyin.com/share/video/6852957745587473671/?region=CN&mid=6852957795927526157&u_code=0&titleType=title", "download_url": "https://www.chanmama.com/awemeDetail/6852957745587473671", "digg_count": 1088, "digg_incr": 218, "aweme_create_time": 1595578575, "category": 9, "volume": 0, "amount": 0}, "author": {"author_id": "60281970286", "nickname": "一只美兔兔🧸ྀི", "follower_count": 118712}}]}