{"data": [{"aweme": {"aweme_id": "6851903086458440974", "aweme_title": "#猫 #我是菠小萝 @雪落倾城 《你是想我吗》看透不说透，少挨一顿揍😏⭐🧚🏻‍♀️", "aweme_url": "https://www.iesdouyin.com/share/video/6851903086458440974/?region=CN&mid=6851903103042997006&u_code=0&titleType=title", "download_url": "https://www.chanmama.com/awemeDetail/6851903086458440974", "digg_count": 32568, "digg_incr": 30215, "aweme_create_time": 1595333009, "category": 10, "volume": 9, "amount": 342}, "author": {"author_id": "80950998334", "nickname": "我是菠小萝", "follower_count": 500847}}, {"aweme": {"aweme_id": "6851768738673413391", "aweme_title": "把小妹愁坏了，双击支持下让更多的人吃到咱家的白鳞鱼吧，从老辈都在吃的一款咸鱼，感谢官方", "aweme_url": "https://www.iesdouyin.com/share/video/6851768738673413391/?region=CN&mid=6851769045859961613&u_code=13h2b40ld9m7&titleType=title", "download_url": "https://www.chanmama.com/awemeDetail/6851768738673413391", "digg_count": 14202, "digg_incr": 14157, "aweme_create_time": 1595301744, "category": 10, "volume": 1, "amount": 70}, "author": {"author_id": "892440460133256", "nickname": "王菲海产源头", "follower_count": 38555}}, {"aweme": {"aweme_id": "6851908603381632267", "aweme_title": "#老疯杨流浪动物救助中心 #老疯杨 啊啊啊啊啊啊啊啊吓死爷了", "aweme_url": "https://www.iesdouyin.com/share/video/6851908603381632267/?region=CN&mid=6851908734403578631&u_code=0&titleType=title", "download_url": "https://www.chanmama.com/awemeDetail/6851908603381632267", "digg_count": 11356, "digg_incr": 10282, "aweme_create_time": 1595334298, "category": 10, "volume": 6, "amount": 138}, "author": {"author_id": "110250347537", "nickname": "老疯杨", "follower_count": 837048}}, {"aweme": {"aweme_id": "6851840081431497992", "aweme_title": "别嫌它小，只要会玩的小猫都不会拒绝的，xing价比还这么高！#717抖音奇妙好物市集 #直播带货", "aweme_url": "https://www.iesdouyin.com/share/video/6851840081431497992/?region=CN&mid=6851840103703169800&u_code=379jm8h3l53m&titleType=title", "download_url": "https://www.chanmama.com/awemeDetail/6851840081431497992", "digg_count": 10020, "digg_incr": 8503, "aweme_create_time": 1595318341, "category": 10, "volume": 836, "amount": 12122}, "author": {"author_id": "1006783811041020", "nickname": "新宠", "follower_count": 52575}}, {"aweme": {"aweme_id": "6851856867505786120", "aweme_title": "动不动就要看它脸色，太难了😂#金毛大面包", "aweme_url": "https://www.iesdouyin.com/share/video/6851856867505786120/?region=CN&mid=6851856884304366343&u_code=13h2b40ld9m7&titleType=title", "download_url": "https://www.chanmama.com/awemeDetail/6851856867505786120", "digg_count": 8922, "digg_incr": 5736, "aweme_create_time": 1595322249, "category": 10, "volume": 1, "amount": 9.9}, "author": {"author_id": "3575248140899731", "nickname": "高度", "follower_count": 72409}}, {"aweme": {"aweme_id": "6851754069170588928", "aweme_title": "#萌宠嗨玩季 #生骨肉 差点挑食，幸好我有办法😃@我要上热门 @抖音小助手", "aweme_url": "https://www.iesdouyin.com/share/video/6851754069170588928/?region=CN&mid=6851754087931841293&u_code=0&titleType=title", "download_url": "https://www.chanmama.com/awemeDetail/6851754069170588928", "digg_count": 6689, "digg_incr": 5283, "aweme_create_time": 1595298314, "category": 10, "volume": 1, "amount": 268}, "author": {"author_id": "60702153842", "nickname": "棒棒的飕小伽", "follower_count": 744299}}, {"aweme": {"aweme_id": "6851778945637977344", "aweme_title": "出门玩嘛 总是带着着一丝紧张和好奇的@DOU+小助手 #萌宠嗨玩季 #每一天都值得 #今天的小美好", "aweme_url": "https://www.iesdouyin.com/share/video/6851778945637977344/?region=CN&mid=6847811619255585549&u_code=0&titleType=title", "download_url": "https://www.chanmama.com/awemeDetail/6851778945637977344", "digg_count": 21586, "digg_incr": 5148, "aweme_create_time": 1595304106, "category": 10, "volume": 22, "amount": 1738}, "author": {"author_id": "96046408203", "nickname": "凯撒和妮娜的麻麻", "follower_count": 853890}}, {"aweme": {"aweme_id": "6851901415514836232", "aweme_title": "生在海边，长在海边，希望把最新鲜最实惠的海鲜分享给喜欢吃海鲜的您！谢谢支持 正在直播 欢迎加入👏", "aweme_url": "https://www.iesdouyin.com/share/video/6851901415514836232/?region=CN&mid=6851901450155543304&u_code=27l4hkd95f9c&titleType=title", "download_url": "https://www.chanmama.com/awemeDetail/6851901415514836232", "digg_count": 4045, "digg_incr": 3703, "aweme_create_time": 1595332620, "category": 10, "volume": 2, "amount": 198}, "author": {"author_id": "3302585972296535", "nickname": "荣姐海产品", "follower_count": 97791}}, {"aweme": {"aweme_id": "6851780302340099343", "aweme_title": "山间引微凉，悠悠夏日长，把房车开到一个依山傍水的地方，过上几天向往的生活", "aweme_url": "https://www.iesdouyin.com/share/video/6851780302340099343/?region=CN&mid=6321544277230881538&u_code=0&titleType=title", "download_url": "https://www.chanmama.com/awemeDetail/6851780302340099343", "digg_count": 3373, "digg_incr": 3149, "aweme_create_time": 1595305614, "category": 10, "volume": 2, "amount": 78}, "author": {"author_id": "65756767299", "nickname": "肥皂的日记", "follower_count": 626737}}, {"aweme": {"aweme_id": "6851897021884796160", "aweme_title": "你们身边有这样的人吗？￼#农村生活农村事", "aweme_url": "https://www.iesdouyin.com/share/video/6851897021884796160/?region=CN&mid=6851897053308603149&u_code=1j0gg92c5cf9&titleType=title", "download_url": "https://www.chanmama.com/awemeDetail/6851897021884796160", "digg_count": 3822, "digg_incr": 2820, "aweme_create_time": 1595331596, "category": 10, "volume": 1, "amount": 158}, "author": {"author_id": "92557981559", "nickname": "乡下村姑", "follower_count": 87128}}, {"aweme": {"aweme_id": "6851879961171660035", "aweme_title": "原来狗狗也也会嫌弃自己埋汰，哈哈！洁癖的呼呼#萌宠成精了", "aweme_url": "https://www.iesdouyin.com/share/video/6851879961171660035/?region=CN&mid=6851880127190960904&u_code=0&titleType=title", "download_url": "https://www.chanmama.com/awemeDetail/6851879961171660035", "digg_count": 3228, "digg_incr": 2479, "aweme_create_time": 1595327631, "category": 10, "volume": 1, "amount": 89}, "author": {"author_id": "58612419309", "nickname": "💠呼呼小话唠💠", "follower_count": 359428}}, {"aweme": {"aweme_id": "6851716378731253007", "aweme_title": "#风尚新农人 这种萝卜被称为“赛鸭梨”，因为太好吃了，清、脆、甜，快该种了哦，准备好种子吧！", "aweme_url": "https://www.iesdouyin.com/share/video/6851716378731253007/?region=CN&mid=6851716314805979911&u_code=0&titleType=title", "download_url": "https://www.chanmama.com/awemeDetail/6851716378731253007", "digg_count": 3077, "digg_incr": 2339, "aweme_create_time": 1595289541, "category": 10, "volume": 86, "amount": 326.8}, "author": {"author_id": "96158295221", "nickname": "我爱种菜", "follower_count": 854370}}, {"aweme": {"aweme_id": "6851917220935732494", "aweme_title": "躺在猫抓板上看风景", "aweme_url": "https://www.iesdouyin.com/share/video/6851917220935732494/?region=CN&mid=6805907571627559694&u_code=0&titleType=title", "download_url": "https://www.chanmama.com/awemeDetail/6851917220935732494", "digg_count": 3693, "digg_incr": 2208, "aweme_create_time": 1595336300, "category": 10, "volume": 6, "amount": 173.39999999999998}, "author": {"author_id": "78474045378", "nickname": "一颗奶团子", "follower_count": 120877}}, {"aweme": {"aweme_id": "6851799965426142475", "aweme_title": "#我要上热门 #夏日生活好物节 #717奇妙好物在这里 大浴巾来了，你来不来？", "aweme_url": "https://www.iesdouyin.com/share/video/6851799965426142475/?region=CN&mid=6851799989765671688&u_code=2g9cfffeefe2&titleType=title", "download_url": "https://www.chanmama.com/awemeDetail/6851799965426142475", "digg_count": 2112, "digg_incr": 2061, "aweme_create_time": 1595309008, "category": 10, "volume": 20, "amount": 198}, "author": {"author_id": "102720974314", "nickname": "义乌市宏涛日用百货商行", "follower_count": 5419}}, {"aweme": {"aweme_id": "6851891560146078983", "aweme_title": "同款来了！#猫 #可爱 #猫砂", "aweme_url": "https://www.iesdouyin.com/share/video/6851891560146078983/?region=CN&mid=6851891568819931918&u_code=0&titleType=title", "download_url": "https://www.chanmama.com/awemeDetail/6851891560146078983", "digg_count": 2318, "digg_incr": 1835, "aweme_create_time": 1595330325, "category": 10, "volume": 51, "amount": 861.9}, "author": {"author_id": "8966307996", "nickname": "唐伯虎是只猫", "follower_count": 220714}}, {"aweme": {"aweme_id": "6851867987373296911", "aweme_title": "天天下雨🌧️再加上狗子的味道，也只有除臭剂能解决了吧😭#宠物消毒小妙招", "aweme_url": "https://www.iesdouyin.com/share/video/6851867987373296911/?region=CN&mid=6851868014074579719&u_code=2akd6hi9aal7&titleType=title", "download_url": "https://www.chanmama.com/awemeDetail/6851867987373296911", "digg_count": 1880, "digg_incr": 1831, "aweme_create_time": 1595324837, "category": 10, "volume": 10, "amount": 299}, "author": {"author_id": "68613905980", "nickname": "龚朵朵宠物零食", "follower_count": 41354}}, {"aweme": {"aweme_id": "6851737290067283200", "aweme_title": "现在学会藏东西了", "aweme_url": "https://www.iesdouyin.com/share/video/6851737290067283200/?region=CN&mid=6779041629702457346&u_code=0&titleType=title", "download_url": "https://www.chanmama.com/awemeDetail/6851737290067283200", "digg_count": 3094, "digg_incr": 1735, "aweme_create_time": 1595294408, "category": 10, "volume": 4, "amount": 192}, "author": {"author_id": "54944508515", "nickname": "蓝猫多宝", "follower_count": 238888}}, {"aweme": {"aweme_id": "6851835622521310478", "aweme_title": "扦插选土最重要，用我们这种营养土扦插成活率基本达到百分百成活#扦插 #茉莉花 #营养土", "aweme_url": "https://www.iesdouyin.com/share/video/6851835622521310478/?region=CN&mid=6851835651407940360&u_code=0&titleType=title", "download_url": "https://www.chanmama.com/awemeDetail/6851835622521310478", "digg_count": 2289, "digg_incr": 1685, "aweme_create_time": 1595317302, "category": 10, "volume": 5, "amount": 80}, "author": {"author_id": "108780671895", "nickname": "燕子养绿萝(分享家庭养花)", "follower_count": 434373}}, {"aweme": {"aweme_id": "6851876442255478029", "aweme_title": "我不应该养猫，我应该去养猪.... #猫咪 #吃播 #小奶猫", "aweme_url": "https://www.iesdouyin.com/share/video/6851876442255478029/?region=CN&mid=6851876557275826952&u_code=0&titleType=title", "download_url": "https://www.chanmama.com/awemeDetail/6851876442255478029", "digg_count": 2039, "digg_incr": 1550, "aweme_create_time": 1595326822, "category": 10, "volume": 12, "amount": 240}, "author": {"author_id": "12805067775240", "nickname": "铲屎官与便利店", "follower_count": 304348}}, {"aweme": {"aweme_id": "6851900343513533703", "aweme_title": "请自行对号入座#恶霸犬 #女生真的很奇怪", "aweme_url": "https://www.iesdouyin.com/share/video/6851900343513533703/?region=CN&mid=6851900346952911624&u_code=2hfje4eh9del&titleType=title", "download_url": "https://www.chanmama.com/awemeDetail/6851900343513533703", "digg_count": 1733, "digg_incr": 1493, "aweme_create_time": 1595332370, "category": 10, "volume": 0, "amount": 0}, "author": {"author_id": "82660612628", "nickname": "朵拉妹妹&汉堡哥哥", "follower_count": 53484}}, {"aweme": {"aweme_id": "6851731891058478344", "aweme_title": "食物绝对小乔的底线😂不能触碰#布偶猫", "aweme_url": "https://www.iesdouyin.com/share/video/6851731891058478344/?region=CN&mid=6573901195256007428&u_code=jlj3h5hh617&titleType=title", "download_url": "https://www.chanmama.com/awemeDetail/6851731891058478344", "digg_count": 1664, "digg_incr": 1454, "aweme_create_time": 1595293151, "category": 10, "volume": 21, "amount": 627.9}, "author": {"author_id": "73010310965", "nickname": "有只猫叫大乔", "follower_count": 54756}}, {"aweme": {"aweme_id": "6851942286830374152", "aweme_title": "#关爱流浪狗 #救助流浪狗", "aweme_url": "https://www.iesdouyin.com/share/video/6851942286830374152/?region=CN&mid=6749753061742217991&u_code=0&titleType=title", "download_url": "https://www.chanmama.com/awemeDetail/6851942286830374152", "digg_count": 2390, "digg_incr": 1410, "aweme_create_time": 1595342136, "category": 10, "volume": 1, "amount": 48}, "author": {"author_id": "1772056612707069", "nickname": "四百毛孩子一个妈", "follower_count": 112741}}, {"aweme": {"aweme_id": "6851872958034595080", "aweme_title": "也不知道怀没怀上，先安排一个月的磨牙棒，求你别再瞎蹦跶了 #吴所谓的孕期生活", "aweme_url": "https://www.iesdouyin.com/share/video/6851872958034595080/?region=CN&mid=6851872978578311944&u_code=2g9cfffeefe2&titleType=title", "download_url": "https://www.chanmama.com/awemeDetail/6851872958034595080", "digg_count": 1711, "digg_incr": 1399, "aweme_create_time": 1595325995, "category": 10, "volume": 6, "amount": 359.4}, "author": {"author_id": "101497505121", "nickname": "佛系短腿吴所谓", "follower_count": 66676}}, {"aweme": {"aweme_id": "6851717860486663438", "aweme_title": "新款太平猴魁一箱一斤，进来的老板能不能帮我点点红心♥️我安排一盒给你尝尝", "aweme_url": "https://www.iesdouyin.com/share/video/6851717860486663438/?region=CN&mid=6794740099835284232&u_code=27l4hkd95f9c&titleType=title", "download_url": "https://www.chanmama.com/awemeDetail/6851717860486663438", "digg_count": 1308, "digg_incr": 1303, "aweme_create_time": 1595289887, "category": 10, "volume": 0, "amount": 0}, "author": {"author_id": "3469676747691571", "nickname": "安溪感德才波茶庄", "follower_count": 40679}}, {"aweme": {"aweme_id": "6851724244330597632", "aweme_title": "王子从来没吃过蛋糕，第一口下去懵了，品过味来开始要着吃，感谢家人们一直和我一起爱福宝，爱所有毛孩子们", "aweme_url": "https://www.iesdouyin.com/share/video/6851724244330597632/?region=CN&mid=6743211942221122312&u_code=33dm3j14f1kb&titleType=title", "download_url": "https://www.chanmama.com/awemeDetail/6851724244330597632", "digg_count": 1563, "digg_incr": 1233, "aweme_create_time": 1595291372, "category": 10, "volume": 9, "amount": 152.1}, "author": {"author_id": "93223106298", "nickname": "晓晓（福宝小院）", "follower_count": 61310}}, {"aweme": {"aweme_id": "6851936228133145859", "aweme_title": "以后就叫她翠花吧，收养一年半了，今天被麻麻打扮的最漂亮👍🏻！晚上回去屁儿打肿！#将收养负责到底", "aweme_url": "https://www.iesdouyin.com/share/video/6851936228133145859/?region=CN&mid=6851936255039949581&u_code=0&titleType=title", "download_url": "https://www.chanmama.com/awemeDetail/6851936228133145859", "digg_count": 1611, "digg_incr": 1220, "aweme_create_time": 1595340731, "category": 10, "volume": 0, "amount": 0}, "author": {"author_id": "65559770169607", "nickname": "铲屎小哥", "follower_count": 77936}}, {"aweme": {"aweme_id": "6851643654944214287", "aweme_title": "明曦救助的流浪小比熊#流浪狗", "aweme_url": "https://www.iesdouyin.com/share/video/6851643654944214287/?region=CN&mid=6836290586564250375&u_code=392lcgmlb7i7&titleType=title", "download_url": "https://www.chanmama.com/awemeDetail/6851643654944214287", "digg_count": 1347, "digg_incr": 1200, "aweme_create_time": 1595272631, "category": 10, "volume": 0, "amount": 0}, "author": {"author_id": "96889621398", "nickname": "文山明曦流浪动物", "follower_count": 11076}}, {"aweme": {"aweme_id": "6851601921770409231", "aweme_title": "“任何人都不能限制你想做的事情”比如我现在想秀肌肉#健身模特 #秀肌肉 #肌肉男神", "aweme_url": "https://www.iesdouyin.com/share/video/6851601921770409231/?region=CN&mid=6851601883660929799&u_code=31186i4kmg41&titleType=title", "download_url": "https://www.chanmama.com/awemeDetail/6851601921770409231", "digg_count": 1572, "digg_incr": 1152, "aweme_create_time": 1595262897, "category": 10, "volume": 2, "amount": 718}, "author": {"author_id": "63212235215", "nickname": "TtaoZz", "follower_count": 65602}}, {"aweme": {"aweme_id": "6851888219689143566", "aweme_title": "小时候为了偷几个阳荷姜   费了我不少心思😅", "aweme_url": "https://www.iesdouyin.com/share/video/6851888219689143566/?region=CN&mid=6820675121183721486&u_code=0&titleType=title", "download_url": "https://www.chanmama.com/awemeDetail/6851888219689143566", "digg_count": 1492, "digg_incr": 1141, "aweme_create_time": 1595329555, "category": 10, "volume": 1, "amount": 42}, "author": {"author_id": "107979551892", "nickname": "芗村生活", "follower_count": 155439}}, {"aweme": {"aweme_id": "6851723879937854732", "aweme_title": "上面购物车 你们要的🤩订单已满 明年新款 检查作业啦 一会开直播我看谁跳不出来🤣🤣🤣", "aweme_url": "https://www.iesdouyin.com/share/video/6851723879937854732/?region=CN&mid=6587610211454814989&u_code=392lcgmlb7i7&titleType=title", "download_url": "https://www.chanmama.com/awemeDetail/6851723879937854732", "digg_count": 1227, "digg_incr": 1111, "aweme_create_time": 1595291296, "category": 10, "volume": 0, "amount": 0}, "author": {"author_id": "81492317014", "nickname": "潘人美", "follower_count": 442147}}, {"aweme": {"aweme_id": "6851756601372609806", "aweme_title": "#敦妈的歌声 是魔咒😭#铲屎官和他的主人 #迷惑行为大赏", "aweme_url": "https://www.iesdouyin.com/share/video/6851756601372609806/?region=CN&mid=6803631582696491789&u_code=e9jhj6ecge5&titleType=title", "download_url": "https://www.chanmama.com/awemeDetail/6851756601372609806", "digg_count": 1148, "digg_incr": 1086, "aweme_create_time": 1595298904, "category": 10, "volume": 83, "amount": 1145.4}, "author": {"author_id": "76733949210", "nickname": "豆包弟弟", "follower_count": 46064}}, {"aweme": {"aweme_id": "6851716739760180480", "aweme_title": "凤梨萝卜，真的是又脆又甜，种植时间华北地区8月20号以后种植，华中9月中下旬，华南10月底.#种植 #种菜", "aweme_url": "https://www.iesdouyin.com/share/video/6851716739760180480/?region=CN&mid=6688471422890674955&u_code=0&titleType=title", "download_url": "https://www.chanmama.com/awemeDetail/6851716739760180480", "digg_count": 1403, "digg_incr": 1074, "aweme_create_time": 1595289625, "category": 10, "volume": 13, "amount": 23.400000000000002}, "author": {"author_id": "99314614056", "nickname": "田园晓月", "follower_count": 935947}}, {"aweme": {"aweme_id": "6851760620744822016", "aweme_title": "😄😄😄鸡吓得半死", "aweme_url": "https://www.iesdouyin.com/share/video/6851760620744822016/?region=CN&mid=6851760634929974030&u_code=2kf531i7iek5&titleType=title", "download_url": "https://www.chanmama.com/awemeDetail/6851760620744822016", "digg_count": 1123, "digg_incr": 992, "aweme_create_time": 1595299839, "category": 10, "volume": 2, "amount": 258}, "author": {"author_id": "67316538998", "nickname": "拉布拉多旺财呀", "follower_count": 73366}}, {"aweme": {"aweme_id": "6851785258736618752", "aweme_title": "小成睡觉的时候不打呼，但是这家伙要翻白眼。还要抱着他已经划线的小兔几才能安稳。唉#萌宠", "aweme_url": "https://www.iesdouyin.com/share/video/6851785258736618752/?region=CN&mid=6841754036929153800&u_code=3la461jgflmb&titleType=title", "download_url": "https://www.chanmama.com/awemeDetail/6851785258736618752", "digg_count": 1092, "digg_incr": 941, "aweme_create_time": 1595305576, "category": 10, "volume": 0, "amount": 0}, "author": {"author_id": "57530584124", "nickname": "成都有只chengdu", "follower_count": 67671}}, {"aweme": {"aweme_id": "6851783497313438989", "aweme_title": "田姐的救助观您赞同吗？", "aweme_url": "https://www.iesdouyin.com/share/video/6851783497313438989/?region=CN&mid=6851783506033429262&u_code=0&titleType=title", "download_url": "https://www.chanmama.com/awemeDetail/6851783497313438989", "digg_count": 1308, "digg_incr": 932, "aweme_create_time": 1595305166, "category": 10, "volume": 9, "amount": 432}, "author": {"author_id": "1772056612707069", "nickname": "四百毛孩子一个妈", "follower_count": 112741}}, {"aweme": {"aweme_id": "6851758437156605188", "aweme_title": "养猫你会发现，不是他疯了，就是我疯了🙂#猫砂测评 #好物推荐 #猫 #铲屎官和他的主人", "aweme_url": "https://www.iesdouyin.com/share/video/6851758437156605188/?region=CN&mid=6851758468093774606&u_code=0&titleType=title", "download_url": "https://www.chanmama.com/awemeDetail/6851758437156605188", "digg_count": 1577, "digg_incr": 913, "aweme_create_time": 1595325600, "category": 10, "volume": 11, "amount": 264}, "author": {"author_id": "84264598944", "nickname": "miumiu是只猪", "follower_count": 594009}}, {"aweme": {"aweme_id": "6851741557960248583", "aweme_title": "胖子最爱吃的超大包纯肉鸡肉鸭肉干🍗#松狮 #萌宠松狮 #奶油松狮 #我要上热门 #狗", "aweme_url": "https://www.iesdouyin.com/share/video/6851741557960248583/?region=CN&mid=6851741560875731719&u_code=0&titleType=title", "download_url": "https://www.chanmama.com/awemeDetail/6851741557960248583", "digg_count": 1090, "digg_incr": 891, "aweme_create_time": 1595295402, "category": 10, "volume": 0, "amount": 0}, "author": {"author_id": "97325106287", "nickname": "关关么么哒", "follower_count": 296590}}, {"aweme": {"aweme_id": "6851816023012822276", "aweme_title": "看上了邻居家的狗狗，可是双方家长都不同意这段感情，看把俩孩子急的。#vlog萌宠日常", "aweme_url": "https://www.iesdouyin.com/share/video/6851816023012822276/?region=CN&mid=6851816073757149965&u_code=0&titleType=title", "download_url": "https://www.chanmama.com/awemeDetail/6851816023012822276", "digg_count": 1572, "digg_incr": 706, "aweme_create_time": 1595312748, "category": 10, "volume": 1, "amount": 19.6}, "author": {"author_id": "70882190271", "nickname": "天天哆哆🌺小泰迪☘️", "follower_count": 105740}}, {"aweme": {"aweme_id": "6851863743115087111", "aweme_title": "小黄说；我也不知道他那么凶呀！#柯基", "aweme_url": "https://www.iesdouyin.com/share/video/6851863743115087111/?region=CN&mid=6851863781421763341&u_code=0&titleType=title", "download_url": "https://www.chanmama.com/awemeDetail/6851863743115087111", "digg_count": 1153, "digg_incr": 630, "aweme_create_time": 1595323850, "category": 10, "volume": 0, "amount": 0}, "author": {"author_id": "63130245538", "nickname": "嗨翻训犬", "follower_count": 225938}}, {"aweme": {"aweme_id": "6851826279663127816", "aweme_title": "人生幸福瞬间，大病初愈，猫坚强茂茂，希望你能陪我久一点。#英短金渐层", "aweme_url": "https://www.iesdouyin.com/share/video/6851826279663127816/?region=CN&mid=6851826465697172231&u_code=0&titleType=title", "download_url": "https://www.chanmama.com/awemeDetail/6851826279663127816", "digg_count": 1078, "digg_incr": 600, "aweme_create_time": 1595324501, "category": 10, "volume": 0, "amount": 0}, "author": {"author_id": "98194156391", "nickname": "粥粥的猫", "follower_count": 203224}}, {"aweme": {"aweme_id": "6851883271467339016", "aweme_title": "不是3k斤，不是5K斤，不是8k斤，是1w斤，你没有看错！锄头挖坏 20根！笋干的海洋！#农民 #笋 #吊炸天", "aweme_url": "https://www.iesdouyin.com/share/video/6851883271467339016/?region=CN&mid=6851383529985608455&u_code=27l4hke24855&titleType=title", "download_url": "https://www.chanmama.com/awemeDetail/6851883271467339016", "digg_count": 2415, "digg_incr": 581, "aweme_create_time": 1595328395, "category": 10, "volume": 2, "amount": 90}, "author": {"author_id": "3051877424175997", "nickname": "笋竹之乡助农小店（正在直播）", "follower_count": 21874}}, {"aweme": {"aweme_id": "6851923189665172750", "aweme_title": "我们做的鸭腿和鸡腿，就是个搬运工而已！你可以自己做试试！！！！", "aweme_url": "https://www.iesdouyin.com/share/video/6851923189665172750/?region=CN&mid=6851923306426878734&u_code=2kf531i7iek5&titleType=title", "download_url": "https://www.chanmama.com/awemeDetail/6851923189665172750", "digg_count": 1454, "digg_incr": 502, "aweme_create_time": 1595337713, "category": 10, "volume": 0, "amount": 0}, "author": {"author_id": "97315373316", "nickname": "汪小七狗粮猫粮", "follower_count": 96356}}, {"aweme": {"aweme_id": "6851788406570159360", "aweme_title": "俗话说，冬吃萝卜夏吃姜不用医生开药方。山东新鲜红芽嫩姜现挖现发，脆嫩无丝，爽口下饭。吃嘛嘛香😹小黄车可下单", "aweme_url": "https://www.iesdouyin.com/share/video/6851788406570159360/?region=CN&mid=6710489577947138829&u_code=0&titleType=title", "download_url": "https://www.chanmama.com/awemeDetail/6851788406570159360", "digg_count": 1107, "digg_incr": 473, "aweme_create_time": 1595306309, "category": 10, "volume": 70, "amount": 1883}, "author": {"author_id": "3562040171955278", "nickname": "宝妹", "follower_count": 48183}}, {"aweme": {"aweme_id": "6851725318990990605", "aweme_title": "新款太平猴魁一箱一斤", "aweme_url": "https://www.iesdouyin.com/share/video/6851725318990990605/?region=CN&mid=6794740099835284232&u_code=2f35h3imlk0b&titleType=title", "download_url": "https://www.chanmama.com/awemeDetail/6851725318990990605", "digg_count": 1470, "digg_incr": 376, "aweme_create_time": 1595291623, "category": 10, "volume": 0, "amount": 0}, "author": {"author_id": "3469676747691571", "nickname": "安溪感德才波茶庄", "follower_count": 40679}}, {"aweme": {"aweme_id": "6851922891773070605", "aweme_title": "在美好的年纪，遇到错的人！何尝不是一种痛苦！只愿在对的时间遇见对的人！#包包 #情感 @DOU+小助手", "aweme_url": "https://www.iesdouyin.com/share/video/6851922891773070605/?region=CN&mid=6851922907116473096&u_code=0&titleType=title", "download_url": "https://www.chanmama.com/awemeDetail/6851922891773070605", "digg_count": 1503, "digg_incr": 346, "aweme_create_time": 1595337620, "category": 10, "volume": 0, "amount": 0}, "author": {"author_id": "60163328862", "nickname": "丹妮家箱包工作室", "follower_count": 55395}}, {"aweme": {"aweme_id": "6851814020375153928", "aweme_title": "大姨隔三差五就会来买点咱家拆骨肉，称已经打的很高了，也许大姨真的很喜欢咱家拆骨肉！", "aweme_url": "https://www.iesdouyin.com/share/video/6851814020375153928/?region=CN&mid=6847127454490872584&u_code=1g184bml86bm&titleType=title", "download_url": "https://www.chanmama.com/awemeDetail/6851814020375153928", "digg_count": 1618, "digg_incr": 313, "aweme_create_time": 1595312273, "category": 10, "volume": 2, "amount": 198}, "author": {"author_id": "3650025268985374", "nickname": "联敬食品", "follower_count": 15973}}, {"aweme": {"aweme_id": "6851895641153522952", "aweme_title": "与姥姥越来越亲，我有一种快要被抛弃的感觉😂", "aweme_url": "https://www.iesdouyin.com/share/video/6851895641153522952/?region=CN&mid=6851895658807331592&u_code=c70cehk5bi7&titleType=title", "download_url": "https://www.chanmama.com/awemeDetail/6851895641153522952", "digg_count": 3034, "digg_incr": 168, "aweme_create_time": 1595331275, "category": 10, "volume": 0, "amount": 0}, "author": {"author_id": "98794518038", "nickname": "美短张元宝", "follower_count": 78763}}]}