{"data": [{"aweme": {"aweme_id": "6851733009998138635", "aweme_title": "翻领上衣和裤裙分別上市啦！正在直播👉👉👉👉👉", "aweme_url": "https://www.iesdouyin.com/share/video/6851733009998138635/?region=CN&mid=6851733016516086535&u_code=b0ge2ik4jel&titleType=title", "download_url": "https://www.chanmama.com/awemeDetail/6851733009998138635", "digg_count": 43241, "digg_incr": 43397, "aweme_create_time": 1595293419, "category": 11, "volume": 246, "amount": 14514}, "author": {"author_id": "3337770389478872", "nickname": "昕梓琳服饰", "follower_count": 489079}}, {"aweme": {"aweme_id": "6851695697842949389", "aweme_title": "私人定制，颜色可随意搭配", "aweme_url": "https://www.iesdouyin.com/share/video/6851695697842949389/?region=CN&mid=6708140423317342984&u_code=0&titleType=title", "download_url": "https://www.chanmama.com/awemeDetail/6851695697842949389", "digg_count": 29076, "digg_incr": 28616, "aweme_create_time": 1595284729, "category": 11, "volume": 168, "amount": 24864}, "author": {"author_id": "3368520203114724", "nickname": "诗尹手拼汽车脚垫", "follower_count": 22924}}, {"aweme": {"aweme_id": "6851615883698244875", "aweme_title": "常在河边走哪有不湿鞋，汽车撞了就报废可能吗？这样修好不一样使用！#修车哥的日常", "aweme_url": "https://www.iesdouyin.com/share/video/6851615883698244875/?region=CN&mid=6851615950505003789&u_code=0&titleType=title", "download_url": "https://www.chanmama.com/awemeDetail/6851615883698244875", "digg_count": 30377, "digg_incr": 27857, "aweme_create_time": 1595303700, "category": 11, "volume": 22, "amount": 877.8}, "author": {"author_id": "95569732041", "nickname": "zs1764377034", "follower_count": 649583}}, {"aweme": {"aweme_id": "6851749202918116622", "aweme_title": "#行车记录仪 @大麦车品 #717抖音奇妙好物市集  两百多可以买到全屏流媒体吗？还带有声控功能", "aweme_url": "https://www.iesdouyin.com/share/video/6851749202918116622/?region=CN&mid=6851749224158120711&u_code=0&titleType=title", "download_url": "https://www.chanmama.com/awemeDetail/6851749202918116622", "digg_count": 7742, "digg_incr": 7435, "aweme_create_time": 1595297181, "category": 11, "volume": 25, "amount": 6975}, "author": {"author_id": "795673691167847", "nickname": "凌度汽车电子", "follower_count": 196845}}, {"aweme": {"aweme_id": "6851598471972015373", "aweme_title": "@DOU+小助手 #爱官方爱热门 #抖音小助手 #玛莎拉蒂锋芒玩家", "aweme_url": "https://www.iesdouyin.com/share/video/6851598471972015373/?region=CN&mid=6841854990076644110&u_code=379jm8h3l53m&titleType=title", "download_url": "https://www.chanmama.com/awemeDetail/6851598471972015373", "digg_count": 9398, "digg_incr": 6795, "aweme_create_time": 1595262092, "category": 11, "volume": 734, "amount": 72666}, "author": {"author_id": "505399379233207", "nickname": "崔姐大码服饰", "follower_count": 149504}}, {"aweme": {"aweme_id": "6851753501542894855", "aweme_title": "全包围包门槛汽车脚垫", "aweme_url": "https://www.iesdouyin.com/share/video/6851753501542894855/?region=CN&mid=6754931385037179659&u_code=0&titleType=title", "download_url": "https://www.chanmama.com/awemeDetail/6851753501542894855", "digg_count": 5590, "digg_incr": 5594, "aweme_create_time": 1595298182, "category": 11, "volume": 81, "amount": 32238}, "author": {"author_id": "104938539110", "nickname": "晋州市小拇指汽车用品贸易有限公司", "follower_count": 460848}}, {"aweme": {"aweme_id": "6851825572012756224", "aweme_title": "男士冰丝渐变套装，(上衣+裤子)一套68米，好看又实惠#上热门 #冰丝套装 #男装 @DOU+小助手", "aweme_url": "https://www.iesdouyin.com/share/video/6851825572012756224/?region=CN&mid=6804429194786753292&u_code=d3cj78d2g00&titleType=title", "download_url": "https://www.chanmama.com/awemeDetail/6851825572012756224", "digg_count": 5432, "digg_incr": 5443, "aweme_create_time": 1595314963, "category": 11, "volume": 0, "amount": 0}, "author": {"author_id": "92704449964", "nickname": "焦点商贸", "follower_count": 51199}}, {"aweme": {"aweme_id": "6851754978424524044", "aweme_title": "提速小飞机✈️#汽车模型 #思域 #热门", "aweme_url": "https://www.iesdouyin.com/share/video/6851754978424524044/?region=CN&mid=6810314447195540231&u_code=0&titleType=title", "download_url": "https://www.chanmama.com/awemeDetail/6851754978424524044", "digg_count": 4553, "digg_incr": 4489, "aweme_create_time": 1595298531, "category": 11, "volume": 13, "amount": 637}, "author": {"author_id": "63747458020", "nickname": "保定欧拓(合金车模)", "follower_count": 100625}}, {"aweme": {"aweme_id": "6851728939707157771", "aweme_title": "#我要上热门 #航模", "aweme_url": "https://www.iesdouyin.com/share/video/6851728939707157771/?region=CN&mid=6851728937888418568&u_code=27l4hke24855&titleType=title", "download_url": "https://www.chanmama.com/awemeDetail/6851728939707157771", "digg_count": 7704, "digg_incr": 3493, "aweme_create_time": 1595292473, "category": 11, "volume": 0, "amount": 0}, "author": {"author_id": "93365527913", "nickname": "阿海航模玩具店", "follower_count": 20421}}, {"aweme": {"aweme_id": "6851649867375185167", "aweme_title": "还是没有有缘人的出现，我依然来上班，不过也想通了，也开心。#上热门 #谢谢抖音官方 #天生丽质 #美女 #打工", "aweme_url": "https://www.iesdouyin.com/share/video/6851649867375185167/?region=CN&mid=6841830253430721294&u_code=27l4hke24855&titleType=title", "download_url": "https://www.chanmama.com/awemeDetail/6851649867375185167", "digg_count": 3861, "digg_incr": 3142, "aweme_create_time": 1595274078, "category": 11, "volume": 0, "amount": 0}, "author": {"author_id": "61783657298", "nickname": "天山雪莲", "follower_count": 57046}}, {"aweme": {"aweme_id": "6851749165941214477", "aweme_title": "招聘:性别男，30–50岁！工作:照顾我+司机，包吃包住！工资:我有的都给你！合同期限:终身！有应聘的吗？", "aweme_url": "https://www.iesdouyin.com/share/video/6851749165941214477/?region=CN&mid=6758598626148289294&u_code=i5hcif78cm3&titleType=title", "download_url": "https://www.chanmama.com/awemeDetail/6851749165941214477", "digg_count": 2890, "digg_incr": 2890, "aweme_create_time": 1595297172, "category": 11, "volume": 5, "amount": 49.5}, "author": {"author_id": "73395198832", "nickname": "佟姐爱美丽", "follower_count": 27375}}, {"aweme": {"aweme_id": "6851804057976245504", "aweme_title": "#骑行姐妹 热辣的夏天#来抖音逛洛阳", "aweme_url": "https://www.iesdouyin.com/share/video/6851804057976245504/?region=CN&mid=6851804051794184967&u_code=27l4hke24855&titleType=title", "download_url": "https://www.chanmama.com/awemeDetail/6851804057976245504", "digg_count": 3469, "digg_incr": 2227, "aweme_create_time": 1595309953, "category": 11, "volume": 0, "amount": 0}, "author": {"author_id": "4300916985696013", "nickname": "骑行姐妹", "follower_count": 64577}}, {"aweme": {"aweme_id": "6851584811719478531", "aweme_title": "汽车香水挂饰，新车除异味，不锈钢材质，真是好看", "aweme_url": "https://www.iesdouyin.com/share/video/6851584811719478531/?region=CN&mid=6851584942506314503&u_code=2aaielabfa9d&titleType=title", "download_url": "https://www.chanmama.com/awemeDetail/6851584811719478531", "digg_count": 4602, "digg_incr": 2051, "aweme_create_time": 1595302260, "category": 11, "volume": 84, "amount": 4956}, "author": {"author_id": "2554894314383614", "nickname": "超人车品", "follower_count": 46879}}, {"aweme": {"aweme_id": "6851863020738497807", "aweme_title": "不得不知道的一个艾灸神器！特别适合以上热下寒、手脚冰凉、腿腰酸腿痛者 #坐灸 #艾柱 #好物推荐 @抖音小助手", "aweme_url": "https://www.iesdouyin.com/share/video/6851863020738497807/?region=CN&mid=6553511259115588366&u_code=1l3cl1ik0hhd&titleType=title", "download_url": "https://www.chanmama.com/awemeDetail/6851863020738497807", "digg_count": 1672, "digg_incr": 1672, "aweme_create_time": 1595323681, "category": 11, "volume": 0, "amount": 0}, "author": {"author_id": "237111623819887", "nickname": "艾襄王", "follower_count": 49046}}, {"aweme": {"aweme_id": "6851791208671399168", "aweme_title": "千万别因为你是女性，就随着年龄的增长而停止脚步！@梅耶马斯克MayeMusk @邓文迪 #好书", "aweme_url": "https://www.iesdouyin.com/share/video/6851791208671399168/?region=CN&mid=6739826783002036225&u_code=0&titleType=title", "download_url": "https://www.chanmama.com/awemeDetail/6851791208671399168", "digg_count": 1663, "digg_incr": 1568, "aweme_create_time": 1595306961, "category": 11, "volume": 15, "amount": 663.75}, "author": {"author_id": "71959081146", "nickname": "叶云燕小朋友", "follower_count": 409233}}, {"aweme": {"aweme_id": "6851855579380501774", "aweme_title": "#717直播带货 #香水 #香水福利 #真我香水 真我优雅女人必备的味道", "aweme_url": "https://www.iesdouyin.com/share/video/6851855579380501774/?region=CN&mid=6851855604638616327&u_code=0&titleType=title", "download_url": "https://www.chanmama.com/awemeDetail/6851855579380501774", "digg_count": 1864, "digg_incr": 1449, "aweme_create_time": 1595321949, "category": 11, "volume": 0, "amount": 0}, "author": {"author_id": "2968306807220083", "nickname": "南京熙智贸易", "follower_count": 89927}}, {"aweme": {"aweme_id": "6851909741388500231", "aweme_title": "21是拿货 零卖有运费 人工成本喜欢就进来看看吧 #抖音热门  @DOU+小助手", "aweme_url": "https://www.iesdouyin.com/share/video/6851909741388500231/?region=CN&mid=6851909932422417159&u_code=0&titleType=title", "download_url": "https://www.chanmama.com/awemeDetail/6851909741388500231", "digg_count": 1431, "digg_incr": 1433, "aweme_create_time": 1595334574, "category": 11, "volume": 0, "amount": 0}, "author": {"author_id": "1569758077783662", "nickname": "有量电子商务", "follower_count": 0}}, {"aweme": {"aweme_id": "6851598518977580303", "aweme_title": "#热门 #清洁毛孔 #情感段子", "aweme_url": "https://www.iesdouyin.com/share/video/6851598518977580303/?region=CN&mid=6851598505950087949&u_code=379jm8h3l53m&titleType=title", "download_url": "https://www.chanmama.com/awemeDetail/6851598518977580303", "digg_count": 8358, "digg_incr": 1405, "aweme_create_time": 1595262101, "category": 11, "volume": 70, "amount": 2093}, "author": {"author_id": "73175430048", "nickname": "娴姐姐🌸好物分享🌼", "follower_count": 527300}}, {"aweme": {"aweme_id": "6851787541910211854", "aweme_title": "久等的更新 #骑行  #机车", "aweme_url": "https://www.iesdouyin.com/share/video/6851787541910211854/?region=CN&mid=6851787773083503367&u_code=2kf531i7iek5&titleType=title", "download_url": "https://www.chanmama.com/awemeDetail/6851787541910211854", "digg_count": 1187, "digg_incr": 1130, "aweme_create_time": 1595306131, "category": 11, "volume": 0, "amount": 0}, "author": {"author_id": "109147548295", "nickname": "忍者马夫", "follower_count": 29036}}, {"aweme": {"aweme_id": "6851887517361360141", "aweme_title": "为什么打不好玻璃胶呢！", "aweme_url": "https://www.iesdouyin.com/share/video/6851887517361360141/?region=CN&mid=6851887536483175176&u_code=0&titleType=title", "download_url": "https://www.chanmama.com/awemeDetail/6851887517361360141", "digg_count": 3415, "digg_incr": 1095, "aweme_create_time": 1595329384, "category": 11, "volume": 0, "amount": 0}, "author": {"author_id": "83270478217", "nickname": "13172303999_", "follower_count": 327067}}, {"aweme": {"aweme_id": "6851919762440621316", "aweme_title": "衣服搭配冰丝麻裤子上市啦！太漂亮！胖瘦都好穿！正在直播点头像👉👉👉👉👉", "aweme_url": "https://www.iesdouyin.com/share/video/6851919762440621316/?region=CN&mid=6851919794829101837&u_code=4c0gkleh1g4f&titleType=title", "download_url": "https://www.chanmama.com/awemeDetail/6851919762440621316", "digg_count": 1158, "digg_incr": 1083, "aweme_create_time": 1595336896, "category": 11, "volume": 3, "amount": 177}, "author": {"author_id": "3337770389478872", "nickname": "昕梓琳服饰", "follower_count": 489079}}, {"aweme": {"aweme_id": "6851784611962408206", "aweme_title": "梦想离我越来越远，现在我连想都不敢想#七兜酱哥", "aweme_url": "https://www.iesdouyin.com/share/video/6851784611962408206/?region=CN&mid=6851784617655733006&u_code=0&titleType=title", "download_url": "https://www.chanmama.com/awemeDetail/6851784611962408206", "digg_count": 1824, "digg_incr": 1064, "aweme_create_time": 1595305425, "category": 11, "volume": 0, "amount": 0}, "author": {"author_id": "111336473574", "nickname": "七兜酱哥", "follower_count": 564494}}, {"aweme": {"aweme_id": "6851595970187169038", "aweme_title": "#热门", "aweme_url": "https://www.iesdouyin.com/share/video/6851595970187169038/?region=CN&mid=6830814431497620237&u_code=e9jhj6ecge5&titleType=title", "download_url": "https://www.chanmama.com/awemeDetail/6851595970187169038", "digg_count": 1035, "digg_incr": 1037, "aweme_create_time": 1595261508, "category": 11, "volume": 33, "amount": 986.6999999999999}, "author": {"author_id": "1226653375930507", "nickname": "种草yy", "follower_count": 147548}}, {"aweme": {"aweme_id": "6851750590767320323", "aweme_title": "不怕你胖，就怕你不时尚！#加肥加大 #爱官方爱热门 #抖音小助手", "aweme_url": "https://www.iesdouyin.com/share/video/6851750590767320323/?region=CN&mid=6850632005009296135&u_code=0&titleType=title", "download_url": "https://www.chanmama.com/awemeDetail/6851750590767320323", "digg_count": 1094, "digg_incr": 1031, "aweme_create_time": 1595297510, "category": 11, "volume": 47, "amount": 4653}, "author": {"author_id": "3944690443365147", "nickname": "金大姐大码服装店", "follower_count": 421527}}, {"aweme": {"aweme_id": "6851845235425824012", "aweme_title": "裙裤套装上市啦！点头像正在直播👉👉👉👉👉", "aweme_url": "https://www.iesdouyin.com/share/video/6851845235425824012/?region=CN&mid=6851845269299333895&u_code=3di8em88jagf&titleType=title", "download_url": "https://www.chanmama.com/awemeDetail/6851845235425824012", "digg_count": 1121, "digg_incr": 1014, "aweme_create_time": 1595319548, "category": 11, "volume": 5, "amount": 295}, "author": {"author_id": "3337770389478872", "nickname": "昕梓琳服饰", "follower_count": 489079}}, {"aweme": {"aweme_id": "6851755841645792527", "aweme_title": "@冯氏珍禽养殖场发了一个抖音短视频，你尽管点开，不好看算我输！", "aweme_url": "https://www.iesdouyin.com/share/video/6851755841645792527/?region=CN&mid=6830564740931111687&u_code=0&titleType=", "download_url": "https://www.chanmama.com/awemeDetail/6851755841645792527", "digg_count": 1101, "digg_incr": 1012, "aweme_create_time": 1595298727, "category": 11, "volume": 0, "amount": 0}, "author": {"author_id": "73586715742", "nickname": "冯氏珍禽养殖场", "follower_count": 336572}}, {"aweme": {"aweme_id": "6851700601659624718", "aweme_title": "我又多看了一眼，是亲闺蜜，下次别再出售我了，我以后不走了#公路车 #骑行 #爱上公路车 #女神爱单车", "aweme_url": "https://www.iesdouyin.com/share/video/6851700601659624718/?region=CN&mid=6851700522979052301&u_code=c70cehk5bi7&titleType=title", "download_url": "https://www.chanmama.com/awemeDetail/6851700601659624718", "digg_count": 1027, "digg_incr": 947, "aweme_create_time": 1595285870, "category": 11, "volume": 0, "amount": 0}, "author": {"author_id": "84856398452", "nickname": "爱骑行的李婉婷", "follower_count": 47436}}, {"aweme": {"aweme_id": "6851861423094648075", "aweme_title": "毒液3代国内首到! 给大家展示下版画！大家喜欢二代还是三代！#机车 #摩托车", "aweme_url": "https://www.iesdouyin.com/share/video/6851861423094648075/?region=CN&mid=6849282528117869326&u_code=2kf531i7iek5&titleType=title", "download_url": "https://www.chanmama.com/awemeDetail/6851861423094648075", "digg_count": 1352, "digg_incr": 880, "aweme_create_time": 1595323317, "category": 11, "volume": 0, "amount": 0}, "author": {"author_id": "3795114657056180", "nickname": "济南鹏泉摩托车装备", "follower_count": 50400}}, {"aweme": {"aweme_id": "6851907350194932992", "aweme_title": "#森宝#积木儿童积木#益智#拼装玩具#小绵羊#摩托车#越野#杜卡迪#全套#模型 摩托车积木", "aweme_url": "https://www.iesdouyin.com/share/video/6851907350194932992/?region=CN&mid=6745611110956665608&u_code=e9jhj6ecge5&titleType=title", "download_url": "https://www.chanmama.com/awemeDetail/6851907350194932992", "digg_count": 6861, "digg_incr": 866, "aweme_create_time": 1595334001, "category": 11, "volume": 2, "amount": 44}, "author": {"author_id": "109413912445", "nickname": "江苏鼎未商贸有限公司", "follower_count": 53259}}, {"aweme": {"aweme_id": "6851829815679520004", "aweme_title": "我想告诉你，如果你不运动不控制饮食，无论什么减肥产品都不可能改变你的体型，包括这支小黄瓶'#健身就要动起来", "aweme_url": "https://www.iesdouyin.com/share/video/6851829815679520004/?region=CN&mid=6834473425382279944&u_code=11e65medbjaf&titleType=title", "download_url": "https://www.chanmama.com/awemeDetail/6851829815679520004", "digg_count": 1154, "digg_incr": 834, "aweme_create_time": 1595315960, "category": 11, "volume": 0, "amount": 0}, "author": {"author_id": "78471536176", "nickname": "动起来健身 北哥", "follower_count": 28516}}, {"aweme": {"aweme_id": "6851860935762562307", "aweme_title": "有些东西可以永远不用，但是必须要有#抖音汽车 ，@电商小助手", "aweme_url": "https://www.iesdouyin.com/share/video/6851860935762562307/?region=CN&mid=6851860988556675853&u_code=0&titleType=title", "download_url": "https://www.chanmama.com/awemeDetail/6851860935762562307", "digg_count": 1012, "digg_incr": 822, "aweme_create_time": 1595323203, "category": 11, "volume": 3, "amount": 119.69999999999999}, "author": {"author_id": "2559293384831758", "nickname": "车老九", "follower_count": 594386}}, {"aweme": {"aweme_id": "6851882843325369608", "aweme_title": "防水骑行手套推荐，好用不贵手感舒适 #小峰甄选", "aweme_url": "https://www.iesdouyin.com/share/video/6851882843325369608/?region=CN&mid=6851882939102333704&u_code=0&titleType=title", "download_url": "https://www.chanmama.com/awemeDetail/6851882843325369608", "digg_count": 1276, "digg_incr": 778, "aweme_create_time": 1595328315, "category": 11, "volume": 2, "amount": 366}, "author": {"author_id": "77762119363", "nickname": "moto小峰", "follower_count": 680504}}, {"aweme": {"aweme_id": "6851889140930186496", "aweme_title": "你可以不换轮胎，但是这点知识你应该知道。长时间行驶后轮胎温度升高，旧轮胎爆破风险增加。", "aweme_url": "https://www.iesdouyin.com/share/video/6851889140930186496/?region=CN&mid=6851889155388427021&u_code=1l3cldf6mdae&titleType=title", "download_url": "https://www.chanmama.com/awemeDetail/6851889140930186496", "digg_count": 1021, "digg_incr": 746, "aweme_create_time": 1595329762, "category": 11, "volume": 0, "amount": 0}, "author": {"author_id": "106126052421", "nickname": "轮胎说（承接问题咨询）", "follower_count": 49983}}, {"aweme": {"aweme_id": "6851861187219442955", "aweme_title": "平时不怎么唱张宇……很难得有一首张宇的经典作品《小小的太阳》#大叔 #歌手老吴 #翻唱 #", "aweme_url": "https://www.iesdouyin.com/share/video/6851861187219442955/?region=CN&mid=6851861251652373256&u_code=379jm8h3l53m&titleType=title", "download_url": "https://www.chanmama.com/awemeDetail/6851861187219442955", "digg_count": 21533, "digg_incr": 738, "aweme_create_time": 1595323261, "category": 11, "volume": 0, "amount": 0}, "author": {"author_id": "1288283437148254", "nickname": "老吴（治愈系情歌大叔）", "follower_count": 71952}}, {"aweme": {"aweme_id": "6851908015239482624", "aweme_title": "假如周杰伦专辑顺序倒着发行…#周杰伦 @抖音小助手 @DOU+小助手", "aweme_url": "https://www.iesdouyin.com/share/video/6851908015239482624/?region=CN&mid=6851908029739895565&u_code=0&titleType=title", "download_url": "https://www.chanmama.com/awemeDetail/6851908015239482624", "digg_count": 1707, "digg_incr": 715, "aweme_create_time": 1595334156, "category": 11, "volume": 4, "amount": 115.2}, "author": {"author_id": "2291008129209587", "nickname": "磁带时代", "follower_count": 720887}}, {"aweme": {"aweme_id": "6851933705213185295", "aweme_title": "#正在直播中 #全包围汽车脚垫 #实力商家", "aweme_url": "https://www.iesdouyin.com/share/video/6851933705213185295/?region=CN&mid=6851933718066285325&u_code=24lj60c7kgi7&titleType=title", "download_url": "https://www.chanmama.com/awemeDetail/6851933705213185295", "digg_count": 1021, "digg_incr": 661, "aweme_create_time": 1595340137, "category": 11, "volume": 0, "amount": 0}, "author": {"author_id": "3865523827253388", "nickname": "逸尔舒汽车用品", "follower_count": 60024}}, {"aweme": {"aweme_id": "6851843151250885901", "aweme_title": "一秒折叠，非常好用的短途代步工具 #科技改变生活", "aweme_url": "https://www.iesdouyin.com/share/video/6851843151250885901/?region=CN&mid=6851843263003921159&u_code=0&titleType=title", "download_url": "https://www.chanmama.com/awemeDetail/6851843151250885901", "digg_count": 1619, "digg_incr": 521, "aweme_create_time": 1595329200, "category": 11, "volume": 0, "amount": 0}, "author": {"author_id": "1472966678298419", "nickname": "科技时代", "follower_count": 354110}}, {"aweme": {"aweme_id": "6851857058971585795", "aweme_title": "难怪男朋友车里这么香，原来放了这个#车载香薰 这个味道真的爱了爱了❤️#717抖音奇妙好物市集", "aweme_url": "https://www.iesdouyin.com/share/video/6851857058971585795/?region=CN&mid=6851753144154589966&u_code=24lj60c7kgi7&titleType=title", "download_url": "https://www.chanmama.com/awemeDetail/6851857058971585795", "digg_count": 1016, "digg_incr": 169, "aweme_create_time": 1595322300, "category": 11, "volume": 38, "amount": 1136.2}, "author": {"author_id": "188734228928771", "nickname": "朕七七", "follower_count": 20077}}, {"aweme": {"aweme_id": "6851887600802876675", "aweme_title": "每一次出摊，都是一次旅行，去不同的地方，遇不同的人，不再守店里了，太难了，在路上，待遇上#摆摊 #热门", "aweme_url": "https://www.iesdouyin.com/share/video/6851887600802876675/?region=CN&mid=6851887641332419341&u_code=2djlieli42de&titleType=title", "download_url": "https://www.chanmama.com/awemeDetail/6851887600802876675", "digg_count": 1347, "digg_incr": 169, "aweme_create_time": 1595329410, "category": 11, "volume": 0, "amount": 0}, "author": {"author_id": "93533962710", "nickname": "琪琪超宠粉（每天8点直播）", "follower_count": 41279}}]}