{"data": [{"aweme": {"aweme_id": "6851887451745602816", "aweme_title": "这一年 我们有了自己的冠军 #kda女团 #60帧高清  无水印 可下载", "aweme_url": "https://www.iesdouyin.com/share/video/6851887451745602816/?region=CN&mid=6851887471358462728&u_code=0&titleType=title", "download_url": "https://www.chanmama.com/awemeDetail/6851887451745602816", "digg_count": 50058, "digg_incr": 28186, "aweme_create_time": 1595329369, "category": 12, "volume": 9, "amount": 899.5}, "author": {"author_id": "60704844848", "nickname": "暮屿风", "follower_count": 661267}}, {"aweme": {"aweme_id": "6851732572246936847", "aweme_title": "上个小电视机的视频火啦～好多人说要买 现在给你们上链接啦～安排～#不知姓名的c", "aweme_url": "https://www.iesdouyin.com/share/video/6851732572246936847/?region=CN&mid=6851732538759662343&u_code=b0ge2ik4jel&titleType=title", "download_url": "https://www.chanmama.com/awemeDetail/6851732572246936847", "digg_count": 15754, "digg_incr": 12816, "aweme_create_time": 1595293309, "category": 12, "volume": 192, "amount": 5529.599999999999}, "author": {"author_id": "1679685832690648", "nickname": "也曾说晚安", "follower_count": 17304}}, {"aweme": {"aweme_id": "6851903498276064523", "aweme_title": "高颜值#手机壳 #学生党 必备只需3.8#平价 #好物推荐 @抖音小助手 #手机壳", "aweme_url": "https://www.iesdouyin.com/share/video/6851903498276064523/?region=CN&mid=6851903537624222472&u_code=15jlg8e5ah89&titleType=title", "download_url": "https://www.chanmama.com/awemeDetail/6851903498276064523", "digg_count": 20225, "digg_incr": 10467, "aweme_create_time": 1595333109, "category": 12, "volume": 0, "amount": 0}, "author": {"author_id": "109628585564", "nickname": "优木林好物", "follower_count": 24760}}, {"aweme": {"aweme_id": "6851386430556507405", "aweme_title": "PITAKA磁吸无线充电器，芳纶纤维手机壳体验到底怎么样？#充电器  #黑科技", "aweme_url": "https://www.iesdouyin.com/share/video/6851386430556507405/?region=CN&mid=6851386439030721293&u_code=0&titleType=title", "download_url": "https://www.chanmama.com/awemeDetail/6851386430556507405", "digg_count": 10829, "digg_incr": 9899, "aweme_create_time": 1595321597, "category": 12, "volume": 2, "amount": 1078}, "author": {"author_id": "75082632898", "nickname": "发烧门诊室", "follower_count": 858674}}, {"aweme": {"aweme_id": "6851795115447504131", "aweme_title": "你们的雅典娜停留在什么时代，我猜大部分全是3G！", "aweme_url": "https://www.iesdouyin.com/share/video/6851795115447504131/?region=CN&mid=6851795152462154504&u_code=0&titleType=title", "download_url": "https://www.chanmama.com/awemeDetail/6851795115447504131", "digg_count": 9684, "digg_incr": 7167, "aweme_create_time": 1595307878, "category": 12, "volume": 7, "amount": 48.300000000000004}, "author": {"author_id": "100630420032", "nickname": "狸子3岁(国服120星雅典娜)", "follower_count": 470017}}, {"aweme": {"aweme_id": "6851838869487308039", "aweme_title": "这个老板卖的钢化膜好像有点儿便宜，来直播间跟老板娘说说话 @DOU+小助手", "aweme_url": "https://www.iesdouyin.com/share/video/6851838869487308039/?region=CN&mid=6851838971408894733&u_code=379jm8h3l53m&titleType=title", "download_url": "https://www.chanmama.com/awemeDetail/6851838869487308039", "digg_count": 6496, "digg_incr": 6546, "aweme_create_time": 1595325327, "category": 12, "volume": 42, "amount": 243.6}, "author": {"author_id": "3205814117995979", "nickname": "静香数码", "follower_count": 26652}}, {"aweme": {"aweme_id": "6851722522107432199", "aweme_title": "实用的忍术", "aweme_url": "https://www.iesdouyin.com/share/video/6851722522107432199/?region=CN&mid=6851722519314025223&u_code=0&titleType=title", "download_url": "https://www.chanmama.com/awemeDetail/6851722522107432199", "digg_count": 9375, "digg_incr": 6449, "aweme_create_time": 1595290972, "category": 12, "volume": 3, "amount": 86.69999999999999}, "author": {"author_id": "66219035321", "nickname": "（阿金） （Arkin Zed）", "follower_count": 132863}}, {"aweme": {"aweme_id": "6851905323473784064", "aweme_title": "自定义录制连点速度，保证不疯号！#和平精英", "aweme_url": "https://www.iesdouyin.com/share/video/6851905323473784064/?region=CN&mid=6843348999278611207&u_code=31186i4kmg41&titleType=title", "download_url": "https://www.chanmama.com/awemeDetail/6851905323473784064", "digg_count": 39289, "digg_incr": 6112, "aweme_create_time": 1595333529, "category": 12, "volume": 59, "amount": 3835}, "author": {"author_id": "659321341619886", "nickname": "华易联科技", "follower_count": 43705}}, {"aweme": {"aweme_id": "6851857605984341261", "aweme_title": "于川离家出走的第5天，人终于回来了，但没想到会这样... #全网寻找于川", "aweme_url": "https://www.iesdouyin.com/share/video/6851857605984341261/?region=CN&mid=6851857696782961422&u_code=0&titleType=title", "download_url": "https://www.chanmama.com/awemeDetail/6851857605984341261", "digg_count": 10295, "digg_incr": 5800, "aweme_create_time": 1595322438, "category": 12, "volume": 9, "amount": 1575}, "author": {"author_id": "54067258607", "nickname": "于川和叔叔玩游戏", "follower_count": 917271}}, {"aweme": {"aweme_id": "6851008882240654605", "aweme_title": "出来玩就是先靠体力，然后靠毅力，最后靠定力~ #平遥古城 #旅行 #走不动了", "aweme_url": "https://www.iesdouyin.com/share/video/6851008882240654605/?region=CN&mid=6851009185674447629&u_code=0&titleType=title", "download_url": "https://www.chanmama.com/awemeDetail/6851008882240654605", "digg_count": 5210, "digg_incr": 2651, "aweme_create_time": 1595329200, "category": 12, "volume": 9, "amount": 981}, "author": {"author_id": "95899946249", "nickname": "Zeta-Zeta（是小墨啊）", "follower_count": 450719}}, {"aweme": {"aweme_id": "6851847705665293583", "aweme_title": "#火爆青年天生主角  @宜宾五粮浓香系列酒有限公司婚礼主持人为何拔腿就跑？#音乐 #翻唱 #九九女儿红", "aweme_url": "https://www.iesdouyin.com/share/video/6851847705665293583/?region=CN&mid=6851847736566762254&u_code=0&titleType=title", "download_url": "https://www.chanmama.com/awemeDetail/6851847705665293583", "digg_count": 3008, "digg_incr": 2400, "aweme_create_time": 1595320115, "category": 12, "volume": 0, "amount": 0}, "author": {"author_id": "184329946019103", "nickname": "山西文笑", "follower_count": 113579}}, {"aweme": {"aweme_id": "6851799392475712782", "aweme_title": "追了多年的女友，今天送了她一块这个，终于拿证了…@DOU+小助手", "aweme_url": "https://www.iesdouyin.com/share/video/6851799392475712782/?region=CN&mid=6824793994652813319&u_code=gmaek20dh2c&titleType=title", "download_url": "https://www.chanmama.com/awemeDetail/6851799392475712782", "digg_count": 2401, "digg_incr": 2397, "aweme_create_time": 1595308867, "category": 12, "volume": 2, "amount": 596}, "author": {"author_id": "66994524477", "nickname": "远豪数码店", "follower_count": 30361}}, {"aweme": {"aweme_id": "6851793420499930382", "aweme_title": "不用妈妈花钱买了 #万物皆可造，你更喜欢喝哪瓶呢？#小马良3d打印笔", "aweme_url": "https://www.iesdouyin.com/share/video/6851793420499930382/?region=CN&mid=6851793531674381064&u_code=0&titleType=title", "download_url": "https://www.chanmama.com/awemeDetail/6851793420499930382", "digg_count": 3228, "digg_incr": 2305, "aweme_create_time": 1595314822, "category": 12, "volume": 0, "amount": 0}, "author": {"author_id": "1261888432257848", "nickname": "神笔小马良", "follower_count": 433385}}, {"aweme": {"aweme_id": "6851835571195727117", "aweme_title": "@利利薇发了一个抖音短视频，你尽管点开，不好看算我输！", "aweme_url": "https://www.iesdouyin.com/share/video/6851835571195727117/?region=CN&mid=6851835876062792451&u_code=1e86e3gfc222&titleType=", "download_url": "https://www.chanmama.com/awemeDetail/6851835571195727117", "digg_count": 2715, "digg_incr": 2253, "aweme_create_time": 1595317314, "category": 12, "volume": 1, "amount": 49.9}, "author": {"author_id": "102169985727", "nickname": "利利薇", "follower_count": 561217}}, {"aweme": {"aweme_id": "6851863183443889420", "aweme_title": "我敢打赌你的iPhone 肯定没有这个功能#iPhone #迷惑行为大赏 #黑科技 #手机", "aweme_url": "https://www.iesdouyin.com/share/video/6851863183443889420/?region=CN&mid=6851863220752485133&u_code=0&titleType=title", "download_url": "https://www.chanmama.com/awemeDetail/6851863183443889420", "digg_count": 3186, "digg_incr": 2248, "aweme_create_time": 1595323725, "category": 12, "volume": 1, "amount": 8.9}, "author": {"author_id": "712111324664557", "nickname": "艾特科曼", "follower_count": 239474}}, {"aweme": {"aweme_id": "6851882800887500045", "aweme_title": "三十岁容貌里 一定有着你自己的功劳 你的脸上不仅透露着遗憾和将来 更会透着你的努力与回报@抖音小助手", "aweme_url": "https://www.iesdouyin.com/share/video/6851882800887500045/?region=CN&mid=6851882809817090830&u_code=0&titleType=title", "download_url": "https://www.chanmama.com/awemeDetail/6851882800887500045", "digg_count": 2509, "digg_incr": 1954, "aweme_create_time": 1595328286, "category": 12, "volume": 16, "amount": 1760}, "author": {"author_id": "60933293398", "nickname": "YU·studio女装", "follower_count": 90268}}, {"aweme": {"aweme_id": "6851670207702781191", "aweme_title": "入手一双厚底休闲鞋，一米六的个子穿出一米七#时尚穿搭 #喜欢💕心动❤️的你来直播间吧#717奇妙好物在这里", "aweme_url": "https://www.iesdouyin.com/share/video/6851670207702781191/?region=CN&mid=6844773311390418951&u_code=27l4hkd95f9c&titleType=title", "download_url": "https://www.chanmama.com/awemeDetail/6851670207702781191", "digg_count": 1951, "digg_incr": 1938, "aweme_create_time": 1595278812, "category": 12, "volume": 616, "amount": 42364}, "author": {"author_id": "101922526016", "nickname": "常熟市飞飞鞋业商行", "follower_count": 200066}}, {"aweme": {"aweme_id": "6851784932931505422", "aweme_title": "送朋友的生日礼物，自己都想要了#玛莎拉蒂锋芒玩家 #9块9解忧杂货铺", "aweme_url": "https://www.iesdouyin.com/share/video/6851784932931505422/?region=CN&mid=6549765951666162440&u_code=0&titleType=title", "download_url": "https://www.chanmama.com/awemeDetail/6851784932931505422", "digg_count": 1867, "digg_incr": 1871, "aweme_create_time": 1595305500, "category": 12, "volume": 6, "amount": 155.39999999999998}, "author": {"author_id": "93052349942", "nickname": "小九好物(正在直播)", "follower_count": 404329}}, {"aweme": {"aweme_id": "6851709937056369935", "aweme_title": "求哥k1顶尖火力车队来了！@不求人 @抖音小助手 @DOU+小助手 #不求人", "aweme_url": "https://www.iesdouyin.com/share/video/6851709937056369935/?region=CN&mid=6851709868617845511&u_code=0&titleType=title", "download_url": "https://www.chanmama.com/awemeDetail/6851709937056369935", "digg_count": 2469, "digg_incr": 1797, "aweme_create_time": 1595288043, "category": 12, "volume": 3, "amount": 41.7}, "author": {"author_id": "82230045116", "nickname": "宇轩（不求人）", "follower_count": 613082}}, {"aweme": {"aweme_id": "6851869472756747533", "aweme_title": "要超清壁纸私信我#超清壁纸 #火影忍者壁纸 #火影忍者 @抖音小助手", "aweme_url": "https://www.iesdouyin.com/share/video/6851869472756747533/?region=CN&mid=6837398828044372744&u_code=0&titleType=title", "download_url": "https://www.chanmama.com/awemeDetail/6851869472756747533", "digg_count": 3491, "digg_incr": 1736, "aweme_create_time": 1595325183, "category": 12, "volume": 0, "amount": 0}, "author": {"author_id": "2594464005358238", "nickname": "火影杂货铺", "follower_count": 157272}}, {"aweme": {"aweme_id": "6851862692953722127", "aweme_title": "#陈小春应采儿 高甜时刻！爱情最真实的模样，希望大家看到这条视频，都能找到真爱❤️", "aweme_url": "https://www.iesdouyin.com/share/video/6851862692953722127/?region=CN&mid=6701263956400245512&u_code=0&titleType=title", "download_url": "https://www.chanmama.com/awemeDetail/6851862692953722127", "digg_count": 2025, "digg_incr": 1556, "aweme_create_time": 1595323605, "category": 12, "volume": 0, "amount": 0}, "author": {"author_id": "82135571946", "nickname": "姚晓东Xiaodong", "follower_count": 534965}}, {"aweme": {"aweme_id": "6851917738898672911", "aweme_title": "热门机器。每次发必然热门！#雷诺电脑 #二手电脑 #笔记本电脑推荐", "aweme_url": "https://www.iesdouyin.com/share/video/6851917738898672911/?region=CN&mid=6755886525939976974&u_code=jlj3h5hh617&titleType=title", "download_url": "https://www.chanmama.com/awemeDetail/6851917738898672911", "digg_count": 2214, "digg_incr": 1508, "aweme_create_time": 1595336420, "category": 12, "volume": 3, "amount": 7497}, "author": {"author_id": "61112014998", "nickname": "北京雷诺智信科技电脑", "follower_count": 87796}}, {"aweme": {"aweme_id": "6851617943411805454", "aweme_title": "有电就有网随身携带6666", "aweme_url": "https://www.iesdouyin.com/share/video/6851617943411805454/?region=CN&mid=6851544102484462343&u_code=0&titleType=title", "download_url": "https://www.chanmama.com/awemeDetail/6851617943411805454", "digg_count": 1448, "digg_incr": 1449, "aweme_create_time": 1595266634, "category": 12, "volume": 41, "amount": 8569}, "author": {"author_id": "96690004034", "nickname": "羽纯好物", "follower_count": 0}}, {"aweme": {"aweme_id": "6851824662884764928", "aweme_title": "车载智能语音LED显示屏#网红车载led屏 #我要上热门 @抖音小助手 @DOU+小助手", "aweme_url": "https://www.iesdouyin.com/share/video/6851824662884764928/?region=CN&mid=6712764660870843143&u_code=22j00im8c6fc&titleType=title", "download_url": "https://www.chanmama.com/awemeDetail/6851824662884764928", "digg_count": 8921, "digg_incr": 1448, "aweme_create_time": 1595314751, "category": 12, "volume": 0, "amount": 0}, "author": {"author_id": "99316526152", "nickname": "唐山海通汽车配件经销处", "follower_count": 15801}}, {"aweme": {"aweme_id": "6851520992968281351", "aweme_title": "#海贼王 四位重力操控者~第一位，Miss情人节！@抖音小助手", "aweme_url": "https://www.iesdouyin.com/share/video/6851520992968281351/?region=CN&mid=6851521128779844365&u_code=0&titleType=title", "download_url": "https://www.chanmama.com/awemeDetail/6851520992968281351", "digg_count": 5371, "digg_incr": 1332, "aweme_create_time": 1595302920, "category": 12, "volume": 1, "amount": 49.99}, "author": {"author_id": "663743420177576", "nickname": "海贼王~One Piece（M想）", "follower_count": 275428}}, {"aweme": {"aweme_id": "6851876939301539087", "aweme_title": "一杯奶茶get俩手机壳？每天拿新手机不香吗！#手机壳", "aweme_url": "https://www.iesdouyin.com/share/video/6851876939301539087/?region=CN&mid=6851876965847255821&u_code=0&titleType=title", "download_url": "https://www.chanmama.com/awemeDetail/6851876939301539087", "digg_count": 1525, "digg_incr": 1289, "aweme_create_time": 1595326922, "category": 12, "volume": 97, "amount": 1746}, "author": {"author_id": "76874936305", "nickname": "小鹿就酱", "follower_count": 832394}}, {"aweme": {"aweme_id": "6851610461926853895", "aweme_title": "客厅收纳空间不足？看看我家满墙电视柜吧 #装修 #装修设计 #室内设计", "aweme_url": "https://www.iesdouyin.com/share/video/6851610461926853895/?region=CN&mid=6851610591891688200&u_code=0&titleType=title", "download_url": "https://www.chanmama.com/awemeDetail/6851610461926853895", "digg_count": 1761, "digg_incr": 1169, "aweme_create_time": 1595264914, "category": 12, "volume": 0, "amount": 0}, "author": {"author_id": "1209097765002520", "nickname": "mono", "follower_count": 169527}}, {"aweme": {"aweme_id": "6851705023764630791", "aweme_title": "小伙伴们都喜欢哪一个呢？#和平精英皮肤设计大赛 #果味相投一起混 #爱抖音爱热门 #爱抖音不要限流", "aweme_url": "https://www.iesdouyin.com/share/video/6851705023764630791/?region=CN&mid=6851704975832484615&u_code=2akd6hh64h1b&titleType=title", "download_url": "https://www.chanmama.com/awemeDetail/6851705023764630791", "digg_count": 1164, "digg_incr": 1148, "aweme_create_time": 1595286898, "category": 12, "volume": 0, "amount": 0}, "author": {"author_id": "110958004386", "nickname": "@和平精英《团子》", "follower_count": 34407}}, {"aweme": {"aweme_id": "6851629493803699464", "aweme_title": "可以直接插电就有网#你今天和喜欢的人说话了吗", "aweme_url": "https://www.iesdouyin.com/share/video/6851629493803699464/?region=CN&mid=6845674256572205838&u_code=1j0gg92c5cf9&titleType=title", "download_url": "https://www.chanmama.com/awemeDetail/6851629493803699464", "digg_count": 1199, "digg_incr": 1129, "aweme_create_time": 1595269330, "category": 12, "volume": 1, "amount": 209}, "author": {"author_id": "4503698838019422", "nickname": "WIFI 设备", "follower_count": 56461}}, {"aweme": {"aweme_id": "6851823537116810496", "aweme_title": "经典视频，百看不厌。第206部第4⃣️节", "aweme_url": "https://www.iesdouyin.com/share/video/6851823537116810496/?region=CN&mid=6851823570641783566&u_code=1h7f30l0i9ha&titleType=title", "download_url": "https://www.chanmama.com/awemeDetail/6851823537116810496", "digg_count": 1264, "digg_incr": 1084, "aweme_create_time": 1595314490, "category": 12, "volume": 0, "amount": 0}, "author": {"author_id": "373477910256427", "nickname": "经典视频，百看不厌", "follower_count": 546559}}, {"aweme": {"aweme_id": "6851822391497116943", "aweme_title": "三A大作随便玩#717抖音奇妙好物市集", "aweme_url": "https://www.iesdouyin.com/share/video/6851822391497116943/?region=CN&mid=6851822411332274951&u_code=3di8em88jagf&titleType=title", "download_url": "https://www.chanmama.com/awemeDetail/6851822391497116943", "digg_count": 1593, "digg_incr": 1076, "aweme_create_time": 1595314222, "category": 12, "volume": 0, "amount": 0}, "author": {"author_id": "96261626189", "nickname": "胖哥说电脑", "follower_count": 89837}}, {"aweme": {"aweme_id": "6851809423912865037", "aweme_title": "愿你们早午晚都安 bgm： @YourBoy李飘飘", "aweme_url": "https://www.iesdouyin.com/share/video/6851809423912865037/?region=CN&mid=6851809538975632136&u_code=11e65medbjaf&titleType=title", "download_url": "https://www.chanmama.com/awemeDetail/6851809423912865037", "digg_count": 1307, "digg_incr": 1048, "aweme_create_time": 1595311226, "category": 12, "volume": 0, "amount": 0}, "author": {"author_id": "1191458781532796", "nickname": "阿钉丶（EZ）", "follower_count": 26437}}, {"aweme": {"aweme_id": "6851773361471753476", "aweme_title": "新款卡罗拉感觉咋样", "aweme_url": "https://www.iesdouyin.com/share/video/6851773361471753476/?region=CN&mid=6851773389812599565&u_code=1gb2j861imci&titleType=title", "download_url": "https://www.chanmama.com/awemeDetail/6851773361471753476", "digg_count": 1184, "digg_incr": 1036, "aweme_create_time": 1595302812, "category": 12, "volume": 0, "amount": 0}, "author": {"author_id": "81992279373", "nickname": "天亮聊监控", "follower_count": 20494}}, {"aweme": {"aweme_id": "6851722106376375566", "aweme_title": "提前感受一下#苹果12新造型 #抖音直播秒杀狂欢节 #正在直播中 #DOU上热门", "aweme_url": "https://www.iesdouyin.com/share/video/6851722106376375566/?region=CN&mid=6851722239570742023&u_code=0&titleType=title", "download_url": "https://www.chanmama.com/awemeDetail/6851722106376375566", "digg_count": 1031, "digg_incr": 1031, "aweme_create_time": 1595290910, "category": 12, "volume": 816, "amount": 10526.4}, "author": {"author_id": "62180535851", "nickname": "膜记匠品", "follower_count": 116685}}, {"aweme": {"aweme_id": "6851823771989347584", "aweme_title": "经典视频，百看不厌。第206部第5⃣️节", "aweme_url": "https://www.iesdouyin.com/share/video/6851823771989347584/?region=CN&mid=6851823777178012424&u_code=2g9cfffeefe2&titleType=title", "download_url": "https://www.chanmama.com/awemeDetail/6851823771989347584", "digg_count": 1068, "digg_incr": 1029, "aweme_create_time": 1595314544, "category": 12, "volume": 0, "amount": 0}, "author": {"author_id": "373477910256427", "nickname": "经典视频，百看不厌", "follower_count": 546559}}, {"aweme": {"aweme_id": "6851728953808375048", "aweme_title": "不一样的拍摄方法给你不一样的感觉，你学会了吗？不会的朋友直播间教你哦#短视频技巧", "aweme_url": "https://www.iesdouyin.com/share/video/6851728953808375048/?region=CN&mid=6781653030208014337&u_code=0&titleType=title", "download_url": "https://www.chanmama.com/awemeDetail/6851728953808375048", "digg_count": 1167, "digg_incr": 1014, "aweme_create_time": 1595292468, "category": 12, "volume": 0, "amount": 0}, "author": {"author_id": "95858190544", "nickname": "雨儿", "follower_count": 262496}}, {"aweme": {"aweme_id": "6851915991170026760", "aweme_title": "任何东西，在错过了那个真正需要的时间段后出现，都没意义了！#延时摄影", "aweme_url": "https://www.iesdouyin.com/share/video/6851915991170026760/?region=CN&mid=6838417654884289288&u_code=2kf531i7iek5&titleType=title", "download_url": "https://www.chanmama.com/awemeDetail/6851915991170026760", "digg_count": 1757, "digg_incr": 999, "aweme_create_time": 1595336013, "category": 12, "volume": 0, "amount": 0}, "author": {"author_id": "73148683172", "nickname": "玖哥", "follower_count": 25035}}, {"aweme": {"aweme_id": "6851887429570415880", "aweme_title": "#演技派 #抖音小助手 女生最好看的样子就是当下。最自信的样子 ！", "aweme_url": "https://www.iesdouyin.com/share/video/6851887429570415880/?region=CN&mid=6847752094095526669&u_code=0&titleType=title", "download_url": "https://www.chanmama.com/awemeDetail/6851887429570415880", "digg_count": 1263, "digg_incr": 987, "aweme_create_time": 1595329364, "category": 12, "volume": 0, "amount": 0}, "author": {"author_id": "69763950675", "nickname": "一朵气质花", "follower_count": 394986}}, {"aweme": {"aweme_id": "6851869519812562183", "aweme_title": "生活是自己的，尽情的嘚瑟吧，把腰练灵活了想怎么扭就怎么扭，喜欢到不怕累不怕热的那种，有没有同款的#扭胯舞", "aweme_url": "https://www.iesdouyin.com/share/video/6851869519812562183/?region=CN&mid=6712764660870843143&u_code=24lj60c7kgi7&titleType=title", "download_url": "https://www.chanmama.com/awemeDetail/6851869519812562183", "digg_count": 1202, "digg_incr": 964, "aweme_create_time": 1595325195, "category": 12, "volume": 1, "amount": 4.9}, "author": {"author_id": "105049909454", "nickname": "开心梅子", "follower_count": 54493}}, {"aweme": {"aweme_id": "6851818199827107072", "aweme_title": "走她走过的路，算不算是另一种意义上的相拥#lol #爱情", "aweme_url": "https://www.iesdouyin.com/share/video/6851818199827107072/?region=CN&mid=6851818215077645064&u_code=0&titleType=title", "download_url": "https://www.chanmama.com/awemeDetail/6851818199827107072", "digg_count": 2368, "digg_incr": 961, "aweme_create_time": 1595313246, "category": 12, "volume": 0, "amount": 0}, "author": {"author_id": "3179415521994958", "nickname": "斯嘎尔说它想你了", "follower_count": 125454}}, {"aweme": {"aweme_id": "6851796485948919054", "aweme_title": "一个人淋雨，一个人吃饭，一个人睡觉，我要记住你的样子#像鱼", "aweme_url": "https://www.iesdouyin.com/share/video/6851796485948919054/?region=CN&mid=6848437109410319117&u_code=1h7f30l0i9ha&titleType=title", "download_url": "https://www.chanmama.com/awemeDetail/6851796485948919054", "digg_count": 1032, "digg_incr": 944, "aweme_create_time": 1595308190, "category": 12, "volume": 0, "amount": 0}, "author": {"author_id": "276686484544391", "nickname": "云南三毛", "follower_count": 34930}}, {"aweme": {"aweme_id": "6851898578437213451", "aweme_title": "强迫症看完表示很舒适的收纳数据线 #数据线收纳  #3d打印  #强迫症", "aweme_url": "https://www.iesdouyin.com/share/video/6851898578437213451/?region=CN&mid=6851898619550288654&u_code=1j0gg92c5cf9&titleType=title", "download_url": "https://www.chanmama.com/awemeDetail/6851898578437213451", "digg_count": 1305, "digg_incr": 936, "aweme_create_time": 1595331964, "category": 12, "volume": 0, "amount": 0}, "author": {"author_id": "5079342102", "nickname": "一丸墨大爆炸", "follower_count": 58372}}, {"aweme": {"aweme_id": "6851841045559250190", "aweme_title": "@阔喵🐱狂躁开箱发了一个抖音短视频，你尽管点开，不好看算我输！", "aweme_url": "https://www.iesdouyin.com/share/video/6851841045559250190/?region=CN&mid=6851841041075964686&u_code=419chlmg0h1h&titleType=", "download_url": "https://www.chanmama.com/awemeDetail/6851841045559250190", "digg_count": 1366, "digg_incr": 928, "aweme_create_time": 1595336760, "category": 12, "volume": 0, "amount": 0}, "author": {"author_id": "103378630943", "nickname": "阔喵🐱狂躁开箱", "follower_count": 689640}}, {"aweme": {"aweme_id": "6851906049507675405", "aweme_title": "越南女孩生完孩子会跑吗", "aweme_url": "https://www.iesdouyin.com/share/video/6851906049507675405/?region=CN&mid=6851906525012626190&u_code=0&titleType=title", "download_url": "https://www.chanmama.com/awemeDetail/6851906049507675405", "digg_count": 6293, "digg_incr": 923, "aweme_create_time": 1595333718, "category": 12, "volume": 0, "amount": 0}, "author": {"author_id": "3645622752392596", "nickname": "越南女孩", "follower_count": 323548}}, {"aweme": {"aweme_id": "6851767610330205444", "aweme_title": "#手机支架 #717抖音奇妙好物市集 我知道我的很多粉丝都在自己做视频，真心推荐一款拍视频做直播神器！", "aweme_url": "https://www.iesdouyin.com/share/video/6851767610330205444/?region=CN&mid=6851767648506989325&u_code=0&titleType=title", "download_url": "https://www.chanmama.com/awemeDetail/6851767610330205444", "digg_count": 1163, "digg_incr": 920, "aweme_create_time": 1595301472, "category": 12, "volume": 0, "amount": 0}, "author": {"author_id": "1855595298166371", "nickname": "赵美丽开箱", "follower_count": 406184}}, {"aweme": {"aweme_id": "6851804237429591311", "aweme_title": "@铁男可达鸭发了一个抖音短视频，你尽管点开，不好看算我输！", "aweme_url": "https://www.iesdouyin.com/share/video/6851804237429591311/?region=CN&mid=6851804239937719048&u_code=1j0gg92c5cf9&titleType=", "download_url": "https://www.chanmama.com/awemeDetail/6851804237429591311", "digg_count": 1086, "digg_incr": 919, "aweme_create_time": 1595309995, "category": 12, "volume": 0, "amount": 0}, "author": {"author_id": "1116692585386035", "nickname": "铁男可达鸭", "follower_count": 36036}}, {"aweme": {"aweme_id": "6851828419387198724", "aweme_title": "低分段团战如何处理？#LOL @抖音游戏", "aweme_url": "https://www.iesdouyin.com/share/video/6851828419387198724/?region=CN&mid=6851828497082583821&u_code=0&titleType=title", "download_url": "https://www.chanmama.com/awemeDetail/6851828419387198724", "digg_count": 1415, "digg_incr": 885, "aweme_create_time": 1595315632, "category": 12, "volume": 0, "amount": 0}, "author": {"author_id": "100103644918", "nickname": "一只老M", "follower_count": 169117}}, {"aweme": {"aweme_id": "6851800857298652419", "aweme_title": "#一起揉揉小肚子 自己用了半个月才推荐的，把你家里的面粉丢了吧，试试它😎", "aweme_url": "https://www.iesdouyin.com/share/video/6851800857298652419/?region=CN&mid=6551988752570977038&u_code=0&titleType=title", "download_url": "https://www.chanmama.com/awemeDetail/6851800857298652419", "digg_count": 1805, "digg_incr": 860, "aweme_create_time": 1595309215, "category": 12, "volume": 1, "amount": 15.8}, "author": {"author_id": "109565584177", "nickname": "K4", "follower_count": 171662}}, {"aweme": {"aweme_id": "6851913873570745600", "aweme_title": "暑假后女儿要上二年级了，预习安排一个学习机，同步课本，可以自己学习不用喊“妈”了，喊“妈”也不会辅导啊🤣", "aweme_url": "https://www.iesdouyin.com/share/video/6851913873570745600/?region=CN&mid=6823520151011363597&u_code=2kf531i7iek5&titleType=title", "download_url": "https://www.chanmama.com/awemeDetail/6851913873570745600", "digg_count": 1269, "digg_incr": 729, "aweme_create_time": 1595335520, "category": 12, "volume": 0, "amount": 0}, "author": {"author_id": "61184578041", "nickname": "妞妞🍼", "follower_count": 579164}}, {"aweme": {"aweme_id": "6851864840508542211", "aweme_title": "拯救装修上的小遗憾，柜子没有安装灯带，这款不用布线、不用打孔的感应灯深得我心😁", "aweme_url": "https://www.iesdouyin.com/share/video/6851864840508542211/?region=CN&mid=6624387838219651853&u_code=0&titleType=title", "download_url": "https://www.chanmama.com/awemeDetail/6851864840508542211", "digg_count": 2937, "digg_incr": 722, "aweme_create_time": 1595324111, "category": 12, "volume": 0, "amount": 0}, "author": {"author_id": "289880041078559", "nickname": "时尚边缘人士", "follower_count": 81720}}, {"aweme": {"aweme_id": "6851874691825552653", "aweme_title": "三浪直播用的同款指套非常好用，推荐大家试试哦！", "aweme_url": "https://www.iesdouyin.com/share/video/6851874691825552653/?region=CN&mid=6851874782959438600&u_code=0&titleType=title", "download_url": "https://www.chanmama.com/awemeDetail/6851874691825552653", "digg_count": 1065, "digg_incr": 712, "aweme_create_time": 1595326415, "category": 12, "volume": 0, "amount": 0}, "author": {"author_id": "110263960946", "nickname": "余三浪你真浪（7.27休息）", "follower_count": 496197}}, {"aweme": {"aweme_id": "6851903819891084547", "aweme_title": "@逗 B 超（吃鸡好物分享）发了一个抖音短视频，你尽管点开，不好看算我输！", "aweme_url": "https://www.iesdouyin.com/share/video/6851903819891084547/?region=CN&mid=6843348999278611207&u_code=0&titleType=", "download_url": "https://www.chanmama.com/awemeDetail/6851903819891084547", "digg_count": 1173, "digg_incr": 681, "aweme_create_time": 1595333184, "category": 12, "volume": 0, "amount": 0}, "author": {"author_id": "67676147429", "nickname": "逗 B 超（吃鸡好物分享）", "follower_count": 612560}}, {"aweme": {"aweme_id": "6851661136664841480", "aweme_title": "颜值和性能我都有，你要了解一下吗 #电脑  #组装电脑  #电脑配置 #电脑装机", "aweme_url": "https://www.iesdouyin.com/share/video/6851661136664841480/?region=CN&mid=6851660770640775950&u_code=0&titleType=title", "download_url": "https://www.chanmama.com/awemeDetail/6851661136664841480", "digg_count": 1267, "digg_incr": 636, "aweme_create_time": 1595296800, "category": 12, "volume": 0, "amount": 0}, "author": {"author_id": "95286961931", "nickname": "猫的电脑日记-南京", "follower_count": 316061}}, {"aweme": {"aweme_id": "6851879093877689615", "aweme_title": "你的手机是不是没有耳机孔？不要着急，今晚来我直播间😆#华为手机", "aweme_url": "https://www.iesdouyin.com/share/video/6851879093877689615/?region=CN&mid=6819057132462164749&u_code=0&titleType=title", "download_url": "https://www.chanmama.com/awemeDetail/6851879093877689615", "digg_count": 1176, "digg_incr": 534, "aweme_create_time": 1595327423, "category": 12, "volume": 0, "amount": 0}, "author": {"author_id": "110280056296", "nickname": "华为金牌推荐", "follower_count": 12555}}]}