{"data": [{"aweme": {"aweme_id": "6851742285781093639", "aweme_title": "正在直播全自动面条机", "aweme_url": "https://www.iesdouyin.com/share/video/6851742285781093639/?region=CN&mid=6851742529470401291&u_code=0&titleType=title", "download_url": "https://www.chanmama.com/awemeDetail/6851742285781093639", "digg_count": 58700, "digg_incr": 58975, "aweme_create_time": 1595295585, "category": 13, "volume": 62, "amount": 24676}, "author": {"author_id": "3825897882266557", "nickname": "义乌书维商务啊龍", "follower_count": 564752}}, {"aweme": {"aweme_id": "6851710580777159940", "aweme_title": "，零添加，纯绿色食品", "aweme_url": "https://www.iesdouyin.com/share/video/6851710580777159940/?region=CN&mid=6851710936013605644&u_code=0&titleType=title", "download_url": "https://www.chanmama.com/awemeDetail/6851710580777159940", "digg_count": 65456, "digg_incr": 48667, "aweme_create_time": 1595288213, "category": 13, "volume": 9, "amount": 891}, "author": {"author_id": "93287851849", "nickname": "豆芽哥🔥🔥", "follower_count": 142939}}, {"aweme": {"aweme_id": "6851600867351710991", "aweme_title": "@万晟贸易发了一个抖音短视频，你尽管点开，不好看算我输！", "aweme_url": "https://www.iesdouyin.com/share/video/6851600867351710991/?region=CN&mid=6851601365592967947&u_code=0&titleType=", "download_url": "https://www.chanmama.com/awemeDetail/6851600867351710991", "digg_count": 37026, "digg_incr": 33418, "aweme_create_time": 1595262695, "category": 13, "volume": 731, "amount": 204680}, "author": {"author_id": "4503656118704696", "nickname": "万晟贸易", "follower_count": 169952}}, {"aweme": {"aweme_id": "6851760151339339022", "aweme_title": "我突然发现，我的好对你来说就像一杯水，喝了就没了！#飞蛾扑火 #伤感情歌", "aweme_url": "https://www.iesdouyin.com/share/video/6851760151339339022/?region=CN&mid=6851760152274586375&u_code=0&titleType=title", "download_url": "https://www.chanmama.com/awemeDetail/6851760151339339022", "digg_count": 19402, "digg_incr": 19163, "aweme_create_time": 1595299730, "category": 13, "volume": 0, "amount": 0}, "author": {"author_id": "571384178946239", "nickname": "家庭KTV厂家～四妹儿", "follower_count": 71937}}, {"aweme": {"aweme_id": "6851767401302838539", "aweme_title": "生活不一定要大富大贵，但一定要有滋有味。中午十二点来直播间一起来做华吧#抖音记录美好生活 #企业号小助手", "aweme_url": "https://www.iesdouyin.com/share/video/6851767401302838539/?region=CN&mid=6839252401984113415&u_code=2k5ab5a5913d&titleType=title", "download_url": "https://www.chanmama.com/awemeDetail/6851767401302838539", "digg_count": 11977, "digg_incr": 11340, "aweme_create_time": 1595301423, "category": 13, "volume": 4, "amount": 1592}, "author": {"author_id": "79344343928", "nickname": "英子的小世界英昇百货", "follower_count": 30952}}, {"aweme": {"aweme_id": "6851802925317000455", "aweme_title": "奉上一首《护花使者》，你有吗？🤣🤣#感谢官方感谢热门 #抖音音乐人", "aweme_url": "https://www.iesdouyin.com/share/video/6851802925317000455/?region=CN&mid=6851802932829096712&u_code=2c3k56f4j29e&titleType=title", "download_url": "https://www.chanmama.com/awemeDetail/6851802925317000455", "digg_count": 11023, "digg_incr": 11019, "aweme_create_time": 1595309690, "category": 13, "volume": 2, "amount": 19.78}, "author": {"author_id": "923214949134173", "nickname": "海宁皮草服饰仝佟", "follower_count": 17558}}, {"aweme": {"aweme_id": "6851883217075719438", "aweme_title": "婆婆妈妈是邻居(45) _当刀神遇上了…#搞笑家庭", "aweme_url": "https://www.iesdouyin.com/share/video/6851883217075719438/?region=CN&mid=6851883233979058958&u_code=0&titleType=title", "download_url": "https://www.chanmama.com/awemeDetail/6851883217075719438", "digg_count": 11947, "digg_incr": 10504, "aweme_create_time": 1595328383, "category": 13, "volume": 1, "amount": 59}, "author": {"author_id": "75703976015", "nickname": "三哥三嫂", "follower_count": 138553}}, {"aweme": {"aweme_id": "6851895646761258255", "aweme_title": "贵阳二小姐，来了@抖音小助手", "aweme_url": "https://www.iesdouyin.com/share/video/6851895646761258255/?region=CN&mid=6851895657486420749&u_code=0&titleType=title", "download_url": "https://www.chanmama.com/awemeDetail/6851895646761258255", "digg_count": 14812, "digg_incr": 7974, "aweme_create_time": 1595331277, "category": 13, "volume": 0, "amount": 0}, "author": {"author_id": "1297064683376120", "nickname": "贵阳二小姐", "follower_count": 327924}}, {"aweme": {"aweme_id": "6851880212855115022", "aweme_title": "#玉米汁好喝的秘诀竟然是这个？U1S1热饮比冷饮好喝！#趣胃大比拼", "aweme_url": "https://www.iesdouyin.com/share/video/6851880212855115022/?region=CN&mid=6851880312390142728&u_code=0&titleType=title", "download_url": "https://www.chanmama.com/awemeDetail/6851880212855115022", "digg_count": 9948, "digg_incr": 6353, "aweme_create_time": 1595327702, "category": 13, "volume": 0, "amount": 0}, "author": {"author_id": "106068694487", "nickname": "华哥的美食", "follower_count": 798740}}, {"aweme": {"aweme_id": "6851860195006582024", "aweme_title": "别再烦恼了，吃肉它不香吗？#美食趣胃计划  #破壁新饮力", "aweme_url": "https://www.iesdouyin.com/share/video/6851860195006582024/?region=CN&mid=6782732082671061768&u_code=0&titleType=title", "download_url": "https://www.chanmama.com/awemeDetail/6851860195006582024", "digg_count": 8293, "digg_incr": 6020, "aweme_create_time": 1595323024, "category": 13, "volume": 0, "amount": 0}, "author": {"author_id": "80928644412", "nickname": "二文的日常", "follower_count": 830891}}, {"aweme": {"aweme_id": "6851779380973292815", "aweme_title": "懒人鸡翅，比肯德麦的还好吃。#美食推荐官 #破壁新饮力 #空气炸锅", "aweme_url": "https://www.iesdouyin.com/share/video/6851779380973292815/?region=CN&mid=6830653279181998081&u_code=0&titleType=title", "download_url": "https://www.chanmama.com/awemeDetail/6851779380973292815", "digg_count": 6077, "digg_incr": 5972, "aweme_create_time": 1595304207, "category": 13, "volume": 0, "amount": 0}, "author": {"author_id": "1508167081800836", "nickname": "猪妈妈美食", "follower_count": 374750}}, {"aweme": {"aweme_id": "6851784718069845248", "aweme_title": "原来生粉是这样做出来的，刷新了认知！#美食趣味大比拼", "aweme_url": "https://www.iesdouyin.com/share/video/6851784718069845248/?region=CN&mid=6851784737581714183&u_code=0&titleType=title", "download_url": "https://www.chanmama.com/awemeDetail/6851784718069845248", "digg_count": 6109, "digg_incr": 5785, "aweme_create_time": 1595305449, "category": 13, "volume": 1, "amount": 179}, "author": {"author_id": "83945810052", "nickname": "煮艺（美食分享）", "follower_count": 609646}}, {"aweme": {"aweme_id": "6851761086471982349", "aweme_title": "已婚女人，居然还不知道这个", "aweme_url": "https://www.iesdouyin.com/share/video/6851761086471982349/?region=CN&mid=6851761109595081480&u_code=1kgi6h6afg08&titleType=title", "download_url": "https://www.chanmama.com/awemeDetail/6851761086471982349", "digg_count": 4525, "digg_incr": 4551, "aweme_create_time": 1595299948, "category": 13, "volume": 20, "amount": 1580}, "author": {"author_id": "927635515120279", "nickname": "果蔬生活", "follower_count": 40456}}, {"aweme": {"aweme_id": "6851837198354943247", "aweme_title": "你家买过哪些小家电？🌝评论区说说吧！#家居好物 #生活", "aweme_url": "https://www.iesdouyin.com/share/video/6851837198354943247/?region=CN&mid=6851837377834404616&u_code=0&titleType=title", "download_url": "https://www.chanmama.com/awemeDetail/6851837198354943247", "digg_count": 11492, "digg_incr": 4413, "aweme_create_time": 1595327400, "category": 13, "volume": 0, "amount": 0}, "author": {"author_id": "104682036537", "nickname": "林容易", "follower_count": 234773}}, {"aweme": {"aweme_id": "6851882628484828424", "aweme_title": "我的jio趾头丑是真的丑，努力也是真的努力#健身 #清洁小妙招", "aweme_url": "https://www.iesdouyin.com/share/video/6851882628484828424/?region=CN&mid=6851882639805123336&u_code=0&titleType=title", "download_url": "https://www.chanmama.com/awemeDetail/6851882628484828424", "digg_count": 4947, "digg_incr": 4212, "aweme_create_time": 1595328246, "category": 13, "volume": 0, "amount": 0}, "author": {"author_id": "103601231391", "nickname": "小硕硕塑身", "follower_count": 791044}}, {"aweme": {"aweme_id": "6851893657360993536", "aweme_title": "对于鸡翅你是真爱。第一次，烤箱空气炸做法。相当成功。替你们尝了。非常美味@南瓜三姐夫（晚8点直播）", "aweme_url": "https://www.iesdouyin.com/share/video/6851893657360993536/?region=CN&mid=6851893674100443918&u_code=0&titleType=title", "download_url": "https://www.chanmama.com/awemeDetail/6851893657360993536", "digg_count": 5987, "digg_incr": 4119, "aweme_create_time": 1595330813, "category": 13, "volume": 0, "amount": 0}, "author": {"author_id": "86206985531", "nickname": "南瓜三姐", "follower_count": 303750}}, {"aweme": {"aweme_id": "6851885543232392461", "aweme_title": "#colmoer分享家 科技革新菁英生活概念，智识控烟纵享烹饪乐趣！", "aweme_url": "https://www.iesdouyin.com/share/video/6851885543232392461/?region=CN&mid=6851885702347639559&u_code=294bg9c3e87k&titleType=title", "download_url": "https://www.chanmama.com/awemeDetail/6851885543232392461", "digg_count": 3911, "digg_incr": 4077, "aweme_create_time": 1595328924, "category": 13, "volume": 0, "amount": 0}, "author": {"author_id": "94354861747", "nickname": "COLMO厨卫", "follower_count": 34875}}, {"aweme": {"aweme_id": "6851869162906619149", "aweme_title": "#榨汁杯  #百万赞演技大赏 剧本不是这样写的啊。。。。", "aweme_url": "https://www.iesdouyin.com/share/video/6851869162906619149/?region=CN&mid=6851869502192290568&u_code=0&titleType=title", "download_url": "https://www.chanmama.com/awemeDetail/6851869162906619149", "digg_count": 3983, "digg_incr": 3988, "aweme_create_time": 1595325186, "category": 13, "volume": 21, "amount": 417.9}, "author": {"author_id": "68629540339", "nickname": "爱逛电子商务", "follower_count": 213402}}, {"aweme": {"aweme_id": "6851678847943888143", "aweme_title": "还是饺子香！", "aweme_url": "https://www.iesdouyin.com/share/video/6851678847943888143/?region=CN&mid=6851678436025551630&u_code=d3cj78d2g00&titleType=title", "download_url": "https://www.chanmama.com/awemeDetail/6851678847943888143", "digg_count": 3179, "digg_incr": 3121, "aweme_create_time": 1595280816, "category": 13, "volume": 49, "amount": 3871}, "author": {"author_id": "1015546860550747", "nickname": "庆九家居好物", "follower_count": 318722}}, {"aweme": {"aweme_id": "6851871214625901831", "aweme_title": "低糖版懒人焖饭，健康营养又好吃，懒人必备 #美食趣胃计划 #趣胃大比拼 #美食", "aweme_url": "https://www.iesdouyin.com/share/video/6851871214625901831/?region=CN&mid=6851871294649076493&u_code=0&titleType=title", "download_url": "https://www.chanmama.com/awemeDetail/6851871214625901831", "digg_count": 4387, "digg_incr": 2836, "aweme_create_time": 1595325604, "category": 13, "volume": 0, "amount": 0}, "author": {"author_id": "98745906212", "nickname": "李先生爱美食", "follower_count": 285751}}, {"aweme": {"aweme_id": "6851888039799639300", "aweme_title": "就是很喜欢说服别人吃螺蛳粉和榴莲  #美食趣胃计划  #千层 @DOU+小助手", "aweme_url": "https://www.iesdouyin.com/share/video/6851888039799639300/?region=CN&mid=6851888208352267016&u_code=0&titleType=title", "download_url": "https://www.chanmama.com/awemeDetail/6851888039799639300", "digg_count": 4481, "digg_incr": 2807, "aweme_create_time": 1595329539, "category": 13, "volume": 1, "amount": 99}, "author": {"author_id": "4234910190277763", "nickname": "肯尼の饭桌", "follower_count": 662985}}, {"aweme": {"aweme_id": "6851601238925102347", "aweme_title": "毕业两年的徒弟打电话说:师傅，我给您丢人了，当年铜铁焊觉得没用，就没学，碰到这台空调我才意识到您的用心良苦……", "aweme_url": "https://www.iesdouyin.com/share/video/6851601238925102347/?region=CN&mid=6747933890255522573&u_code=i5hd8ml6f59&titleType=title", "download_url": "https://www.chanmama.com/awemeDetail/6851601238925102347", "digg_count": 4390, "digg_incr": 2596, "aweme_create_time": 1595262748, "category": 13, "volume": 0, "amount": 0}, "author": {"author_id": "86654402805", "nickname": "我是小凡", "follower_count": 14710}}, {"aweme": {"aweme_id": "6851777245556657408", "aweme_title": "叫上三两个朋友，自己在家边吃烧烤边涮火锅的感觉太幸福啦～@抖音小助手", "aweme_url": "https://www.iesdouyin.com/share/video/6851777245556657408/?region=CN&mid=6737378636652923651&u_code=0&titleType=title", "download_url": "https://www.chanmama.com/awemeDetail/6851777245556657408", "digg_count": 2742, "digg_incr": 2592, "aweme_create_time": 1595303710, "category": 13, "volume": 2, "amount": 258}, "author": {"author_id": "101092131130", "nickname": "厨房日记", "follower_count": 712103}}, {"aweme": {"aweme_id": "6851781586426301711", "aweme_title": "芋泥控在哪里，带着麻薯的拉丝 这个渐变紫还可以不~@抖音小助手 #美食趣胃计划 #一人食", "aweme_url": "https://www.iesdouyin.com/share/video/6851781586426301711/?region=CN&mid=6851781596677556999&u_code=0&titleType=title", "download_url": "https://www.chanmama.com/awemeDetail/6851781586426301711", "digg_count": 3431, "digg_incr": 2582, "aweme_create_time": 1595304721, "category": 13, "volume": 0, "amount": 0}, "author": {"author_id": "2493280517632712", "nickname": "柚子の食", "follower_count": 364472}}, {"aweme": {"aweme_id": "6851864145990520064", "aweme_title": "你们分开多久了？你还想他吗？就算一个人，也要好好的生活～#趣胃大比拼 #情感美食 @DOU+小助手", "aweme_url": "https://www.iesdouyin.com/share/video/6851864145990520064/?region=CN&mid=6851864155910195975&u_code=0&titleType=title", "download_url": "https://www.chanmama.com/awemeDetail/6851864145990520064", "digg_count": 3053, "digg_incr": 2570, "aweme_create_time": 1595328945, "category": 13, "volume": 0, "amount": 0}, "author": {"author_id": "108311557947", "nickname": "一人厨_小斯", "follower_count": 522372}}, {"aweme": {"aweme_id": "6851765372878671117", "aweme_title": "二小姐，来了@抖音小助手", "aweme_url": "https://www.iesdouyin.com/share/video/6851765372878671117/?region=CN&mid=6851765380986325774&u_code=0&titleType=title", "download_url": "https://www.chanmama.com/awemeDetail/6851765372878671117", "digg_count": 2949, "digg_incr": 2520, "aweme_create_time": 1595300946, "category": 13, "volume": 0, "amount": 0}, "author": {"author_id": "106034767545", "nickname": "清风（二小姐）", "follower_count": 342548}}, {"aweme": {"aweme_id": "6851939032956472583", "aweme_title": "#静雯linda #玉洁小姐姐 我能送你回家吗？外面可能要下雨了☔️", "aweme_url": "https://www.iesdouyin.com/share/video/6851939032956472583/?region=CN&mid=6851939046288657165&u_code=1j0gg92c5cf9&titleType=title", "download_url": "https://www.chanmama.com/awemeDetail/6851939032956472583", "digg_count": 3255, "digg_incr": 2506, "aweme_create_time": 1595341379, "category": 13, "volume": 0, "amount": 0}, "author": {"author_id": "71550790516", "nickname": "玉洁小姐姐", "follower_count": 80733}}, {"aweme": {"aweme_id": "6851593931176725774", "aweme_title": "我回来了兄弟们你们还记得我吗？#抖音小助手 #我要上热门", "aweme_url": "https://www.iesdouyin.com/share/video/6851593931176725774/?region=CN&mid=6752153052498660107&u_code=4bdm5bbcll5d&titleType=title", "download_url": "https://www.chanmama.com/awemeDetail/6851593931176725774", "digg_count": 2397, "digg_incr": 2397, "aweme_create_time": 1595261033, "category": 13, "volume": 0, "amount": 0}, "author": {"author_id": "105392486740", "nickname": "😁elYos😁", "follower_count": 6738}}, {"aweme": {"aweme_id": "6851735551410769166", "aweme_title": "有了这个多功能绞肉机，做肉馅菜馅很方便 #绞肉机  #好用", "aweme_url": "https://www.iesdouyin.com/share/video/6851735551410769166/?region=CN&mid=6851735597086673671&u_code=0&titleType=title", "download_url": "https://www.chanmama.com/awemeDetail/6851735551410769166", "digg_count": 2641, "digg_incr": 2371, "aweme_create_time": 1595294017, "category": 13, "volume": 3, "amount": 207}, "author": {"author_id": "2981488716167966", "nickname": "慧姐好物", "follower_count": 185669}}, {"aweme": {"aweme_id": "6851880943066647823", "aweme_title": "心上人#岩音乐队 #阿吉18阿哥", "aweme_url": "https://www.iesdouyin.com/share/video/6851880943066647823/?region=CN&mid=6851880955238451975&u_code=0&titleType=title", "download_url": "https://www.chanmama.com/awemeDetail/6851880943066647823", "digg_count": 2359, "digg_incr": 2359, "aweme_create_time": 1595327854, "category": 13, "volume": 0, "amount": 0}, "author": {"author_id": "106185953598", "nickname": "@阿吉18阿哥", "follower_count": 421298}}, {"aweme": {"aweme_id": "6851846537648033028", "aweme_title": "破壁机做的玉米汁，香甜浓郁，口感细腻，您也试试吧#美食趣胃计划#破壁新饮力#玉米汁", "aweme_url": "https://www.iesdouyin.com/share/video/6851846537648033028/?region=CN&mid=6851846620535933704&u_code=0&titleType=title", "download_url": "https://www.chanmama.com/awemeDetail/6851846537648033028", "digg_count": 5150, "digg_incr": 2205, "aweme_create_time": 1595319851, "category": 13, "volume": 2, "amount": 578}, "author": {"author_id": "4287739571497512", "nickname": "小数做菜", "follower_count": 825593}}, {"aweme": {"aweme_id": "6851774386731552015", "aweme_title": "#山歌三妹  拍个视频，没那么多人看着，好尴尬哟，不管怎样，坚持拍完，哈哈哈！", "aweme_url": "https://www.iesdouyin.com/share/video/6851774386731552015/?region=CN&mid=6819430000685976333&u_code=19fjbl89kf63&titleType=title", "download_url": "https://www.chanmama.com/awemeDetail/6851774386731552015", "digg_count": 2413, "digg_incr": 2143, "aweme_create_time": 1595303044, "category": 13, "volume": 0, "amount": 0}, "author": {"author_id": "108309367706", "nickname": "山歌三妹i", "follower_count": 215635}}, {"aweme": {"aweme_id": "6851772407275949327", "aweme_title": "这首歌，还有多少朋友记得起？@抖音小助手", "aweme_url": "https://www.iesdouyin.com/share/video/6851772407275949327/?region=CN&mid=6851772440431872782&u_code=0&titleType=title", "download_url": "https://www.chanmama.com/awemeDetail/6851772407275949327", "digg_count": 2465, "digg_incr": 2103, "aweme_create_time": 1595302583, "category": 13, "volume": 0, "amount": 0}, "author": {"author_id": "1297064683376120", "nickname": "贵阳二小姐", "follower_count": 327924}}, {"aweme": {"aweme_id": "6851886528285789440", "aweme_title": "坚持喝，足不出户也能让你瘦下来！", "aweme_url": "https://www.iesdouyin.com/share/video/6851886528285789440/?region=CN&mid=6851886542382844680&u_code=0&titleType=title", "download_url": "https://www.chanmama.com/awemeDetail/6851886528285789440", "digg_count": 2076, "digg_incr": 2074, "aweme_create_time": 1595329154, "category": 13, "volume": 0, "amount": 0}, "author": {"author_id": "67203670408", "nickname": "喝出来的美", "follower_count": 117768}}, {"aweme": {"aweme_id": "6851613302053670158", "aweme_title": "#抖音我要上热门 #官方官方大爱官方热门 #好车好生意", "aweme_url": "https://www.iesdouyin.com/share/video/6851613302053670158/?region=CN&mid=6851613227425450766&u_code=2akd6hh64h1b&titleType=title", "download_url": "https://www.chanmama.com/awemeDetail/6851613302053670158", "digg_count": 2067, "digg_incr": 2063, "aweme_create_time": 1595265551, "category": 13, "volume": 10, "amount": 750}, "author": {"author_id": "2365789050766672", "nickname": "晓闯【全钢保温杯】", "follower_count": 68118}}, {"aweme": {"aweme_id": "6851837755299810571", "aweme_title": "姐妹你们的下午茶时间到了 #小海星的日常  #美食  @DOU+小助手", "aweme_url": "https://www.iesdouyin.com/share/video/6851837755299810571/?region=CN&mid=6851837969414834957&u_code=0&titleType=title", "download_url": "https://www.chanmama.com/awemeDetail/6851837755299810571", "digg_count": 9873, "digg_incr": 1976, "aweme_create_time": 1595317843, "category": 13, "volume": 0, "amount": 0}, "author": {"author_id": "61565996364", "nickname": "小小小海星", "follower_count": 119022}}, {"aweme": {"aweme_id": "6851905783781674255", "aweme_title": "#717奇妙好物在这里 确定不来一个吗😁@抖音小助手", "aweme_url": "https://www.iesdouyin.com/share/video/6851905783781674255/?region=CN&mid=6821732867245787918&u_code=0&titleType=title", "download_url": "https://www.chanmama.com/awemeDetail/6851905783781674255", "digg_count": 1967, "digg_incr": 1967, "aweme_create_time": 1595333636, "category": 13, "volume": 0, "amount": 0}, "author": {"author_id": "96635360967", "nickname": "厦门小陈数码手机维修", "follower_count": 385891}}, {"aweme": {"aweme_id": "6851738456230595840", "aweme_title": "你们都说我家像样板间，其实很简单，只需要有一个强迫症的老公。", "aweme_url": "https://www.iesdouyin.com/share/video/6851738456230595840/?region=CN&mid=6851738459221379848&u_code=0&titleType=title", "download_url": "https://www.chanmama.com/awemeDetail/6851738456230595840", "digg_count": 2188, "digg_incr": 1779, "aweme_create_time": 1595294679, "category": 13, "volume": 12, "amount": 3538}, "author": {"author_id": "71571497930", "nickname": "思思猫", "follower_count": 618455}}, {"aweme": {"aweme_id": "6851770838602042624", "aweme_title": "高考后 第13天早餐：三明治#美食 #元气早餐 #美食推荐官 #趣胃大比拼 @DOU+小助手", "aweme_url": "https://www.iesdouyin.com/share/video/6851770838602042624/?region=CN&mid=6840276208886745095&u_code=0&titleType=title", "download_url": "https://www.chanmama.com/awemeDetail/6851770838602042624", "digg_count": 2172, "digg_incr": 1708, "aweme_create_time": 1595302219, "category": 13, "volume": 0, "amount": 0}, "author": {"author_id": "66116515339", "nickname": "高三妈妈", "follower_count": 217379}}, {"aweme": {"aweme_id": "6851786625219874056", "aweme_title": "已婚女人，一定要知道这个", "aweme_url": "https://www.iesdouyin.com/share/video/6851786625219874056/?region=CN&mid=6851786643515853575&u_code=2im3cgc4l2a4&titleType=title", "download_url": "https://www.chanmama.com/awemeDetail/6851786625219874056", "digg_count": 1640, "digg_incr": 1654, "aweme_create_time": 1595305894, "category": 13, "volume": 6, "amount": 474}, "author": {"author_id": "927635515120279", "nickname": "果蔬生活", "follower_count": 40456}}, {"aweme": {"aweme_id": "6851868656381480204", "aweme_title": "我做饭是不是有点费辣椒呀 #美食趣胃计划  #美食  @抖音星探家", "aweme_url": "https://www.iesdouyin.com/share/video/6851868656381480204/?region=CN&mid=6851868817531144973&u_code=0&titleType=title", "download_url": "https://www.chanmama.com/awemeDetail/6851868656381480204", "digg_count": 2116, "digg_incr": 1645, "aweme_create_time": 1595325025, "category": 13, "volume": 0, "amount": 0}, "author": {"author_id": "103294355616", "nickname": "老薛的晚餐", "follower_count": 408070}}, {"aweme": {"aweme_id": "6851808682682895616", "aweme_title": "早餐合集✨#韭菜盒子 #三明治 #泡菜饼 #华夫饼 #九阳轻食主义", "aweme_url": "https://www.iesdouyin.com/share/video/6851808682682895616/?region=CN&mid=6846722336361597710&u_code=0&titleType=title", "download_url": "https://www.chanmama.com/awemeDetail/6851808682682895616", "digg_count": 2363, "digg_incr": 1620, "aweme_create_time": 1595321839, "category": 13, "volume": 2, "amount": 188}, "author": {"author_id": "100225853626", "nickname": "芋圆子", "follower_count": 281139}}, {"aweme": {"aweme_id": "6851870863294336269", "aweme_title": "给我们家小孕妇做了排队才能吃到的日式碎鸡饭，已经33周加了，想吃什么不都得满足她才行#美食趣胃计划 #盖饭", "aweme_url": "https://www.iesdouyin.com/share/video/6851870863294336269/?region=CN&mid=6780890680077076494&u_code=0&titleType=title", "download_url": "https://www.chanmama.com/awemeDetail/6851870863294336269", "digg_count": 1849, "digg_incr": 1604, "aweme_create_time": 1595325507, "category": 13, "volume": 0, "amount": 0}, "author": {"author_id": "111427026378", "nickname": "慧大妞美食日记", "follower_count": 663634}}, {"aweme": {"aweme_id": "6851488621803900173", "aweme_title": "野性的外观，加上极具立体感的音质，走到哪里都是焦点 #蓝牙音箱  #好物推荐", "aweme_url": "https://www.iesdouyin.com/share/video/6851488621803900173/?region=CN&mid=6851488752653716232&u_code=0&titleType=title", "download_url": "https://www.chanmama.com/awemeDetail/6851488621803900173", "digg_count": 1637, "digg_incr": 1599, "aweme_create_time": 1595296920, "category": 13, "volume": 2, "amount": 798}, "author": {"author_id": "3109029435938573", "nickname": "科技创想", "follower_count": 386695}}, {"aweme": {"aweme_id": "6851852261887380749", "aweme_title": "#情感 #爱情 #扎心  你就是没人要的过期小孩！", "aweme_url": "https://www.iesdouyin.com/share/video/6851852261887380749/?region=CN&mid=6851852277372685064&u_code=0&titleType=title", "download_url": "https://www.chanmama.com/awemeDetail/6851852261887380749", "digg_count": 2122, "digg_incr": 1528, "aweme_create_time": 1595321177, "category": 13, "volume": 4, "amount": 1196}, "author": {"author_id": "59682886026", "nickname": "芸芸众生", "follower_count": 359529}}, {"aweme": {"aweme_id": "6851870944038784264", "aweme_title": "最近两只小猫咪一直在适应新环境，所以更新的慢了点～#橘猫日常 #猫咪", "aweme_url": "https://www.iesdouyin.com/share/video/6851870944038784264/?region=CN&mid=6757879100113046285&u_code=0&titleType=title", "download_url": "https://www.chanmama.com/awemeDetail/6851870944038784264", "digg_count": 1850, "digg_incr": 1508, "aweme_create_time": 1595325526, "category": 13, "volume": 0, "amount": 0}, "author": {"author_id": "52966995427", "nickname": "波比是只橘喵", "follower_count": 538002}}, {"aweme": {"aweme_id": "6851779352128998669", "aweme_title": "这样的猫想不想来一只～能给你做好吃的还会收拾干净的那种#夏日美食我来探 #好物推荐 #萌宠成精了@抖音小助手", "aweme_url": "https://www.iesdouyin.com/share/video/6851779352128998669/?region=CN&mid=6851779385176296206&u_code=0&titleType=title", "download_url": "https://www.chanmama.com/awemeDetail/6851779352128998669", "digg_count": 1941, "digg_incr": 1454, "aweme_create_time": 1595304201, "category": 13, "volume": 1, "amount": 479}, "author": {"author_id": "106582942731", "nickname": "中华厨猫", "follower_count": 507546}}, {"aweme": {"aweme_id": "6851890742667889934", "aweme_title": "超简单的红豆沙，自己做健康无添加！细腻香甜，可以用来做各种点心哦！#破壁新饮力", "aweme_url": "https://www.iesdouyin.com/share/video/6851890742667889934/?region=CN&mid=6851890760137100046&u_code=0&titleType=title", "download_url": "https://www.chanmama.com/awemeDetail/6851890742667889934", "digg_count": 8193, "digg_incr": 1436, "aweme_create_time": 1595330135, "category": 13, "volume": 0, "amount": 0}, "author": {"author_id": "83267292262", "nickname": "阿梅厨房", "follower_count": 413866}}, {"aweme": {"aweme_id": "6851719156203605261", "aweme_title": "每天一杯#健康果汁", "aweme_url": "https://www.iesdouyin.com/share/video/6851719156203605261/?region=CN&mid=6851719125786577678&u_code=i5hd8ml6f59&titleType=title", "download_url": "https://www.chanmama.com/awemeDetail/6851719156203605261", "digg_count": 8356, "digg_incr": 1398, "aweme_create_time": 1595290187, "category": 13, "volume": 0, "amount": 0}, "author": {"author_id": "927635515120279", "nickname": "果蔬生活", "follower_count": 40456}}, {"aweme": {"aweme_id": "6851840592536784128", "aweme_title": "智能全自动扫地机器人，它干活，你享受！", "aweme_url": "https://www.iesdouyin.com/share/video/6851840592536784128/?region=CN&mid=6851840602842549000&u_code=0&titleType=title", "download_url": "https://www.chanmama.com/awemeDetail/6851840592536784128", "digg_count": 1401, "digg_incr": 1378, "aweme_create_time": 1595318460, "category": 13, "volume": 11, "amount": 1089}, "author": {"author_id": "3298153820859272", "nickname": "安健达百货", "follower_count": 17222}}, {"aweme": {"aweme_id": "6851600437217447180", "aweme_title": "人老先老腿#膝盖保护 #膝关节 是关键！坚持#锻炼 每天这样做，七十八十想去哪去哪！", "aweme_url": "https://www.iesdouyin.com/share/video/6851600437217447180/?region=CN&mid=6848509031313672968&u_code=166g7db45a26&titleType=title", "download_url": "https://www.chanmama.com/awemeDetail/6851600437217447180", "digg_count": 1373, "digg_incr": 1373, "aweme_create_time": 1595262563, "category": 13, "volume": 3, "amount": 237}, "author": {"author_id": "61717344934", "nickname": "霞姐（奕林霞骨柔情", "follower_count": 98782}}, {"aweme": {"aweme_id": "6851846102103182600", "aweme_title": "感谢@抖音小助手 @诚辉装饰设计（东莞）有限公司", "aweme_url": "https://www.iesdouyin.com/share/video/6851846102103182600/?region=CN&mid=6538278322722802445&u_code=41j79i5dlc8m&titleType=title", "download_url": "https://www.chanmama.com/awemeDetail/6851846102103182600", "digg_count": 1902, "digg_incr": 1365, "aweme_create_time": 1595319743, "category": 13, "volume": 0, "amount": 0}, "author": {"author_id": "52220157791", "nickname": "朱辉师傅～诚辉软装", "follower_count": 54742}}, {"aweme": {"aweme_id": "6851747193473256716", "aweme_title": "#美食趣胃计划 #咸蛋黄豆腐 当咸蛋黄遇见豆腐，你猜会有什么结果", "aweme_url": "https://www.iesdouyin.com/share/video/6851747193473256716/?region=CN&mid=6728278156312182791&u_code=31186i4kmg41&titleType=title", "download_url": "https://www.chanmama.com/awemeDetail/6851747193473256716", "digg_count": 1346, "digg_incr": 1333, "aweme_create_time": 1595296720, "category": 13, "volume": 0, "amount": 0}, "author": {"author_id": "2787959867978432", "nickname": "王晓丫", "follower_count": 26808}}, {"aweme": {"aweme_id": "6851921025286933774", "aweme_title": "暴躁爷爷为什么这么火？#暴躁老韩头喊话邓紫棋 #暴躁老韩头儿 #邓紫棋 @DOU+小助手 #短视频", "aweme_url": "https://www.iesdouyin.com/share/video/6851921025286933774/?region=CN&mid=6851921063564036878&u_code=1h7f30l0i9ha&titleType=title", "download_url": "https://www.chanmama.com/awemeDetail/6851921025286933774", "digg_count": 1515, "digg_incr": 1306, "aweme_create_time": 1595337185, "category": 13, "volume": 0, "amount": 0}, "author": {"author_id": "70049376686", "nickname": "问号哥", "follower_count": 61886}}, {"aweme": {"aweme_id": "6851860178875239692", "aweme_title": "家里的三明治机不要落灰了，快来跟我一起解锁新吃法吧！#美食推荐官 #三明治 @抖音小助手@DOU+小助手", "aweme_url": "https://www.iesdouyin.com/share/video/6851860178875239692/?region=CN&mid=6751809785441552385&u_code=0&titleType=title", "download_url": "https://www.chanmama.com/awemeDetail/6851860178875239692", "digg_count": 1543, "digg_incr": 1304, "aweme_create_time": 1595327678, "category": 13, "volume": 0, "amount": 0}, "author": {"author_id": "4481244038704583", "nickname": "肖肖（做饭日常）", "follower_count": 556081}}, {"aweme": {"aweme_id": "6851765834042461453", "aweme_title": "无油炸物 快乐双倍 ~ #热门   #炸鸡翅  @抖音小助手", "aweme_url": "https://www.iesdouyin.com/share/video/6851765834042461453/?region=CN&mid=6851765958093179655&u_code=1e86e3gfc222&titleType=title", "download_url": "https://www.chanmama.com/awemeDetail/6851765834042461453", "digg_count": 1318, "digg_incr": 1303, "aweme_create_time": 1595301078, "category": 13, "volume": 0, "amount": 0}, "author": {"author_id": "1314641698622467", "nickname": "小仙女也爱喝下午茶", "follower_count": 62825}}, {"aweme": {"aweme_id": "6851716291565243659", "aweme_title": "不会喝酒、不会打牌，这是我唯一的爱好😂", "aweme_url": "https://www.iesdouyin.com/share/video/6851716291565243659/?region=CN&mid=6787578370658978563&u_code=0&titleType=title", "download_url": "https://www.chanmama.com/awemeDetail/6851716291565243659", "digg_count": 1654, "digg_incr": 1275, "aweme_create_time": 1595289530, "category": 13, "volume": 0, "amount": 0}, "author": {"author_id": "108730860588", "nickname": "一生安然！张姐", "follower_count": 122475}}, {"aweme": {"aweme_id": "6851700822296808711", "aweme_title": "跑步时间久了你会发现：会失去很多东西：恶习，懒惰，借口，你将重新找回自己！#跑步 #自律 #四季运动俱乐部", "aweme_url": "https://www.iesdouyin.com/share/video/6851700822296808711/?region=CN&mid=6665584810238544648&u_code=2a110239dl8l&titleType=title", "download_url": "https://www.chanmama.com/awemeDetail/6851700822296808711", "digg_count": 1301, "digg_incr": 1274, "aweme_create_time": 1595285921, "category": 13, "volume": 5, "amount": 605.6}, "author": {"author_id": "98796883086", "nickname": "军哥【汗水英雄联盟】", "follower_count": 51756}}, {"aweme": {"aweme_id": "6851887873457802496", "aweme_title": "翻脸不如翻身，生气不如争气，抱怨不如改变，小事稳大事狠，没人扶的时候你要站稳，姑娘，你要加油。", "aweme_url": "https://www.iesdouyin.com/share/video/6851887873457802496/?region=CN&mid=6841128234370665223&u_code=4f9k1f14a4ch&titleType=title", "download_url": "https://www.chanmama.com/awemeDetail/6851887873457802496", "digg_count": 1533, "digg_incr": 1263, "aweme_create_time": 1595329467, "category": 13, "volume": 0, "amount": 0}, "author": {"author_id": "66861308087", "nickname": "涧口，晓儿", "follower_count": 39914}}, {"aweme": {"aweme_id": "6851807710640393483", "aweme_title": "这个小祖宗真的很难伺候！我太难了！#居家好物 #宠物", "aweme_url": "https://www.iesdouyin.com/share/video/6851807710640393483/?region=CN&mid=6851807744756910856&u_code=0&titleType=title", "download_url": "https://www.chanmama.com/awemeDetail/6851807710640393483", "digg_count": 2235, "digg_incr": 1234, "aweme_create_time": 1595310810, "category": 13, "volume": 0, "amount": 0}, "author": {"author_id": "2260192351235419", "nickname": "匈牙利小飞侠", "follower_count": 232085}}, {"aweme": {"aweme_id": "6851871701379173632", "aweme_title": "#717直播带货 嘴就是这么硬😁", "aweme_url": "https://www.iesdouyin.com/share/video/6851871701379173632/?region=CN&mid=6840344742195448589&u_code=0&titleType=title", "download_url": "https://www.chanmama.com/awemeDetail/6851871701379173632", "digg_count": 3197, "digg_incr": 1225, "aweme_create_time": 1595325702, "category": 13, "volume": 0, "amount": 0}, "author": {"author_id": "96635360967", "nickname": "厦门小陈数码手机维修", "follower_count": 385891}}, {"aweme": {"aweme_id": "6851880596856229120", "aweme_title": "给生活添点音乐🎵#留下免费的小红心 #热门", "aweme_url": "https://www.iesdouyin.com/share/video/6851880596856229120/?region=CN&mid=6851880621157960461&u_code=22e1bbj622k&titleType=title", "download_url": "https://www.chanmama.com/awemeDetail/6851880596856229120", "digg_count": 1913, "digg_incr": 1197, "aweme_create_time": 1595327773, "category": 13, "volume": 0, "amount": 0}, "author": {"author_id": "1648915089991544", "nickname": "石家庄盈盈特美声", "follower_count": 98587}}, {"aweme": {"aweme_id": "6851906140146601216", "aweme_title": "有了它在家就能做#水果干 #蔬菜脆 ，大家想试试榴莲干或者西瓜干吗？#717奇妙好物在这里", "aweme_url": "https://www.iesdouyin.com/share/video/6851906140146601216/?region=CN&mid=6677821758940121859&u_code=0&titleType=title", "download_url": "https://www.chanmama.com/awemeDetail/6851906140146601216", "digg_count": 1726, "digg_incr": 1184, "aweme_create_time": 1595333720, "category": 13, "volume": 0, "amount": 0}, "author": {"author_id": "96089881161", "nickname": "京内科技馆", "follower_count": 934788}}, {"aweme": {"aweme_id": "6851766617794170120", "aweme_title": "蓝牙音箱需要有哪些协议#十万个怎么做", "aweme_url": "https://www.iesdouyin.com/share/video/6851766617794170120/?region=CN&mid=6851766690603076366&u_code=0&titleType=title", "download_url": "https://www.chanmama.com/awemeDetail/6851766617794170120", "digg_count": 1673, "digg_incr": 1170, "aweme_create_time": 1595301243, "category": 13, "volume": 0, "amount": 0}, "author": {"author_id": "57573215374", "nickname": "小宇-宙工程师", "follower_count": 480707}}, {"aweme": {"aweme_id": "6851908313399971079", "aweme_title": "飞机：感觉有被秃头警告⚠️ #萨摩耶 #摩飞吸尘器", "aweme_url": "https://www.iesdouyin.com/share/video/6851908313399971079/?region=CN&mid=6851908333935954696&u_code=0&titleType=title", "download_url": "https://www.chanmama.com/awemeDetail/6851908313399971079", "digg_count": 1343, "digg_incr": 1164, "aweme_create_time": 1595334226, "category": 13, "volume": 0, "amount": 0}, "author": {"author_id": "62966272520", "nickname": "飞机爱喝养乐多", "follower_count": 104828}}, {"aweme": {"aweme_id": "6851880501792230656", "aweme_title": "中式经典，百看不厌❤️@抖音小助手", "aweme_url": "https://www.iesdouyin.com/share/video/6851880501792230656/?region=CN&mid=6851880533031504653&u_code=0&titleType=title", "download_url": "https://www.chanmama.com/awemeDetail/6851880501792230656", "digg_count": 3174, "digg_incr": 1159, "aweme_create_time": 1595327751, "category": 13, "volume": 0, "amount": 0}, "author": {"author_id": "3478498243515287", "nickname": "澜翎建科", "follower_count": 150286}}, {"aweme": {"aweme_id": "6851743860289178888", "aweme_title": "迷你缝纫机", "aweme_url": "https://www.iesdouyin.com/share/video/6851743860289178888/?region=CN&mid=6835893981923117838&u_code=2akd6hh64h1b&titleType=title", "download_url": "https://www.chanmama.com/awemeDetail/6851743860289178888", "digg_count": 3504, "digg_incr": 1120, "aweme_create_time": 1595295937, "category": 13, "volume": 0, "amount": 0}, "author": {"author_id": "3157413051765296", "nickname": ".优质好物", "follower_count": 21288}}, {"aweme": {"aweme_id": "6851709572437134607", "aweme_title": "如果无人替你挡风雨 何不活成自己的战士 从虚弱到坚强 我做到了#坚强的女孩", "aweme_url": "https://www.iesdouyin.com/share/video/6851709572437134607/?region=CN&mid=6832910934973942535&u_code=15jlg8e5ah89&titleType=title", "download_url": "https://www.chanmama.com/awemeDetail/6851709572437134607", "digg_count": 1255, "digg_incr": 1116, "aweme_create_time": 1595287957, "category": 13, "volume": 0, "amount": 0}, "author": {"author_id": "62449505194", "nickname": "遇见·滕胜美", "follower_count": 71948}}, {"aweme": {"aweme_id": "6851823537116810496", "aweme_title": "经典视频，百看不厌。第206部第4⃣️节", "aweme_url": "https://www.iesdouyin.com/share/video/6851823537116810496/?region=CN&mid=6851823570641783566&u_code=1h7f30l0i9ha&titleType=title", "download_url": "https://www.chanmama.com/awemeDetail/6851823537116810496", "digg_count": 1264, "digg_incr": 1084, "aweme_create_time": 1595314490, "category": 13, "volume": 0, "amount": 0}, "author": {"author_id": "373477910256427", "nickname": "经典视频，百看不厌", "follower_count": 546559}}, {"aweme": {"aweme_id": "6851871738175737095", "aweme_title": "4Ｋ智能网络电视#源头实力厂家抖音助手 #喜欢双击加关注", "aweme_url": "https://www.iesdouyin.com/share/video/6851871738175737095/?region=CN&mid=6851871761059957512&u_code=0&titleType=title", "download_url": "https://www.chanmama.com/awemeDetail/6851871738175737095", "digg_count": 1774, "digg_incr": 1083, "aweme_create_time": 1595325711, "category": 13, "volume": 0, "amount": 0}, "author": {"author_id": "43594109427176", "nickname": "宏迪电子", "follower_count": 161167}}, {"aweme": {"aweme_id": "6851520714168749319", "aweme_title": "不到一公斤的吸尘器，吸力居然这么大。养宠物的和小户型挺值得拥有。@DOU+小助手", "aweme_url": "https://www.iesdouyin.com/share/video/6851520714168749319/?region=CN&mid=6763537065238956812&u_code=0&titleType=title", "download_url": "https://www.chanmama.com/awemeDetail/6851520714168749319", "digg_count": 1593, "digg_incr": 1046, "aweme_create_time": 1595294982, "category": 13, "volume": 0, "amount": 0}, "author": {"author_id": "73831880985", "nickname": "刘先森.", "follower_count": 207154}}, {"aweme": {"aweme_id": "6851823771989347584", "aweme_title": "经典视频，百看不厌。第206部第5⃣️节", "aweme_url": "https://www.iesdouyin.com/share/video/6851823771989347584/?region=CN&mid=6851823777178012424&u_code=2g9cfffeefe2&titleType=title", "download_url": "https://www.chanmama.com/awemeDetail/6851823771989347584", "digg_count": 1068, "digg_incr": 1029, "aweme_create_time": 1595314544, "category": 13, "volume": 0, "amount": 0}, "author": {"author_id": "373477910256427", "nickname": "经典视频，百看不厌", "follower_count": 546559}}, {"aweme": {"aweme_id": "6851485348942351616", "aweme_title": "人一旦悟透了，就会变得沉默，不是没有与人相处的能力，而是没有了与人逢场做戏的兴趣#电动拖把#好物分享", "aweme_url": "https://www.iesdouyin.com/share/video/6851485348942351616/?region=CN&mid=6851485371487030030&u_code=0&titleType=title", "download_url": "https://www.chanmama.com/awemeDetail/6851485348942351616", "digg_count": 1307, "digg_incr": 1028, "aweme_create_time": 1595321367, "category": 13, "volume": 0, "amount": 0}, "author": {"author_id": "76152634595", "nickname": "莫墨", "follower_count": 816570}}, {"aweme": {"aweme_id": "6851762496156470543", "aweme_title": "@梁红唱歌🎤发了一个抖音短视频，你尽管点开，不好看算我输！", "aweme_url": "https://www.iesdouyin.com/share/video/6851762496156470543/?region=CN&mid=6851762514913528583&u_code=0&titleType=", "download_url": "https://www.chanmama.com/awemeDetail/6851762496156470543", "digg_count": 1487, "digg_incr": 1001, "aweme_create_time": 1595300275, "category": 13, "volume": 0, "amount": 0}, "author": {"author_id": "21620223914964", "nickname": "梁红唱歌🎤", "follower_count": 243127}}, {"aweme": {"aweme_id": "6851869730081459471", "aweme_title": "这样的早餐你要不要来一份#美食趣胃计划 @抖音小助手", "aweme_url": "https://www.iesdouyin.com/share/video/6851869730081459471/?region=CN&mid=6828150725706140430&u_code=0&titleType=title", "download_url": "https://www.chanmama.com/awemeDetail/6851869730081459471", "digg_count": 1058, "digg_incr": 997, "aweme_create_time": 1595325243, "category": 13, "volume": 0, "amount": 0}, "author": {"author_id": "1692895618545371", "nickname": "可可KE", "follower_count": 120079}}, {"aweme": {"aweme_id": "6851780273017801984", "aweme_title": "房子是租的，生活是自己的，幸福就是一家四口👨‍👩‍👦‍👦一日三餐！#潮汕人 @DOU+小助手", "aweme_url": "https://www.iesdouyin.com/share/video/6851780273017801984/?region=CN&mid=6827405456265726728&u_code=0&titleType=title", "download_url": "https://www.chanmama.com/awemeDetail/6851780273017801984", "digg_count": 1112, "digg_incr": 906, "aweme_create_time": 1595304415, "category": 13, "volume": 0, "amount": 0}, "author": {"author_id": "62459683356", "nickname": "心简单~潮汕宝妈👩", "follower_count": 196551}}, {"aweme": {"aweme_id": "6851841510196006152", "aweme_title": "厨房面积小，想装洗碗机？今天这期认真看，储物空间比想象的大多了 @抖音小助手@DOU+小助手", "aweme_url": "https://www.iesdouyin.com/share/video/6851841510196006152/?region=CN&mid=6851841620531333901&u_code=0&titleType=title", "download_url": "https://www.chanmama.com/awemeDetail/6851841510196006152", "digg_count": 1763, "digg_incr": 896, "aweme_create_time": 1595323380, "category": 13, "volume": 0, "amount": 0}, "author": {"author_id": "103544949349", "nickname": "小多装修帮", "follower_count": 887818}}, {"aweme": {"aweme_id": "6851922998061026575", "aweme_title": "#田馥甄 #演员", "aweme_url": "https://www.iesdouyin.com/share/video/6851922998061026575/?region=CN&mid=6851923157973207821&u_code=2kf531i7iek5&titleType=title", "download_url": "https://www.chanmama.com/awemeDetail/6851922998061026575", "digg_count": 1002, "digg_incr": 874, "aweme_create_time": 1595337644, "category": 13, "volume": 0, "amount": 0}, "author": {"author_id": "59732184869", "nickname": "最强现场", "follower_count": 50055}}, {"aweme": {"aweme_id": "6851887938293239054", "aweme_title": "#玩出你的热爱 #农村 #户外唱歌 #才艺 #陇南方言说唱@抖音小助手 陇南老乡顶起来", "aweme_url": "https://www.iesdouyin.com/share/video/6851887938293239054/?region=CN&mid=6851887970434239245&u_code=2g9cfffeefe2&titleType=title", "download_url": "https://www.chanmama.com/awemeDetail/6851887938293239054", "digg_count": 1534, "digg_incr": 829, "aweme_create_time": 1595329482, "category": 13, "volume": 0, "amount": 0}, "author": {"author_id": "103352613871", "nickname": "高山🎤", "follower_count": 98762}}, {"aweme": {"aweme_id": "6851768449996197135", "aweme_title": "#家常美食分享 简单又好吃的皮牙子饼@DOU+小助手", "aweme_url": "https://www.iesdouyin.com/share/video/6851768449996197135/?region=CN&mid=6851768455041960718&u_code=0&titleType=title", "download_url": "https://www.chanmama.com/awemeDetail/6851768449996197135", "digg_count": 1251, "digg_incr": 808, "aweme_create_time": 1595301662, "category": 13, "volume": 0, "amount": 0}, "author": {"author_id": "2335006431644878", "nickname": "吐鲁番美食频道", "follower_count": 239726}}, {"aweme": {"aweme_id": "6851856328617463040", "aweme_title": "黄桃罐头原来这么简单！就是外面内味儿！#美食推荐官 #美食趣胃计划 @抖音小助手", "aweme_url": "https://www.iesdouyin.com/share/video/6851856328617463040/?region=CN&mid=6851856353028360967&u_code=0&titleType=title", "download_url": "https://www.chanmama.com/awemeDetail/6851856328617463040", "digg_count": 1301, "digg_incr": 781, "aweme_create_time": 1595322123, "category": 13, "volume": 1, "amount": 69}, "author": {"author_id": "70790255059", "nickname": "你泡", "follower_count": 269673}}, {"aweme": {"aweme_id": "6851857447771032847", "aweme_title": "想给宝宝#补铁 醉好的方法还是吃肉肉啦！红肉含铁丰富，一周2次宝宝不缺铁，多亏#辅食机 每天高校打泥#直播 进", "aweme_url": "https://www.iesdouyin.com/share/video/6851857447771032847/?region=CN&mid=6841402024947337997&u_code=0&titleType=title", "download_url": "https://www.chanmama.com/awemeDetail/6851857447771032847", "digg_count": 2064, "digg_incr": 754, "aweme_create_time": 1595322384, "category": 13, "volume": 3, "amount": 177}, "author": {"author_id": "2137066156334110", "nickname": "乐乐麻麻❤️", "follower_count": 109312}}, {"aweme": {"aweme_id": "6851886180766616845", "aweme_title": "夫妻不合家必败，一个家全靠夫妻同心经营，一个家什么最重要，不是钱多钱少，而是和睦夫妻同心，家庭和睦在穷也能发家", "aweme_url": "https://www.iesdouyin.com/share/video/6851886180766616845/?region=CN&mid=6851886177601620743&u_code=0&titleType=title", "download_url": "https://www.chanmama.com/awemeDetail/6851886180766616845", "digg_count": 1032, "digg_incr": 743, "aweme_create_time": 1595329073, "category": 13, "volume": 2, "amount": 598}, "author": {"author_id": "60615517097", "nickname": "小柒月月", "follower_count": 284690}}, {"aweme": {"aweme_id": "6851859274415607047", "aweme_title": "女生千万别喝的三款豆浆！ #破壁机食谱", "aweme_url": "https://www.iesdouyin.com/share/video/6851859274415607047/?region=CN&mid=6851859365671242509&u_code=0&titleType=title", "download_url": "https://www.chanmama.com/awemeDetail/6851859274415607047", "digg_count": 1649, "digg_incr": 728, "aweme_create_time": 1595322829, "category": 13, "volume": 2, "amount": 398}, "author": {"author_id": "3038684109355175", "nickname": "笑笑美食", "follower_count": 741784}}, {"aweme": {"aweme_id": "6851878333223881984", "aweme_title": "土豆这样做，100岁以下的孩子都喜欢！🙈#早餐吃什么 #晚餐吃什么 @DOU+小助手 @抖音小助手", "aweme_url": "https://www.iesdouyin.com/share/video/6851878333223881984/?region=CN&mid=6851878339632696078&u_code=0&titleType=title", "download_url": "https://www.chanmama.com/awemeDetail/6851878333223881984", "digg_count": 1380, "digg_incr": 657, "aweme_create_time": 1595327246, "category": 13, "volume": 0, "amount": 0}, "author": {"author_id": "100462597607", "nickname": "嘻嘻美食", "follower_count": 897911}}, {"aweme": {"aweme_id": "6851884083149147405", "aweme_title": "#717抖音奇妙好物市集 原来还可以这样操作丫……@抖音小助手", "aweme_url": "https://www.iesdouyin.com/share/video/6851884083149147405/?region=CN&mid=6851884094687693582&u_code=0&titleType=title", "download_url": "https://www.chanmama.com/awemeDetail/6851884083149147405", "digg_count": 2018, "digg_incr": 634, "aweme_create_time": 1595328585, "category": 13, "volume": 0, "amount": 0}, "author": {"author_id": "4067835091616515", "nickname": "厦门闫亚伟手机维修中心", "follower_count": 314189}}, {"aweme": {"aweme_id": "6851938788038446351", "aweme_title": "roses imanbek remix#哈萨克斯坦 #混音 #imanbek remix#热门 #排行榜第一", "aweme_url": "https://www.iesdouyin.com/share/video/6851938788038446351/?region=CN&mid=6850441896235059981&u_code=1h7f30l0i9ha&titleType=title", "download_url": "https://www.chanmama.com/awemeDetail/6851938788038446351", "digg_count": 1843, "digg_incr": 616, "aweme_create_time": 1595341320, "category": 13, "volume": 0, "amount": 0}, "author": {"author_id": "97318978610", "nickname": "在出差", "follower_count": 4104}}, {"aweme": {"aweme_id": "6851907751124159755", "aweme_title": "#粤新粤潮粤有味 #玛莎拉蒂锋芒玩家 #云台山电音节 #果味相投一起混", "aweme_url": "https://www.iesdouyin.com/share/video/6851907751124159755/?region=CN&mid=6837003551991253768&u_code=43c903be2lid&titleType=title", "download_url": "https://www.chanmama.com/awemeDetail/6851907751124159755", "digg_count": 6072, "digg_incr": 595, "aweme_create_time": 1595334100, "category": 13, "volume": 0, "amount": 0}, "author": {"author_id": "3355347597918791", "nickname": "佳一严选服装工厂", "follower_count": 91051}}, {"aweme": {"aweme_id": "6851827010738605323", "aweme_title": "吃饺子用它绞馅方便了", "aweme_url": "https://www.iesdouyin.com/share/video/6851827010738605323/?region=CN&mid=6851827041084508936&u_code=42621ee1iak1&titleType=title", "download_url": "https://www.chanmama.com/awemeDetail/6851827010738605323", "digg_count": 1072, "digg_incr": 590, "aweme_create_time": 1595315305, "category": 13, "volume": 6, "amount": 474}, "author": {"author_id": "1134314824673671", "nickname": "阿雅百货.", "follower_count": 17516}}]}