{"data": [{"aweme": {"aweme_id": "6851775915551198464", "aweme_title": "总是惊人的相似  猜猜发现了什么", "aweme_url": "https://www.iesdouyin.com/share/video/6851775915551198464/?region=CN&mid=6851775965152987917&u_code=0&titleType=title", "download_url": "https://www.chanmama.com/awemeDetail/6851775915551198464", "digg_count": 55981, "digg_incr": 39506, "aweme_create_time": 1595303401, "category": 14, "volume": 19, "amount": 12920}, "author": {"author_id": "101665618819", "nickname": "鑫塞汽贸", "follower_count": 258495}}, {"aweme": {"aweme_id": "6851854336021122304", "aweme_title": "#公司管理 #企业管理", "aweme_url": "https://www.iesdouyin.com/share/video/6851854336021122304/?region=CN&mid=6851854344380271374&u_code=294bg9c3e87k&titleType=title", "download_url": "https://www.chanmama.com/awemeDetail/6851854336021122304", "digg_count": 28085, "digg_incr": 24004, "aweme_create_time": 1595321660, "category": 14, "volume": 0, "amount": 0}, "author": {"author_id": "1802822655940744", "nickname": "经营心得", "follower_count": 60245}}, {"aweme": {"aweme_id": "6851737388784340239", "aweme_title": "一贴止漏哪漏贴哪，", "aweme_url": "https://www.iesdouyin.com/share/video/6851737388784340239/?region=CN&mid=6851737376499174158&u_code=0&titleType=title", "download_url": "https://www.chanmama.com/awemeDetail/6851737388784340239", "digg_count": 10922, "digg_incr": 10908, "aweme_create_time": 1595294431, "category": 14, "volume": 22, "amount": 877.8}, "author": {"author_id": "1772002104839949", "nickname": "家居好物推荐", "follower_count": 23424}}, {"aweme": {"aweme_id": "6851724696619158796", "aweme_title": "折叠沙发大人小孩都可以坐，方便拆洗，家里有宝宝的必备哦。#热门 ，#沙发@DOU+小助手 ，@抖音小助手", "aweme_url": "https://www.iesdouyin.com/share/video/6851724696619158796/?region=CN&mid=6720405617581771533&u_code=b0ge2ik4jel&titleType=title", "download_url": "https://www.chanmama.com/awemeDetail/6851724696619158796", "digg_count": 8168, "digg_incr": 6705, "aweme_create_time": 1595291485, "category": 14, "volume": 126, "amount": 9891}, "author": {"author_id": "67773512691", "nickname": "永发玩具官方旗舰店", "follower_count": 265342}}, {"aweme": {"aweme_id": "6851890935324888331", "aweme_title": "46件小套盒#汽车电器@胖妞电器售后", "aweme_url": "https://www.iesdouyin.com/share/video/6851890935324888331/?region=CN&mid=6851890986352757517&u_code=0&titleType=title", "download_url": "https://www.chanmama.com/awemeDetail/6851890935324888331", "digg_count": 5987, "digg_incr": 4179, "aweme_create_time": 1595330186, "category": 14, "volume": 0, "amount": 0}, "author": {"author_id": "108150011216", "nickname": "胖妞汽车电器", "follower_count": 218619}}, {"aweme": {"aweme_id": "6851812479366974723", "aweme_title": "很多宝宝喜欢这家服装店灯光效果给大家分享一下具体选择了哪些灯具 #服装店打光技巧 #服装店射灯 #服装实体店", "aweme_url": "https://www.iesdouyin.com/share/video/6851812479366974723/?region=CN&mid=6851812524703533838&u_code=39cg4d6b9039&titleType=title", "download_url": "https://www.chanmama.com/awemeDetail/6851812479366974723", "digg_count": 6473, "digg_incr": 4168, "aweme_create_time": 1595311922, "category": 14, "volume": 3, "amount": 116.69999999999999}, "author": {"author_id": "111577350063", "nickname": "星立照明", "follower_count": 29852}}, {"aweme": {"aweme_id": "6851894558209412366", "aweme_title": "日光石来工厂拿货  @DOU+小助手  #日光石  #珠宝", "aweme_url": "https://www.iesdouyin.com/share/video/6851894558209412366/?region=CN&mid=6851894718427613959&u_code=0&titleType=title", "download_url": "https://www.chanmama.com/awemeDetail/6851894558209412366", "digg_count": 4854, "digg_incr": 3867, "aweme_create_time": 1595331040, "category": 14, "volume": 102, "amount": 9690}, "author": {"author_id": "84867972352", "nickname": "宝石专家", "follower_count": 838293}}, {"aweme": {"aweme_id": "6851824780534877455", "aweme_title": "#公司管理 #公司制度 @抖音小助手", "aweme_url": "https://www.iesdouyin.com/share/video/6851824780534877455/?region=CN&mid=6851824781047008007&u_code=22j00im8c6fc&titleType=title", "download_url": "https://www.chanmama.com/awemeDetail/6851824780534877455", "digg_count": 45000, "digg_incr": 3694, "aweme_create_time": 1595314778, "category": 14, "volume": 35, "amount": 5880}, "author": {"author_id": "1802822655940744", "nickname": "经营心得", "follower_count": 60245}}, {"aweme": {"aweme_id": "6851906586693192960", "aweme_title": "工资这样发#员工 拼命干，好的#薪酬 模式是设计出来的，你也可以#创业 #营销 #成长充电站 @DOU+小助手", "aweme_url": "https://www.iesdouyin.com/share/video/6851906586693192960/?region=CN&mid=6851906617681939208&u_code=c70cehk5bi7&titleType=title", "download_url": "https://www.chanmama.com/awemeDetail/6851906586693192960", "digg_count": 4682, "digg_incr": 3295, "aweme_create_time": 1595333824, "category": 14, "volume": 7, "amount": 1393}, "author": {"author_id": "3386144830268695", "nickname": "宏酷企业管理天河分公司", "follower_count": 85691}}, {"aweme": {"aweme_id": "6851782474872229133", "aweme_title": "老公想要套大板茶桌无奈价格太高。刚好这个商场茶台搞活动，2000左右就可以把这个大板茶桌带回家#茶台 #家具", "aweme_url": "https://www.iesdouyin.com/share/video/6851782474872229133/?region=CN&mid=6810571395844770572&u_code=294bg9c3e87k&titleType=title", "download_url": "https://www.chanmama.com/awemeDetail/6851782474872229133", "digg_count": 3783, "digg_incr": 3039, "aweme_create_time": 1595304928, "category": 14, "volume": 1, "amount": 2100}, "author": {"author_id": "70502625248", "nickname": "南康区胡氏匠工家具", "follower_count": 40266}}, {"aweme": {"aweme_id": "6851855687002180879", "aweme_title": "哪里不适点按哪里，和我一起点按起来吧#手部按摩 #健康小知识 #锻炼 #上热门", "aweme_url": "https://www.iesdouyin.com/share/video/6851855687002180879/?region=CN&mid=6793126687295982343&u_code=0&titleType=title", "download_url": "https://www.chanmama.com/awemeDetail/6851855687002180879", "digg_count": 3389, "digg_incr": 2901, "aweme_create_time": 1595321974, "category": 14, "volume": 3, "amount": 144}, "author": {"author_id": "95090619340", "nickname": "丽姐运动汇", "follower_count": 66502}}, {"aweme": {"aweme_id": "6851700087718972672", "aweme_title": "一贴止漏哪漏贴哪，", "aweme_url": "https://www.iesdouyin.com/share/video/6851700087718972672/?region=CN&mid=6851700004411820813&u_code=432e873lle99&titleType=title", "download_url": "https://www.chanmama.com/awemeDetail/6851700087718972672", "digg_count": 2883, "digg_incr": 2881, "aweme_create_time": 1595285750, "category": 14, "volume": 5, "amount": 199.5}, "author": {"author_id": "1772002104839949", "nickname": "家居好物推荐", "follower_count": 23424}}, {"aweme": {"aweme_id": "6851604122953583887", "aweme_title": "合格#领导 都清楚#员工 #工作 7个重点，你清楚几个呢#成长充电站 #企业号小助手 @DOU+小助手", "aweme_url": "https://www.iesdouyin.com/share/video/6851604122953583887/?region=CN&mid=6741366756297984772&u_code=97f0he9ejc9&titleType=title", "download_url": "https://www.chanmama.com/awemeDetail/6851604122953583887", "digg_count": 2865, "digg_incr": 2825, "aweme_create_time": 1595263409, "category": 14, "volume": 28, "amount": 5572}, "author": {"author_id": "3386144830268695", "nickname": "宏酷企业管理天河分公司", "follower_count": 85691}}, {"aweme": {"aweme_id": "6851762230384430343", "aweme_title": "预防腿部寒凉#腿部抽筋 每天坚持疏通腿部经#促进血液循环 #三伏天", "aweme_url": "https://www.iesdouyin.com/share/video/6851762230384430343/?region=CN&mid=6851691507787827982&u_code=0&titleType=title", "download_url": "https://www.chanmama.com/awemeDetail/6851762230384430343", "digg_count": 3690, "digg_incr": 2789, "aweme_create_time": 1595300214, "category": 14, "volume": 55, "amount": 1595}, "author": {"author_id": "1996322103889390", "nickname": "正双健康小课堂", "follower_count": 201813}}, {"aweme": {"aweme_id": "6851878203787693312", "aweme_title": "以后贵重的东西和零食统统锁起来#我捡到宝了 #蓝牙锁 #抽屉锁", "aweme_url": "https://www.iesdouyin.com/share/video/6851878203787693312/?region=CN&mid=6847434424758389518&u_code=0&titleType=title", "download_url": "https://www.chanmama.com/awemeDetail/6851878203787693312", "digg_count": 3508, "digg_incr": 2543, "aweme_create_time": 1595327216, "category": 14, "volume": 0, "amount": 0}, "author": {"author_id": "94992667248", "nickname": "手残也要买", "follower_count": 863934}}, {"aweme": {"aweme_id": "6851871243206003982", "aweme_title": "重大事件！！我竟然在上班路上捡到了这个 @抖音小助手", "aweme_url": "https://www.iesdouyin.com/share/video/6851871243206003982/?region=CN&mid=6851871329243712269&u_code=0&titleType=title", "download_url": "https://www.chanmama.com/awemeDetail/6851871243206003982", "digg_count": 3030, "digg_incr": 2180, "aweme_create_time": 1595325612, "category": 14, "volume": 2, "amount": 29.8}, "author": {"author_id": "96242969878", "nickname": "小奇文具控", "follower_count": 919537}}, {"aweme": {"aweme_id": "6851842900251217165", "aweme_title": "深圳龙华封阳台", "aweme_url": "https://www.iesdouyin.com/share/video/6851842900251217165/?region=CN&mid=6851843379110644494&u_code=b0ge2ik4jel&titleType=title", "download_url": "https://www.chanmama.com/awemeDetail/6851842900251217165", "digg_count": 2368, "digg_incr": 2126, "aweme_create_time": 1595319097, "category": 14, "volume": 0, "amount": 0}, "author": {"author_id": "285491842261784", "nickname": "深圳市伟锋装饰建材有限公司", "follower_count": 53686}}, {"aweme": {"aweme_id": "6851845010485185804", "aweme_title": "女孩子哪有什么退路，父母不是退路，嫁人不是退路，经济独立跟自身的能力才是最大的底气。#原相机", "aweme_url": "https://www.iesdouyin.com/share/video/6851845010485185804/?region=CN&mid=6749353148151794446&u_code=27l4hke24855&titleType=title", "download_url": "https://www.chanmama.com/awemeDetail/6851845010485185804", "digg_count": 2501, "digg_incr": 2123, "aweme_create_time": 1595319496, "category": 14, "volume": 4, "amount": 232}, "author": {"author_id": "98902995854", "nickname": "啊土豆儿", "follower_count": 55191}}, {"aweme": {"aweme_id": "6851802402203405583", "aweme_title": "我没有奢望，我只想你快乐，没有哀伤。#抖音上热门 #别限流 #毛绒玩具", "aweme_url": "https://www.iesdouyin.com/share/video/6851802402203405583/?region=CN&mid=6776098055981631492&u_code=379jm8h3l53m&titleType=title", "download_url": "https://www.chanmama.com/awemeDetail/6851802402203405583", "digg_count": 2061, "digg_incr": 2047, "aweme_create_time": 1595309568, "category": 14, "volume": 2, "amount": 158}, "author": {"author_id": "84309421435", "nickname": "聚速毛绒玩具", "follower_count": 48191}}, {"aweme": {"aweme_id": "6851880607555931396", "aweme_title": "你连我都不喜欢，你喜欢什么，喜之郎吗？@抖音小助手", "aweme_url": "https://www.iesdouyin.com/share/video/6851880607555931396/?region=CN&mid=6796720837061036807&u_code=0&titleType=title", "download_url": "https://www.chanmama.com/awemeDetail/6851880607555931396", "digg_count": 2328, "digg_incr": 1948, "aweme_create_time": 1595327783, "category": 14, "volume": 0, "amount": 0}, "author": {"author_id": "100532471567", "nickname": "藏地神鸟品牌服饰", "follower_count": 279776}}, {"aweme": {"aweme_id": "6851743983870184708", "aweme_title": "偷电违法！狗年流行这种灯，不交电费，不花一分电钱", "aweme_url": "https://www.iesdouyin.com/share/video/6851743983870184708/?region=CN&mid=6851744010659220237&u_code=287m9658k8h5&titleType=title", "download_url": "https://www.chanmama.com/awemeDetail/6851743983870184708", "digg_count": 1745, "digg_incr": 1739, "aweme_create_time": 1595295972, "category": 14, "volume": 1, "amount": 128}, "author": {"author_id": "6424222910", "nickname": "句瑞新媒体", "follower_count": 482529}}, {"aweme": {"aweme_id": "6851595488894962958", "aweme_title": "时尚拼色露肩上衣 洋气的荷叶边设计 搭配一条百搭包臀裙 遮肉又有气质#穿搭#时尚", "aweme_url": "https://www.iesdouyin.com/share/video/6851595488894962958/?region=CN&mid=6851595564417698573&u_code=1j0gg92c5cf9&titleType=title", "download_url": "https://www.chanmama.com/awemeDetail/6851595488894962958", "digg_count": 1766, "digg_incr": 1709, "aweme_create_time": 1595302200, "category": 14, "volume": 170, "amount": 8330}, "author": {"author_id": "62594186718", "nickname": "小魔女时尚穿搭", "follower_count": 202283}}, {"aweme": {"aweme_id": "6851871407203224844", "aweme_title": "#自己装修 即使不能入住，每天下班仍然忍不住想要过来看看。#家 #榻榻米 #卧室 #触感灯", "aweme_url": "https://www.iesdouyin.com/share/video/6851871407203224844/?region=CN&mid=6844464421595514887&u_code=19fjbl89kf63&titleType=title", "download_url": "https://www.chanmama.com/awemeDetail/6851871407203224844", "digg_count": 2431, "digg_incr": 1679, "aweme_create_time": 1595325641, "category": 14, "volume": 0, "amount": 0}, "author": {"author_id": "1785234464972176", "nickname": "宋先生的装修日记🔥", "follower_count": 62146}}, {"aweme": {"aweme_id": "6851782975651138824", "aweme_title": "不用插卡也不用拉网线三网自由转换", "aweme_url": "https://www.iesdouyin.com/share/video/6851782975651138824/?region=CN&mid=6807747957543176205&u_code=1j0gg92c5cf9&titleType=title", "download_url": "https://www.chanmama.com/awemeDetail/6851782975651138824", "digg_count": 1599, "digg_incr": 1580, "aweme_create_time": 1595305067, "category": 14, "volume": 15, "amount": 5985}, "author": {"author_id": "4384505873309127", "nickname": "华垣供应链", "follower_count": 10280}}, {"aweme": {"aweme_id": "6851820629801356559", "aweme_title": "这是我给自己换的第四套沙发，每一套都喜欢，可还是想折腾……这喜新厌旧是水平特有的毛病吗#生活vlog", "aweme_url": "https://www.iesdouyin.com/share/video/6851820629801356559/?region=CN&mid=6776172364062296843&u_code=0&titleType=title", "download_url": "https://www.chanmama.com/awemeDetail/6851820629801356559", "digg_count": 3434, "digg_incr": 1549, "aweme_create_time": 1595313812, "category": 14, "volume": 0, "amount": 0}, "author": {"author_id": "76152634595", "nickname": "莫墨", "follower_count": 816570}}, {"aweme": {"aweme_id": "6851896866842381568", "aweme_title": "女性拍肝经，皮肤漂亮又干净，健康又年轻！赶紧行动起来！#拍肝经 #健康 #年轻 #皮肤 #女性 #热门", "aweme_url": "https://www.iesdouyin.com/share/video/6851896866842381568/?region=CN&mid=6851896879552154381&u_code=0&titleType=title", "download_url": "https://www.chanmama.com/awemeDetail/6851896866842381568", "digg_count": 1793, "digg_incr": 1453, "aweme_create_time": 1595331561, "category": 14, "volume": 8, "amount": 384}, "author": {"author_id": "111577578436", "nickname": "甘叶爱健康", "follower_count": 840476}}, {"aweme": {"aweme_id": "6851766254303284488", "aweme_title": "#717奇妙好物在这里", "aweme_url": "https://www.iesdouyin.com/share/video/6851766254303284488/?region=CN&mid=6851766270007020296&u_code=2djliel256ai&titleType=title", "download_url": "https://www.chanmama.com/awemeDetail/6851766254303284488", "digg_count": 1511, "digg_incr": 1441, "aweme_create_time": 1595301151, "category": 14, "volume": 23, "amount": 3449.7700000000004}, "author": {"author_id": "2418554064090511", "nickname": "俏伊人真皮女鞋", "follower_count": 191666}}, {"aweme": {"aweme_id": "6851779275750739207", "aweme_title": "预防腿部寒凉爱抽筋，每天坚持小腿腹部疏通", "aweme_url": "https://www.iesdouyin.com/share/video/6851779275750739207/?region=CN&mid=6800657387302292232&u_code=3la461jgflmb&titleType=title", "download_url": "https://www.chanmama.com/awemeDetail/6851779275750739207", "digg_count": 1898, "digg_incr": 1333, "aweme_create_time": 1595304183, "category": 14, "volume": 8, "amount": 232}, "author": {"author_id": "3368502891382840", "nickname": "东林健康管理", "follower_count": 494596}}, {"aweme": {"aweme_id": "6851872991127588111", "aweme_title": "好多人奇怪卧室为什么也贴瓷砖，大概是因为穿高跟鞋不怕踩吧！卧室没有吊顶，贴了一圈石膏边线，不落灰关健省💰！", "aweme_url": "https://www.iesdouyin.com/share/video/6851872991127588111/?region=CN&mid=6764333841717921794&u_code=0&titleType=title", "download_url": "https://www.chanmama.com/awemeDetail/6851872991127588111", "digg_count": 4821, "digg_incr": 1313, "aweme_create_time": 1595326002, "category": 14, "volume": 0, "amount": 0}, "author": {"author_id": "101813029657", "nickname": "随遇而安～", "follower_count": 154682}}, {"aweme": {"aweme_id": "6851863269720821006", "aweme_title": "#玛莎拉蒂锋芒玩家 #功能沙发 #一起揉揉小肚子 @DOU+小助手", "aweme_url": "https://www.iesdouyin.com/share/video/6851863269720821006/?region=CN&mid=6851863286812986125&u_code=0&titleType=title", "download_url": "https://www.chanmama.com/awemeDetail/6851863269720821006", "digg_count": 1809, "digg_incr": 1233, "aweme_create_time": 1595323739, "category": 14, "volume": 0, "amount": 0}, "author": {"author_id": "56207623582", "nickname": "麦吉纳", "follower_count": 823140}}, {"aweme": {"aweme_id": "6851885374692789517", "aweme_title": "胖兵带你测评一个汛期必备的应急神器 #测评测评  #好物推荐", "aweme_url": "https://www.iesdouyin.com/share/video/6851885374692789517/?region=CN&mid=6851885472261294855&u_code=0&titleType=title", "download_url": "https://www.chanmama.com/awemeDetail/6851885374692789517", "digg_count": 1456, "digg_incr": 1115, "aweme_create_time": 1595328905, "category": 14, "volume": 1, "amount": 128}, "author": {"author_id": "98498349234", "nickname": "铁血胖兵", "follower_count": 304290}}, {"aweme": {"aweme_id": "6851738719066574088", "aweme_title": "#免生料带垫 #硅胶垫 #橡胶垫 #角阀垫 #网红垫 #堵水电 #密封垫 #代替生料带垫子  #奔亿水暖", "aweme_url": "https://www.iesdouyin.com/share/video/6851738719066574088/?region=CN&mid=6851738739757107982&u_code=e9jhj6ecge5&titleType=title", "download_url": "https://www.chanmama.com/awemeDetail/6851738719066574088", "digg_count": 1101, "digg_incr": 1096, "aweme_create_time": 1595294749, "category": 14, "volume": 29, "amount": 522}, "author": {"author_id": "103297929509", "nickname": "奔亿水暖管件", "follower_count": 77732}}, {"aweme": {"aweme_id": "6851809876126059788", "aweme_title": "感谢大家们的关爱和关注，小慧我会坚强勇敢的战胜肿瘤的， 在此感谢抖音平台感谢家人的陪伴🙏@DOU＋小助手", "aweme_url": "https://www.iesdouyin.com/share/video/6851809876126059788/?region=CN&mid=6850735579913145095&u_code=3la461jgflmb&titleType=title", "download_url": "https://www.chanmama.com/awemeDetail/6851809876126059788", "digg_count": 1147, "digg_incr": 1072, "aweme_create_time": 1595311317, "category": 14, "volume": 0, "amount": 0}, "author": {"author_id": "98777517038", "nickname": "小慧（周三周六晚8点直播）哦", "follower_count": 73094}}, {"aweme": {"aweme_id": "6851868817522560270", "aweme_title": "小小门阻报警器，给你大大安全感#好物推荐 #了不起的生活好物", "aweme_url": "https://www.iesdouyin.com/share/video/6851868817522560270/?region=CN&mid=6851868842688596744&u_code=0&titleType=title", "download_url": "https://www.chanmama.com/awemeDetail/6851868817522560270", "digg_count": 1203, "digg_incr": 1022, "aweme_create_time": 1595325031, "category": 14, "volume": 0, "amount": 0}, "author": {"author_id": "320682526524887", "nickname": "吴笛咚的种草鸡", "follower_count": 506166}}, {"aweme": {"aweme_id": "6851868916818431245", "aweme_title": "1.5米宽卧室榻榻米这样做好看实用省空间#榻榻米 #次卧装修", "aweme_url": "https://www.iesdouyin.com/share/video/6851868916818431245/?region=CN&mid=6791443309609879566&u_code=0&titleType=title", "download_url": "https://www.chanmama.com/awemeDetail/6851868916818431245", "digg_count": 1209, "digg_incr": 1002, "aweme_create_time": 1595325054, "category": 14, "volume": 5, "amount": 640}, "author": {"author_id": "99421720332", "nickname": "天怡濠庭装饰", "follower_count": 986308}}, {"aweme": {"aweme_id": "6851767739493797135", "aweme_title": "久坐腰疼，真是办公椅背锅？ #办公室 @抖音小助手", "aweme_url": "https://www.iesdouyin.com/share/video/6851767739493797135/?region=CN&mid=6851767771907328775&u_code=0&titleType=title", "download_url": "https://www.chanmama.com/awemeDetail/6851767739493797135", "digg_count": 1277, "digg_incr": 999, "aweme_create_time": 1595325600, "category": 14, "volume": 0, "amount": 0}, "author": {"author_id": "3689548927731884", "nickname": "小白研究员", "follower_count": 263304}}, {"aweme": {"aweme_id": "6851857485930745103", "aweme_title": "@濮豫太阳能灯具发了一个抖音短视频，你尽管点开，不好看算我输！", "aweme_url": "https://www.iesdouyin.com/share/video/6851857485930745103/?region=CN&mid=6851857764398926600&u_code=40mi32g6l471&titleType=", "download_url": "https://www.chanmama.com/awemeDetail/6851857485930745103", "digg_count": 1367, "digg_incr": 982, "aweme_create_time": 1595322414, "category": 14, "volume": 0, "amount": 0}, "author": {"author_id": "4503675973536153", "nickname": "濮豫太阳能灯具", "follower_count": 109413}}, {"aweme": {"aweme_id": "6851777388095868171", "aweme_title": "焊锡环。。。。#工具", "aweme_url": "https://www.iesdouyin.com/share/video/6851777388095868171/?region=CN&mid=6851777827210136334&u_code=1j0gg92c5cf9&titleType=title", "download_url": "https://www.chanmama.com/awemeDetail/6851777388095868171", "digg_count": 7289, "digg_incr": 968, "aweme_create_time": 1595303750, "category": 14, "volume": 4, "amount": 199.6}, "author": {"author_id": "2559289364330200", "nickname": "磊哥", "follower_count": 50358}}, {"aweme": {"aweme_id": "6851764369831873807", "aweme_title": "可以挂小店链接了 再发一次", "aweme_url": "https://www.iesdouyin.com/share/video/6851764369831873807/?region=CN&mid=6851764389251500813&u_code=0&titleType=title", "download_url": "https://www.chanmama.com/awemeDetail/6851764369831873807", "digg_count": 3265, "digg_incr": 951, "aweme_create_time": 1595300712, "category": 14, "volume": 0, "amount": 0}, "author": {"author_id": "82469193731", "nickname": "拎包入住-软装设计", "follower_count": 378659}}, {"aweme": {"aweme_id": "6851888033843760399", "aweme_title": "#礼物 真的太梦幻了 ✨🐚", "aweme_url": "https://www.iesdouyin.com/share/video/6851888033843760399/?region=CN&mid=6846360354948188936&u_code=24lj60c7kgi7&titleType=title", "download_url": "https://www.chanmama.com/awemeDetail/6851888033843760399", "digg_count": 1049, "digg_incr": 907, "aweme_create_time": 1595329504, "category": 14, "volume": 0, "amount": 0}, "author": {"author_id": "96648404802", "nickname": "温柔希希🐰", "follower_count": 54493}}, {"aweme": {"aweme_id": "6851780143267073287", "aweme_title": "这款沙发盘腿坐、葛优躺、可以轻松容纳各种放飞姿势，半躺着放松更是一种享受，而且它的颜色、尺寸都可以定制。", "aweme_url": "https://www.iesdouyin.com/share/video/6851780143267073287/?region=CN&mid=6851780167740820238&u_code=0&titleType=title", "download_url": "https://www.chanmama.com/awemeDetail/6851780143267073287", "digg_count": 1853, "digg_incr": 889, "aweme_create_time": 1595304385, "category": 14, "volume": 0, "amount": 0}, "author": {"author_id": "61173269225", "nickname": "K.Y.Y", "follower_count": 231209}}, {"aweme": {"aweme_id": "6851897315762916623", "aweme_title": "生意不要做的太委屈 利润微薄的年代 你信任我三言两语就能成交 你不信任拍场电影也是徒劳#美甲 #汉中", "aweme_url": "https://www.iesdouyin.com/share/video/6851897315762916623/?region=CN&mid=6667842454072331020&u_code=419chlmg0h1h&titleType=title", "download_url": "https://www.chanmama.com/awemeDetail/6851897315762916623", "digg_count": 1438, "digg_incr": 865, "aweme_create_time": 1595331665, "category": 14, "volume": 0, "amount": 0}, "author": {"author_id": "3909508658378251", "nickname": "汉中VIVI NAIL美甲美睫(西大街）", "follower_count": 44974}}, {"aweme": {"aweme_id": "6851776644051504399", "aweme_title": "@铺砖人生发了一个抖音短视频，你尽管点开，不好看算我输！", "aweme_url": "https://www.iesdouyin.com/share/video/6851776644051504399/?region=CN&mid=6851776670010247943&u_code=1e86e3gfc222&titleType=", "download_url": "https://www.chanmama.com/awemeDetail/6851776644051504399", "digg_count": 1154, "digg_incr": 827, "aweme_create_time": 1595303570, "category": 14, "volume": 0, "amount": 0}, "author": {"author_id": "72559200291", "nickname": "铺砖人生", "follower_count": 451802}}, {"aweme": {"aweme_id": "6851840736015420687", "aweme_title": "上条视频火了 很多人跟我要链接🔗 现在它来了！ 有人说它像界王用的球，它像吗？#礼物", "aweme_url": "https://www.iesdouyin.com/share/video/6851840736015420687/?region=CN&mid=6839543209786395406&u_code=0&titleType=title", "download_url": "https://www.chanmama.com/awemeDetail/6851840736015420687", "digg_count": 187311, "digg_incr": 788, "aweme_create_time": 1595318493, "category": 14, "volume": 0, "amount": 0}, "author": {"author_id": "4353717600009719", "nickname": "憨糯童鞋", "follower_count": 48298}}, {"aweme": {"aweme_id": "6851903151683947791", "aweme_title": "@铺砖人生发了一个抖音短视频，你尽管点开，不好看算我输！", "aweme_url": "https://www.iesdouyin.com/share/video/6851903151683947791/?region=CN&mid=6824391923466242056&u_code=0&titleType=", "download_url": "https://www.chanmama.com/awemeDetail/6851903151683947791", "digg_count": 1135, "digg_incr": 785, "aweme_create_time": 1595333024, "category": 14, "volume": 0, "amount": 0}, "author": {"author_id": "72559200291", "nickname": "铺砖人生", "follower_count": 451802}}, {"aweme": {"aweme_id": "6851901615440416015", "aweme_title": "@铺砖人生发了一个抖音短视频，你尽管点开，不好看算我输！", "aweme_url": "https://www.iesdouyin.com/share/video/6851901615440416015/?region=CN&mid=6851901641575189261&u_code=0&titleType=", "download_url": "https://www.chanmama.com/awemeDetail/6851901615440416015", "digg_count": 1121, "digg_incr": 770, "aweme_create_time": 1595332666, "category": 14, "volume": 0, "amount": 0}, "author": {"author_id": "72559200291", "nickname": "铺砖人生", "follower_count": 451802}}, {"aweme": {"aweme_id": "6851840143528086798", "aweme_title": "户外折叠餐桌椅#周村家具#户外家具 #夏日炎炎有你超甜 #家具 #实木家具 #实木 #折叠餐桌 #热门", "aweme_url": "https://www.iesdouyin.com/share/video/6851840143528086798/?region=CN&mid=6842254333094938626&u_code=27l4hke24855&titleType=title", "download_url": "https://www.chanmama.com/awemeDetail/6851840143528086798", "digg_count": 5529, "digg_incr": 765, "aweme_create_time": 1595318355, "category": 14, "volume": 1, "amount": 1000}, "author": {"author_id": "95281311074", "nickname": "周村光头家具", "follower_count": 12058}}, {"aweme": {"aweme_id": "6851882130964892943", "aweme_title": "@铺砖人生发了一个抖音短视频，你尽管点开，不好看算我输！", "aweme_url": "https://www.iesdouyin.com/share/video/6851882130964892943/?region=CN&mid=6851882142293691144&u_code=2aaielbd02mb&titleType=", "download_url": "https://www.chanmama.com/awemeDetail/6851882130964892943", "digg_count": 1087, "digg_incr": 733, "aweme_create_time": 1595328131, "category": 14, "volume": 0, "amount": 0}, "author": {"author_id": "72559200291", "nickname": "铺砖人生", "follower_count": 451802}}, {"aweme": {"aweme_id": "6851862872625007886", "aweme_title": "你们用的是哪种方法呢？#苹果手机 #截屏 #@DOU+小助手", "aweme_url": "https://www.iesdouyin.com/share/video/6851862872625007886/?region=CN&mid=6851862879952849671&u_code=0&titleType=title", "download_url": "https://www.chanmama.com/awemeDetail/6851862872625007886", "digg_count": 1617, "digg_incr": 669, "aweme_create_time": 1595323647, "category": 14, "volume": 0, "amount": 0}, "author": {"author_id": "4124974282708398", "nickname": "小拇指数码", "follower_count": 373158}}, {"aweme": {"aweme_id": "6851906997114211599", "aweme_title": "五脏最喜欢的大扫除，就是每天花五分钟的时间拍打八窝，快来行动吧#锻炼#健康", "aweme_url": "https://www.iesdouyin.com/share/video/6851906997114211599/?region=CN&mid=6851728512517163790&u_code=0&titleType=title", "download_url": "https://www.chanmama.com/awemeDetail/6851906997114211599", "digg_count": 1143, "digg_incr": 652, "aweme_create_time": 1595333919, "category": 14, "volume": 1, "amount": 48}, "author": {"author_id": "1033181630836109", "nickname": "周姐分享", "follower_count": 324510}}, {"aweme": {"aweme_id": "6851814859659693326", "aweme_title": "女性多拍#肝经 皮肤好，心情也会更好，脾气也好了#锻炼", "aweme_url": "https://www.iesdouyin.com/share/video/6851814859659693326/?region=CN&mid=6709266471953894151&u_code=0&titleType=title", "download_url": "https://www.chanmama.com/awemeDetail/6851814859659693326", "digg_count": 1065, "digg_incr": 620, "aweme_create_time": 1595312469, "category": 14, "volume": 7, "amount": 336}, "author": {"author_id": "1996322103889390", "nickname": "正双健康小课堂", "follower_count": 201813}}, {"aweme": {"aweme_id": "6851920550365809927", "aweme_title": "垃圾#公司 的七大特征#管理 #人才 #老板 #717奇妙好物在这里 @DOU+小助手", "aweme_url": "https://www.iesdouyin.com/share/video/6851920550365809927/?region=CN&mid=6711845501571975939&u_code=1j0gg92c5cf9&titleType=title", "download_url": "https://www.chanmama.com/awemeDetail/6851920550365809927", "digg_count": 1222, "digg_incr": 614, "aweme_create_time": 1595337074, "category": 14, "volume": 1, "amount": 199}, "author": {"author_id": "105048560435", "nickname": "广州宏投国际管理咨询有限公司分公司", "follower_count": 82694}}, {"aweme": {"aweme_id": "6851803236555361543", "aweme_title": "软装的灵魂就是灯具，我家用了快一年的魔豆灯，越看越爱！我不要你觉得，我只要我觉得#北欧风 #灯灯灯灯", "aweme_url": "https://www.iesdouyin.com/share/video/6851803236555361543/?region=CN&mid=6851803234785381128&u_code=0&titleType=title", "download_url": "https://www.chanmama.com/awemeDetail/6851803236555361543", "digg_count": 1422, "digg_incr": 610, "aweme_create_time": 1595309762, "category": 14, "volume": 0, "amount": 0}, "author": {"author_id": "60377884355", "nickname": "蛋蛋小可爱🧸ྀི", "follower_count": 317699}}, {"aweme": {"aweme_id": "6851689271921888527", "aweme_title": "这样接电流绝对没有了，绝对不会发热了。", "aweme_url": "https://www.iesdouyin.com/share/video/6851689271921888527/?region=CN&mid=6851689149779561230&u_code=i5hd8ml6f59&titleType=title", "download_url": "https://www.chanmama.com/awemeDetail/6851689271921888527", "digg_count": 2721, "digg_incr": 584, "aweme_create_time": 1595283236, "category": 14, "volume": 0, "amount": 0}, "author": {"author_id": "60704769427", "nickname": "第一电力工程", "follower_count": 569477}}, {"aweme": {"aweme_id": "6851725964334976267", "aweme_title": "这是多久没有回娘家的小媳妇呀😂😂#毛驴修蹄", "aweme_url": "https://www.iesdouyin.com/share/video/6851725964334976267/?region=CN&mid=6851725965437995790&u_code=0&titleType=title", "download_url": "https://www.chanmama.com/awemeDetail/6851725964334976267", "digg_count": 1067, "digg_incr": 533, "aweme_create_time": 1595291779, "category": 14, "volume": 0, "amount": 0}, "author": {"author_id": "111197881584", "nickname": "毛小驴爱吃草", "follower_count": 237885}}, {"aweme": {"aweme_id": "6851801819425885447", "aweme_title": "家里又添了可爱的小马椅 特别充满童趣 大人孩子都可以坐上面玩#好物推荐", "aweme_url": "https://www.iesdouyin.com/share/video/6851801819425885447/?region=CN&mid=6808028118134032392&u_code=0&titleType=title", "download_url": "https://www.chanmama.com/awemeDetail/6851801819425885447", "digg_count": 1221, "digg_incr": 413, "aweme_create_time": 1595309432, "category": 14, "volume": 0, "amount": 0}, "author": {"author_id": "58906554520", "nickname": "艾家居好物分享", "follower_count": 666071}}, {"aweme": {"aweme_id": "6851872610603584768", "aweme_title": "点击我头像找到火山铺子购买", "aweme_url": "https://www.iesdouyin.com/share/video/6851872610603584768/?region=CN&mid=6851872802782317326&u_code=4a7f7d9ah194&titleType=title", "download_url": "https://www.chanmama.com/awemeDetail/6851872610603584768", "digg_count": 1973, "digg_incr": 357, "aweme_create_time": 1595325933, "category": 14, "volume": 0, "amount": 0}, "author": {"author_id": "2616486501025191", "nickname": "光头强工具🧰", "follower_count": 53258}}]}