{"data": [{"aweme": {"aweme_id": "6851710925318245646", "aweme_title": "#司马懿 与“#卧龙”、“#凤雏”等飘逸雅致的绰号不同，他的外号是令人望而生畏的“冢虎”#三国 #历史", "aweme_url": "https://www.iesdouyin.com/share/video/6851710925318245646/?region=CN&mid=6851710896402631431&u_code=0&titleType=title", "download_url": "https://www.chanmama.com/awemeDetail/6851710925318245646", "digg_count": 52439, "digg_incr": 51438, "aweme_create_time": 1595288272, "category": 15, "volume": 2, "amount": 176}, "author": {"author_id": "62273926162", "nickname": "育哥", "follower_count": 190243}}, {"aweme": {"aweme_id": "6851903866229837070", "aweme_title": "人在社会上一定要分清楚谁是羊，谁是狼。 #处世智慧", "aweme_url": "https://www.iesdouyin.com/share/video/6851903866229837070/?region=CN&mid=6851903995813530375&u_code=0&titleType=title", "download_url": "https://www.chanmama.com/awemeDetail/6851903866229837070", "digg_count": 88624, "digg_incr": 42908, "aweme_create_time": 1595333211, "category": 15, "volume": 0, "amount": 0}, "author": {"author_id": "6434635151", "nickname": "智慧人生", "follower_count": 482161}}, {"aweme": {"aweme_id": "6851898607021411592", "aweme_title": "回头看看那么长的路，只有你还在陪着自己，学会不依赖任何东西，才是给自己雪中送碳#励志正能量 #文案", "aweme_url": "https://www.iesdouyin.com/share/video/6851898607021411592/?region=CN&mid=6851898620942273293&u_code=0&titleType=title", "download_url": "https://www.chanmama.com/awemeDetail/6851898607021411592", "digg_count": 42666, "digg_incr": 20139, "aweme_create_time": 1595331966, "category": 15, "volume": 17, "amount": 584.8}, "author": {"author_id": "62675992539", "nickname": "Power_LAC", "follower_count": 658407}}, {"aweme": {"aweme_id": "6851439259438550280", "aweme_title": "#大宅门 二奶奶太会说话了，太会沟通了，不卑不亢", "aweme_url": "https://www.iesdouyin.com/share/video/6851439259438550280/?region=CN&mid=6851439658090498829&u_code=2akd6hh64h1b&titleType=title", "download_url": "https://www.chanmama.com/awemeDetail/6851439259438550280", "digg_count": 21697, "digg_incr": 17661, "aweme_create_time": 1595293200, "category": 15, "volume": 8, "amount": 238.4}, "author": {"author_id": "1569749394002958", "nickname": "人生智囊", "follower_count": 726378}}, {"aweme": {"aweme_id": "6851778066658708747", "aweme_title": "形象的包装#格局 #思维 #形象 #人生感悟", "aweme_url": "https://www.iesdouyin.com/share/video/6851778066658708747/?region=CN&mid=6851778159382481678&u_code=0&titleType=title", "download_url": "https://www.chanmama.com/awemeDetail/6851778066658708747", "digg_count": 19550, "digg_incr": 16694, "aweme_create_time": 1595303909, "category": 15, "volume": 10, "amount": 680}, "author": {"author_id": "536177459861292", "nickname": "創思维达人", "follower_count": 270865}}, {"aweme": {"aweme_id": "6851689201059024135", "aweme_title": "如果你不小心翻到这个视频，那么你今天一天的运气都爆棚了#创意 #我要上大热门 #祝福", "aweme_url": "https://www.iesdouyin.com/share/video/6851689201059024135/?region=CN&mid=6848348968804420356&u_code=0&titleType=title", "download_url": "https://www.chanmama.com/awemeDetail/6851689201059024135", "digg_count": 13587, "digg_incr": 13075, "aweme_create_time": 1595283219, "category": 15, "volume": 5, "amount": 49.5}, "author": {"author_id": "63331444436", "nickname": "诗诗【免费教特效】", "follower_count": 302741}}, {"aweme": {"aweme_id": "6851891676798045452", "aweme_title": "如果你讲话的时候没有重点，没办法将想法准确的表达出来，那么你应该读读这本书#关键对话", "aweme_url": "https://www.iesdouyin.com/share/video/6851891676798045452/?region=CN&mid=6851891711271766797&u_code=0&titleType=title", "download_url": "https://www.chanmama.com/awemeDetail/6851891676798045452", "digg_count": 11903, "digg_incr": 12152, "aweme_create_time": 1595334955, "category": 15, "volume": 22, "amount": 990}, "author": {"author_id": "694501909994573", "nickname": "樊登精选解析", "follower_count": 364977}}, {"aweme": {"aweme_id": "6851860104099171584", "aweme_title": "欧洲一弹丸小国,却对日本持续宣战百年#探秘 #巨量中国 #历史 #趣味历史 #二战", "aweme_url": "https://www.iesdouyin.com/share/video/6851860104099171584/?region=CN&mid=6851860123881278221&u_code=0&titleType=title", "download_url": "https://www.chanmama.com/awemeDetail/6851860104099171584", "digg_count": 11179, "digg_incr": 10307, "aweme_create_time": 1595323002, "category": 15, "volume": 0, "amount": 0}, "author": {"author_id": "2862720290394269", "nickname": "咩咩历史", "follower_count": 922143}}, {"aweme": {"aweme_id": "6851751829307428096", "aweme_title": "被长辈问工资多少该如何巧妙回应#高情商与口才", "aweme_url": "https://www.iesdouyin.com/share/video/6851751829307428096/?region=CN&mid=6851751833784781576&u_code=0&titleType=title", "download_url": "https://www.chanmama.com/awemeDetail/6851751829307428096", "digg_count": 9690, "digg_incr": 9674, "aweme_create_time": 1595297792, "category": 15, "volume": 0, "amount": 0}, "author": {"author_id": "663707827578904", "nickname": "财富世界", "follower_count": 184909}}, {"aweme": {"aweme_id": "6851748869689068800", "aweme_title": "#一起揉揉小肚子", "aweme_url": "https://www.iesdouyin.com/share/video/6851748869689068800/?region=CN&mid=6851748880606857997&u_code=0&titleType=title", "download_url": "https://www.chanmama.com/awemeDetail/6851748869689068800", "digg_count": 14906, "digg_incr": 9594, "aweme_create_time": 1595297103, "category": 15, "volume": 1, "amount": 65}, "author": {"author_id": "2875939187600831", "nickname": "胖胖说", "follower_count": 186194}}, {"aweme": {"aweme_id": "6851917774655147277", "aweme_title": "你可以模仿我转圈圈 但是我的小内八 我的驼背 我的耸肩🤷‍♂️ 这气质你们模仿不来的 独一无二", "aweme_url": "https://www.iesdouyin.com/share/video/6851917774655147277/?region=CN&mid=6824441291406101262&u_code=jlj3h5hh617&titleType=title", "download_url": "https://www.chanmama.com/awemeDetail/6851917774655147277", "digg_count": 11279, "digg_incr": 9569, "aweme_create_time": 1595336428, "category": 15, "volume": 4, "amount": 186.4}, "author": {"author_id": "81556042931", "nickname": "大脸酥服装工厂（七月宠粉月）", "follower_count": 616511}}, {"aweme": {"aweme_id": "6851770278993792270", "aweme_title": "为什么优秀的人都选择了出家？ #马云 #雷军 #王兴 视他为偶像 你知道吗？@DOU+小助手", "aweme_url": "https://www.iesdouyin.com/share/video/6851770278993792270/?region=CN&mid=6851770573320653582&u_code=0&titleType=title", "download_url": "https://www.chanmama.com/awemeDetail/6851770278993792270", "digg_count": 13365, "digg_incr": 9552, "aweme_create_time": 1595302152, "category": 15, "volume": 17, "amount": 646}, "author": {"author_id": "101514520203", "nickname": "智慧之道", "follower_count": 462196}}, {"aweme": {"aweme_id": "6851810447327317263", "aweme_title": "就算有猛男，某队也难走远！#nba #湖人 #勇士 #nba吐槽大会", "aweme_url": "https://www.iesdouyin.com/share/video/6851810447327317263/?region=CN&mid=6851810482345544461&u_code=0&titleType=title", "download_url": "https://www.chanmama.com/awemeDetail/6851810447327317263", "digg_count": 10215, "digg_incr": 9325, "aweme_create_time": 1595311441, "category": 15, "volume": 3, "amount": 204}, "author": {"author_id": "59041598377", "nickname": "徐静雨", "follower_count": 819611}}, {"aweme": {"aweme_id": "6851900411033439499", "aweme_title": "那一夜我也曾梦见百万雄兵#德云社 #郭德纲", "aweme_url": "https://www.iesdouyin.com/share/video/6851900411033439499/?region=CN&mid=6851900452684843790&u_code=0&titleType=title", "download_url": "https://www.chanmama.com/awemeDetail/6851900411033439499", "digg_count": 12531, "digg_incr": 8354, "aweme_create_time": 1595332391, "category": 15, "volume": 7, "amount": 273}, "author": {"author_id": "1503745576549051", "nickname": "德云语录", "follower_count": 925241}}, {"aweme": {"aweme_id": "6851768365627870464", "aweme_title": "#五月天 五月天《知足》。如果你快乐不是为我，会不会放手其实才是拥有", "aweme_url": "https://www.iesdouyin.com/share/video/6851768365627870464/?region=CN&mid=6851768376848485128&u_code=0&titleType=title", "download_url": "https://www.chanmama.com/awemeDetail/6851768365627870464", "digg_count": 10998, "digg_incr": 8318, "aweme_create_time": 1595301643, "category": 15, "volume": 10, "amount": 1350}, "author": {"author_id": "95892646991", "nickname": "五月天饭团", "follower_count": 534842}}, {"aweme": {"aweme_id": "6851891199796628739", "aweme_title": "#重启之极海听雷 大家都看了么？#朱一龙 版#吴邪 太可了！#都来读书", "aweme_url": "https://www.iesdouyin.com/share/video/6851891199796628739/?region=CN&mid=6851891240133675790&u_code=0&titleType=title", "download_url": "https://www.chanmama.com/awemeDetail/6851891199796628739", "digg_count": 21990, "digg_incr": 8264, "aweme_create_time": 1595330246, "category": 15, "volume": 1, "amount": 31}, "author": {"author_id": "95419395467", "nickname": "磨铁图书（破云2来啦）", "follower_count": 475637}}, {"aweme": {"aweme_id": "6851757671817727246", "aweme_title": "都在说印度的缺点，它真的如此不堪吗？是时候该说说印度的优点了", "aweme_url": "https://www.iesdouyin.com/share/video/6851757671817727246/?region=CN&mid=6851757740193336071&u_code=d3cj78d2g00&titleType=title", "download_url": "https://www.chanmama.com/awemeDetail/6851757671817727246", "digg_count": 10588, "digg_incr": 7997, "aweme_create_time": 1595299153, "category": 15, "volume": 0, "amount": 0}, "author": {"author_id": "659319315512221", "nickname": "哦吼", "follower_count": 902055}}, {"aweme": {"aweme_id": "6851706359956638988", "aweme_title": "只有刻意练习，才能成为想要的自己！#英语 #亲子教育 #正能量 #励志 #学浪计划@老师也疯狂", "aweme_url": "https://www.iesdouyin.com/share/video/6851706359956638988/?region=CN&mid=6741956621959695115&u_code=0&titleType=title", "download_url": "https://www.chanmama.com/awemeDetail/6851706359956638988", "digg_count": 12132, "digg_incr": 7585, "aweme_create_time": 1595287218, "category": 15, "volume": 21, "amount": 1428}, "author": {"author_id": "2801179046714379", "nickname": "Jerry轻松说英语", "follower_count": 452291}}, {"aweme": {"aweme_id": "6851728619148971277", "aweme_title": "胡吃海塞命易，有钱难买老来瘦！#健康 #养生 #寿命 #身体 #人生", "aweme_url": "https://www.iesdouyin.com/share/video/6851728619148971277/?region=CN&mid=6834426693139516173&u_code=0&titleType=title", "download_url": "https://www.chanmama.com/awemeDetail/6851728619148971277", "digg_count": 8755, "digg_incr": 7579, "aweme_create_time": 1595292390, "category": 15, "volume": 0, "amount": 0}, "author": {"author_id": "51771442470", "nickname": "春雷说事", "follower_count": 565302}}, {"aweme": {"aweme_id": "6851902420579028232", "aweme_title": "好男人和坏男人！#情感 #婚姻 #婚姻家庭 #我要上热门 #感谢抖音平台", "aweme_url": "https://www.iesdouyin.com/share/video/6851902420579028232/?region=CN&mid=6851902454452570894&u_code=0&titleType=title", "download_url": "https://www.chanmama.com/awemeDetail/6851902420579028232", "digg_count": 8591, "digg_incr": 7381, "aweme_create_time": 1595332854, "category": 15, "volume": 1, "amount": 36}, "author": {"author_id": "67652971111", "nickname": "sailing远航（情感主播）", "follower_count": 349945}}, {"aweme": {"aweme_id": "6851890710447131907", "aweme_title": "珍惜在乎自己的人，远离不在乎自己的人", "aweme_url": "https://www.iesdouyin.com/share/video/6851890710447131907/?region=CN&mid=6851890746606242573&u_code=0&titleType=title", "download_url": "https://www.chanmama.com/awemeDetail/6851890710447131907", "digg_count": 9749, "digg_incr": 7197, "aweme_create_time": 1595330132, "category": 15, "volume": 1, "amount": 48}, "author": {"author_id": "2348194232014599", "nickname": "苏晨说", "follower_count": 216539}}, {"aweme": {"aweme_id": "6851792522943974671", "aweme_title": "22年工龄很优秀，但名人堂一般不太重视这个！#nba #经典nba #nba吐槽大会 #卡特", "aweme_url": "https://www.iesdouyin.com/share/video/6851792522943974671/?region=CN&mid=6851792553995094798&u_code=0&titleType=title", "download_url": "https://www.chanmama.com/awemeDetail/6851792522943974671", "digg_count": 7613, "digg_incr": 6898, "aweme_create_time": 1595307267, "category": 15, "volume": 1, "amount": 68}, "author": {"author_id": "59041598377", "nickname": "徐静雨", "follower_count": 819611}}, {"aweme": {"aweme_id": "6851759642402360589", "aweme_title": "中世界各国都发明了什么？中国发明的你都知道哪些？#冷知识 #科普", "aweme_url": "https://www.iesdouyin.com/share/video/6851759642402360589/?region=CN&mid=6851759646957456141&u_code=0&titleType=title", "download_url": "https://www.chanmama.com/awemeDetail/6851759642402360589", "digg_count": 6911, "digg_incr": 6852, "aweme_create_time": 1595299612, "category": 15, "volume": 0, "amount": 0}, "author": {"author_id": "101512118892", "nickname": "学而思轻课", "follower_count": 224245}}, {"aweme": {"aweme_id": "6851869284717710607", "aweme_title": "生病的时候能遇到一好大夫也是一种幸福~#医德 #果味相投一起混", "aweme_url": "https://www.iesdouyin.com/share/video/6851869284717710607/?region=CN&mid=6851869305559059207&u_code=0&titleType=title", "download_url": "https://www.chanmama.com/awemeDetail/6851869284717710607", "digg_count": 15686, "digg_incr": 6575, "aweme_create_time": 1595325140, "category": 15, "volume": 1, "amount": 49.8}, "author": {"author_id": "3579602984514430", "nickname": "德云·语录馆", "follower_count": 263825}}, {"aweme": {"aweme_id": "6851910413181897999", "aweme_title": "到底是谁左右我们的选择？“大胃王”挑战背后的秘密！#商业@DOU+小助手", "aweme_url": "https://www.iesdouyin.com/share/video/6851910413181897999/?region=CN&mid=6851910830857865998&u_code=304j0386f40l&titleType=title", "download_url": "https://www.chanmama.com/awemeDetail/6851910413181897999", "digg_count": 8824, "digg_incr": 6564, "aweme_create_time": 1595334715, "category": 15, "volume": 3, "amount": 179.7}, "author": {"author_id": "241516788324029", "nickname": "楠叔夜读", "follower_count": 783796}}, {"aweme": {"aweme_id": "6851841944482483456", "aweme_title": "有哑铃的粉丝们跟我练起来，随时随地教你轻松打造强悍粗劲手臂和3d立体肩，记得点击小黄车加入我的训练营！#健身", "aweme_url": "https://www.iesdouyin.com/share/video/6851841944482483456/?region=CN&mid=6851841973448477447&u_code=0&titleType=title", "download_url": "https://www.chanmama.com/awemeDetail/6851841944482483456", "digg_count": 7597, "digg_incr": 6408, "aweme_create_time": 1595318774, "category": 15, "volume": 56, "amount": 554.4}, "author": {"author_id": "276680044446364", "nickname": "健美冠军王森贵", "follower_count": 601502}}, {"aweme": {"aweme_id": "6851770131622694159", "aweme_title": "立德立功立言三不朽，千古第一完人曾国藩，他的做人做事智慧值得我们一生研读#智慧 #曾国藩", "aweme_url": "https://www.iesdouyin.com/share/video/6851770131622694159/?region=CN&mid=6620187452218968840&u_code=0&titleType=title", "download_url": "https://www.chanmama.com/awemeDetail/6851770131622694159", "digg_count": 8955, "digg_incr": 5966, "aweme_create_time": 1595302054, "category": 15, "volume": 26, "amount": 2574}, "author": {"author_id": "61287889694", "nickname": "赢在读书", "follower_count": 322108}}, {"aweme": {"aweme_id": "6851634116530556164", "aweme_title": "第一次做领，七个必须具备的管理口诀。#商人思维", "aweme_url": "https://www.iesdouyin.com/share/video/6851634116530556164/?region=CN&mid=6851634044586347271&u_code=0&titleType=title", "download_url": "https://www.chanmama.com/awemeDetail/6851634116530556164", "digg_count": 13483, "digg_incr": 5869, "aweme_create_time": 1595270419, "category": 15, "volume": 2, "amount": 376}, "author": {"author_id": "1292678151545549", "nickname": "老张聊商业", "follower_count": 130958}}, {"aweme": {"aweme_id": "6851865910802681088", "aweme_title": "《雪球争夺战》①锻炼幼儿的手眼协调能力②锻炼幼儿的反应和判断能力。敢不敢和孩子来比赛呢？😎#猴子老师#体智能", "aweme_url": "https://www.iesdouyin.com/share/video/6851865910802681088/?region=CN&mid=6851865934047595277&u_code=0&titleType=title", "download_url": "https://www.chanmama.com/awemeDetail/6851865910802681088", "digg_count": 11294, "digg_incr": 5692, "aweme_create_time": 1595324354, "category": 15, "volume": 3, "amount": 119.69999999999999}, "author": {"author_id": "68195424515", "nickname": "猴子老师", "follower_count": 591734}}, {"aweme": {"aweme_id": "6851805727309303047", "aweme_title": "男人读教父，才知道自己是男人还是男孩。女人读教父，才知道什么是真男人的标准。  #教父 #男人", "aweme_url": "https://www.iesdouyin.com/share/video/6851805727309303047/?region=CN&mid=6848239542408465165&u_code=0&titleType=title", "download_url": "https://www.chanmama.com/awemeDetail/6851805727309303047", "digg_count": 7332, "digg_incr": 5647, "aweme_create_time": 1595310342, "category": 15, "volume": 22, "amount": 990}, "author": {"author_id": "1543364513898526", "nickname": "强者思维社", "follower_count": 377640}}, {"aweme": {"aweme_id": "6851719728516353293", "aweme_title": "新舞安排✌️#零基础爵士舞", "aweme_url": "https://www.iesdouyin.com/share/video/6851719728516353293/?region=CN&mid=6851719704915069710&u_code=0&titleType=title", "download_url": "https://www.chanmama.com/awemeDetail/6851719728516353293", "digg_count": 6322, "digg_incr": 5510, "aweme_create_time": 1595290321, "category": 15, "volume": 8, "amount": 1592}, "author": {"author_id": "65309490536", "nickname": "黄冈0713", "follower_count": 622112}}, {"aweme": {"aweme_id": "6851772326141316355", "aweme_title": "英国国土面积相当于湖南省为什么如此强大？#货币 @抖音小助手 #英国", "aweme_url": "https://www.iesdouyin.com/share/video/6851772326141316355/?region=CN&mid=6851772365727746829&u_code=0&titleType=title", "download_url": "https://www.chanmama.com/awemeDetail/6851772326141316355", "digg_count": 8882, "digg_incr": 5452, "aweme_create_time": 1595302570, "category": 15, "volume": 1, "amount": 68}, "author": {"author_id": "3478489784131790", "nickname": "正经谈钱", "follower_count": 152254}}, {"aweme": {"aweme_id": "6851722816320998671", "aweme_title": "生女儿的看过来#教育", "aweme_url": "https://www.iesdouyin.com/share/video/6851722816320998671/?region=CN&mid=6851115353431689997&u_code=0&titleType=title", "download_url": "https://www.chanmama.com/awemeDetail/6851722816320998671", "digg_count": 5159, "digg_incr": 5085, "aweme_create_time": 1595291040, "category": 15, "volume": 7, "amount": 252}, "author": {"author_id": "101258806166", "nickname": "情感自律书屋✍️", "follower_count": 213195}}, {"aweme": {"aweme_id": "6851613344919473415", "aweme_title": "话多不如话少话少不好话好，与人善言暧如不薄。 #口才  #好书推荐", "aweme_url": "https://www.iesdouyin.com/share/video/6851613344919473415/?region=CN&mid=6851613403879033608&u_code=0&titleType=title", "download_url": "https://www.chanmama.com/awemeDetail/6851613344919473415", "digg_count": 7371, "digg_incr": 5048, "aweme_create_time": 1595289000, "category": 15, "volume": 1, "amount": 48}, "author": {"author_id": "4305340180248764", "nickname": "才女卿姐", "follower_count": 169444}}, {"aweme": {"aweme_id": "6851822045622193416", "aweme_title": "每天学习一支舞#零基础爵士舞 #想起了你舞蹈", "aweme_url": "https://www.iesdouyin.com/share/video/6851822045622193416/?region=CN&mid=6851822050433485582&u_code=0&titleType=title", "download_url": "https://www.chanmama.com/awemeDetail/6851822045622193416", "digg_count": 5900, "digg_incr": 4975, "aweme_create_time": 1595314141, "category": 15, "volume": 4, "amount": 796}, "author": {"author_id": "65309490536", "nickname": "黄冈0713", "follower_count": 622112}}, {"aweme": {"aweme_id": "6851766996074368256", "aweme_title": "#一个人就一个人 作者开箱讲解新书设计", "aweme_url": "https://www.iesdouyin.com/share/video/6851766996074368256/?region=CN&mid=6851767020632361742&u_code=0&titleType=title", "download_url": "https://www.chanmama.com/awemeDetail/6851766996074368256", "digg_count": 6737, "digg_incr": 4934, "aweme_create_time": 1595303727, "category": 15, "volume": 249, "amount": 8565.6}, "author": {"author_id": "71572380841", "nickname": "刘同", "follower_count": 200147}}, {"aweme": {"aweme_id": "6851928499532352783", "aweme_title": "如果你爱上了，一个不可能在一起的人，不要纠缠她，不要伤害她，就把她当做知己一样#林徽因 @抖音小助手", "aweme_url": "https://www.iesdouyin.com/share/video/6851928499532352783/?region=CN&mid=6850741415543130893&u_code=0&titleType=title", "download_url": "https://www.chanmama.com/awemeDetail/6851928499532352783", "digg_count": 5978, "digg_incr": 4875, "aweme_create_time": 1595338926, "category": 15, "volume": 2, "amount": 98}, "author": {"author_id": "1213452039488208", "nickname": "心灵治愈", "follower_count": 140742}}, {"aweme": {"aweme_id": "6851712875912826126", "aweme_title": "温州女孩从不上任何辅导班、不开夜差、以718分惊人的成绩考入清华成为高考状元#高考加油站 #寒门贵子", "aweme_url": "https://www.iesdouyin.com/share/video/6851712875912826126/?region=CN&mid=6795309113057348366&u_code=2egb1hialg69&titleType=title", "download_url": "https://www.chanmama.com/awemeDetail/6851712875912826126", "digg_count": 4605, "digg_incr": 4605, "aweme_create_time": 1595288727, "category": 15, "volume": 17, "amount": 1496}, "author": {"author_id": "1679657203405548", "nickname": "悟道社", "follower_count": 279243}}, {"aweme": {"aweme_id": "6851887743363075328", "aweme_title": "好事别跟人说，这不是du鸡汤，这是真正的人性！#厚黑 #权谋 #职场", "aweme_url": "https://www.iesdouyin.com/share/video/6851887743363075328/?region=CN&mid=6619096713531493133&u_code=2g9cfffeefe2&titleType=title", "download_url": "https://www.chanmama.com/awemeDetail/6851887743363075328", "digg_count": 4999, "digg_incr": 4592, "aweme_create_time": 1595329437, "category": 15, "volume": 9, "amount": 342}, "author": {"author_id": "958422502080936", "nickname": "权谋~城府", "follower_count": 70156}}, {"aweme": {"aweme_id": "6851811698060381453", "aweme_title": "#重启之极海听雷 #刘丧 #朱一龙 #盗墓笔记 南派三叔不仅会挖坑并且还会跳坑", "aweme_url": "https://www.iesdouyin.com/share/video/6851811698060381453/?region=CN&mid=6851811723062938381&u_code=0&titleType=title", "download_url": "https://www.chanmama.com/awemeDetail/6851811698060381453", "digg_count": 6416, "digg_incr": 4345, "aweme_create_time": 1595311732, "category": 15, "volume": 1, "amount": 31}, "author": {"author_id": "1209070440680372", "nickname": "黑咖解说", "follower_count": 279148}}, {"aweme": {"aweme_id": "6851701497470651648", "aweme_title": "别人就会来帮你！还点人情嘛！并且关系还会增加！找别人办事舍得花点，别人不会让你白花的！#职场", "aweme_url": "https://www.iesdouyin.com/share/video/6851701497470651648/?region=CN&mid=6846005270611512078&u_code=27ba316fe96e&titleType=title", "download_url": "https://www.chanmama.com/awemeDetail/6851701497470651648", "digg_count": 5178, "digg_incr": 4316, "aweme_create_time": 1595286077, "category": 15, "volume": 40, "amount": 1520}, "author": {"author_id": "3157403160545952", "nickname": "城府—权谋", "follower_count": 348650}}, {"aweme": {"aweme_id": "6851891177139031308", "aweme_title": "学会关键对话，吵遍天下都不怕！不管是菜市场大妈，还是欠zhai不还，统统不在话下！@DOU+小助手", "aweme_url": "https://www.iesdouyin.com/share/video/6851891177139031308/?region=CN&mid=6851891251211160334&u_code=0&titleType=title", "download_url": "https://www.chanmama.com/awemeDetail/6851891177139031308", "digg_count": 4235, "digg_incr": 4235, "aweme_create_time": 1595341776, "category": 15, "volume": 0, "amount": 0}, "author": {"author_id": "272292549231719", "nickname": "宁波樊登文化发展", "follower_count": 180216}}, {"aweme": {"aweme_id": "6851844478802709767", "aweme_title": "哈哈 原来真是一条鱼呀 #特效制作", "aweme_url": "https://www.iesdouyin.com/share/video/6851844478802709767/?region=CN&mid=6851840535427156750&u_code=0&titleType=title", "download_url": "https://www.chanmama.com/awemeDetail/6851844478802709767", "digg_count": 5018, "digg_incr": 4188, "aweme_create_time": 1595319365, "category": 15, "volume": 4, "amount": 167.7}, "author": {"author_id": "72211003152", "nickname": "阳光", "follower_count": 405867}}, {"aweme": {"aweme_id": "6851776783071595790", "aweme_title": "”女权“还是”女拳“", "aweme_url": "https://www.iesdouyin.com/share/video/6851776783071595790/?region=CN&mid=6851776874230958856&u_code=0&titleType=title", "download_url": "https://www.chanmama.com/awemeDetail/6851776783071595790", "digg_count": 4956, "digg_incr": 4022, "aweme_create_time": 1595303616, "category": 15, "volume": 0, "amount": 0}, "author": {"author_id": "3548861411629949", "nickname": "情圣王谈恋爱", "follower_count": 330145}}, {"aweme": {"aweme_id": "6851913767396052237", "aweme_title": "希望我们在夏天邂逅，秋天学习，冬天约会。等到这些都度过了，春天你还在。", "aweme_url": "https://www.iesdouyin.com/share/video/6851913767396052237/?region=CN&mid=6851914315013180173&u_code=0&titleType=title", "download_url": "https://www.chanmama.com/awemeDetail/6851913767396052237", "digg_count": 4570, "digg_incr": 3901, "aweme_create_time": 1595335495, "category": 15, "volume": 0, "amount": 0}, "author": {"author_id": "104835513903", "nickname": "英语台词说", "follower_count": 478651}}, {"aweme": {"aweme_id": "6851616310086913287", "aweme_title": "象棋高手实战，神一级别无删减对弈  @DOU+小助手", "aweme_url": "https://www.iesdouyin.com/share/video/6851616310086913287/?region=CN&mid=6851616619278437134&u_code=b0ge2ik4jel&titleType=title", "download_url": "https://www.chanmama.com/awemeDetail/6851616310086913287", "digg_count": 4285, "digg_incr": 3828, "aweme_create_time": 1595291400, "category": 15, "volume": 0, "amount": 0}, "author": {"author_id": "103634371504", "nickname": "象棋风繁讲棋", "follower_count": 872614}}, {"aweme": {"aweme_id": "6851717958620761352", "aweme_title": "#大草原 牛的爱情", "aweme_url": "https://www.iesdouyin.com/share/video/6851717958620761352/?region=CN&mid=6847484577368345357&u_code=13h2b40ld9m7&titleType=title", "download_url": "https://www.chanmama.com/awemeDetail/6851717958620761352", "digg_count": 6161, "digg_incr": 3649, "aweme_create_time": 1595289909, "category": 15, "volume": 0, "amount": 0}, "author": {"author_id": "2748400150776947", "nickname": "山岩野蜜", "follower_count": 36011}}, {"aweme": {"aweme_id": "6851894715936247055", "aweme_title": "巫哲：男人有钱就变坏水千丞：是真的。188男团：渣且深情巫哲家：穷但能赚 #原耽", "aweme_url": "https://www.iesdouyin.com/share/video/6851894715936247055/?region=CN&mid=6851894728619838215&u_code=0&titleType=title", "download_url": "https://www.chanmama.com/awemeDetail/6851894715936247055", "digg_count": 6646, "digg_incr": 3572, "aweme_create_time": 1595331060, "category": 15, "volume": 2, "amount": 68.8}, "author": {"author_id": "109013026799", "nickname": "墨初书摘", "follower_count": 124926}}, {"aweme": {"aweme_id": "6851895620081388800", "aweme_title": "传统武术也要活 #中国潮中国造 #八极精研 #八极拳", "aweme_url": "https://www.iesdouyin.com/share/video/6851895620081388800/?region=CN&mid=6494545620987513613&u_code=0&titleType=title", "download_url": "https://www.chanmama.com/awemeDetail/6851895620081388800", "digg_count": 4914, "digg_incr": 3544, "aweme_create_time": 1595331270, "category": 15, "volume": 0, "amount": 0}, "author": {"author_id": "19936649751", "nickname": "八极拳胡玉涛", "follower_count": 388008}}, {"aweme": {"aweme_id": "6851775176892337408", "aweme_title": "来吧，看我和焉老师决战到天明！#四川麻将@抖音小助手", "aweme_url": "https://www.iesdouyin.com/share/video/6851775176892337408/?region=CN&mid=6851775754662152968&u_code=0&titleType=title", "download_url": "https://www.chanmama.com/awemeDetail/6851775176892337408", "digg_count": 3987, "digg_incr": 3541, "aweme_create_time": 1595303228, "category": 15, "volume": 2, "amount": 70}, "author": {"author_id": "94395399554", "nickname": "幺哥桌娱", "follower_count": 867106}}, {"aweme": {"aweme_id": "6851901291719855363", "aweme_title": "运球步与启动步在挡拆中的实战运用。 注意脚步衔接的细节#训练师唐天天", "aweme_url": "https://www.iesdouyin.com/share/video/6851901291719855363/?region=CN&mid=6851901322439674631&u_code=0&titleType=title", "download_url": "https://www.chanmama.com/awemeDetail/6851901291719855363", "digg_count": 4463, "digg_incr": 3474, "aweme_create_time": 1595332596, "category": 15, "volume": 0, "amount": 0}, "author": {"author_id": "91585841240", "nickname": "篮球训练师-唐天天（暑假特训）", "follower_count": 876805}}, {"aweme": {"aweme_id": "6851872818427186445", "aweme_title": "孩子你上了大学才知道的事情#育儿 #亲子 #家庭教育 #大学", "aweme_url": "https://www.iesdouyin.com/share/video/6851872818427186445/?region=CN&mid=6851872840577223438&u_code=0&titleType=title", "download_url": "https://www.chanmama.com/awemeDetail/6851872818427186445", "digg_count": 32849, "digg_incr": 3321, "aweme_create_time": 1595325962, "category": 15, "volume": 0, "amount": 0}, "author": {"author_id": "2295387303194020", "nickname": "家教有方", "follower_count": 567299}}, {"aweme": {"aweme_id": "6851819466368552199", "aweme_title": "一个孩子的成长需要父母用正确的方法引导#家庭教育", "aweme_url": "https://www.iesdouyin.com/share/video/6851819466368552199/?region=CN&mid=6851775211642063624&u_code=13h2b40ld9m7&titleType=title", "download_url": "https://www.chanmama.com/awemeDetail/6851819466368552199", "digg_count": 3301, "digg_incr": 3270, "aweme_create_time": 1595313541, "category": 15, "volume": 11, "amount": 308}, "author": {"author_id": "2915528073558279", "nickname": "樊登知识讲解", "follower_count": 70572}}, {"aweme": {"aweme_id": "6851767203986001155", "aweme_title": "这题跟着我做下来其实很简单 #初中数学  #代数式  #倒数法  #数学啊数学", "aweme_url": "https://www.iesdouyin.com/share/video/6851767203986001155/?region=CN&mid=6851767302984059661&u_code=0&titleType=title", "download_url": "https://www.chanmama.com/awemeDetail/6851767203986001155", "digg_count": 3379, "digg_incr": 3268, "aweme_create_time": 1595301391, "category": 15, "volume": 2, "amount": 15.98}, "author": {"author_id": "3988679820579416", "nickname": "娜姐数学(初中数学)", "follower_count": 264966}}, {"aweme": {"aweme_id": "6851898490432310543", "aweme_title": "永远不要考虑去改变一个不优秀的人，因为你改不掉。#成长充电站 #爱情 #婚姻 @DOU+小助手", "aweme_url": "https://www.iesdouyin.com/share/video/6851898490432310543/?region=CN&mid=6851898507603823367&u_code=0&titleType=title", "download_url": "https://www.chanmama.com/awemeDetail/6851898490432310543", "digg_count": 5542, "digg_incr": 3205, "aweme_create_time": 1595331939, "category": 15, "volume": 3, "amount": 114}, "author": {"author_id": "92535133452", "nickname": "智慧私塾", "follower_count": 942407}}, {"aweme": {"aweme_id": "6851885151731993869", "aweme_title": "和珅的人生也不容易呀，也曾是一位少年郎。#人生", "aweme_url": "https://www.iesdouyin.com/share/video/6851885151731993869/?region=CN&mid=6851885314923842317&u_code=0&titleType=title", "download_url": "https://www.chanmama.com/awemeDetail/6851885151731993869", "digg_count": 9858, "digg_incr": 3192, "aweme_create_time": 1595328853, "category": 15, "volume": 3, "amount": 108}, "author": {"author_id": "3584044285041092", "nickname": "名人之言", "follower_count": 848838}}, {"aweme": {"aweme_id": "6851687322883296512", "aweme_title": "家人们早上好，我给大家煮鸡蛋吃啦。祝大家开心快乐每一天🌷🌷🌷@抖音小助手", "aweme_url": "https://www.iesdouyin.com/share/video/6851687322883296512/?region=CN&mid=6851687243426335496&u_code=19fjbl89kf63&titleType=title", "download_url": "https://www.chanmama.com/awemeDetail/6851687322883296512", "digg_count": 3668, "digg_incr": 3155, "aweme_create_time": 1595282784, "category": 15, "volume": 0, "amount": 0}, "author": {"author_id": "103708375804", "nickname": "东方蛟龙🐲", "follower_count": 25458}}, {"aweme": {"aweme_id": "6851757958234213640", "aweme_title": "当小猫咪朝我眨眼睛（翻白眼）的时候，它是不是在教我做事？ #猫咪 #小奶猫", "aweme_url": "https://www.iesdouyin.com/share/video/6851757958234213640/?region=CN&mid=6851758029507922696&u_code=0&titleType=title", "download_url": "https://www.chanmama.com/awemeDetail/6851757958234213640", "digg_count": 3484, "digg_incr": 3044, "aweme_create_time": 1595299233, "category": 15, "volume": 12, "amount": 378}, "author": {"author_id": "12805067775240", "nickname": "铲屎官与便利店", "follower_count": 304348}}, {"aweme": {"aweme_id": "6851930049579453704", "aweme_title": "买了课程朋友，评论区客观告诉大家：课程内容咋样 #日作2000首诗女孩开始售课", "aweme_url": "https://www.iesdouyin.com/share/video/6851930049579453704/?region=CN&mid=6851930557740370696&u_code=0&titleType=title", "download_url": "https://www.chanmama.com/awemeDetail/6851930049579453704", "digg_count": 5271, "digg_incr": 3014, "aweme_create_time": 1595339400, "category": 15, "volume": 58, "amount": 2204}, "author": {"author_id": "1068355357262780", "nickname": "田野-帮中小企业做品牌", "follower_count": 324270}}, {"aweme": {"aweme_id": "6851796679440567552", "aweme_title": "妖怪大百科#好书联盟 #传统文化 #老罗说书 #有书", "aweme_url": "https://www.iesdouyin.com/share/video/6851796679440567552/?region=CN&mid=6851796684537006856&u_code=0&titleType=title", "download_url": "https://www.chanmama.com/awemeDetail/6851796679440567552", "digg_count": 4446, "digg_incr": 3014, "aweme_create_time": 1595308235, "category": 15, "volume": 35, "amount": 2415}, "author": {"author_id": "59144027318", "nickname": "老罗说西游", "follower_count": 899098}}, {"aweme": {"aweme_id": "6851749375912267023", "aweme_title": "年轻不知房子贵#创业 #投资 #职场", "aweme_url": "https://www.iesdouyin.com/share/video/6851749375912267023/?region=CN&mid=6851749377514474248&u_code=0&titleType=title", "download_url": "https://www.chanmama.com/awemeDetail/6851749375912267023", "digg_count": 3492, "digg_incr": 3006, "aweme_create_time": 1595297222, "category": 15, "volume": 1, "amount": 59}, "author": {"author_id": "52159949997", "nickname": "丁鹏听讲秀", "follower_count": 341595}}, {"aweme": {"aweme_id": "6851893951713217800", "aweme_title": "女人要聪明特别的难，容易陷入感情当中，情感收割比智力收割厉害的多#陈昌文老板社群", "aweme_url": "https://www.iesdouyin.com/share/video/6851893951713217800/?region=CN&mid=6851893976216144653&u_code=0&titleType=title", "download_url": "https://www.chanmama.com/awemeDetail/6851893951713217800", "digg_count": 3009, "digg_incr": 2949, "aweme_create_time": 1595330882, "category": 15, "volume": 0, "amount": 0}, "author": {"author_id": "60500296593", "nickname": "六月", "follower_count": 244981}}, {"aweme": {"aweme_id": "6851831794413751565", "aweme_title": "逼自己读完这5本书，离成功近十步#学浪计划 #成长充电站 #我的高考记忆", "aweme_url": "https://www.iesdouyin.com/share/video/6851831794413751565/?region=CN&mid=6851831804228356878&u_code=0&titleType=title", "download_url": "https://www.chanmama.com/awemeDetail/6851831794413751565", "digg_count": 4375, "digg_incr": 2913, "aweme_create_time": 1595316411, "category": 15, "volume": 37, "amount": 2183}, "author": {"author_id": "1275064086696976", "nickname": "阿甘阅读会", "follower_count": 647902}}, {"aweme": {"aweme_id": "6851839471244070152", "aweme_title": "亮点在最后哦#民法典 #常识 #热门 @古城董小姐", "aweme_url": "https://www.iesdouyin.com/share/video/6851839471244070152/?region=CN&mid=6851839482711280397&u_code=0&titleType=title", "download_url": "https://www.chanmama.com/awemeDetail/6851839471244070152", "digg_count": 3465, "digg_incr": 2845, "aweme_create_time": 1595318198, "category": 15, "volume": 0, "amount": 0}, "author": {"author_id": "76101117440", "nickname": "董红律师", "follower_count": 990903}}, {"aweme": {"aweme_id": "6851749830377671949", "aweme_title": "又收获一枚亲签！奥利给～#原耽", "aweme_url": "https://www.iesdouyin.com/share/video/6851749830377671949/?region=CN&mid=6851749838325959432&u_code=0&titleType=title", "download_url": "https://www.chanmama.com/awemeDetail/6851749830377671949", "digg_count": 3594, "digg_incr": 2824, "aweme_create_time": 1595297328, "category": 15, "volume": 14, "amount": 864.36}, "author": {"author_id": "62770229912", "nickname": "夏夏夏栀", "follower_count": 138090}}, {"aweme": {"aweme_id": "6851760342737980675", "aweme_title": "想吼孩子的时候，你会怎么做？", "aweme_url": "https://www.iesdouyin.com/share/video/6851760342737980675/?region=CN&mid=6851760437428505351&u_code=0&titleType=title", "download_url": "https://www.chanmama.com/awemeDetail/6851760342737980675", "digg_count": 6203, "digg_incr": 2793, "aweme_create_time": 1595299795, "category": 15, "volume": 0, "amount": 0}, "author": {"author_id": "103240502707", "nickname": "亲子教育宝典", "follower_count": 919176}}, {"aweme": {"aweme_id": "6851896175675723021", "aweme_title": "#英文歌教学 Dance Monkey极慢速版来啦，完整教程已更新👆精细讲解每个字的发音和所有连读技巧", "aweme_url": "https://www.iesdouyin.com/share/video/6851896175675723021/?region=CN&mid=6851896203165059854&u_code=0&titleType=title", "download_url": "https://www.chanmama.com/awemeDetail/6851896175675723021", "digg_count": 12443, "digg_incr": 2781, "aweme_create_time": 1595331400, "category": 15, "volume": 0, "amount": 0}, "author": {"author_id": "72096209392", "nickname": "莉迪雅英语教育", "follower_count": 159484}}, {"aweme": {"aweme_id": "6851891327974591759", "aweme_title": "买3个包子送一台1580的电动车，你见过吗？", "aweme_url": "https://www.iesdouyin.com/share/video/6851891327974591759/?region=CN&mid=6851891331527101191&u_code=0&titleType=title", "download_url": "https://www.chanmama.com/awemeDetail/6851891327974591759", "digg_count": 4420, "digg_incr": 2773, "aweme_create_time": 1595330271, "category": 15, "volume": 0, "amount": 0}, "author": {"author_id": "104705793962", "nickname": "轩锋说商业", "follower_count": 657693}}, {"aweme": {"aweme_id": "6851776085886094606", "aweme_title": "#恩恩背诗词《悯农•其一》#春种一粒粟 #李绅#小学必背古诗 #古诗词 #手势舞#国学启蒙", "aweme_url": "https://www.iesdouyin.com/share/video/6851776085886094606/?region=CN&mid=6661479990485322507&u_code=0&titleType=title", "download_url": "https://www.chanmama.com/awemeDetail/6851776085886094606", "digg_count": 3589, "digg_incr": 2755, "aweme_create_time": 1595303440, "category": 15, "volume": 12, "amount": 828}, "author": {"author_id": "3874305737500444", "nickname": "恩恩背诗词", "follower_count": 362352}}, {"aweme": {"aweme_id": "6851872998010490119", "aweme_title": "我不知道自己的将来在哪里，无论哪里，我都没法带你去。—《从你的全世界路过》#文字", "aweme_url": "https://www.iesdouyin.com/share/video/6851872998010490119/?region=CN&mid=6851873011780389640&u_code=0&titleType=title", "download_url": "https://www.chanmama.com/awemeDetail/6851872998010490119", "digg_count": 3872, "digg_incr": 2645, "aweme_create_time": 1595326004, "category": 15, "volume": 0, "amount": 0}, "author": {"author_id": "2559269230876984", "nickname": "心句", "follower_count": 232761}}, {"aweme": {"aweme_id": "6851923830458371340", "aweme_title": "#lisa Lalisa的神仙开场！", "aweme_url": "https://www.iesdouyin.com/share/video/6851923830458371340/?region=CN&mid=6851923866734840589&u_code=1gb2j861imci&titleType=title", "download_url": "https://www.chanmama.com/awemeDetail/6851923830458371340", "digg_count": 3444, "digg_incr": 2581, "aweme_create_time": 1595337843, "category": 15, "volume": 0, "amount": 0}, "author": {"author_id": "2348175101534359", "nickname": "Blackpink永恒站", "follower_count": 30944}}, {"aweme": {"aweme_id": "6851714861219515662", "aweme_title": "你说过你不伤我的，你骗我……#你把爱还给我吧 #爱情 @抖音小助手", "aweme_url": "https://www.iesdouyin.com/share/video/6851714861219515662/?region=CN&mid=6851714820920609550&u_code=0&titleType=title", "download_url": "https://www.chanmama.com/awemeDetail/6851714861219515662", "digg_count": 3222, "digg_incr": 2501, "aweme_create_time": 1595289188, "category": 15, "volume": 0, "amount": 0}, "author": {"author_id": "2770368657104391", "nickname": "旺旺吠财", "follower_count": 307220}}, {"aweme": {"aweme_id": "6851802589374303499", "aweme_title": "#教育孩子 #学习方法 #成绩优秀的秘诀 要保持成绩优秀就要成为一个文字型学习者@抖音小助手", "aweme_url": "https://www.iesdouyin.com/share/video/6851802589374303499/?region=CN&mid=6580208805194566414&u_code=0&titleType=title", "download_url": "https://www.chanmama.com/awemeDetail/6851802589374303499", "digg_count": 4320, "digg_incr": 2473, "aweme_create_time": 1595309619, "category": 15, "volume": 3, "amount": 2940}, "author": {"author_id": "1701690656959069", "nickname": "刘威老师", "follower_count": 361514}}, {"aweme": {"aweme_id": "6851792115760975118", "aweme_title": "象棋：过宫炮布局实战精华，街头实战必杀技", "aweme_url": "https://www.iesdouyin.com/share/video/6851792115760975118/?region=CN&mid=6851792277266844423&u_code=27l4hkd95f9c&titleType=title", "download_url": "https://www.chanmama.com/awemeDetail/6851792115760975118", "digg_count": 2568, "digg_incr": 2334, "aweme_create_time": 1595327400, "category": 15, "volume": 0, "amount": 0}, "author": {"author_id": "103634371504", "nickname": "象棋风繁讲棋", "follower_count": 872614}}, {"aweme": {"aweme_id": "6851701378297990414", "aweme_title": "顺水推舟式的反驳能够四两拨千斤#黄渤 #情商", "aweme_url": "https://www.iesdouyin.com/share/video/6851701378297990414/?region=CN&mid=6851701388897028878&u_code=0&titleType=title", "download_url": "https://www.chanmama.com/awemeDetail/6851701378297990414", "digg_count": 3404, "digg_incr": 2326, "aweme_create_time": 1595286060, "category": 15, "volume": 8, "amount": 312}, "author": {"author_id": "104303762413", "nickname": "黄渤❤️情商", "follower_count": 233680}}, {"aweme": {"aweme_id": "6851915278104743171", "aweme_title": "#二年级 #语文  一直期待的语文重点知识集锦终于收到了，每篇课文的知识和单元总结，假期必备❤", "aweme_url": "https://www.iesdouyin.com/share/video/6851915278104743171/?region=CN&mid=6762362881485835015&u_code=e9jhj6ecge5&titleType=title", "download_url": "https://www.chanmama.com/awemeDetail/6851915278104743171", "digg_count": 2316, "digg_incr": 2301, "aweme_create_time": 1595335852, "category": 15, "volume": 95, "amount": 3705}, "author": {"author_id": "3038687264259564", "nickname": "家有悠浩", "follower_count": 571932}}, {"aweme": {"aweme_id": "6851692559631125775", "aweme_title": "今年这种情况下，很多家庭收入不好，有一份稳定的副业很重要，希望这本📖能帮助到你！#职场 #成长充电站", "aweme_url": "https://www.iesdouyin.com/share/video/6851692559631125775/?region=CN&mid=6851692465624206087&u_code=0&titleType=title", "download_url": "https://www.chanmama.com/awemeDetail/6851692559631125775", "digg_count": 2860, "digg_incr": 2294, "aweme_create_time": 1595283999, "category": 15, "volume": 17, "amount": 612}, "author": {"author_id": "3931474265644544", "nickname": "思以致胜", "follower_count": 201492}}, {"aweme": {"aweme_id": "6851889895816826127", "aweme_title": "#文学 #经典 生命中曾经有过的所有灿烂，终究需要用寂寞来偿还", "aweme_url": "https://www.iesdouyin.com/share/video/6851889895816826127/?region=CN&mid=6829312529136323342&u_code=0&titleType=title", "download_url": "https://www.chanmama.com/awemeDetail/6851889895816826127", "digg_count": 6566, "digg_incr": 2192, "aweme_create_time": 1595329938, "category": 15, "volume": 1, "amount": 49}, "author": {"author_id": "1820404813403647", "nickname": "夜风", "follower_count": 196091}}, {"aweme": {"aweme_id": "6851881336030940416", "aweme_title": "会说的人与不会说话的区别是什么？怎么提升自己的情商和说话办事水平呢……", "aweme_url": "https://www.iesdouyin.com/share/video/6851881336030940416/?region=CN&mid=6851881361645898510&u_code=0&titleType=title", "download_url": "https://www.chanmama.com/awemeDetail/6851881336030940416", "digg_count": 5821, "digg_incr": 2190, "aweme_create_time": 1595327945, "category": 15, "volume": 1, "amount": 68}, "author": {"author_id": "111006008497", "nickname": "懂卿", "follower_count": 732394}}, {"aweme": {"aweme_id": "6851746975948328205", "aweme_title": "什么是真正牛B的#女人 #富婆 #女老板 #女性智慧 #人性", "aweme_url": "https://www.iesdouyin.com/share/video/6851746975948328205/?region=CN&mid=6851746974065101582&u_code=0&titleType=title", "download_url": "https://www.chanmama.com/awemeDetail/6851746975948328205", "digg_count": 2249, "digg_incr": 2155, "aweme_create_time": 1595296663, "category": 15, "volume": 0, "amount": 0}, "author": {"author_id": "72709069913", "nickname": "颜照", "follower_count": 122755}}, {"aweme": {"aweme_id": "6851861413124672781", "aweme_title": "#李诞 #吐槽大会 电影院复工后，你们看电影了吗", "aweme_url": "https://www.iesdouyin.com/share/video/6851861413124672781/?region=CN&mid=6851861510757206797&u_code=0&titleType=title", "download_url": "https://www.chanmama.com/awemeDetail/6851861413124672781", "digg_count": 3219, "digg_incr": 2102, "aweme_create_time": 1595323324, "category": 15, "volume": 0, "amount": 0}, "author": {"author_id": "102981231789", "nickname": "蛋总脱口秀", "follower_count": 971974}}, {"aweme": {"aweme_id": "6851595950767623435", "aweme_title": "有时发现勤奋和成功,根回报成不了正比#思维 #智慧 #认知@DOU+小助手", "aweme_url": "https://www.iesdouyin.com/share/video/6851595950767623435/?region=CN&mid=6851595983097170695&u_code=19fjbl89kf63&titleType=title", "download_url": "https://www.chanmama.com/awemeDetail/6851595950767623435", "digg_count": 8767, "digg_incr": 2070, "aweme_create_time": 1595261514, "category": 15, "volume": 9, "amount": 342}, "author": {"author_id": "3491685345002412", "nickname": "世界顶级思维", "follower_count": 29849}}, {"aweme": {"aweme_id": "6851900324509273356", "aweme_title": "越早读《反经》越好，只要你越来越强大，就会有人主动带着资源来找你，现实不就是这样吗？#反经 #国学 #国学智慧", "aweme_url": "https://www.iesdouyin.com/share/video/6851900324509273356/?region=CN&mid=6851900371112397575&u_code=0&titleType=title", "download_url": "https://www.chanmama.com/awemeDetail/6851900324509273356", "digg_count": 2284, "digg_incr": 2067, "aweme_create_time": 1595332371, "category": 15, "volume": 11, "amount": 539}, "author": {"author_id": "3544467871630019", "nickname": "文渊夜读", "follower_count": 258584}}, {"aweme": {"aweme_id": "6851833799983090944", "aweme_title": "对不同的人该怎么敬酒？#高情商与口才", "aweme_url": "https://www.iesdouyin.com/share/video/6851833799983090944/?region=CN&mid=6851833890303200014&u_code=40d0ajhjd08a&titleType=title", "download_url": "https://www.chanmama.com/awemeDetail/6851833799983090944", "digg_count": 2127, "digg_incr": 2065, "aweme_create_time": 1595316888, "category": 15, "volume": 1, "amount": 299}, "author": {"author_id": "663707827578904", "nickname": "财富世界", "follower_count": 184909}}, {"aweme": {"aweme_id": "6851858693588290816", "aweme_title": "我到底粉了个啥憨憨😂#安利肖战 #肖战 #肖战的小飞侠", "aweme_url": "https://www.iesdouyin.com/share/video/6851858693588290816/?region=CN&mid=6851858704837528334&u_code=27l4hkd95f9c&titleType=title", "download_url": "https://www.chanmama.com/awemeDetail/6851858693588290816", "digg_count": 2149, "digg_incr": 2064, "aweme_create_time": 1595322674, "category": 15, "volume": 1, "amount": 38}, "author": {"author_id": "1068370957440980", "nickname": "肖战的小飞侠", "follower_count": 20537}}, {"aweme": {"aweme_id": "6851934692950740224", "aweme_title": "多思考一下，为什么“免费”？免费的是最贵的！#思维 @DOU+小助手", "aweme_url": "https://www.iesdouyin.com/share/video/6851934692950740224/?region=CN&mid=6851934711510518542&u_code=0&titleType=title", "download_url": "https://www.chanmama.com/awemeDetail/6851934692950740224", "digg_count": 2188, "digg_incr": 2057, "aweme_create_time": 1595340367, "category": 15, "volume": 0, "amount": 0}, "author": {"author_id": "105536119604", "nickname": "乐不思叔", "follower_count": 94259}}, {"aweme": {"aweme_id": "6851922343330073856", "aweme_title": "古今时辰换算@DOU+小助手 #育儿经验分享 #感谢抖音 #涨知识", "aweme_url": "https://www.iesdouyin.com/share/video/6851922343330073856/?region=CN&mid=6851922363215694605&u_code=d3cj78d2g00&titleType=title", "download_url": "https://www.chanmama.com/awemeDetail/6851922343330073856", "digg_count": 3470, "digg_incr": 2027, "aweme_create_time": 1595337492, "category": 15, "volume": 0, "amount": 0}, "author": {"author_id": "272311556517336", "nickname": "米来宝贝", "follower_count": 82349}}, {"aweme": {"aweme_id": "6851713300074450190", "aweme_title": "￼￼￼￼￼￼￼这咋跟两头牛干上了。😂#搞笑 @抖音小助手", "aweme_url": "https://www.iesdouyin.com/share/video/6851713300074450190/?region=CN&mid=6851144104890354439&u_code=0&titleType=title", "download_url": "https://www.chanmama.com/awemeDetail/6851713300074450190", "digg_count": 2842, "digg_incr": 1943, "aweme_create_time": 1595288826, "category": 15, "volume": 3, "amount": 144}, "author": {"author_id": "3944697467252628", "nickname": "鼠我好运", "follower_count": 431687}}, {"aweme": {"aweme_id": "6851761987542666511", "aweme_title": "#育儿 #幼儿园 #早教 小朋友，快来跟蒙豫姐姐一起学习十个手指吧#儿歌 #幼儿手指游戏 #亲子 @抖音小助手", "aweme_url": "https://www.iesdouyin.com/share/video/6851761987542666511/?region=CN&mid=6812806116100377357&u_code=0&titleType=title", "download_url": "https://www.chanmama.com/awemeDetail/6851761987542666511", "digg_count": 2910, "digg_incr": 1932, "aweme_create_time": 1595300164, "category": 15, "volume": 2, "amount": 176}, "author": {"author_id": "993588479527791", "nickname": "蒙豫有约·阅读吧", "follower_count": 141287}}, {"aweme": {"aweme_id": "6851833604822109448", "aweme_title": "你的第三本摄影书：《摄影构图学》", "aweme_url": "https://www.iesdouyin.com/share/video/6851833604822109448/?region=CN&mid=6851833780731185927&u_code=0&titleType=title", "download_url": "https://www.chanmama.com/awemeDetail/6851833604822109448", "digg_count": 3253, "digg_incr": 1895, "aweme_create_time": 1595324157, "category": 15, "volume": 108, "amount": 7560}, "author": {"author_id": "73542974154", "nickname": "李涛PS", "follower_count": 464668}}, {"aweme": {"aweme_id": "6851941582527122703", "aweme_title": "老老实实的为老百姓解答问题，今天被禁播三次，我太难了#法律宣传 #法律 #借条模板 @DOU+小助手", "aweme_url": "https://www.iesdouyin.com/share/video/6851941582527122703/?region=CN&mid=6712660283304708098&u_code=4f9k1f14a4ch&titleType=title", "download_url": "https://www.chanmama.com/awemeDetail/6851941582527122703", "digg_count": 1895, "digg_incr": 1881, "aweme_create_time": 1595341971, "category": 15, "volume": 0, "amount": 0}, "author": {"author_id": "1327855936483791", "nickname": "龚俊峰律师（京）", "follower_count": 73140}}, {"aweme": {"aweme_id": "6851891745328827661", "aweme_title": "你家孩子是这样捏笔么？赶快收藏备用，给孩子纠正吧！#练字#写字 练控笔#握笔姿势 不对，努力白费！", "aweme_url": "https://www.iesdouyin.com/share/video/6851891745328827661/?region=CN&mid=6705244385182747396&u_code=0&titleType=title", "download_url": "https://www.chanmama.com/awemeDetail/6851891745328827661", "digg_count": 2911, "digg_incr": 1870, "aweme_create_time": 1595330368, "category": 15, "volume": 0, "amount": 0}, "author": {"author_id": "105219340321", "nickname": "字动打卡(直播练字)", "follower_count": 247843}}, {"aweme": {"aweme_id": "6851873354811526412", "aweme_title": "#名人名言 这些句子有了后半句，意思立马不一样~#文案 #写作 #学浪计划", "aweme_url": "https://www.iesdouyin.com/share/video/6851873354811526412/?region=CN&mid=6851873406040787719&u_code=0&titleType=title", "download_url": "https://www.chanmama.com/awemeDetail/6851873354811526412", "digg_count": 2148, "digg_incr": 1860, "aweme_create_time": 1595326094, "category": 15, "volume": 3, "amount": 29.700000000000003}, "author": {"author_id": "63079733923", "nickname": "花木君", "follower_count": 391218}}, {"aweme": {"aweme_id": "6851876654734773519", "aweme_title": "刚刚下午染了一个头发，友友们说好看吗？#抖音教程 #新特效 #", "aweme_url": "https://www.iesdouyin.com/share/video/6851876654734773519/?region=CN&mid=6851876677267131149&u_code=2g9cfffeefe2&titleType=title", "download_url": "https://www.chanmama.com/awemeDetail/6851876654734773519", "digg_count": 2628, "digg_incr": 1857, "aweme_create_time": 1595326856, "category": 15, "volume": 0, "amount": 0}, "author": {"author_id": "60582669331", "nickname": "彼岸花开🌸", "follower_count": 75110}}, {"aweme": {"aweme_id": "6851896622771703054", "aweme_title": "不要自我设限，真正改变命运的，不是我们的机遇，而是我们的态度#思维#认知#成长充电站@抖音小助手", "aweme_url": "https://www.iesdouyin.com/share/video/6851896622771703054/?region=CN&mid=6851896646185192205&u_code=0&titleType=title", "download_url": "https://www.chanmama.com/awemeDetail/6851896622771703054", "digg_count": 2598, "digg_incr": 1849, "aweme_create_time": 1595331504, "category": 15, "volume": 9, "amount": 261}, "author": {"author_id": "98976115743", "nickname": "心理•学识", "follower_count": 634443}}, {"aweme": {"aweme_id": "6851647377233825024", "aweme_title": "学会沉默，学会无所谓……#成长 #情感 #好书联盟 #断舍离 #二十不惑", "aweme_url": "https://www.iesdouyin.com/share/video/6851647377233825024/?region=CN&mid=6851647096492149518&u_code=39cg4d6mdh5j&titleType=title", "download_url": "https://www.chanmama.com/awemeDetail/6851647377233825024", "digg_count": 1843, "digg_incr": 1844, "aweme_create_time": 1595273499, "category": 15, "volume": 1, "amount": 46}, "author": {"author_id": "1824840987451803", "nickname": "成长笔记", "follower_count": 85929}}, {"aweme": {"aweme_id": "6851875799155379471", "aweme_title": "#日语 #日语歌 也许我们不曾见过，但此刻这首歌只唱给你", "aweme_url": "https://www.iesdouyin.com/share/video/6851875799155379471/?region=CN&mid=6851875813319936776&u_code=0&titleType=title", "download_url": "https://www.chanmama.com/awemeDetail/6851875799155379471", "digg_count": 2346, "digg_incr": 1839, "aweme_create_time": 1595326656, "category": 15, "volume": 0, "amount": 0}, "author": {"author_id": "97939210955", "nickname": "日语留声机", "follower_count": 386037}}, {"aweme": {"aweme_id": "6851906640472575243", "aweme_title": "#杨石头  #立体思维营销 谁还敢说拼多多low", "aweme_url": "https://www.iesdouyin.com/share/video/6851906640472575243/?region=CN&mid=6851906686543088392&u_code=0&titleType=title", "download_url": "https://www.chanmama.com/awemeDetail/6851906640472575243", "digg_count": 3368, "digg_incr": 1820, "aweme_create_time": 1595333841, "category": 15, "volume": 0, "amount": 0}, "author": {"author_id": "108058070740", "nickname": "获客文化", "follower_count": 328120}}, {"aweme": {"aweme_id": "6851884031945067780", "aweme_title": "大午种禽一年孵化一亿多只蛋雏鸡，每只鸡年产300多枚。只要有大午养鸡，全国的鸡蛋就贵不了#企业管理 #管理", "aweme_url": "https://www.iesdouyin.com/share/video/6851884031945067780/?region=CN&mid=6851884073255095048&u_code=27l4hkd95f9c&titleType=title", "download_url": "https://www.chanmama.com/awemeDetail/6851884031945067780", "digg_count": 2325, "digg_incr": 1818, "aweme_create_time": 1595328578, "category": 15, "volume": 3, "amount": 89.69999999999999}, "author": {"author_id": "4155807062308776", "nickname": "大午传承", "follower_count": 35168}}, {"aweme": {"aweme_id": "6851897368757996800", "aweme_title": "分数不高还想走个好大学的看过来了#2020艺考 @抖音小助手", "aweme_url": "https://www.iesdouyin.com/share/video/6851897368757996800/?region=CN&mid=6851897398978005768&u_code=1idm1cghj323&titleType=title", "download_url": "https://www.chanmama.com/awemeDetail/6851897368757996800", "digg_count": 2778, "digg_incr": 1818, "aweme_create_time": 1595331677, "category": 15, "volume": 0, "amount": 0}, "author": {"author_id": "822048747949539", "nickname": "小侯说艺考", "follower_count": 67199}}, {"aweme": {"aweme_id": "6851824592978283789", "aweme_title": "老话自有老话理，仔细品品哪句不是家庭日用之间的良方妙法？#民间俗语 #老人言受益一生 #国学智慧 #传统文化", "aweme_url": "https://www.iesdouyin.com/share/video/6851824592978283789/?region=CN&mid=6848353929865382669&u_code=a447a61018e&titleType=title", "download_url": "https://www.chanmama.com/awemeDetail/6851824592978283789", "digg_count": 1974, "digg_incr": 1818, "aweme_create_time": 1595314735, "category": 15, "volume": 1, "amount": 36}, "author": {"author_id": "3966653309133037", "nickname": "乾元智宫", "follower_count": 77593}}, {"aweme": {"aweme_id": "6851903915961748744", "aweme_title": "#德云社 #郭德纲 细品这句话#经典语录", "aweme_url": "https://www.iesdouyin.com/share/video/6851903915961748744/?region=CN&mid=6851903954285415182&u_code=0&titleType=title", "download_url": "https://www.chanmama.com/awemeDetail/6851903915961748744", "digg_count": 5361, "digg_incr": 1812, "aweme_create_time": 1595333209, "category": 15, "volume": 0, "amount": 0}, "author": {"author_id": "1380630627099732", "nickname": "德云语录库", "follower_count": 263330}}, {"aweme": {"aweme_id": "6851835120035433735", "aweme_title": "职场如战场，优胜略汰 #职场  #贺涵", "aweme_url": "https://www.iesdouyin.com/share/video/6851835120035433735/?region=CN&mid=6851835510541929224&u_code=0&titleType=title", "download_url": "https://www.chanmama.com/awemeDetail/6851835120035433735", "digg_count": 2397, "digg_incr": 1807, "aweme_create_time": 1595326200, "category": 15, "volume": 4, "amount": 192}, "author": {"author_id": "3918294432617732", "nickname": "思维社交", "follower_count": 805394}}, {"aweme": {"aweme_id": "6851788752340225294", "aweme_title": "#亲子沟通 #育儿 #家庭教育 #家长 #教育", "aweme_url": "https://www.iesdouyin.com/share/video/6851788752340225294/?region=CN&mid=6580208805194566414&u_code=a447a61018e&titleType=title", "download_url": "https://www.chanmama.com/awemeDetail/6851788752340225294", "digg_count": 1826, "digg_incr": 1785, "aweme_create_time": 1595306389, "category": 15, "volume": 16, "amount": 144}, "author": {"author_id": "2088722578541773", "nickname": "孙老师家庭教育", "follower_count": 69978}}, {"aweme": {"aweme_id": "6851892825852742919", "aweme_title": "主业求生存，副业谋发展，什么副业才是有价值的副业？#副业 #职场@DOU+小助手", "aweme_url": "https://www.iesdouyin.com/share/video/6851892825852742919/?region=CN&mid=6851892912084306702&u_code=0&titleType=title", "download_url": "https://www.chanmama.com/awemeDetail/6851892825852742919", "digg_count": 2492, "digg_incr": 1762, "aweme_create_time": 1595330637, "category": 15, "volume": 0, "amount": 0}, "author": {"author_id": "65394633551", "nickname": "思维引爆", "follower_count": 348015}}, {"aweme": {"aweme_id": "6851739181945834763", "aweme_title": "#不及格 #学习方法 #教育孩子 到了中学科科不及格怎么办？@抖音小助手", "aweme_url": "https://www.iesdouyin.com/share/video/6851739181945834763/?region=CN&mid=6543519450186910477&u_code=0&titleType=title", "download_url": "https://www.chanmama.com/awemeDetail/6851739181945834763", "digg_count": 3266, "digg_incr": 1749, "aweme_create_time": 1595294856, "category": 15, "volume": 0, "amount": 0}, "author": {"author_id": "1701690656959069", "nickname": "刘威老师", "follower_count": 361514}}, {"aweme": {"aweme_id": "6851696040765033728", "aweme_title": "全新极限闪击来即将开启！最好玩的轮换模式、在艾欧尼亚风格的符文之地战斗吧", "aweme_url": "https://www.iesdouyin.com/share/video/6851696040765033728/?region=CN&mid=6851695994351012616&u_code=0&titleType=title", "download_url": "https://www.chanmama.com/awemeDetail/6851696040765033728", "digg_count": 1820, "digg_incr": 1669, "aweme_create_time": 1595284809, "category": 15, "volume": 0, "amount": 0}, "author": {"author_id": "98093125399", "nickname": "英雄联盟PBE🎮", "follower_count": 478390}}, {"aweme": {"aweme_id": "6851826874193038603", "aweme_title": "女人的病都是被男人气出来的！#情感 #女性 #婚姻 @抖音小助手", "aweme_url": "https://www.iesdouyin.com/share/video/6851826874193038603/?region=CN&mid=6851826918837586696&u_code=0&titleType=title", "download_url": "https://www.chanmama.com/awemeDetail/6851826874193038603", "digg_count": 2767, "digg_incr": 1661, "aweme_create_time": 1595315273, "category": 15, "volume": 0, "amount": 0}, "author": {"author_id": "347078239986964", "nickname": "虚静空", "follower_count": 182183}}, {"aweme": {"aweme_id": "6851904008404176143", "aweme_title": "#阅读 #成长 #好书分享", "aweme_url": "https://www.iesdouyin.com/share/video/6851904008404176143/?region=CN&mid=6794352091886111501&u_code=1j0gflk7agdc&titleType=title", "download_url": "https://www.chanmama.com/awemeDetail/6851904008404176143", "digg_count": 1674, "digg_incr": 1658, "aweme_create_time": 1595333223, "category": 15, "volume": 6, "amount": 172.8}, "author": {"author_id": "99420348384", "nickname": "营养文字", "follower_count": 89229}}, {"aweme": {"aweme_id": "6851883824842902792", "aweme_title": "小升初难点#小升初数学 #学浪计划 #学霸秘籍", "aweme_url": "https://www.iesdouyin.com/share/video/6851883824842902792/?region=CN&mid=6851883950592674568&u_code=2j8l4ck59ied&titleType=title", "download_url": "https://www.chanmama.com/awemeDetail/6851883824842902792", "digg_count": 1905, "digg_incr": 1655, "aweme_create_time": 1595328543, "category": 15, "volume": 1, "amount": 99}, "author": {"author_id": "4177773073027367", "nickname": "天才数学冯老师(小学数学)", "follower_count": 81378}}, {"aweme": {"aweme_id": "6851717263800667405", "aweme_title": "刷了这么久的抖音，现在才知道直播间在这里。", "aweme_url": "https://www.iesdouyin.com/share/video/6851717263800667405/?region=CN&mid=6851717225351629575&u_code=0&titleType=title", "download_url": "https://www.chanmama.com/awemeDetail/6851717263800667405", "digg_count": 1640, "digg_incr": 1640, "aweme_create_time": 1595289747, "category": 15, "volume": 0, "amount": 0}, "author": {"author_id": "105640290122", "nickname": "🔥柳州大叔®🔥", "follower_count": 568254}}, {"aweme": {"aweme_id": "6851739619285896459", "aweme_title": "发朋友圈有趣的皮句子😂🤣#情商 #幽默 #有趣的灵魂 #好书联盟 #玛莎拉蒂锋芒玩家 @抖音小助手", "aweme_url": "https://www.iesdouyin.com/share/video/6851739619285896459/?region=CN&mid=6808039651611970317&u_code=0&titleType=title", "download_url": "https://www.chanmama.com/awemeDetail/6851739619285896459", "digg_count": 2057, "digg_incr": 1637, "aweme_create_time": 1595294957, "category": 15, "volume": 0, "amount": 0}, "author": {"author_id": "2792349284187635", "nickname": "情商日记", "follower_count": 653560}}, {"aweme": {"aweme_id": "6851766192504442125", "aweme_title": "李白《古朗月行》与君共赏。#语文 #学习 #古诗词", "aweme_url": "https://www.iesdouyin.com/share/video/6851766192504442125/?region=CN&mid=6851766205674490638&u_code=31186i4kmg41&titleType=title", "download_url": "https://www.chanmama.com/awemeDetail/6851766192504442125", "digg_count": 1693, "digg_incr": 1616, "aweme_create_time": 1595301137, "category": 15, "volume": 0, "amount": 0}, "author": {"author_id": "104269150669", "nickname": "邀君赏诗", "follower_count": 93108}}, {"aweme": {"aweme_id": "6851838380251122957", "aweme_title": "逢人亲热难深交，揽功推过是小人#老人言受益一生的老话#老人言经典选句#国学吉吉#吉吉学堂@DOU+小助手", "aweme_url": "https://www.iesdouyin.com/share/video/6851838380251122957/?region=CN&mid=6851838394587253518&u_code=11e65medbjaf&titleType=title", "download_url": "https://www.chanmama.com/awemeDetail/6851838380251122957", "digg_count": 1801, "digg_incr": 1612, "aweme_create_time": 1595317945, "category": 15, "volume": 2, "amount": 78}, "author": {"author_id": "110936211479", "nickname": "国学吉吉", "follower_count": 606562}}, {"aweme": {"aweme_id": "6851740415872273671", "aweme_title": "上期答案:雪人", "aweme_url": "https://www.iesdouyin.com/share/video/6851740415872273671/?region=CN&mid=6851740547292334855&u_code=392lcgmlb7i7&titleType=title", "download_url": "https://www.chanmama.com/awemeDetail/6851740415872273671", "digg_count": 1572, "digg_incr": 1567, "aweme_create_time": 1595295148, "category": 15, "volume": 0, "amount": 0}, "author": {"author_id": "4503673574643907", "nickname": "小丫头动漫", "follower_count": 83554}}, {"aweme": {"aweme_id": "6851740046660209933", "aweme_title": "大学生一招年入几百万你看懂了吗？#销售#抖音小助手", "aweme_url": "https://www.iesdouyin.com/share/video/6851740046660209933/?region=CN&mid=6851740047735048973&u_code=15jlg8e5ah89&titleType=title", "download_url": "https://www.chanmama.com/awemeDetail/6851740046660209933", "digg_count": 1590, "digg_incr": 1547, "aweme_create_time": 1595295050, "category": 15, "volume": 4, "amount": 272}, "author": {"author_id": "1085964072257070", "nickname": "励志正能量传递", "follower_count": 380714}}, {"aweme": {"aweme_id": "6851686544143617295", "aweme_title": "#吸引力法则 #心灵成长 #励志 你的想法很大程度上会影响你的行为，跟你体内的负能量做抗争，你就能成功。", "aweme_url": "https://www.iesdouyin.com/share/video/6851686544143617295/?region=CN&mid=6851686481850092301&u_code=0&titleType=title", "download_url": "https://www.chanmama.com/awemeDetail/6851686544143617295", "digg_count": 2012, "digg_incr": 1534, "aweme_create_time": 1595282601, "category": 15, "volume": 2, "amount": 998}, "author": {"author_id": "96308144752", "nickname": "易成", "follower_count": 271334}}, {"aweme": {"aweme_id": "6851880808228146447", "aweme_title": "@读书坊发了一个抖音短视频，你尽管点开，不好看算我输！", "aweme_url": "https://www.iesdouyin.com/share/video/6851880808228146447/?region=CN&mid=6714492052412975875&u_code=0&titleType=", "download_url": "https://www.chanmama.com/awemeDetail/6851880808228146447", "digg_count": 1605, "digg_incr": 1534, "aweme_create_time": 1595327823, "category": 15, "volume": 0, "amount": 0}, "author": {"author_id": "4410839898007684", "nickname": "读书坊", "follower_count": 678580}}, {"aweme": {"aweme_id": "6851874579036605710", "aweme_title": "中国女人的“骄傲”从何而来？ #情感  @抖音小助手", "aweme_url": "https://www.iesdouyin.com/share/video/6851874579036605710/?region=CN&mid=6851874707176819469&u_code=0&titleType=title", "download_url": "https://www.chanmama.com/awemeDetail/6851874579036605710", "digg_count": 1798, "digg_incr": 1514, "aweme_create_time": 1595326392, "category": 15, "volume": 0, "amount": 0}, "author": {"author_id": "3548861411629949", "nickname": "情圣王谈恋爱", "follower_count": 330145}}, {"aweme": {"aweme_id": "6851873549674695947", "aweme_title": "男人向女人借钱，你一定要远离他#致自己 #女性#自强", "aweme_url": "https://www.iesdouyin.com/share/video/6851873549674695947/?region=CN&mid=6851873607006653198&u_code=0&titleType=title", "download_url": "https://www.chanmama.com/awemeDetail/6851873549674695947", "digg_count": 3088, "digg_incr": 1512, "aweme_create_time": 1595326139, "category": 15, "volume": 6, "amount": 228}, "author": {"author_id": "3597237957692740", "nickname": "智慧人生", "follower_count": 233095}}, {"aweme": {"aweme_id": "6851859632462269704", "aweme_title": "如果有无痛苦，无副作用，即时见效的#戒烟 办法， 你会尝试吗？@DOU+小助手", "aweme_url": "https://www.iesdouyin.com/share/video/6851859632462269704/?region=CN&mid=6851859742604659464&u_code=0&titleType=title", "download_url": "https://www.chanmama.com/awemeDetail/6851859632462269704", "digg_count": 1508, "digg_incr": 1508, "aweme_create_time": 1595326702, "category": 15, "volume": 27, "amount": 972}, "author": {"author_id": "2598861729172871", "nickname": "樊登职场精选", "follower_count": 437101}}, {"aweme": {"aweme_id": "6851891569201564942", "aweme_title": "齐国最胆小的勇士陈不占，知其不可为而为之，坚守心中道义与信念，被称为，仁者之勇，传颂千古", "aweme_url": "https://www.iesdouyin.com/share/video/6851891569201564942/?region=CN&mid=6851891578245204749&u_code=0&titleType=title", "download_url": "https://www.chanmama.com/awemeDetail/6851891569201564942", "digg_count": 1591, "digg_incr": 1499, "aweme_create_time": 1595330327, "category": 15, "volume": 0, "amount": 0}, "author": {"author_id": "2493299306016987", "nickname": "人类简史", "follower_count": 873626}}, {"aweme": {"aweme_id": "6851892199395773710", "aweme_title": "季子越被开除后破罐破摔，这样的孩子还有救吗？父母在哪里？#季子越事件 #大学教育 #家庭教育 #云上大课堂", "aweme_url": "https://www.iesdouyin.com/share/video/6851892199395773710/?region=CN&mid=6772263391739250689&u_code=0&titleType=title", "download_url": "https://www.chanmama.com/awemeDetail/6851892199395773710", "digg_count": 1925, "digg_incr": 1471, "aweme_create_time": 1595330474, "category": 15, "volume": 0, "amount": 0}, "author": {"author_id": "108128464277", "nickname": "正阳家长大课堂", "follower_count": 718195}}, {"aweme": {"aweme_id": "6851825023888461071", "aweme_title": "对那些很过分的人如何用狠话来怼他#高情商与口才", "aweme_url": "https://www.iesdouyin.com/share/video/6851825023888461071/?region=CN&mid=6851825042041342728&u_code=0&titleType=title", "download_url": "https://www.chanmama.com/awemeDetail/6851825023888461071", "digg_count": 1561, "digg_incr": 1469, "aweme_create_time": 1595314835, "category": 15, "volume": 0, "amount": 0}, "author": {"author_id": "663707827578904", "nickname": "财富世界", "follower_count": 184909}}, {"aweme": {"aweme_id": "6851762092953865472", "aweme_title": "#肖战 战式土味情话听过吗？可以保存起来当铃声呀#小飞侠", "aweme_url": "https://www.iesdouyin.com/share/video/6851762092953865472/?region=CN&mid=6851167990743796488&u_code=0&titleType=title", "download_url": "https://www.chanmama.com/awemeDetail/6851762092953865472", "digg_count": 2385, "digg_incr": 1467, "aweme_create_time": 1595300182, "category": 15, "volume": 0, "amount": 0}, "author": {"author_id": "111017824976", "nickname": "肖战情报社", "follower_count": 210590}}, {"aweme": {"aweme_id": "6851917536267652360", "aweme_title": "#动物#动物世界#母爱 可怜的母羊一直接受不了小羊不在的事实", "aweme_url": "https://www.iesdouyin.com/share/video/6851917536267652360/?region=CN&mid=6851917549237373709&u_code=19fjbl89kf63&titleType=title", "download_url": "https://www.chanmama.com/awemeDetail/6851917536267652360", "digg_count": 6101, "digg_incr": 1437, "aweme_create_time": 1595336373, "category": 15, "volume": 0, "amount": 0}, "author": {"author_id": "1538953963374040", "nickname": "掌上动物世界", "follower_count": 29093}}, {"aweme": {"aweme_id": "6851713799045582095", "aweme_title": "他是全国高考全国九省状元，曾经却是个学渣，想知道他是怎么逆袭的吗？#记忆力 #读书 #思维", "aweme_url": "https://www.iesdouyin.com/share/video/6851713799045582095/?region=CN&mid=6851713748160367367&u_code=0&titleType=title", "download_url": "https://www.chanmama.com/awemeDetail/6851713799045582095", "digg_count": 1553, "digg_incr": 1411, "aweme_create_time": 1595288941, "category": 15, "volume": 5, "amount": 240}, "author": {"author_id": "83175450609827", "nickname": "智慧女性", "follower_count": 465886}}, {"aweme": {"aweme_id": "6851790034228514060", "aweme_title": "高情商女孩聊天必备，仙女们学会了吗？👻#情商 #聊天 #搭讪 #好书联盟 @抖音小助手", "aweme_url": "https://www.iesdouyin.com/share/video/6851790034228514060/?region=CN&mid=6837847594866199310&u_code=0&titleType=title", "download_url": "https://www.chanmama.com/awemeDetail/6851790034228514060", "digg_count": 1848, "digg_incr": 1406, "aweme_create_time": 1595306694, "category": 15, "volume": 0, "amount": 0}, "author": {"author_id": "2792349284187635", "nickname": "情商日记", "follower_count": 653560}}, {"aweme": {"aweme_id": "6851500101873978638", "aweme_title": "#胡歌    #颁奖典礼  #高情商 有一种高情商叫胡歌的获奖发言 @抖音小助手", "aweme_url": "https://www.iesdouyin.com/share/video/6851500101873978638/?region=CN&mid=6851500234518891272&u_code=0&titleType=title", "download_url": "https://www.chanmama.com/awemeDetail/6851500101873978638", "digg_count": 275310, "digg_incr": 1405, "aweme_create_time": 1595282400, "category": 15, "volume": 0, "amount": 0}, "author": {"author_id": "111493313225", "nickname": "陪你逛街", "follower_count": 938778}}, {"aweme": {"aweme_id": "6851746490407210240", "aweme_title": "台湾地形，台湾冷知识#台湾", "aweme_url": "https://www.iesdouyin.com/share/video/6851746490407210240/?region=CN&mid=6851746505259682573&u_code=0&titleType=title", "download_url": "https://www.chanmama.com/awemeDetail/6851746490407210240", "digg_count": 1404, "digg_incr": 1404, "aweme_create_time": 1595296550, "category": 15, "volume": 0, "amount": 0}, "author": {"author_id": "2862747020430237", "nickname": "地形图 何叔", "follower_count": 236872}}, {"aweme": {"aweme_id": "6851707037429157123", "aweme_title": "为什么你情我愿还是不能在一起，为什么满脑子都是你 #文字  @抖音小助手", "aweme_url": "https://www.iesdouyin.com/share/video/6851707037429157123/?region=CN&mid=6851707058736499464&u_code=15jlg8e5ah89&titleType=title", "download_url": "https://www.chanmama.com/awemeDetail/6851707037429157123", "digg_count": 1741, "digg_incr": 1399, "aweme_create_time": 1595302200, "category": 15, "volume": 3, "amount": 117}, "author": {"author_id": "1679697949231053", "nickname": "心摘", "follower_count": 17101}}, {"aweme": {"aweme_id": "6851895797580057870", "aweme_title": "盘点女粉丝爆笑接话#热门", "aweme_url": "https://www.iesdouyin.com/share/video/6851895797580057870/?region=CN&mid=6851895813598169869&u_code=0&titleType=title", "download_url": "https://www.chanmama.com/awemeDetail/6851895797580057870", "digg_count": 2820, "digg_incr": 1395, "aweme_create_time": 1595331312, "category": 15, "volume": 0, "amount": 0}, "author": {"author_id": "58734424427", "nickname": "德云搞笑集锦", "follower_count": 394891}}, {"aweme": {"aweme_id": "6851864347237567744", "aweme_title": "刚毕业出来工作的，不看一定会吃亏#法律 #毕业 #成长充电站", "aweme_url": "https://www.iesdouyin.com/share/video/6851864347237567744/?region=CN&mid=6851864366791346957&u_code=0&titleType=title", "download_url": "https://www.chanmama.com/awemeDetail/6851864347237567744", "digg_count": 3301, "digg_incr": 1362, "aweme_create_time": 1595323990, "category": 15, "volume": 0, "amount": 0}, "author": {"author_id": "2207452094537863", "nickname": "法律研习社", "follower_count": 966820}}, {"aweme": {"aweme_id": "6851810706187177216", "aweme_title": "很多朋友#湿气重 #三伏天祛湿 是一年中最好的季节，快进我直播间跟我一起#锻炼 #养生 #健康", "aweme_url": "https://www.iesdouyin.com/share/video/6851810706187177216/?region=CN&mid=6851810712482810631&u_code=0&titleType=title", "download_url": "https://www.chanmama.com/awemeDetail/6851810706187177216", "digg_count": 1630, "digg_incr": 1350, "aweme_create_time": 1595311501, "category": 15, "volume": 4, "amount": 196}, "author": {"author_id": "2101879161753848", "nickname": "佩老师的生活分享", "follower_count": 438249}}, {"aweme": {"aweme_id": "6851773541449288972", "aweme_title": "“愿你余生无波澜，有人与你共悲欢”#三毛 #成长 #文学 #阅读", "aweme_url": "https://www.iesdouyin.com/share/video/6851773541449288972/?region=CN&mid=6851773588689718023&u_code=0&titleType=title", "download_url": "https://www.chanmama.com/awemeDetail/6851773541449288972", "digg_count": 1638, "digg_incr": 1348, "aweme_create_time": 1595302855, "category": 15, "volume": 4, "amount": 115.2}, "author": {"author_id": "3544467871630019", "nickname": "文渊夜读", "follower_count": 258584}}, {"aweme": {"aweme_id": "6851877722025676035", "aweme_title": "你是不是也这样，没隔一段时间就习惯性崩溃。#心理学 #崩溃", "aweme_url": "https://www.iesdouyin.com/share/video/6851877722025676035/?region=CN&mid=6851877753008999176&u_code=0&titleType=title", "download_url": "https://www.chanmama.com/awemeDetail/6851877722025676035", "digg_count": 1970, "digg_incr": 1336, "aweme_create_time": 1595327110, "category": 15, "volume": 4, "amount": 152}, "author": {"author_id": "483402337495623", "nickname": "行为心理学", "follower_count": 441121}}]}