{"data": [{"aweme": {"aweme_id": "6851738406658100480", "aweme_title": "生气而已,又不是不喜欢你了.#复古 #火漆 #好物", "aweme_url": "https://www.iesdouyin.com/share/video/6851738406658100480/?region=CN&mid=6832974361847286541&u_code=0&titleType=title", "download_url": "https://www.chanmama.com/awemeDetail/6851738406658100480", "digg_count": 215111, "digg_incr": 148510, "aweme_create_time": 1595294668, "category": 5, "volume": 2, "amount": 43.8}, "author": {"author_id": "94045225558", "nickname": "𝑭𝒓𝒐𝒛𝒆𝒏. 𝑳", "follower_count": 460444}}, {"aweme": {"aweme_id": "6851610339079965965", "aweme_title": "嘎嘎柔顺，嘎嘎好", "aweme_url": "https://www.iesdouyin.com/share/video/6851610339079965965/?region=CN&mid=6851610282947562248&u_code=1d1mf2b09ka6&titleType=title", "download_url": "https://www.chanmama.com/awemeDetail/6851610339079965965", "digg_count": 81865, "digg_incr": 81865, "aweme_create_time": 1595264858, "category": 5, "volume": 27154, "amount": 540364.6}, "author": {"author_id": "857217934047880", "nickname": "奋斗的茜姐姐😊", "follower_count": 60552}}, {"aweme": {"aweme_id": "6851855742559849742", "aweme_title": "#保鲜袋 #收纳 想让家里的冰箱干净，跟我学吧，你拜我为师，我收你为徒，哈哈@DOU+小助手", "aweme_url": "https://www.iesdouyin.com/share/video/6851855742559849742/?region=CN&mid=6824793994652813319&u_code=0&titleType=title", "download_url": "https://www.chanmama.com/awemeDetail/6851855742559849742", "digg_count": 153503, "digg_incr": 44148, "aweme_create_time": 1595321987, "category": 5, "volume": 5, "amount": 249.5}, "author": {"author_id": "62373767337", "nickname": "毛哥爱分享", "follower_count": 27107}}, {"aweme": {"aweme_id": "6851773140566084879", "aweme_title": "你们都是多久拆的呢#喜字 #dou热门", "aweme_url": "https://www.iesdouyin.com/share/video/6851773140566084879/?region=CN&mid=6851773140457081607&u_code=13h2b40ld9m7&titleType=title", "download_url": "https://www.chanmama.com/awemeDetail/6851773140566084879", "digg_count": 57972, "digg_incr": 37016, "aweme_create_time": 1595302754, "category": 5, "volume": 317, "amount": 2789.6000000000004}, "author": {"author_id": "470244343953160", "nickname": "小桃子🍑生活日记", "follower_count": 23056}}, {"aweme": {"aweme_id": "6851622076340522253", "aweme_title": "这样的老婆，一生不换！", "aweme_url": "https://www.iesdouyin.com/share/video/6851622076340522253/?region=CN&mid=6851622312278592264&u_code=0&titleType=title", "download_url": "https://www.chanmama.com/awemeDetail/6851622076340522253", "digg_count": 38280, "digg_incr": 29298, "aweme_create_time": 1595267597, "category": 5, "volume": 1, "amount": 39.99}, "author": {"author_id": "102487228183", "nickname": "龙少🔥励志前行", "follower_count": 239706}}, {"aweme": {"aweme_id": "6851880190767910151", "aweme_title": "人傻心善，请善待身边每一个人，好人有好报!   #抖音小助手", "aweme_url": "https://www.iesdouyin.com/share/video/6851880190767910151/?region=CN&mid=6851880316769258254&u_code=0&titleType=title", "download_url": "https://www.chanmama.com/awemeDetail/6851880190767910151", "digg_count": 34319, "digg_incr": 23137, "aweme_create_time": 1595327698, "category": 5, "volume": 0, "amount": 0}, "author": {"author_id": "1943527927851038", "nickname": "大磊", "follower_count": 492515}}, {"aweme": {"aweme_id": "6851728114603527424", "aweme_title": "会不会泡茶选择茶具也很关键，喝茶是门艺术", "aweme_url": "https://www.iesdouyin.com/share/video/6851728114603527424/?region=CN&mid=6849914717801138952&u_code=0&titleType=title", "download_url": "https://www.chanmama.com/awemeDetail/6851728114603527424", "digg_count": 23085, "digg_incr": 22718, "aweme_create_time": 1595292272, "category": 5, "volume": 434, "amount": 59892}, "author": {"author_id": "108728829829", "nickname": "世纪茶具", "follower_count": 108596}}, {"aweme": {"aweme_id": "6851899306643901703", "aweme_title": "水彩笔的正确开笔方法！！爱护好工具，才能画好水彩画呀～你们说似不似😄😄#水彩笔", "aweme_url": "https://www.iesdouyin.com/share/video/6851899306643901703/?region=CN&mid=6701244048482601741&u_code=31186i4kmg41&titleType=title", "download_url": "https://www.chanmama.com/awemeDetail/6851899306643901703", "digg_count": 41085, "digg_incr": 22705, "aweme_create_time": 1595332129, "category": 5, "volume": 4, "amount": 44.84}, "author": {"author_id": "76301107789", "nickname": "画心水彩", "follower_count": 38304}}, {"aweme": {"aweme_id": "6851874996252396807", "aweme_title": "#鸡#虾#蚬", "aweme_url": "https://www.iesdouyin.com/share/video/6851874996252396807/?region=CN&mid=6751337246160355341&u_code=0&titleType=title", "download_url": "https://www.chanmama.com/awemeDetail/6851874996252396807", "digg_count": 35495, "digg_incr": 20877, "aweme_create_time": 1595326470, "category": 5, "volume": 9, "amount": 225}, "author": {"author_id": "63679498071", "nickname": "Lookocherry.大徐", "follower_count": 891360}}, {"aweme": {"aweme_id": "6851743782099111183", "aweme_title": "很多人不把食物保鲜当回事 以为放冰箱就不会坏了 其实远远不够 我家是配合#真空保鲜机 辅助保鲜#食物保鲜", "aweme_url": "https://www.iesdouyin.com/share/video/6851743782099111183/?region=CN&mid=6679783854015777549&u_code=0&titleType=title", "download_url": "https://www.chanmama.com/awemeDetail/6851743782099111183", "digg_count": 17247, "digg_incr": 17373, "aweme_create_time": 1595295919, "category": 5, "volume": 52, "amount": 4576}, "author": {"author_id": "2607675155423288", "nickname": "生活购物车", "follower_count": 386036}}, {"aweme": {"aweme_id": "6851507062539668743", "aweme_title": "韩剧VS现实中的韩国女生 #韩国 #文化差异 #韩国留学 #日常", "aweme_url": "https://www.iesdouyin.com/share/video/6851507062539668743/?region=CN&mid=6851507160027876104&u_code=0&titleType=title", "download_url": "https://www.chanmama.com/awemeDetail/6851507062539668743", "digg_count": 25616, "digg_incr": 14709, "aweme_create_time": 1595331000, "category": 5, "volume": 18, "amount": 808.1999999999999}, "author": {"author_id": "1226688833527015", "nickname": "着急呀黑力", "follower_count": 494057}}, {"aweme": {"aweme_id": "6851903231396695307", "aweme_title": "啊啊啊广东真的要热翻天啦！！幸好我已经提前囤好这个了", "aweme_url": "https://www.iesdouyin.com/share/video/6851903231396695307/?region=CN&mid=6834103838233611022&u_code=0&titleType=title", "download_url": "https://www.chanmama.com/awemeDetail/6851903231396695307", "digg_count": 121283, "digg_incr": 13968, "aweme_create_time": 1595333047, "category": 5, "volume": 1, "amount": 14.89}, "author": {"author_id": "659322765052904", "nickname": "是你仔", "follower_count": 33655}}, {"aweme": {"aweme_id": "6851779233711197455", "aweme_title": "昨天老公偷偷和我说，妈来看过我们的房子了！临走前命令我必须拆掉一个钟！瞬间觉得自己太累了，为什么？@抖音小助手", "aweme_url": "https://www.iesdouyin.com/share/video/6851779233711197455/?region=CN&mid=6851779269070818061&u_code=0&titleType=title", "download_url": "https://www.chanmama.com/awemeDetail/6851779233711197455", "digg_count": 22793, "digg_incr": 13945, "aweme_create_time": 1595304173, "category": 5, "volume": 5, "amount": 476.15000000000003}, "author": {"author_id": "1455343733848712", "nickname": "银子", "follower_count": 108718}}, {"aweme": {"aweme_id": "6851887570008149248", "aweme_title": "发给你不想失去的人看吧", "aweme_url": "https://www.iesdouyin.com/share/video/6851887570008149248/?region=CN&mid=6778801613659179789&u_code=0&titleType=title", "download_url": "https://www.chanmama.com/awemeDetail/6851887570008149248", "digg_count": 16878, "digg_incr": 13645, "aweme_create_time": 1595329396, "category": 5, "volume": 0, "amount": 0}, "author": {"author_id": "3795161102680931", "nickname": "阿卿", "follower_count": 332815}}, {"aweme": {"aweme_id": "6851839077742923021", "aweme_title": "#热门 #清洁毛孔 #我要上热门", "aweme_url": "https://www.iesdouyin.com/share/video/6851839077742923021/?region=CN&mid=6851839121338878733&u_code=2a1102330elj&titleType=title", "download_url": "https://www.chanmama.com/awemeDetail/6851839077742923021", "digg_count": 12487, "digg_incr": 10453, "aweme_create_time": 1595318107, "category": 5, "volume": 36, "amount": 719.64}, "author": {"author_id": "62274452179", "nickname": "励志雪儿严选", "follower_count": 122668}}, {"aweme": {"aweme_id": "6851555823076904204", "aweme_title": "是什么让我在卫生间流连忘返？#沙雕", "aweme_url": "https://www.iesdouyin.com/share/video/6851555823076904204/?region=CN&mid=6851555862961507086&u_code=0&titleType=title", "download_url": "https://www.chanmama.com/awemeDetail/6851555823076904204", "digg_count": 12137, "digg_incr": 10189, "aweme_create_time": 1595327400, "category": 5, "volume": 39, "amount": 1946.1}, "author": {"author_id": "62734326067", "nickname": "春山空", "follower_count": 619510}}, {"aweme": {"aweme_id": "6851732723678153998", "aweme_title": "儿媳妇怀孕了，婆婆笑的合不拢嘴巴了", "aweme_url": "https://www.iesdouyin.com/share/video/6851732723678153998/?region=CN&mid=6851732719148354312&u_code=b0ge2ik4jel&titleType=title", "download_url": "https://www.chanmama.com/awemeDetail/6851732723678153998", "digg_count": 8991, "digg_incr": 9016, "aweme_create_time": 1595293345, "category": 5, "volume": 1446, "amount": 27300.48}, "author": {"author_id": "96490153010", "nickname": "奇点", "follower_count": 79261}}, {"aweme": {"aweme_id": "6851702857981365518", "aweme_title": "复印打印纸A4纸100张来了", "aweme_url": "https://www.iesdouyin.com/share/video/6851702857981365518/?region=CN&mid=6851702874674613000&u_code=0&titleType=title", "download_url": "https://www.chanmama.com/awemeDetail/6851702857981365518", "digg_count": 10728, "digg_incr": 7444, "aweme_create_time": 1595293844, "category": 5, "volume": 347, "amount": 1006.3}, "author": {"author_id": "2493306864679933", "nickname": "连威百货优品", "follower_count": 52027}}, {"aweme": {"aweme_id": "6851935999744822536", "aweme_title": "仙女用的搓澡巾～买买买", "aweme_url": "https://www.iesdouyin.com/share/video/6851935999744822536/?region=CN&mid=6851936021632387853&u_code=31186i4kmg41&titleType=title", "download_url": "https://www.chanmama.com/awemeDetail/6851935999744822536", "digg_count": 12796, "digg_incr": 7401, "aweme_create_time": 1595340672, "category": 5, "volume": 31, "amount": 771.9}, "author": {"author_id": "103378630943", "nickname": "阔喵🐱狂躁开箱", "follower_count": 689589}}, {"aweme": {"aweme_id": "6851879810935901447", "aweme_title": "我得让办公室的人都知道小鱼是有人追的！哈哈哈～@是小鱼仔吖 @DOU+小助手", "aweme_url": "https://www.iesdouyin.com/share/video/6851879810935901447/?region=CN&mid=6851879986673289992&u_code=0&titleType=title", "download_url": "https://www.chanmama.com/awemeDetail/6851879810935901447", "digg_count": 7393, "digg_incr": 6332, "aweme_create_time": 1595327609, "category": 5, "volume": 0, "amount": 0}, "author": {"author_id": "3795141499561452", "nickname": "勤开心", "follower_count": 397732}}, {"aweme": {"aweme_id": "6851919864244751631", "aweme_title": "让切丝器器的锋利，不再与你相对。#婕婕的宝藏 每周六晚上八点半 #婕婕直播", "aweme_url": "https://www.iesdouyin.com/share/video/6851919864244751631/?region=CN&mid=6851919904875350798&u_code=0&titleType=title", "download_url": "https://www.chanmama.com/awemeDetail/6851919864244751631", "digg_count": 15086, "digg_incr": 5956, "aweme_create_time": 1595336915, "category": 5, "volume": 1, "amount": 34}, "author": {"author_id": "68027072858", "nickname": "婕婕家里有宝藏啊", "follower_count": 854944}}, {"aweme": {"aweme_id": "6851749932945132815", "aweme_title": "爷爷我们一起加油，我会把你卖不出去的好毛笔，全都卖出去，没有任何套路，只有最真诚的介绍，毛笔好用一定会得到认可", "aweme_url": "https://www.iesdouyin.com/share/video/6851749932945132815/?region=CN&mid=6826927318729427725&u_code=0&titleType=title", "download_url": "https://www.chanmama.com/awemeDetail/6851749932945132815", "digg_count": 5952, "digg_incr": 5894, "aweme_create_time": 1595297351, "category": 5, "volume": 83, "amount": 4233}, "author": {"author_id": "93377888065", "nickname": "做毛笔的老爷爷", "follower_count": 148295}}, {"aweme": {"aweme_id": "6851861554212670724", "aweme_title": "舞蹈培训机构必须知道的四个网站#舞蹈 #招生宣传哪家强 @抖音小助手 @小象招生参谋", "aweme_url": "https://www.iesdouyin.com/share/video/6851861554212670724/?region=CN&mid=6851861597443345165&u_code=4ck64e48dbc5&titleType=title", "download_url": "https://www.chanmama.com/awemeDetail/6851861554212670724", "digg_count": 6019, "digg_incr": 5842, "aweme_create_time": 1595323346, "category": 5, "volume": 4, "amount": 1196}, "author": {"author_id": "3619202819697244", "nickname": "舞蹈招生小秘书", "follower_count": 34591}}, {"aweme": {"aweme_id": "6851780133544660227", "aweme_title": "现代社会这些关系也在稀释淡化。#王东岳 @抖音小助手", "aweme_url": "https://www.iesdouyin.com/share/video/6851780133544660227/?region=CN&mid=6851780204084448008&u_code=1kgi6h6afg08&titleType=title", "download_url": "https://www.chanmama.com/awemeDetail/6851780133544660227", "digg_count": 18522, "digg_incr": 5456, "aweme_create_time": 1595304390, "category": 5, "volume": 7, "amount": 623}, "author": {"author_id": "103867680661", "nickname": "王东岳讲堂", "follower_count": 72515}}, {"aweme": {"aweme_id": "6851784450129399040", "aweme_title": "不知道卖多少单才能够首付......", "aweme_url": "https://www.iesdouyin.com/share/video/6851784450129399040/?region=CN&mid=6851784851486411533&u_code=0&titleType=title", "download_url": "https://www.chanmama.com/awemeDetail/6851784450129399040", "digg_count": 5549, "digg_incr": 5421, "aweme_create_time": 1595305388, "category": 5, "volume": 841, "amount": 23548}, "author": {"author_id": "870435004886184", "nickname": "峰哥又来了", "follower_count": 230449}}, {"aweme": {"aweme_id": "6851772635378879744", "aweme_title": "给你好朋友看", "aweme_url": "https://www.iesdouyin.com/share/video/6851772635378879744/?region=CN&mid=6847063818934831879&u_code=0&titleType=title", "download_url": "https://www.chanmama.com/awemeDetail/6851772635378879744", "digg_count": 6568, "digg_incr": 5363, "aweme_create_time": 1595302637, "category": 5, "volume": 1, "amount": 14.8}, "author": {"author_id": "96928445296", "nickname": "阿么", "follower_count": 570882}}, {"aweme": {"aweme_id": "6851889707748543759", "aweme_title": "#原耽女孩 你最喜欢的原耽作者是谁呀？", "aweme_url": "https://www.iesdouyin.com/share/video/6851889707748543759/?region=CN&mid=6830337494664481550&u_code=0&titleType=title", "download_url": "https://www.chanmama.com/awemeDetail/6851889707748543759", "digg_count": 6419, "digg_incr": 5240, "aweme_create_time": 1595329894, "category": 5, "volume": 0, "amount": 0}, "author": {"author_id": "3685158577243615", "nickname": "阿宁_Roro", "follower_count": 543818}}, {"aweme": {"aweme_id": "6851749040711896335", "aweme_title": "转笔刀活动，电动手动都有，总有适合你的一款#电商活动线报 #好物推荐 #转笔刀", "aweme_url": "https://www.iesdouyin.com/share/video/6851749040711896335/?region=CN&mid=6851749050727910152&u_code=0&titleType=title", "download_url": "https://www.chanmama.com/awemeDetail/6851749040711896335", "digg_count": 5038, "digg_incr": 5038, "aweme_create_time": 1595297144, "category": 5, "volume": 103, "amount": 607.7}, "author": {"author_id": "64393518880", "nickname": "百事易商贸", "follower_count": 73998}}, {"aweme": {"aweme_id": "6851873022572350733", "aweme_title": "你还这样写草字头吗？", "aweme_url": "https://www.iesdouyin.com/share/video/6851873022572350733/?region=CN&mid=6851873033775319815&u_code=0&titleType=title", "download_url": "https://www.chanmama.com/awemeDetail/6851873022572350733", "digg_count": 5836, "digg_incr": 4719, "aweme_create_time": 1595326010, "category": 5, "volume": 3, "amount": 119.69999999999999}, "author": {"author_id": "102254890803", "nickname": "夏天练字", "follower_count": 932790}}, {"aweme": {"aweme_id": "6851911716809280781", "aweme_title": "播音生大学第一课竟然是给牙齿做spa？", "aweme_url": "https://www.iesdouyin.com/share/video/6851911716809280781/?region=CN&mid=6851912490365160206&u_code=0&titleType=title", "download_url": "https://www.chanmama.com/awemeDetail/6851911716809280781", "digg_count": 8622, "digg_incr": 4694, "aweme_create_time": 1595340063, "category": 5, "volume": 0, "amount": 0}, "author": {"author_id": "945215608468231", "nickname": "歹歹的喜多", "follower_count": 359990}}, {"aweme": {"aweme_id": "6851839944739015936", "aweme_title": "这得有多困啊，还是说这样做太舒服了，开始饿哭了，一用上球就不哭了，康复做着做着还睡着了😂", "aweme_url": "https://www.iesdouyin.com/share/video/6851839944739015936/?region=CN&mid=6740929785205129224&u_code=379jm8h3l53m&titleType=title", "download_url": "https://www.chanmama.com/awemeDetail/6851839944739015936", "digg_count": 5531, "digg_incr": 4689, "aweme_create_time": 1595318309, "category": 5, "volume": 5, "amount": 49.5}, "author": {"author_id": "104273206332", "nickname": "记录我们的点点滴滴", "follower_count": 202998}}, {"aweme": {"aweme_id": "6851764031485693191", "aweme_title": "小熊🐻太可爱啦鸭👀而且还很能装鸭💕这个收纳包包一定要拥有呀#文具安利 #文具", "aweme_url": "https://www.iesdouyin.com/share/video/6851764031485693191/?region=CN&mid=6800291345203268365&u_code=0&titleType=title", "download_url": "https://www.chanmama.com/awemeDetail/6851764031485693191", "digg_count": 6271, "digg_incr": 4550, "aweme_create_time": 1595300633, "category": 5, "volume": 9, "amount": 197.1}, "author": {"author_id": "102776265170", "nickname": "有家本店", "follower_count": 478240}}, {"aweme": {"aweme_id": "6851875625444085000", "aweme_title": "给老婆做点好吃的吧，吃美了，你想干啥都行😂#趣胃大比拼 #美食趣胃计划", "aweme_url": "https://www.iesdouyin.com/share/video/6851875625444085000/?region=CN&mid=6851875645446736654&u_code=0&titleType=title", "download_url": "https://www.chanmama.com/awemeDetail/6851875625444085000", "digg_count": 6184, "digg_incr": 4285, "aweme_create_time": 1595326616, "category": 5, "volume": 12, "amount": 598.8}, "author": {"author_id": "60712860312", "nickname": "爸爸的冰箱", "follower_count": 928374}}, {"aweme": {"aweme_id": "6851686263888563463", "aweme_title": "数字写行书#感谢抖音", "aweme_url": "https://www.iesdouyin.com/share/video/6851686263888563463/?region=CN&mid=6557310673196747527&u_code=0&titleType=title", "download_url": "https://www.chanmama.com/awemeDetail/6851686263888563463", "digg_count": 5247, "digg_incr": 4252, "aweme_create_time": 1595282537, "category": 5, "volume": 8, "amount": 319.2}, "author": {"author_id": "102254890803", "nickname": "夏天练字", "follower_count": 932790}}, {"aweme": {"aweme_id": "6851899351938108687", "aweme_title": "这18名明星你都认识吗？", "aweme_url": "https://www.iesdouyin.com/share/video/6851899351938108687/?region=CN&mid=6820750749103983374&u_code=0&titleType=title", "download_url": "https://www.chanmama.com/awemeDetail/6851899351938108687", "digg_count": 9194, "digg_incr": 4135, "aweme_create_time": 1595332139, "category": 5, "volume": 0, "amount": 0}, "author": {"author_id": "2616489200598664", "nickname": "林却却", "follower_count": 857999}}, {"aweme": {"aweme_id": "6851875068570586368", "aweme_title": "瓦漏格子稀，要想买葡萄，先听老板吹牛逼#葡萄酒架#我要上热门 #DOU @抖音小助手", "aweme_url": "https://www.iesdouyin.com/share/video/6851875068570586368/?region=CN&mid=6851875095762307853&u_code=1kgi6h6afg08&titleType=title", "download_url": "https://www.chanmama.com/awemeDetail/6851875068570586368", "digg_count": 5447, "digg_incr": 3938, "aweme_create_time": 1595326486, "category": 5, "volume": 0, "amount": 0}, "author": {"author_id": "74496584643", "nickname": "四川巅峰哥", "follower_count": 71010}}, {"aweme": {"aweme_id": "6851832784512617735", "aweme_title": "帮你避免尴尬的小秘诀#马若熙 #口喷", "aweme_url": "https://www.iesdouyin.com/share/video/6851832784512617735/?region=CN&mid=6851832810462808846&u_code=0&titleType=title", "download_url": "https://www.chanmama.com/awemeDetail/6851832784512617735", "digg_count": 5986, "digg_incr": 3604, "aweme_create_time": 1595324521, "category": 5, "volume": 51, "amount": 2034.8999999999999}, "author": {"author_id": "56543070571", "nickname": "马若熙", "follower_count": 742478}}, {"aweme": {"aweme_id": "6851781792630967567", "aweme_title": "小心心送给你❤#长草颜团子#简笔画 #学浪计划 #童豆家族", "aweme_url": "https://www.iesdouyin.com/share/video/6851781792630967567/?region=CN&mid=6667114540808932110&u_code=d3cj78d2g00&titleType=title", "download_url": "https://www.chanmama.com/awemeDetail/6851781792630967567", "digg_count": 3606, "digg_incr": 3589, "aweme_create_time": 1595304769, "category": 5, "volume": 0, "amount": 0}, "author": {"author_id": "95888944184", "nickname": "美术老师香蕉TD", "follower_count": 29126}}, {"aweme": {"aweme_id": "6851834458891422991", "aweme_title": "买到的小伙伴一定记住不要让小孩子玩哟#涨知识 #dou出新知 #好物推荐 #好物分享", "aweme_url": "https://www.iesdouyin.com/share/video/6851834458891422991/?region=CN&mid=6851834474292939534&u_code=0&titleType=title", "download_url": "https://www.chanmama.com/awemeDetail/6851834458891422991", "digg_count": 9826, "digg_incr": 3240, "aweme_create_time": 1595317031, "category": 5, "volume": 14, "amount": 838.6}, "author": {"author_id": "1099137711345223", "nickname": "寻味记", "follower_count": 540386}}, {"aweme": {"aweme_id": "6851856833531972871", "aweme_title": "所以是哪个姓氏让你记住了我呢#姓氏 #手写", "aweme_url": "https://www.iesdouyin.com/share/video/6851856833531972871/?region=CN&mid=6851856841472019213&u_code=13h2b40ld9m7&titleType=title", "download_url": "https://www.chanmama.com/awemeDetail/6851856833531972871", "digg_count": 5043, "digg_incr": 3229, "aweme_create_time": 1595322241, "category": 5, "volume": 3, "amount": 87}, "author": {"author_id": "60893966959", "nickname": "青晨手记", "follower_count": 81075}}, {"aweme": {"aweme_id": "6851895826533387535", "aweme_title": "@阿心 牛角梳 库艺发了一个抖音短视频，你尽管点开，不好看算我输！", "aweme_url": "https://www.iesdouyin.com/share/video/6851895826533387535/?region=CN&mid=6851895850382510861&u_code=d3cj78d2g00&titleType=", "download_url": "https://www.chanmama.com/awemeDetail/6851895826533387535", "digg_count": 3200, "digg_incr": 3199, "aweme_create_time": 1595331318, "category": 5, "volume": 8, "amount": 1504}, "author": {"author_id": "936427635086700", "nickname": "阿心 牛角梳 库艺", "follower_count": 19166}}, {"aweme": {"aweme_id": "6851649867375185167", "aweme_title": "还是没有有缘人的出现，我依然来上班，不过也想通了，也开心。#上热门 #谢谢抖音官方 #天生丽质 #美女 #打工", "aweme_url": "https://www.iesdouyin.com/share/video/6851649867375185167/?region=CN&mid=6841830253430721294&u_code=27l4hke24855&titleType=title", "download_url": "https://www.chanmama.com/awemeDetail/6851649867375185167", "digg_count": 3861, "digg_incr": 3142, "aweme_create_time": 1595274078, "category": 5, "volume": 0, "amount": 0}, "author": {"author_id": "61783657298", "nickname": "天山雪莲", "follower_count": 57046}}, {"aweme": {"aweme_id": "6851778032185675023", "aweme_title": "这个真空压缩袋我真是爱了！我东西太多了！压缩之后终于能都装下了！@DOU+小助手", "aweme_url": "https://www.iesdouyin.com/share/video/6851778032185675023/?region=CN&mid=6561607140687547149&u_code=0&titleType=title", "download_url": "https://www.chanmama.com/awemeDetail/6851778032185675023", "digg_count": 4607, "digg_incr": 3123, "aweme_create_time": 1595303893, "category": 5, "volume": 30, "amount": 2697}, "author": {"author_id": "108834270333", "nickname": "掌柜：沈小蓓", "follower_count": 169766}}, {"aweme": {"aweme_id": "6851820826816171279", "aweme_title": "教你画画，一看就会", "aweme_url": "https://www.iesdouyin.com/share/video/6851820826816171279/?region=CN&mid=6830781882680298254&u_code=0&titleType=title", "download_url": "https://www.chanmama.com/awemeDetail/6851820826816171279", "digg_count": 3301, "digg_incr": 3118, "aweme_create_time": 1595313858, "category": 5, "volume": 0, "amount": 0}, "author": {"author_id": "53020006900", "nickname": "尘埃彩铅", "follower_count": 506472}}, {"aweme": {"aweme_id": "6851786072599448843", "aweme_title": "实木地板，多层实木地板，三层实木地板，木制家具都可以使用#地板 #地板蜡 #抖音小助手 @DOU+小助手", "aweme_url": "https://www.iesdouyin.com/share/video/6851786072599448843/?region=CN&mid=6851786146348174088&u_code=3fba50403g9a&titleType=title", "download_url": "https://www.chanmama.com/awemeDetail/6851786072599448843", "digg_count": 3064, "digg_incr": 3062, "aweme_create_time": 1595305772, "category": 5, "volume": 0, "amount": 0}, "author": {"author_id": "2260197788616243", "nickname": "sz2020", "follower_count": 97323}}, {"aweme": {"aweme_id": "6851842185143323912", "aweme_title": "你还这样写齐字吗？", "aweme_url": "https://www.iesdouyin.com/share/video/6851842185143323912/?region=CN&mid=6851842202696485645&u_code=0&titleType=title", "download_url": "https://www.chanmama.com/awemeDetail/6851842185143323912", "digg_count": 3991, "digg_incr": 3061, "aweme_create_time": 1595318831, "category": 5, "volume": 3, "amount": 119.69999999999999}, "author": {"author_id": "102254890803", "nickname": "夏天练字", "follower_count": 932790}}, {"aweme": {"aweme_id": "6851905109211778315", "aweme_title": "这是“甜狗”还是“咸狗”傻傻分不清楚#网红饮料 @DOU+小助手", "aweme_url": "https://www.iesdouyin.com/share/video/6851905109211778315/?region=CN&mid=6851905143928752909&u_code=27l4hkd95f9c&titleType=title", "download_url": "https://www.chanmama.com/awemeDetail/6851905109211778315", "digg_count": 7243, "digg_incr": 3016, "aweme_create_time": 1595333485, "category": 5, "volume": 0, "amount": 0}, "author": {"author_id": "2607693898711308", "nickname": "渔渔又嘴馋", "follower_count": 88011}}, {"aweme": {"aweme_id": "6851872467984731392", "aweme_title": "有传统无正宗，大厨毫无保留分享万能自用焖酱#趣胃大比拼 #趣胃美食计划 @DOU+小助手", "aweme_url": "https://www.iesdouyin.com/share/video/6851872467984731392/?region=CN&mid=6556201109973797635&u_code=0&titleType=title", "download_url": "https://www.chanmama.com/awemeDetail/6851872467984731392", "digg_count": 4236, "digg_incr": 2972, "aweme_create_time": 1595325881, "category": 5, "volume": 0, "amount": 0}, "author": {"author_id": "84586357084", "nickname": "一味走天下💪", "follower_count": 111588}}, {"aweme": {"aweme_id": "6851804987446676751", "aweme_title": "不要负了一个傻子的爱，他付出的是你得不到的真情", "aweme_url": "https://www.iesdouyin.com/share/video/6851804987446676751/?region=CN&mid=6851804986259540744&u_code=0&titleType=title", "download_url": "https://www.chanmama.com/awemeDetail/6851804987446676751", "digg_count": 3362, "digg_incr": 2867, "aweme_create_time": 1595310170, "category": 5, "volume": 1, "amount": 29.9}, "author": {"author_id": "56162899314", "nickname": "辉哥", "follower_count": 384109}}, {"aweme": {"aweme_id": "6851860939441048835", "aweme_title": "教你自制奶黄陷，奶香浓郁，用料简单健康，在家轻轻松松搞定！#烘焙 #自制奶黄陷", "aweme_url": "https://www.iesdouyin.com/share/video/6851860939441048835/?region=CN&mid=6851861040935144199&u_code=0&titleType=title", "download_url": "https://www.chanmama.com/awemeDetail/6851860939441048835", "digg_count": 4380, "digg_incr": 2834, "aweme_create_time": 1595323204, "category": 5, "volume": 0, "amount": 0}, "author": {"author_id": "12793731619559", "nickname": "二姐(小烤拉烘焙)", "follower_count": 346770}}, {"aweme": {"aweme_id": "6851664864381816072", "aweme_title": "女朋友看完这个视频看了一眼家里的杯子眉头一锁，我就感觉不太妙！ #好物推存", "aweme_url": "https://www.iesdouyin.com/share/video/6851664864381816072/?region=CN&mid=6851664656524692238&u_code=27l4hke24855&titleType=title", "download_url": "https://www.chanmama.com/awemeDetail/6851664864381816072", "digg_count": 2757, "digg_incr": 2572, "aweme_create_time": 1595306280, "category": 5, "volume": 3, "amount": 147}, "author": {"author_id": "993582363980109", "nickname": "英子严选", "follower_count": 261317}}, {"aweme": {"aweme_id": "6851780913257254156", "aweme_title": "自从酒店回来，成天念叨人家那垃圾桶好，不用动手，入手了，让老太太在家感受一下@抖音小助手", "aweme_url": "https://www.iesdouyin.com/share/video/6851780913257254156/?region=CN&mid=6851780964702161671&u_code=0&titleType=title", "download_url": "https://www.chanmama.com/awemeDetail/6851780913257254156", "digg_count": 2941, "digg_incr": 2529, "aweme_create_time": 1595304571, "category": 5, "volume": 19, "amount": 1138.1}, "author": {"author_id": "70882177256", "nickname": "调皮婆媳", "follower_count": 106027}}, {"aweme": {"aweme_id": "6851781139292605708", "aweme_title": "笨笨哒便当（贴纸➕小便签）#多多洛杂货铺 #手帐 #热门 #文具", "aweme_url": "https://www.iesdouyin.com/share/video/6851781139292605708/?region=CN&mid=6851781196863851272&u_code=0&titleType=title", "download_url": "https://www.chanmama.com/awemeDetail/6851781139292605708", "digg_count": 2691, "digg_incr": 2520, "aweme_create_time": 1595304625, "category": 5, "volume": 8, "amount": 36.8}, "author": {"author_id": "81344950106", "nickname": "多多洛杂货铺", "follower_count": 129956}}, {"aweme": {"aweme_id": "6851873607895862528", "aweme_title": "#女人 #情感 #玛莎拉蒂锋芒玩家 #solo出道谁最nata #网红饰品 #抖音直播@DOU+小助手", "aweme_url": "https://www.iesdouyin.com/share/video/6851873607895862528/?region=CN&mid=6851873615785331463&u_code=0&titleType=title", "download_url": "https://www.chanmama.com/awemeDetail/6851873607895862528", "digg_count": 2397, "digg_incr": 2354, "aweme_create_time": 1595326146, "category": 5, "volume": 6, "amount": 294}, "author": {"author_id": "3896303028802699", "nickname": "颜瑟饰品", "follower_count": 292915}}, {"aweme": {"aweme_id": "6851897343474699535", "aweme_title": "今天的可还清新？新手盆友可以画起来啦", "aweme_url": "https://www.iesdouyin.com/share/video/6851897343474699535/?region=CN&mid=6798423877866277639&u_code=0&titleType=title", "download_url": "https://www.chanmama.com/awemeDetail/6851897343474699535", "digg_count": 4186, "digg_incr": 2286, "aweme_create_time": 1595331671, "category": 5, "volume": 1, "amount": 37.6}, "author": {"author_id": "100333153287", "nickname": "我是乐乐可乐的乐", "follower_count": 153482}}, {"aweme": {"aweme_id": "6851914023185747203", "aweme_title": "换个方式说话，一开口就让别人喜欢你#口才#手写 #涨知识", "aweme_url": "https://www.iesdouyin.com/share/video/6851914023185747203/?region=CN&mid=6841841784965253902&u_code=0&titleType=title", "download_url": "https://www.chanmama.com/awemeDetail/6851914023185747203", "digg_count": 8846, "digg_incr": 2203, "aweme_create_time": 1595335560, "category": 5, "volume": 3, "amount": 105}, "author": {"author_id": "3689566242607912", "nickname": "抚沐", "follower_count": 776397}}, {"aweme": {"aweme_id": "6851872099347303680", "aweme_title": "这个弄上挺好", "aweme_url": "https://www.iesdouyin.com/share/video/6851872099347303680/?region=CN&mid=6851872110386744072&u_code=d3cj78d2g00&titleType=title", "download_url": "https://www.chanmama.com/awemeDetail/6851872099347303680", "digg_count": 3702, "digg_incr": 2110, "aweme_create_time": 1595325795, "category": 5, "volume": 18, "amount": 106.2}, "author": {"author_id": "104958503756", "nickname": "王赫", "follower_count": 692555}}, {"aweme": {"aweme_id": "6851755401344584960", "aweme_title": "是什么让#cfcf电动牙刷 降价了？这款黑科技射频清洁#牙刷 ，才百元出头了？#学生党必备", "aweme_url": "https://www.iesdouyin.com/share/video/6851755401344584960/?region=CN&mid=6851755402376284941&u_code=5lbjci72cb8&titleType=title", "download_url": "https://www.chanmama.com/awemeDetail/6851755401344584960", "digg_count": 2093, "digg_incr": 2093, "aweme_create_time": 1595300367, "category": 5, "volume": 27, "amount": 5373}, "author": {"author_id": "34772775083663", "nickname": "美雅~", "follower_count": 109618}}, {"aweme": {"aweme_id": "6851769321077722383", "aweme_title": "炒鸡划算de马卡龙牙刷，4盒只要9.9💰40只#家居好物 #好物推荐", "aweme_url": "https://www.iesdouyin.com/share/video/6851769321077722383/?region=CN&mid=6851769330082925325&u_code=0&titleType=title", "download_url": "https://www.chanmama.com/awemeDetail/6851769321077722383", "digg_count": 2476, "digg_incr": 2090, "aweme_create_time": 1595301865, "category": 5, "volume": 3, "amount": 29.700000000000003}, "author": {"author_id": "87183481754", "nickname": "绵阳攻略", "follower_count": 598661}}, {"aweme": {"aweme_id": "6851836941575441675", "aweme_title": "马上就要填志愿，确定不考虑一下四川美术学院吗#四川美术学院 #美术生", "aweme_url": "https://www.iesdouyin.com/share/video/6851836941575441675/?region=CN&mid=6851837127551159054&u_code=27l4hkd95f9c&titleType=title", "download_url": "https://www.chanmama.com/awemeDetail/6851836941575441675", "digg_count": 2086, "digg_incr": 1978, "aweme_create_time": 1595317617, "category": 5, "volume": 0, "amount": 0}, "author": {"author_id": "91744850623", "nickname": "川美-骑士小玖", "follower_count": 66946}}, {"aweme": {"aweme_id": "6851846912467848448", "aweme_title": "#农村美食 #老人 小时候的回忆，高粱杆杆做的眼镜", "aweme_url": "https://www.iesdouyin.com/share/video/6851846912467848448/?region=CN&mid=6851846922362522376&u_code=19fjbl89kf63&titleType=title", "download_url": "https://www.chanmama.com/awemeDetail/6851846912467848448", "digg_count": 2473, "digg_incr": 1970, "aweme_create_time": 1595319931, "category": 5, "volume": 0, "amount": 0}, "author": {"author_id": "75339918317", "nickname": "拓鲜生", "follower_count": 78447}}, {"aweme": {"aweme_id": "6851760408030661900", "aweme_title": "洗衣做饭的男人你们喜欢吗？两孩子的衣服在怎么脏我都不怕，因为我有洗衣凝珠，油腻、果汁等脏物都可清除", "aweme_url": "https://www.iesdouyin.com/share/video/6851760408030661900/?region=CN&mid=6564348775938067208&u_code=39cg4d6mdh5j&titleType=title", "download_url": "https://www.chanmama.com/awemeDetail/6851760408030661900", "digg_count": 1969, "digg_incr": 1831, "aweme_create_time": 1595299795, "category": 5, "volume": 20, "amount": 198}, "author": {"author_id": "1288249534842587", "nickname": "猪猪兄弟(甄选)", "follower_count": 95960}}, {"aweme": {"aweme_id": "6851775613662022925", "aweme_title": "听说再发一次会热门，，，", "aweme_url": "https://www.iesdouyin.com/share/video/6851775613662022925/?region=CN&mid=6851775711829658376&u_code=0&titleType=title", "download_url": "https://www.chanmama.com/awemeDetail/6851775613662022925", "digg_count": 3342, "digg_incr": 1829, "aweme_create_time": 1595303330, "category": 5, "volume": 2, "amount": 13.6}, "author": {"author_id": "54852966279", "nickname": "社物日用品百货店", "follower_count": 118820}}, {"aweme": {"aweme_id": "6851884031945067780", "aweme_title": "大午种禽一年孵化一亿多只蛋雏鸡，每只鸡年产300多枚。只要有大午养鸡，全国的鸡蛋就贵不了#企业管理 #管理", "aweme_url": "https://www.iesdouyin.com/share/video/6851884031945067780/?region=CN&mid=6851884073255095048&u_code=27l4hkd95f9c&titleType=title", "download_url": "https://www.chanmama.com/awemeDetail/6851884031945067780", "digg_count": 2325, "digg_incr": 1818, "aweme_create_time": 1595328578, "category": 5, "volume": 3, "amount": 89.69999999999999}, "author": {"author_id": "4155807062308776", "nickname": "大午传承", "follower_count": 35168}}, {"aweme": {"aweme_id": "6851781421430836493", "aweme_title": "这是什么神仙玩具？以后宝宝的衣物就不用在做刺绣了，太完美了吧，省了好多事。@DOU+小助手", "aweme_url": "https://www.iesdouyin.com/share/video/6851781421430836493/?region=CN&mid=6851781500892547847&u_code=0&titleType=title", "download_url": "https://www.chanmama.com/awemeDetail/6851781421430836493", "digg_count": 1855, "digg_incr": 1797, "aweme_create_time": 1595304696, "category": 5, "volume": 1, "amount": 23.8}, "author": {"author_id": "3997457253141437", "nickname": "华智姓名印章", "follower_count": 11086}}, {"aweme": {"aweme_id": "6851747248276016399", "aweme_title": "累又怎样，看到孩子的那一刻，笑容永远都是最灿烂的，孩子是我们的软肋，我们是孩子的盔甲，挺直你的腰，抱紧你的娃！", "aweme_url": "https://www.iesdouyin.com/share/video/6851747248276016399/?region=CN&mid=6851747257247632136&u_code=27l4hkd95f9c&titleType=title", "download_url": "https://www.chanmama.com/awemeDetail/6851747248276016399", "digg_count": 2205, "digg_incr": 1704, "aweme_create_time": 1595296726, "category": 5, "volume": 3, "amount": 29.700000000000003}, "author": {"author_id": "104273206332", "nickname": "记录我们的点点滴滴", "follower_count": 202998}}, {"aweme": {"aweme_id": "6851631520357125387", "aweme_title": "这款升级版发膜推荐给大家，头发干枯毛躁用完后特别顺滑#申请上热门", "aweme_url": "https://www.iesdouyin.com/share/video/6851631520357125387/?region=CN&mid=6851631442527652616&u_code=19fjbl89kf63&titleType=title", "download_url": "https://www.chanmama.com/awemeDetail/6851631520357125387", "digg_count": 1690, "digg_incr": 1678, "aweme_create_time": 1595269815, "category": 5, "volume": 36, "amount": 316.8}, "author": {"author_id": "3777522292754075", "nickname": "笑😄女孩", "follower_count": 206300}}, {"aweme": {"aweme_id": "6851770249067482381", "aweme_title": "小白鞋脏了别用牙刷刷了，用这个擦鞋湿巾，既干净还不伤鞋 #擦鞋湿巾 #小白鞋 #好物推荐", "aweme_url": "https://www.iesdouyin.com/share/video/6851770249067482381/?region=CN&mid=6618734063077460739&u_code=0&titleType=title", "download_url": "https://www.chanmama.com/awemeDetail/6851770249067482381", "digg_count": 2302, "digg_incr": 1662, "aweme_create_time": 1595302081, "category": 5, "volume": 4, "amount": 115.2}, "author": {"author_id": "3689555561034427", "nickname": "喜淘好物", "follower_count": 961645}}, {"aweme": {"aweme_id": "6851873124053486863", "aweme_title": "啊啊啊我的少女心啊～是仙女的#香氛沐浴露", "aweme_url": "https://www.iesdouyin.com/share/video/6851873124053486863/?region=CN&mid=6771199829029718797&u_code=0&titleType=title", "download_url": "https://www.chanmama.com/awemeDetail/6851873124053486863", "digg_count": 1758, "digg_incr": 1659, "aweme_create_time": 1595326033, "category": 5, "volume": 1, "amount": 69}, "author": {"author_id": "382239111651923", "nickname": "zZ元气酱", "follower_count": 110533}}, {"aweme": {"aweme_id": "6851806868302515467", "aweme_title": "等大家的好评！喷头可以旋转调节的！", "aweme_url": "https://www.iesdouyin.com/share/video/6851806868302515467/?region=CN&mid=6851807369546959623&u_code=0&titleType=title", "download_url": "https://www.chanmama.com/awemeDetail/6851806868302515467", "digg_count": 1738, "digg_incr": 1638, "aweme_create_time": 1595310653, "category": 5, "volume": 0, "amount": 0}, "author": {"author_id": "4503621482295460", "nickname": "明扬博博小萝莉", "follower_count": 914077}}, {"aweme": {"aweme_id": "6851765605700291855", "aweme_title": "家里边边角角容易发霉难清理，用了这款除霉啫喱，干净如新。#居家必备 #好物推荐", "aweme_url": "https://www.iesdouyin.com/share/video/6851765605700291855/?region=CN&mid=6851765625040194311&u_code=0&titleType=title", "download_url": "https://www.chanmama.com/awemeDetail/6851765605700291855", "digg_count": 1593, "digg_incr": 1593, "aweme_create_time": 1595301000, "category": 5, "volume": 8, "amount": 158.4}, "author": {"author_id": "4877296263", "nickname": "@三哥", "follower_count": 786099}}, {"aweme": {"aweme_id": "6851888648820886792", "aweme_title": "福利来啦，罗松泉手制黑湘妃辽北纯狼毫小楷， 拍一发二，到手两支 #文房四宝", "aweme_url": "https://www.iesdouyin.com/share/video/6851888648820886792/?region=CN&mid=6851888751778597640&u_code=d3cj78d2g00&titleType=title", "download_url": "https://www.chanmama.com/awemeDetail/6851888648820886792", "digg_count": 2128, "digg_incr": 1587, "aweme_create_time": 1595329665, "category": 5, "volume": 14, "amount": 1386}, "author": {"author_id": "901225701719260", "nickname": "临江文房 （每周六周天中午12点直播）", "follower_count": 46038}}, {"aweme": {"aweme_id": "6851883647847402760", "aweme_title": "学废了吗？没学废你来打我。#马克笔 @抖音小助手", "aweme_url": "https://www.iesdouyin.com/share/video/6851883647847402760/?region=CN&mid=6851883674103810830&u_code=0&titleType=title", "download_url": "https://www.chanmama.com/awemeDetail/6851883647847402760", "digg_count": 2472, "digg_incr": 1566, "aweme_create_time": 1595328483, "category": 5, "volume": 0, "amount": 0}, "author": {"author_id": "58658631540", "nickname": "李老师【Time Machine】", "follower_count": 163328}}, {"aweme": {"aweme_id": "6851893953550241039", "aweme_title": "针对“砖夹子”们的不屑和牛皮，我打算申请个“江湖书法鞋会”志同道合的在评论区留言，一同前行#张增亮磐石体书法", "aweme_url": "https://www.iesdouyin.com/share/video/6851893953550241039/?region=CN&mid=6851893976199744270&u_code=0&titleType=title", "download_url": "https://www.chanmama.com/awemeDetail/6851893953550241039", "digg_count": 1950, "digg_incr": 1549, "aweme_create_time": 1595330883, "category": 5, "volume": 0, "amount": 0}, "author": {"author_id": "96243746009", "nickname": "河北张增亮磐石书法工作室", "follower_count": 184092}}, {"aweme": {"aweme_id": "6851783129682758923", "aweme_title": "绝对不会踩雷的东西！#好物分享", "aweme_url": "https://www.iesdouyin.com/share/video/6851783129682758923/?region=CN&mid=6815023234610645006&u_code=0&titleType=title", "download_url": "https://www.chanmama.com/awemeDetail/6851783129682758923", "digg_count": 2234, "digg_incr": 1540, "aweme_create_time": 1595305088, "category": 5, "volume": 15, "amount": 298.5}, "author": {"author_id": "96653277853", "nickname": "石头的美好生活", "follower_count": 734199}}, {"aweme": {"aweme_id": "6851918332573043975", "aweme_title": "这四个动作希望你们学会变美哦！#抗衰老 亲##淡化细纹", "aweme_url": "https://www.iesdouyin.com/share/video/6851918332573043975/?region=CN&mid=6851918350835141383&u_code=1jk5mbkebjje&titleType=title", "download_url": "https://www.chanmama.com/awemeDetail/6851918332573043975", "digg_count": 1493, "digg_incr": 1493, "aweme_create_time": 1595336558, "category": 5, "volume": 41, "amount": 1225.8999999999999}, "author": {"author_id": "4375651276044974", "nickname": "辰辰商贸中心官方账号", "follower_count": 94521}}, {"aweme": {"aweme_id": "6851771529999502599", "aweme_title": "夏天口气不好，试试它，让你知道什么叫吐气如兰#好物推荐 #口气清新 #夏天的风 #女朋友", "aweme_url": "https://www.iesdouyin.com/share/video/6851771529999502599/?region=CN&mid=6543519450186910477&u_code=0&titleType=title", "download_url": "https://www.chanmama.com/awemeDetail/6851771529999502599", "digg_count": 2077, "digg_incr": 1488, "aweme_create_time": 1595302379, "category": 5, "volume": 10, "amount": 199}, "author": {"author_id": "3689555561034427", "nickname": "喜淘好物", "follower_count": 961645}}, {"aweme": {"aweme_id": "6851826631430966536", "aweme_title": "这个锅煮的面，那叫一个香～ #优人先的日常   #vlog我的日常", "aweme_url": "https://www.iesdouyin.com/share/video/6851826631430966536/?region=CN&mid=6851826735144241934&u_code=i5hd8ml6f59&titleType=title", "download_url": "https://www.chanmama.com/awemeDetail/6851826631430966536", "digg_count": 3478, "digg_incr": 1484, "aweme_create_time": 1595329200, "category": 5, "volume": 1, "amount": 38}, "author": {"author_id": "74409311475822", "nickname": "优人先", "follower_count": 36272}}, {"aweme": {"aweme_id": "6851781021722103047", "aweme_title": "四个字让你终身不发火#四个字教你终身不发火", "aweme_url": "https://www.iesdouyin.com/share/video/6851781021722103047/?region=CN&mid=6851781035346840328&u_code=0&titleType=title", "download_url": "https://www.chanmama.com/awemeDetail/6851781021722103047", "digg_count": 2027, "digg_incr": 1481, "aweme_create_time": 1595304590, "category": 5, "volume": 0, "amount": 0}, "author": {"author_id": "78424595261", "nickname": "盘丝洞小妖精", "follower_count": 916866}}, {"aweme": {"aweme_id": "6851778402920205581", "aweme_title": "电视背影墙总感觉太单调，就安装这款时钟点缀，不但好看，也提醒我们每天认真对待", "aweme_url": "https://www.iesdouyin.com/share/video/6851778402920205581/?region=CN&mid=6851778485925546766&u_code=0&titleType=title", "download_url": "https://www.chanmama.com/awemeDetail/6851778402920205581", "digg_count": 5260, "digg_incr": 1447, "aweme_create_time": 1595303997, "category": 5, "volume": 0, "amount": 0}, "author": {"author_id": "3645610230556100", "nickname": "西 西", "follower_count": 761555}}, {"aweme": {"aweme_id": "6851793164316183823", "aweme_title": "#称斤小霸王 今年行情就是按斤出", "aweme_url": "https://www.iesdouyin.com/share/video/6851793164316183823/?region=CN&mid=6851793165364611847&u_code=0&titleType=title", "download_url": "https://www.chanmama.com/awemeDetail/6851793164316183823", "digg_count": 1683, "digg_incr": 1409, "aweme_create_time": 1595307417, "category": 5, "volume": 0, "amount": 0}, "author": {"author_id": "7843017106", "nickname": "义乌市何林贸易商行", "follower_count": 244351}}, {"aweme": {"aweme_id": "6851824757873085711", "aweme_title": "#大头biubiubiu 我想你了！是那种发短信打电话…", "aweme_url": "https://www.iesdouyin.com/share/video/6851824757873085711/?region=CN&mid=6568403624653294344&u_code=0&titleType=title", "download_url": "https://www.chanmama.com/awemeDetail/6851824757873085711", "digg_count": 1891, "digg_incr": 1396, "aweme_create_time": 1595314773, "category": 5, "volume": 0, "amount": 0}, "author": {"author_id": "54968152043", "nickname": "娟", "follower_count": 399141}}, {"aweme": {"aweme_id": "6851817038009175296", "aweme_title": "#抖音好物 #自用分享 #好物分享 #纳米双面胶 #纳米胶带 #胶带挑战 #胶带胶带 #防水", "aweme_url": "https://www.iesdouyin.com/share/video/6851817038009175296/?region=CN&mid=6850249356617026317&u_code=11e65medbjaf&titleType=title", "download_url": "https://www.chanmama.com/awemeDetail/6851817038009175296", "digg_count": 1393, "digg_incr": 1391, "aweme_create_time": 1595312976, "category": 5, "volume": 0, "amount": 0}, "author": {"author_id": "1538970964207287", "nickname": "汪汪岁冰冰", "follower_count": 10823}}, {"aweme": {"aweme_id": "6851904871763873027", "aweme_title": "也他家这个质量没得说，给力！#717奇妙好物在这里 #乘风破浪的好物 #收纳", "aweme_url": "https://www.iesdouyin.com/share/video/6851904871763873027/?region=CN&mid=6851904899605695246&u_code=0&titleType=title", "download_url": "https://www.chanmama.com/awemeDetail/6851904871763873027", "digg_count": 1751, "digg_incr": 1382, "aweme_create_time": 1595333430, "category": 5, "volume": 13, "amount": 1287}, "author": {"author_id": "101132250393", "nickname": "you哩", "follower_count": 497235}}, {"aweme": {"aweme_id": "6851704061444590862", "aweme_title": "喝了它有神奇的力量，闭上眼看见天堂😂😂😂@DOU+小助手", "aweme_url": "https://www.iesdouyin.com/share/video/6851704061444590862/?region=CN&mid=6600161948187233032&u_code=15jlg8e5ah89&titleType=title", "download_url": "https://www.chanmama.com/awemeDetail/6851704061444590862", "digg_count": 1388, "digg_incr": 1375, "aweme_create_time": 1595286675, "category": 5, "volume": 19, "amount": 2831}, "author": {"author_id": "63233432340", "nickname": "聊城臻实惠电子商务", "follower_count": 20355}}, {"aweme": {"aweme_id": "6851772772784377088", "aweme_title": "少言是修养，闭嘴是智慧；不惹是非，过好自己的生活…宁静而致远。", "aweme_url": "https://www.iesdouyin.com/share/video/6851772772784377088/?region=CN&mid=6851772784293579534&u_code=0&titleType=title", "download_url": "https://www.chanmama.com/awemeDetail/6851772772784377088", "digg_count": 1977, "digg_incr": 1352, "aweme_create_time": 1595302669, "category": 5, "volume": 2, "amount": 47.8}, "author": {"author_id": "2748419083084679", "nickname": "庆海书法", "follower_count": 800003}}, {"aweme": {"aweme_id": "6851873281054657800", "aweme_title": "#带孩子 @抖音小助手", "aweme_url": "https://www.iesdouyin.com/share/video/6851873281054657800/?region=CN&mid=6851873289145518856&u_code=1h7f30l0i9ha&titleType=title", "download_url": "https://www.chanmama.com/awemeDetail/6851873281054657800", "digg_count": 1621, "digg_incr": 1341, "aweme_create_time": 1595326070, "category": 5, "volume": 0, "amount": 0}, "author": {"author_id": "1191487800612124", "nickname": "炮姐儿（有好货）", "follower_count": 92041}}, {"aweme": {"aweme_id": "6851899034630753543", "aweme_title": "看不起小主播吗。气人", "aweme_url": "https://www.iesdouyin.com/share/video/6851899034630753543/?region=CN&mid=6849161103440775950&u_code=4ah9m9g57j05&titleType=title", "download_url": "https://www.chanmama.com/awemeDetail/6851899034630753543", "digg_count": 1330, "digg_incr": 1330, "aweme_create_time": 1595332066, "category": 5, "volume": 5, "amount": 9.5}, "author": {"author_id": "59648704575", "nickname": "奇叔选品必属精品", "follower_count": 34393}}, {"aweme": {"aweme_id": "6851744082159504654", "aweme_title": "拖完地板总有腥味？试试这个，不仅去除异味，还能去除各种脏污渍#涨知识 #果味相投一起混 #好物推荐", "aweme_url": "https://www.iesdouyin.com/share/video/6851744082159504654/?region=CN&mid=6851744069069097736&u_code=143k2fd649cc&titleType=title", "download_url": "https://www.chanmama.com/awemeDetail/6851744082159504654", "digg_count": 1565, "digg_incr": 1314, "aweme_create_time": 1595295989, "category": 5, "volume": 1, "amount": 29.9}, "author": {"author_id": "3689555561034427", "nickname": "喜淘好物", "follower_count": 961645}}, {"aweme": {"aweme_id": "6851860291525938445", "aweme_title": "表演一个猛男撑伞吧☔️ #女朋友 #不知姓名的c #仙女", "aweme_url": "https://www.iesdouyin.com/share/video/6851860291525938445/?region=CN&mid=6851860318218373902&u_code=0&titleType=title", "download_url": "https://www.chanmama.com/awemeDetail/6851860291525938445", "digg_count": 2637, "digg_incr": 1308, "aweme_create_time": 1595323046, "category": 5, "volume": 3, "amount": 657}, "author": {"author_id": "62712742911", "nickname": "不知姓名的小c", "follower_count": 14018}}, {"aweme": {"aweme_id": "6851865055512808718", "aweme_title": "烟机燃气灶微波炉这些难清洗的地方用它#厨房清洁", "aweme_url": "https://www.iesdouyin.com/share/video/6851865055512808718/?region=CN&mid=6851865071799651079&u_code=0&titleType=title", "download_url": "https://www.chanmama.com/awemeDetail/6851865055512808718", "digg_count": 1968, "digg_incr": 1299, "aweme_create_time": 1595324155, "category": 5, "volume": 2, "amount": 96}, "author": {"author_id": "505374651187671", "nickname": "爱分享的洛妈", "follower_count": 50338}}, {"aweme": {"aweme_id": "6851700822296808711", "aweme_title": "跑步时间久了你会发现：会失去很多东西：恶习，懒惰，借口，你将重新找回自己！#跑步 #自律 #四季运动俱乐部", "aweme_url": "https://www.iesdouyin.com/share/video/6851700822296808711/?region=CN&mid=6665584810238544648&u_code=2a110239dl8l&titleType=title", "download_url": "https://www.chanmama.com/awemeDetail/6851700822296808711", "digg_count": 1301, "digg_incr": 1274, "aweme_create_time": 1595285921, "category": 5, "volume": 5, "amount": 605.6}, "author": {"author_id": "98796883086", "nickname": "军哥【汗水英雄联盟】", "follower_count": 51658}}, {"aweme": {"aweme_id": "6851734459352485134", "aweme_title": "老公五点必须起床，从他定的好几个闹钟我知道他很辛苦。我唯一能做的就是在家照顾好孩子😊就这么简单", "aweme_url": "https://www.iesdouyin.com/share/video/6851734459352485134/?region=CN&mid=6631759841201228551&u_code=e9jhj6ecge5&titleType=title", "download_url": "https://www.chanmama.com/awemeDetail/6851734459352485134", "digg_count": 1447, "digg_incr": 1270, "aweme_create_time": 1595293765, "category": 5, "volume": 1, "amount": 18.9}, "author": {"author_id": "4503612458096908", "nickname": "真真…小黑妹", "follower_count": 278876}}, {"aweme": {"aweme_id": "6851927505461349643", "aweme_title": "可以当烤盘的玻璃饭盒来了，快来吧！！！ #好物推荐   #厨具", "aweme_url": "https://www.iesdouyin.com/share/video/6851927505461349643/?region=CN&mid=6851927693941820167&u_code=0&titleType=title", "download_url": "https://www.chanmama.com/awemeDetail/6851927505461349643", "digg_count": 1246, "digg_incr": 1246, "aweme_create_time": 1595338734, "category": 5, "volume": 11, "amount": 74.8}, "author": {"author_id": "64639536588", "nickname": "种草丛", "follower_count": 401381}}, {"aweme": {"aweme_id": "6851875634436672771", "aweme_title": "不抽烟不喝酒下班回家工资上交，愿意陪孩子就是好男人，偶尔犯点小贱我也就忍了，做顿饭嘚瑟的不成样 😂", "aweme_url": "https://www.iesdouyin.com/share/video/6851875634436672771/?region=CN&mid=6541965069352831748&u_code=0&titleType=title", "download_url": "https://www.chanmama.com/awemeDetail/6851875634436672771", "digg_count": 1506, "digg_incr": 1230, "aweme_create_time": 1595326656, "category": 5, "volume": 0, "amount": 0}, "author": {"author_id": "4503676973630371", "nickname": "我爱咖啡加牛奶", "follower_count": 467730}}, {"aweme": {"aweme_id": "6851873503533108495", "aweme_title": "奶奶叫我别发了，没人会给你点赞的，我不放弃不沮桑，远方的哥哥姐姐能否给个小心心。", "aweme_url": "https://www.iesdouyin.com/share/video/6851873503533108495/?region=CN&mid=6507102079159536398&u_code=0&titleType=title", "download_url": "https://www.chanmama.com/awemeDetail/6851873503533108495", "digg_count": 1472, "digg_incr": 1229, "aweme_create_time": 1595326121, "category": 5, "volume": 0, "amount": 0}, "author": {"author_id": "399862065797149", "nickname": "协荣珠宝", "follower_count": 15519}}, {"aweme": {"aweme_id": "6851781304741088527", "aweme_title": "俺向往的生活，就是这八个字#闲品茶香静听天籁 #张增亮磐石体书法 #一起揉揉小肚子 #创作者星计划 #磐石书法", "aweme_url": "https://www.iesdouyin.com/share/video/6851781304741088527/?region=CN&mid=6851781321065892615&u_code=1e86e3gfc222&titleType=title", "download_url": "https://www.chanmama.com/awemeDetail/6851781304741088527", "digg_count": 2510, "digg_incr": 1204, "aweme_create_time": 1595304655, "category": 5, "volume": 2, "amount": 636}, "author": {"author_id": "95974273320", "nickname": "张增亮磐石书法", "follower_count": 53706}}, {"aweme": {"aweme_id": "6851778549641202952", "aweme_title": "#女性 #女生 不知道的男人秘密，不信问你老公！#搞笑视频 #717抖音奇妙好物市集 @DOU+小助手", "aweme_url": "https://www.iesdouyin.com/share/video/6851778549641202952/?region=CN&mid=6851778573448366861&u_code=0&titleType=title", "download_url": "https://www.chanmama.com/awemeDetail/6851778549641202952", "digg_count": 1922, "digg_incr": 1193, "aweme_create_time": 1595304014, "category": 5, "volume": 14, "amount": 54.6}, "author": {"author_id": "103789134812", "nickname": "大脸逗乐", "follower_count": 224493}}, {"aweme": {"aweme_id": "6851606055332351244", "aweme_title": "认识一下:我80后34岁.身高165.体重120.山东滨州，在纺纱厂上班，想交朋友的，点开右边右下角箭头加微信", "aweme_url": "https://www.iesdouyin.com/share/video/6851606055332351244/?region=CN&mid=6793673934117735176&u_code=0&titleType=title", "download_url": "https://www.chanmama.com/awemeDetail/6851606055332351244", "digg_count": 1191, "digg_incr": 1152, "aweme_create_time": 1595263870, "category": 5, "volume": 0, "amount": 0}, "author": {"author_id": "3891903744710189", "nickname": "兔妞妞商贸", "follower_count": 215541}}, {"aweme": {"aweme_id": "6851736706794769679", "aweme_title": "看不透的人生， 经历不完的苦难。真的都是命中注定的吗？", "aweme_url": "https://www.iesdouyin.com/share/video/6851736706794769679/?region=CN&mid=6851736672581782285&u_code=0&titleType=title", "download_url": "https://www.chanmama.com/awemeDetail/6851736706794769679", "digg_count": 1410, "digg_incr": 1132, "aweme_create_time": 1595294272, "category": 5, "volume": 0, "amount": 0}, "author": {"author_id": "56162899314", "nickname": "辉哥", "follower_count": 384109}}, {"aweme": {"aweme_id": "6851901002749168896", "aweme_title": "家里空气炸锅没有蛋糕桶和披萨盘的，直接用这个饭盒代替就很好，耐高温#方便生活的神器", "aweme_url": "https://www.iesdouyin.com/share/video/6851901002749168896/?region=CN&mid=6851901023494408974&u_code=0&titleType=title", "download_url": "https://www.chanmama.com/awemeDetail/6851901002749168896", "digg_count": 1111, "digg_incr": 1111, "aweme_create_time": 1595332524, "category": 5, "volume": 26, "amount": 176.79999999999998}, "author": {"author_id": "64639536588", "nickname": "种草丛", "follower_count": 401381}}, {"aweme": {"aweme_id": "6851863017747942669", "aweme_title": "第二期书签教程《遗梦》，别催别催 每张都有  慢慢更😂", "aweme_url": "https://www.iesdouyin.com/share/video/6851863017747942669/?region=CN&mid=6772404410136922116&u_code=2g9cfffeefe2&titleType=title", "download_url": "https://www.chanmama.com/awemeDetail/6851863017747942669", "digg_count": 2346, "digg_incr": 1107, "aweme_create_time": 1595323681, "category": 5, "volume": 1, "amount": 42}, "author": {"author_id": "75251596368", "nickname": "沭萌Movilia-", "follower_count": 66712}}, {"aweme": {"aweme_id": "6851762413318966539", "aweme_title": "回娘家7天回来，看见小姑子毛巾用成这样也是醉了，还是我给她洗干净挂回去吧，不知她知道了会不会对我这嫂子有所改观", "aweme_url": "https://www.iesdouyin.com/share/video/6851762413318966539/?region=CN&mid=6846698462134766343&u_code=3cc1ga8lck8h&titleType=title", "download_url": "https://www.chanmama.com/awemeDetail/6851762413318966539", "digg_count": 1112, "digg_incr": 1105, "aweme_create_time": 1595300262, "category": 5, "volume": 2, "amount": 156}, "author": {"author_id": "96378927969", "nickname": "萱萱妈洗涤用品", "follower_count": 17735}}, {"aweme": {"aweme_id": "6851806143732370703", "aweme_title": "到现在才吃饭，😊", "aweme_url": "https://www.iesdouyin.com/share/video/6851806143732370703/?region=CN&mid=6691824918092319500&u_code=19fjbl89kf63&titleType=title", "download_url": "https://www.chanmama.com/awemeDetail/6851806143732370703", "digg_count": 1185, "digg_incr": 1090, "aweme_create_time": 1595310439, "category": 5, "volume": 19, "amount": 264.1}, "author": {"author_id": "64529404551", "nickname": "小凤精品", "follower_count": 64316}}, {"aweme": {"aweme_id": "6851784631029681423", "aweme_title": "甜甜圈水杯太可爱了bǎ🍩/#推荐 #甜甜圈水壶 /#限流 #热门 @DOU+小助手 @抖音小助手", "aweme_url": "https://www.iesdouyin.com/share/video/6851784631029681423/?region=CN&mid=6851784642295876366&u_code=419chlmg0h1h&titleType=title", "download_url": "https://www.chanmama.com/awemeDetail/6851784631029681423", "digg_count": 1257, "digg_incr": 1082, "aweme_create_time": 1595305430, "category": 5, "volume": 0, "amount": 0}, "author": {"author_id": "62792808216", "nickname": "𝓎𝑒 𝓎𝓊 𝒽𝒶𝓃", "follower_count": 43456}}, {"aweme": {"aweme_id": "6851920945247046915", "aweme_title": "#国画树的画法 #一起揉揉小肚子", "aweme_url": "https://www.iesdouyin.com/share/video/6851920945247046915/?region=CN&mid=6833299648451529480&u_code=jc1bkmg2hch&titleType=title", "download_url": "https://www.chanmama.com/awemeDetail/6851920945247046915", "digg_count": 1460, "digg_incr": 1067, "aweme_create_time": 1595337171, "category": 5, "volume": 0, "amount": 0}, "author": {"author_id": "61516580416", "nickname": "墨香书画", "follower_count": 82380}}, {"aweme": {"aweme_id": "6851887308354964739", "aweme_title": "#远嫁 回娘家第8天，结婚时我爸不同意，却在婚后经常嘱咐我要对婆婆好一点，可是爸爸不知道有时人心换不到人心", "aweme_url": "https://www.iesdouyin.com/share/video/6851887308354964739/?region=CN&mid=6536099955382160132&u_code=4f9k1f14a4ch&titleType=title", "download_url": "https://www.chanmama.com/awemeDetail/6851887308354964739", "digg_count": 1461, "digg_incr": 1066, "aweme_create_time": 1595329341, "category": 5, "volume": 2, "amount": 98}, "author": {"author_id": "3205830383767635", "nickname": "晓雪", "follower_count": 49215}}, {"aweme": {"aweme_id": "6851840683989339406", "aweme_title": "2.9随机一个笔袋送5支铅笔，至少对的起这个价钱，我觉得这波不亏", "aweme_url": "https://www.iesdouyin.com/share/video/6851840683989339406/?region=CN&mid=6851840776914881288&u_code=0&titleType=title", "download_url": "https://www.chanmama.com/awemeDetail/6851840683989339406", "digg_count": 1306, "digg_incr": 1049, "aweme_create_time": 1595318501, "category": 5, "volume": 0, "amount": 0}, "author": {"author_id": "64830674018", "nickname": "实时榜单好货", "follower_count": 5400}}, {"aweme": {"aweme_id": "6851751028753206540", "aweme_title": "回娘家7天回来，看到小姑子把毛巾用成这样也是醉了，还是我帮她洗洗挂回去吧，不知她知道了会不会对我这嫂子有所改观", "aweme_url": "https://www.iesdouyin.com/share/video/6851751028753206540/?region=CN&mid=6619547500296538884&u_code=lekh2baa372&titleType=title", "download_url": "https://www.chanmama.com/awemeDetail/6851751028753206540", "digg_count": 1056, "digg_incr": 1047, "aweme_create_time": 1595297612, "category": 5, "volume": 1, "amount": 78}, "author": {"author_id": "96378927969", "nickname": "萱萱妈洗涤用品", "follower_count": 17735}}, {"aweme": {"aweme_id": "6851847727022624011", "aweme_title": "维达新品婴儿纸.拍两箱，只有500个.抢！！", "aweme_url": "https://www.iesdouyin.com/share/video/6851847727022624011/?region=CN&mid=6851847762070670088&u_code=0&titleType=title", "download_url": "https://www.chanmama.com/awemeDetail/6851847727022624011", "digg_count": 1385, "digg_incr": 1044, "aweme_create_time": 1595320127, "category": 5, "volume": 223, "amount": 10481}, "author": {"author_id": "60126065943", "nickname": "薇儿", "follower_count": 172412}}, {"aweme": {"aweme_id": "6851859505995631879", "aweme_title": "这么热的 #夏天 ，来杯西瓜冰吧！简直不要太满足！ #美食趣味计划", "aweme_url": "https://www.iesdouyin.com/share/video/6851859505995631879/?region=CN&mid=6851859597222087431&u_code=0&titleType=title", "download_url": "https://www.chanmama.com/awemeDetail/6851859505995631879", "digg_count": 3520, "digg_incr": 1038, "aweme_create_time": 1595322879, "category": 5, "volume": 0, "amount": 0}, "author": {"author_id": "237109880553859", "nickname": "小兔汁的下午茶", "follower_count": 38698}}, {"aweme": {"aweme_id": "6851871211442523407", "aweme_title": "医生给他把抗排异的药又加上了。之前减药了。害怕他是慢排。之前有小宝宝是慢排出现肺部排异", "aweme_url": "https://www.iesdouyin.com/share/video/6851871211442523407/?region=CN&mid=6851871390497245956&u_code=2kf531i7iek5&titleType=title", "download_url": "https://www.chanmama.com/awemeDetail/6851871211442523407", "digg_count": 1188, "digg_incr": 1034, "aweme_create_time": 1595325609, "category": 5, "volume": 0, "amount": 0}, "author": {"author_id": "188748564006163", "nickname": "小战士煜煜", "follower_count": 50478}}, {"aweme": {"aweme_id": "6851881853230566670", "aweme_title": "用了这个沐浴露，现在又白又嫩滑，男盆友都不想我出门了#香水沐浴露 #涨知识 #好物推荐 #女盆友", "aweme_url": "https://www.iesdouyin.com/share/video/6851881853230566670/?region=CN&mid=6637375767279831821&u_code=0&titleType=title", "download_url": "https://www.chanmama.com/awemeDetail/6851881853230566670", "digg_count": 1991, "digg_incr": 1024, "aweme_create_time": 1595328065, "category": 5, "volume": 0, "amount": 0}, "author": {"author_id": "3689555561034427", "nickname": "喜淘好物", "follower_count": 961645}}, {"aweme": {"aweme_id": "6851763879681264899", "aweme_title": "一天三顿做给你们吃这打扫卫生的活也该你们分担下，有意见吗？有意见保留，别偷懒，这儿有监工😎", "aweme_url": "https://www.iesdouyin.com/share/video/6851763879681264899/?region=CN&mid=6791009513157135117&u_code=2kf531i7iek5&titleType=title", "download_url": "https://www.chanmama.com/awemeDetail/6851763879681264899", "digg_count": 1280, "digg_incr": 1020, "aweme_create_time": 1595300619, "category": 5, "volume": 14, "amount": 278.59999999999997}, "author": {"author_id": "4503676973630371", "nickname": "我爱咖啡加牛奶", "follower_count": 467730}}, {"aweme": {"aweme_id": "6851659177442430208", "aweme_title": "这款升级版发膜推荐给大家，头发干枯毛燥用完后特别顺滑#申请上热门", "aweme_url": "https://www.iesdouyin.com/share/video/6851659177442430208/?region=CN&mid=6851658875716799246&u_code=1gb2j861imci&titleType=title", "download_url": "https://www.chanmama.com/awemeDetail/6851659177442430208", "digg_count": 1069, "digg_incr": 1015, "aweme_create_time": 1595276246, "category": 5, "volume": 20, "amount": 176}, "author": {"author_id": "3777522292754075", "nickname": "笑😄女孩", "follower_count": 206300}}, {"aweme": {"aweme_id": "6851871622278696192", "aweme_title": "既喜欢画画，又喜欢吹泡泡，入手这支笔就对了#果味相投一起混", "aweme_url": "https://www.iesdouyin.com/share/video/6851871622278696192/?region=CN&mid=6851871647373216526&u_code=0&titleType=title", "download_url": "https://www.chanmama.com/awemeDetail/6851871622278696192", "digg_count": 1369, "digg_incr": 1012, "aweme_create_time": 1595325684, "category": 5, "volume": 0, "amount": 0}, "author": {"author_id": "65598436495", "nickname": "家有小可爱", "follower_count": 868743}}, {"aweme": {"aweme_id": "6851821484487363852", "aweme_title": "巨能装收纳袋#作品推广 #抖音热门小助手", "aweme_url": "https://www.iesdouyin.com/share/video/6851821484487363852/?region=CN&mid=6851821532709456647&u_code=2g9cfffeefe2&titleType=title", "download_url": "https://www.chanmama.com/awemeDetail/6851821484487363852", "digg_count": 1012, "digg_incr": 1008, "aweme_create_time": 1595314019, "category": 5, "volume": 0, "amount": 0}, "author": {"author_id": "2889143151762110", "nickname": "朔朔", "follower_count": 38191}}, {"aweme": {"aweme_id": "6851873745716481283", "aweme_title": "今晚我属于你", "aweme_url": "https://www.iesdouyin.com/share/video/6851873745716481283/?region=CN&mid=6838158464700386056&u_code=jc1bkmg2hch&titleType=title", "download_url": "https://www.chanmama.com/awemeDetail/6851873745716481283", "digg_count": 1598, "digg_incr": 1004, "aweme_create_time": 1595326185, "category": 5, "volume": 0, "amount": 0}, "author": {"author_id": "58852626599", "nickname": "茶", "follower_count": 35443}}, {"aweme": {"aweme_id": "6851891534745324815", "aweme_title": "明明不想失去 却又无能为力 我尽量不去打扰你 你要好好的", "aweme_url": "https://www.iesdouyin.com/share/video/6851891534745324815/?region=CN&mid=6851891550134291208&u_code=0&titleType=title", "download_url": "https://www.chanmama.com/awemeDetail/6851891534745324815", "digg_count": 1331, "digg_incr": 965, "aweme_create_time": 1595330319, "category": 5, "volume": 0, "amount": 0}, "author": {"author_id": "56162899314", "nickname": "辉哥", "follower_count": 384109}}, {"aweme": {"aweme_id": "6851715306935684367", "aweme_title": "李文志老师书法#上热门 #玛莎拉蒂锋芒玩家 #果味相投一起混 @DOU+小助手", "aweme_url": "https://www.iesdouyin.com/share/video/6851715306935684367/?region=CN&mid=6640625047666952964&u_code=0&titleType=title", "download_url": "https://www.chanmama.com/awemeDetail/6851715306935684367", "digg_count": 1053, "digg_incr": 955, "aweme_create_time": 1595289302, "category": 5, "volume": 0, "amount": 0}, "author": {"author_id": "105129217761", "nickname": "风凉书房", "follower_count": 219474}}, {"aweme": {"aweme_id": "6851723338998385934", "aweme_title": "中国功夫🇨🇳李联邦！✊", "aweme_url": "https://www.iesdouyin.com/share/video/6851723338998385934/?region=CN&mid=6851723340189682440&u_code=0&titleType=title", "download_url": "https://www.chanmama.com/awemeDetail/6851723338998385934", "digg_count": 1654, "digg_incr": 942, "aweme_create_time": 1595291161, "category": 5, "volume": 1, "amount": 53}, "author": {"author_id": "60663404273", "nickname": "中国功夫🇨🇳李联邦", "follower_count": 771996}}, {"aweme": {"aweme_id": "6851700115086773504", "aweme_title": "物欲", "aweme_url": "https://www.iesdouyin.com/share/video/6851700115086773504/?region=CN&mid=6572142463044029188&u_code=114be378fib9&titleType=title", "download_url": "https://www.chanmama.com/awemeDetail/6851700115086773504", "digg_count": 2043, "digg_incr": 942, "aweme_create_time": 1595285756, "category": 5, "volume": 0, "amount": 0}, "author": {"author_id": "3258576452192862", "nickname": "然后青涩的愿景", "follower_count": 24941}}, {"aweme": {"aweme_id": "6851871481572510991", "aweme_title": "这是不是就是所谓的人性？", "aweme_url": "https://www.iesdouyin.com/share/video/6851871481572510991/?region=CN&mid=6841864690507713293&u_code=0&titleType=title", "download_url": "https://www.chanmama.com/awemeDetail/6851871481572510991", "digg_count": 1149, "digg_incr": 931, "aweme_create_time": 1595325651, "category": 5, "volume": 0, "amount": 0}, "author": {"author_id": "4248123349941768", "nickname": "星原手写", "follower_count": 432693}}, {"aweme": {"aweme_id": "6851876566083964167", "aweme_title": "学会这个辣椒油，做啥菜都好吃#美食趣胃计划  @抖音小助手", "aweme_url": "https://www.iesdouyin.com/share/video/6851876566083964167/?region=CN&mid=6851876676079569671&u_code=0&titleType=title", "download_url": "https://www.chanmama.com/awemeDetail/6851876566083964167", "digg_count": 1064, "digg_incr": 924, "aweme_create_time": 1595326854, "category": 5, "volume": 0, "amount": 0}, "author": {"author_id": "97533419024", "nickname": "厨花花", "follower_count": 528879}}, {"aweme": {"aweme_id": "6851446544680455431", "aweme_title": "30岁是个很特别的年龄，它距离20岁和40岁一样远，仿佛昨天就是20岁，仿佛明天就40了#手工皂", "aweme_url": "https://www.iesdouyin.com/share/video/6851446544680455431/?region=CN&mid=6851446574321650440&u_code=0&titleType=title", "download_url": "https://www.chanmama.com/awemeDetail/6851446544680455431", "digg_count": 3479, "digg_incr": 922, "aweme_create_time": 1595325600, "category": 5, "volume": 16, "amount": 912}, "author": {"author_id": "77819715657", "nickname": "大宝子", "follower_count": 303164}}, {"aweme": {"aweme_id": "6851833284381396224", "aweme_title": "“想和你说，今天的云和你，都很可爱”#画画 #油画棒 #充能计划 #重彩油画棒", "aweme_url": "https://www.iesdouyin.com/share/video/6851833284381396224/?region=CN&mid=6822946413933087501&u_code=11e65medbjaf&titleType=title", "download_url": "https://www.chanmama.com/awemeDetail/6851833284381396224", "digg_count": 1818, "digg_incr": 920, "aweme_create_time": 1595316758, "category": 5, "volume": 0, "amount": 0}, "author": {"author_id": "4142583736448391", "nickname": "阿秋和油画棒", "follower_count": 65768}}, {"aweme": {"aweme_id": "6851860417770196238", "aweme_title": "这你家抽屉一打开是不是乱糟糟的？快试试这个抽屉分隔板#好物推荐", "aweme_url": "https://www.iesdouyin.com/share/video/6851860417770196238/?region=CN&mid=6851860432718793480&u_code=0&titleType=title", "download_url": "https://www.chanmama.com/awemeDetail/6851860417770196238", "digg_count": 1187, "digg_incr": 919, "aweme_create_time": 1595323075, "category": 5, "volume": 6, "amount": 95.4}, "author": {"author_id": "1367387082064792", "nickname": "妙招库", "follower_count": 760931}}, {"aweme": {"aweme_id": "6851830285055659279", "aweme_title": "一看就会的石头画，你学会了吗？", "aweme_url": "https://www.iesdouyin.com/share/video/6851830285055659279/?region=CN&mid=6851830300293827342&u_code=0&titleType=title", "download_url": "https://www.chanmama.com/awemeDetail/6851830285055659279", "digg_count": 1588, "digg_incr": 884, "aweme_create_time": 1595316060, "category": 5, "volume": 1, "amount": 99}, "author": {"author_id": "76190422155", "nickname": "迭彩流年", "follower_count": 215046}}, {"aweme": {"aweme_id": "6851686254786989312", "aweme_title": "洗这种锅超有成就感，特别是洗干净之后#抖音小助手#洗锅小技巧 #去油污", "aweme_url": "https://www.iesdouyin.com/share/video/6851686254786989312/?region=CN&mid=6830717222617352967&u_code=15jlg8e5ah89&titleType=title", "download_url": "https://www.chanmama.com/awemeDetail/6851686254786989312", "digg_count": 1096, "digg_incr": 877, "aweme_create_time": 1595282535, "category": 5, "volume": 74, "amount": 2886}, "author": {"author_id": "93770153403", "nickname": "洁宝洗涤神器", "follower_count": 57337}}, {"aweme": {"aweme_id": "6851711695828552971", "aweme_title": "记录第389件宝贝，高层用这个双面擦窗神器真方便，能擦能刮又安全 @抖音小助手", "aweme_url": "https://www.iesdouyin.com/share/video/6851711695828552971/?region=CN&mid=6851711736970562312&u_code=0&titleType=title", "download_url": "https://www.chanmama.com/awemeDetail/6851711695828552971", "digg_count": 1337, "digg_incr": 873, "aweme_create_time": 1595303100, "category": 5, "volume": 1, "amount": 34.9}, "author": {"author_id": "60349994796", "nickname": "这个King不是那个King", "follower_count": 372982}}, {"aweme": {"aweme_id": "6851868499728502019", "aweme_title": "雨天也要美美哒#防水鞋套", "aweme_url": "https://www.iesdouyin.com/share/video/6851868499728502019/?region=CN&mid=6851868538731711239&u_code=0&titleType=title", "download_url": "https://www.chanmama.com/awemeDetail/6851868499728502019", "digg_count": 1420, "digg_incr": 867, "aweme_create_time": 1595324964, "category": 5, "volume": 0, "amount": 0}, "author": {"author_id": "215152023052359", "nickname": "少女心好物集", "follower_count": 486859}}, {"aweme": {"aweme_id": "6851862675966725391", "aweme_title": "夏天后背痒痒，除了蹭墙外，家人们还需要一套搓澡的三件套，搓一搓后背噢！#无臂女生杨莉 #717奇妙好物在这里", "aweme_url": "https://www.iesdouyin.com/share/video/6851862675966725391/?region=CN&mid=6851862696326482696&u_code=2g9cfffeefe2&titleType=title", "download_url": "https://www.chanmama.com/awemeDetail/6851862675966725391", "digg_count": 1061, "digg_incr": 856, "aweme_create_time": 1595323601, "category": 5, "volume": 0, "amount": 0}, "author": {"author_id": "3953441520236308", "nickname": "乐观人生yl", "follower_count": 41761}}, {"aweme": {"aweme_id": "6851847987866488079", "aweme_title": "像极了爱情💏？", "aweme_url": "https://www.iesdouyin.com/share/video/6851847987866488079/?region=CN&mid=6805827276597840653&u_code=jc1bkmg2hch&titleType=title", "download_url": "https://www.chanmama.com/awemeDetail/6851847987866488079", "digg_count": 1109, "digg_incr": 845, "aweme_create_time": 1595320182, "category": 5, "volume": 0, "amount": 0}, "author": {"author_id": "110149325374", "nickname": "对方恳求加个好友", "follower_count": 502591}}, {"aweme": {"aweme_id": "6851698808649305355", "aweme_title": "#口才  一颗好心永远比不上一张好嘴，想练嘴关注我@DOU+小助手 @抖音小助手", "aweme_url": "https://www.iesdouyin.com/share/video/6851698808649305355/?region=CN&mid=6851698785018579720&u_code=0&titleType=title", "download_url": "https://www.chanmama.com/awemeDetail/6851698808649305355", "digg_count": 1292, "digg_incr": 839, "aweme_create_time": 1595285464, "category": 5, "volume": 2, "amount": 176}, "author": {"author_id": "4353692054588520", "nickname": "郑高锋『创业顺口溜分享』", "follower_count": 34580}}]}