{"data": [{"aweme": {"aweme_id": "6851753424120253696", "aweme_title": "几千块的积木拼起来虽然不容易，但是只要你喜欢的，再难我都愿意为你做#积木 #礼物", "aweme_url": "https://www.iesdouyin.com/share/video/6851753424120253696/?region=CN&mid=6843357950099147533&u_code=0&titleType=title", "download_url": "https://www.chanmama.com/awemeDetail/6851753424120253696", "digg_count": 174774, "digg_incr": 175555, "aweme_create_time": 1595298163, "category": 6, "volume": 153, "amount": 10404}, "author": {"author_id": "1996326999697396", "nickname": "情侣礼物小仙女🧚‍♀️", "follower_count": 58455}}, {"aweme": {"aweme_id": "6851767328703663360", "aweme_title": "聪明的女孩已经打开了链接#解压神器", "aweme_url": "https://www.iesdouyin.com/share/video/6851767328703663360/?region=CN&mid=6851767332398844680&u_code=2k5ab5a5913d&titleType=title", "download_url": "https://www.chanmama.com/awemeDetail/6851767328703663360", "digg_count": 42245, "digg_incr": 38388, "aweme_create_time": 1595301401, "category": 6, "volume": 357, "amount": 7104.299999999999}, "author": {"author_id": "1468584475504192", "nickname": "沙雕沙雕沙雕", "follower_count": 321375}}, {"aweme": {"aweme_id": "6851732611824454927", "aweme_title": "沙雕鸭：遇上了一生之敌 #复读鸭 ！场面一度混乱@DOU+小助手", "aweme_url": "https://www.iesdouyin.com/share/video/6851732611824454927/?region=CN&mid=6851732580534946574&u_code=0&titleType=title", "download_url": "https://www.chanmama.com/awemeDetail/6851732611824454927", "digg_count": 110672, "digg_incr": 37802, "aweme_create_time": 1595293319, "category": 6, "volume": 540, "amount": 21060}, "author": {"author_id": "64117239874", "nickname": "张小维", "follower_count": 35100}}, {"aweme": {"aweme_id": "6851892037562813696", "aweme_title": "物各有主希望我是你的公主#lolita", "aweme_url": "https://www.iesdouyin.com/share/video/6851892037562813696/?region=CN&mid=6712614810154191620&u_code=gmaek20dh2c&titleType=title", "download_url": "https://www.chanmama.com/awemeDetail/6851892037562813696", "digg_count": 42628, "digg_incr": 34278, "aweme_create_time": 1595330437, "category": 6, "volume": 0, "amount": 0}, "author": {"author_id": "58768199436", "nickname": "菜菜的咸鱼", "follower_count": 72656}}, {"aweme": {"aweme_id": "6851912103440223502", "aweme_title": "做一个小车车，带66找到回家的路！#学浪计划 #暑期充电指南 #扭扭车@DOU+小助手", "aweme_url": "https://www.iesdouyin.com/share/video/6851912103440223502/?region=CN&mid=6851913233357736718&u_code=c70cehk5bi7&titleType=title", "download_url": "https://www.chanmama.com/awemeDetail/6851912103440223502", "digg_count": 27273, "digg_incr": 26814, "aweme_create_time": 1595335126, "category": 6, "volume": 0, "amount": 0}, "author": {"author_id": "4424061163937495", "nickname": "知妈玩乐星球", "follower_count": 80233}}, {"aweme": {"aweme_id": "6851856575636770055", "aweme_title": "快艾特你的姐妹们一起来穿这条优等的绿格！ / #jk制服 #JK穿搭日记", "aweme_url": "https://www.iesdouyin.com/share/video/6851856575636770055/?region=CN&mid=6760934179547908097&u_code=0&titleType=title", "download_url": "https://www.chanmama.com/awemeDetail/6851856575636770055", "digg_count": 23506, "digg_incr": 22575, "aweme_create_time": 1595322181, "category": 6, "volume": 79, "amount": 1580}, "author": {"author_id": "61794597025", "nickname": "要吃芋圆吗🐰", "follower_count": 445944}}, {"aweme": {"aweme_id": "6851805203948178699", "aweme_title": "#Lolita 独角仙人台小姐姐还是很给力的～୧( \"̮ )୨✧ᐦ̤", "aweme_url": "https://www.iesdouyin.com/share/video/6851805203948178699/?region=CN&mid=6841152520912784135&u_code=13h2b40ld9m7&titleType=title", "download_url": "https://www.chanmama.com/awemeDetail/6851805203948178699", "digg_count": 31823, "digg_incr": 21453, "aweme_create_time": 1595310228, "category": 6, "volume": 0, "amount": 0}, "author": {"author_id": "104670080916", "nickname": "香甜芬芳lolita", "follower_count": 27431}}, {"aweme": {"aweme_id": "6851908063994088719", "aweme_title": "之前买贵了可以退了，我们家88米八双 发发发#好物推荐 #鞋 #男鞋 #潮鞋 #热门推荐 囤货吧老铁们#热门", "aweme_url": "https://www.iesdouyin.com/share/video/6851908063994088719/?region=CN&mid=6851908074337602312&u_code=0&titleType=title", "download_url": "https://www.chanmama.com/awemeDetail/6851908063994088719", "digg_count": 23377, "digg_incr": 18561, "aweme_create_time": 1595334167, "category": 6, "volume": 586, "amount": 51964}, "author": {"author_id": "329499678092328", "nickname": "牛威小陈的十年", "follower_count": 85155}}, {"aweme": {"aweme_id": "6851716604892368136", "aweme_title": "现在的孩子真幸福，每天都可以穿新衣服，想想我们小时候只有过年的时候才有新衣服穿#套装 #365天365穿搭", "aweme_url": "https://www.iesdouyin.com/share/video/6851716604892368136/?region=CN&mid=6846240747990108935&u_code=0&titleType=title", "download_url": "https://www.chanmama.com/awemeDetail/6851716604892368136", "digg_count": 19015, "digg_incr": 18557, "aweme_create_time": 1595289594, "category": 6, "volume": 1856, "amount": 107648}, "author": {"author_id": "64196654214", "nickname": "潮妈穿搭", "follower_count": 86878}}, {"aweme": {"aweme_id": "6851697072765291790", "aweme_title": "汉服集合，生个女儿来变装吧#秀出新国风 #骗你生女儿 #童装 #汉服", "aweme_url": "https://www.iesdouyin.com/share/video/6851697072765291790/?region=CN&mid=6760959109995956999&u_code=2akd6hh64h1b&titleType=title", "download_url": "https://www.chanmama.com/awemeDetail/6851697072765291790", "digg_count": 17169, "digg_incr": 11187, "aweme_create_time": 1595285049, "category": 6, "volume": 37, "amount": 1295}, "author": {"author_id": "500980656390046", "nickname": "萌叶潮童童装(每天13点开播)", "follower_count": 106964}}, {"aweme": {"aweme_id": "6851721286788451587", "aweme_title": "四千片积木拼起来确实不容易，不过想到你的惊喜，一切都是那么的值得#制造浪漫 #手工diy #积木 #情侣礼物", "aweme_url": "https://www.iesdouyin.com/share/video/6851721286788451587/?region=CN&mid=6851721295940307720&u_code=0&titleType=title", "download_url": "https://www.chanmama.com/awemeDetail/6851721286788451587", "digg_count": 8831, "digg_incr": 8149, "aweme_create_time": 1595290693, "category": 6, "volume": 8, "amount": 544}, "author": {"author_id": "111449242045", "nickname": "大白❤️小黑", "follower_count": 19449}}, {"aweme": {"aweme_id": "6851720505481841935", "aweme_title": "但愿日子干净 抬头所见尽是温柔  呆萌哈士奇陪你开心每一天@DOU+小助手 #哈士奇#毛绒玩具", "aweme_url": "https://www.iesdouyin.com/share/video/6851720505481841935/?region=CN&mid=6851720484929719054&u_code=1kgi6h6afg08&titleType=title", "download_url": "https://www.chanmama.com/awemeDetail/6851720505481841935", "digg_count": 10131, "digg_incr": 8009, "aweme_create_time": 1595290502, "category": 6, "volume": 252, "amount": 8316}, "author": {"author_id": "96583419701", "nickname": "吉吉熊公仔玩具礼品", "follower_count": 83273}}, {"aweme": {"aweme_id": "6851387620501605632", "aweme_title": "夏天宝宝不爱吃饭，挑食又积食，有了它妈妈再也不用操心了#善卡优畅饭饭", "aweme_url": "https://www.iesdouyin.com/share/video/6851387620501605632/?region=CN&mid=6778409451771874056&u_code=0&titleType=title", "download_url": "https://www.chanmama.com/awemeDetail/6851387620501605632", "digg_count": 6999, "digg_incr": 7056, "aweme_create_time": 1595332800, "category": 6, "volume": 0, "amount": 0}, "author": {"author_id": "2766020075327700", "nickname": "章鱼麻麻", "follower_count": 624481}}, {"aweme": {"aweme_id": "6851771496650657039", "aweme_title": "“懂事的男朋友已经下单了”#恋爱神器", "aweme_url": "https://www.iesdouyin.com/share/video/6851771496650657039/?region=CN&mid=6851771500035656456&u_code=1e86e3gfc222&titleType=title", "download_url": "https://www.chanmama.com/awemeDetail/6851771496650657039", "digg_count": 6885, "digg_incr": 6839, "aweme_create_time": 1595302372, "category": 6, "volume": 19, "amount": 568.1}, "author": {"author_id": "1468584475504192", "nickname": "沙雕沙雕沙雕", "follower_count": 321375}}, {"aweme": {"aweme_id": "6851849924670278912", "aweme_title": "#凯叔讲故事 #好物种草 你们最喜欢的“鸡飞飞”带着故事回来了@凯叔", "aweme_url": "https://www.iesdouyin.com/share/video/6851849924670278912/?region=CN&mid=6851849953313835783&u_code=0&titleType=title", "download_url": "https://www.chanmama.com/awemeDetail/6851849924670278912", "digg_count": 6714, "digg_incr": 6533, "aweme_create_time": 1595320633, "category": 6, "volume": 0, "amount": 0}, "author": {"author_id": "85455498615", "nickname": "凯叔讲故事", "follower_count": 649656}}, {"aweme": {"aweme_id": "6851777594438864143", "aweme_title": "如果我是一只蝴蝶；那么我有一个美丽的名字：沃斯尼蝶#充能计划 #jk制服 @DOU+小助手", "aweme_url": "https://www.iesdouyin.com/share/video/6851777594438864143/?region=CN&mid=6846625361468345096&u_code=0&titleType=title", "download_url": "https://www.chanmama.com/awemeDetail/6851777594438864143", "digg_count": 7472, "digg_incr": 6403, "aweme_create_time": 1595303792, "category": 6, "volume": 0, "amount": 0}, "author": {"author_id": "106583277610", "nickname": "软糯小芋芋", "follower_count": 453870}}, {"aweme": {"aweme_id": "6851860686948011271", "aweme_title": "摆货小强上线，穿这么正式，必定有所斩获#全职奶爸", "aweme_url": "https://www.iesdouyin.com/share/video/6851860686948011271/?region=CN&mid=6851860800261753614&u_code=0&titleType=title", "download_url": "https://www.chanmama.com/awemeDetail/6851860686948011271", "digg_count": 6448, "digg_incr": 6092, "aweme_create_time": 1595329757, "category": 6, "volume": 0, "amount": 0}, "author": {"author_id": "74411311372763", "nickname": "奶爸小强", "follower_count": 850715}}, {"aweme": {"aweme_id": "6851776436215352590", "aweme_title": "老婆居然想其负我女儿👧#抖音小助手", "aweme_url": "https://www.iesdouyin.com/share/video/6851776436215352590/?region=CN&mid=6831543559872531208&u_code=0&titleType=title", "download_url": "https://www.chanmama.com/awemeDetail/6851776436215352590", "digg_count": 6228, "digg_incr": 6015, "aweme_create_time": 1595303522, "category": 6, "volume": 0, "amount": 0}, "author": {"author_id": "101213572732", "nickname": "董老三", "follower_count": 116932}}, {"aweme": {"aweme_id": "6851736120896654606", "aweme_title": "承蒙各位宝宝们的厚爱，古月姐口红又爆丹了，大家不要着急都会陆续安排发出，还请耐心等待#三色口红", "aweme_url": "https://www.iesdouyin.com/share/video/6851736120896654606/?region=CN&mid=6824391923466242056&u_code=19fjbl89kf63&titleType=title", "download_url": "https://www.chanmama.com/awemeDetail/6851736120896654606", "digg_count": 5484, "digg_incr": 5518, "aweme_create_time": 1595294136, "category": 6, "volume": 665, "amount": 13015.3}, "author": {"author_id": "69957398687", "nickname": "优呈优品（下午1点直播）", "follower_count": 61906}}, {"aweme": {"aweme_id": "6851920089600593152", "aweme_title": "#大肠发圈 #乘风破浪的好物 #官方大大我要热门 @抖音小助手 @DOU+小助手", "aweme_url": "https://www.iesdouyin.com/share/video/6851920089600593152/?region=CN&mid=6851920108906875661&u_code=4f9k15f5gma9&titleType=title", "download_url": "https://www.chanmama.com/awemeDetail/6851920089600593152", "digg_count": 5028, "digg_incr": 4935, "aweme_create_time": 1595336967, "category": 6, "volume": 0, "amount": 0}, "author": {"author_id": "99778936158", "nickname": "美婷购贸易有限公司", "follower_count": 175528}}, {"aweme": {"aweme_id": "6851757047319481608", "aweme_title": "藏道模型CD-01四圣兽之青龙 #充能计划 #宅物", "aweme_url": "https://www.iesdouyin.com/share/video/6851757047319481608/?region=CN&mid=6851757059524840200&u_code=b0ge2ik4jel&titleType=title", "download_url": "https://www.chanmama.com/awemeDetail/6851757047319481608", "digg_count": 4935, "digg_incr": 4690, "aweme_create_time": 1595299008, "category": 6, "volume": 54, "amount": 1620}, "author": {"author_id": "1297014537335751", "nickname": "少木示", "follower_count": 23126}}, {"aweme": {"aweme_id": "6851882429989342464", "aweme_title": "“如果你家小公主不听话，那么请用这把🔫堵住他的嘴”#礼物 #甜甜的恋爱", "aweme_url": "https://www.iesdouyin.com/share/video/6851882429989342464/?region=CN&mid=6838518831309572872&u_code=0&titleType=title", "download_url": "https://www.chanmama.com/awemeDetail/6851882429989342464", "digg_count": 4964, "digg_incr": 4651, "aweme_create_time": 1595328200, "category": 6, "volume": 75, "amount": 2850.5999999999995}, "author": {"author_id": "2576908635085296", "nickname": "猫仙人💕", "follower_count": 8115}}, {"aweme": {"aweme_id": "6851776615496600846", "aweme_title": "#婴儿衣服搭配 鸡蛋🥚款连体衣，前开 套头都有哦@抖音小助手", "aweme_url": "https://www.iesdouyin.com/share/video/6851776615496600846/?region=CN&mid=6849725313035798530&u_code=d3cj78d2g00&titleType=title", "download_url": "https://www.chanmama.com/awemeDetail/6851776615496600846", "digg_count": 5395, "digg_incr": 4645, "aweme_create_time": 1595303564, "category": 6, "volume": 121, "amount": 3388}, "author": {"author_id": "62678493287", "nickname": "咖啦熊婴幼儿服饰", "follower_count": 229121}}, {"aweme": {"aweme_id": "6851764808786644239", "aweme_title": "@暖的姥姥发了一个抖音短视频，你尽管点开，不好看算我输！", "aweme_url": "https://www.iesdouyin.com/share/video/6851764808786644239/?region=CN&mid=6851764820711164685&u_code=3ifejfcm6h6&titleType=", "download_url": "https://www.chanmama.com/awemeDetail/6851764808786644239", "digg_count": 5226, "digg_incr": 4613, "aweme_create_time": 1595300814, "category": 6, "volume": 0, "amount": 0}, "author": {"author_id": "1499390053195464", "nickname": "暖的姥姥", "follower_count": 546019}}, {"aweme": {"aweme_id": "6851883744131812616", "aweme_title": "#凹凸世界 #cos #充能计划 #雷狮 #安迷修 几天没更新，瞧把你们急的😆", "aweme_url": "https://www.iesdouyin.com/share/video/6851883744131812616/?region=CN&mid=6839641635350235912&u_code=0&titleType=title", "download_url": "https://www.chanmama.com/awemeDetail/6851883744131812616", "digg_count": 5813, "digg_incr": 4514, "aweme_create_time": 1595328506, "category": 6, "volume": 0, "amount": 0}, "author": {"author_id": "92962261430", "nickname": "南宫承宇", "follower_count": 221791}}, {"aweme": {"aweme_id": "6851793308847459597", "aweme_title": "生活需要仪式感，心里在乎的每天都是情人节#热门 #礼物 #皮卡丘 @DOU+小助手", "aweme_url": "https://www.iesdouyin.com/share/video/6851793308847459597/?region=CN&mid=6851793339168082696&u_code=0&titleType=title", "download_url": "https://www.chanmama.com/awemeDetail/6851793308847459597", "digg_count": 4436, "digg_incr": 4369, "aweme_create_time": 1595307450, "category": 6, "volume": 13, "amount": 377}, "author": {"author_id": "2488922399311832", "nickname": "喜小豪毛绒玩具", "follower_count": 19920}}, {"aweme": {"aweme_id": "6851797056185470215", "aweme_title": "家长们为什么不要逼孩子，而应该多点关爱与理解。#解压 #解压视频", "aweme_url": "https://www.iesdouyin.com/share/video/6851797056185470215/?region=CN&mid=6845618995572329229&u_code=0&titleType=title", "download_url": "https://www.chanmama.com/awemeDetail/6851797056185470215", "digg_count": 4741, "digg_incr": 4238, "aweme_create_time": 1595308323, "category": 6, "volume": 3, "amount": 20.4}, "author": {"author_id": "4129413337992397", "nickname": "益智小休闲", "follower_count": 141117}}, {"aweme": {"aweme_id": "6851843192384425223", "aweme_title": "#奥特曼卡片散包12连拆！狂中稀有LGR卡UR金卡！爽歪歪#奥特曼卡牌", "aweme_url": "https://www.iesdouyin.com/share/video/6851843192384425223/?region=CN&mid=6851843415249029896&u_code=0&titleType=title", "download_url": "https://www.chanmama.com/awemeDetail/6851843192384425223", "digg_count": 6664, "digg_incr": 4082, "aweme_create_time": 1595319087, "category": 6, "volume": 0, "amount": 0}, "author": {"author_id": "76497026965", "nickname": "奥特曼卡片柚子爸", "follower_count": 445409}}, {"aweme": {"aweme_id": "6851861874951163150", "aweme_title": "追奶路漫漫，这样做瞬间变身奶牛妈妈！@抖音小助手 #哺乳期 #月子 #追奶 #待产包 #新生儿", "aweme_url": "https://www.iesdouyin.com/share/video/6851861874951163150/?region=CN&mid=6686699685073128196&u_code=2c3k56f4j29e&titleType=title", "download_url": "https://www.chanmama.com/awemeDetail/6851861874951163150", "digg_count": 3897, "digg_incr": 3748, "aweme_create_time": 1595323414, "category": 6, "volume": 12, "amount": 3828}, "author": {"author_id": "254708047684183", "nickname": "🐬海豚妈妈", "follower_count": 87537}}, {"aweme": {"aweme_id": "6851873249270254848", "aweme_title": "#充能计划 #lolita 大家等的镜子来啦！", "aweme_url": "https://www.iesdouyin.com/share/video/6851873249270254848/?region=CN&mid=6725271529917270795&u_code=27l4hkd95f9c&titleType=title", "download_url": "https://www.chanmama.com/awemeDetail/6851873249270254848", "digg_count": 12429, "digg_incr": 3741, "aweme_create_time": 1595326062, "category": 6, "volume": 9, "amount": 441}, "author": {"author_id": "111466868509", "nickname": "宅的屋（每周五周六晚20点直播）", "follower_count": 90347}}, {"aweme": {"aweme_id": "6851873792701123847", "aweme_title": "#充能计划 #jk制服 关于水手服的小科普！", "aweme_url": "https://www.iesdouyin.com/share/video/6851873792701123847/?region=CN&mid=6851873812309478152&u_code=0&titleType=title", "download_url": "https://www.chanmama.com/awemeDetail/6851873792701123847", "digg_count": 5884, "digg_incr": 3662, "aweme_create_time": 1595326189, "category": 6, "volume": 3, "amount": 45}, "author": {"author_id": "72579245693", "nickname": "异世界百物语JK制服", "follower_count": 104156}}, {"aweme": {"aweme_id": "6851913315350891790", "aweme_title": "本以为躲过了一节，没想到男朋友段位比我高#充能计划 #lolita", "aweme_url": "https://www.iesdouyin.com/share/video/6851913315350891790/?region=CN&mid=6849962383549451015&u_code=0&titleType=title", "download_url": "https://www.chanmama.com/awemeDetail/6851913315350891790", "digg_count": 6002, "digg_incr": 3566, "aweme_create_time": 1595335390, "category": 6, "volume": 0, "amount": 0}, "author": {"author_id": "58861895015", "nickname": "悠米阿", "follower_count": 647074}}, {"aweme": {"aweme_id": "6851876227469315340", "aweme_title": "2019年世界赛女子组亚军！#抖音小助手", "aweme_url": "https://www.iesdouyin.com/share/video/6851876227469315340/?region=CN&mid=6805145796825434893&u_code=0&titleType=title", "download_url": "https://www.chanmama.com/awemeDetail/6851876227469315340", "digg_count": 5474, "digg_incr": 3498, "aweme_create_time": 1595326762, "category": 6, "volume": 2, "amount": 236}, "author": {"author_id": "65244676256", "nickname": "Sunshine°", "follower_count": 367988}}, {"aweme": {"aweme_id": "6851518466659306759", "aweme_title": "可爱发光棉服，29.9米开搂！ #童装 #棉衣棉服 #热门", "aweme_url": "https://www.iesdouyin.com/share/video/6851518466659306759/?region=CN&mid=6851518561509296910&u_code=i5hd8ml6f59&titleType=title", "download_url": "https://www.chanmama.com/awemeDetail/6851518466659306759", "digg_count": 3382, "digg_incr": 3408, "aweme_create_time": 1595287800, "category": 6, "volume": 594, "amount": 17760.6}, "author": {"author_id": "1785234314509155", "nickname": "右欧童装", "follower_count": 87982}}, {"aweme": {"aweme_id": "6851792088502160654", "aweme_title": "每次砍价，只要能砍下来 就觉得自己上当了 今天给大家一个不上当的机会#猫咪#玩具", "aweme_url": "https://www.iesdouyin.com/share/video/6851792088502160654/?region=CN&mid=6851792188095859464&u_code=0&titleType=title", "download_url": "https://www.chanmama.com/awemeDetail/6851792088502160654", "digg_count": 3264, "digg_incr": 3181, "aweme_create_time": 1595307188, "category": 6, "volume": 0, "amount": 0}, "author": {"author_id": "681306720570359", "nickname": "暖暖姐姐毛绒玩具", "follower_count": 64154}}, {"aweme": {"aweme_id": "6851875394447068423", "aweme_title": "对老婆说假话的下场 #充能计划  #轻漫计划  #情侣  #夫妻  #搞笑@DOU+小助手", "aweme_url": "https://www.iesdouyin.com/share/video/6851875394447068423/?region=CN&mid=6851875486566599437&u_code=0&titleType=title", "download_url": "https://www.chanmama.com/awemeDetail/6851875394447068423", "digg_count": 4905, "digg_incr": 3157, "aweme_create_time": 1595326582, "category": 6, "volume": 3, "amount": 194}, "author": {"author_id": "100412020867", "nickname": "猪八吉爱媳妇", "follower_count": 201766}}, {"aweme": {"aweme_id": "6851904639634345223", "aweme_title": "最舒服的关系，聊天懂你，说话忍你，心里装你，做事帮你，我懂你的眼神 你懂我的欲言又止 相视而笑 莫逆于心#穿搭", "aweme_url": "https://www.iesdouyin.com/share/video/6851904639634345223/?region=CN&mid=6851904655267515150&u_code=0&titleType=title", "download_url": "https://www.chanmama.com/awemeDetail/6851904639634345223", "digg_count": 6732, "digg_incr": 3086, "aweme_create_time": 1595333370, "category": 6, "volume": 0, "amount": 0}, "author": {"author_id": "4177747872059952", "nickname": "衣恋时尚女装店", "follower_count": 30961}}, {"aweme": {"aweme_id": "6851892506687180040", "aweme_title": "女宝宝舞蹈袜，也可以当打底袜#打底袜 #儿童舞蹈袜 #童装", "aweme_url": "https://www.iesdouyin.com/share/video/6851892506687180040/?region=CN&mid=6851892588148968200&u_code=0&titleType=title", "download_url": "https://www.chanmama.com/awemeDetail/6851892506687180040", "digg_count": 2752, "digg_incr": 2752, "aweme_create_time": 1595330561, "category": 6, "volume": 338, "amount": 3312.4}, "author": {"author_id": "3175011058976519", "nickname": "简槑精品童装", "follower_count": 242490}}, {"aweme": {"aweme_id": "6851746832901606664", "aweme_title": "小狐狸野生代言人实锤了#充能计划 #lolita #lo娘 #同好召唤令", "aweme_url": "https://www.iesdouyin.com/share/video/6851746832901606664/?region=CN&mid=6632842355101666062&u_code=0&titleType=title", "download_url": "https://www.chanmama.com/awemeDetail/6851746832901606664", "digg_count": 3285, "digg_incr": 2737, "aweme_create_time": 1595296630, "category": 6, "volume": 0, "amount": 0}, "author": {"author_id": "60433455828", "nickname": "奇迹馋馋", "follower_count": 161248}}, {"aweme": {"aweme_id": "6851763872966184206", "aweme_title": "猜猜看，加一次油得多少钱呢？#辽宁号", "aweme_url": "https://www.iesdouyin.com/share/video/6851763872966184206/?region=CN&mid=6851763913143372558&u_code=0&titleType=title", "download_url": "https://www.chanmama.com/awemeDetail/6851763872966184206", "digg_count": 10768, "digg_incr": 2682, "aweme_create_time": 1595300596, "category": 6, "volume": 0, "amount": 0}, "author": {"author_id": "734129536119236", "nickname": "经纬时间", "follower_count": 156183}}, {"aweme": {"aweme_id": "6851682355879464192", "aweme_title": "看淡点看开点看远点，就是对自己最好的方式❤️ #妈妈装 #民族风 #气质穿搭 @抖音小助手", "aweme_url": "https://www.iesdouyin.com/share/video/6851682355879464192/?region=CN&mid=6851682237008595720&u_code=b0ge2ik4jel&titleType=title", "download_url": "https://www.chanmama.com/awemeDetail/6851682355879464192", "digg_count": 2716, "digg_incr": 2671, "aweme_create_time": 1595281631, "category": 6, "volume": 4, "amount": 556}, "author": {"author_id": "3773157665423027", "nickname": "常熟英姿服装商行", "follower_count": 81051}}, {"aweme": {"aweme_id": "6851753899234249984", "aweme_title": "我怀男宝症状，孕囊长茄型，胎心149 肚型尖后壁，前胸后背都长逗，胎动有力，喜欢米奇的接，一接一个准#传米奇", "aweme_url": "https://www.iesdouyin.com/share/video/6851753899234249984/?region=CN&mid=6825570998843706125&u_code=1kgi6h6afg08&titleType=title", "download_url": "https://www.chanmama.com/awemeDetail/6851753899234249984", "digg_count": 2500, "digg_incr": 2488, "aweme_create_time": 1595298274, "category": 6, "volume": 2, "amount": 236}, "author": {"author_id": "55719236154", "nickname": "大慧慧（二胎）", "follower_count": 9846}}, {"aweme": {"aweme_id": "6851886811443154180", "aweme_title": "没有堆积，电王参上！#宅物 #充能计划 #开箱测评 #maria变身 @抖音小助手 后续更新测评#假面骑士", "aweme_url": "https://www.iesdouyin.com/share/video/6851886811443154180/?region=CN&mid=6851886833694624526&u_code=27l4hke24855&titleType=title", "download_url": "https://www.chanmama.com/awemeDetail/6851886811443154180", "digg_count": 2684, "digg_incr": 2487, "aweme_create_time": 1595329225, "category": 6, "volume": 0, "amount": 0}, "author": {"author_id": "100656575354", "nickname": "胶佬大王（高达模型）", "follower_count": 88097}}, {"aweme": {"aweme_id": "6851717706631122183", "aweme_title": "#萧亚轩男友吐血送医 #爱情 #真爱", "aweme_url": "https://www.iesdouyin.com/share/video/6851717706631122183/?region=CN&mid=6851717716659669773&u_code=0&titleType=title", "download_url": "https://www.chanmama.com/awemeDetail/6851717706631122183", "digg_count": 3207, "digg_incr": 2456, "aweme_create_time": 1595289850, "category": 6, "volume": 0, "amount": 0}, "author": {"author_id": "85175221273", "nickname": "红心女侠～笑红尘", "follower_count": 215074}}, {"aweme": {"aweme_id": "6851868086132362503", "aweme_title": "总会有人捡起七零八落的你，然后安安稳稳的爱你#热门 @DOU+小助手 @抖音小助手", "aweme_url": "https://www.iesdouyin.com/share/video/6851868086132362503/?region=CN&mid=6851868099243739911&u_code=0&titleType=title", "download_url": "https://www.chanmama.com/awemeDetail/6851868086132362503", "digg_count": 12483, "digg_incr": 2368, "aweme_create_time": 1595324861, "category": 6, "volume": 46, "amount": 1794}, "author": {"author_id": "712096802415936", "nickname": "丫丫毛绒玩具", "follower_count": 249419}}, {"aweme": {"aweme_id": "6851870162539269376", "aweme_title": "现在值15不？#超轻粘土 #粘土教程 #盲盒 @抖音小助手", "aweme_url": "https://www.iesdouyin.com/share/video/6851870162539269376/?region=CN&mid=6851870184626490126&u_code=0&titleType=title", "download_url": "https://www.chanmama.com/awemeDetail/6851870162539269376", "digg_count": 4340, "digg_incr": 2209, "aweme_create_time": 1595325344, "category": 6, "volume": 4, "amount": 26}, "author": {"author_id": "3240994264058712", "nickname": "阳阿姨（双号晚8点直播）", "follower_count": 255357}}, {"aweme": {"aweme_id": "6851732210303634700", "aweme_title": "有没有喜欢我的电话？", "aweme_url": "https://www.iesdouyin.com/share/video/6851732210303634700/?region=CN&mid=6837808766935993096&u_code=0&titleType=title", "download_url": "https://www.chanmama.com/awemeDetail/6851732210303634700", "digg_count": 21321, "digg_incr": 2137, "aweme_create_time": 1595293232, "category": 6, "volume": 0, "amount": 0}, "author": {"author_id": "3214611897660478", "nickname": "大肉丸子", "follower_count": 45067}}, {"aweme": {"aweme_id": "6851778268614511886", "aweme_title": "余生有你～未来可期～开心每一天#哈士奇#@抖音小助手 @DOU+小助手", "aweme_url": "https://www.iesdouyin.com/share/video/6851778268614511886/?region=CN&mid=6847745709240748039&u_code=i5hd8ml6f59&titleType=title", "download_url": "https://www.chanmama.com/awemeDetail/6851778268614511886", "digg_count": 2127, "digg_incr": 2057, "aweme_create_time": 1595303949, "category": 6, "volume": 1, "amount": 29}, "author": {"author_id": "2541663638519880", "nickname": "小不点毛绒玩具", "follower_count": 32874}}, {"aweme": {"aweme_id": "6851778236456668423", "aweme_title": "兔子公仔～星星发亮是为了让每个人有一天都能找到属于自己的星星！@抖音小助手 @DOU+小助手", "aweme_url": "https://www.iesdouyin.com/share/video/6851778236456668423/?region=CN&mid=6755028849462872845&u_code=0&titleType=title", "download_url": "https://www.chanmama.com/awemeDetail/6851778236456668423", "digg_count": 2041, "digg_incr": 1952, "aweme_create_time": 1595303941, "category": 6, "volume": 99, "amount": 3653.1}, "author": {"author_id": "764880016914110", "nickname": "栎涵公仔优选", "follower_count": 130877}}, {"aweme": {"aweme_id": "6851494988748983566", "aweme_title": "#女童皮鞋  #童鞋 学院风时尚小皮鞋，韩版设计，优雅高贵，25m等你来~", "aweme_url": "https://www.iesdouyin.com/share/video/6851494988748983566/?region=CN&mid=6851495072047942408&u_code=0&titleType=title", "download_url": "https://www.chanmama.com/awemeDetail/6851494988748983566", "digg_count": 3725, "digg_incr": 1895, "aweme_create_time": 1595291400, "category": 6, "volume": 183, "amount": 4575}, "author": {"author_id": "2049106825715976", "nickname": "哆来咪嘛童鞋", "follower_count": 125129}}, {"aweme": {"aweme_id": "6851808665272454413", "aweme_title": "只要胆子够大，没有撩不到的妞，小姐姐好像对我有意思呀，不说了我要快点跑了#女朋友 #情侣 #手枪棒棒糖", "aweme_url": "https://www.iesdouyin.com/share/video/6851808665272454413/?region=CN&mid=6838518831309572872&u_code=2kf531i7iek5&titleType=title", "download_url": "https://www.chanmama.com/awemeDetail/6851808665272454413", "digg_count": 1942, "digg_incr": 1838, "aweme_create_time": 1595311027, "category": 6, "volume": 2, "amount": 49.8}, "author": {"author_id": "3839125359692062", "nickname": "阿狸的百宝屋", "follower_count": 103354}}, {"aweme": {"aweme_id": "6851943698683514112", "aweme_title": "它来啦！它来啦！它带着微笑走来啦！截止到24号哦～", "aweme_url": "https://www.iesdouyin.com/share/video/6851943698683514112/?region=CN&mid=6851943692446534407&u_code=0&titleType=title", "download_url": "https://www.chanmama.com/awemeDetail/6851943698683514112", "digg_count": 2332, "digg_incr": 1810, "aweme_create_time": 1595342464, "category": 6, "volume": 23, "amount": 2967}, "author": {"author_id": "99778033319", "nickname": "大胃嘟今天吃什么？", "follower_count": 748959}}, {"aweme": {"aweme_id": "6851698262236335360", "aweme_title": "#定格美好瞬间 扭蛋，又称为转蛋或胶囊玩具，里面有好多系列，你玩过吗？@DOU+小助手 @抖音小助手", "aweme_url": "https://www.iesdouyin.com/share/video/6851698262236335360/?region=CN&mid=6851698189838387981&u_code=27l4hkd95f9c&titleType=title", "download_url": "https://www.chanmama.com/awemeDetail/6851698262236335360", "digg_count": 1716, "digg_incr": 1710, "aweme_create_time": 1595285325, "category": 6, "volume": 0, "amount": 0}, "author": {"author_id": "2704436697768509", "nickname": "小威学长", "follower_count": 36355}}, {"aweme": {"aweme_id": "6851595488894962958", "aweme_title": "时尚拼色露肩上衣 洋气的荷叶边设计 搭配一条百搭包臀裙 遮肉又有气质#穿搭#时尚", "aweme_url": "https://www.iesdouyin.com/share/video/6851595488894962958/?region=CN&mid=6851595564417698573&u_code=1j0gg92c5cf9&titleType=title", "download_url": "https://www.chanmama.com/awemeDetail/6851595488894962958", "digg_count": 1766, "digg_incr": 1709, "aweme_create_time": 1595302200, "category": 6, "volume": 170, "amount": 8330}, "author": {"author_id": "62594186718", "nickname": "小魔女时尚穿搭", "follower_count": 202166}}, {"aweme": {"aweme_id": "6851702292782075151", "aweme_title": "先唱一段再找个小伙伴尬舞💋💋💋", "aweme_url": "https://www.iesdouyin.com/share/video/6851702292782075151/?region=CN&mid=6851702489121557252&u_code=27l4hke24855&titleType=title", "download_url": "https://www.chanmama.com/awemeDetail/6851702292782075151", "digg_count": 2473, "digg_incr": 1629, "aweme_create_time": 1595286271, "category": 6, "volume": 0, "amount": 0}, "author": {"author_id": "4503615901934184", "nickname": "闫帅和丸子头", "follower_count": 513110}}, {"aweme": {"aweme_id": "6851850429391768840", "aweme_title": "#假面骑士 暗黑帝骑哥", "aweme_url": "https://www.iesdouyin.com/share/video/6851850429391768840/?region=CN&mid=6851850440536394509&u_code=27l4hkd95f9c&titleType=title", "download_url": "https://www.chanmama.com/awemeDetail/6851850429391768840", "digg_count": 2684, "digg_incr": 1627, "aweme_create_time": 1595320750, "category": 6, "volume": 0, "amount": 0}, "author": {"author_id": "96864408401", "nickname": "清云叔叔", "follower_count": 55528}}, {"aweme": {"aweme_id": "6851739773904686340", "aweme_title": "需要奶嘴的宝宝可以看过来了哦，一般性奶嘴1到两个月就要替换了哦。一定要经常杀菌消毒。#奶瓶", "aweme_url": "https://www.iesdouyin.com/share/video/6851739773904686340/?region=CN&mid=6839951198159063815&u_code=gmaek20dh2c&titleType=title", "download_url": "https://www.chanmama.com/awemeDetail/6851739773904686340", "digg_count": 2089, "digg_incr": 1598, "aweme_create_time": 1595294993, "category": 6, "volume": 10, "amount": 880}, "author": {"author_id": "1363020070524356", "nickname": "吉贝儿母婴用品店", "follower_count": 37136}}, {"aweme": {"aweme_id": "6851732300313414920", "aweme_title": "小朋友有的玩具 我也有啦❤", "aweme_url": "https://www.iesdouyin.com/share/video/6851732300313414920/?region=CN&mid=6805022349771950855&u_code=27l4hkd95f9c&titleType=title", "download_url": "https://www.chanmama.com/awemeDetail/6851732300313414920", "digg_count": 1603, "digg_incr": 1574, "aweme_create_time": 1595293247, "category": 6, "volume": 11, "amount": 165}, "author": {"author_id": "109022841431", "nickname": "小明好物推荐", "follower_count": 50260}}, {"aweme": {"aweme_id": "6851733971433295104", "aweme_title": "#月子 怀孕前106斤，生之前133斤，现在50天108斤～母乳喂养，你们产后多久穿上了之前的牛仔裤吖？", "aweme_url": "https://www.iesdouyin.com/share/video/6851733971433295104/?region=CN&mid=6805862339640838157&u_code=0&titleType=title", "download_url": "https://www.chanmama.com/awemeDetail/6851733971433295104", "digg_count": 1837, "digg_incr": 1572, "aweme_create_time": 1595293636, "category": 6, "volume": 23, "amount": 2047}, "author": {"author_id": "58282002366", "nickname": "瑞雪啊🔆（小小胡妈）", "follower_count": 139310}}, {"aweme": {"aweme_id": "6851793107378375950", "aweme_title": "#孕妇不能拿外卖， 否则外卖小哥都跟你要微信！！ #穿搭  @DOU+小助手", "aweme_url": "https://www.iesdouyin.com/share/video/6851793107378375950/?region=CN&mid=6851793187699575566&u_code=d3cj78d2g00&titleType=title", "download_url": "https://www.chanmama.com/awemeDetail/6851793107378375950", "digg_count": 2643, "digg_incr": 1541, "aweme_create_time": 1595307426, "category": 6, "volume": 0, "amount": 0}, "author": {"author_id": "93193462186", "nickname": "AROOM孕妇装", "follower_count": 377672}}, {"aweme": {"aweme_id": "6851860265852488968", "aweme_title": "大声告诉我 你读错什么字 闹过误会 #没文化真可怕", "aweme_url": "https://www.iesdouyin.com/share/video/6851860265852488968/?region=CN&mid=6851860306180754190&u_code=0&titleType=title", "download_url": "https://www.chanmama.com/awemeDetail/6851860265852488968", "digg_count": 2049, "digg_incr": 1518, "aweme_create_time": 1595323039, "category": 6, "volume": 0, "amount": 0}, "author": {"author_id": "2915541911866635", "nickname": "周憨憨～", "follower_count": 470569}}, {"aweme": {"aweme_id": "6851848542911352075", "aweme_title": "居然连雨伞都有！#劳斯莱斯幻影 #汽车模型 #上热门", "aweme_url": "https://www.iesdouyin.com/share/video/6851848542911352075/?region=CN&mid=6846333477068360455&u_code=0&titleType=title", "download_url": "https://www.chanmama.com/awemeDetail/6851848542911352075", "digg_count": 1769, "digg_incr": 1514, "aweme_create_time": 1595320319, "category": 6, "volume": 8, "amount": 480}, "author": {"author_id": "63747458020", "nickname": "保定欧拓(合金车模)", "follower_count": 100626}}, {"aweme": {"aweme_id": "6851796965320166670", "aweme_title": "都说今年男宝宝多，我就在抖音接天天接，被我接到了，哈哈开心，想要男宝的来接吧一接一个准#这种月子服穿上超舒服", "aweme_url": "https://www.iesdouyin.com/share/video/6851796965320166670/?region=CN&mid=6826648502131723016&u_code=1h7f30l0i9ha&titleType=title", "download_url": "https://www.chanmama.com/awemeDetail/6851796965320166670", "digg_count": 1799, "digg_incr": 1504, "aweme_create_time": 1595308302, "category": 6, "volume": 1, "amount": 118}, "author": {"author_id": "4503700043503199", "nickname": "🙊是俞果果", "follower_count": 12370}}, {"aweme": {"aweme_id": "6851866011348602125", "aweme_title": "谁说我们不做#lolita 正经#花嫁 ，做的呀~#永恒之曜 白雪姬色来啦！设计图细节大公开！", "aweme_url": "https://www.iesdouyin.com/share/video/6851866011348602125/?region=CN&mid=6851866025558919950&u_code=0&titleType=title", "download_url": "https://www.chanmama.com/awemeDetail/6851866011348602125", "digg_count": 1891, "digg_incr": 1501, "aweme_create_time": 1595324378, "category": 6, "volume": 0, "amount": 0}, "author": {"author_id": "103782810159", "nickname": "Neverland星芙颂", "follower_count": 106068}}, {"aweme": {"aweme_id": "6851869639660686592", "aweme_title": "让我们来猜猜最后一款盲盒，答对揪一个小可爱～😘@潮玩C仔 @潮玩膨膨👉🏻7月22日7点直播～ #盲盒", "aweme_url": "https://www.iesdouyin.com/share/video/6851869639660686592/?region=CN&mid=6851869656077044487&u_code=0&titleType=title", "download_url": "https://www.chanmama.com/awemeDetail/6851869639660686592", "digg_count": 2012, "digg_incr": 1489, "aweme_create_time": 1595325222, "category": 6, "volume": 0, "amount": 0}, "author": {"author_id": "962767905106531", "nickname": "潮玩鹿鹿🤩", "follower_count": 265692}}, {"aweme": {"aweme_id": "6851865462708374798", "aweme_title": "#玩具 链带式软弹枪，堪比大菠萝249，仿真弹壳，直男最爱#软弹枪", "aweme_url": "https://www.iesdouyin.com/share/video/6851865462708374798/?region=CN&mid=6851865541200661261&u_code=0&titleType=title", "download_url": "https://www.chanmama.com/awemeDetail/6851865462708374798", "digg_count": 1443, "digg_incr": 1443, "aweme_create_time": 1595324267, "category": 6, "volume": 1, "amount": 89}, "author": {"author_id": "70924925383", "nickname": "鹿子也的玩具屋（今晚八点直播）", "follower_count": 786689}}, {"aweme": {"aweme_id": "6851858001414884622", "aweme_title": "这波1v4车站怎么样～#惊艳瞬间 #企鹅电竞冷宴华 @抖音小助手", "aweme_url": "https://www.iesdouyin.com/share/video/6851858001414884622/?region=CN&mid=6843975264934939405&u_code=0&titleType=title", "download_url": "https://www.chanmama.com/awemeDetail/6851858001414884622", "digg_count": 2839, "digg_incr": 1440, "aweme_create_time": 1595322513, "category": 6, "volume": 2, "amount": 36}, "author": {"author_id": "2053540951624963", "nickname": "江湖人俱乐部", "follower_count": 274947}}, {"aweme": {"aweme_id": "6851741375495425283", "aweme_title": "这是一个有点尴尬的视频，我能想到最直观的展现方法只能是这样了，#湿厕纸#痔疮 #生理期 可用", "aweme_url": "https://www.iesdouyin.com/share/video/6851741375495425283/?region=CN&mid=6851741405342157581&u_code=0&titleType=title", "download_url": "https://www.chanmama.com/awemeDetail/6851741375495425283", "digg_count": 1465, "digg_incr": 1428, "aweme_create_time": 1595295365, "category": 6, "volume": 517, "amount": 10329.66}, "author": {"author_id": "4217321545535671", "nickname": "骁骁妈🧚🏻‍♀️", "follower_count": 194244}}, {"aweme": {"aweme_id": "6851889995012148495", "aweme_title": "当Rap鸭鸭遇到普通鸭鸭#沙雕鸭 #礼物 #看到最后有惊喜", "aweme_url": "https://www.iesdouyin.com/share/video/6851889995012148495/?region=CN&mid=6851890002722032397&u_code=0&titleType=title", "download_url": "https://www.chanmama.com/awemeDetail/6851889995012148495", "digg_count": 3784, "digg_incr": 1423, "aweme_create_time": 1595329961, "category": 6, "volume": 20, "amount": 780}, "author": {"author_id": "64117239874", "nickname": "张小维", "follower_count": 35100}}, {"aweme": {"aweme_id": "6851731218132651277", "aweme_title": "第一次前往巴基斯坦直接在码头开战，画质全开这游戏玩的就是痛快", "aweme_url": "https://www.iesdouyin.com/share/video/6851731218132651277/?region=CN&mid=6851731294599088910&u_code=0&titleType=title", "download_url": "https://www.chanmama.com/awemeDetail/6851731218132651277", "digg_count": 1770, "digg_incr": 1404, "aweme_create_time": 1595293008, "category": 6, "volume": 0, "amount": 0}, "author": {"author_id": "84666714530", "nickname": "游戏解说柚子", "follower_count": 216727}}, {"aweme": {"aweme_id": "6851886484820200704", "aweme_title": "#lolita 我太喜欢熬夜了 我觉得自己上辈子就是个路灯", "aweme_url": "https://www.iesdouyin.com/share/video/6851886484820200704/?region=CN&mid=6843607089181362177&u_code=0&titleType=title", "download_url": "https://www.chanmama.com/awemeDetail/6851886484820200704", "digg_count": 2580, "digg_incr": 1376, "aweme_create_time": 1595329144, "category": 6, "volume": 0, "amount": 0}, "author": {"author_id": "96559414397", "nickname": "害羞7", "follower_count": 665154}}, {"aweme": {"aweme_id": "6851763830641413389", "aweme_title": "只要胆子够大，没有撩不到的妞，美女表情很到位，我要快点跑了#女朋友 #情侣 #手枪棒棒糖", "aweme_url": "https://www.iesdouyin.com/share/video/6851763830641413389/?region=CN&mid=6838518831309572872&u_code=15jlg8e5ah89&titleType=title", "download_url": "https://www.chanmama.com/awemeDetail/6851763830641413389", "digg_count": 1409, "digg_incr": 1354, "aweme_create_time": 1595300586, "category": 6, "volume": 15, "amount": 373.5}, "author": {"author_id": "3839125359692062", "nickname": "阿狸的百宝屋", "follower_count": 103354}}, {"aweme": {"aweme_id": "6851597676702649615", "aweme_title": "#沙雕复读鸭 当复读鸭唱着#中国新说唱 官方回答 不是所有的鸭纸都会RAP...#玩具@DOU+小助手", "aweme_url": "https://www.iesdouyin.com/share/video/6851597676702649615/?region=CN&mid=6851490843778435847&u_code=0&titleType=title", "download_url": "https://www.chanmama.com/awemeDetail/6851597676702649615", "digg_count": 4511, "digg_incr": 1337, "aweme_create_time": 1595261906, "category": 6, "volume": 20, "amount": 780}, "author": {"author_id": "64117239874", "nickname": "张小维", "follower_count": 35100}}, {"aweme": {"aweme_id": "6851734865117744397", "aweme_title": "我想把世界上最好的都给你，却发现世界上最好的就是你～奶瓶空调被@抖音小助手 #空调被#抱枕#爱情", "aweme_url": "https://www.iesdouyin.com/share/video/6851734865117744397/?region=CN&mid=6844773311390418951&u_code=39cg4d6mdh5j&titleType=title", "download_url": "https://www.chanmama.com/awemeDetail/6851734865117744397", "digg_count": 1367, "digg_incr": 1333, "aweme_create_time": 1595293844, "category": 6, "volume": 0, "amount": 0}, "author": {"author_id": "68601514054", "nickname": "诚朗毛绒玩具", "follower_count": 16775}}, {"aweme": {"aweme_id": "6851873820140260608", "aweme_title": "谁来认领一下？#凹凸世界 #cos #雷狮 @DOU+小助手 @抖音小助手", "aweme_url": "https://www.iesdouyin.com/share/video/6851873820140260608/?region=CN&mid=6800705081109907458&u_code=39cg4d6b9039&titleType=title", "download_url": "https://www.chanmama.com/awemeDetail/6851873820140260608", "digg_count": 2341, "digg_incr": 1236, "aweme_create_time": 1595326195, "category": 6, "volume": 0, "amount": 0}, "author": {"author_id": "61710772465", "nickname": "萧晋淮", "follower_count": 60721}}, {"aweme": {"aweme_id": "6851773881099881743", "aweme_title": "小小的一个玩具把我难住，这么久了也不能搞定#智力玩具#益智", "aweme_url": "https://www.iesdouyin.com/share/video/6851773881099881743/?region=CN&mid=6850077795414968322&u_code=0&titleType=title", "download_url": "https://www.chanmama.com/awemeDetail/6851773881099881743", "digg_count": 1456, "digg_incr": 1235, "aweme_create_time": 1595302927, "category": 6, "volume": 4, "amount": 88}, "author": {"author_id": "24567072458", "nickname": "真聪明玩具", "follower_count": 308563}}, {"aweme": {"aweme_id": "6851758931425971469", "aweme_title": "最后一套简直了！！辣眼睛#换装  #孕妇 #穿搭 @DOU+小助手", "aweme_url": "https://www.iesdouyin.com/share/video/6851758931425971469/?region=CN&mid=6851759068768439048&u_code=39cg4d6b9039&titleType=title", "download_url": "https://www.chanmama.com/awemeDetail/6851758931425971469", "digg_count": 4906, "digg_incr": 1210, "aweme_create_time": 1595299475, "category": 6, "volume": 0, "amount": 0}, "author": {"author_id": "93193462186", "nickname": "AROOM孕妇装", "follower_count": 377672}}, {"aweme": {"aweme_id": "6851872990884416782", "aweme_title": "孕37周 已知米奇，天天在抖音接米奇，哈哈被我接到了，希望不要翻盘，也祝所有的宝妈要男得男，要女得女#传米奇", "aweme_url": "https://www.iesdouyin.com/share/video/6851872990884416782/?region=CN&mid=6849262185416706829&u_code=jc1bkmg2hch&titleType=title", "download_url": "https://www.chanmama.com/awemeDetail/6851872990884416782", "digg_count": 1406, "digg_incr": 1196, "aweme_create_time": 1595326003, "category": 6, "volume": 0, "amount": 0}, "author": {"author_id": "4503700043503199", "nickname": "🙊是俞果果", "follower_count": 12370}}, {"aweme": {"aweme_id": "6851871284431736077", "aweme_title": "没有更新的日子那一定是熬夜给小祖宗做手工  头秃是有道理的～😳#异地恋 #手工 #礼物 @抖音小助手", "aweme_url": "https://www.iesdouyin.com/share/video/6851871284431736077/?region=CN&mid=6841001974717090568&u_code=0&titleType=title", "download_url": "https://www.chanmama.com/awemeDetail/6851871284431736077", "digg_count": 1160, "digg_incr": 1160, "aweme_create_time": 1595325605, "category": 6, "volume": 1, "amount": 238}, "author": {"author_id": "110171223796", "nickname": "种草哥", "follower_count": 998695}}, {"aweme": {"aweme_id": "6851849695317265671", "aweme_title": "阿奇今天要洗头发了，那么，应该准备什么呢？#嗨道奇 #小朋友 #动画", "aweme_url": "https://www.iesdouyin.com/share/video/6851849695317265671/?region=CN&mid=6851849715316640520&u_code=3di8em88jagf&titleType=title", "download_url": "https://www.chanmama.com/awemeDetail/6851849695317265671", "digg_count": 1385, "digg_incr": 1147, "aweme_create_time": 1595320579, "category": 6, "volume": 0, "amount": 0}, "author": {"author_id": "3685184008358653", "nickname": "嗨！道奇的动画", "follower_count": 57415}}, {"aweme": {"aweme_id": "6851602302470606087", "aweme_title": "#热门", "aweme_url": "https://www.iesdouyin.com/share/video/6851602302470606087/?region=CN&mid=6839055842130561799&u_code=d3cj78d2g00&titleType=title", "download_url": "https://www.chanmama.com/awemeDetail/6851602302470606087", "digg_count": 1114, "digg_incr": 1118, "aweme_create_time": 1595262985, "category": 6, "volume": 14, "amount": 698.6}, "author": {"author_id": "1226653375930507", "nickname": "种草yy", "follower_count": 147548}}, {"aweme": {"aweme_id": "6851927656754056455", "aweme_title": "儿童加厚时尚棉服羽绒服#淘宝客 #好物推荐 #冬装 #反季特卖", "aweme_url": "https://www.iesdouyin.com/share/video/6851927656754056455/?region=CN&mid=6840454560562022413&u_code=49b30kid4fd3&titleType=title", "download_url": "https://www.chanmama.com/awemeDetail/6851927656754056455", "digg_count": 1108, "digg_incr": 1113, "aweme_create_time": 1595338729, "category": 6, "volume": 1, "amount": 29}, "author": {"author_id": "4419684771314876", "nickname": "科世传媒推广", "follower_count": 3350}}, {"aweme": {"aweme_id": "6851833613860769024", "aweme_title": "甜甜小兔兔～她就像个孩子，你无法了解，直到你拥有#毛绒玩具 #热门 @抖音小助手 @DOU+小助手", "aweme_url": "https://www.iesdouyin.com/share/video/6851833613860769024/?region=CN&mid=6851833627370638087&u_code=1h7f30l0i9ha&titleType=title", "download_url": "https://www.chanmama.com/awemeDetail/6851833613860769024", "digg_count": 1249, "digg_incr": 1102, "aweme_create_time": 1595316835, "category": 6, "volume": 6, "amount": 239.39999999999998}, "author": {"author_id": "734093366791771", "nickname": "大鹏毛绒玩具", "follower_count": 47190}}, {"aweme": {"aweme_id": "6851892062946594056", "aweme_title": "丫头回家了赶紧抓住拍个视频，你看那不情不愿的小样😏😏#直播带货模式开启", "aweme_url": "https://www.iesdouyin.com/share/video/6851892062946594056/?region=CN&mid=6720466958099270404&u_code=1h7f30l0i9ha&titleType=title", "download_url": "https://www.chanmama.com/awemeDetail/6851892062946594056", "digg_count": 1091, "digg_incr": 1083, "aweme_create_time": 1595330442, "category": 6, "volume": 0, "amount": 0}, "author": {"author_id": "58778083263", "nickname": "薇姐", "follower_count": 20557}}, {"aweme": {"aweme_id": "6851763584083561743", "aweme_title": "#jk #jk制服  友友们快来相亲相爱一家人", "aweme_url": "https://www.iesdouyin.com/share/video/6851763584083561743/?region=CN&mid=6830628240860678925&u_code=0&titleType=title", "download_url": "https://www.chanmama.com/awemeDetail/6851763584083561743", "digg_count": 1353, "digg_incr": 1064, "aweme_create_time": 1595300529, "category": 6, "volume": 0, "amount": 0}, "author": {"author_id": "61933233107", "nickname": "是你生哥", "follower_count": 156812}}, {"aweme": {"aweme_id": "6851861565239528707", "aweme_title": "宝宝第一口米粉，不同月龄冲泡方法～#宝宝米粉 #小皮", "aweme_url": "https://www.iesdouyin.com/share/video/6851861565239528707/?region=CN&mid=6851861632579406605&u_code=4ck64e48dbc5&titleType=title", "download_url": "https://www.chanmama.com/awemeDetail/6851861565239528707", "digg_count": 2378, "digg_incr": 1049, "aweme_create_time": 1595323349, "category": 6, "volume": 0, "amount": 0}, "author": {"author_id": "66847777252", "nickname": "是大王呀", "follower_count": 76406}}, {"aweme": {"aweme_id": "6851821632818810127", "aweme_title": "乐高版钢琴#乐高 #乐高钢琴 #宅物 #充能计划", "aweme_url": "https://www.iesdouyin.com/share/video/6851821632818810127/?region=CN&mid=6851821640536443655&u_code=1h7f30l0i9ha&titleType=title", "download_url": "https://www.chanmama.com/awemeDetail/6851821632818810127", "digg_count": 1312, "digg_incr": 1043, "aweme_create_time": 1595314045, "category": 6, "volume": 1, "amount": 369}, "author": {"author_id": "3742330147045639", "nickname": "乐高科技™", "follower_count": 607124}}, {"aweme": {"aweme_id": "6851866847298489607", "aweme_title": "宝宝洗澡最喜欢玩具之一，放水里当花洒玩地上可以遛弯，水陆两不误，省钱 #洗澡玩具", "aweme_url": "https://www.iesdouyin.com/share/video/6851866847298489607/?region=CN&mid=6851866929003498253&u_code=2kf531i7iek5&titleType=title", "download_url": "https://www.chanmama.com/awemeDetail/6851866847298489607", "digg_count": 1095, "digg_incr": 1039, "aweme_create_time": 1595324588, "category": 6, "volume": 8, "amount": 232}, "author": {"author_id": "99337241651", "nickname": "鸣哥麻麻", "follower_count": 10718}}, {"aweme": {"aweme_id": "6851885296695430413", "aweme_title": "提高实战技巧训练之一！请认准官方赛事成绩！更可靠！#拳击 @抖音小助手@DOU+小助手", "aweme_url": "https://www.iesdouyin.com/share/video/6851885296695430413/?region=CN&mid=6851885305730288398&u_code=2j8l4ck59ied&titleType=title", "download_url": "https://www.chanmama.com/awemeDetail/6851885296695430413", "digg_count": 1175, "digg_incr": 1018, "aweme_create_time": 1595328867, "category": 6, "volume": 0, "amount": 0}, "author": {"author_id": "63877136771", "nickname": "泉州市潜力拳击俱乐部(总馆)", "follower_count": 61913}}, {"aweme": {"aweme_id": "6851689220352773391", "aweme_title": "这个真不错👍#抖音热门 #卖家不如买家秀 @抖音小助手", "aweme_url": "https://www.iesdouyin.com/share/video/6851689220352773391/?region=CN&mid=6851689146285705992&u_code=0&titleType=title", "download_url": "https://www.chanmama.com/awemeDetail/6851689220352773391", "digg_count": 1015, "digg_incr": 994, "aweme_create_time": 1595283223, "category": 6, "volume": 512, "amount": 5068.8}, "author": {"author_id": "60489675902", "nickname": "超级颜【小商品大揭秘】", "follower_count": 399146}}, {"aweme": {"aweme_id": "6851883842828111118", "aweme_title": "儿童白鸭绒羽绒服，反季囤货首选，轻盈保暖不走绒#儿童羽绒服 #717", "aweme_url": "https://www.iesdouyin.com/share/video/6851883842828111118/?region=CN&mid=6851883927398468359&u_code=0&titleType=title", "download_url": "https://www.chanmama.com/awemeDetail/6851883842828111118", "digg_count": 2551, "digg_incr": 978, "aweme_create_time": 1595328546, "category": 6, "volume": 50, "amount": 2495}, "author": {"author_id": "3175011058976519", "nickname": "简槑精品童装", "follower_count": 242490}}, {"aweme": {"aweme_id": "6851883687483575552", "aweme_title": "我M过最不像书的书～#育儿教育 @DOU+小助手", "aweme_url": "https://www.iesdouyin.com/share/video/6851883687483575552/?region=CN&mid=6851883717187930894&u_code=0&titleType=title", "download_url": "https://www.chanmama.com/awemeDetail/6851883687483575552", "digg_count": 1350, "digg_incr": 973, "aweme_create_time": 1595328493, "category": 6, "volume": 7, "amount": 623}, "author": {"author_id": "106523677263", "nickname": "安安妈妈", "follower_count": 313301}}, {"aweme": {"aweme_id": "6851819878500879630", "aweme_title": "另外一款颈圈 点击我的主页进去 在我的商品橱窗里面 搜🔍游泳圈 就能找到了", "aweme_url": "https://www.iesdouyin.com/share/video/6851819878500879630/?region=CN&mid=6851819881948613383&u_code=2kf531i7iek5&titleType=title", "download_url": "https://www.chanmama.com/awemeDetail/6851819878500879630", "digg_count": 1237, "digg_incr": 956, "aweme_create_time": 1595313637, "category": 6, "volume": 448, "amount": 26835.2}, "author": {"author_id": "106916853433", "nickname": "玥玥妈&28号婧麒专场", "follower_count": 284896}}, {"aweme": {"aweme_id": "6851795387943111936", "aweme_title": "每天都拿两块钱准备好买小糍粑吃😄 @我是婷妈妈吖", "aweme_url": "https://www.iesdouyin.com/share/video/6851795387943111936/?region=CN&mid=6851795606219066115&u_code=1e86e3gfc222&titleType=title", "download_url": "https://www.chanmama.com/awemeDetail/6851795387943111936", "digg_count": 1352, "digg_incr": 954, "aweme_create_time": 1595307956, "category": 6, "volume": 0, "amount": 0}, "author": {"author_id": "4503653855865074", "nickname": "王梓婷的爸爸", "follower_count": 59702}}, {"aweme": {"aweme_id": "6851717495443705103", "aweme_title": "#孕期囤货啦✍ 产褥垫朋友建议准备2包，1包不够用，2包多了可以给宝宝当隔尿垫#待产包系列 #产褥垫", "aweme_url": "https://www.iesdouyin.com/share/video/6851717495443705103/?region=CN&mid=6851717465311890184&u_code=15jlg8e5ah89&titleType=title", "download_url": "https://www.chanmama.com/awemeDetail/6851717495443705103", "digg_count": 1593, "digg_incr": 937, "aweme_create_time": 1595289800, "category": 6, "volume": 41, "amount": 938.9}, "author": {"author_id": "88070865996", "nickname": "原来是圈圈吖！", "follower_count": 9330}}, {"aweme": {"aweme_id": "6851821935114931469", "aweme_title": "别在给孩子穿硬底鞋了 这双鞋高配顶配！#童鞋#巴布豆童鞋@DOU+小助手", "aweme_url": "https://www.iesdouyin.com/share/video/6851821935114931469/?region=CN&mid=6851821933224348430&u_code=2kf531i7iek5&titleType=title", "download_url": "https://www.chanmama.com/awemeDetail/6851821935114931469", "digg_count": 1814, "digg_incr": 913, "aweme_create_time": 1595314116, "category": 6, "volume": 7, "amount": 419.3}, "author": {"author_id": "92509374904", "nickname": "泉州启晨鞋业有限公司", "follower_count": 58750}}, {"aweme": {"aweme_id": "6851868636798389518", "aweme_title": "#剖腹产三胎 顺产和剖腹产的妈妈都可以用的束腹带，我三胎了还在用！#产后妈妈 #产后恢复 @抖音小助手", "aweme_url": "https://www.iesdouyin.com/share/video/6851868636798389518/?region=CN&mid=6851868649540995853&u_code=0&titleType=title", "download_url": "https://www.chanmama.com/awemeDetail/6851868636798389518", "digg_count": 4056, "digg_incr": 897, "aweme_create_time": 1595324989, "category": 6, "volume": 0, "amount": 0}, "author": {"author_id": "106388560082", "nickname": "妈妈是超人🦸", "follower_count": 485486}}, {"aweme": {"aweme_id": "6851886175540628751", "aweme_title": "哇！好油腻的洗面奶😁😁😁", "aweme_url": "https://www.iesdouyin.com/share/video/6851886175540628751/?region=CN&mid=6750524201427337224&u_code=1h7f30l0i9ha&titleType=title", "download_url": "https://www.chanmama.com/awemeDetail/6851886175540628751", "digg_count": 1103, "digg_incr": 892, "aweme_create_time": 1595329089, "category": 6, "volume": 0, "amount": 0}, "author": {"author_id": "4503615901934184", "nickname": "闫帅和丸子头", "follower_count": 513110}}, {"aweme": {"aweme_id": "6851922747078020359", "aweme_title": "运动使人快乐！#舞蹈  很多宝宝们说芬同学瘦了瘦了瘦了，好开心啊！跟着海伦老师嗨皮大半年落😂", "aweme_url": "https://www.iesdouyin.com/share/video/6851922747078020359/?region=CN&mid=6851922769761487623&u_code=2kf531i7iek5&titleType=title", "download_url": "https://www.chanmama.com/awemeDetail/6851922747078020359", "digg_count": 1305, "digg_incr": 879, "aweme_create_time": 1595337586, "category": 6, "volume": 1, "amount": 188}, "author": {"author_id": "67763131057", "nickname": "芬同学", "follower_count": 68338}}, {"aweme": {"aweme_id": "6851751660503518472", "aweme_title": "学霸做不出来的作文题目竟然是……#学生党", "aweme_url": "https://www.iesdouyin.com/share/video/6851751660503518472/?region=CN&mid=6851751656661535496&u_code=0&titleType=title", "download_url": "https://www.chanmama.com/awemeDetail/6851751660503518472", "digg_count": 1653, "digg_incr": 877, "aweme_create_time": 1595297753, "category": 6, "volume": 0, "amount": 0}, "author": {"author_id": "3504895160760264", "nickname": "一起玩太空沙", "follower_count": 181288}}, {"aweme": {"aweme_id": "6851814182925421831", "aweme_title": "马上又到小宝宝入托入园的时候了 去年我也忙着给小猕做各种准备 这两个入园必备的再分享一次#入园准备 #好物推荐", "aweme_url": "https://www.iesdouyin.com/share/video/6851814182925421831/?region=CN&mid=6668215172131195655&u_code=0&titleType=title", "download_url": "https://www.chanmama.com/awemeDetail/6851814182925421831", "digg_count": 1253, "digg_incr": 877, "aweme_create_time": 1595312311, "category": 6, "volume": 63, "amount": 376.70000000000005}, "author": {"author_id": "101388188841", "nickname": "小猕麻麻", "follower_count": 335279}}, {"aweme": {"aweme_id": "6851890519132392719", "aweme_title": "姐妹们，跟我走吧！点头像正在直播👉", "aweme_url": "https://www.iesdouyin.com/share/video/6851890519132392719/?region=CN&mid=6851890536647822088&u_code=24lj60c7kgi7&titleType=title", "download_url": "https://www.chanmama.com/awemeDetail/6851890519132392719", "digg_count": 2439, "digg_incr": 873, "aweme_create_time": 1595330083, "category": 6, "volume": 0, "amount": 0}, "author": {"author_id": "1578532566736478", "nickname": "常熟市语曦服饰商行", "follower_count": 164119}}, {"aweme": {"aweme_id": "6851806365422243085", "aweme_title": "刚刚带去剪头发又被讨厌蚊子给咬了，还好家里备了紫草膏，消包止痒，赶紧给涂上，我买的68今天只要28👍", "aweme_url": "https://www.iesdouyin.com/share/video/6851806365422243085/?region=CN&mid=6851806349261687559&u_code=h956gag3ffl&titleType=title", "download_url": "https://www.chanmama.com/awemeDetail/6851806365422243085", "digg_count": 1080, "digg_incr": 865, "aweme_create_time": 1595310491, "category": 6, "volume": 2, "amount": 56}, "author": {"author_id": "76789689989", "nickname": "小小吴", "follower_count": 897571}}, {"aweme": {"aweme_id": "6851728821188562184", "aweme_title": "拼装积木来了#拼装积木 #717抖音奇妙好物市集 #积木 @DOU+小助手 @我要上热门！", "aweme_url": "https://www.iesdouyin.com/share/video/6851728821188562184/?region=CN&mid=6851728792503765767&u_code=0&titleType=title", "download_url": "https://www.chanmama.com/awemeDetail/6851728821188562184", "digg_count": 1762, "digg_incr": 850, "aweme_create_time": 1595292437, "category": 6, "volume": 131, "amount": 5619.9}, "author": {"author_id": "71834703395", "nickname": "义乌市蓓瑜服饰商行", "follower_count": 15513}}, {"aweme": {"aweme_id": "6851901353204256007", "aweme_title": "假如带娃有段位，你是青铜还是黄金？#充能计划 #lolita", "aweme_url": "https://www.iesdouyin.com/share/video/6851901353204256007/?region=CN&mid=6809822076740979468&u_code=0&titleType=title", "download_url": "https://www.chanmama.com/awemeDetail/6851901353204256007", "digg_count": 1644, "digg_incr": 849, "aweme_create_time": 1595332605, "category": 6, "volume": 0, "amount": 0}, "author": {"author_id": "59173303000", "nickname": "思梦", "follower_count": 235046}}, {"aweme": {"aweme_id": "6851690407202442496", "aweme_title": "这个玩具最近火了，我终于找到了，给你们也安排上了", "aweme_url": "https://www.iesdouyin.com/share/video/6851690407202442496/?region=CN&mid=6851690316152572680&u_code=26534c9bi103&titleType=title", "download_url": "https://www.chanmama.com/awemeDetail/6851690407202442496", "digg_count": 1076, "digg_incr": 842, "aweme_create_time": 1595283500, "category": 6, "volume": 0, "amount": 0}, "author": {"author_id": "70308097121", "nickname": "七月妈妈", "follower_count": 54213}}, {"aweme": {"aweme_id": "6851764421904125192", "aweme_title": "上个视频我问这只#沙雕鸭 能不能脱单？它给我带来一万点伤害，最终还是败给了我！哈哈 #沙雕日常 #玩具", "aweme_url": "https://www.iesdouyin.com/share/video/6851764421904125192/?region=CN&mid=6851764434361535245&u_code=0&titleType=title", "download_url": "https://www.chanmama.com/awemeDetail/6851764421904125192", "digg_count": 1051, "digg_incr": 837, "aweme_create_time": 1595300724, "category": 6, "volume": 4, "amount": 156}, "author": {"author_id": "108149980178", "nickname": "东三岁与九憨憨·💦", "follower_count": 202422}}, {"aweme": {"aweme_id": "6851753664437095693", "aweme_title": "太棒了👏爷爷艰辛烧制的建盏，今天终于开窖了，每只茶盏都好美好漂亮呀！爷爷开心地忘了疲惫的身躯#茶道与茶文化", "aweme_url": "https://www.iesdouyin.com/share/video/6851753664437095693/?region=CN&mid=5000000001050559403&u_code=1gb2j861imci&titleType=title", "download_url": "https://www.chanmama.com/awemeDetail/6851753664437095693", "digg_count": 1165, "digg_incr": 828, "aweme_create_time": 1595298220, "category": 6, "volume": 0, "amount": 0}, "author": {"author_id": "111591890598", "nickname": "非遗传承人", "follower_count": 25099}}, {"aweme": {"aweme_id": "6851894622520757504", "aweme_title": "#lolita 那天的雨下的比依萍和书桓相遇那晚还大#充能计划", "aweme_url": "https://www.iesdouyin.com/share/video/6851894622520757504/?region=CN&mid=6850004890133580558&u_code=0&titleType=title", "download_url": "https://www.chanmama.com/awemeDetail/6851894622520757504", "digg_count": 1302, "digg_incr": 819, "aweme_create_time": 1595331038, "category": 6, "volume": 0, "amount": 0}, "author": {"author_id": "59195416625", "nickname": "猫柚酱neko", "follower_count": 327365}}, {"aweme": {"aweme_id": "6851805501559278860", "aweme_title": "刚学会走路不扶着老摔，扶着太累腰，幸亏这个学步绳方便不累人#宝宝跳舞 #学步带", "aweme_url": "https://www.iesdouyin.com/share/video/6851805501559278860/?region=CN&mid=6792443804823014147&u_code=13h2b40ld9m7&titleType=title", "download_url": "https://www.chanmama.com/awemeDetail/6851805501559278860", "digg_count": 3192, "digg_incr": 809, "aweme_create_time": 1595310297, "category": 6, "volume": 2, "amount": 19.78}, "author": {"author_id": "4138192834136199", "nickname": "小鱼儿妈咪", "follower_count": 69271}}, {"aweme": {"aweme_id": "6851842714321865999", "aweme_title": "快和我一起来做一张欧式沙发吧🛋️#粘土教程   @抖音小助手", "aweme_url": "https://www.iesdouyin.com/share/video/6851842714321865999/?region=CN&mid=6841492789587364616&u_code=0&titleType=title", "download_url": "https://www.chanmama.com/awemeDetail/6851842714321865999", "digg_count": 2076, "digg_incr": 802, "aweme_create_time": 1595318953, "category": 6, "volume": 2, "amount": 39.8}, "author": {"author_id": "82916038909", "nickname": "红豆（粘土）", "follower_count": 825682}}, {"aweme": {"aweme_id": "6851713692426374400", "aweme_title": "是谁发明的这个仿真小鸡🐥，一开始我都以为是真的😂，宝宝见了居然也想跟着后面捉！还可以锻炼手眼灵活力😘", "aweme_url": "https://www.iesdouyin.com/share/video/6851713692426374400/?region=CN&mid=6851713641927232269&u_code=0&titleType=title", "download_url": "https://www.chanmama.com/awemeDetail/6851713692426374400", "digg_count": 1107, "digg_incr": 785, "aweme_create_time": 1595288915, "category": 6, "volume": 133, "amount": 1328.67}, "author": {"author_id": "3337730302939367", "nickname": "多宝麻麻", "follower_count": 256011}}, {"aweme": {"aweme_id": "6851850473083800846", "aweme_title": "#盲盒  #海贼王 海贼王半解剖系列来了！隐藏索隆帅还是原色帅呢 #隐藏", "aweme_url": "https://www.iesdouyin.com/share/video/6851850473083800846/?region=CN&mid=6851850803020368648&u_code=0&titleType=title", "download_url": "https://www.chanmama.com/awemeDetail/6851850473083800846", "digg_count": 2839, "digg_incr": 780, "aweme_create_time": 1595320831, "category": 6, "volume": 6, "amount": 474}, "author": {"author_id": "106790301648", "nickname": "小相守和初隐藏", "follower_count": 171899}}, {"aweme": {"aweme_id": "6851869463336291599", "aweme_title": "告诉你，不要动不动就叫我滚，我滚了就再也不会回来了，你好自为之吧#夫妻需要相互尊重#家庭地位 @抖音小助手", "aweme_url": "https://www.iesdouyin.com/share/video/6851869463336291599/?region=CN&mid=6678918840832854797&u_code=0&titleType=title", "download_url": "https://www.chanmama.com/awemeDetail/6851869463336291599", "digg_count": 1928, "digg_incr": 771, "aweme_create_time": 1595325181, "category": 6, "volume": 0, "amount": 0}, "author": {"author_id": "103722171454", "nickname": "芙蓉姐姐", "follower_count": 603131}}, {"aweme": {"aweme_id": "6851732602961841423", "aweme_title": "这个也太好玩了吧，老公花了一个月零花钱买的😂，还有护栏和遮阳板，即能当推车，还能当三轮车，关键我都能坐🐂", "aweme_url": "https://www.iesdouyin.com/share/video/6851732602961841423/?region=CN&mid=6827384612847667982&u_code=0&titleType=title", "download_url": "https://www.chanmama.com/awemeDetail/6851732602961841423", "digg_count": 1691, "digg_incr": 763, "aweme_create_time": 1595293317, "category": 6, "volume": 1, "amount": 228}, "author": {"author_id": "2141495976013885", "nickname": "欣怡妈妈", "follower_count": 253690}}, {"aweme": {"aweme_id": "6851772424489291020", "aweme_title": "网红几款奶瓶的区别你还知道些什么优缺点么快来评价里讨论吧，个人比较推荐hengen、各方面都比较优秀哦#奶瓶", "aweme_url": "https://www.iesdouyin.com/share/video/6851772424489291020/?region=CN&mid=6810234285556206344&u_code=1e86e3gfc222&titleType=title", "download_url": "https://www.chanmama.com/awemeDetail/6851772424489291020", "digg_count": 1896, "digg_incr": 759, "aweme_create_time": 1595302593, "category": 6, "volume": 1, "amount": 119}, "author": {"author_id": "1363020070524356", "nickname": "吉贝儿母婴用品店", "follower_count": 37136}}, {"aweme": {"aweme_id": "6851869454079528199", "aweme_title": "为人妻29年，为人母27年，曾经的姑娘，今天的阿姨，明天的姥姥，酸甜苦辣，细细品味#夫妻日常 @抖音小助手", "aweme_url": "https://www.iesdouyin.com/share/video/6851869454079528199/?region=CN&mid=6800715145213266696&u_code=0&titleType=title", "download_url": "https://www.chanmama.com/awemeDetail/6851869454079528199", "digg_count": 1014, "digg_incr": 755, "aweme_create_time": 1595325180, "category": 6, "volume": 0, "amount": 0}, "author": {"author_id": "81178433221", "nickname": "盘锦市兴隆台区姐妹服装店", "follower_count": 451049}}, {"aweme": {"aweme_id": "6851824968062225679", "aweme_title": "20多块钱的衣服，孕妇想买粉色，产检时候说是女孩，婆婆非要蓝色，说等将来二胎正好能接着穿！这样的婆婆……呵呵！", "aweme_url": "https://www.iesdouyin.com/share/video/6851824968062225679/?region=CN&mid=6734531155737034765&u_code=0&titleType=title", "download_url": "https://www.chanmama.com/awemeDetail/6851824968062225679", "digg_count": 1261, "digg_incr": 735, "aweme_create_time": 1595314822, "category": 6, "volume": 15, "amount": 448.5}, "author": {"author_id": "95506820893", "nickname": "呆萌兔婴幼", "follower_count": 16313}}, {"aweme": {"aweme_id": "6851601346987117824", "aweme_title": "人老腿先老，每天坚持锻炼小腿，#预防 腿部#寒凉 #抽筋 七十八十想去哪儿去哪#健康 #锻炼 #热门", "aweme_url": "https://www.iesdouyin.com/share/video/6851601346987117824/?region=CN&mid=6848509031313672968&u_code=0&titleType=title", "download_url": "https://www.chanmama.com/awemeDetail/6851601346987117824", "digg_count": 1137, "digg_incr": 727, "aweme_create_time": 1595262762, "category": 6, "volume": 57, "amount": 2223}, "author": {"author_id": "1978735318799216", "nickname": "健康小说", "follower_count": 338267}}, {"aweme": {"aweme_id": "6851551944415186183", "aweme_title": "#穿搭 我猜你十月份预产期，月子服都给你准备的妥妥了 #孕妇", "aweme_url": "https://www.iesdouyin.com/share/video/6851551944415186183/?region=CN&mid=6851552020554681095&u_code=2g9cfffeefe2&titleType=title", "download_url": "https://www.chanmama.com/awemeDetail/6851551944415186183", "digg_count": 2501, "digg_incr": 726, "aweme_create_time": 1595309040, "category": 6, "volume": 0, "amount": 0}, "author": {"author_id": "4446039058955789", "nickname": "aroom孕妇装日常", "follower_count": 139994}}, {"aweme": {"aweme_id": "6851869196612144384", "aweme_title": "我要的爱❤️只在你身上存在，今生相爱，余生有你，未来可期#热门 @抖音小助手 @DOU+小助手 #抱枕", "aweme_url": "https://www.iesdouyin.com/share/video/6851869196612144384/?region=CN&mid=6847745709240748039&u_code=0&titleType=title", "download_url": "https://www.chanmama.com/awemeDetail/6851869196612144384", "digg_count": 2000, "digg_incr": 705, "aweme_create_time": 1595325119, "category": 6, "volume": 23, "amount": 915.4}, "author": {"author_id": "59200171449", "nickname": "保定菲菲毛绒玩具", "follower_count": 197901}}, {"aweme": {"aweme_id": "6851732942465649920", "aweme_title": "孕38+，孕期最让我骄傲的是肚子上一条妊辰纹都没有，没长纹的秘诀全靠它，据说淡化修复作用也很明显哦#妊娠油", "aweme_url": "https://www.iesdouyin.com/share/video/6851732942465649920/?region=CN&mid=6770204278817590024&u_code=0&titleType=title", "download_url": "https://www.chanmama.com/awemeDetail/6851732942465649920", "digg_count": 3377, "digg_incr": 702, "aweme_create_time": 1595293396, "category": 6, "volume": 5, "amount": 199.5}, "author": {"author_id": "83544468208", "nickname": "蜜糖的麻麻", "follower_count": 6708}}, {"aweme": {"aweme_id": "6851768899818589444", "aweme_title": "#生活小技巧 废旧的口罩不浪费哦 宝宝们学会了吗？#爆款美鞋 #时尚穿搭", "aweme_url": "https://www.iesdouyin.com/share/video/6851768899818589444/?region=CN&mid=6758301325261622029&u_code=0&titleType=title", "download_url": "https://www.chanmama.com/awemeDetail/6851768899818589444", "digg_count": 1029, "digg_incr": 701, "aweme_create_time": 1595301773, "category": 6, "volume": 1, "amount": 59}, "author": {"author_id": "65575960191246", "nickname": "卓靓鞋业", "follower_count": 336487}}, {"aweme": {"aweme_id": "6851713856029478144", "aweme_title": "#我要上热门 #717奇妙好物在这里 好玩鲸鱼水杯！", "aweme_url": "https://www.iesdouyin.com/share/video/6851713856029478144/?region=CN&mid=6851713803105618695&u_code=0&titleType=title", "download_url": "https://www.chanmama.com/awemeDetail/6851713856029478144", "digg_count": 2492, "digg_incr": 690, "aweme_create_time": 1595288954, "category": 6, "volume": 72, "amount": 928.8000000000001}, "author": {"author_id": "76105493454", "nickname": "小晨带你扫库存", "follower_count": 476692}}, {"aweme": {"aweme_id": "6851912427475422468", "aweme_title": "#二次元公司的日常 #时之恋人 #cos 等一个王者选手来带带这个刘备弟弟~", "aweme_url": "https://www.iesdouyin.com/share/video/6851912427475422468/?region=CN&mid=6851912449286081294&u_code=0&titleType=title", "download_url": "https://www.chanmama.com/awemeDetail/6851912427475422468", "digg_count": 1194, "digg_incr": 654, "aweme_create_time": 1595335188, "category": 6, "volume": 0, "amount": 0}, "author": {"author_id": "63297448227", "nickname": "漫囧", "follower_count": 523646}}, {"aweme": {"aweme_id": "6851867138894859527", "aweme_title": "#小马宝莉 是什么吓跑了骏马呢？你知道吗？#动画 #小学生 #学生党 #游戏", "aweme_url": "https://www.iesdouyin.com/share/video/6851867138894859527/?region=CN&mid=6851867156456508168&u_code=2a11022gf09l&titleType=title", "download_url": "https://www.chanmama.com/awemeDetail/6851867138894859527", "digg_count": 1048, "digg_incr": 647, "aweme_create_time": 1595324639, "category": 6, "volume": 0, "amount": 0}, "author": {"author_id": "3808322603722568", "nickname": "果冻游戏家", "follower_count": 81544}}]}