{"data": [{"aweme": {"aweme_id": "6851874583318908171", "aweme_title": "没错，我就是那个杯子，隔壁老王用了后饮水量是平时的3倍，连闺蜜静静都深层补水了呢！#超大水杯 @DOU+小助手", "aweme_url": "https://www.iesdouyin.com/share/video/6851874583318908171/?region=CN&mid=6851874623278107406&u_code=i5hd8ml6f59&titleType=title", "download_url": "https://www.chanmama.com/awemeDetail/6851874583318908171", "digg_count": 258926, "digg_incr": 218828, "aweme_create_time": 1595326379, "category": 7, "volume": 13414, "amount": 401078.6}, "author": {"author_id": "78149423586", "nickname": "和谐三妹严选好物（杯子全力发货中）", "follower_count": 270623}}, {"aweme": {"aweme_id": "6851708743550389508", "aweme_title": "上班跳个舞，老板来了。开溜吧@抖音小助手 #搞笑视频 #上热门", "aweme_url": "https://www.iesdouyin.com/share/video/6851708743550389508/?region=CN&mid=6851708724323666695&u_code=i5hd8ml6f59&titleType=title", "download_url": "https://www.chanmama.com/awemeDetail/6851708743550389508", "digg_count": 189266, "digg_incr": 189470, "aweme_create_time": 1595287774, "category": 7, "volume": 47, "amount": 1363}, "author": {"author_id": "1679663518461197", "nickname": "大美姐", "follower_count": 69030}}, {"aweme": {"aweme_id": "6851579197152955661", "aweme_title": "六款选四双，入手一组这个夏天够穿了！爱了爱了 #老爹鞋  #松糕鞋  #帆布鞋", "aweme_url": "https://www.iesdouyin.com/share/video/6851579197152955661/?region=CN&mid=6851579309413780237&u_code=0&titleType=title", "download_url": "https://www.chanmama.com/awemeDetail/6851579197152955661", "digg_count": 297716, "digg_incr": 188274, "aweme_create_time": 1595278800, "category": 7, "volume": 1773, "amount": 175527}, "author": {"author_id": "94549880928", "nickname": "温州速缇女鞋", "follower_count": 589306}}, {"aweme": {"aweme_id": "6851896504756620555", "aweme_title": "你知道海带的颜色吗？", "aweme_url": "https://www.iesdouyin.com/share/video/6851896504756620555/?region=CN&mid=6851896556103944967&u_code=0&titleType=title", "download_url": "https://www.chanmama.com/awemeDetail/6851896504756620555", "digg_count": 60868, "digg_incr": 57931, "aweme_create_time": 1595331482, "category": 7, "volume": 553, "amount": 21567}, "author": {"author_id": "2506493448954072", "nickname": "小海凤在奋斗", "follower_count": 225706}}, {"aweme": {"aweme_id": "6851920217677860104", "aweme_title": "正在直播 来我直播间 看款式听价格 一个也是批发", "aweme_url": "https://www.iesdouyin.com/share/video/6851920217677860104/?region=CN&mid=6851920239224556296&u_code=0&titleType=title", "download_url": "https://www.chanmama.com/awemeDetail/6851920217677860104", "digg_count": 34078, "digg_incr": 33938, "aweme_create_time": 1595336997, "category": 7, "volume": 0, "amount": 0}, "author": {"author_id": "2809944184205011", "nickname": "小智工厂皮具", "follower_count": 252135}}, {"aweme": {"aweme_id": "6851630511928904974", "aweme_title": "100多满满一大箱牛排，还送了煎锅和刀叉，10包黑胡椒酱，真的很划算！#牛排", "aweme_url": "https://www.iesdouyin.com/share/video/6851630511928904974/?region=CN&mid=6806554738910316552&u_code=0&titleType=title", "download_url": "https://www.chanmama.com/awemeDetail/6851630511928904974", "digg_count": 33196, "digg_incr": 33263, "aweme_create_time": 1595269564, "category": 7, "volume": 248, "amount": 36704}, "author": {"author_id": "103137549774", "nickname": "爱生活的小叮咚", "follower_count": 366128}}, {"aweme": {"aweme_id": "6851458425562483981", "aweme_title": "#海扁王2 帅气小萝莉莫瑞兹", "aweme_url": "https://www.iesdouyin.com/share/video/6851458425562483981/?region=CN&mid=6851458869118405389&u_code=27l4hke24855&titleType=title", "download_url": "https://www.chanmama.com/awemeDetail/6851458425562483981", "digg_count": 42227, "digg_incr": 31805, "aweme_create_time": 1595323200, "category": 7, "volume": 0, "amount": 0}, "author": {"author_id": "3337142293", "nickname": "电影知音", "follower_count": 31708}}, {"aweme": {"aweme_id": "6851857866182249742", "aweme_title": "高寿老人的笑容温暖了大山；温暖了绿水；温暖着王子清一次又一次去给老人送温暖、献爱心。愿我的#爱心 #温暖世界", "aweme_url": "https://www.iesdouyin.com/share/video/6851857866182249742/?region=CN&mid=6851857896591182606&u_code=0&titleType=title", "download_url": "https://www.chanmama.com/awemeDetail/6851857866182249742", "digg_count": 28914, "digg_incr": 27741, "aweme_create_time": 1595322482, "category": 7, "volume": 29, "amount": 174}, "author": {"author_id": "103356234913", "nickname": "赶马商城APP", "follower_count": 731784}}, {"aweme": {"aweme_id": "6851745970099637518", "aweme_title": "朋友们老婆一直问我怎么去超市，这下你知道了吧", "aweme_url": "https://www.iesdouyin.com/share/video/6851745970099637518/?region=CN&mid=6851745995827940109&u_code=0&titleType=title", "download_url": "https://www.chanmama.com/awemeDetail/6851745970099637518", "digg_count": 21201, "digg_incr": 21207, "aweme_create_time": 1595296429, "category": 7, "volume": 1566, "amount": 15503.400000000001}, "author": {"author_id": "3896324404030551", "nickname": "无爱。", "follower_count": 0}}, {"aweme": {"aweme_id": "6851882528484101391", "aweme_title": "酒席上没有吃完的菜，你用什么理由打包回家！#酒席#搞笑@DOU+小助手", "aweme_url": "https://www.iesdouyin.com/share/video/6851882528484101391/?region=CN&mid=6851882563142028045&u_code=0&titleType=title", "download_url": "https://www.chanmama.com/awemeDetail/6851882528484101391", "digg_count": 26738, "digg_incr": 20415, "aweme_create_time": 1595328223, "category": 7, "volume": 251, "amount": 10014.9}, "author": {"author_id": "75770274254", "nickname": "杨队长", "follower_count": 821850}}, {"aweme": {"aweme_id": "6851938040970054927", "aweme_title": "哥哥命太苦了，我来替他说吧！谢谢大家支持和鼓励！#我是农民的儿 #沙地蜜薯 #越努力越幸运", "aweme_url": "https://www.iesdouyin.com/share/video/6851938040970054927/?region=CN&mid=6851938054086003469&u_code=0&titleType=title", "download_url": "https://www.chanmama.com/awemeDetail/6851938040970054927", "digg_count": 19901, "digg_incr": 19911, "aweme_create_time": 1595341147, "category": 7, "volume": 1, "amount": 9.9}, "author": {"author_id": "3474089081312958", "nickname": "果真甜蜜土特产", "follower_count": 100977}}, {"aweme": {"aweme_id": "6851879592572046605", "aweme_title": "#717奇妙好物 #吃芒果 攀枝花凯特大芒果成熟了，个大饱满 好吃还不gui 你确定不尝尝", "aweme_url": "https://www.iesdouyin.com/share/video/6851879592572046605/?region=CN&mid=6851879599480032007&u_code=0&titleType=title", "download_url": "https://www.chanmama.com/awemeDetail/6851879592572046605", "digg_count": 18301, "digg_incr": 18305, "aweme_create_time": 1595327540, "category": 7, "volume": 87, "amount": 1731.3}, "author": {"author_id": "2704404522745390", "nickname": "伊泽水果坊", "follower_count": 399478}}, {"aweme": {"aweme_id": "6851743130694257934", "aweme_title": "适量燕麦，岩牛两块，坚果一袋，味道哇塞！", "aweme_url": "https://www.iesdouyin.com/share/video/6851743130694257934/?region=CN&mid=6851743141314202376&u_code=0&titleType=title", "download_url": "https://www.chanmama.com/awemeDetail/6851743130694257934", "digg_count": 19079, "digg_incr": 18062, "aweme_create_time": 1595295768, "category": 7, "volume": 10, "amount": 1290}, "author": {"author_id": "62512577262", "nickname": "秃顶吴彦祖", "follower_count": 242708}}, {"aweme": {"aweme_id": "6851837754985205000", "aweme_title": "大家看需求购买 超甜🤣 坏果及时联系我们包赔@DOU+小助手", "aweme_url": "https://www.iesdouyin.com/share/video/6851837754985205000/?region=CN&mid=6851837774977256205&u_code=0&titleType=title", "download_url": "https://www.chanmama.com/awemeDetail/6851837754985205000", "digg_count": 21140, "digg_incr": 17498, "aweme_create_time": 1595317799, "category": 7, "volume": 822, "amount": 22029.600000000002}, "author": {"author_id": "95921998276", "nickname": "小芒宁", "follower_count": 651464}}, {"aweme": {"aweme_id": "6851902297585241358", "aweme_title": "快速鉴别优质#奶粉 ，这三招码住！简单实用的小技巧，轻松get营养丰富、口感醇美的好奶粉！@抖音小助手", "aweme_url": "https://www.iesdouyin.com/share/video/6851902297585241358/?region=CN&mid=6834731179426450183&u_code=0&titleType=title", "download_url": "https://www.chanmama.com/awemeDetail/6851902297585241358", "digg_count": 26048, "digg_incr": 16476, "aweme_create_time": 1595332825, "category": 7, "volume": 0, "amount": 0}, "author": {"author_id": "82732832869", "nickname": "安佳", "follower_count": 430762}}, {"aweme": {"aweme_id": "6851808686130728207", "aweme_title": "酥脆鲜香，好吃低脂，当零食它不香吗#低脂 #零食", "aweme_url": "https://www.iesdouyin.com/share/video/6851808686130728207/?region=CN&mid=6851808682213182222&u_code=3kdelm5bhed4&titleType=title", "download_url": "https://www.chanmama.com/awemeDetail/6851808686130728207", "digg_count": 15586, "digg_incr": 15599, "aweme_create_time": 1595311031, "category": 7, "volume": 1, "amount": 19.9}, "author": {"author_id": "98564639771", "nickname": "笑笑爱吃小黄鱼", "follower_count": 82750}}, {"aweme": {"aweme_id": "6851768067811249421", "aweme_title": "这么做是挺好的", "aweme_url": "https://www.iesdouyin.com/share/video/6851768067811249421/?region=CN&mid=6851768067329280776&u_code=d3cj78d2g00&titleType=title", "download_url": "https://www.chanmama.com/awemeDetail/6851768067811249421", "digg_count": 16400, "digg_incr": 15267, "aweme_create_time": 1595301573, "category": 7, "volume": 57, "amount": 2274.2999999999997}, "author": {"author_id": "104958503756", "nickname": "王赫", "follower_count": 692555}}, {"aweme": {"aweme_id": "6851716680473791747", "aweme_title": "小龙虾螺蛳粉有没有小龙虾？  #美食 #抖音小助手", "aweme_url": "https://www.iesdouyin.com/share/video/6851716680473791747/?region=CN&mid=6851716693262174990&u_code=0&titleType=title", "download_url": "https://www.chanmama.com/awemeDetail/6851716680473791747", "digg_count": 19511, "digg_incr": 14340, "aweme_create_time": 1595289620, "category": 7, "volume": 2, "amount": 89.4}, "author": {"author_id": "106767974928", "nickname": "侯先森", "follower_count": 975033}}, {"aweme": {"aweme_id": "6851849212892613900", "aweme_title": "我们家孩子不爱吃米饭，加上这个能多吃一碗", "aweme_url": "https://www.iesdouyin.com/share/video/6851849212892613900/?region=CN&mid=6851849248003525389&u_code=0&titleType=title", "download_url": "https://www.chanmama.com/awemeDetail/6851849212892613900", "digg_count": 24227, "digg_incr": 13333, "aweme_create_time": 1595320474, "category": 7, "volume": 5, "amount": 138.95}, "author": {"author_id": "106680375369", "nickname": "大脸曼", "follower_count": 182352}}, {"aweme": {"aweme_id": "6851833687311518983", "aweme_title": "反蹭饭5 小胖防不胜防 最后总得留一手啊 #乡村美食  @DOU+小助手", "aweme_url": "https://www.iesdouyin.com/share/video/6851833687311518983/?region=CN&mid=6851833780789971726&u_code=39cg4d6b9039&titleType=title", "download_url": "https://www.chanmama.com/awemeDetail/6851833687311518983", "digg_count": 15172, "digg_incr": 12656, "aweme_create_time": 1595316867, "category": 7, "volume": 181, "amount": 4307.8}, "author": {"author_id": "606584290159476", "nickname": "湘村饭菜", "follower_count": 37134}}, {"aweme": {"aweme_id": "6851426918328274184", "aweme_title": "网友送来的笔记泥到了、听听奶奶试穿后的感受。。(捂脸)", "aweme_url": "https://www.iesdouyin.com/share/video/6851426918328274184/?region=CN&mid=6851427056106883848&u_code=0&titleType=title", "download_url": "https://www.chanmama.com/awemeDetail/6851426918328274184", "digg_count": 15316, "digg_incr": 12405, "aweme_create_time": 1595289600, "category": 7, "volume": 102, "amount": 4457.400000000001}, "author": {"author_id": "102667548311", "nickname": "彩兰的生活日记", "follower_count": 428680}}, {"aweme": {"aweme_id": "6851874873489378575", "aweme_title": "俗话说，闻起臭，吃起香，千万不要给鼻子反应的时间#无尽挑战 吃午餐肉的第388天！#搞点美食717", "aweme_url": "https://www.iesdouyin.com/share/video/6851874873489378575/?region=CN&mid=6751320470638936072&u_code=0&titleType=title", "download_url": "https://www.chanmama.com/awemeDetail/6851874873489378575", "digg_count": 14772, "digg_incr": 12066, "aweme_create_time": 1595326441, "category": 7, "volume": 13, "amount": 453.7}, "author": {"author_id": "110667353814", "nickname": "午餐肉艺术家葛世贤", "follower_count": 438514}}, {"aweme": {"aweme_id": "6851831486019079431", "aweme_title": "#正在直播中点头像进来吧 #717奇妙好物", "aweme_url": "https://www.iesdouyin.com/share/video/6851831486019079431/?region=CN&mid=6851831510228536078&u_code=4f9k15f5gma9&titleType=title", "download_url": "https://www.chanmama.com/awemeDetail/6851831486019079431", "digg_count": 12087, "digg_incr": 12053, "aweme_create_time": 1595316339, "category": 7, "volume": 59, "amount": 1174.1}, "author": {"author_id": "2704404522745390", "nickname": "伊泽水果坊", "follower_count": 399478}}, {"aweme": {"aweme_id": "6851863529616592136", "aweme_title": "就这么一小片，你看看够不够你吃啊？你有可能还真吃不了哦。不信你就看看！", "aweme_url": "https://www.iesdouyin.com/share/video/6851863529616592136/?region=CN&mid=6851863622839552781&u_code=0&titleType=title", "download_url": "https://www.chanmama.com/awemeDetail/6851863529616592136", "digg_count": 400804, "digg_incr": 10929, "aweme_create_time": 1595323816, "category": 7, "volume": 15, "amount": 390}, "author": {"author_id": "3715999428250878", "nickname": "日照伟宏水产商行", "follower_count": 60692}}, {"aweme": {"aweme_id": "6851895837438561543", "aweme_title": "你们偷吃东西的速度也有弟弟这么快吗？#减肥 #男人的家庭地位#👭闺蜜", "aweme_url": "https://www.iesdouyin.com/share/video/6851895837438561543/?region=CN&mid=6851895860436028167&u_code=1g18423hba7m&titleType=title", "download_url": "https://www.chanmama.com/awemeDetail/6851895837438561543", "digg_count": 11154, "digg_incr": 10856, "aweme_create_time": 1595331321, "category": 7, "volume": 52, "amount": 2594.7999999999997}, "author": {"author_id": "63106621152", "nickname": "就是张佳琪八点直播", "follower_count": 721347}}, {"aweme": {"aweme_id": "6851773025168133384", "aweme_title": "#717抖音嗨吃节 #全民dou爱吃 #纸皮核桃 @DOU+小助手", "aweme_url": "https://www.iesdouyin.com/share/video/6851773025168133384/?region=CN&mid=6851773034484026126&u_code=3g7mbdlh3gcl&titleType=title", "download_url": "https://www.chanmama.com/awemeDetail/6851773025168133384", "digg_count": 10861, "digg_incr": 10824, "aweme_create_time": 1595302727, "category": 7, "volume": 0, "amount": 0}, "author": {"author_id": "76189391338", "nickname": "鑫盛铭果新疆特产", "follower_count": 230259}}, {"aweme": {"aweme_id": "6851801839759838472", "aweme_title": "若有一天，你的情绪，不能用语言说出来，那就抬头看看天空吧！它那么大，一定可以包容你所有的难过和委屈#90后宝妈", "aweme_url": "https://www.iesdouyin.com/share/video/6851801839759838472/?region=CN&mid=6851693455414889223&u_code=294bg9c3e87k&titleType=title", "download_url": "https://www.chanmama.com/awemeDetail/6851801839759838472", "digg_count": 9633, "digg_incr": 9719, "aweme_create_time": 1595309436, "category": 7, "volume": 21, "amount": 357}, "author": {"author_id": "69900626241", "nickname": "陈思", "follower_count": 13453}}, {"aweme": {"aweme_id": "6851762611940330755", "aweme_title": "成功不是击败别人，而是改变自己。#手艺人 #钣金喷漆", "aweme_url": "https://www.iesdouyin.com/share/video/6851762611940330755/?region=CN&mid=6851762672132803336&u_code=0&titleType=title", "download_url": "https://www.chanmama.com/awemeDetail/6851762611940330755", "digg_count": 15656, "digg_incr": 9712, "aweme_create_time": 1595300309, "category": 7, "volume": 13, "amount": 455}, "author": {"author_id": "1692881472466247", "nickname": "驻马店市汇丰汽车销售维修服务", "follower_count": 131324}}, {"aweme": {"aweme_id": "6851792278302838030", "aweme_title": "#童装热门 #抖音小助@DOU+小助手 洋气妈妈必须要带出洋气孩子，出门别人都想多看几眼洋气母子「女」", "aweme_url": "https://www.iesdouyin.com/share/video/6851792278302838030/?region=CN&mid=6851792262414813960&u_code=0&titleType=title", "download_url": "https://www.chanmama.com/awemeDetail/6851792278302838030", "digg_count": 11057, "digg_incr": 9649, "aweme_create_time": 1595307210, "category": 7, "volume": 1, "amount": 66}, "author": {"author_id": "109226939129", "nickname": "小夏家精品童装", "follower_count": 50200}}, {"aweme": {"aweme_id": "6851701366016986380", "aweme_title": "#我为家乡农产品代言 #携手助农 #农民种地不容易 #感谢抖音小助手 #感谢抖音感谢抖音平台", "aweme_url": "https://www.iesdouyin.com/share/video/6851701366016986380/?region=CN&mid=6851701340402830087&u_code=27ba316fe96e&titleType=title", "download_url": "https://www.chanmama.com/awemeDetail/6851701366016986380", "digg_count": 9707, "digg_incr": 9617, "aweme_create_time": 1595286057, "category": 7, "volume": 1, "amount": 38.8}, "author": {"author_id": "2220646400264988", "nickname": "连丰助农", "follower_count": 55814}}, {"aweme": {"aweme_id": "6851841272861248768", "aweme_title": "哥哥姐姐喜欢吃芒果 来攀枝花我请们吃芒果#攀枝花彩虹芒果 #直播 #川货dou起来", "aweme_url": "https://www.iesdouyin.com/share/video/6851841272861248768/?region=CN&mid=6851841277575924494&u_code=1377ij98lige&titleType=title", "download_url": "https://www.chanmama.com/awemeDetail/6851841272861248768", "digg_count": 9586, "digg_incr": 9586, "aweme_create_time": 1595318618, "category": 7, "volume": 29, "amount": 487.20000000000005}, "author": {"author_id": "1750053821360640", "nickname": "一方水土水果", "follower_count": 134217}}, {"aweme": {"aweme_id": "6851855232322817280", "aweme_title": "这个新鲜制作，肉质肥美的鲍鱼我也太爱了吧～#美食趣胃计划 @DOU+小助手 #鲍鱼", "aweme_url": "https://www.iesdouyin.com/share/video/6851855232322817280/?region=CN&mid=6851855240124320525&u_code=27l4hke24855&titleType=title", "download_url": "https://www.chanmama.com/awemeDetail/6851855232322817280", "digg_count": 12489, "digg_incr": 9290, "aweme_create_time": 1595321868, "category": 7, "volume": 114, "amount": 3294.6}, "author": {"author_id": "3443310588082094", "nickname": "👆28.9两罐新鲜鲍鱼", "follower_count": 10976}}, {"aweme": {"aweme_id": "6851889247419469071", "aweme_title": "麻辣爽口，新鲜制作的鲍鱼#鲍鱼 #美食 @DOU+小助手", "aweme_url": "https://www.iesdouyin.com/share/video/6851889247419469071/?region=CN&mid=6851889254071585549&u_code=i5hd90h2gbh&titleType=title", "download_url": "https://www.chanmama.com/awemeDetail/6851889247419469071", "digg_count": 13436, "digg_incr": 9244, "aweme_create_time": 1595329787, "category": 7, "volume": 83, "amount": 2398.7}, "author": {"author_id": "2123880899808957", "nickname": "⬆️两罐28.9新鲜制作鲍鱼", "follower_count": 18367}}, {"aweme": {"aweme_id": "6851886825234058511", "aweme_title": "以后请不要说我狠，曾经我比谁都善良过，但是一个个把我当傻子，现实教会我好心没好报，该狠就得狠，人善被人欺", "aweme_url": "https://www.iesdouyin.com/share/video/6851886825234058511/?region=CN&mid=6839271222946188040&u_code=0&titleType=title", "download_url": "https://www.chanmama.com/awemeDetail/6851886825234058511", "digg_count": 9208, "digg_incr": 8761, "aweme_create_time": 1595329223, "category": 7, "volume": 2, "amount": 55.8}, "author": {"author_id": "104273206332", "nickname": "记录我们的点点滴滴", "follower_count": 202998}}, {"aweme": {"aweme_id": "6851770804019924237", "aweme_title": "老板：我太难了#生活对我下手了 #抖音上买的好东西 #每日坚果", "aweme_url": "https://www.iesdouyin.com/share/video/6851770804019924237/?region=CN&mid=6851770819278932743&u_code=1jab7km8580h&titleType=title", "download_url": "https://www.chanmama.com/awemeDetail/6851770804019924237", "digg_count": 7315, "digg_incr": 7328, "aweme_create_time": 1595302210, "category": 7, "volume": 448, "amount": 10707.199999999999}, "author": {"author_id": "2471311434581696", "nickname": "宝儿爱零食", "follower_count": 25143}}, {"aweme": {"aweme_id": "6851823945730018575", "aweme_title": "脾虚会变老，叫你一招调理#中医养生 #食疗养生", "aweme_url": "https://www.iesdouyin.com/share/video/6851823945730018575/?region=CN&mid=6851823953023929101&u_code=0&titleType=title", "download_url": "https://www.chanmama.com/awemeDetail/6851823945730018575", "digg_count": 7764, "digg_incr": 7249, "aweme_create_time": 1595314584, "category": 7, "volume": 52, "amount": 1554.8}, "author": {"author_id": "870465339132112", "nickname": "中医陈琦医生", "follower_count": 492449}}, {"aweme": {"aweme_id": "6851793521704258816", "aweme_title": "#果味相投一起混 #金坛茅山dou起来 #糖果 #云台山电音节", "aweme_url": "https://www.iesdouyin.com/share/video/6851793521704258816/?region=CN&mid=6851793532274510605&u_code=0&titleType=title", "download_url": "https://www.chanmama.com/awemeDetail/6851793521704258816", "digg_count": 8000, "digg_incr": 7088, "aweme_create_time": 1595307500, "category": 7, "volume": 96, "amount": 3648}, "author": {"author_id": "2612059918578224", "nickname": "赣榆区海头镇王程玲海鲜经营部", "follower_count": 392168}}, {"aweme": {"aweme_id": "6851898746142199047", "aweme_title": "#帕梅拉燃脂 帕梅拉被你们练成怕没了@DOU+小助手", "aweme_url": "https://www.iesdouyin.com/share/video/6851898746142199047/?region=CN&mid=6851898834441341703&u_code=0&titleType=title", "download_url": "https://www.chanmama.com/awemeDetail/6851898746142199047", "digg_count": 8867, "digg_incr": 7065, "aweme_create_time": 1595332015, "category": 7, "volume": 3, "amount": 804}, "author": {"author_id": "70329619408", "nickname": "斯巴达光Ethan（19：30直播训训练", "follower_count": 223919}}, {"aweme": {"aweme_id": "6851740522067938572", "aweme_title": "#感谢抖音平台传递正能量 @DOU+小助手", "aweme_url": "https://www.iesdouyin.com/share/video/6851740522067938572/?region=CN&mid=6827461898772138765&u_code=2g9cfffeefe2&titleType=title", "download_url": "https://www.chanmama.com/awemeDetail/6851740522067938572", "digg_count": 7270, "digg_incr": 6943, "aweme_create_time": 1595295168, "category": 7, "volume": 0, "amount": 0}, "author": {"author_id": "57540769533", "nickname": "飞哥《🔥》", "follower_count": 56746}}, {"aweme": {"aweme_id": "6851887512563027200", "aweme_title": "快点吧，我等的花都谢了。", "aweme_url": "https://www.iesdouyin.com/share/video/6851887512563027200/?region=CN&mid=6851887523325594375&u_code=2g9cfffeefe2&titleType=title", "download_url": "https://www.chanmama.com/awemeDetail/6851887512563027200", "digg_count": 8619, "digg_incr": 6929, "aweme_create_time": 1595329383, "category": 7, "volume": 97, "amount": 4350.8}, "author": {"author_id": "101815594335", "nickname": "果果皮儿", "follower_count": 69851}}, {"aweme": {"aweme_id": "6851809858753236224", "aweme_title": "#民勤蜜瓜 #直播间 #直播间不见不散", "aweme_url": "https://www.iesdouyin.com/share/video/6851809858753236224/?region=CN&mid=6851809862687542023&u_code=0&titleType=title", "download_url": "https://www.chanmama.com/awemeDetail/6851809858753236224", "digg_count": 6817, "digg_incr": 6817, "aweme_create_time": 1595311304, "category": 7, "volume": 0, "amount": 0}, "author": {"author_id": "100802406661566", "nickname": "美美农场", "follower_count": 53754}}, {"aweme": {"aweme_id": "6851874784507071757", "aweme_title": "“金无足赤，人无完人”！勿笑我痴，勿笑我疯，面对伤痛我们不得不坚强！#热门 @抖音小助手", "aweme_url": "https://www.iesdouyin.com/share/video/6851874784507071757/?region=CN&mid=6838930295215885067&u_code=0&titleType=title", "download_url": "https://www.chanmama.com/awemeDetail/6851874784507071757", "digg_count": 8219, "digg_incr": 6702, "aweme_create_time": 1595326420, "category": 7, "volume": 0, "amount": 0}, "author": {"author_id": "110954722440", "nickname": "友叔", "follower_count": 472459}}, {"aweme": {"aweme_id": "6851907592835353856", "aweme_title": "人与人的信任呢？不接受口头预定了！#我想上热搜抖音小助手 #我想上热搜 #上热门@企业号小助手", "aweme_url": "https://www.iesdouyin.com/share/video/6851907592835353856/?region=CN&mid=6833330496110349070&u_code=3g7mc048mkhe&titleType=title", "download_url": "https://www.chanmama.com/awemeDetail/6851907592835353856", "digg_count": 7849, "digg_incr": 6618, "aweme_create_time": 1595334058, "category": 7, "volume": 0, "amount": 0}, "author": {"author_id": "84546454762", "nickname": "宝雕机车🏍️小马哥", "follower_count": 45174}}, {"aweme": {"aweme_id": "6851799587951234307", "aweme_title": "今天发了四千工资，下班买了半斤虾，犒劳自己工作辛苦，一个人的充实美好，快乐其实很简单～", "aweme_url": "https://www.iesdouyin.com/share/video/6851799587951234307/?region=CN&mid=6851799622395300616&u_code=0&titleType=title", "download_url": "https://www.chanmama.com/awemeDetail/6851799587951234307", "digg_count": 9448, "digg_incr": 6546, "aweme_create_time": 1595328900, "category": 7, "volume": 1, "amount": 138}, "author": {"author_id": "58808910328", "nickname": "地理课代表", "follower_count": 341684}}, {"aweme": {"aweme_id": "6851793477584440584", "aweme_title": "草饲牛肉，口口上头啊！", "aweme_url": "https://www.iesdouyin.com/share/video/6851793477584440584/?region=CN&mid=6706783948791401224&u_code=d3cj78d2g00&titleType=title", "download_url": "https://www.chanmama.com/awemeDetail/6851793477584440584", "digg_count": 6645, "digg_incr": 6528, "aweme_create_time": 1595307490, "category": 7, "volume": 95, "amount": 13965}, "author": {"author_id": "109012974638", "nickname": "贫穷玩家", "follower_count": 688230}}, {"aweme": {"aweme_id": "6851756491867753732", "aweme_title": "女孩记住，不要欠别人的任何免费得来的将来都要加倍偿还#正能量 #琨哥 #婚姻 抖音小助手", "aweme_url": "https://www.iesdouyin.com/share/video/6851756491867753732/?region=CN&mid=6851756534368586510&u_code=379jm8h3l53m&titleType=title", "download_url": "https://www.chanmama.com/awemeDetail/6851756491867753732", "digg_count": 29531, "digg_incr": 6303, "aweme_create_time": 1595298884, "category": 7, "volume": 2, "amount": 0.2}, "author": {"author_id": "3843519042822807", "nickname": "王琨老师", "follower_count": 33071}}, {"aweme": {"aweme_id": "6851738533560929550", "aweme_title": "我曾经以为，长大是一件很酷的事情，可以自由自在地做自己，想干嘛就干嘛，后来......身不由己", "aweme_url": "https://www.iesdouyin.com/share/video/6851738533560929550/?region=CN&mid=6851738520399268615&u_code=1kgi6h6afg08&titleType=title", "download_url": "https://www.chanmama.com/awemeDetail/6851738533560929550", "digg_count": 6795, "digg_incr": 6233, "aweme_create_time": 1595294698, "category": 7, "volume": 57, "amount": 9063}, "author": {"author_id": "97278565605", "nickname": "沐爷潮搭", "follower_count": 41215}}, {"aweme": {"aweme_id": "6851792071385271567", "aweme_title": "砀山皇冠梨口感确实杠杠滴 好吃滴杨🐻样！😂@抖音小助手 @DOU+小助手", "aweme_url": "https://www.iesdouyin.com/share/video/6851792071385271567/?region=CN&mid=6851792094502750989&u_code=0&titleType=title", "download_url": "https://www.chanmama.com/awemeDetail/6851792071385271567", "digg_count": 6588, "digg_incr": 6100, "aweme_create_time": 1595307162, "category": 7, "volume": 0, "amount": 0}, "author": {"author_id": "87572051519", "nickname": "阜阳秦妮", "follower_count": 383015}}, {"aweme": {"aweme_id": "6851913058755890440", "aweme_title": "我吃海螺就喜欢一口吞，有苦我不说，要不要试试看？#全民dou爱吃 #玛莎拉蒂锋芒玩家", "aweme_url": "https://www.iesdouyin.com/share/video/6851913058755890440/?region=CN&mid=6851913568725175047&u_code=0&titleType=title", "download_url": "https://www.chanmama.com/awemeDetail/6851913058755890440", "digg_count": 265545, "digg_incr": 5887, "aweme_create_time": 1595335331, "category": 7, "volume": 30, "amount": 2640}, "author": {"author_id": "3575267387259444", "nickname": "金庆海鲜产地直发", "follower_count": 573808}}, {"aweme": {"aweme_id": "6851880302445350158", "aweme_title": "媳妇给做的驴头，还有冰镇冷面简单吃一口#美食 #吃播 #驴肉", "aweme_url": "https://www.iesdouyin.com/share/video/6851880302445350158/?region=CN&mid=6851880326412061448&u_code=1m024hjf7ajd&titleType=title", "download_url": "https://www.chanmama.com/awemeDetail/6851880302445350158", "digg_count": 5881, "digg_incr": 5881, "aweme_create_time": 1595327704, "category": 7, "volume": 11, "amount": 548.9}, "author": {"author_id": "93516683002", "nickname": "爱吃家常菜得胖嘟", "follower_count": 822476}}, {"aweme": {"aweme_id": "6851741379580775680", "aweme_title": "吃牛排一定要吃原切牛排，喜欢吃的朋友别忘了点亮小红心", "aweme_url": "https://www.iesdouyin.com/share/video/6851741379580775680/?region=CN&mid=6851741383510854407&u_code=294bg9c3e87k&titleType=title", "download_url": "https://www.chanmama.com/awemeDetail/6851741379580775680", "digg_count": 6003, "digg_incr": 5857, "aweme_create_time": 1595295360, "category": 7, "volume": 3, "amount": 297}, "author": {"author_id": "92336228302", "nickname": "昌磊海鲜", "follower_count": 44970}}, {"aweme": {"aweme_id": "6851900001111510283", "aweme_title": "#陕北民歌 #陕北酸曲酸死个人 天上无云不下雨，我没有呀一阵说不想你", "aweme_url": "https://www.iesdouyin.com/share/video/6851900001111510283/?region=CN&mid=6851166739126094606&u_code=0&titleType=title", "download_url": "https://www.chanmama.com/awemeDetail/6851900001111510283", "digg_count": 7576, "digg_incr": 5766, "aweme_create_time": 1595332295, "category": 7, "volume": 0, "amount": 0}, "author": {"author_id": "109582461128", "nickname": "a北染陌人", "follower_count": 255229}}, {"aweme": {"aweme_id": "6851870624457968911", "aweme_title": "#健康 #运动 每天走10000步，就是健康养生行为吗？@神经内科何主任", "aweme_url": "https://www.iesdouyin.com/share/video/6851870624457968911/?region=CN&mid=6851870652090157838&u_code=0&titleType=title", "download_url": "https://www.chanmama.com/awemeDetail/6851870624457968911", "digg_count": 5798, "digg_incr": 5719, "aweme_create_time": 1595325451, "category": 7, "volume": 0, "amount": 0}, "author": {"author_id": "97186565525", "nickname": "心脏科吴主任", "follower_count": 415205}}, {"aweme": {"aweme_id": "6851686240425659659", "aweme_title": "别拔拉了姐姐，住我这儿吧，天天吃苹果", "aweme_url": "https://www.iesdouyin.com/share/video/6851686240425659659/?region=CN&mid=6851457139647449870&u_code=27l4hke24855&titleType=title", "download_url": "https://www.chanmama.com/awemeDetail/6851686240425659659", "digg_count": 8220, "digg_incr": 5706, "aweme_create_time": 1595282548, "category": 7, "volume": 0, "amount": 0}, "author": {"author_id": "2013944011565352", "nickname": "单身暖哥", "follower_count": 29421}}, {"aweme": {"aweme_id": "6851908398825442573", "aweme_title": "怕个毛线，又不是我一个人卖不出去#自热火锅 #美食趣胃计划", "aweme_url": "https://www.iesdouyin.com/share/video/6851908398825442573/?region=CN&mid=6848574655746378510&u_code=0&titleType=title", "download_url": "https://www.chanmama.com/awemeDetail/6851908398825442573", "digg_count": 29216, "digg_incr": 5658, "aweme_create_time": 1595334246, "category": 7, "volume": 8, "amount": 54.4}, "author": {"author_id": "95720609163", "nickname": "自热火锅是美食（直播秒杀）", "follower_count": 165653}}, {"aweme": {"aweme_id": "6851898416377629952", "aweme_title": "花姐家的坚果大列巴，你吃过吗？#717抖音奇妙好物市集 #老味道 #一起揉揉小肚子 @DOU+小助手", "aweme_url": "https://www.iesdouyin.com/share/video/6851898416377629952/?region=CN&mid=6851898423482878728&u_code=0&titleType=title", "download_url": "https://www.chanmama.com/awemeDetail/6851898416377629952", "digg_count": 5963, "digg_incr": 5486, "aweme_create_time": 1595331921, "category": 7, "volume": 80, "amount": 1504}, "author": {"author_id": "98216128444", "nickname": "邹大花", "follower_count": 63698}}, {"aweme": {"aweme_id": "6851780133544660227", "aweme_title": "现代社会这些关系也在稀释淡化。#王东岳 @抖音小助手", "aweme_url": "https://www.iesdouyin.com/share/video/6851780133544660227/?region=CN&mid=6851780204084448008&u_code=1kgi6h6afg08&titleType=title", "download_url": "https://www.chanmama.com/awemeDetail/6851780133544660227", "digg_count": 18522, "digg_incr": 5456, "aweme_create_time": 1595304390, "category": 7, "volume": 7, "amount": 623}, "author": {"author_id": "103867680661", "nickname": "王东岳讲堂", "follower_count": 72515}}, {"aweme": {"aweme_id": "6851727404159732995", "aweme_title": "#解压 #减肥 #声控吃播 #咀嚼声 五颜六色的马卡龙，应该就是夏日的写照吧，当马卡龙入口，心情也明媚了起来", "aweme_url": "https://www.iesdouyin.com/share/video/6851727404159732995/?region=CN&mid=6851727395267889927&u_code=0&titleType=title", "download_url": "https://www.chanmama.com/awemeDetail/6851727404159732995", "digg_count": 6925, "digg_incr": 5436, "aweme_create_time": 1595292114, "category": 7, "volume": 6, "amount": 119.39999999999999}, "author": {"author_id": "1978736675654220", "nickname": "韩国🇰🇷虎尼弟弟", "follower_count": 246575}}, {"aweme": {"aweme_id": "6851597790045293824", "aweme_title": "主任天天找我，不知道什么原因？正在直播中……", "aweme_url": "https://www.iesdouyin.com/share/video/6851597790045293824/?region=CN&mid=6851597777622190855&u_code=379jm8h3l53m&titleType=title", "download_url": "https://www.chanmama.com/awemeDetail/6851597790045293824", "digg_count": 5401, "digg_incr": 5433, "aweme_create_time": 1595261932, "category": 7, "volume": 67, "amount": 1125.6000000000001}, "author": {"author_id": "4037033791861064", "nickname": "小浣熊🐻", "follower_count": 32458}}, {"aweme": {"aweme_id": "6851803011954658575", "aweme_title": "野外抓鱼“席地而睡”，抓鱼时“叽叽喳喳”，抓到鱼后累死个球了#人类 #救人 #不信你不笑", "aweme_url": "https://www.iesdouyin.com/share/video/6851803011954658575/?region=CN&mid=6702639731676875524&u_code=1k70el00eh3i&titleType=title", "download_url": "https://www.chanmama.com/awemeDetail/6851803011954658575", "digg_count": 8117, "digg_incr": 5410, "aweme_create_time": 1595309710, "category": 7, "volume": 0, "amount": 0}, "author": {"author_id": "76017474089", "nickname": "巧裕发发", "follower_count": 38825}}, {"aweme": {"aweme_id": "6851809897143717134", "aweme_title": "#正在直播中点头像进来吧 #乘风破浪的好物 #吃芒果 芒果属于后熟水果，收到以后记得一定要密封吹熟哟！", "aweme_url": "https://www.iesdouyin.com/share/video/6851809897143717134/?region=CN&mid=6851809906274618126&u_code=0&titleType=title", "download_url": "https://www.chanmama.com/awemeDetail/6851809897143717134", "digg_count": 5356, "digg_incr": 5360, "aweme_create_time": 1595311313, "category": 7, "volume": 27, "amount": 537.3}, "author": {"author_id": "2704404522745390", "nickname": "伊泽水果坊", "follower_count": 399478}}, {"aweme": {"aweme_id": "6851833833994603784", "aweme_title": "认真做个快乐的普通人#小仙炖鲜炖燕窝", "aweme_url": "https://www.iesdouyin.com/share/video/6851833833994603784/?region=CN&mid=6820733079875783438&u_code=0&titleType=title", "download_url": "https://www.chanmama.com/awemeDetail/6851833833994603784", "digg_count": 8356, "digg_incr": 5358, "aweme_create_time": 1595322055, "category": 7, "volume": 0, "amount": 0}, "author": {"author_id": "56390498698", "nickname": "半秒小苏", "follower_count": 335557}}, {"aweme": {"aweme_id": "6851886794330606856", "aweme_title": "集美们你们要的鞋子来了真的是越看越好看！谁叫我这么宠粉呢！#穿搭", "aweme_url": "https://www.iesdouyin.com/share/video/6851886794330606856/?region=CN&mid=6851886873305008910&u_code=27l4hke24855&titleType=title", "download_url": "https://www.chanmama.com/awemeDetail/6851886794330606856", "digg_count": 8530, "digg_incr": 5274, "aweme_create_time": 1595329232, "category": 7, "volume": 1, "amount": 49.9}, "author": {"author_id": "4094209535259635", "nickname": "贝贝女鞋坊", "follower_count": 300422}}, {"aweme": {"aweme_id": "6851931063485271296", "aweme_title": "生在海边，长在海边，希望把最优质，最实惠的海鲜，带给喜欢吃海鲜的您！", "aweme_url": "https://www.iesdouyin.com/share/video/6851931063485271296/?region=CN&mid=6851931098122816264&u_code=0&titleType=title", "download_url": "https://www.chanmama.com/awemeDetail/6851931063485271296", "digg_count": 5256, "digg_incr": 5230, "aweme_create_time": 1595339522, "category": 7, "volume": 407, "amount": 40293}, "author": {"author_id": "3161793361622488", "nickname": "李加亮海产品经营部", "follower_count": 795703}}, {"aweme": {"aweme_id": "6851891182021233934", "aweme_title": "感谢🙏大家的支持，谢谢你们！正在直播，等你，爱你们么么哒#香酥小黄鱼 #从来没吃过这么好吃的东西", "aweme_url": "https://www.iesdouyin.com/share/video/6851891182021233934/?region=CN&mid=6851891201751141133&u_code=294bg9c3e87k&titleType=title", "download_url": "https://www.chanmama.com/awemeDetail/6851891182021233934", "digg_count": 7603, "digg_incr": 5230, "aweme_create_time": 1595330237, "category": 7, "volume": 3, "amount": 168}, "author": {"author_id": "1560951331753704", "nickname": "小丽海鲜", "follower_count": 90198}}, {"aweme": {"aweme_id": "6851823535061601549", "aweme_title": "纯粮食麦芽糖做的。#糖果 #感谢抖音小助手", "aweme_url": "https://www.iesdouyin.com/share/video/6851823535061601549/?region=CN&mid=6851823537758866183&u_code=379jm8h3l53m&titleType=title", "download_url": "https://www.chanmama.com/awemeDetail/6851823535061601549", "digg_count": 5273, "digg_incr": 5220, "aweme_create_time": 1595314489, "category": 7, "volume": 0, "amount": 0}, "author": {"author_id": "111528055731", "nickname": "竹青海产品经营部", "follower_count": 33377}}, {"aweme": {"aweme_id": "6851776737341164808", "aweme_title": "大大的饼干", "aweme_url": "https://www.iesdouyin.com/share/video/6851776737341164808/?region=CN&mid=6851776752138685191&u_code=d3cj78d2g00&titleType=title", "download_url": "https://www.chanmama.com/awemeDetail/6851776737341164808", "digg_count": 5415, "digg_incr": 5139, "aweme_create_time": 1595303592, "category": 7, "volume": 105, "amount": 3990}, "author": {"author_id": "104958503756", "nickname": "王赫", "follower_count": 692555}}, {"aweme": {"aweme_id": "6851830790154636555", "aweme_title": "草帽带上进工地，一切都是为了RMB。 #武都青年 #陇南dou是好风光", "aweme_url": "https://www.iesdouyin.com/share/video/6851830790154636555/?region=CN&mid=6851830842176719630&u_code=0&titleType=title", "download_url": "https://www.chanmama.com/awemeDetail/6851830790154636555", "digg_count": 5712, "digg_incr": 5038, "aweme_create_time": 1595316184, "category": 7, "volume": 9, "amount": 233.1}, "author": {"author_id": "94106020674", "nickname": "刘强娃土特产", "follower_count": 19769}}, {"aweme": {"aweme_id": "6851769157181000973", "aweme_title": "#大海的馈赠 #抖音小助手 #海苔 #玛莎拉蒂锋芒玩家", "aweme_url": "https://www.iesdouyin.com/share/video/6851769157181000973/?region=CN&mid=6851769200243919630&u_code=13h2b40ld9m7&titleType=title", "download_url": "https://www.chanmama.com/awemeDetail/6851769157181000973", "digg_count": 5342, "digg_incr": 4997, "aweme_create_time": 1595301827, "category": 7, "volume": 23, "amount": 457.7}, "author": {"author_id": "60652219836", "nickname": "连云港烁城海产品有限公司", "follower_count": 9302}}, {"aweme": {"aweme_id": "6851875299332771085", "aweme_title": "爷爷从来舍不得吃一个好的脱骨李，知道每个果子来之不易，红脆脱骨李，核小肉厚，咬开爆汁爽口！#红脆脱骨李", "aweme_url": "https://www.iesdouyin.com/share/video/6851875299332771085/?region=CN&mid=6489261234968824589&u_code=0&titleType=title", "download_url": "https://www.chanmama.com/awemeDetail/6851875299332771085", "digg_count": 6573, "digg_incr": 4932, "aweme_create_time": 1595326540, "category": 7, "volume": 1, "amount": 49.8}, "author": {"author_id": "99735133829", "nickname": "美逸森鲜果园", "follower_count": 302388}}, {"aweme": {"aweme_id": "6851696190535257352", "aweme_title": "#富的流油的生肖 #看看有你吗 #我要上热门", "aweme_url": "https://www.iesdouyin.com/share/video/6851696190535257352/?region=CN&mid=6786250280632584971&u_code=0&titleType=title", "download_url": "https://www.chanmama.com/awemeDetail/6851696190535257352", "digg_count": 4897, "digg_incr": 4838, "aweme_create_time": 1595284844, "category": 7, "volume": 0, "amount": 0}, "author": {"author_id": "104250061990", "nickname": "好人一生平安", "follower_count": 891143}}, {"aweme": {"aweme_id": "6851794779819216143", "aweme_title": "每天都吃不腻的板栗小香薯，新鲜开挖，软糯香甜，想吃吗？来直播间等你#番薯#717抖音奇妙好物市集", "aweme_url": "https://www.iesdouyin.com/share/video/6851794779819216143/?region=CN&mid=6851794782332340999&u_code=1kgi6h6afg08&titleType=title", "download_url": "https://www.chanmama.com/awemeDetail/6851794779819216143", "digg_count": 4783, "digg_incr": 4741, "aweme_create_time": 1595307792, "category": 7, "volume": 41, "amount": 405.90000000000003}, "author": {"author_id": "3474067226377187", "nickname": "安岳柠檬小伙", "follower_count": 22415}}, {"aweme": {"aweme_id": "6851882429989342464", "aweme_title": "“如果你家小公主不听话，那么请用这把🔫堵住他的嘴”#礼物 #甜甜的恋爱", "aweme_url": "https://www.iesdouyin.com/share/video/6851882429989342464/?region=CN&mid=6838518831309572872&u_code=0&titleType=title", "download_url": "https://www.chanmama.com/awemeDetail/6851882429989342464", "digg_count": 4964, "digg_incr": 4651, "aweme_create_time": 1595328200, "category": 7, "volume": 75, "amount": 2850.5999999999995}, "author": {"author_id": "2576908635085296", "nickname": "猫仙人💕", "follower_count": 8115}}, {"aweme": {"aweme_id": "6851875892294094087", "aweme_title": "你可能吃过泡椒，但是你不一定吃过广西的五彩泡椒 #五彩泡椒  #七彩泡椒", "aweme_url": "https://www.iesdouyin.com/share/video/6851875892294094087/?region=CN&mid=6851876223124114190&u_code=2k5ab5a5913d&titleType=title", "download_url": "https://www.chanmama.com/awemeDetail/6851875892294094087", "digg_count": 7533, "digg_incr": 4542, "aweme_create_time": 1595326752, "category": 7, "volume": 117, "amount": 2901.6}, "author": {"author_id": "107782830437", "nickname": "微果园", "follower_count": 63586}}, {"aweme": {"aweme_id": "6851896705110035715", "aweme_title": "#甘肃老家 #记录老人", "aweme_url": "https://www.iesdouyin.com/share/video/6851896705110035715/?region=CN&mid=6851896733330901773&u_code=1e86e3gfc222&titleType=title", "download_url": "https://www.chanmama.com/awemeDetail/6851896705110035715", "digg_count": 5176, "digg_incr": 4446, "aweme_create_time": 1595331527, "category": 7, "volume": 0, "amount": 0}, "author": {"author_id": "72698715240", "nickname": "别逗商务", "follower_count": 93860}}, {"aweme": {"aweme_id": "6851870340189113608", "aweme_title": "既要摘菱角也要保护好菱角，这样才能源源不断的有收获#返乡创业青年 #保护大自然 @抖音小助手", "aweme_url": "https://www.iesdouyin.com/share/video/6851870340189113608/?region=CN&mid=6851870385550428936&u_code=27l4hkd95f9c&titleType=title", "download_url": "https://www.chanmama.com/awemeDetail/6851870340189113608", "digg_count": 9596, "digg_incr": 4243, "aweme_create_time": 1595325386, "category": 7, "volume": 3, "amount": 135}, "author": {"author_id": "479006383938435", "nickname": "洪湖青泥巴", "follower_count": 12110}}, {"aweme": {"aweme_id": "6851808711304858895", "aweme_title": "没有什么能够阻挡我让你省钱的渴望，姐姐们为姐夫着想一下吧，他们真的没有私房钱了#乘风破浪的好物", "aweme_url": "https://www.iesdouyin.com/share/video/6851808711304858895/?region=CN&mid=6666704229702355726&u_code=0&titleType=title", "download_url": "https://www.chanmama.com/awemeDetail/6851808711304858895", "digg_count": 4223, "digg_incr": 4218, "aweme_create_time": 1595311037, "category": 7, "volume": 25, "amount": 499.74999999999994}, "author": {"author_id": "74624300154", "nickname": "小亮觅鲜阁", "follower_count": 14133}}, {"aweme": {"aweme_id": "6851798076928101636", "aweme_title": "我家的传家宝是，我爸对我说的，耕种要勤，言语要真，买卖要公，做人要诚！@DOU+小助手", "aweme_url": "https://www.iesdouyin.com/share/video/6851798076928101636/?region=CN&mid=6851798103189080840&u_code=27l4hkd95f9c&titleType=title", "download_url": "https://www.chanmama.com/awemeDetail/6851798076928101636", "digg_count": 4172, "digg_incr": 4152, "aweme_create_time": 1595308568, "category": 7, "volume": 119, "amount": 8318.1}, "author": {"author_id": "76431586322", "nickname": "雪飞在村里", "follower_count": 55752}}, {"aweme": {"aweme_id": "6851782233846549760", "aweme_title": "像旧报纸一样的饼干～最主要还坨大一包....", "aweme_url": "https://www.iesdouyin.com/share/video/6851782233846549760/?region=CN&mid=6591089145089624846&u_code=0&titleType=title", "download_url": "https://www.chanmama.com/awemeDetail/6851782233846549760", "digg_count": 7945, "digg_incr": 4130, "aweme_create_time": 1595304872, "category": 7, "volume": 161, "amount": 6279}, "author": {"author_id": "1244237238109815", "nickname": "低卡可乐屋", "follower_count": 46230}}, {"aweme": {"aweme_id": "6851896045740313863", "aweme_title": "这样的海鲜丸子太少见，满满的都是海鲜颗粒", "aweme_url": "https://www.iesdouyin.com/share/video/6851896045740313863/?region=CN&mid=6851896156021066510&u_code=0&titleType=title", "download_url": "https://www.chanmama.com/awemeDetail/6851896045740313863", "digg_count": 5040, "digg_incr": 4106, "aweme_create_time": 1595331390, "category": 7, "volume": 2, "amount": 118}, "author": {"author_id": "1890767973132247", "nickname": "海鲜生大成海产品", "follower_count": 159188}}, {"aweme": {"aweme_id": "6851824539693747464", "aweme_title": "今天中午简单吃点，烟笋片炒腊肉，辣椒炒笋尖，香辣腊八豆，简单美味。 #农村美食", "aweme_url": "https://www.iesdouyin.com/share/video/6851824539693747464/?region=CN&mid=6851824643339602696&u_code=0&titleType=title", "download_url": "https://www.chanmama.com/awemeDetail/6851824539693747464", "digg_count": 4761, "digg_incr": 4077, "aweme_create_time": 1595314746, "category": 7, "volume": 284, "amount": 4771.2}, "author": {"author_id": "3830325638332775", "nickname": "益阳恰香妹特产商行", "follower_count": 576525}}, {"aweme": {"aweme_id": "6851766863119109376", "aweme_title": "你信不信有人搜索你的帐号，看完你所有作品，看别人给你的评论，了解你的近况，可他一句话都不说，也不会让你知道！", "aweme_url": "https://www.iesdouyin.com/share/video/6851766863119109376/?region=CN&mid=6636167843278752526&u_code=0&titleType=title", "download_url": "https://www.chanmama.com/awemeDetail/6851766863119109376", "digg_count": 4010, "digg_incr": 4043, "aweme_create_time": 1595301293, "category": 7, "volume": 26, "amount": 1037.3999999999999}, "author": {"author_id": "105129161338", "nickname": "和美芬姐食品", "follower_count": 142265}}, {"aweme": {"aweme_id": "6851877611866443022", "aweme_title": "小人鲜、无骨鸡爪、大虾，您选哪个？#8090后 #怀旧 #美食趣胃计划", "aweme_url": "https://www.iesdouyin.com/share/video/6851877611866443022/?region=CN&mid=6851877684780600078&u_code=0&titleType=title", "download_url": "https://www.chanmama.com/awemeDetail/6851877611866443022", "digg_count": 5237, "digg_incr": 4021, "aweme_create_time": 1595327078, "category": 7, "volume": 17, "amount": 986}, "author": {"author_id": "74751949872", "nickname": "海鲜女孩冯美丽", "follower_count": 214557}}, {"aweme": {"aweme_id": "6851755220062457103", "aweme_title": "我知道现在回乡卖家乡特产，很多人讨厌反感我，但是出身农村靠自己，做自己喜欢做的事情也不丢脸，你们会支持我吗？", "aweme_url": "https://www.iesdouyin.com/share/video/6851755220062457103/?region=CN&mid=6848631559411534606&u_code=0&titleType=title", "download_url": "https://www.chanmama.com/awemeDetail/6851755220062457103", "digg_count": 4357, "digg_incr": 3982, "aweme_create_time": 1595298582, "category": 7, "volume": 13, "amount": 546}, "author": {"author_id": "77374488173", "nickname": "小张 哥", "follower_count": 523403}}, {"aweme": {"aweme_id": "6851852855163358472", "aweme_title": "喜欢横屏还是竖屏？ #吃播  #美食趣胃计划", "aweme_url": "https://www.iesdouyin.com/share/video/6851852855163358472/?region=CN&mid=6851853188883417864&u_code=0&titleType=title", "download_url": "https://www.chanmama.com/awemeDetail/6851852855163358472", "digg_count": 5141, "digg_incr": 3966, "aweme_create_time": 1595333100, "category": 7, "volume": 356, "amount": 17444}, "author": {"author_id": "83169777038877", "nickname": "小乔的食光", "follower_count": 328996}}, {"aweme": {"aweme_id": "6851868924540177678", "aweme_title": "希望各位女性，不要成为谁的妈妈，或是谁的老婆，而是把“我”活成“我”#独立女性 #不婚族 #三十而已", "aweme_url": "https://www.iesdouyin.com/share/video/6851868924540177678/?region=CN&mid=6851868945356475150&u_code=0&titleType=title", "download_url": "https://www.chanmama.com/awemeDetail/6851868924540177678", "digg_count": 6623, "digg_incr": 3954, "aweme_create_time": 1595334037, "category": 7, "volume": 0, "amount": 0}, "author": {"author_id": "87827180315", "nickname": "来福来了💌", "follower_count": 624856}}, {"aweme": {"aweme_id": "6851909597372992783", "aweme_title": "#甬城听夏 #一起揉揉小肚子 #玛莎拉蒂锋芒玩家 #糖果", "aweme_url": "https://www.iesdouyin.com/share/video/6851909597372992783/?region=CN&mid=6851909683709561608&u_code=0&titleType=title", "download_url": "https://www.chanmama.com/awemeDetail/6851909597372992783", "digg_count": 25432, "digg_incr": 3948, "aweme_create_time": 1595334525, "category": 7, "volume": 2, "amount": 76}, "author": {"author_id": "2612059918578224", "nickname": "赣榆区海头镇王程玲海鲜经营部", "follower_count": 392168}}, {"aweme": {"aweme_id": "6851766515784535296", "aweme_title": "长沙话为什么叫鳖做脚鱼？从小到大你没想做吗？你不晓得的冷知识我来告诉你！#美食 #鳖 #甲鱼美食", "aweme_url": "https://www.iesdouyin.com/share/video/6851766515784535296/?region=CN&mid=6851766539427842824&u_code=gmaek20dh2c&titleType=title", "download_url": "https://www.chanmama.com/awemeDetail/6851766515784535296", "digg_count": 3917, "digg_incr": 3924, "aweme_create_time": 1595301212, "category": 7, "volume": 0, "amount": 0}, "author": {"author_id": "72268446077", "nickname": "马叉虫烧烤", "follower_count": 40527}}, {"aweme": {"aweme_id": "6851735166759521549", "aweme_title": "#为城市美食打call #夹心海苔", "aweme_url": "https://www.iesdouyin.com/share/video/6851735166759521549/?region=CN&mid=6851735160291986190&u_code=27l4hkd95f9c&titleType=title", "download_url": "https://www.chanmama.com/awemeDetail/6851735166759521549", "digg_count": 3922, "digg_incr": 3909, "aweme_create_time": 1595293914, "category": 7, "volume": 1, "amount": 37.9}, "author": {"author_id": "66362820766", "nickname": "赣榆区海头镇浩浩海鲜经营部", "follower_count": 147231}}, {"aweme": {"aweme_id": "6851856500617514255", "aweme_title": "#极客农场冰烤红薯 冰凉冰凉，爽歪歪！", "aweme_url": "https://www.iesdouyin.com/share/video/6851856500617514255/?region=CN&mid=6851856511587928846&u_code=0&titleType=title", "download_url": "https://www.chanmama.com/awemeDetail/6851856500617514255", "digg_count": 5558, "digg_incr": 3901, "aweme_create_time": 1595322164, "category": 7, "volume": 64, "amount": 3833.6}, "author": {"author_id": "23397071188", "nickname": "极客农场", "follower_count": 461842}}, {"aweme": {"aweme_id": "6851875913022426375", "aweme_title": "天天和一群老人在一起摆摊。很多朋友说我丢人，远离我，嫌弃我，我不偷不抢赚良心钱，就像奶奶的菜一样干净", "aweme_url": "https://www.iesdouyin.com/share/video/6851875913022426375/?region=CN&mid=6746162769277733640&u_code=jc1bklclhbf&titleType=title", "download_url": "https://www.chanmama.com/awemeDetail/6851875913022426375", "digg_count": 4687, "digg_incr": 3883, "aweme_create_time": 1595326683, "category": 7, "volume": 1, "amount": 68}, "author": {"author_id": "3913913511203080", "nickname": "甜蜜姐~~", "follower_count": 62855}}, {"aweme": {"aweme_id": "6851839429468867854", "aweme_title": "你是来干什么的？", "aweme_url": "https://www.iesdouyin.com/share/video/6851839429468867854/?region=CN&mid=6851839509491993357&u_code=0&titleType=title", "download_url": "https://www.chanmama.com/awemeDetail/6851839429468867854", "digg_count": 7343, "digg_incr": 3873, "aweme_create_time": 1595331000, "category": 7, "volume": 73, "amount": 2774}, "author": {"author_id": "96962415737", "nickname": "娜斯佳海鲜", "follower_count": 352886}}, {"aweme": {"aweme_id": "6851766913551437068", "aweme_title": "看一下这些新挖的地瓜，有大有小，所以地瓜干也是有大有小的，不要去介意，只要香甜软糯就好……#717抖音嗨吃节", "aweme_url": "https://www.iesdouyin.com/share/video/6851766913551437068/?region=CN&mid=6851766945583287048&u_code=27l4hke24855&titleType=title", "download_url": "https://www.chanmama.com/awemeDetail/6851766913551437068", "digg_count": 4028, "digg_incr": 3846, "aweme_create_time": 1595301311, "category": 7, "volume": 23, "amount": 455.40000000000003}, "author": {"author_id": "60443482320", "nickname": "肥猫手工美食", "follower_count": 349276}}, {"aweme": {"aweme_id": "6851793358679969038", "aweme_title": "大溪地牛排的知识：低脂高蛋白，好吃煎不坏！", "aweme_url": "https://www.iesdouyin.com/share/video/6851793358679969038/?region=CN&mid=6706783948791401224&u_code=d3cj78d2g00&titleType=title", "download_url": "https://www.chanmama.com/awemeDetail/6851793358679969038", "digg_count": 3803, "digg_incr": 3758, "aweme_create_time": 1595307462, "category": 7, "volume": 54, "amount": 7938}, "author": {"author_id": "109012974638", "nickname": "贫穷玩家", "follower_count": 688230}}, {"aweme": {"aweme_id": "6851589511575604494", "aweme_title": "周二便当：葱油拌面#一人食 #上班 #午餐 #带饭日常", "aweme_url": "https://www.iesdouyin.com/share/video/6851589511575604494/?region=CN&mid=6851589604480125709&u_code=d3cj78d2g00&titleType=title", "download_url": "https://www.chanmama.com/awemeDetail/6851589511575604494", "digg_count": 4891, "digg_incr": 3700, "aweme_create_time": 1595288520, "category": 7, "volume": 10, "amount": 237.89999999999998}, "author": {"author_id": "1332248797257069", "nickname": "小蒙生活记", "follower_count": 56233}}, {"aweme": {"aweme_id": "6851762996763430158", "aweme_title": "#秀出新国风 #夏日乐游游", "aweme_url": "https://www.iesdouyin.com/share/video/6851762996763430158/?region=CN&mid=6851763008729844488&u_code=294bg9c3e87k&titleType=title", "download_url": "https://www.chanmama.com/awemeDetail/6851762996763430158", "digg_count": 3716, "digg_incr": 3679, "aweme_create_time": 1595300392, "category": 7, "volume": 2, "amount": 136}, "author": {"author_id": "2510923034006104", "nickname": "东东他爱帅", "follower_count": 78993}}, {"aweme": {"aweme_id": "6851887311605550343", "aweme_title": "地球人已经阻挡不了你拓展G科的业务了，厉害。#美女 @抖音小助手", "aweme_url": "https://www.iesdouyin.com/share/video/6851887311605550343/?region=CN&mid=6851887352130997005&u_code=adlllelm75b&titleType=title", "download_url": "https://www.chanmama.com/awemeDetail/6851887311605550343", "digg_count": 4054, "digg_incr": 3639, "aweme_create_time": 1595329336, "category": 7, "volume": 9, "amount": 241.20000000000002}, "author": {"author_id": "67903268419", "nickname": "番薯大队", "follower_count": 203386}}, {"aweme": {"aweme_id": "6851870921553186056", "aweme_title": "#河南 我还是感觉开水不行 不好搅拌 #童年记忆", "aweme_url": "https://www.iesdouyin.com/share/video/6851870921553186056/?region=CN&mid=6851871019159472903&u_code=0&titleType=title", "download_url": "https://www.chanmama.com/awemeDetail/6851870921553186056", "digg_count": 14926, "digg_incr": 3639, "aweme_create_time": 1595325538, "category": 7, "volume": 219, "amount": 3679.2000000000003}, "author": {"author_id": "61315898441", "nickname": "乡音特产味", "follower_count": 107633}}, {"aweme": {"aweme_id": "6851874833928555776", "aweme_title": "安徽砀山助农直播 希望得到更多兄弟姐妹的支持！🙏🙏🙏@抖音小助手 @DOU+小助手 #助农", "aweme_url": "https://www.iesdouyin.com/share/video/6851874833928555776/?region=CN&mid=6851874900630620942&u_code=0&titleType=title", "download_url": "https://www.chanmama.com/awemeDetail/6851874833928555776", "digg_count": 4238, "digg_incr": 3610, "aweme_create_time": 1595326431, "category": 7, "volume": 0, "amount": 0}, "author": {"author_id": "87572051519", "nickname": "阜阳秦妮", "follower_count": 383015}}, {"aweme": {"aweme_id": "6851898235527712007", "aweme_title": "哥哥姐姐来攀枝花我请你吃芒果#攀枝花彩虹芒果 #直播 #川货dou起来", "aweme_url": "https://www.iesdouyin.com/share/video/6851898235527712007/?region=CN&mid=6851898348786535175&u_code=3702712319ji&titleType=title", "download_url": "https://www.chanmama.com/awemeDetail/6851898235527712007", "digg_count": 3515, "digg_incr": 3515, "aweme_create_time": 1595331898, "category": 7, "volume": 10, "amount": 168}, "author": {"author_id": "1750053821360640", "nickname": "一方水土水果", "follower_count": 134217}}, {"aweme": {"aweme_id": "6851871563621371136", "aweme_title": "哎……太欺负人了 拐着弯说我丑  这不能惯着他@抖音小助手", "aweme_url": "https://www.iesdouyin.com/share/video/6851871563621371136/?region=CN&mid=6851871582181149453&u_code=0&titleType=title", "download_url": "https://www.chanmama.com/awemeDetail/6851871563621371136", "digg_count": 4255, "digg_incr": 3496, "aweme_create_time": 1595325670, "category": 7, "volume": 0, "amount": 0}, "author": {"author_id": "60730019650", "nickname": "泡泡~女神～经", "follower_count": 956928}}, {"aweme": {"aweme_id": "6851892625344105732", "aweme_title": "好久没吃鸭子了，趁你爸不在家干净大吃一顿#美食 #一口解锁暑假快落 #美食趣胃计划", "aweme_url": "https://www.iesdouyin.com/share/video/6851892625344105732/?region=CN&mid=6851892668809972494&u_code=0&titleType=title", "download_url": "https://www.chanmama.com/awemeDetail/6851892625344105732", "digg_count": 8858, "digg_incr": 3469, "aweme_create_time": 1595330579, "category": 7, "volume": 0, "amount": 0}, "author": {"author_id": "111554124391", "nickname": "鸭鸭零食", "follower_count": 414151}}, {"aweme": {"aweme_id": "6851887370959211779", "aweme_title": "一二三四五，上山打老虎#别限流", "aweme_url": "https://www.iesdouyin.com/share/video/6851887370959211779/?region=CN&mid=6851887419105577742&u_code=0&titleType=title", "download_url": "https://www.chanmama.com/awemeDetail/6851887370959211779", "digg_count": 12046, "digg_incr": 3468, "aweme_create_time": 1595329357, "category": 7, "volume": 1, "amount": 268}, "author": {"author_id": "104632231914", "nickname": "谭笛乐器", "follower_count": 913799}}, {"aweme": {"aweme_id": "6851862701933726991", "aweme_title": "生在海边长在海边只想把咱家最优质新鲜的海鲜推荐给喜欢吃海鲜的您感谢大家的支持❤️", "aweme_url": "https://www.iesdouyin.com/share/video/6851862701933726991/?region=CN&mid=6851862722208877325&u_code=gmaek20dh2c&titleType=title", "download_url": "https://www.chanmama.com/awemeDetail/6851862701933726991", "digg_count": 3344, "digg_incr": 3368, "aweme_create_time": 1595323607, "category": 7, "volume": 65, "amount": 2593.5}, "author": {"author_id": "2308601219388920", "nickname": "祁来场海产品", "follower_count": 23874}}, {"aweme": {"aweme_id": "6851839146286140683", "aweme_title": "#全民dou爱吃  #乡村美食  #五常大米 @抖音小助手", "aweme_url": "https://www.iesdouyin.com/share/video/6851839146286140683/?region=CN&mid=6851839351266102029&u_code=0&titleType=title", "download_url": "https://www.chanmama.com/awemeDetail/6851839146286140683", "digg_count": 3356, "digg_incr": 3339, "aweme_create_time": 1595325605, "category": 7, "volume": 49, "amount": 2935.1}, "author": {"author_id": "2352583128383684", "nickname": "五常大米-邢奕衡", "follower_count": 20895}}, {"aweme": {"aweme_id": "6851735673876139264", "aweme_title": "父亲是个大字不识的老农民，很多人刷到我的视频直接划走了，爸爸说不让我拍了，可我不想放弃，我家桃胶新鲜挑的干净", "aweme_url": "https://www.iesdouyin.com/share/video/6851735673876139264/?region=CN&mid=6840266564684548877&u_code=19fjbl89kf63&titleType=title", "download_url": "https://www.chanmama.com/awemeDetail/6851735673876139264", "digg_count": 3580, "digg_incr": 3306, "aweme_create_time": 1595294032, "category": 7, "volume": 13, "amount": 481}, "author": {"author_id": "109009593266", "nickname": "美滋源土特产", "follower_count": 22259}}, {"aweme": {"aweme_id": "6851766606058540295", "aweme_title": "女儿11，儿子快十岁，智商永远定格在几岁。缘分让我们今生成为母子，注定需要我陪她们走一程，请上天善待姐弟俩平安", "aweme_url": "https://www.iesdouyin.com/share/video/6851766606058540295/?region=CN&mid=6811276309033995022&u_code=0&titleType=title", "download_url": "https://www.chanmama.com/awemeDetail/6851766606058540295", "digg_count": 3751, "digg_incr": 3295, "aweme_create_time": 1595301233, "category": 7, "volume": 1, "amount": 19.9}, "author": {"author_id": "68866940223", "nickname": "圆圆", "follower_count": 388913}}, {"aweme": {"aweme_id": "6851786883257715983", "aweme_title": "以后的早餐都有着落了！😘😘😘#婆媳关系 #早餐 #直播", "aweme_url": "https://www.iesdouyin.com/share/video/6851786883257715983/?region=CN&mid=6851786917118233358&u_code=2g9cfffeefe2&titleType=title", "download_url": "https://www.chanmama.com/awemeDetail/6851786883257715983", "digg_count": 3463, "digg_incr": 3272, "aweme_create_time": 1595305954, "category": 7, "volume": 2, "amount": 52.8}, "author": {"author_id": "3825915603464686", "nickname": "吃货小甜甜（10点直播）", "follower_count": 343014}}, {"aweme": {"aweme_id": "6851784292121529613", "aweme_title": "活动继续～马上开播～快来吧！#书包#上热门 #抖音小助手 #好物推荐", "aweme_url": "https://www.iesdouyin.com/share/video/6851784292121529613/?region=CN&mid=6851784285096397575&u_code=1kgi6h6afg08&titleType=title", "download_url": "https://www.chanmama.com/awemeDetail/6851784292121529613", "digg_count": 4542, "digg_incr": 3266, "aweme_create_time": 1595305351, "category": 7, "volume": 300, "amount": 5970}, "author": {"author_id": "96395754478768", "nickname": "萌琪旗舰店", "follower_count": 62959}}, {"aweme": {"aweme_id": "6851796721157033223", "aweme_title": "这种方式开板栗你见过吗？", "aweme_url": "https://www.iesdouyin.com/share/video/6851796721157033223/?region=CN&mid=6851796716056840974&u_code=2akd6hh64h1b&titleType=title", "download_url": "https://www.chanmama.com/awemeDetail/6851796721157033223", "digg_count": 3471, "digg_incr": 3222, "aweme_create_time": 1595308245, "category": 7, "volume": 67, "amount": 3008.2999999999997}, "author": {"author_id": "98831052089", "nickname": "空一食光", "follower_count": 6338}}, {"aweme": {"aweme_id": "6851875394447068423", "aweme_title": "对老婆说假话的下场 #充能计划  #轻漫计划  #情侣  #夫妻  #搞笑@DOU+小助手", "aweme_url": "https://www.iesdouyin.com/share/video/6851875394447068423/?region=CN&mid=6851875486566599437&u_code=0&titleType=title", "download_url": "https://www.chanmama.com/awemeDetail/6851875394447068423", "digg_count": 4905, "digg_incr": 3157, "aweme_create_time": 1595326582, "category": 7, "volume": 3, "amount": 194}, "author": {"author_id": "100412020867", "nickname": "猪八吉爱媳妇", "follower_count": 201766}}, {"aweme": {"aweme_id": "6851649867375185167", "aweme_title": "还是没有有缘人的出现，我依然来上班，不过也想通了，也开心。#上热门 #谢谢抖音官方 #天生丽质 #美女 #打工", "aweme_url": "https://www.iesdouyin.com/share/video/6851649867375185167/?region=CN&mid=6841830253430721294&u_code=27l4hke24855&titleType=title", "download_url": "https://www.chanmama.com/awemeDetail/6851649867375185167", "digg_count": 3861, "digg_incr": 3142, "aweme_create_time": 1595274078, "category": 7, "volume": 0, "amount": 0}, "author": {"author_id": "61783657298", "nickname": "天山雪莲", "follower_count": 57046}}, {"aweme": {"aweme_id": "6851876087601827087", "aweme_title": "“让女票脸红的恋爱必备神器”#恋爱神器", "aweme_url": "https://www.iesdouyin.com/share/video/6851876087601827087/?region=CN&mid=6851876093847653128&u_code=jc1bklclhbf&titleType=title", "download_url": "https://www.chanmama.com/awemeDetail/6851876087601827087", "digg_count": 3176, "digg_incr": 3101, "aweme_create_time": 1595326723, "category": 7, "volume": 19, "amount": 568.1}, "author": {"author_id": "1468584475504192", "nickname": "沙雕沙雕沙雕", "follower_count": 321375}}, {"aweme": {"aweme_id": "6851879725523094796", "aweme_title": "手抓面我看饿了！@康师傅美食家  @康师傅 #你能拿我怎么拌 #挑战赛", "aweme_url": "https://www.iesdouyin.com/share/video/6851879725523094796/?region=CN&mid=6851879775306304270&u_code=3jh2f8g48c8b&titleType=title", "download_url": "https://www.chanmama.com/awemeDetail/6851879725523094796", "digg_count": 3231, "digg_incr": 3010, "aweme_create_time": 1595327577, "category": 7, "volume": 0, "amount": 0}, "author": {"author_id": "61418790472", "nickname": "劣狐狐烘焙", "follower_count": 605592}}, {"aweme": {"aweme_id": "6851872534212726031", "aweme_title": "我妈拌的太好吃了", "aweme_url": "https://www.iesdouyin.com/share/video/6851872534212726031/?region=CN&mid=6851872548311780110&u_code=2akd6hh64h1b&titleType=title", "download_url": "https://www.chanmama.com/awemeDetail/6851872534212726031", "digg_count": 3542, "digg_incr": 2961, "aweme_create_time": 1595325896, "category": 7, "volume": 9, "amount": 233.1}, "author": {"author_id": "104958503756", "nickname": "王赫", "follower_count": 692555}}, {"aweme": {"aweme_id": "6851892658906926344", "aweme_title": "益母草我们已经很熟悉了，那它的果实了解的人不多，果实叫茺蔚子，一样重要！#科普 #农村 #中草药", "aweme_url": "https://www.iesdouyin.com/share/video/6851892658906926344/?region=CN&mid=6851892682659269383&u_code=0&titleType=title", "download_url": "https://www.chanmama.com/awemeDetail/6851892658906926344", "digg_count": 3165, "digg_incr": 2959, "aweme_create_time": 1595330581, "category": 7, "volume": 0, "amount": 0}, "author": {"author_id": "2383342871254508", "nickname": "纪录本草", "follower_count": 116108}}, {"aweme": {"aweme_id": "6851793744920988940", "aweme_title": "兵哥兵嫂再次造访桃花岭，只是吃桃又早到了一步，要到八月上旬才上市", "aweme_url": "https://www.iesdouyin.com/share/video/6851793744920988940/?region=CN&mid=6851793771126967047&u_code=0&titleType=title", "download_url": "https://www.chanmama.com/awemeDetail/6851793744920988940", "digg_count": 3758, "digg_incr": 2956, "aweme_create_time": 1595307559, "category": 7, "volume": 0, "amount": 0}, "author": {"author_id": "97155936188", "nickname": "兵哥兵嫂土特产", "follower_count": 264423}}, {"aweme": {"aweme_id": "6851770705239870735", "aweme_title": "今年29岁，5年前一场大伙。因挽救一条生命，却落*下病根，班*长鼓励我直播，播了5天挣了15块#加油加油", "aweme_url": "https://www.iesdouyin.com/share/video/6851770705239870735/?region=CN&mid=6816391272262454029&u_code=19fjbl89kf63&titleType=title", "download_url": "https://www.chanmama.com/awemeDetail/6851770705239870735", "digg_count": 2998, "digg_incr": 2949, "aweme_create_time": 1595302187, "category": 7, "volume": 19, "amount": 1292}, "author": {"author_id": "3856719026073604", "nickname": "纯之源蜂蜜店", "follower_count": 71943}}, {"aweme": {"aweme_id": "6851746618673302784", "aweme_title": "独角兽永生花，哪个小仙女能收到呢。#手工diy #给女朋友送礼物 #情侣礼物", "aweme_url": "https://www.iesdouyin.com/share/video/6851746618673302784/?region=CN&mid=6806936819717966600&u_code=27l4hke24855&titleType=title", "download_url": "https://www.chanmama.com/awemeDetail/6851746618673302784", "digg_count": 3155, "digg_incr": 2871, "aweme_create_time": 1595296579, "category": 7, "volume": 4, "amount": 836}, "author": {"author_id": "72598126820", "nickname": "有乐礼物", "follower_count": 30645}}, {"aweme": {"aweme_id": "6851742634315238670", "aweme_title": "曾经是124斤的胖丫，瘦到了80斤的小姐姐，狂吃不长肉。西米露好吃不长肉大人小孩都爱了#减肥 #抖音小助手", "aweme_url": "https://www.iesdouyin.com/share/video/6851742634315238670/?region=CN&mid=6851742629290330893&u_code=d3cj78d2g00&titleType=title", "download_url": "https://www.chanmama.com/awemeDetail/6851742634315238670", "digg_count": 3035, "digg_incr": 2868, "aweme_create_time": 1595295653, "category": 7, "volume": 33, "amount": 1287}, "author": {"author_id": "109023093621", "nickname": "洋小洋爱健身(小师妹团队）", "follower_count": 278118}}, {"aweme": {"aweme_id": "6851777413630692611", "aweme_title": "人跟做生意一样！如果不诚实 ，根本走不下去，大家好我是来自潮汕的一名90后创业小伙#果味相投一起混", "aweme_url": "https://www.iesdouyin.com/share/video/6851777413630692611/?region=CN&mid=6851777606988073742&u_code=0&titleType=title", "download_url": "https://www.chanmama.com/awemeDetail/6851777413630692611", "digg_count": 4026, "digg_incr": 2841, "aweme_create_time": 1595303757, "category": 7, "volume": 2, "amount": 360}, "author": {"author_id": "98663892048", "nickname": "肉丸哥（王炸）三即可", "follower_count": 172956}}, {"aweme": {"aweme_id": "6851773589675461888", "aweme_title": "自己能扛的千万别声张，没人会喜欢你哭泣抱怨的样子，现在很苦很累，等孩子大了熬过去了就会很好很甜加油宝妈#宝妈", "aweme_url": "https://www.iesdouyin.com/share/video/6851773589675461888/?region=CN&mid=6798999404071242507&u_code=3ifejfcm6h6&titleType=title", "download_url": "https://www.chanmama.com/awemeDetail/6851773589675461888", "digg_count": 3334, "digg_incr": 2835, "aweme_create_time": 1595302859, "category": 7, "volume": 6, "amount": 179.39999999999998}, "author": {"author_id": "104273206332", "nickname": "记录我们的点点滴滴", "follower_count": 202998}}, {"aweme": {"aweme_id": "6851836173275417871", "aweme_title": "软糖泡着吃，就是一杯珍珠奶茶~#直播间 #美食趣味计划 #奶茶", "aweme_url": "https://www.iesdouyin.com/share/video/6851836173275417871/?region=CN&mid=6851836230640880398&u_code=379jm8h3l53m&titleType=title", "download_url": "https://www.chanmama.com/awemeDetail/6851836173275417871", "digg_count": 3759, "digg_incr": 2835, "aweme_create_time": 1595317439, "category": 7, "volume": 1, "amount": 19.9}, "author": {"author_id": "3825915603464686", "nickname": "吃货小甜甜（10点直播）", "follower_count": 343014}}, {"aweme": {"aweme_id": "6851902281537932557", "aweme_title": "上次酸菜的视频大家挺喜欢，听说第二次会火，真的吗？", "aweme_url": "https://www.iesdouyin.com/share/video/6851902281537932557/?region=CN&mid=6851902529140214541&u_code=2akd6hh64h1b&titleType=title", "download_url": "https://www.chanmama.com/awemeDetail/6851902281537932557", "digg_count": 3251, "digg_incr": 2803, "aweme_create_time": 1595332874, "category": 7, "volume": 46, "amount": 1375.3999999999999}, "author": {"author_id": "3364140536300509", "nickname": "萝卜心的每一餐", "follower_count": 85710}}, {"aweme": {"aweme_id": "6851377913074322696", "aweme_title": "你工作中遇到过怎样的奇葩甲方？留言告诉我 #星猫文创  @我叫星猫  @星猫广场", "aweme_url": "https://www.iesdouyin.com/share/video/6851377913074322696/?region=CN&mid=6851378006456290055&u_code=b0ge2ik4jel&titleType=title", "download_url": "https://www.chanmama.com/awemeDetail/6851377913074322696", "digg_count": 2795, "digg_incr": 2795, "aweme_create_time": 1595291400, "category": 7, "volume": 0, "amount": 0}, "author": {"author_id": "62799741605", "nickname": "星猫文创", "follower_count": 35036}}, {"aweme": {"aweme_id": "6851738790206115072", "aweme_title": "家里几十万斤高山黄桃成熟了，很多人都没有吃过这种黄桃，白菜价，味道香甜多汁，#黄桃", "aweme_url": "https://www.iesdouyin.com/share/video/6851738790206115072/?region=CN&mid=6851738765644401415&u_code=1kgi6h6afg08&titleType=title", "download_url": "https://www.chanmama.com/awemeDetail/6851738790206115072", "digg_count": 2968, "digg_incr": 2783, "aweme_create_time": 1595294757, "category": 7, "volume": 0, "amount": 0}, "author": {"author_id": "1666512866521223", "nickname": "阿林哥", "follower_count": 187681}}, {"aweme": {"aweme_id": "6851778615336586510", "aweme_title": "2020新鲜的红心柚子熟了，点这里购买 #平和县 #平和琯溪蜜柚 #柚子福建", "aweme_url": "https://www.iesdouyin.com/share/video/6851778615336586510/?region=CN&mid=6851778773642545933&u_code=19fjbl89kf63&titleType=title", "download_url": "https://www.chanmama.com/awemeDetail/6851778615336586510", "digg_count": 3684, "digg_incr": 2757, "aweme_create_time": 1595304042, "category": 7, "volume": 1, "amount": 33}, "author": {"author_id": "65098614892", "nickname": "膳农坊鲜果园", "follower_count": 60976}}, {"aweme": {"aweme_id": "6851858911482465551", "aweme_title": "减脂晚餐来了，不知道吃什么，跟我吃，七日食谱来找我。#减肥餐 #减脂餐 @抖音小助手 @DOU+小助手", "aweme_url": "https://www.iesdouyin.com/share/video/6851858911482465551/?region=CN&mid=6762044813803080452&u_code=0&titleType=title", "download_url": "https://www.chanmama.com/awemeDetail/6851858911482465551", "digg_count": 3167, "digg_incr": 2740, "aweme_create_time": 1595322725, "category": 7, "volume": 102, "amount": 1927.8}, "author": {"author_id": "3562018876425423", "nickname": "琪琪减脂日记", "follower_count": 230061}}, {"aweme": {"aweme_id": "6851863297461996804", "aweme_title": "张开你们的嘴，我马上递过来！想要带走，下面小黄车哦！#助农 @麻功佐的农村生活", "aweme_url": "https://www.iesdouyin.com/share/video/6851863297461996804/?region=CN&mid=6770904237611240204&u_code=0&titleType=title", "download_url": "https://www.chanmama.com/awemeDetail/6851863297461996804", "digg_count": 3495, "digg_incr": 2691, "aweme_create_time": 1595323753, "category": 7, "volume": 6, "amount": 1008}, "author": {"author_id": "95518790268", "nickname": "麻功佐·横樟土蜂蜜", "follower_count": 773908}}, {"aweme": {"aweme_id": "6851773750304705799", "aweme_title": "@西艾口福田蜂业发了一个抖音短视频，你尽管点开，不好看算我输！", "aweme_url": "https://www.iesdouyin.com/share/video/6851773750304705799/?region=CN&mid=6851774140027046669&u_code=0&titleType=", "download_url": "https://www.chanmama.com/awemeDetail/6851773750304705799", "digg_count": 3215, "digg_incr": 2682, "aweme_create_time": 1595302916, "category": 7, "volume": 0, "amount": 0}, "author": {"author_id": "4503669978717233", "nickname": "西艾口福田蜂业", "follower_count": 201204}}, {"aweme": {"aweme_id": "6851744427623419149", "aweme_title": "7.21绿茶酥 入职后，公司给每位员工发了一台电脑，表面上看是每个人拥有了一台电脑，其实是给每个电脑配了一个人", "aweme_url": "https://www.iesdouyin.com/share/video/6851744427623419149/?region=CN&mid=6771754168786504460&u_code=2akd6hh64h1b&titleType=title", "download_url": "https://www.chanmama.com/awemeDetail/6851744427623419149", "digg_count": 2761, "digg_incr": 2663, "aweme_create_time": 1595296070, "category": 7, "volume": 25, "amount": 450}, "author": {"author_id": "2528471749504339", "nickname": "天方富硒生物科技", "follower_count": 22423}}, {"aweme": {"aweme_id": "6851840234804514052", "aweme_title": "今天下午叫了一个收废品的叔叔来把纸箱收走，换了💰晚上可以拿去买菜咯～😄#记录生活", "aweme_url": "https://www.iesdouyin.com/share/video/6851840234804514052/?region=CN&mid=6849349060396337927&u_code=0&titleType=title", "download_url": "https://www.chanmama.com/awemeDetail/6851840234804514052", "digg_count": 3013, "digg_incr": 2603, "aweme_create_time": 1595318384, "category": 7, "volume": 11, "amount": 184.8}, "author": {"author_id": "1587318174000683", "nickname": "小龙先生🌿", "follower_count": 759110}}]}