{"data": [{"aweme": {"aweme_id": "6851564713176845575", "aweme_title": "想去纽约波士顿 #MLB凭本色出挑", "aweme_url": "https://www.iesdouyin.com/share/video/6851564713176845575/?region=CN&mid=6851564724937624333&u_code=0&titleType=title", "download_url": "https://www.chanmama.com/awemeDetail/6851564713176845575", "digg_count": 116873, "digg_incr": 77104, "aweme_create_time": 1595329200, "category": 8, "volume": 39, "amount": 10491}, "author": {"author_id": "57682990604", "nickname": "JinxZhou", "follower_count": 988549}}, {"aweme": {"aweme_id": "6851818364579482888", "aweme_title": "最近没打球#是时候上场了 @路人王篮球 #抖音小助手", "aweme_url": "https://www.iesdouyin.com/share/video/6851818364579482888/?region=CN&mid=6842843144967523080&u_code=0&titleType=title", "download_url": "https://www.chanmama.com/awemeDetail/6851818364579482888", "digg_count": 42175, "digg_incr": 35105, "aweme_create_time": 1595313295, "category": 8, "volume": 9, "amount": 315}, "author": {"author_id": "97843621277", "nickname": "蔡振生", "follower_count": 477418}}, {"aweme": {"aweme_id": "6851810548489800968", "aweme_title": "#跳绳 跳绳96天！大腿围从45到39，小腿围31到28！不要用“天生”去否定一个人的努力！#自律", "aweme_url": "https://www.iesdouyin.com/share/video/6851810548489800968/?region=CN&mid=6847745709240748039&u_code=0&titleType=title", "download_url": "https://www.chanmama.com/awemeDetail/6851810548489800968", "digg_count": 82462, "digg_incr": 34079, "aweme_create_time": 1595311465, "category": 8, "volume": 78, "amount": 5928}, "author": {"author_id": "54989799404", "nickname": "希-", "follower_count": 212813}}, {"aweme": {"aweme_id": "6851892692620741896", "aweme_title": "@林识宇Will 明天会更好", "aweme_url": "https://www.iesdouyin.com/share/video/6851892692620741896/?region=CN&mid=6810293550103595789&u_code=0&titleType=title", "download_url": "https://www.chanmama.com/awemeDetail/6851892692620741896", "digg_count": 22151, "digg_incr": 20738, "aweme_create_time": 1595330589, "category": 8, "volume": 3, "amount": 267}, "author": {"author_id": "83150231873", "nickname": "7号唐日辉呀", "follower_count": 811118}}, {"aweme": {"aweme_id": "6851718882240122127", "aweme_title": "#气质优雅女人味 #榆树市波姐服装店 #感谢官方感谢热门", "aweme_url": "https://www.iesdouyin.com/share/video/6851718882240122127/?region=CN&mid=6833861441779469069&u_code=i5hd8ml6f59&titleType=title", "download_url": "https://www.chanmama.com/awemeDetail/6851718882240122127", "digg_count": 19895, "digg_incr": 19795, "aweme_create_time": 1595290123, "category": 8, "volume": 439, "amount": 21511}, "author": {"author_id": "4300900995434559", "nickname": "榆树市波姐服装店", "follower_count": 56126}}, {"aweme": {"aweme_id": "6851757168392211712", "aweme_title": "这个世界除了父母，没有人希望你过的比ta好，都是表面一套，背后一套，嘲笑你，看你笑话的人#背叛", "aweme_url": "https://www.iesdouyin.com/share/video/6851757168392211712/?region=CN&mid=6837667679986273038&u_code=0&titleType=title", "download_url": "https://www.chanmama.com/awemeDetail/6851757168392211712", "digg_count": 24471, "digg_incr": 19778, "aweme_create_time": 1595299035, "category": 8, "volume": 180, "amount": 5400}, "author": {"author_id": "105129161338", "nickname": "和美芬姐食品", "follower_count": 142265}}, {"aweme": {"aweme_id": "6851729920276581647", "aweme_title": "默默无闻的时候，你要悄悄地努力，然后惊艳所有人！#街头健身 #欧克", "aweme_url": "https://www.iesdouyin.com/share/video/6851729920276581647/?region=CN&mid=6851729901310085901&u_code=0&titleType=title", "download_url": "https://www.chanmama.com/awemeDetail/6851729920276581647", "digg_count": 19268, "digg_incr": 18958, "aweme_create_time": 1595292693, "category": 8, "volume": 1, "amount": 293}, "author": {"author_id": "80753407428", "nickname": "大师兄HC", "follower_count": 186966}}, {"aweme": {"aweme_id": "6851908063994088719", "aweme_title": "之前买贵了可以退了，我们家88米八双 发发发#好物推荐 #鞋 #男鞋 #潮鞋 #热门推荐 囤货吧老铁们#热门", "aweme_url": "https://www.iesdouyin.com/share/video/6851908063994088719/?region=CN&mid=6851908074337602312&u_code=0&titleType=title", "download_url": "https://www.chanmama.com/awemeDetail/6851908063994088719", "digg_count": 23377, "digg_incr": 18561, "aweme_create_time": 1595334167, "category": 8, "volume": 586, "amount": 51964}, "author": {"author_id": "329499678092328", "nickname": "牛威小陈的十年", "follower_count": 85155}}, {"aweme": {"aweme_id": "6851765805017730317", "aweme_title": "新发型 @长沙市开福区凹头发理发店.", "aweme_url": "https://www.iesdouyin.com/share/video/6851765805017730317/?region=CN&mid=6841806909461252104&u_code=0&titleType=title", "download_url": "https://www.chanmama.com/awemeDetail/6851765805017730317", "digg_count": 17392, "digg_incr": 16483, "aweme_create_time": 1595301046, "category": 8, "volume": 2, "amount": 258}, "author": {"author_id": "83150231873", "nickname": "7号唐日辉呀", "follower_count": 811118}}, {"aweme": {"aweme_id": "6851870128296955136", "aweme_title": "看完这个视频，你以后还这样做吗#野球帝courtman", "aweme_url": "https://www.iesdouyin.com/share/video/6851870128296955136/?region=CN&mid=6851870153455078151&u_code=0&titleType=title", "download_url": "https://www.chanmama.com/awemeDetail/6851870128296955136", "digg_count": 19158, "digg_incr": 15619, "aweme_create_time": 1595325336, "category": 8, "volume": 2, "amount": 314}, "author": {"author_id": "55827465684", "nickname": "李峙锦hyperkiller", "follower_count": 357073}}, {"aweme": {"aweme_id": "6851891027817614592", "aweme_title": "女人有空了就多赚钱多健身，想男人爱不爱你干嘛，身材和钱它们不香吗？#dou出你的健康范 #辣妈", "aweme_url": "https://www.iesdouyin.com/share/video/6851891027817614592/?region=CN&mid=6843574716985346830&u_code=0&titleType=title", "download_url": "https://www.chanmama.com/awemeDetail/6851891027817614592", "digg_count": 34919, "digg_incr": 14464, "aweme_create_time": 1595330201, "category": 8, "volume": 27, "amount": 1593}, "author": {"author_id": "65564271377", "nickname": "薇薇💗", "follower_count": 553470}}, {"aweme": {"aweme_id": "6851908987735084302", "aweme_title": "@大橙子C4 @拜了拜 #原相机里的自己", "aweme_url": "https://www.iesdouyin.com/share/video/6851908987735084302/?region=CN&mid=6797407141801052932&u_code=0&titleType=title", "download_url": "https://www.chanmama.com/awemeDetail/6851908987735084302", "digg_count": 17883, "digg_incr": 12956, "aweme_create_time": 1595334383, "category": 8, "volume": 0, "amount": 0}, "author": {"author_id": "61074958305", "nickname": "漫羽毛", "follower_count": 481629}}, {"aweme": {"aweme_id": "6851723811704802572", "aweme_title": "拷问女主播之广州恒大#中超 #广州恒大 #遇见足球", "aweme_url": "https://www.iesdouyin.com/share/video/6851723811704802572/?region=CN&mid=6842941164933417736&u_code=0&titleType=title", "download_url": "https://www.chanmama.com/awemeDetail/6851723811704802572", "digg_count": 11514, "digg_incr": 11080, "aweme_create_time": 1595291279, "category": 8, "volume": 0, "amount": 0}, "author": {"author_id": "66681027089", "nickname": "董球会董老厮", "follower_count": 432321}}, {"aweme": {"aweme_id": "6851904779707272463", "aweme_title": "天天喂饼，男孩子的快乐@AirChina徐通 #野球帝courtman", "aweme_url": "https://www.iesdouyin.com/share/video/6851904779707272463/?region=CN&mid=6704596058409929483&u_code=jlj3h5hh617&titleType=title", "download_url": "https://www.chanmama.com/awemeDetail/6851904779707272463", "digg_count": 9929, "digg_incr": 9048, "aweme_create_time": 1595333403, "category": 8, "volume": 0, "amount": 0}, "author": {"author_id": "95684018806", "nickname": "正趣果", "follower_count": 55814}}, {"aweme": {"aweme_id": "6851793840035122447", "aweme_title": "流下了倔强的泪水#滑板 @不止滑板-阿豪", "aweme_url": "https://www.iesdouyin.com/share/video/6851793840035122447/?region=CN&mid=6851793824830769928&u_code=0&titleType=title", "download_url": "https://www.chanmama.com/awemeDetail/6851793840035122447", "digg_count": 10207, "digg_incr": 9043, "aweme_create_time": 1595307574, "category": 8, "volume": 2, "amount": 630}, "author": {"author_id": "54568969434", "nickname": "不止滑板", "follower_count": 595726}}, {"aweme": {"aweme_id": "6851785641747811592", "aweme_title": "再等等 我会变成你喜欢的样子#马甲线  #炫腹挑战", "aweme_url": "https://www.iesdouyin.com/share/video/6851785641747811592/?region=CN&mid=6840229604046310152&u_code=0&titleType=title", "download_url": "https://www.chanmama.com/awemeDetail/6851785641747811592", "digg_count": 9464, "digg_incr": 7789, "aweme_create_time": 1595305665, "category": 8, "volume": 4, "amount": 1432}, "author": {"author_id": "87523926254", "nickname": "Miko小魔轩", "follower_count": 567766}}, {"aweme": {"aweme_id": "6851891468144168206", "aweme_title": "如何正确的开始跳绳训练？#专业健身联盟", "aweme_url": "https://www.iesdouyin.com/share/video/6851891468144168206/?region=CN&mid=6851891488746539783&u_code=0&titleType=title", "download_url": "https://www.chanmama.com/awemeDetail/6851891468144168206", "digg_count": 7490, "digg_incr": 6997, "aweme_create_time": 1595330304, "category": 8, "volume": 0, "amount": 0}, "author": {"author_id": "75735686716", "nickname": "情侣健身的日常", "follower_count": 776438}}, {"aweme": {"aweme_id": "6851774984562429191", "aweme_title": "看我视频你的减肥状态： 点赞这一家 收藏下一家 人在床上躺  肥在心中减", "aweme_url": "https://www.iesdouyin.com/share/video/6851774984562429191/?region=CN&mid=6851775473974889223&u_code=0&titleType=title", "download_url": "https://www.chanmama.com/awemeDetail/6851774984562429191", "digg_count": 6606, "digg_incr": 6413, "aweme_create_time": 1595303195, "category": 8, "volume": 2, "amount": 152}, "author": {"author_id": "70266198636", "nickname": "Jelly兔耳朵", "follower_count": 225095}}, {"aweme": {"aweme_id": "6851780708558540032", "aweme_title": "什么样的几率才能一直球队出三个mvp！#KD 曾说当年只需要留下哈登，他们就可以拿到不止一个冠军！你觉得是吗？", "aweme_url": "https://www.iesdouyin.com/share/video/6851780708558540032/?region=CN&mid=6851780700568341256&u_code=0&titleType=title", "download_url": "https://www.chanmama.com/awemeDetail/6851780708558540032", "digg_count": 6508, "digg_incr": 6229, "aweme_create_time": 1595304517, "category": 8, "volume": 0, "amount": 0}, "author": {"author_id": "98230460060", "nickname": "T·古城🇨🇳篮坛·L", "follower_count": 148534}}, {"aweme": {"aweme_id": "6851887381646249230", "aweme_title": "备赛期肩部实战，一起来试试吧#健身 #健美  #专业健身联盟", "aweme_url": "https://www.iesdouyin.com/share/video/6851887381646249230/?region=CN&mid=6851887409929472782&u_code=0&titleType=title", "download_url": "https://www.chanmama.com/awemeDetail/6851887381646249230", "digg_count": 6924, "digg_incr": 5791, "aweme_create_time": 1595329352, "category": 8, "volume": 0, "amount": 0}, "author": {"author_id": "71510504205", "nickname": "李维刚", "follower_count": 331860}}, {"aweme": {"aweme_id": "6851745410923515143", "aweme_title": "第一次直播带货，王者防汗指套，性价比超高😊#身法猴", "aweme_url": "https://www.iesdouyin.com/share/video/6851745410923515143/?region=CN&mid=6798049582522583811&u_code=0&titleType=title", "download_url": "https://www.chanmama.com/awemeDetail/6851745410923515143", "digg_count": 5913, "digg_incr": 5609, "aweme_create_time": 1595296299, "category": 8, "volume": 37, "amount": 473.6}, "author": {"author_id": "73639206526", "nickname": "国服最帅男票", "follower_count": 111906}}, {"aweme": {"aweme_id": "6851831854811696391", "aweme_title": "能让女人上瘾的绝对不是当面一套，背后一套，而是市区一套，郊区一套，最好海边还有一套#广州带货主播", "aweme_url": "https://www.iesdouyin.com/share/video/6851831854811696391/?region=CN&mid=6832198752925780749&u_code=0&titleType=title", "download_url": "https://www.chanmama.com/awemeDetail/6851831854811696391", "digg_count": 5454, "digg_incr": 5533, "aweme_create_time": 1595316425, "category": 8, "volume": 234, "amount": 9126}, "author": {"author_id": "51527697722", "nickname": "仙女定制.糖果家", "follower_count": 53244}}, {"aweme": {"aweme_id": "6851489359267433741", "aweme_title": "大体重跑者先不做跳的练习，力量练习后一定要做好拉伸。 #专业健身联盟", "aweme_url": "https://www.iesdouyin.com/share/video/6851489359267433741/?region=CN&mid=6851489454096517901&u_code=0&titleType=title", "download_url": "https://www.chanmama.com/awemeDetail/6851489359267433741", "digg_count": 5609, "digg_incr": 5368, "aweme_create_time": 1595300400, "category": 8, "volume": 1, "amount": 99}, "author": {"author_id": "945174595508699", "nickname": "石春健-跑步你问我答", "follower_count": 173261}}, {"aweme": {"aweme_id": "6851894113009192192", "aweme_title": "“sha球”教学，耐心看完，不然就吃大亏了", "aweme_url": "https://www.iesdouyin.com/share/video/6851894113009192192/?region=CN&mid=6851894151777225485&u_code=jlj3h5hh617&titleType=title", "download_url": "https://www.chanmama.com/awemeDetail/6851894113009192192", "digg_count": 5976, "digg_incr": 5134, "aweme_create_time": 1595330919, "category": 8, "volume": 8, "amount": 1000}, "author": {"author_id": "95686549653", "nickname": "黄广益🥇🏸️", "follower_count": 89409}}, {"aweme": {"aweme_id": "6851874132418743565", "aweme_title": "为什么要练腿？新人练腿，你需要知道以下几点！#专业健身联盟 #腿部训练 #增肌", "aweme_url": "https://www.iesdouyin.com/share/video/6851874132418743565/?region=CN&mid=6837237519214578439&u_code=0&titleType=title", "download_url": "https://www.chanmama.com/awemeDetail/6851874132418743565", "digg_count": 6362, "digg_incr": 5047, "aweme_create_time": 1595326268, "category": 8, "volume": 0, "amount": 0}, "author": {"author_id": "67373425447", "nickname": "雷音入象", "follower_count": 435263}}, {"aweme": {"aweme_id": "6851741068141137152", "aweme_title": "搓黏一点 待会钓条大的#水库野钓 #十年情", "aweme_url": "https://www.iesdouyin.com/share/video/6851741068141137152/?region=CN&mid=6851741078844902152&u_code=294bg9c3e87k&titleType=title", "download_url": "https://www.chanmama.com/awemeDetail/6851741068141137152", "digg_count": 7272, "digg_incr": 5022, "aweme_create_time": 1595295288, "category": 8, "volume": 9, "amount": 3582}, "author": {"author_id": "106882806578", "nickname": "上海美人鱼钓具", "follower_count": 57398}}, {"aweme": {"aweme_id": "6851904264432782599", "aweme_title": "两分化训练计划作为新手福利期，你阶段性提升的训练计划是不错的选择", "aweme_url": "https://www.iesdouyin.com/share/video/6851904264432782599/?region=CN&mid=6851904382875732743&u_code=0&titleType=title", "download_url": "https://www.chanmama.com/awemeDetail/6851904264432782599", "digg_count": 6984, "digg_incr": 4668, "aweme_create_time": 1595333302, "category": 8, "volume": 0, "amount": 0}, "author": {"author_id": "62551427230", "nickname": "Tarzan", "follower_count": 892485}}, {"aweme": {"aweme_id": "6851744272132230413", "aweme_title": "不评估就瞎跳，瘦不下来你还闹？ #专业健身联盟", "aweme_url": "https://www.iesdouyin.com/share/video/6851744272132230413/?region=CN&mid=6851744333440224008&u_code=0&titleType=title", "download_url": "https://www.chanmama.com/awemeDetail/6851744272132230413", "digg_count": 4919, "digg_incr": 4521, "aweme_create_time": 1595296049, "category": 8, "volume": 7, "amount": 623}, "author": {"author_id": "3390524896582547", "nickname": "Rosie的瑜伽乐园", "follower_count": 837913}}, {"aweme": {"aweme_id": "6851724818258185485", "aweme_title": "这 篮架可以当古董了#用篮球表达心情", "aweme_url": "https://www.iesdouyin.com/share/video/6851724818258185485/?region=CN&mid=6840229604046310152&u_code=b0ge2ik4jel&titleType=title", "download_url": "https://www.chanmama.com/awemeDetail/6851724818258185485", "digg_count": 4918, "digg_incr": 4479, "aweme_create_time": 1595291506, "category": 8, "volume": 21, "amount": 1460}, "author": {"author_id": "58611692812", "nickname": "李瑞🏀", "follower_count": 64239}}, {"aweme": {"aweme_id": "6851908397416140040", "aweme_title": "亲子款学院风运动系列。￼炒鸡火爆，#童装 #热门 #学院风￼#新品 #365天365穿搭", "aweme_url": "https://www.iesdouyin.com/share/video/6851908397416140040/?region=CN&mid=6848547965477980936&u_code=0&titleType=title", "download_url": "https://www.chanmama.com/awemeDetail/6851908397416140040", "digg_count": 6741, "digg_incr": 4441, "aweme_create_time": 1595334245, "category": 8, "volume": 0, "amount": 0}, "author": {"author_id": "100818907867", "nickname": "星际小熊精品童装", "follower_count": 508071}}, {"aweme": {"aweme_id": "6851892649134247183", "aweme_title": "辣妹又怎样？吃饱饭照样有小肚子", "aweme_url": "https://www.iesdouyin.com/share/video/6851892649134247183/?region=CN&mid=6832198752925780749&u_code=0&titleType=title", "download_url": "https://www.chanmama.com/awemeDetail/6851892649134247183", "digg_count": 6558, "digg_incr": 4337, "aweme_create_time": 1595330579, "category": 8, "volume": 0, "amount": 0}, "author": {"author_id": "81338788561", "nickname": "里里又辣了", "follower_count": 414887}}, {"aweme": {"aweme_id": "6851789042086939904", "aweme_title": "#牛角梳@DOU+小助手", "aweme_url": "https://www.iesdouyin.com/share/video/6851789042086939904/?region=CN&mid=6851789080075389703&u_code=0&titleType=title", "download_url": "https://www.chanmama.com/awemeDetail/6851789042086939904", "digg_count": 4244, "digg_incr": 4133, "aweme_create_time": 1595306457, "category": 8, "volume": 15, "amount": 2070}, "author": {"author_id": "980364264477396", "nickname": "健立凯梳缘旗舰店", "follower_count": 125818}}, {"aweme": {"aweme_id": "6851876479291165960", "aweme_title": "二十岁以后的人生就好像是按了加速键 #抖音热门 #广州带货主播", "aweme_url": "https://www.iesdouyin.com/share/video/6851876479291165960/?region=CN&mid=6778770093485590529&u_code=0&titleType=title", "download_url": "https://www.chanmama.com/awemeDetail/6851876479291165960", "digg_count": 4535, "digg_incr": 4112, "aweme_create_time": 1595326815, "category": 8, "volume": 52, "amount": 2028}, "author": {"author_id": "51527697722", "nickname": "仙女定制.糖果家", "follower_count": 53244}}, {"aweme": {"aweme_id": "6851823376575794440", "aweme_title": "#瑞典北极狐双肩包  一起来拍照吧～", "aweme_url": "https://www.iesdouyin.com/share/video/6851823376575794440/?region=CN&mid=6851823390723590920&u_code=0&titleType=title", "download_url": "https://www.chanmama.com/awemeDetail/6851823376575794440", "digg_count": 4159, "digg_incr": 4094, "aweme_create_time": 1595314452, "category": 8, "volume": 0, "amount": 0}, "author": {"author_id": "60127683759", "nickname": "Kim夏", "follower_count": 770821}}, {"aweme": {"aweme_id": "6851678571946069262", "aweme_title": "新出的一款裙子叫减龄裙  四五十岁女人穿上美丽洋气！#穿搭 @抖音小助手", "aweme_url": "https://www.iesdouyin.com/share/video/6851678571946069262/?region=CN&mid=6825189844520651528&u_code=d3cj78d2g00&titleType=title", "download_url": "https://www.chanmama.com/awemeDetail/6851678571946069262", "digg_count": 4108, "digg_incr": 3945, "aweme_create_time": 1595280751, "category": 8, "volume": 73, "amount": 6497}, "author": {"author_id": "96376652312615", "nickname": "方夫人（中年穿搭）", "follower_count": 206261}}, {"aweme": {"aweme_id": "6851856905095220480", "aweme_title": "@沙家浜物語晴发了一个抖音短视频，你尽管点开，不好看算我输！", "aweme_url": "https://www.iesdouyin.com/share/video/6851856905095220480/?region=CN&mid=6690374565119462156&u_code=0&titleType=", "download_url": "https://www.chanmama.com/awemeDetail/6851856905095220480", "digg_count": 5466, "digg_incr": 3797, "aweme_create_time": 1595322258, "category": 8, "volume": 7, "amount": 203}, "author": {"author_id": "68841148283", "nickname": "沙家浜物語晴", "follower_count": 960672}}, {"aweme": {"aweme_id": "6851837462155709711", "aweme_title": "就这…就这……就这样吧#软开度 #花样一字马", "aweme_url": "https://www.iesdouyin.com/share/video/6851837462155709711/?region=CN&mid=6834816746935831304&u_code=27l4hke24855&titleType=title", "download_url": "https://www.chanmama.com/awemeDetail/6851837462155709711", "digg_count": 3928, "digg_incr": 3771, "aweme_create_time": 1595317731, "category": 8, "volume": 0, "amount": 0}, "author": {"author_id": "60277883850", "nickname": "南方姑娘。", "follower_count": 50021}}, {"aweme": {"aweme_id": "6851907983824243972", "aweme_title": "发现一个超好用的驱蚊液～孕妇小孩宠物都可以用～#好物分享 #种草", "aweme_url": "https://www.iesdouyin.com/share/video/6851907983824243972/?region=CN&mid=6851908059960265486&u_code=0&titleType=title", "download_url": "https://www.chanmama.com/awemeDetail/6851907983824243972", "digg_count": 4129, "digg_incr": 3233, "aweme_create_time": 1595334154, "category": 8, "volume": 34, "amount": 2346}, "author": {"author_id": "63259638916", "nickname": "小石榴的好物分享", "follower_count": 954305}}, {"aweme": {"aweme_id": "6851766220677582080", "aweme_title": "@丹肿发了一个抖音短视频，你尽管点开，不好看算我输！", "aweme_url": "https://www.iesdouyin.com/share/video/6851766220677582080/?region=CN&mid=6683280896239389443&u_code=0&titleType=", "download_url": "https://www.chanmama.com/awemeDetail/6851766220677582080", "digg_count": 3218, "digg_incr": 3218, "aweme_create_time": 1595301143, "category": 8, "volume": 0, "amount": 0}, "author": {"author_id": "4199775737218291", "nickname": "丹肿", "follower_count": 205237}}, {"aweme": {"aweme_id": "6851766465985547535", "aweme_title": "12秒简单易学“书简舞”背面教程。动感的舞姿+大气的音乐=完美！家人们一起舞动起来吧。#舞蹈 #抖音小助手", "aweme_url": "https://www.iesdouyin.com/share/video/6851766465985547535/?region=CN&mid=6851766470985272077&u_code=0&titleType=title", "download_url": "https://www.chanmama.com/awemeDetail/6851766465985547535", "digg_count": 4360, "digg_incr": 2870, "aweme_create_time": 1595301200, "category": 8, "volume": 2, "amount": 158}, "author": {"author_id": "4353699170238046", "nickname": "唐老师形体课堂(舞蹈)", "follower_count": 166733}}, {"aweme": {"aweme_id": "6851774154551627021", "aweme_title": "老板怎么了！不管了 直接拿走！", "aweme_url": "https://www.iesdouyin.com/share/video/6851774154551627021/?region=CN&mid=6851774250085321485&u_code=0&titleType=title", "download_url": "https://www.chanmama.com/awemeDetail/6851774154551627021", "digg_count": 5020, "digg_incr": 2862, "aweme_create_time": 1595303002, "category": 8, "volume": 243, "amount": 24057}, "author": {"author_id": "2291012634163304", "nickname": "瑞安鲁文鞋服", "follower_count": 142962}}, {"aweme": {"aweme_id": "6851703269077617933", "aweme_title": "努力是为了自己，而不是逢迎任何人。加油#跑步自律", "aweme_url": "https://www.iesdouyin.com/share/video/6851703269077617933/?region=CN&mid=6848568735670733576&u_code=0&titleType=title", "download_url": "https://www.chanmama.com/awemeDetail/6851703269077617933", "digg_count": 3008, "digg_incr": 2766, "aweme_create_time": 1595286491, "category": 8, "volume": 6, "amount": 1570}, "author": {"author_id": "58899944183", "nickname": "丹", "follower_count": 127360}}, {"aweme": {"aweme_id": "6851845668982639872", "aweme_title": "两个动作打造你的铁板核心，你说硬不硬就完了！#核心 #核心力量", "aweme_url": "https://www.iesdouyin.com/share/video/6851845668982639872/?region=CN&mid=6851845687765027597&u_code=0&titleType=title", "download_url": "https://www.chanmama.com/awemeDetail/6851845668982639872", "digg_count": 6698, "digg_incr": 2723, "aweme_create_time": 1595319642, "category": 8, "volume": 10, "amount": 256}, "author": {"author_id": "100699661479", "nickname": "Hi健身", "follower_count": 102821}}, {"aweme": {"aweme_id": "6851892881943219460", "aweme_title": "看得出我是可以一口气做15个引体向上的女生吗？#健身女孩 #玛莎拉蒂锋芒玩家 @抖音小助手", "aweme_url": "https://www.iesdouyin.com/share/video/6851892881943219460/?region=CN&mid=6818858939954940684&u_code=13h2b40ld9m7&titleType=title", "download_url": "https://www.chanmama.com/awemeDetail/6851892881943219460", "digg_count": 2782, "digg_incr": 2713, "aweme_create_time": 1595330638, "category": 8, "volume": 0, "amount": 0}, "author": {"author_id": "85885733052", "nickname": "💫Bonnie", "follower_count": 15094}}, {"aweme": {"aweme_id": "6851688671968595200", "aweme_title": "肚子大，屁股大，腰粗的女人，试试这款连衣裙，遮肉又减龄#时尚妈妈装#遮肉显瘦穿搭 #抖音小助手", "aweme_url": "https://www.iesdouyin.com/share/video/6851688671968595200/?region=CN&mid=6851688576531303176&u_code=19fjbl89kf63&titleType=title", "download_url": "https://www.chanmama.com/awemeDetail/6851688671968595200", "digg_count": 4735, "digg_incr": 2632, "aweme_create_time": 1595283097, "category": 8, "volume": 20, "amount": 2780}, "author": {"author_id": "63625568665", "nickname": "常熟市莫城街道王宝兰服装商行", "follower_count": 78226}}, {"aweme": {"aweme_id": "6851897983039065358", "aweme_title": "放下浮躁，前进✊💪👈@准者篮球训练营（福利继续）", "aweme_url": "https://www.iesdouyin.com/share/video/6851897983039065358/?region=CN&mid=6812531210225781511&u_code=0&titleType=title", "download_url": "https://www.chanmama.com/awemeDetail/6851897983039065358", "digg_count": 4645, "digg_incr": 2529, "aweme_create_time": 1595331821, "category": 8, "volume": 3, "amount": 57}, "author": {"author_id": "646163025367788", "nickname": "🏀疯子", "follower_count": 259475}}, {"aweme": {"aweme_id": "6851814403608759567", "aweme_title": "#卡点 #滑行盘 #练腹肌 我这几天太懒了，我我我要练出大腹肌💪", "aweme_url": "https://www.iesdouyin.com/share/video/6851814403608759567/?region=CN&mid=6849647018814589710&u_code=379jm8h3l53m&titleType=title", "download_url": "https://www.chanmama.com/awemeDetail/6851814403608759567", "digg_count": 2618, "digg_incr": 2483, "aweme_create_time": 1595312362, "category": 8, "volume": 5, "amount": 149.5}, "author": {"author_id": "61910039334", "nickname": "当阳街健M公子", "follower_count": 50945}}, {"aweme": {"aweme_id": "6851709055648419086", "aweme_title": "今天开始单人吉特巴红枣树开始上传分解动作。请大家关注。", "aweme_url": "https://www.iesdouyin.com/share/video/6851709055648419086/?region=CN&mid=6851708982965406472&u_code=0&titleType=title", "download_url": "https://www.chanmama.com/awemeDetail/6851709055648419086", "digg_count": 2800, "digg_incr": 2378, "aweme_create_time": 1595287837, "category": 8, "volume": 6, "amount": 354}, "author": {"author_id": "68087992757", "nickname": "山妹她爸", "follower_count": 271400}}, {"aweme": {"aweme_id": "6851838225015655692", "aweme_title": "打篮球就穿黑白它不香吗？非要整得花花绿绿！！！#胯下拉回 #运球节奏 @准者篮球训练营（福利继续）", "aweme_url": "https://www.iesdouyin.com/share/video/6851838225015655692/?region=CN&mid=6752850393320917772&u_code=27l4hkd95f9c&titleType=title", "download_url": "https://www.chanmama.com/awemeDetail/6851838225015655692", "digg_count": 5225, "digg_incr": 2368, "aweme_create_time": 1595317916, "category": 8, "volume": 0, "amount": 0}, "author": {"author_id": "69787128773", "nickname": "篮球少女三日", "follower_count": 77704}}, {"aweme": {"aweme_id": "6851901152313871630", "aweme_title": "这是3种后撤步吗？#篮球", "aweme_url": "https://www.iesdouyin.com/share/video/6851901152313871630/?region=CN&mid=6851901181309111047&u_code=0&titleType=title", "download_url": "https://www.chanmama.com/awemeDetail/6851901152313871630", "digg_count": 3266, "digg_incr": 2303, "aweme_create_time": 1595332559, "category": 8, "volume": 0, "amount": 0}, "author": {"author_id": "108365468344", "nickname": "Micah Lancaster 迈卡", "follower_count": 479769}}, {"aweme": {"aweme_id": "6851815742648765696", "aweme_title": "感谢大家的支持昨天的视频🔥了一把，无以为报，唯有再跳一遍😂表达感谢🙏", "aweme_url": "https://www.iesdouyin.com/share/video/6851815742648765696/?region=CN&mid=6849569505941768968&u_code=0&titleType=title", "download_url": "https://www.chanmama.com/awemeDetail/6851815742648765696", "digg_count": 2856, "digg_incr": 2135, "aweme_create_time": 1595312674, "category": 8, "volume": 1, "amount": 59}, "author": {"author_id": "68841148283", "nickname": "沙家浜物語晴", "follower_count": 960672}}, {"aweme": {"aweme_id": "6851711476034571533", "aweme_title": "很柔软舒服的一款短裤，相信我一定要穿它，关键它遮肉。 #穿搭  @DOU+小助手", "aweme_url": "https://www.iesdouyin.com/share/video/6851711476034571533/?region=CN&mid=6835932792933582856&u_code=d3cj78d2g00&titleType=title", "download_url": "https://www.chanmama.com/awemeDetail/6851711476034571533", "digg_count": 6101, "digg_incr": 2089, "aweme_create_time": 1595288401, "category": 8, "volume": 377, "amount": 18812.3}, "author": {"author_id": "73798083244", "nickname": "丰泽森衣惠女装", "follower_count": 68016}}, {"aweme": {"aweme_id": "6851750741997079808", "aweme_title": "优美醉人情歌【还要等你多久】好听极了🌸", "aweme_url": "https://www.iesdouyin.com/share/video/6851750741997079808/?region=CN&mid=6851750769335618317&u_code=19fjbl89kf63&titleType=title", "download_url": "https://www.chanmama.com/awemeDetail/6851750741997079808", "digg_count": 2679, "digg_incr": 2061, "aweme_create_time": 1595297539, "category": 8, "volume": 5, "amount": 245}, "author": {"author_id": "68841148283", "nickname": "沙家浜物語晴", "follower_count": 960672}}, {"aweme": {"aweme_id": "6851876340367412495", "aweme_title": "#健身姐妹 脸蛋是爸妈给的，翘臀是自己练的 #姐妹拍照姿势 @DOU+小助手", "aweme_url": "https://www.iesdouyin.com/share/video/6851876340367412495/?region=CN&mid=6843601486287801096&u_code=2k5ab5a5913d&titleType=title", "download_url": "https://www.chanmama.com/awemeDetail/6851876340367412495", "digg_count": 4505, "digg_incr": 2028, "aweme_create_time": 1595326782, "category": 8, "volume": 1, "amount": 79}, "author": {"author_id": "108946595105", "nickname": "黄式大小姐", "follower_count": 48673}}, {"aweme": {"aweme_id": "6851863617017498893", "aweme_title": "锦袍炫丽仪态娇，圆臀玉腿细柔腰。#专业健身联盟", "aweme_url": "https://www.iesdouyin.com/share/video/6851863617017498893/?region=CN&mid=6851863723259300621&u_code=0&titleType=title", "download_url": "https://www.chanmama.com/awemeDetail/6851863617017498893", "digg_count": 2220, "digg_incr": 1985, "aweme_create_time": 1595323836, "category": 8, "volume": 0, "amount": 0}, "author": {"author_id": "3390524896582547", "nickname": "Rosie的瑜伽乐园", "follower_count": 837913}}, {"aweme": {"aweme_id": "6851831775648419072", "aweme_title": "难道是我人太小了吗？", "aweme_url": "https://www.iesdouyin.com/share/video/6851831775648419072/?region=CN&mid=6851831779045804813&u_code=0&titleType=title", "download_url": "https://www.chanmama.com/awemeDetail/6851831775648419072", "digg_count": 9144, "digg_incr": 1954, "aweme_create_time": 1595316407, "category": 8, "volume": 0, "amount": 0}, "author": {"author_id": "64980302117", "nickname": "钓鱼人丢哥", "follower_count": 185971}}, {"aweme": {"aweme_id": "6851705901863259405", "aweme_title": "这音乐好像有点火🔥😅", "aweme_url": "https://www.iesdouyin.com/share/video/6851705901863259405/?region=CN&mid=6831313678122371853&u_code=0&titleType=title", "download_url": "https://www.chanmama.com/awemeDetail/6851705901863259405", "digg_count": 2178, "digg_incr": 1951, "aweme_create_time": 1595287103, "category": 8, "volume": 0, "amount": 0}, "author": {"author_id": "103883647530", "nickname": "对自己好点", "follower_count": 200678}}, {"aweme": {"aweme_id": "6851784934324014336", "aweme_title": "忘不了那座山约，忘不了那条河，忘不了家乡的妹子约，你还在等着我……#妹妹你等着我 #广场舞", "aweme_url": "https://www.iesdouyin.com/share/video/6851784934324014336/?region=CN&mid=6851785011469765389&u_code=0&titleType=title", "download_url": "https://www.chanmama.com/awemeDetail/6851784934324014336", "digg_count": 2381, "digg_incr": 1950, "aweme_create_time": 1595305500, "category": 8, "volume": 0, "amount": 0}, "author": {"author_id": "101521353111", "nickname": "金社晓晓广场舞", "follower_count": 652101}}, {"aweme": {"aweme_id": "6851922618405195022", "aweme_title": "男女宝宝秋款运动夹克，多色可选，品质保证#童装 #儿童外套 @DOU+小助手", "aweme_url": "https://www.iesdouyin.com/share/video/6851922618405195022/?region=CN&mid=6851922738509138701&u_code=d3cj78d2g00&titleType=title", "download_url": "https://www.chanmama.com/awemeDetail/6851922618405195022", "digg_count": 2228, "digg_incr": 1852, "aweme_create_time": 1595337580, "category": 8, "volume": 90, "amount": 1790.9999999999998}, "author": {"author_id": "3175011058976519", "nickname": "简槑精品童装", "follower_count": 242490}}, {"aweme": {"aweme_id": "6851866067455724813", "aweme_title": "#跳舞 #健身 每天来一曲，广场领舞不是梦", "aweme_url": "https://www.iesdouyin.com/share/video/6851866067455724813/?region=CN&mid=6834653249388219143&u_code=0&titleType=title", "download_url": "https://www.chanmama.com/awemeDetail/6851866067455724813", "digg_count": 3678, "digg_incr": 1769, "aweme_create_time": 1595324390, "category": 8, "volume": 5, "amount": 395}, "author": {"author_id": "59699352061", "nickname": "安吉丽娜·Reyna", "follower_count": 557341}}, {"aweme": {"aweme_id": "6851756933121051912", "aweme_title": "很多女生后背赘肉多，圆肩驼背不好看。一根阻力绳四个动作，家中薄背计划#圆肩驼背 改造", "aweme_url": "https://www.iesdouyin.com/share/video/6851756933121051912/?region=CN&mid=6851756937542241031&u_code=e9jhj6ecge5&titleType=title", "download_url": "https://www.chanmama.com/awemeDetail/6851756933121051912", "digg_count": 1863, "digg_incr": 1757, "aweme_create_time": 1595298981, "category": 8, "volume": 26, "amount": 910}, "author": {"author_id": "109670723892", "nickname": "练沙漏身材的小姐姐", "follower_count": 196302}}, {"aweme": {"aweme_id": "6851704320447008007", "aweme_title": "余生很短 请听从内心 做你想做的 错了算我的", "aweme_url": "https://www.iesdouyin.com/share/video/6851704320447008007/?region=CN&mid=6851704250540985095&u_code=e9jhj6ecge5&titleType=title", "download_url": "https://www.chanmama.com/awemeDetail/6851704320447008007", "digg_count": 1940, "digg_incr": 1753, "aweme_create_time": 1595286735, "category": 8, "volume": 0, "amount": 0}, "author": {"author_id": "64550858441", "nickname": "王若颖颖颖✨", "follower_count": 73519}}, {"aweme": {"aweme_id": "6851866029434408200", "aweme_title": "汪汪汪..开饭咯！ #撒一把超甜狗粮", "aweme_url": "https://www.iesdouyin.com/share/video/6851866029434408200/?region=CN&mid=6851866118764628744&u_code=0&titleType=title", "download_url": "https://www.chanmama.com/awemeDetail/6851866029434408200", "digg_count": 2532, "digg_incr": 1685, "aweme_create_time": 1595324397, "category": 8, "volume": 7, "amount": 1113}, "author": {"author_id": "58921825978", "nickname": "JOEX", "follower_count": 140788}}, {"aweme": {"aweme_id": "6851893540746693902", "aweme_title": "@潍坊咏美发了一个抖音短视频，你尽管点开，不好看算我输！", "aweme_url": "https://www.iesdouyin.com/share/video/6851893540746693902/?region=CN&mid=6640625047666952964&u_code=0&titleType=", "download_url": "https://www.chanmama.com/awemeDetail/6851893540746693902", "digg_count": 1993, "digg_incr": 1633, "aweme_create_time": 1595330786, "category": 8, "volume": 0, "amount": 0}, "author": {"author_id": "93212675131", "nickname": "潍坊咏美", "follower_count": 439998}}, {"aweme": {"aweme_id": "6851743289742298383", "aweme_title": "不要轻言放弃，否则对不起自己。#半马#跑步#飞比特隐形腰包", "aweme_url": "https://www.iesdouyin.com/share/video/6851743289742298383/?region=CN&mid=6851743285602568973&u_code=392lcgmfjmi6&titleType=title", "download_url": "https://www.chanmama.com/awemeDetail/6851743289742298383", "digg_count": 2465, "digg_incr": 1592, "aweme_create_time": 1595295804, "category": 8, "volume": 1, "amount": 179}, "author": {"author_id": "57471348685", "nickname": "爱跑步的大姐姐✨", "follower_count": 9089}}, {"aweme": {"aweme_id": "6851885346980990223", "aweme_title": "打篮球必须掌握的经验，建议收藏！@抖音小助手", "aweme_url": "https://www.iesdouyin.com/share/video/6851885346980990223/?region=CN&mid=6851885356057365255&u_code=0&titleType=title", "download_url": "https://www.chanmama.com/awemeDetail/6851885346980990223", "digg_count": 1965, "digg_incr": 1555, "aweme_create_time": 1595328879, "category": 8, "volume": 3, "amount": 186}, "author": {"author_id": "59122039447", "nickname": "深读篮球", "follower_count": 82645}}, {"aweme": {"aweme_id": "6851881482798091520", "aweme_title": "#曳步舞0基础教学 @抖音小助手", "aweme_url": "https://www.iesdouyin.com/share/video/6851881482798091520/?region=CN&mid=6851881494857042695&u_code=0&titleType=title", "download_url": "https://www.chanmama.com/awemeDetail/6851881482798091520", "digg_count": 1885, "digg_incr": 1442, "aweme_create_time": 1595327979, "category": 8, "volume": 0, "amount": 0}, "author": {"author_id": "93514330439", "nickname": "小黄人曳步舞", "follower_count": 618390}}, {"aweme": {"aweme_id": "6851735246027705613", "aweme_title": "#过河 简单24步舞蹈，一起来😀😀@DOU+小助手 @抖音小助手", "aweme_url": "https://www.iesdouyin.com/share/video/6851735246027705613/?region=CN&mid=6831313678122371853&u_code=0&titleType=title", "download_url": "https://www.chanmama.com/awemeDetail/6851735246027705613", "digg_count": 1891, "digg_incr": 1430, "aweme_create_time": 1595293933, "category": 8, "volume": 0, "amount": 0}, "author": {"author_id": "63956385757", "nickname": "简简单单", "follower_count": 424315}}, {"aweme": {"aweme_id": "6851771520792988941", "aweme_title": "不好意思我又又又打脸了#微胖穿搭 #微胖女生", "aweme_url": "https://www.iesdouyin.com/share/video/6851771520792988941/?region=CN&mid=6851771561771748103&u_code=0&titleType=title", "download_url": "https://www.chanmama.com/awemeDetail/6851771520792988941", "digg_count": 1836, "digg_incr": 1429, "aweme_create_time": 1595302377, "category": 8, "volume": 13, "amount": 517.4}, "author": {"author_id": "96520656986", "nickname": "憨娜Hannah", "follower_count": 744713}}, {"aweme": {"aweme_id": "6851786824797392143", "aweme_title": "40岁之前和40岁之后打球的区别。@抖音小助手 #准者篮球训练营", "aweme_url": "https://www.iesdouyin.com/share/video/6851786824797392143/?region=CN&mid=6851786810528779015&u_code=0&titleType=title", "download_url": "https://www.chanmama.com/awemeDetail/6851786824797392143", "digg_count": 1835, "digg_incr": 1417, "aweme_create_time": 1595305940, "category": 8, "volume": 0, "amount": 0}, "author": {"author_id": "59122039447", "nickname": "深读篮球", "follower_count": 82645}}, {"aweme": {"aweme_id": "6851693606110022925", "aweme_title": "今天上午9点，休息一场！家中有事情！", "aweme_url": "https://www.iesdouyin.com/share/video/6851693606110022925/?region=CN&mid=6851693519258995463&u_code=0&titleType=title", "download_url": "https://www.chanmama.com/awemeDetail/6851693606110022925", "digg_count": 1999, "digg_incr": 1413, "aweme_create_time": 1595284244, "category": 8, "volume": 4, "amount": 235.2}, "author": {"author_id": "76155328093", "nickname": "姜峰健身❤️（每天三场直播）", "follower_count": 435756}}, {"aweme": {"aweme_id": "6851909558953069832", "aweme_title": "据说穿这个颜色的健身服的，都是健身房钉子户~ #健身  #穿搭", "aweme_url": "https://www.iesdouyin.com/share/video/6851909558953069832/?region=CN&mid=6851909730664385293&u_code=0&titleType=title", "download_url": "https://www.chanmama.com/awemeDetail/6851909558953069832", "digg_count": 1640, "digg_incr": 1403, "aweme_create_time": 1595334536, "category": 8, "volume": 0, "amount": 0}, "author": {"author_id": "70266198636", "nickname": "Jelly兔耳朵", "follower_count": 225095}}, {"aweme": {"aweme_id": "6851744796201995531", "aweme_title": "#好物推荐", "aweme_url": "https://www.iesdouyin.com/share/video/6851744796201995531/?region=CN&mid=6851744817160964871&u_code=392lcgmlb7i7&titleType=title", "download_url": "https://www.chanmama.com/awemeDetail/6851744796201995531", "digg_count": 1469, "digg_incr": 1396, "aweme_create_time": 1595296161, "category": 8, "volume": 2, "amount": 39.8}, "author": {"author_id": "1521357499145280", "nickname": "爱装修的丫头", "follower_count": 328499}}, {"aweme": {"aweme_id": "6851824622296501504", "aweme_title": "#拉丁舞服 #zym穿搭 @DOU+小助手 @抖音小助手", "aweme_url": "https://www.iesdouyin.com/share/video/6851824622296501504/?region=CN&mid=6851824629137410829&u_code=22j00im8c6fc&titleType=title", "download_url": "https://www.chanmama.com/awemeDetail/6851824622296501504", "digg_count": 2577, "digg_incr": 1394, "aweme_create_time": 1595314742, "category": 8, "volume": 1, "amount": 217.55}, "author": {"author_id": "59840207762", "nickname": "_憬辰Jenny", "follower_count": 73909}}, {"aweme": {"aweme_id": "6851813954465877256", "aweme_title": "芭比瑜伽裤➕烫钻闺蜜装，这一套太好看了！", "aweme_url": "https://www.iesdouyin.com/share/video/6851813954465877256/?region=CN&mid=6825818694964120328&u_code=419chlmg0h1h&titleType=title", "download_url": "https://www.chanmama.com/awemeDetail/6851813954465877256", "digg_count": 1497, "digg_incr": 1394, "aweme_create_time": 1595312258, "category": 8, "volume": 0, "amount": 0}, "author": {"author_id": "3597242853753502", "nickname": "七秒鱼服装商行", "follower_count": 55006}}, {"aweme": {"aweme_id": "6851756273441000712", "aweme_title": "发现鱼群，偷袭成功爆网", "aweme_url": "https://www.iesdouyin.com/share/video/6851756273441000712/?region=CN&mid=6548550835465358084&u_code=379jm8h3l53m&titleType=title", "download_url": "https://www.chanmama.com/awemeDetail/6851756273441000712", "digg_count": 4670, "digg_incr": 1393, "aweme_create_time": 1595298827, "category": 8, "volume": 0, "amount": 0}, "author": {"author_id": "109710278345", "nickname": "渔网神器", "follower_count": 147521}}, {"aweme": {"aweme_id": "6851773222875155712", "aweme_title": "寻找56个民族农村兄弟姐妹，建一个60.70后群，我们一起开心，一起笑，难过的时候一起杠#生活 @抖音小助手", "aweme_url": "https://www.iesdouyin.com/share/video/6851773222875155712/?region=CN&mid=6807281034980641549&u_code=419chlmg0h1h&titleType=title", "download_url": "https://www.chanmama.com/awemeDetail/6851773222875155712", "digg_count": 1617, "digg_incr": 1321, "aweme_create_time": 1595302773, "category": 8, "volume": 2, "amount": 51.8}, "author": {"author_id": "97485020541", "nickname": "马素清", "follower_count": 39116}}, {"aweme": {"aweme_id": "6851741342436003087", "aweme_title": "王炸牛仔外套最后一波！赶紧来#直播带货 #抖音小助手", "aweme_url": "https://www.iesdouyin.com/share/video/6851741342436003087/?region=CN&mid=6826204244413434638&u_code=0&titleType=title", "download_url": "https://www.chanmama.com/awemeDetail/6851741342436003087", "digg_count": 1347, "digg_incr": 1318, "aweme_create_time": 1595295351, "category": 8, "volume": 261, "amount": 11457.9}, "author": {"author_id": "96175501107", "nickname": "深圳市紫丁服饰有限公司", "follower_count": 14290}}, {"aweme": {"aweme_id": "6851939140158639375", "aweme_title": "希望在你丧失表达欲的那个时候 能有人温柔地接住你的疲惫 #不知姓名的c", "aweme_url": "https://www.iesdouyin.com/share/video/6851939140158639375/?region=CN&mid=6851939135133960974&u_code=0&titleType=title", "download_url": "https://www.chanmama.com/awemeDetail/6851939140158639375", "digg_count": 1510, "digg_incr": 1311, "aweme_create_time": 1595341402, "category": 8, "volume": 4, "amount": 99.2}, "author": {"author_id": "71605245149", "nickname": "不知姓名的C", "follower_count": 41322}}, {"aweme": {"aweme_id": "6851700822296808711", "aweme_title": "跑步时间久了你会发现：会失去很多东西：恶习，懒惰，借口，你将重新找回自己！#跑步 #自律 #四季运动俱乐部", "aweme_url": "https://www.iesdouyin.com/share/video/6851700822296808711/?region=CN&mid=6665584810238544648&u_code=2a110239dl8l&titleType=title", "download_url": "https://www.chanmama.com/awemeDetail/6851700822296808711", "digg_count": 1301, "digg_incr": 1274, "aweme_create_time": 1595285921, "category": 8, "volume": 5, "amount": 605.6}, "author": {"author_id": "98796883086", "nickname": "军哥【汗水英雄联盟】", "follower_count": 51756}}, {"aweme": {"aweme_id": "6851711669547093248", "aweme_title": "你会享受一个人奔跑的快乐吗？锁住心率，让脂肪燃烧更开心一点！75分钟跑了#有氧心率跑 16公里", "aweme_url": "https://www.iesdouyin.com/share/video/6851711669547093248/?region=CN&mid=6843998490150947598&u_code=19fjbl89kf63&titleType=title", "download_url": "https://www.chanmama.com/awemeDetail/6851711669547093248", "digg_count": 1369, "digg_incr": 1250, "aweme_create_time": 1595288445, "category": 8, "volume": 0, "amount": 0}, "author": {"author_id": "99627826440", "nickname": "马可周惠民", "follower_count": 13365}}, {"aweme": {"aweme_id": "6851839679898144000", "aweme_title": "周末测试款#户外装备 #越野跑鞋 #越野跑 #户外生活 #抖音小助手", "aweme_url": "https://www.iesdouyin.com/share/video/6851839679898144000/?region=CN&mid=6851839706481642253&u_code=2kf531i7iek5&titleType=title", "download_url": "https://www.chanmama.com/awemeDetail/6851839679898144000", "digg_count": 1671, "digg_incr": 1231, "aweme_create_time": 1595318247, "category": 8, "volume": 6, "amount": 2748}, "author": {"author_id": "63990380264", "nickname": "安蒂的户外世界", "follower_count": 56184}}, {"aweme": {"aweme_id": "6851896215672458511", "aweme_title": "女人就应该活成自己喜欢的样子 #健身 #背影杀手 #dou热门 @抖音小助手", "aweme_url": "https://www.iesdouyin.com/share/video/6851896215672458511/?region=CN&mid=6845045424714189575&u_code=jc1bkmg2hch&titleType=title", "download_url": "https://www.chanmama.com/awemeDetail/6851896215672458511", "digg_count": 1421, "digg_incr": 1200, "aweme_create_time": 1595331409, "category": 8, "volume": 0, "amount": 0}, "author": {"author_id": "96593234852", "nickname": "力量女孩健身服", "follower_count": 61740}}, {"aweme": {"aweme_id": "6851876877712346372", "aweme_title": "是谁的臀这么翘啊 哦 原来是我自己嘻嘻#蜜桃臀 #臀部训练 @抖音小助手", "aweme_url": "https://www.iesdouyin.com/share/video/6851876877712346372/?region=CN&mid=6851876922410961671&u_code=1j0gg92c5cf9&titleType=title", "download_url": "https://www.chanmama.com/awemeDetail/6851876877712346372", "digg_count": 1541, "digg_incr": 1193, "aweme_create_time": 1595326914, "category": 8, "volume": 2, "amount": 36}, "author": {"author_id": "3157434655847899", "nickname": "蜜桃臀🍑胡sir", "follower_count": 65348}}, {"aweme": {"aweme_id": "6851818762807659787", "aweme_title": "太热了…", "aweme_url": "https://www.iesdouyin.com/share/video/6851818762807659787/?region=CN&mid=6838930295215885067&u_code=0&titleType=title", "download_url": "https://www.chanmama.com/awemeDetail/6851818762807659787", "digg_count": 1598, "digg_incr": 1187, "aweme_create_time": 1595313385, "category": 8, "volume": 0, "amount": 0}, "author": {"author_id": "11829688844", "nickname": "晴迗", "follower_count": 948328}}, {"aweme": {"aweme_id": "6851861732277734664", "aweme_title": "功夫是时间和汗水练出来的，大家认同吗？ #功夫  #侧蹬  @抖音小助手", "aweme_url": "https://www.iesdouyin.com/share/video/6851861732277734664/?region=CN&mid=6851861815870245646&u_code=0&titleType=title", "download_url": "https://www.chanmama.com/awemeDetail/6851861732277734664", "digg_count": 1551, "digg_incr": 1184, "aweme_create_time": 1595323398, "category": 8, "volume": 10, "amount": 90}, "author": {"author_id": "78125405138", "nickname": "武当陈师宇", "follower_count": 182824}}, {"aweme": {"aweme_id": "6851873389137775883", "aweme_title": "市面上那么多种类补剂 那几个最有用？ #健身#man哥牛逼@暴躁的Man哥", "aweme_url": "https://www.iesdouyin.com/share/video/6851873389137775883/?region=CN&mid=6851873583704705806&u_code=24lj60c7kgi7&titleType=title", "download_url": "https://www.chanmama.com/awemeDetail/6851873389137775883", "digg_count": 1612, "digg_incr": 1181, "aweme_create_time": 1595326130, "category": 8, "volume": 2, "amount": 218}, "author": {"author_id": "1965581462418340", "nickname": "健助师Man哥", "follower_count": 31221}}, {"aweme": {"aweme_id": "6851892574953737472", "aweme_title": "沙雕跳舞蹦迪必备神器荧光棒#沙雕日常", "aweme_url": "https://www.iesdouyin.com/share/video/6851892574953737472/?region=CN&mid=6851892600749067016&u_code=1mjeblkac6b9&titleType=title", "download_url": "https://www.chanmama.com/awemeDetail/6851892574953737472", "digg_count": 1828, "digg_incr": 1170, "aweme_create_time": 1595330561, "category": 8, "volume": 4, "amount": 39.6}, "author": {"author_id": "1468584475504192", "nickname": "沙雕沙雕沙雕", "follower_count": 321375}}, {"aweme": {"aweme_id": "6851844860530445583", "aweme_title": "代入感强吗？#洒水wave #肌肉男神", "aweme_url": "https://www.iesdouyin.com/share/video/6851844860530445583/?region=CN&mid=6846675132828683015&u_code=0&titleType=title", "download_url": "https://www.chanmama.com/awemeDetail/6851844860530445583", "digg_count": 1422, "digg_incr": 1153, "aweme_create_time": 1595319453, "category": 8, "volume": 0, "amount": 0}, "author": {"author_id": "62430786432", "nickname": "王的的", "follower_count": 104543}}, {"aweme": {"aweme_id": "6851882029970181380", "aweme_title": "三伏天人体#阳气 生发，锻炼后背膀胱经升阳气，#排毒祛湿。坚持练习背薄了，身体轻松！#背薄 #滚背", "aweme_url": "https://www.iesdouyin.com/share/video/6851882029970181380/?region=CN&mid=6753664994652457742&u_code=0&titleType=title", "download_url": "https://www.chanmama.com/awemeDetail/6851882029970181380", "digg_count": 2462, "digg_incr": 1139, "aweme_create_time": 1595328114, "category": 8, "volume": 0, "amount": 0}, "author": {"author_id": "72904986605", "nickname": "开元活拳武馆", "follower_count": 363046}}, {"aweme": {"aweme_id": "6851729619880643854", "aweme_title": "拉丁舞基本功练起来～推动时候要用力哦！跟着一起练习起来吧✌️#丽娜拉丁舞#恰恰恰，@DOU+小助手", "aweme_url": "https://www.iesdouyin.com/share/video/6851729619880643854/?region=CN&mid=6836723177658255368&u_code=0&titleType=title", "download_url": "https://www.chanmama.com/awemeDetail/6851729619880643854", "digg_count": 1566, "digg_incr": 1127, "aweme_create_time": 1595292623, "category": 8, "volume": 3, "amount": 285}, "author": {"author_id": "66730780377", "nickname": "新梦想lina舞蹈", "follower_count": 858203}}, {"aweme": {"aweme_id": "6851781859349630216", "aweme_title": "#跑步 你现在的5公里能跑进多少呢？#马拉松#飞比特隐形腰包 @抖音小助手", "aweme_url": "https://www.iesdouyin.com/share/video/6851781859349630216/?region=CN&mid=6851781876852558606&u_code=0&titleType=title", "download_url": "https://www.chanmama.com/awemeDetail/6851781859349630216", "digg_count": 1659, "digg_incr": 1126, "aweme_create_time": 1595304784, "category": 8, "volume": 1, "amount": 179}, "author": {"author_id": "58899944183", "nickname": "丹", "follower_count": 127360}}, {"aweme": {"aweme_id": "6851780286242376960", "aweme_title": "第109期｜总感觉脚步迈不开，舞步不清楚，脚跟脚尖容易打架，那就练练这个#基本功 @抖音小助手", "aweme_url": "https://www.iesdouyin.com/share/video/6851780286242376960/?region=CN&mid=6851780295734184711&u_code=19fjbl89kf63&titleType=title", "download_url": "https://www.chanmama.com/awemeDetail/6851780286242376960", "digg_count": 1395, "digg_incr": 1124, "aweme_create_time": 1595304418, "category": 8, "volume": 1, "amount": 118}, "author": {"author_id": "57393593234", "nickname": "会跳舞的泡妈", "follower_count": 34479}}, {"aweme": {"aweme_id": "6851898624234851591", "aweme_title": "带了王者指套，差一点就五杀！#王者荣耀", "aweme_url": "https://www.iesdouyin.com/share/video/6851898624234851591/?region=CN&mid=6706008491691232003&u_code=0&titleType=title", "download_url": "https://www.chanmama.com/awemeDetail/6851898624234851591", "digg_count": 1343, "digg_incr": 1122, "aweme_create_time": 1595331970, "category": 8, "volume": 2, "amount": 25.6}, "author": {"author_id": "73639206526", "nickname": "国服最帅男票", "follower_count": 111906}}, {"aweme": {"aweme_id": "6851683607610674440", "aweme_title": "#吊带背心 #美背 #夏季穿搭 @DOU+小助手", "aweme_url": "https://www.iesdouyin.com/share/video/6851683607610674440/?region=CN&mid=6851683498068019981&u_code=27l4hkd95f9c&titleType=title", "download_url": "https://www.chanmama.com/awemeDetail/6851683607610674440", "digg_count": 1119, "digg_incr": 1119, "aweme_create_time": 1595281919, "category": 8, "volume": 88, "amount": 4312}, "author": {"author_id": "162365802819614", "nickname": "柏顿服装官方账号", "follower_count": 89258}}, {"aweme": {"aweme_id": "6851682212346170639", "aweme_title": "#热门音乐 #热门 #717抖音奇妙好物市集", "aweme_url": "https://www.iesdouyin.com/share/video/6851682212346170639/?region=CN&mid=6851682042531318535&u_code=0&titleType=title", "download_url": "https://www.chanmama.com/awemeDetail/6851682212346170639", "digg_count": 1073, "digg_incr": 1073, "aweme_create_time": 1595281598, "category": 8, "volume": 0, "amount": 0}, "author": {"author_id": "4019435223134067", "nickname": "阳城县山妹舞蹈俱乐部", "follower_count": 196240}}, {"aweme": {"aweme_id": "6851825705173503239", "aweme_title": "又开始下雨了☔️，烦人#公路车 #骑行 #自行车", "aweme_url": "https://www.iesdouyin.com/share/video/6851825705173503239/?region=CN&mid=6851825706423667464&u_code=3la461jgflmb&titleType=title", "download_url": "https://www.chanmama.com/awemeDetail/6851825705173503239", "digg_count": 1157, "digg_incr": 1069, "aweme_create_time": 1595314994, "category": 8, "volume": 0, "amount": 0}, "author": {"author_id": "84856398452", "nickname": "爱骑行的李婉婷", "follower_count": 47436}}, {"aweme": {"aweme_id": "6851905405950463246", "aweme_title": "说实话，我一点也不疼😭#防身术 #抖音小助手", "aweme_url": "https://www.iesdouyin.com/share/video/6851905405950463246/?region=CN&mid=6851905435365051144&u_code=0&titleType=title", "download_url": "https://www.chanmama.com/awemeDetail/6851905405950463246", "digg_count": 1228, "digg_incr": 1058, "aweme_create_time": 1595333549, "category": 8, "volume": 0, "amount": 0}, "author": {"author_id": "465785983609581", "nickname": "街斗办事处付主认", "follower_count": 577080}}, {"aweme": {"aweme_id": "6851788858380602638", "aweme_title": "马甲➕棉T➕袜子三件套好看又便宜#我要上热门 #三件套", "aweme_url": "https://www.iesdouyin.com/share/video/6851788858380602638/?region=CN&mid=6836218788721445645&u_code=2g9cfffeefe2&titleType=title", "download_url": "https://www.chanmama.com/awemeDetail/6851788858380602638", "digg_count": 1846, "digg_incr": 1056, "aweme_create_time": 1595306414, "category": 8, "volume": 22, "amount": 1317.8}, "author": {"author_id": "1455368456386254", "nickname": "焦方晴服装商行", "follower_count": 162912}}, {"aweme": {"aweme_id": "6851758151021137166", "aweme_title": "🌸桃花笑（结尾部分）", "aweme_url": "https://www.iesdouyin.com/share/video/6851758151021137166/?region=CN&mid=6851758150291720968&u_code=0&titleType=title", "download_url": "https://www.chanmama.com/awemeDetail/6851758151021137166", "digg_count": 1247, "digg_incr": 1049, "aweme_create_time": 1595299265, "category": 8, "volume": 0, "amount": 0}, "author": {"author_id": "65309834403", "nickname": "山西永济心悦（本尊）", "follower_count": 551403}}, {"aweme": {"aweme_id": "6851799045153836288", "aweme_title": "为了自由，为了梦想，去特么的命运#摩旅 #机车", "aweme_url": "https://www.iesdouyin.com/share/video/6851799045153836288/?region=CN&mid=6851799044440738574&u_code=1gb2j861imci&titleType=title", "download_url": "https://www.chanmama.com/awemeDetail/6851799045153836288", "digg_count": 1111, "digg_incr": 1038, "aweme_create_time": 1595308786, "category": 8, "volume": 0, "amount": 0}, "author": {"author_id": "3825890410109949", "nickname": "一位骑复古车的小姐姐(摩旅中)", "follower_count": 31046}}, {"aweme": {"aweme_id": "6851782154133835008", "aweme_title": "#瑞典北极狐双肩包 仙女必备潮流百搭包，超nice～", "aweme_url": "https://www.iesdouyin.com/share/video/6851782154133835008/?region=CN&mid=6851782175273028360&u_code=0&titleType=title", "download_url": "https://www.chanmama.com/awemeDetail/6851782154133835008", "digg_count": 1025, "digg_incr": 1031, "aweme_create_time": 1595304853, "category": 8, "volume": 0, "amount": 0}, "author": {"author_id": "61366894386", "nickname": "赵淼淼", "follower_count": 211160}}, {"aweme": {"aweme_id": "6851846599417613583", "aweme_title": "#瘦大肚腩 #减脂 家庭版卷腹计划@抖音小助手", "aweme_url": "https://www.iesdouyin.com/share/video/6851846599417613583/?region=CN&mid=6793949468698871816&u_code=0&titleType=title", "download_url": "https://www.chanmama.com/awemeDetail/6851846599417613583", "digg_count": 1754, "digg_incr": 1025, "aweme_create_time": 1595319858, "category": 8, "volume": 0, "amount": 0}, "author": {"author_id": "830884136616045", "nickname": "田田教你瘦", "follower_count": 420162}}, {"aweme": {"aweme_id": "6851762723445853455", "aweme_title": "#钓鱼#路亚  神仙难钓午时鱼，我就不信了🤣🤣", "aweme_url": "https://www.iesdouyin.com/share/video/6851762723445853455/?region=CN&mid=6851762716273625864&u_code=3la461jgflmb&titleType=title", "download_url": "https://www.chanmama.com/awemeDetail/6851762723445853455", "digg_count": 1150, "digg_incr": 1025, "aweme_create_time": 1595300329, "category": 8, "volume": 0, "amount": 0}, "author": {"author_id": "58906277424", "nickname": "海带路亚-凤吟", "follower_count": 38723}}, {"aweme": {"aweme_id": "6851948821874887944", "aweme_title": "虽然我有点老 长的也不咋滴 身材还有点走形 还穿着女装直播 但你们第一次刷到不喜欢我不要紧 多看几次就顺眼了", "aweme_url": "https://www.iesdouyin.com/share/video/6851948821874887944/?region=CN&mid=6824441291406101262&u_code=0&titleType=title", "download_url": "https://www.chanmama.com/awemeDetail/6851948821874887944", "digg_count": 1223, "digg_incr": 1016, "aweme_create_time": 1595343659, "category": 8, "volume": 8, "amount": 319.2}, "author": {"author_id": "81556042931", "nickname": "大脸酥服装工厂（七月宠粉月）", "follower_count": 616230}}, {"aweme": {"aweme_id": "6851684993480084751", "aweme_title": "早安！再练几遍就去录制！这个时间你在干嘛？#我运动我健康我快乐 #广场舞 #甬城听夏", "aweme_url": "https://www.iesdouyin.com/share/video/6851684993480084751/?region=CN&mid=6851684838492130055&u_code=0&titleType=title", "download_url": "https://www.chanmama.com/awemeDetail/6851684993480084751", "digg_count": 1149, "digg_incr": 1004, "aweme_create_time": 1595282241, "category": 8, "volume": 5, "amount": 162.5}, "author": {"author_id": "81504249442", "nickname": "云裳广场舞-云裳", "follower_count": 147176}}, {"aweme": {"aweme_id": "6851840243964890371", "aweme_title": "#直播技巧  直播带货团队要如何组建呢？直播带货团队没有大家想的那么难，两三个人就行了。", "aweme_url": "https://www.iesdouyin.com/share/video/6851840243964890371/?region=CN&mid=6851840294162336519&u_code=0&titleType=title", "download_url": "https://www.chanmama.com/awemeDetail/6851840243964890371", "digg_count": 1065, "digg_incr": 943, "aweme_create_time": 1595318386, "category": 8, "volume": 0, "amount": 0}, "author": {"author_id": "111017844387", "nickname": "浪起传媒（晚上9点直播）", "follower_count": 415984}}, {"aweme": {"aweme_id": "6851873248330779918", "aweme_title": "背部肥厚一般都会伴随驼背，一套背部塑形动作纠正驼背紧致背部#驼背 #健身 @DOU+小助手", "aweme_url": "https://www.iesdouyin.com/share/video/6851873248330779918/?region=CN&mid=6697974209320078087&u_code=0&titleType=title", "download_url": "https://www.chanmama.com/awemeDetail/6851873248330779918", "digg_count": 1393, "digg_incr": 937, "aweme_create_time": 1595326063, "category": 8, "volume": 2, "amount": 59.8}, "author": {"author_id": "99742330577", "nickname": "阿峰爱健身", "follower_count": 786238}}, {"aweme": {"aweme_id": "6851780771242429704", "aweme_title": "办法总比困难多🤣 最喜欢的体式，要加倍用心的去练习，#不辜负每一份热爱 #瑜伽#蛇王 练习打卡💪", "aweme_url": "https://www.iesdouyin.com/share/video/6851780771242429704/?region=CN&mid=6851780797469297415&u_code=0&titleType=title", "download_url": "https://www.chanmama.com/awemeDetail/6851780771242429704", "digg_count": 1031, "digg_incr": 933, "aweme_create_time": 1595304531, "category": 8, "volume": 0, "amount": 0}, "author": {"author_id": "109014405938", "nickname": "午后-时光-瑜伽", "follower_count": 104640}}, {"aweme": {"aweme_id": "6851725653717355789", "aweme_title": "@潍坊咏美发了一个抖音短视频，你尽管点开，不好看算我输！", "aweme_url": "https://www.iesdouyin.com/share/video/6851725653717355789/?region=CN&mid=6655528180268567307&u_code=0&titleType=", "download_url": "https://www.chanmama.com/awemeDetail/6851725653717355789", "digg_count": 1024, "digg_incr": 914, "aweme_create_time": 1595291700, "category": 8, "volume": 0, "amount": 0}, "author": {"author_id": "93212675131", "nickname": "潍坊咏美", "follower_count": 439998}}, {"aweme": {"aweme_id": "6851711659442982157", "aweme_title": "长相是差点，但气质这方面是拿捏的死死地，#80后的气质必须拿捏的死死地😄", "aweme_url": "https://www.iesdouyin.com/share/video/6851711659442982157/?region=CN&mid=6845551860171688717&u_code=19fjbl89kf63&titleType=title", "download_url": "https://www.chanmama.com/awemeDetail/6851711659442982157", "digg_count": 1118, "digg_incr": 882, "aweme_create_time": 1595288443, "category": 8, "volume": 15, "amount": 825}, "author": {"author_id": "102905511466", "nickname": "西安珊珊希蕊商贸", "follower_count": 37992}}, {"aweme": {"aweme_id": "6851877159452069134", "aweme_title": "为啥别人就能带美女越野！你只能带丈母娘？#抖音车王争霸赛 @抖音汽车 @越野视界 @小胖开车", "aweme_url": "https://www.iesdouyin.com/share/video/6851877159452069134/?region=CN&mid=6851877192029211399&u_code=0&titleType=title", "download_url": "https://www.chanmama.com/awemeDetail/6851877159452069134", "digg_count": 1883, "digg_incr": 882, "aweme_create_time": 1595326973, "category": 8, "volume": 0, "amount": 0}, "author": {"author_id": "105555854221", "nickname": "四驱星球", "follower_count": 442964}}, {"aweme": {"aweme_id": "6851900497964682499", "aweme_title": "怎么用弹力带练肩呢？", "aweme_url": "https://www.iesdouyin.com/share/video/6851900497964682499/?region=CN&mid=6842033967399537416&u_code=0&titleType=title", "download_url": "https://www.chanmama.com/awemeDetail/6851900497964682499", "digg_count": 1202, "digg_incr": 882, "aweme_create_time": 1595332411, "category": 8, "volume": 2, "amount": 36}, "author": {"author_id": "3597200509117668", "nickname": "阿刚健身教学", "follower_count": 950508}}, {"aweme": {"aweme_id": "6851826936205888781", "aweme_title": "@潍坊咏美发了一个抖音短视频，你尽管点开，不好看算我输！", "aweme_url": "https://www.iesdouyin.com/share/video/6851826936205888781/?region=CN&mid=6764181818720799492&u_code=0&titleType=", "download_url": "https://www.chanmama.com/awemeDetail/6851826936205888781", "digg_count": 1061, "digg_incr": 880, "aweme_create_time": 1595315280, "category": 8, "volume": 0, "amount": 0}, "author": {"author_id": "93212675131", "nickname": "潍坊咏美", "follower_count": 439998}}, {"aweme": {"aweme_id": "6851881864123239688", "aweme_title": "你们心念念的超薄冰丝外套，链接上了，给你们个秒价～10点点击头像进直播间～季末新品都是秒啊团啊#爱官方爱热门", "aweme_url": "https://www.iesdouyin.com/share/video/6851881864123239688/?region=CN&mid=6821389016903650056&u_code=0&titleType=title", "download_url": "https://www.chanmama.com/awemeDetail/6851881864123239688", "digg_count": 1623, "digg_incr": 844, "aweme_create_time": 1595328068, "category": 8, "volume": 0, "amount": 0}, "author": {"author_id": "97595975397", "nickname": "汕头赖小姐女装搭配", "follower_count": 43292}}, {"aweme": {"aweme_id": "6851696464356297992", "aweme_title": "#就是这个范 #抖音小助手 齐步走 ，一二一，一二一，一二一，就是这个范，倍爽，", "aweme_url": "https://www.iesdouyin.com/share/video/6851696464356297992/?region=CN&mid=6635055099989199629&u_code=fg3g84kh1fi&titleType=title", "download_url": "https://www.chanmama.com/awemeDetail/6851696464356297992", "digg_count": 1081, "digg_incr": 823, "aweme_create_time": 1595284908, "category": 8, "volume": 0, "amount": 0}, "author": {"author_id": "96354006767", "nickname": "🇨🇳含妞·冰姐🇨🇳", "follower_count": 95870}}, {"aweme": {"aweme_id": "6851733860288433411", "aweme_title": "@盛东户外发了一个抖音短视频，你尽管点开，不好看算我输！", "aweme_url": "https://www.iesdouyin.com/share/video/6851733860288433411/?region=CN&mid=6851733870639942407&u_code=0&titleType=", "download_url": "https://www.chanmama.com/awemeDetail/6851733860288433411", "digg_count": 1225, "digg_incr": 818, "aweme_create_time": 1595293617, "category": 8, "volume": 0, "amount": 0}, "author": {"author_id": "2348181697072936", "nickname": "盛东户外", "follower_count": 132088}}, {"aweme": {"aweme_id": "6851864395031596303", "aweme_title": "泡泡球（超粒）开制攻略#带货 #钓鱼#黑坑钓鲤鱼", "aweme_url": "https://www.iesdouyin.com/share/video/6851864395031596303/?region=CN&mid=6851864473771297550&u_code=24lj60c7kgi7&titleType=title", "download_url": "https://www.chanmama.com/awemeDetail/6851864395031596303", "digg_count": 1162, "digg_incr": 805, "aweme_create_time": 1595324001, "category": 8, "volume": 106, "amount": 2020}, "author": {"author_id": "100113229383", "nickname": "迅鸬钓鱼晋级", "follower_count": 41455}}, {"aweme": {"aweme_id": "6851896822709931264", "aweme_title": "恢复练习，个人建议居家多以综合性练习为主，该动作呼气发力站直身体并旋转亚玲，吸气还原并做深蹲，膝盖与脚尖同向！", "aweme_url": "https://www.iesdouyin.com/share/video/6851896822709931264/?region=CN&mid=6848158467006728967&u_code=0&titleType=title", "download_url": "https://www.chanmama.com/awemeDetail/6851896822709931264", "digg_count": 1326, "digg_incr": 794, "aweme_create_time": 1595331550, "category": 8, "volume": 0, "amount": 0}, "author": {"author_id": "88856857098", "nickname": "罪恶天使", "follower_count": 216760}}, {"aweme": {"aweme_id": "6851878872946871560", "aweme_title": "#张小胖很努力瘦了80斤 小胖讲爆汗服利弊 自己选着#减肥 我们是认真的@DOU+小助手", "aweme_url": "https://www.iesdouyin.com/share/video/6851878872946871560/?region=CN&mid=6851878884338699021&u_code=1h7f30l0i9ha&titleType=title", "download_url": "https://www.chanmama.com/awemeDetail/6851878872946871560", "digg_count": 1894, "digg_incr": 770, "aweme_create_time": 1595327372, "category": 8, "volume": 0, "amount": 0}, "author": {"author_id": "500998295260221", "nickname": "自强张小胖", "follower_count": 13934}}, {"aweme": {"aweme_id": "6851674138470255884", "aweme_title": "肝胆脾胃肾膀胱6条经络，从我们腿上经过，小腿是人的第二心脏，经常这样刮小腿#yu防小腿抽筋#静脉曲张#健康", "aweme_url": "https://www.iesdouyin.com/share/video/6851674138470255884/?region=CN&mid=6835901464230120206&u_code=0&titleType=title", "download_url": "https://www.chanmama.com/awemeDetail/6851674138470255884", "digg_count": 1253, "digg_incr": 760, "aweme_create_time": 1595279737, "category": 8, "volume": 69, "amount": 4071}, "author": {"author_id": "61715720057", "nickname": "利忠美发店", "follower_count": 245515}}, {"aweme": {"aweme_id": "6851787108391062795", "aweme_title": "今天多跑了一公里小腿特别胀，那么边按摩边聊聊你们担心的#跑步 腿粗的问题，希望听完你们就可以大步向前的跑起来", "aweme_url": "https://www.iesdouyin.com/share/video/6851787108391062795/?region=CN&mid=6626584281093409549&u_code=2g9cfffeefe2&titleType=title", "download_url": "https://www.chanmama.com/awemeDetail/6851787108391062795", "digg_count": 2597, "digg_incr": 758, "aweme_create_time": 1595306013, "category": 8, "volume": 14, "amount": 418.59999999999997}, "author": {"author_id": "95872472718", "nickname": "林奋奋要减肥了", "follower_count": 37322}}, {"aweme": {"aweme_id": "6851873962457140488", "aweme_title": "@电商小助手", "aweme_url": "https://www.iesdouyin.com/share/video/6851873962457140488/?region=CN&mid=6829924754318068494&u_code=0&titleType=title", "download_url": "https://www.chanmama.com/awemeDetail/6851873962457140488", "digg_count": 1949, "digg_incr": 698, "aweme_create_time": 1595326228, "category": 8, "volume": 6, "amount": 528}, "author": {"author_id": "1116725543180959", "nickname": "玲玲时尚穿搭", "follower_count": 313884}}, {"aweme": {"aweme_id": "6851897259018210567", "aweme_title": "战友回去还坚持锻炼吗？我十几年没练了，真练不动了😂#战友情 #老班长 #战友@我要上热门", "aweme_url": "https://www.iesdouyin.com/share/video/6851897259018210567/?region=CN&mid=6832230163170806542&u_code=0&titleType=title", "download_url": "https://www.chanmama.com/awemeDetail/6851897259018210567", "digg_count": 1031, "digg_incr": 692, "aweme_create_time": 1595331652, "category": 8, "volume": 0, "amount": 0}, "author": {"author_id": "342675873081055", "nickname": "兵妹", "follower_count": 11574}}, {"aweme": {"aweme_id": "6851861091480341771", "aweme_title": "龙王恨的疯狂飞饼方块饵，水下雾化是什么状态的？#钓鱼 #野钓", "aweme_url": "https://www.iesdouyin.com/share/video/6851861091480341771/?region=CN&mid=6851861151065230094&u_code=0&titleType=title", "download_url": "https://www.chanmama.com/awemeDetail/6851861091480341771", "digg_count": 1429, "digg_incr": 663, "aweme_create_time": 1595323239, "category": 8, "volume": 81, "amount": 639.9}, "author": {"author_id": "4375709357965639", "nickname": "钓鱼微课堂", "follower_count": 335633}}, {"aweme": {"aweme_id": "6851765591443770636", "aweme_title": "关注我，我会让你成全网最美女神。#拉伸动作 之一 你学会了吗？#全民健身 @DOU+小助手", "aweme_url": "https://www.iesdouyin.com/share/video/6851765591443770636/?region=CN&mid=6851765620090931982&u_code=1gb2j861imci&titleType=title", "download_url": "https://www.chanmama.com/awemeDetail/6851765591443770636", "digg_count": 1330, "digg_incr": 658, "aweme_create_time": 1595301002, "category": 8, "volume": 9, "amount": 179.1}, "author": {"author_id": "624157796347119", "nickname": "子瑶炫舞", "follower_count": 57174}}, {"aweme": {"aweme_id": "6851768528001846528", "aweme_title": "卡卡保持完美身型的㊙️🔥㊙️，就是每天穿着这个“完美裤”，收腰提胯，四十岁就像十八岁青春美少女🥰#收腰", "aweme_url": "https://www.iesdouyin.com/share/video/6851768528001846528/?region=CN&mid=6851768546637187853&u_code=0&titleType=title", "download_url": "https://www.chanmama.com/awemeDetail/6851768528001846528", "digg_count": 2992, "digg_incr": 650, "aweme_create_time": 1595301686, "category": 8, "volume": 114, "amount": 7968.6}, "author": {"author_id": "39210205315083", "nickname": "洛卡卡服装商行", "follower_count": 122875}}]}