{"data": [{"aweme": {"aweme_id": "6851597692234140935", "aweme_title": "不做普通人，全自动烟盒，可以定制百家姓签名，定制专属你的打火机#wo的高能瞬间 #热门 #好物推荐 @抖音小助", "aweme_url": "https://www.iesdouyin.com/share/video/6851597692234140935/?region=CN&mid=6737091476045449995&u_code=3bfc9aa61dbc&titleType=title", "download_url": "https://www.chanmama.com/awemeDetail/6851597692234140935", "digg_count": 36997, "digg_incr": 36921, "aweme_create_time": 1595261910, "category": 9, "volume": 4426, "amount": 110650}, "author": {"author_id": "3619223488964779", "nickname": "火机小妹", "follower_count": 0}}, {"aweme": {"aweme_id": "6851860835489303820", "aweme_title": "听说大家还想看陈情令蓝忘机同款油纸伞#民俗守艺人", "aweme_url": "https://www.iesdouyin.com/share/video/6851860835489303820/?region=CN&mid=6851860875453319949&u_code=13h2b40ld9m7&titleType=title", "download_url": "https://www.chanmama.com/awemeDetail/6851860835489303820", "digg_count": 12127, "digg_incr": 12015, "aweme_create_time": 1595323178, "category": 9, "volume": 0, "amount": 0}, "author": {"author_id": "206343915438429", "nickname": "蜀染寻伞（匠林风华）", "follower_count": 62935}}, {"aweme": {"aweme_id": "6851852795218349316", "aweme_title": "直播分享了多回，终于来了，上次非要的大哥我舍不得转让了 #干花 #莲花 #手工", "aweme_url": "https://www.iesdouyin.com/share/video/6851852795218349316/?region=CN&mid=6851852981671873293&u_code=1e86e3gfc222&titleType=title", "download_url": "https://www.chanmama.com/awemeDetail/6851852795218349316", "digg_count": 22075, "digg_incr": 11399, "aweme_create_time": 1595321342, "category": 9, "volume": 20, "amount": 398}, "author": {"author_id": "83195337675", "nickname": "潇筱墨", "follower_count": 19154}}, {"aweme": {"aweme_id": "6851697072765291790", "aweme_title": "汉服集合，生个女儿来变装吧#秀出新国风 #骗你生女儿 #童装 #汉服", "aweme_url": "https://www.iesdouyin.com/share/video/6851697072765291790/?region=CN&mid=6760959109995956999&u_code=2akd6hh64h1b&titleType=title", "download_url": "https://www.chanmama.com/awemeDetail/6851697072765291790", "digg_count": 17169, "digg_incr": 11187, "aweme_create_time": 1595285049, "category": 9, "volume": 37, "amount": 1295}, "author": {"author_id": "500980656390046", "nickname": "萌叶潮童童装(每天13点开播)", "follower_count": 106964}}, {"aweme": {"aweme_id": "6851708085879311616", "aweme_title": "喜结良缘，龙凤双喜。", "aweme_url": "https://www.iesdouyin.com/share/video/6851708085879311616/?region=CN&mid=6752808432358820622&u_code=2g9cfffeefe2&titleType=title", "download_url": "https://www.chanmama.com/awemeDetail/6851708085879311616", "digg_count": 10762, "digg_incr": 10639, "aweme_create_time": 1595287612, "category": 9, "volume": 4, "amount": 712}, "author": {"author_id": "68505829913", "nickname": "罗庄区福连升家纺布艺", "follower_count": 37118}}, {"aweme": {"aweme_id": "6851860071870205184", "aweme_title": "无微不至的妈妈呵护，才有我爸爸无忧无虑的生活#阿尔兹海默症 #老年人", "aweme_url": "https://www.iesdouyin.com/share/video/6851860071870205184/?region=CN&mid=6799871819785816839&u_code=2k5ab5a5913d&titleType=title", "download_url": "https://www.chanmama.com/awemeDetail/6851860071870205184", "digg_count": 10645, "digg_incr": 8948, "aweme_create_time": 1595322994, "category": 9, "volume": 11, "amount": 3168}, "author": {"author_id": "2466945170149556", "nickname": "孙晓雄", "follower_count": 216270}}, {"aweme": {"aweme_id": "6851831520764644620", "aweme_title": "猜猜这是什么技艺！#直播 #手艺人", "aweme_url": "https://www.iesdouyin.com/share/video/6851831520764644620/?region=CN&mid=6851406978581826312&u_code=0&titleType=title", "download_url": "https://www.chanmama.com/awemeDetail/6851831520764644620", "digg_count": 18243, "digg_incr": 8440, "aweme_create_time": 1595316355, "category": 9, "volume": 0, "amount": 0}, "author": {"author_id": "93368813663", "nickname": "绣裳花绪儿苏绣缂丝", "follower_count": 364715}}, {"aweme": {"aweme_id": "6851686123324902656", "aweme_title": "黄色孔雀已经包装啦#家纺家居 #家纺床品 #家纺 @抖音小助手", "aweme_url": "https://www.iesdouyin.com/share/video/6851686123324902656/?region=CN&mid=6848436762310608910&u_code=0&titleType=title", "download_url": "https://www.chanmama.com/awemeDetail/6851686123324902656", "digg_count": 11321, "digg_incr": 8184, "aweme_create_time": 1595282505, "category": 9, "volume": 0, "amount": 0}, "author": {"author_id": "97722880652", "nickname": "利如齐家纺官方抖音", "follower_count": 26166}}, {"aweme": {"aweme_id": "6851746841625758991", "aweme_title": "开箱被压瘪的包裹", "aweme_url": "https://www.iesdouyin.com/share/video/6851746841625758991/?region=CN&mid=6851746843131513613&u_code=0&titleType=title", "download_url": "https://www.chanmama.com/awemeDetail/6851746841625758991", "digg_count": 8376, "digg_incr": 8116, "aweme_create_time": 1595296632, "category": 9, "volume": 4, "amount": 236}, "author": {"author_id": "53455047756", "nickname": "朝阳君的花园", "follower_count": 852624}}, {"aweme": {"aweme_id": "6851896423085067523", "aweme_title": "冰丝麻裤裙套装上市啦！正在直播👉👉👉👉👉", "aweme_url": "https://www.iesdouyin.com/share/video/6851896423085067523/?region=CN&mid=6851896454622743304&u_code=15jlg8e5ah89&titleType=title", "download_url": "https://www.chanmama.com/awemeDetail/6851896423085067523", "digg_count": 8115, "digg_incr": 7950, "aweme_create_time": 1595331463, "category": 9, "volume": 38, "amount": 2242}, "author": {"author_id": "3337770389478872", "nickname": "昕梓琳服饰", "follower_count": 487975}}, {"aweme": {"aweme_id": "6851744148194725134", "aweme_title": "你们要的#柯南 今天他来了#大大的办公室 @大大资讯 @抖音小助手", "aweme_url": "https://www.iesdouyin.com/share/video/6851744148194725134/?region=CN&mid=6851744204574493453&u_code=0&titleType=title", "download_url": "https://www.chanmama.com/awemeDetail/6851744148194725134", "digg_count": 8021, "digg_incr": 5953, "aweme_create_time": 1595303400, "category": 9, "volume": 0, "amount": 0}, "author": {"author_id": "111227130308", "nickname": "大大的办公室", "follower_count": 162399}}, {"aweme": {"aweme_id": "6851880935206554880", "aweme_title": "玉米追施尿素是很多农友的习惯，但是尿素的吸收利用率很低，我们可以用液体氮肥来代替，亩增产300斤@企业号小助手", "aweme_url": "https://www.iesdouyin.com/share/video/6851880935206554880/?region=CN&mid=6851880966693178119&u_code=0&titleType=title", "download_url": "https://www.chanmama.com/awemeDetail/6851880935206554880", "digg_count": 8343, "digg_incr": 4567, "aweme_create_time": 1595327852, "category": 9, "volume": 2, "amount": 96}, "author": {"author_id": "74842871893", "nickname": "绿陇生物", "follower_count": 358018}}, {"aweme": {"aweme_id": "6851768921058512131", "aweme_title": "太好了，三双组合里还有老爹鞋，真好看 爱了爱了", "aweme_url": "https://www.iesdouyin.com/share/video/6851768921058512131/?region=CN&mid=6851768963655863053&u_code=13h2b40ld9m7&titleType=title", "download_url": "https://www.chanmama.com/awemeDetail/6851768921058512131", "digg_count": 5353, "digg_incr": 4357, "aweme_create_time": 1595301777, "category": 9, "volume": 175, "amount": 13300}, "author": {"author_id": "2242591756649149", "nickname": "五匹马鞋业", "follower_count": 21965}}, {"aweme": {"aweme_id": "6851814793423228167", "aweme_title": "最美的串", "aweme_url": "https://www.iesdouyin.com/share/video/6851814793423228167/?region=CN&mid=6851814801045457672&u_code=h9564546j7f&titleType=title", "download_url": "https://www.chanmama.com/awemeDetail/6851814793423228167", "digg_count": 4190, "digg_incr": 4190, "aweme_create_time": 1595312453, "category": 9, "volume": 3, "amount": 504}, "author": {"author_id": "104628751140", "nickname": "琳琳 木艺", "follower_count": 338270}}, {"aweme": {"aweme_id": "6851757446256528651", "aweme_title": "好看防滑沙发垫，实用实惠，抓紧抢购！#沙发垫 #家居好物", "aweme_url": "https://www.iesdouyin.com/share/video/6851757446256528651/?region=CN&mid=6802170046220077069&u_code=0&titleType=title", "download_url": "https://www.chanmama.com/awemeDetail/6851757446256528651", "digg_count": 3957, "digg_incr": 3957, "aweme_create_time": 1595299107, "category": 9, "volume": 279, "amount": 279}, "author": {"author_id": "95280012512", "nickname": "小辣椒", "follower_count": 99662}}, {"aweme": {"aweme_id": "6851703329232309518", "aweme_title": "勤清洁、勤打扫；换套被子、洗洗澡；干净整洁，心情好。。。。#四件套 #上热门 @抖音小助手", "aweme_url": "https://www.iesdouyin.com/share/video/6851703329232309518/?region=CN&mid=6824793994652813319&u_code=27l4hkd95f9c&titleType=title", "download_url": "https://www.chanmama.com/awemeDetail/6851703329232309518", "digg_count": 7688, "digg_incr": 3780, "aweme_create_time": 1595286505, "category": 9, "volume": 0, "amount": 0}, "author": {"author_id": "97068801764", "nickname": "胖美帅小家", "follower_count": 28792}}, {"aweme": {"aweme_id": "6851691542940257551", "aweme_title": "农民最关心什么#抖音传递正能量", "aweme_url": "https://www.iesdouyin.com/share/video/6851691542940257551/?region=CN&mid=6812757285962910472&u_code=0&titleType=title", "download_url": "https://www.chanmama.com/awemeDetail/6851691542940257551", "digg_count": 4486, "digg_incr": 3714, "aweme_create_time": 1595283764, "category": 9, "volume": 0, "amount": 0}, "author": {"author_id": "74538949934", "nickname": "风和日丽[每晚8点开播]", "follower_count": 205435}}, {"aweme": {"aweme_id": "6851670945204079887", "aweme_title": "人活着  总有人看不惯你#夏凉被#卖货能手#四件套#好物推荐#床上用品@DOU+小助手", "aweme_url": "https://www.iesdouyin.com/share/video/6851670945204079887/?region=CN&mid=6844296173298207502&u_code=0&titleType=title", "download_url": "https://www.chanmama.com/awemeDetail/6851670945204079887", "digg_count": 3436, "digg_incr": 3416, "aweme_create_time": 1595278983, "category": 9, "volume": 0, "amount": 0}, "author": {"author_id": "2563694680374039", "nickname": "通州区平潮镇觉度家纺店", "follower_count": 128560}}, {"aweme": {"aweme_id": "6851850238555081998", "aweme_title": "请忽悠自己，学得会学得会学得会~~~ #雕刻  @抖音小助手  @抖音文创", "aweme_url": "https://www.iesdouyin.com/share/video/6851850238555081998/?region=CN&mid=6851850412174134030&u_code=0&titleType=title", "download_url": "https://www.chanmama.com/awemeDetail/6851850238555081998", "digg_count": 3558, "digg_incr": 3012, "aweme_create_time": 1595320727, "category": 9, "volume": 0, "amount": 0}, "author": {"author_id": "95930468635", "nickname": "张是非的雕刻学堂", "follower_count": 161689}}, {"aweme": {"aweme_id": "6851624041170717960", "aweme_title": "小肥猪~你要也可以在我🐷身上存在，陪你一起度过每个开心时光～#热门 @抖音小助手", "aweme_url": "https://www.iesdouyin.com/share/video/6851624041170717960/?region=CN&mid=6847745709240748039&u_code=0&titleType=title", "download_url": "https://www.chanmama.com/awemeDetail/6851624041170717960", "digg_count": 3677, "digg_incr": 2988, "aweme_create_time": 1595268058, "category": 9, "volume": 704, "amount": 40832}, "author": {"author_id": "764880016914110", "nickname": "栎涵公仔优选", "follower_count": 130877}}, {"aweme": {"aweme_id": "6851741706342223111", "aweme_title": "第二次发了，会火吗？#我要上热门", "aweme_url": "https://www.iesdouyin.com/share/video/6851741706342223111/?region=CN&mid=6851741700747053837&u_code=0&titleType=title", "download_url": "https://www.chanmama.com/awemeDetail/6851741706342223111", "digg_count": 3169, "digg_incr": 2959, "aweme_create_time": 1595295436, "category": 9, "volume": 77, "amount": 7546}, "author": {"author_id": "3619207335380557", "nickname": "缘澳家纺", "follower_count": 152774}}, {"aweme": {"aweme_id": "6851722534270946568", "aweme_title": "z这咋弄呢？￼￼", "aweme_url": "https://www.iesdouyin.com/share/video/6851722534270946568/?region=CN&mid=6851722520974887687&u_code=0&titleType=title", "download_url": "https://www.chanmama.com/awemeDetail/6851722534270946568", "digg_count": 3207, "digg_incr": 2920, "aweme_create_time": 1595290974, "category": 9, "volume": 0, "amount": 0}, "author": {"author_id": "74027548848", "nickname": "儿媳妇", "follower_count": 345489}}, {"aweme": {"aweme_id": "6851749147595328776", "aweme_title": "#废物利用  家里瓶罐别扔，存起来卖了，晚上加俩菜。#花卉绿植   #上热门", "aweme_url": "https://www.iesdouyin.com/share/video/6851749147595328776/?region=CN&mid=6851749276964424456&u_code=0&titleType=title", "download_url": "https://www.chanmama.com/awemeDetail/6851749147595328776", "digg_count": 2847, "digg_incr": 2818, "aweme_create_time": 1595297197, "category": 9, "volume": 8, "amount": 158.4}, "author": {"author_id": "63730312016", "nickname": "广州绿色世界科技有限公司", "follower_count": 129793}}, {"aweme": {"aweme_id": "6851909388244995339", "aweme_title": "35件9.9米干到底#热门推荐 #抖音小助手 #头绳", "aweme_url": "https://www.iesdouyin.com/share/video/6851909388244995339/?region=CN&mid=6851909449255602951&u_code=jlj3h5hh617&titleType=title", "download_url": "https://www.chanmama.com/awemeDetail/6851909388244995339", "digg_count": 3642, "digg_incr": 2697, "aweme_create_time": 1595334481, "category": 9, "volume": 331, "amount": 3276.9}, "author": {"author_id": "1895151950629371", "nickname": "小胖和小丽", "follower_count": 102033}}, {"aweme": {"aweme_id": "6851784843160866056", "aweme_title": "正在直播中，你们喜欢吗？#正在直播中请点头像进入 @抖音小助手", "aweme_url": "https://www.iesdouyin.com/share/video/6851784843160866056/?region=CN&mid=6851784843970398989&u_code=27l4hke24855&titleType=title", "download_url": "https://www.chanmama.com/awemeDetail/6851784843160866056", "digg_count": 2899, "digg_incr": 2691, "aweme_create_time": 1595305479, "category": 9, "volume": 20, "amount": 760}, "author": {"author_id": "72664017595", "nickname": "福玲百乐缘", "follower_count": 118939}}, {"aweme": {"aweme_id": "6851917356692671751", "aweme_title": "#dou热门 @扎囊旦巴次仁 （天籁）#卡瓦尔扎顿音乐圈 #感谢抖音平台 @卡瓦尔扎顿工作室", "aweme_url": "https://www.iesdouyin.com/share/video/6851917356692671751/?region=CN&mid=6757208899780152072&u_code=31186i4kmg41&titleType=title", "download_url": "https://www.chanmama.com/awemeDetail/6851917356692671751", "digg_count": 4340, "digg_incr": 2487, "aweme_create_time": 1595336331, "category": 9, "volume": 0, "amount": 0}, "author": {"author_id": "59554513179", "nickname": "卡瓦尔扎顿", "follower_count": 30505}}, {"aweme": {"aweme_id": "6851604213940751627", "aweme_title": "#花卉绿植 绿萝净化空气，吸甲醛。4份好空气。一杯奶茶带走。他不香吗？@DOU+小助手 @抖音小助手", "aweme_url": "https://www.iesdouyin.com/share/video/6851604213940751627/?region=CN&mid=6851604202657942279&u_code=3m6gc74j96cm&titleType=title", "download_url": "https://www.chanmama.com/awemeDetail/6851604213940751627", "digg_count": 2477, "digg_incr": 2478, "aweme_create_time": 1595263442, "category": 9, "volume": 1236, "amount": 12236.4}, "author": {"author_id": "86183798270", "nickname": "曼中田", "follower_count": 37380}}, {"aweme": {"aweme_id": "6851604700702313735", "aweme_title": "一见倾心，始于颜表，你喜欢我安排，全自动烟盒，可以定制百家姓签名，不做普通人#wo的高能瞬间 #热门 #", "aweme_url": "https://www.iesdouyin.com/share/video/6851604700702313735/?region=CN&mid=6737091476045449995&u_code=97f0he9ejc9&titleType=title", "download_url": "https://www.chanmama.com/awemeDetail/6851604700702313735", "digg_count": 2353, "digg_incr": 2383, "aweme_create_time": 1595263544, "category": 9, "volume": 288, "amount": 7200}, "author": {"author_id": "1802798181122077", "nickname": "货", "follower_count": 24108}}, {"aweme": {"aweme_id": "6851781609935408392", "aweme_title": "厚底大白鞋❤️", "aweme_url": "https://www.iesdouyin.com/share/video/6851781609935408392/?region=CN&mid=6798119507354618632&u_code=13h2b40ld9m7&titleType=title", "download_url": "https://www.chanmama.com/awemeDetail/6851781609935408392", "digg_count": 6485, "digg_incr": 2302, "aweme_create_time": 1595304727, "category": 9, "volume": 28, "amount": 1397.2}, "author": {"author_id": "73748234418", "nickname": "武进区步一样鞋店", "follower_count": 578369}}, {"aweme": {"aweme_id": "6851733163522231567", "aweme_title": "装修就要听自己的，如果家人来，一定会让我挂上一幅花开富贵😒😒#情侣装修日记 #loft公寓", "aweme_url": "https://www.iesdouyin.com/share/video/6851733163522231567/?region=CN&mid=6851733140327779086&u_code=0&titleType=title", "download_url": "https://www.chanmama.com/awemeDetail/6851733163522231567", "digg_count": 3044, "digg_incr": 1973, "aweme_create_time": 1595293447, "category": 9, "volume": 0, "amount": 0}, "author": {"author_id": "2950736935392908", "nickname": "奶油小沈✨", "follower_count": 36731}}, {"aweme": {"aweme_id": "6851753131349429519", "aweme_title": "咦! 好巧、既然刷到我了!#书法@抖音小助手", "aweme_url": "https://www.iesdouyin.com/share/video/6851753131349429519/?region=CN&mid=6805916289312279307&u_code=27l4hke24855&titleType=title", "download_url": "https://www.chanmama.com/awemeDetail/6851753131349429519", "digg_count": 2065, "digg_incr": 1881, "aweme_create_time": 1595298095, "category": 9, "volume": 0, "amount": 0}, "author": {"author_id": "102581728754", "nickname": "冰儿书画", "follower_count": 24435}}, {"aweme": {"aweme_id": "6851755098029346056", "aweme_title": "白鞋❤️，美的东西总是让人心动", "aweme_url": "https://www.iesdouyin.com/share/video/6851755098029346056/?region=CN&mid=6834803820657216269&u_code=31186i4kmg41&titleType=title", "download_url": "https://www.chanmama.com/awemeDetail/6851755098029346056", "digg_count": 1936, "digg_incr": 1857, "aweme_create_time": 1595298554, "category": 9, "volume": 5, "amount": 199.5}, "author": {"author_id": "73748234418", "nickname": "武进区步一样鞋店", "follower_count": 578369}}, {"aweme": {"aweme_id": "6851871567840972040", "aweme_title": "#妈宝男 #女性 #女生 你们觉的我说的对吗？评论区等你！#夫妻 #717抖音奇妙好物市集 @DOU+小助手", "aweme_url": "https://www.iesdouyin.com/share/video/6851871567840972040/?region=CN&mid=6851871578335365902&u_code=0&titleType=title", "download_url": "https://www.chanmama.com/awemeDetail/6851871567840972040", "digg_count": 2846, "digg_incr": 1854, "aweme_create_time": 1595325671, "category": 9, "volume": 0, "amount": 0}, "author": {"author_id": "103789134812", "nickname": "大脸逗乐", "follower_count": 224560}}, {"aweme": {"aweme_id": "6851810981136305415", "aweme_title": "你在黄昏寄一场梦给我，满载相思的欢喜和宇宙的星辰@抖音小助手 #装修 #床头画", "aweme_url": "https://www.iesdouyin.com/share/video/6851810981136305415/?region=CN&mid=6781606761032862467&u_code=0&titleType=title", "download_url": "https://www.chanmama.com/awemeDetail/6851810981136305415", "digg_count": 7831, "digg_incr": 1811, "aweme_create_time": 1595311565, "category": 9, "volume": 0, "amount": 0}, "author": {"author_id": "108363549929", "nickname": "龙御装饰画", "follower_count": 263592}}, {"aweme": {"aweme_id": "6851844666028018958", "aweme_title": "#家有一老，#如有一宝。￼", "aweme_url": "https://www.iesdouyin.com/share/video/6851844666028018958/?region=CN&mid=6851844681039399687&u_code=0&titleType=title", "download_url": "https://www.chanmama.com/awemeDetail/6851844666028018958", "digg_count": 2887, "digg_incr": 1808, "aweme_create_time": 1595319408, "category": 9, "volume": 0, "amount": 0}, "author": {"author_id": "74027548848", "nickname": "儿媳妇", "follower_count": 345489}}, {"aweme": {"aweme_id": "6851796238229048579", "aweme_title": "好看防滑沙发垫，实用实惠，抓紧抢购！#沙发垫 #家居好物", "aweme_url": "https://www.iesdouyin.com/share/video/6851796238229048579/?region=CN&mid=6802170046220077069&u_code=0&titleType=title", "download_url": "https://www.chanmama.com/awemeDetail/6851796238229048579", "digg_count": 1702, "digg_incr": 1702, "aweme_create_time": 1595308139, "category": 9, "volume": 98, "amount": 98}, "author": {"author_id": "95280012512", "nickname": "小辣椒", "follower_count": 99662}}, {"aweme": {"aweme_id": "6851892506360106255", "aweme_title": "很喜欢这种感觉，慢慢的把家里装饰成自己喜欢的样子，每天都想在自己的小房子里多待会～#家 #现代简约", "aweme_url": "https://www.iesdouyin.com/share/video/6851892506360106255/?region=CN&mid=6851892512337382152&u_code=0&titleType=title", "download_url": "https://www.chanmama.com/awemeDetail/6851892506360106255", "digg_count": 3478, "digg_incr": 1700, "aweme_create_time": 1595330546, "category": 9, "volume": 0, "amount": 0}, "author": {"author_id": "72868998420", "nickname": "萍儿", "follower_count": 370015}}, {"aweme": {"aweme_id": "6851805174990769416", "aweme_title": "@墙贴一姐（1店）发了一个抖音短视频，你尽管点开，不好看算我输！", "aweme_url": "https://www.iesdouyin.com/share/video/6851805174990769416/?region=CN&mid=6851805376519211780&u_code=3di8em88jagf&titleType=", "download_url": "https://www.chanmama.com/awemeDetail/6851805174990769416", "digg_count": 1722, "digg_incr": 1690, "aweme_create_time": 1595310228, "category": 9, "volume": 0, "amount": 0}, "author": {"author_id": "3795105505610075", "nickname": "墙贴一姐（1店）", "follower_count": 857243}}, {"aweme": {"aweme_id": "6851817480839630088", "aweme_title": "#乾业农机 #好物推荐", "aweme_url": "https://www.iesdouyin.com/share/video/6851817480839630088/?region=CN&mid=6805022428105198348&u_code=gmaek20dh2c&titleType=title", "download_url": "https://www.chanmama.com/awemeDetail/6851817480839630088", "digg_count": 2298, "digg_incr": 1646, "aweme_create_time": 1595313079, "category": 9, "volume": 0, "amount": 0}, "author": {"author_id": "60881412205", "nickname": "乾业履带微耕机厂家", "follower_count": 28400}}, {"aweme": {"aweme_id": "6851720709539122432", "aweme_title": "直播喽宝宝们#哈哈哈 #连衣裙 #秒杀", "aweme_url": "https://www.iesdouyin.com/share/video/6851720709539122432/?region=CN&mid=6851720688751938312&u_code=1j0gg92c5cf9&titleType=title", "download_url": "https://www.chanmama.com/awemeDetail/6851720709539122432", "digg_count": 1884, "digg_incr": 1645, "aweme_create_time": 1595290549, "category": 9, "volume": 362, "amount": 10498}, "author": {"author_id": "3737953565157976", "nickname": "常熟刘玲服装商行", "follower_count": 155068}}, {"aweme": {"aweme_id": "6851893953550241039", "aweme_title": "针对“砖夹子”们的不屑和牛皮，我打算申请个“江湖书法鞋会”志同道合的在评论区留言，一同前行#张增亮磐石体书法", "aweme_url": "https://www.iesdouyin.com/share/video/6851893953550241039/?region=CN&mid=6851893976199744270&u_code=0&titleType=title", "download_url": "https://www.chanmama.com/awemeDetail/6851893953550241039", "digg_count": 1950, "digg_incr": 1549, "aweme_create_time": 1595330883, "category": 9, "volume": 0, "amount": 0}, "author": {"author_id": "96243746009", "nickname": "河北张增亮磐石书法工作室", "follower_count": 184092}}, {"aweme": {"aweme_id": "6851874115175877888", "aweme_title": "你没用过双层纱，你都不知道世界上还有这么柔软的料子！#纯棉", "aweme_url": "https://www.iesdouyin.com/share/video/6851874115175877888/?region=CN&mid=6851525371230227214&u_code=0&titleType=title", "download_url": "https://www.chanmama.com/awemeDetail/6851874115175877888", "digg_count": 5257, "digg_incr": 1498, "aweme_create_time": 1595326264, "category": 9, "volume": 0, "amount": 0}, "author": {"author_id": "107659928214", "nickname": "海门鑫美润家纺", "follower_count": 101187}}, {"aweme": {"aweme_id": "6851779411260296459", "aweme_title": "三双组合里还有老爹鞋，太好了，吃土也要入手一组，不能错过", "aweme_url": "https://www.iesdouyin.com/share/video/6851779411260296459/?region=CN&mid=6851779474820811533&u_code=4f4lc765kh2&titleType=title", "download_url": "https://www.chanmama.com/awemeDetail/6851779411260296459", "digg_count": 1473, "digg_incr": 1484, "aweme_create_time": 1595304222, "category": 9, "volume": 96, "amount": 7296}, "author": {"author_id": "2242591756649149", "nickname": "五匹马鞋业", "follower_count": 21965}}, {"aweme": {"aweme_id": "6851732637388655879", "aweme_title": "很多人问我，你每天养花，不用工作吗？我笑了，我不但要工作，还要拼命工作，要不几百盆花连水都喝不饱😂😂", "aweme_url": "https://www.iesdouyin.com/share/video/6851732637388655879/?region=CN&mid=6851732591851162376&u_code=e9jhj6ecge5&titleType=title", "download_url": "https://www.chanmama.com/awemeDetail/6851732637388655879", "digg_count": 1619, "digg_incr": 1460, "aweme_create_time": 1595293325, "category": 9, "volume": 0, "amount": 0}, "author": {"author_id": "96031674833", "nickname": "养花也疯狂", "follower_count": 83215}}, {"aweme": {"aweme_id": "6851865496892099855", "aweme_title": "送闺蜜一颗太阳花，希望她快乐一生#闺蜜 #手工", "aweme_url": "https://www.iesdouyin.com/share/video/6851865496892099855/?region=CN&mid=6851865513057241870&u_code=0&titleType=title", "download_url": "https://www.chanmama.com/awemeDetail/6851865496892099855", "digg_count": 2264, "digg_incr": 1443, "aweme_create_time": 1595324258, "category": 9, "volume": 8, "amount": 94.08}, "author": {"author_id": "100694993938", "nickname": "少女心课代表", "follower_count": 540310}}, {"aweme": {"aweme_id": "6851871995924090120", "aweme_title": "硅藻泥吸水垫，浴室门口放一块，再不会踩到到处是水 #好物推荐", "aweme_url": "https://www.iesdouyin.com/share/video/6851871995924090120/?region=CN&mid=6851872077604686605&u_code=0&titleType=title", "download_url": "https://www.chanmama.com/awemeDetail/6851871995924090120", "digg_count": 1828, "digg_incr": 1415, "aweme_create_time": 1595325786, "category": 9, "volume": 7, "amount": 209.29999999999998}, "author": {"author_id": "4230516014068461", "nickname": "科普大全", "follower_count": 860715}}, {"aweme": {"aweme_id": "6851598521498488071", "aweme_title": "为您甄选优质好地毯，直播间看过来 #地毯  #软装地毯  @DOU+小助手", "aweme_url": "https://www.iesdouyin.com/share/video/6851598521498488071/?region=CN&mid=6851598606726957837&u_code=0&titleType=title", "download_url": "https://www.chanmama.com/awemeDetail/6851598521498488071", "digg_count": 1413, "digg_incr": 1413, "aweme_create_time": 1595298600, "category": 9, "volume": 15, "amount": 450}, "author": {"author_id": "4252518697934092", "nickname": "立光宇惠地毯", "follower_count": 102056}}, {"aweme": {"aweme_id": "6851922400611765519", "aweme_title": "@抖音小助手", "aweme_url": "https://www.iesdouyin.com/share/video/6851922400611765519/?region=CN&mid=6851922415539833608&u_code=bab5el97he1&titleType=title", "download_url": "https://www.chanmama.com/awemeDetail/6851922400611765519", "digg_count": 2788, "digg_incr": 1410, "aweme_create_time": 1595337505, "category": 9, "volume": 0, "amount": 0}, "author": {"author_id": "3122201082203592", "nickname": "媛源衣坊服装", "follower_count": 29708}}, {"aweme": {"aweme_id": "6851852193277037824", "aweme_title": "#诺你们要转的裙子来啦喜欢吗？@抖音小助手", "aweme_url": "https://www.iesdouyin.com/share/video/6851852193277037824/?region=CN&mid=6765697984375081736&u_code=12kd4bd2726l&titleType=title", "download_url": "https://www.chanmama.com/awemeDetail/6851852193277037824", "digg_count": 1494, "digg_incr": 1400, "aweme_create_time": 1595321161, "category": 9, "volume": 0, "amount": 0}, "author": {"author_id": "2915498657581788", "nickname": "沫晓泡", "follower_count": 93390}}, {"aweme": {"aweme_id": "6851720405359529223", "aweme_title": "@中老年大码女装小秋发了一个抖音短视频，你尽管点开，不好看算我输！", "aweme_url": "https://www.iesdouyin.com/share/video/6851720405359529223/?region=CN&mid=6851720618480503563&u_code=31186i4kmg41&titleType=", "download_url": "https://www.chanmama.com/awemeDetail/6851720405359529223", "digg_count": 1432, "digg_incr": 1385, "aweme_create_time": 1595290490, "category": 9, "volume": 0, "amount": 0}, "author": {"author_id": "109212032436", "nickname": "中老年大码女装小秋", "follower_count": 210994}}, {"aweme": {"aweme_id": "6851793954950679821", "aweme_title": "挑战全网最可爱的窗帘 #窗帘  #装修  @抖音小助手", "aweme_url": "https://www.iesdouyin.com/share/video/6851793954950679821/?region=CN&mid=6851794048732809992&u_code=0&titleType=title", "download_url": "https://www.chanmama.com/awemeDetail/6851793954950679821", "digg_count": 1383, "digg_incr": 1340, "aweme_create_time": 1595307622, "category": 9, "volume": 0, "amount": 0}, "author": {"author_id": "74982778851", "nickname": "长安锦布络·窗帘", "follower_count": 199174}}, {"aweme": {"aweme_id": "6851822522820857103", "aweme_title": "颈椎不舒服的，脖子酸痛的，还有因为枕头导致睡眠不好的可以试试这个乳胶枕，用着很舒服#好物推荐@DOU+小助手", "aweme_url": "https://www.iesdouyin.com/share/video/6851822522820857103/?region=CN&mid=6851822526704651021&u_code=0&titleType=title", "download_url": "https://www.chanmama.com/awemeDetail/6851822522820857103", "digg_count": 1532, "digg_incr": 1282, "aweme_create_time": 1595314253, "category": 9, "volume": 7, "amount": 483}, "author": {"author_id": "835230615732622", "nickname": "快说慢理", "follower_count": 622476}}, {"aweme": {"aweme_id": "6851872093135457550", "aweme_title": "#家有一老如有一宝 @DOU+小助手 标题你们定", "aweme_url": "https://www.iesdouyin.com/share/video/6851872093135457550/?region=CN&mid=6851872117135362823&u_code=2kf531i7iek5&titleType=title", "download_url": "https://www.chanmama.com/awemeDetail/6851872093135457550", "digg_count": 1934, "digg_incr": 1222, "aweme_create_time": 1595325793, "category": 9, "volume": 0, "amount": 0}, "author": {"author_id": "23611140969", "nickname": "雅织云家纺", "follower_count": 50699}}, {"aweme": {"aweme_id": "6851781304741088527", "aweme_title": "俺向往的生活，就是这八个字#闲品茶香静听天籁 #张增亮磐石体书法 #一起揉揉小肚子 #创作者星计划 #磐石书法", "aweme_url": "https://www.iesdouyin.com/share/video/6851781304741088527/?region=CN&mid=6851781321065892615&u_code=1e86e3gfc222&titleType=title", "download_url": "https://www.chanmama.com/awemeDetail/6851781304741088527", "digg_count": 2510, "digg_incr": 1204, "aweme_create_time": 1595304655, "category": 9, "volume": 2, "amount": 636}, "author": {"author_id": "95974273320", "nickname": "张增亮磐石书法", "follower_count": 53748}}, {"aweme": {"aweme_id": "6851824730035457287", "aweme_title": "#抖音小助手 惊喜多多", "aweme_url": "https://www.iesdouyin.com/share/video/6851824730035457287/?region=CN&mid=6851824734691199751&u_code=0&titleType=title", "download_url": "https://www.chanmama.com/awemeDetail/6851824730035457287", "digg_count": 1149, "digg_incr": 1149, "aweme_create_time": 1595314767, "category": 9, "volume": 0, "amount": 0}, "author": {"author_id": "1486152353190027", "nickname": "南通梦绕家纺有限公司", "follower_count": 182994}}, {"aweme": {"aweme_id": "6851796229421092099", "aweme_title": "西瓜靠垫～纵有疾风起 人生不言弃风乍起 合当奋意想此生#玩具 @DOU+小助手 #直播 @抖音小助手", "aweme_url": "https://www.iesdouyin.com/share/video/6851796229421092099/?region=CN&mid=6851796253748087566&u_code=0&titleType=title", "download_url": "https://www.chanmama.com/awemeDetail/6851796229421092099", "digg_count": 1297, "digg_incr": 1145, "aweme_create_time": 1595308137, "category": 9, "volume": 15, "amount": 1125}, "author": {"author_id": "60843503612", "nickname": "爱雪毛绒玩具", "follower_count": 491214}}, {"aweme": {"aweme_id": "6851920945247046915", "aweme_title": "#国画树的画法 #一起揉揉小肚子", "aweme_url": "https://www.iesdouyin.com/share/video/6851920945247046915/?region=CN&mid=6833299648451529480&u_code=jc1bkmg2hch&titleType=title", "download_url": "https://www.chanmama.com/awemeDetail/6851920945247046915", "digg_count": 1460, "digg_incr": 1067, "aweme_create_time": 1595337171, "category": 9, "volume": 0, "amount": 0}, "author": {"author_id": "61516580416", "nickname": "墨香书画", "follower_count": 82380}}, {"aweme": {"aweme_id": "6851741255299304707", "aweme_title": "黑龙江退役战友发来安装好的视频，#光荣之家相框 #光荣牌相框 #老兵 #喜报相框 点击购物车，建军节更优惠", "aweme_url": "https://www.iesdouyin.com/share/video/6851741255299304707/?region=CN&mid=6838428652922030862&u_code=392lcgmlb7i7&titleType=title", "download_url": "https://www.chanmama.com/awemeDetail/6851741255299304707", "digg_count": 1433, "digg_incr": 972, "aweme_create_time": 1595295338, "category": 9, "volume": 7, "amount": 209.86}, "author": {"author_id": "62881429623", "nickname": "佳芳相框", "follower_count": 30595}}, {"aweme": {"aweme_id": "6851768411047857423", "aweme_title": "夫妻六戒，给对方看看，家和万事兴 夫妻合和黃土变成金#上热门  #夫妻@DOU+小助手@義煊", "aweme_url": "https://www.iesdouyin.com/share/video/6851768411047857423/?region=CN&mid=6847432833686866696&u_code=1e86e3gfc222&titleType=title", "download_url": "https://www.chanmama.com/awemeDetail/6851768411047857423", "digg_count": 1264, "digg_incr": 971, "aweme_create_time": 1595301653, "category": 9, "volume": 0, "amount": 0}, "author": {"author_id": "93051832287", "nickname": "义煊", "follower_count": 226130}}, {"aweme": {"aweme_id": "6851760363487235328", "aweme_title": "可以旋转时尚大丫夹", "aweme_url": "https://www.iesdouyin.com/share/video/6851760363487235328/?region=CN&mid=6851760694859074311&u_code=19fjbl89kf63&titleType=title", "download_url": "https://www.chanmama.com/awemeDetail/6851760363487235328", "digg_count": 3976, "digg_incr": 949, "aweme_create_time": 1595299794, "category": 9, "volume": 4, "amount": 220}, "author": {"author_id": "4503658791833048", "nickname": "爱美多米饰品", "follower_count": 125879}}, {"aweme": {"aweme_id": "6851871177531526415", "aweme_title": "店主内心os，都是千年的狐狸，你跟我玩什么聊斋？#剧情#女装#我要上热门", "aweme_url": "https://www.iesdouyin.com/share/video/6851871177531526415/?region=CN&mid=6851871212046715656&u_code=1h7f30l0i9ha&titleType=title", "download_url": "https://www.chanmama.com/awemeDetail/6851871177531526415", "digg_count": 1191, "digg_incr": 938, "aweme_create_time": 1595325580, "category": 9, "volume": 0, "amount": 0}, "author": {"author_id": "86046579771", "nickname": "蓉儿名品服装店", "follower_count": 16963}}, {"aweme": {"aweme_id": "6851608883027365120", "aweme_title": "新月许愿，机会难得。心有所期，得偿所愿。#星座 #许愿 #十二星座 #复合 #脱单", "aweme_url": "https://www.iesdouyin.com/share/video/6851608883027365120/?region=CN&mid=6683820139969940231&u_code=jlj3h5hh617&titleType=title", "download_url": "https://www.chanmama.com/awemeDetail/6851608883027365120", "digg_count": 1007, "digg_incr": 887, "aweme_create_time": 1595264519, "category": 9, "volume": 0, "amount": 0}, "author": {"author_id": "2387778474618055", "nickname": "贪吃女巫", "follower_count": 53607}}, {"aweme": {"aweme_id": "6851769700267953421", "aweme_title": "不染和赤伶的旋律傻傻分不清楚 #不染 #小提琴@DOU+小助手", "aweme_url": "https://www.iesdouyin.com/share/video/6851769700267953421/?region=CN&mid=6851769722082544392&u_code=0&titleType=title", "download_url": "https://www.chanmama.com/awemeDetail/6851769700267953421", "digg_count": 1163, "digg_incr": 878, "aweme_create_time": 1595301953, "category": 9, "volume": 3, "amount": 180}, "author": {"author_id": "99771487446", "nickname": "谷丽莎violinist", "follower_count": 100599}}, {"aweme": {"aweme_id": "6851938372546514184", "aweme_title": "不愧是网红散尾葵，太有气质了，放在室内可以提高湿度除甲醛，四季常绿，颜值非常大气。", "aweme_url": "https://www.iesdouyin.com/share/video/6851938372546514184/?region=CN&mid=6832198752925780749&u_code=0&titleType=title", "download_url": "https://www.chanmama.com/awemeDetail/6851938372546514184", "digg_count": 1511, "digg_incr": 877, "aweme_create_time": 1595341225, "category": 9, "volume": 0, "amount": 0}, "author": {"author_id": "61173269225", "nickname": "K.Y.Y", "follower_count": 231209}}, {"aweme": {"aweme_id": "6851778956501241088", "aweme_title": "你还记得，小时候校门口卖的这个流沙画吗#童年回忆 #童年物趣", "aweme_url": "https://www.iesdouyin.com/share/video/6851778956501241088/?region=CN&mid=6846687156023380743&u_code=0&titleType=title", "download_url": "https://www.chanmama.com/awemeDetail/6851778956501241088", "digg_count": 1070, "digg_incr": 868, "aweme_create_time": 1595304109, "category": 9, "volume": 0, "amount": 0}, "author": {"author_id": "65598436495", "nickname": "家有小可爱", "follower_count": 868743}}, {"aweme": {"aweme_id": "6851876518415584512", "aweme_title": "#家有一老 #抖音小助手 结结婚前后的对待就是不同", "aweme_url": "https://www.iesdouyin.com/share/video/6851876518415584512/?region=CN&mid=6851876532864961288&u_code=4a7f7d9ah194&titleType=title", "download_url": "https://www.chanmama.com/awemeDetail/6851876518415584512", "digg_count": 1245, "digg_incr": 818, "aweme_create_time": 1595326823, "category": 9, "volume": 0, "amount": 0}, "author": {"author_id": "303097103528125", "nickname": "南通雅织云纺织品经营部。", "follower_count": 33191}}, {"aweme": {"aweme_id": "6851850881831406863", "aweme_title": "#闺蜜 高颜值又舒服的#四件套 集美们安排", "aweme_url": "https://www.iesdouyin.com/share/video/6851850881831406863/?region=CN&mid=6851850892430723848&u_code=0&titleType=title", "download_url": "https://www.chanmama.com/awemeDetail/6851850881831406863", "digg_count": 1428, "digg_incr": 818, "aweme_create_time": 1595320855, "category": 9, "volume": 0, "amount": 0}, "author": {"author_id": "2422962102480055", "nickname": "小阳哥", "follower_count": 336115}}, {"aweme": {"aweme_id": "6851871468075126031", "aweme_title": "#怕老婆 #好物推荐 #踢脚线 有了它简直是家里一道靓丽的风景线！", "aweme_url": "https://www.iesdouyin.com/share/video/6851871468075126031/?region=CN&mid=6851871484215544589&u_code=1h7f30l0i9ha&titleType=title", "download_url": "https://www.chanmama.com/awemeDetail/6851871468075126031", "digg_count": 1426, "digg_incr": 797, "aweme_create_time": 1595325648, "category": 9, "volume": 0, "amount": 0}, "author": {"author_id": "3654374433764302", "nickname": "囤不完的好物", "follower_count": 70145}}, {"aweme": {"aweme_id": "6851760547751316736", "aweme_title": "入户墙面2米长，单副骑马画是不是有些孤单。", "aweme_url": "https://www.iesdouyin.com/share/video/6851760547751316736/?region=CN&mid=6722767448807901965&u_code=0&titleType=title", "download_url": "https://www.chanmama.com/awemeDetail/6851760547751316736", "digg_count": 1228, "digg_incr": 746, "aweme_create_time": 1595299822, "category": 9, "volume": 0, "amount": 0}, "author": {"author_id": "71571497930", "nickname": "思思猫", "follower_count": 618455}}, {"aweme": {"aweme_id": "6851684316540341504", "aweme_title": "你最喜欢哪一套？#上热门🔥", "aweme_url": "https://www.iesdouyin.com/share/video/6851684316540341504/?region=CN&mid=6784577508081060615&u_code=b0ge2ik4jel&titleType=title", "download_url": "https://www.chanmama.com/awemeDetail/6851684316540341504", "digg_count": 4049, "digg_incr": 678, "aweme_create_time": 1595282085, "category": 9, "volume": 0, "amount": 0}, "author": {"author_id": "102797283108", "nickname": "江山市臻丽境服装店", "follower_count": 547547}}, {"aweme": {"aweme_id": "6851814998726020366", "aweme_title": "最美的串", "aweme_url": "https://www.iesdouyin.com/share/video/6851814998726020366/?region=CN&mid=6851815006288349965&u_code=0&titleType=title", "download_url": "https://www.chanmama.com/awemeDetail/6851814998726020366", "digg_count": 8642, "digg_incr": 644, "aweme_create_time": 1595312501, "category": 9, "volume": 0, "amount": 0}, "author": {"author_id": "104628751140", "nickname": "琳琳 木艺", "follower_count": 338270}}, {"aweme": {"aweme_id": "6851899453347990792", "aweme_title": "猜猜今天又勾的哪款#手工勾鞋", "aweme_url": "https://www.iesdouyin.com/share/video/6851899453347990792/?region=CN&mid=6717874153346566925&u_code=0&titleType=title", "download_url": "https://www.chanmama.com/awemeDetail/6851899453347990792", "digg_count": 1062, "digg_incr": 603, "aweme_create_time": 1595332163, "category": 9, "volume": 0, "amount": 0}, "author": {"author_id": "111573965334", "nickname": "瑶瑶手工服装", "follower_count": 308960}}, {"aweme": {"aweme_id": "6851880537846549775", "aweme_title": "情意这东西，一见如故容易，难得是来日方长的陪伴。", "aweme_url": "https://www.iesdouyin.com/share/video/6851880537846549775/?region=CN&mid=6851880572541864718&u_code=0&titleType=title", "download_url": "https://www.chanmama.com/awemeDetail/6851880537846549775", "digg_count": 1001, "digg_incr": 558, "aweme_create_time": 1595327759, "category": 9, "volume": 0, "amount": 0}, "author": {"author_id": "77409134639", "nickname": "轩椽阁香道", "follower_count": 197176}}, {"aweme": {"aweme_id": "6851733450081242375", "aweme_title": "￼一般家里来客人，你们会让客人换鞋还是直接进去呢😄，囤了好几双拖鞋，打算来客人穿#新家 #拖鞋", "aweme_url": "https://www.iesdouyin.com/share/video/6851733450081242375/?region=CN&mid=6851733431940827912&u_code=0&titleType=title", "download_url": "https://www.chanmama.com/awemeDetail/6851733450081242375", "digg_count": 1310, "digg_incr": 506, "aweme_create_time": 1595293515, "category": 9, "volume": 3, "amount": 44.7}, "author": {"author_id": "85243186236", "nickname": "小曦", "follower_count": 277087}}, {"aweme": {"aweme_id": "6851904199970639107", "aweme_title": "废弃的酒瓶以后千万别扔了，这样加工后价值连城……", "aweme_url": "https://www.iesdouyin.com/share/video/6851904199970639107/?region=CN&mid=6851904225929497351&u_code=0&titleType=title", "download_url": "https://www.chanmama.com/awemeDetail/6851904199970639107", "digg_count": 1891, "digg_incr": 503, "aweme_create_time": 1595333273, "category": 9, "volume": 0, "amount": 0}, "author": {"author_id": "106877481244", "nickname": "二牛严选", "follower_count": 415888}}, {"aweme": {"aweme_id": "6851780169691172108", "aweme_title": "当窗帘穿上婚纱，是不是想结婚？😄#轻奢窗帘 #软装 #结婚 #婚房 #窗帘", "aweme_url": "https://www.iesdouyin.com/share/video/6851780169691172108/?region=CN&mid=6845950631950158605&u_code=0&titleType=title", "download_url": "https://www.chanmama.com/awemeDetail/6851780169691172108", "digg_count": 1170, "digg_incr": 436, "aweme_create_time": 1595304398, "category": 9, "volume": 0, "amount": 0}, "author": {"author_id": "72001844999", "nickname": "雅熙莱帝·窗帘", "follower_count": 175955}}, {"aweme": {"aweme_id": "6851681790936108295", "aweme_title": "早安宝宝们 有喜欢弹力牛仔九分老爹裤的宝宝 快来围观哦#dou上热门 #穿搭 @抖音小助手", "aweme_url": "https://www.iesdouyin.com/share/video/6851681790936108295/?region=CN&mid=6556531934758243080&u_code=b0ge2ik4jel&titleType=title", "download_url": "https://www.chanmama.com/awemeDetail/6851681790936108295", "digg_count": 2350, "digg_incr": 390, "aweme_create_time": 1595281500, "category": 9, "volume": 0, "amount": 0}, "author": {"author_id": "1873192414351613", "nickname": "常熟市莫城街道阳宇馨服装商行", "follower_count": 49984}}, {"aweme": {"aweme_id": "6851729413361421583", "aweme_title": "夏凉被处理#面料舒服柔软 #抖音小助手", "aweme_url": "https://www.iesdouyin.com/share/video/6851729413361421583/?region=CN&mid=6851729377447201544&u_code=0&titleType=title", "download_url": "https://www.chanmama.com/awemeDetail/6851729413361421583", "digg_count": 1481, "digg_incr": 347, "aweme_create_time": 1595292574, "category": 9, "volume": 0, "amount": 0}, "author": {"author_id": "110680945881", "nickname": "义乌瑾璇家纺", "follower_count": 116551}}, {"aweme": {"aweme_id": "6851727721563688207", "aweme_title": "你知道照片如何保存更长久么？#婚纱照 #相框 #九宫格 #宝宝照 #摆台 #全家福 #艺术照 @抖音小助手", "aweme_url": "https://www.iesdouyin.com/share/video/6851727721563688207/?region=CN&mid=6851727687636093710&u_code=13h2b40ld9m7&titleType=title", "download_url": "https://www.chanmama.com/awemeDetail/6851727721563688207", "digg_count": 2955, "digg_incr": 293, "aweme_create_time": 1595292181, "category": 9, "volume": 0, "amount": 0}, "author": {"author_id": "58872640080", "nickname": "幸福拾光高端相框", "follower_count": 23236}}, {"aweme": {"aweme_id": "6851720023409478919", "aweme_title": "这款鞋，很多人问我鞋带怎么系的，给大家放慢了，简单明了，很好系", "aweme_url": "https://www.iesdouyin.com/share/video/6851720023409478919/?region=CN&mid=6792213274378619661&u_code=392lcgmlb7i7&titleType=title", "download_url": "https://www.chanmama.com/awemeDetail/6851720023409478919", "digg_count": 1077, "digg_incr": 291, "aweme_create_time": 1595290390, "category": 9, "volume": 6, "amount": 279.4}, "author": {"author_id": "73748234418", "nickname": "武进区步一样鞋店", "follower_count": 578369}}]}