{
  "data": [
    {
      "aweme": {
        "aweme_id": "6850863089966009613",
        "aweme_title": "小女生吃肉果然还是温柔多了",
        "aweme_url": "https://www.iesdouyin.com/share/video/6850863089966009613/?region=CN&mid=6850863427590687502&u_code=0&titleType=title",
        "download_url": "https://www.chanmama.com/awemeDetail/6850863089966009613",
        "digg_count": 85889,
        "digg_incr": 70108,
        "aweme_create_time": 1595117760,
        "category": 10,
        "volume": 43,
        "amount": 4687
      },
      "author": {
        "author_id": "68110827514",
        "nickname": "邓峰萌萌摔肿了",
        "follower_count": 847110
      }
    },
    {
      "aweme": {
        "aweme_id": "6850860513048530188",
        "aweme_title": "三儿说它玩儿玩具从来不看说明书...呵呵呵...#萌宠#狗狗#小可爱#玩出新高度",
        "aweme_url": "https://www.iesdouyin.com/share/video/6850860513048530188/?region=CN&mid=6850861207181003534&u_code=0&titleType=title",
        "download_url": "https://www.chanmama.com/awemeDetail/6850860513048530188",
        "digg_count": 18571,
        "digg_incr": 15216,
        "aweme_create_time": 1595111400,
        "category": 10,
        "volume": 111,
        "amount": 3774
      },
      "author": {
        "author_id": "61780767819",
        "nickname": "~三儿~是只小狗🐶",
        "follower_count": 457996
      }
    },
    {
      "aweme": {
        "aweme_id": "6850860271116864776",
        "aweme_title": "#玛莎拉蒂锋芒玩家  浴巾来了 4条网红浴巾@DOU+小助手",
        "aweme_url": "https://www.iesdouyin.com/share/video/6850860271116864776/?region=CN&mid=6850860239219477262&u_code=0&titleType=title",
        "download_url": "https://www.chanmama.com/awemeDetail/6850860271116864776",
        "digg_count": 14549,
        "digg_incr": 14666,
        "aweme_create_time": 1595090219,
        "category": 10,
        "volume": 5471,
        "amount": 54162.9
      },
      "author": {
        "author_id": "1222283288658654",
        "nickname": "郑乾严选",
        "follower_count": 37032
      }
    },
    {
      "aweme": {
        "aweme_id": "6851197870998080775",
        "aweme_title": "懂事的让我心疼… #宠物伴侣 #懂事的孩子",
        "aweme_url": "https://www.iesdouyin.com/share/video/6851197870998080775/?region=CN&mid=6838899118699186951&u_code=0&titleType=title",
        "download_url": "https://www.chanmama.com/awemeDetail/6851197870998080775",
        "digg_count": 31012,
        "digg_incr": 11901,
        "aweme_create_time": 1595168814,
        "category": 10,
        "volume": 0,
        "amount": 0
      },
      "author": {
        "author_id": "104375224528",
        "nickname": "皮蛋蛋🐱",
        "follower_count": 25084
      }
    },
    {
      "aweme": {
        "aweme_id": "6851108652804230407",
        "aweme_title": "用了小白盒家里一点味道都没有了，可以放心的撸狗子啦！",
        "aweme_url": "https://www.iesdouyin.com/share/video/6851108652804230407/?region=CN&mid=6851108662472166152&u_code=0&titleType=title",
        "download_url": "https://www.chanmama.com/awemeDetail/6851108652804230407",
        "digg_count": 11566,
        "digg_incr": 7641,
        "aweme_create_time": 1595148041,
        "category": 10,
        "volume": 3,
        "amount": 264
      },
      "author": {
        "author_id": "2915528561395427",
        "nickname": "奥斯卡是个高富帅哈士奇",
        "follower_count": 944603
      }
    },
    {
      "aweme": {
        "aweme_id": "6851004690512039176",
        "aweme_title": "越懂事的孩子越让人心疼，你小时候的梦想实现了吗？子欲养而亲不在#助农 #正能量 @抖音小助手@DOU+小助手",
        "aweme_url": "https://www.iesdouyin.com/share/video/6851004690512039176/?region=CN&mid=6851004752655534855&u_code=0&titleType=title",
        "download_url": "https://www.chanmama.com/awemeDetail/6851004690512039176",
        "digg_count": 8803,
        "digg_incr": 3317,
        "aweme_create_time": 1595123845,
        "category": 10,
        "volume": 3,
        "amount": 44.7
      },
      "author": {
        "author_id": "69908571495",
        "nickname": "汇农记&干实事",
        "follower_count": 23495
      }
    },
    {
      "aweme": {
        "aweme_id": "6850987867490094336",
        "aweme_title": "这样也能睡的这么香",
        "aweme_url": "https://www.iesdouyin.com/share/video/6850987867490094336/?region=CN&mid=6779041629702457346&u_code=0&titleType=title",
        "download_url": "https://www.chanmama.com/awemeDetail/6850987867490094336",
        "digg_count": 4366,
        "digg_incr": 2778,
        "aweme_create_time": 1595119920,
        "category": 10,
        "volume": 0,
        "amount": 0
      },
      "author": {
        "author_id": "54944508515",
        "nickname": "蓝猫多宝",
        "follower_count": 238888
      }
    },
    {
      "aweme": {
        "aweme_id": "6850441466506906895",
        "aweme_title": "张飞拉粑粑臭吗？不要问，问就是不臭！#猫与猫与猫与猫 #猫咪 #猫砂 @抖音星探家",
        "aweme_url": "https://www.iesdouyin.com/share/video/6850441466506906895/?region=CN&mid=6850441496865737485&u_code=0&titleType=title",
        "download_url": "https://www.chanmama.com/awemeDetail/6850441466506906895",
        "digg_count": 3681,
        "digg_incr": 2755,
        "aweme_create_time": 1595127600,
        "category": 10,
        "volume": 35,
        "amount": 840
      },
      "author": {
        "author_id": "571351141477037",
        "nickname": "吃不饱的张飞",
        "follower_count": 643443
      }
    },
    {
      "aweme": {
        "aweme_id": "6851042703757544718",
        "aweme_title": "#萨摩耶 发现原来有些狗惹不起！还玩不起，哼",
        "aweme_url": "https://www.iesdouyin.com/share/video/6851042703757544718/?region=CN&mid=6851042717003614989&u_code=0&titleType=title",
        "download_url": "https://www.chanmama.com/awemeDetail/6851042703757544718",
        "digg_count": 5132,
        "digg_incr": 2592,
        "aweme_create_time": 1595132686,
        "category": 10,
        "volume": 0,
        "amount": 0
      },
      "author": {
        "author_id": "63130245538",
        "nickname": "嗨翻训犬",
        "follower_count": 225938
      }
    },
    {
      "aweme": {
        "aweme_id": "6851144049462693120",
        "aweme_title": "#抖加小助手 #我要上热门 #dou热门 快来",
        "aweme_url": "https://www.iesdouyin.com/share/video/6851144049462693120/?region=CN&mid=6851144059692550926&u_code=0&titleType=title",
        "download_url": "https://www.chanmama.com/awemeDetail/6851144049462693120",
        "digg_count": 2348,
        "digg_incr": 2364,
        "aweme_create_time": 1595156282,
        "category": 10,
        "volume": 77,
        "amount": 762.3000000000001
      },
      "author": {
        "author_id": "2704423638020909",
        "nickname": "樱桃淘好货",
        "follower_count": 40439
      }
    },
    {
      "aweme": {
        "aweme_id": "6850992500174261518",
        "aweme_title": "大面包多款口水巾上架，喜欢的亲可以自由选择了。纯手工制作哦#萌宠金毛",
        "aweme_url": "https://www.iesdouyin.com/share/video/6850992500174261518/?region=CN&mid=6850992486949718791&u_code=0&titleType=title",
        "download_url": "https://www.chanmama.com/awemeDetail/6850992500174261518",
        "digg_count": 2760,
        "digg_incr": 2292,
        "aweme_create_time": 1595120998,
        "category": 10,
        "volume": 3,
        "amount": 54
      },
      "author": {
        "author_id": "3575248140899731",
        "nickname": "高度",
        "follower_count": 72409
      }
    },
    {
      "aweme": {
        "aweme_id": "6850772223456709903",
        "aweme_title": "所以养猫后该怎么睡个好觉？#沐子的vlog",
        "aweme_url": "https://www.iesdouyin.com/share/video/6850772223456709903/?region=CN&mid=6850772235016227598&u_code=0&titleType=title",
        "download_url": "https://www.chanmama.com/awemeDetail/6850772223456709903",
        "digg_count": 2763,
        "digg_incr": 1724,
        "aweme_create_time": 1595152800,
        "category": 10,
        "volume": 8,
        "amount": 192
      },
      "author": {
        "author_id": "2018320908819427",
        "nickname": "沐子同学",
        "follower_count": 487248
      }
    },
    {
      "aweme": {
        "aweme_id": "6851123838713957639",
        "aweme_title": "遇见你让我心里难受了#我和狗狗的故事",
        "aweme_url": "https://www.iesdouyin.com/share/video/6851123838713957639/?region=CN&mid=6829941600324421640&u_code=0&titleType=title",
        "download_url": "https://www.chanmama.com/awemeDetail/6851123838713957639",
        "digg_count": 1865,
        "digg_incr": 1665,
        "aweme_create_time": 1595151577,
        "category": 10,
        "volume": 0,
        "amount": 0
      },
      "author": {
        "author_id": "63682039352",
        "nickname": "彩炫商行",
        "follower_count": 385074
      }
    },
    {
      "aweme": {
        "aweme_id": "6851064714374434063",
        "aweme_title": "请问哪里可以给狗鼻子👃补漆？",
        "aweme_url": "https://www.iesdouyin.com/share/video/6851064714374434063/?region=CN&mid=6792154119643171592&u_code=0&titleType=title",
        "download_url": "https://www.chanmama.com/awemeDetail/6851064714374434063",
        "digg_count": 2102,
        "digg_incr": 1608,
        "aweme_create_time": 1595137811,
        "category": 10,
        "volume": 0,
        "amount": 0
      },
      "author": {
        "author_id": "67316538998",
        "nickname": "拉布拉多旺财呀",
        "follower_count": 73366
      }
    },
    {
      "aweme": {
        "aweme_id": "6851130553870060815",
        "aweme_title": "#daydream生活馆 破产两条街#jk制服 #lolita #充能计划 直播优惠多多",
        "aweme_url": "https://www.iesdouyin.com/share/video/6851130553870060815/?region=CN&mid=6844107379081087751&u_code=0&titleType=title",
        "download_url": "https://www.chanmama.com/awemeDetail/6851130553870060815",
        "digg_count": 1814,
        "digg_incr": 1480,
        "aweme_create_time": 1595153140,
        "category": 10,
        "volume": 1,
        "amount": 148
      },
      "author": {
        "author_id": "104831842012",
        "nickname": "daydream生活馆 周五六日6点直播",
        "follower_count": 238918
      }
    },
    {
      "aweme": {
        "aweme_id": "6851132361858501903",
        "aweme_title": "#717抖音奇妙好物市集 #果味相投一起混 #不负吾爱探索x面 看到的发财",
        "aweme_url": "https://www.iesdouyin.com/share/video/6851132361858501903/?region=CN&mid=6851132364475730695&u_code=0&titleType=title",
        "download_url": "https://www.chanmama.com/awemeDetail/6851132361858501903",
        "digg_count": 1539,
        "digg_incr": 1475,
        "aweme_create_time": 1595153561,
        "category": 10,
        "volume": 53,
        "amount": 524.7
      },
      "author": {
        "author_id": "1345405039689199",
        "nickname": "金华集京电子商务有限公司",
        "follower_count": 183159
      }
    },
    {
      "aweme": {
        "aweme_id": "6850987873257213184",
        "aweme_title": "今天同城有下单猫粮的我抱绵绵去送货🥳🥳",
        "aweme_url": "https://www.iesdouyin.com/share/video/6850987873257213184/?region=CN&mid=6850045925709171464&u_code=0&titleType=title",
        "download_url": "https://www.chanmama.com/awemeDetail/6850987873257213184",
        "digg_count": 1495,
        "digg_incr": 1398,
        "aweme_create_time": 1595119922,
        "category": 10,
        "volume": 0,
        "amount": 0
      },
      "author": {
        "author_id": "101174292191",
        "nickname": "柒柒🐯精豆🐶小绵绵👑",
        "follower_count": 493437
      }
    },
    {
      "aweme": {
        "aweme_id": "6851006560005590283",
        "aweme_title": "每个月总有那么两天伤痕累累#铲屎官和他的主人 #猫咪剪指甲 @抖音小助手 @DOU+小助手",
        "aweme_url": "https://www.iesdouyin.com/share/video/6851006560005590283/?region=CN&mid=6851006632915176205&u_code=0&titleType=title",
        "download_url": "https://www.chanmama.com/awemeDetail/6851006560005590283",
        "digg_count": 2488,
        "digg_incr": 1382,
        "aweme_create_time": 1595124279,
        "category": 10,
        "volume": 7,
        "amount": 68.60000000000001
      },
      "author": {
        "author_id": "96795746205",
        "nickname": "好多喵",
        "follower_count": 392834
      }
    },
    {
      "aweme": {
        "aweme_id": "6851129898015182095",
        "aweme_title": "罐头猫窝还没捂热就被起司又抢走了😂😂#面瘫猫 #傻猫",
        "aweme_url": "https://www.iesdouyin.com/share/video/6851129898015182095/?region=CN&mid=6851129911780838152&u_code=0&titleType=title",
        "download_url": "https://www.chanmama.com/awemeDetail/6851129898015182095",
        "digg_count": 2817,
        "digg_incr": 1208,
        "aweme_create_time": 1595152987,
        "category": 10,
        "volume": 1,
        "amount": 8.9
      },
      "author": {
        "author_id": "104797056504",
        "nickname": "面瘫安东尼",
        "follower_count": 169581
      }
    },
    {
      "aweme": {
        "aweme_id": "6849654757720706304",
        "aweme_title": "有了这款除臭神器，哥哥在也不用担心辛巴的💩臭了哈哈哈#猫砂测评 #除臭",
        "aweme_url": "https://www.iesdouyin.com/share/video/6849654757720706304/?region=CN&mid=6849654745964415751&u_code=0&titleType=title",
        "download_url": "https://www.chanmama.com/awemeDetail/6849654757720706304",
        "digg_count": 1549,
        "digg_incr": 1038,
        "aweme_create_time": 1595149200,
        "category": 10,
        "volume": 6,
        "amount": 144
      },
      "author": {
        "author_id": "3645636389639756",
        "nickname": "辛巴不是小狮子",
        "follower_count": 619791
      }
    },
    {
      "aweme": {
        "aweme_id": "6851020414634740999",
        "aweme_title": "驴头驴肉美食美味",
        "aweme_url": "https://www.iesdouyin.com/share/video/6851020414634740999/?region=CN&mid=6761267701420657419&u_code=0&titleType=title",
        "download_url": "https://www.chanmama.com/awemeDetail/6851020414634740999",
        "digg_count": 34511,
        "digg_incr": 1023,
        "aweme_create_time": 1595127496,
        "category": 10,
        "volume": 0,
        "amount": 0
      },
      "author": {
        "author_id": "84957982098",
        "nickname": "大棚驴肉（教学员）",
        "follower_count": 203777
      }
    },
    {
      "aweme": {
        "aweme_id": "6851032588631493888",
        "aweme_title": "你可以拥有全世界，但狗狗只有主人，无论去到哪里都把你带上。",
        "aweme_url": "https://www.iesdouyin.com/share/video/6851032588631493888/?region=CN&mid=6851032588409211662&u_code=0&titleType=title",
        "download_url": "https://www.chanmama.com/awemeDetail/6851032588631493888",
        "digg_count": 1836,
        "digg_incr": 976,
        "aweme_create_time": 1595130331,
        "category": 10,
        "volume": 0,
        "amount": 0
      },
      "author": {
        "author_id": "94650770834",
        "nickname": "金毛A弟",
        "follower_count": 402381
      }
    },
    {
      "aweme": {
        "aweme_id": "6850974583579856143",
        "aweme_title": "该种秋豆角了，这种豆角颜色紫红，营养丰富，而且结的豆角很多，推荐大家种植!#种菜",
        "aweme_url": "https://www.iesdouyin.com/share/video/6850974583579856143/?region=CN&mid=6605565692693777155&u_code=0&titleType=title",
        "download_url": "https://www.chanmama.com/awemeDetail/6850974583579856143",
        "digg_count": 1267,
        "digg_incr": 965,
        "aweme_create_time": 1595116828,
        "category": 10,
        "volume": 8,
        "amount": 38.4
      },
      "author": {
        "author_id": "99314614056",
        "nickname": "田园晓月",
        "follower_count": 935997
      }
    },
    {
      "aweme": {
        "aweme_id": "6850978216845266183",
        "aweme_title": "快来#河北时装周 #抖音卖货小助手 #玛莎拉蒂锋芒玩家",
        "aweme_url": "https://www.iesdouyin.com/share/video/6850978216845266183/?region=CN&mid=6850978205088959246&u_code=0&titleType=title",
        "download_url": "https://www.chanmama.com/awemeDetail/6850978216845266183",
        "digg_count": 1414,
        "digg_incr": 881,
        "aweme_create_time": 1595117674,
        "category": 10,
        "volume": 92,
        "amount": 4508
      },
      "author": {
        "author_id": "67549179395",
        "nickname": "清河县凌冬服装店",
        "follower_count": 25878
      }
    },
    {
      "aweme": {
        "aweme_id": "6850713150275194125",
        "aweme_title": "牛牛真不愧是妈妈的好大儿🙃#曼基康矮脚",
        "aweme_url": "https://www.iesdouyin.com/share/video/6850713150275194125/?region=CN&mid=6850713163533847303&u_code=0&titleType=title",
        "download_url": "https://www.chanmama.com/awemeDetail/6850713150275194125",
        "digg_count": 1009,
        "digg_incr": 769,
        "aweme_create_time": 1595152800,
        "category": 10,
        "volume": 3,
        "amount": 72
      },
      "author": {
        "author_id": "96129941241",
        "nickname": "牛牛牛牛",
        "follower_count": 312643
      }
    },
    {
      "aweme": {
        "aweme_id": "6849623659913497867",
        "aweme_title": "终于又有💩可铲，爷的快乐又回来了……#猫咪 #吸猫",
        "aweme_url": "https://www.iesdouyin.com/share/video/6849623659913497867/?region=CN&mid=6784778931594595085&u_code=0&titleType=title",
        "download_url": "https://www.chanmama.com/awemeDetail/6849623659913497867",
        "digg_count": 1280,
        "digg_incr": 765,
        "aweme_create_time": 1595149200,
        "category": 10,
        "volume": 7,
        "amount": 168
      },
      "author": {
        "author_id": "75328410240",
        "nickname": "再熬夜就去死",
        "follower_count": 304490
      }
    },
    {
      "aweme": {
        "aweme_id": "6851129779014356239",
        "aweme_title": "教你如何架火腿！5J纯种伊比利亚火腿价值到底在哪？👍#哈姆骑士 #5j火腿 #5j火腿切割师justin",
        "aweme_url": "https://www.iesdouyin.com/share/video/6851129779014356239/?region=CN&mid=6560938130629724931&u_code=0&titleType=title",
        "download_url": "https://www.chanmama.com/awemeDetail/6851129779014356239",
        "digg_count": 3021,
        "digg_incr": 347,
        "aweme_create_time": 1595152960,
        "category": 10,
        "volume": 0,
        "amount": 0
      },
      "author": {
        "author_id": "3861090697750192",
        "nickname": "哈姆骑士俱乐部",
        "follower_count": 110056
      }
    },
    {
      "aweme": {
        "aweme_id": "6851086990738263311",
        "aweme_title": "迷你小鱼缸，家里办公室都能养小鱼，自带小夜灯，每天看着心情也美美的。#迷你鱼缸 @DOU+小助手",
        "aweme_url": "https://www.iesdouyin.com/share/video/6851086990738263311/?region=CN&mid=6845116568934877960&u_code=0&titleType=title",
        "download_url": "https://www.chanmama.com/awemeDetail/6851086990738263311",
        "digg_count": 1703,
        "digg_incr": 69,
        "aweme_create_time": 1595142997,
        "category": 10,
        "volume": 0,
        "amount": 0
      },
      "author": {
        "author_id": "1666452209537284",
        "nickname": "杨十三爱生活",
        "follower_count": 55825
      }
    }
  ]
}