{"data": [{"aweme": {"aweme_id": "6851020320959106304", "aweme_title": "#正在直播中 #全包围汽车脚垫 #实力商家", "aweme_url": "https://www.iesdouyin.com/share/video/6851020320959106304/?region=CN&mid=6851020319226972936&u_code=0&titleType=title", "download_url": "https://www.chanmama.com/awemeDetail/6851020320959106304", "digg_count": 19576, "digg_incr": 12224, "aweme_create_time": 1595127474, "category": 11, "volume": 597, "amount": 58506}, "author": {"author_id": "3865523827253388", "nickname": "逸尔舒汽车用品", "follower_count": 60010}}, {"aweme": {"aweme_id": "6851085664990006543", "aweme_title": "说一口就一口#汽车用品 #正在直播中 #我要上热门", "aweme_url": "https://www.iesdouyin.com/share/video/6851085664990006543/?region=CN&mid=6851085658434685709&u_code=161hg4l042h&titleType=title", "download_url": "https://www.chanmama.com/awemeDetail/6851085664990006543", "digg_count": 5930, "digg_incr": 5253, "aweme_create_time": 1595142689, "category": 11, "volume": 270, "amount": 26460}, "author": {"author_id": "3865523827253388", "nickname": "逸尔舒汽车用品", "follower_count": 60010}}, {"aweme": {"aweme_id": "6850913763894299919", "aweme_title": "越野 拍摄 ，各种位置切换。#兰德酷路泽 #越野 #手机支架@DOU+小助手", "aweme_url": "https://www.iesdouyin.com/share/video/6850913763894299919/?region=CN&mid=6850913690737314567&u_code=0&titleType=title", "download_url": "https://www.chanmama.com/awemeDetail/6850913763894299919", "digg_count": 16198, "digg_incr": 5041, "aweme_create_time": 1595102715, "category": 11, "volume": 8, "amount": 1440}, "author": {"author_id": "1138728727743053", "nickname": "李李李大冰", "follower_count": 18787}}, {"aweme": {"aweme_id": "6851021555212897544", "aweme_title": "全包围包门槛汽车脚垫", "aweme_url": "https://www.iesdouyin.com/share/video/6851021555212897544/?region=CN&mid=6754931385037179659&u_code=0&titleType=title", "download_url": "https://www.chanmama.com/awemeDetail/6851021555212897544", "digg_count": 12240, "digg_incr": 3632, "aweme_create_time": 1595127762, "category": 11, "volume": 26, "amount": 10348}, "author": {"author_id": "104938539110", "nickname": "晋州市小拇指汽车用品贸易有限公司", "follower_count": 443810}}, {"aweme": {"aweme_id": "6851156363591126272", "aweme_title": "#我要上热门 #正在直播中 #汽车用品", "aweme_url": "https://www.iesdouyin.com/share/video/6851156363591126272/?region=CN&mid=6851156409712003847&u_code=42621bm39ck8&titleType=title", "download_url": "https://www.chanmama.com/awemeDetail/6851156363591126272", "digg_count": 3435, "digg_incr": 3112, "aweme_create_time": 1595159155, "category": 11, "volume": 56, "amount": 5488}, "author": {"author_id": "3865523827253388", "nickname": "逸尔舒汽车用品", "follower_count": 60010}}, {"aweme": {"aweme_id": "6851132998235049230", "aweme_title": "外壳硬升顶，底盘可升降，这个越野拖挂房车有点牛#勘路者 #勘路者越野车 @皮卡大叔 @青视界 #房车旅行", "aweme_url": "https://www.iesdouyin.com/share/video/6851132998235049230/?region=CN&mid=6851133016425630472&u_code=0&titleType=title", "download_url": "https://www.chanmama.com/awemeDetail/6851132998235049230", "digg_count": 5791, "digg_incr": 2856, "aweme_create_time": 1595153709, "category": 11, "volume": 0, "amount": 0}, "author": {"author_id": "98346194701", "nickname": "勘路者汽车", "follower_count": 139541}}, {"aweme": {"aweme_id": "6851010444719574272", "aweme_title": "就这样小车拉着货车走完了几公里沙土路，最终小车的半轴也坏了#救援 #拖车绳 #牧马人#抖音小助手", "aweme_url": "https://www.iesdouyin.com/share/video/6851010444719574272/?region=CN&mid=6802333880322902796&u_code=3e536eh42gd3&titleType=title", "download_url": "https://www.chanmama.com/awemeDetail/6851010444719574272", "digg_count": 5473, "digg_incr": 2758, "aweme_create_time": 1595125175, "category": 11, "volume": 13, "amount": 1014}, "author": {"author_id": "2378980220215623", "nickname": "亮哥越野", "follower_count": 30121}}, {"aweme": {"aweme_id": "6850889929870822656", "aweme_title": "#摩托 #头盔 #机车 @抖音小助手", "aweme_url": "https://www.iesdouyin.com/share/video/6850889929870822656/?region=CN&mid=6850889885113862925&u_code=3clj7ilbk4j1&titleType=title", "download_url": "https://www.chanmama.com/awemeDetail/6850889929870822656", "digg_count": 2958, "digg_incr": 2454, "aweme_create_time": 1595097147, "category": 11, "volume": 0, "amount": 0}, "author": {"author_id": "92190845346", "nickname": "达摩Moto Club", "follower_count": 38025}}, {"aweme": {"aweme_id": "6851013056542051592", "aweme_title": "这款车 我敢说玩不坏 正在直播#717奇妙好物 #717奇妙好物市集", "aweme_url": "https://www.iesdouyin.com/share/video/6851013056542051592/?region=CN&mid=6851013141044693774&u_code=j26jlkea1ka&titleType=title", "download_url": "https://www.chanmama.com/awemeDetail/6851013056542051592", "digg_count": 2400, "digg_incr": 2390, "aweme_create_time": 1595125803, "category": 11, "volume": 889, "amount": 8801.1}, "author": {"author_id": "96049627140", "nickname": "LH981482027", "follower_count": 193288}}, {"aweme": {"aweme_id": "6851174869715913984", "aweme_title": "市场换季清库存，好多好看的衣服质量又好又便宜，喜欢的朋友快来直播间看看#电商小助手", "aweme_url": "https://www.iesdouyin.com/share/video/6851174869715913984/?region=CN&mid=6851174882035714829&u_code=0&titleType=title", "download_url": "https://www.chanmama.com/awemeDetail/6851174869715913984", "digg_count": 2121, "digg_incr": 1822, "aweme_create_time": 1595163457, "category": 11, "volume": 72, "amount": 2152.7999999999997}, "author": {"author_id": "3223956830", "nickname": "南姿娇服饰", "follower_count": 383863}}, {"aweme": {"aweme_id": "6851043634893163776", "aweme_title": "上门服务一条保时捷是什么感受#保时捷 #刷ECU #改装 #如何选车#学点养车知识 @抖音汽车", "aweme_url": "https://www.iesdouyin.com/share/video/6851043634893163776/?region=CN&mid=6851043638982576903&u_code=0&titleType=title", "download_url": "https://www.chanmama.com/awemeDetail/6851043634893163776", "digg_count": 3138, "digg_incr": 1746, "aweme_create_time": 1595132903, "category": 11, "volume": 0, "amount": 0}, "author": {"author_id": "53385361395", "nickname": "车匠派", "follower_count": 282573}}, {"aweme": {"aweme_id": "6851092436647906575", "aweme_title": "岳云鹏，你出来解释下，明明是恐怖电影，被你拍成喜剧片了#岳云鹏表示道歉", "aweme_url": "https://www.iesdouyin.com/share/video/6851092436647906575/?region=CN&mid=6851092438745631495&u_code=3mgb47e23akf&titleType=title", "download_url": "https://www.chanmama.com/awemeDetail/6851092436647906575", "digg_count": 1469, "digg_incr": 1467, "aweme_create_time": 1595144265, "category": 11, "volume": 0, "amount": 0}, "author": {"author_id": "111197840903", "nickname": "溜达溜达", "follower_count": 3046}}, {"aweme": {"aweme_id": "6851058981754948878", "aweme_title": "车门安全警示灯防止后来车或人，#车门警示灯", "aweme_url": "https://www.iesdouyin.com/share/video/6851058981754948878/?region=CN&mid=6851059111526992647&u_code=3aj02iljllhf&titleType=title", "download_url": "https://www.chanmama.com/awemeDetail/6851058981754948878", "digg_count": 1481, "digg_incr": 1378, "aweme_create_time": 1595136484, "category": 11, "volume": 230, "amount": 4370}, "author": {"author_id": "110716775758", "nickname": "布车精品", "follower_count": 20483}}, {"aweme": {"aweme_id": "6851014065326656783", "aweme_title": "给懒宝宝准备的套装哦  裤子冰冰凉的舒服又凉快哦#一口解锁暑假快落 @DOU+小助手", "aweme_url": "https://www.iesdouyin.com/share/video/6851014065326656783/?region=CN&mid=6849499959075621640&u_code=8kk8hb3afik&titleType=title", "download_url": "https://www.chanmama.com/awemeDetail/6851014065326656783", "digg_count": 3312, "digg_incr": 1282, "aweme_create_time": 1595126018, "category": 11, "volume": 13, "amount": 1038.7}, "author": {"author_id": "2774796645706547", "nickname": "俪生伴穿搭", "follower_count": 399722}}, {"aweme": {"aweme_id": "6851083573940784392", "aweme_title": "@林同学童装发了一个抖音短视频，你尽管点开，不好看算我输！", "aweme_url": "https://www.iesdouyin.com/share/video/6851083573940784392/?region=CN&mid=6851083597068159752&u_code=0&titleType=", "download_url": "https://www.chanmama.com/awemeDetail/6851083573940784392", "digg_count": 1219, "digg_incr": 1198, "aweme_create_time": 1595142202, "category": 11, "volume": 101, "amount": 2009.8999999999999}, "author": {"author_id": "83497104311", "nickname": "林同学童装", "follower_count": 44616}}, {"aweme": {"aweme_id": "6850868730159746317", "aweme_title": "#热门", "aweme_url": "https://www.iesdouyin.com/share/video/6850868730159746317/?region=CN&mid=6830814431497620237&u_code=1dbh74k7h95h&titleType=title", "download_url": "https://www.chanmama.com/awemeDetail/6850868730159746317", "digg_count": 1142, "digg_incr": 1141, "aweme_create_time": 1595092194, "category": 11, "volume": 34, "amount": 1016.5999999999999}, "author": {"author_id": "1226653375930507", "nickname": "种草yy", "follower_count": 147548}}, {"aweme": {"aweme_id": "6851084287203134724", "aweme_title": "喊我出门就不要催我😃", "aweme_url": "https://www.iesdouyin.com/share/video/6851084287203134724/?region=CN&mid=6850326956010244871&u_code=0&titleType=title", "download_url": "https://www.chanmama.com/awemeDetail/6851084287203134724", "digg_count": 1985, "digg_incr": 1128, "aweme_create_time": 1595142376, "category": 11, "volume": 0, "amount": 0}, "author": {"author_id": "102253039537", "nickname": "小海", "follower_count": 106163}}, {"aweme": {"aweme_id": "6851070195860049159", "aweme_title": "迅速降温喷雾！主要成分是干冰！喷一喷就能迅速降温@DOU+小助手", "aweme_url": "https://www.iesdouyin.com/share/video/6851070195860049159/?region=CN&mid=6851070191544470280&u_code=3g7mbkclj1kf&titleType=title", "download_url": "https://www.chanmama.com/awemeDetail/6851070195860049159", "digg_count": 60487, "digg_incr": 804, "aweme_create_time": 1595139087, "category": 11, "volume": 38, "amount": 980.4}, "author": {"author_id": "103267653563", "nickname": "橘子酱", "follower_count": 1874}}, {"aweme": {"aweme_id": "6850974499127430403", "aweme_title": "撼天地正乾坤#伽罗    万物皆限于一箭之上#艾希  你们喜欢哪位，", "aweme_url": "https://www.iesdouyin.com/share/video/6850974499127430403/?region=CN&mid=6833170044516682503&u_code=0&titleType=title", "download_url": "https://www.chanmama.com/awemeDetail/6850974499127430403", "digg_count": 4558, "digg_incr": 724, "aweme_create_time": 1595116820, "category": 11, "volume": 0, "amount": 0}, "author": {"author_id": "88667536824", "nickname": "潮流拉花", "follower_count": 22154}}, {"aweme": {"aweme_id": "6851097742370983168", "aweme_title": "#索隆 #抖音看动漫海贼王 #933 #海贼王", "aweme_url": "https://www.iesdouyin.com/share/video/6851097742370983168/?region=CN&mid=6851097885501672200&u_code=0&titleType=title", "download_url": "https://www.chanmama.com/awemeDetail/6851097742370983168", "digg_count": 1492, "digg_incr": 719, "aweme_create_time": 1595145501, "category": 11, "volume": 0, "amount": 0}, "author": {"author_id": "85931420861", "nickname": "夏目瞄老师", "follower_count": 340116}}, {"aweme": {"aweme_id": "6851032075575758095", "aweme_title": "有一位好老师，是人生路上最大的幸运#于谦", "aweme_url": "https://www.iesdouyin.com/share/video/6851032075575758095/?region=CN&mid=6624387838219651853&u_code=0&titleType=title", "download_url": "https://www.chanmama.com/awemeDetail/6851032075575758095", "digg_count": 1331, "digg_incr": 719, "aweme_create_time": 1595130211, "category": 11, "volume": 1, "amount": 39}, "author": {"author_id": "63941747562", "nickname": "德云社", "follower_count": 900075}}, {"aweme": {"aweme_id": "6850979657458781452", "aweme_title": "接上一个视频教程来了，矿泉水瓶子做个壁挂式花瓶是不是很美，快点动手做吧#废变宝 #创意手工 #花瓶", "aweme_url": "https://www.iesdouyin.com/share/video/6850979657458781452/?region=CN&mid=6753634499613313799&u_code=0&titleType=title", "download_url": "https://www.chanmama.com/awemeDetail/6850979657458781452", "digg_count": 2339, "digg_incr": 687, "aweme_create_time": 1595118021, "category": 11, "volume": 0, "amount": 0}, "author": {"author_id": "71493664436", "nickname": "露珠喜欢手工", "follower_count": 40791}}, {"aweme": {"aweme_id": "6851051798338309391", "aweme_title": "#健身打卡 #果味相投一起混 #腹肌 #自律 投其所好。", "aweme_url": "https://www.iesdouyin.com/share/video/6851051798338309391/?region=CN&mid=6824801337327717133&u_code=0&titleType=title", "download_url": "https://www.chanmama.com/awemeDetail/6851051798338309391", "digg_count": 1101, "digg_incr": 482, "aweme_create_time": 1595134803, "category": 11, "volume": 0, "amount": 0}, "author": {"author_id": "64326129526", "nickname": "狄狄狄哇👸🏼", "follower_count": 77998}}, {"aweme": {"aweme_id": "6850954552846372104", "aweme_title": "视频左下角链接购买修复液，省下不少钱，让你的电动车🛵电池🔋跑的更远", "aweme_url": "https://www.iesdouyin.com/share/video/6850954552846372104/?region=CN&mid=6844426420689570564&u_code=4d70j3mc9cjf&titleType=title", "download_url": "https://www.chanmama.com/awemeDetail/6850954552846372104", "digg_count": 1010, "digg_incr": 178, "aweme_create_time": 1595112191, "category": 11, "volume": 1, "amount": 19.9}, "author": {"author_id": "70575509527", "nickname": "全能维修工1号", "follower_count": 292214}}, {"aweme": {"aweme_id": "6851081347730001159", "aweme_title": "洗车神器 快快下单", "aweme_url": "https://www.iesdouyin.com/share/video/6851081347730001159/?region=CN&mid=6839307530393488142&u_code=2a10mmcllkcl&titleType=title", "download_url": "https://www.chanmama.com/awemeDetail/6851081347730001159", "digg_count": 2756, "digg_incr": 140, "aweme_create_time": 1595141684, "category": 11, "volume": 0, "amount": 0}, "author": {"author_id": "81341296156", "nickname": "只爱", "follower_count": 1409}}, {"aweme": {"aweme_id": "6850882933759167757", "aweme_title": "#加油华为加油中国 #玛莎拉蒂锋芒玩家", "aweme_url": "https://www.iesdouyin.com/share/video/6850882933759167757/?region=CN&mid=6829886338632780548&u_code=1fj9b4i0008&titleType=title", "download_url": "https://www.chanmama.com/awemeDetail/6850882933759167757", "digg_count": 3792, "digg_incr": 89, "aweme_create_time": 1595095510, "category": 11, "volume": 0, "amount": 0}, "author": {"author_id": "61717850799", "nickname": "秋123456", "follower_count": 8225}}, {"aweme": {"aweme_id": "6851022134265793800", "aweme_title": "这款熏香你们喜欢吗？正在直播#717奇妙好物 #717奇妙好物市集", "aweme_url": "https://www.iesdouyin.com/share/video/6851022134265793800/?region=CN&mid=6851022226355915533&u_code=0&titleType=title", "download_url": "https://www.chanmama.com/awemeDetail/6851022134265793800", "digg_count": 2405, "digg_incr": 88, "aweme_create_time": 1595127916, "category": 11, "volume": 0, "amount": 0}, "author": {"author_id": "96880862176", "nickname": "艳子团购馆【早晨6点开播到中午12点", "follower_count": 152522}}]}