{
  "data": [
    {
      "aweme": {
        "aweme_id": "6851123177624505614",
        "aweme_title": "#好物推荐 #风扇 #科技黑科技@DOU+小助手",
        "aweme_url": "https://www.iesdouyin.com/share/video/6851123177624505614/?region=CN&mid=6851123240218118925&u_code=0&titleType=title",
        "download_url": "https://www.chanmama.com/awemeDetail/6851123177624505614",
        "digg_count": 18655,
        "digg_incr": 11311,
        "aweme_create_time": 1595151423,
        "category": 12,
        "volume": 54,
        "amount": 5292
      },
      "author": {
        "author_id": "57794939721",
        "nickname": "猛男测评",
        "follower_count": 590508
      }
    },
    {
      "aweme": {
        "aweme_id": "6851085886021569795",
        "aweme_title": "全网最简单的vlog教程来了！手把手包会#Vlog #种草 #怎么拍dou橙",
        "aweme_url": "https://www.iesdouyin.com/share/video/6851085886021569795/?region=CN&mid=6851085952639617800&u_code=0&titleType=title",
        "download_url": "https://www.chanmama.com/awemeDetail/6851085886021569795",
        "digg_count": 25722,
        "digg_incr": 10207,
        "aweme_create_time": 1595152800,
        "category": 12,
        "volume": 0,
        "amount": 0
      },
      "author": {
        "author_id": "102652700077",
        "nickname": "小妍种草社",
        "follower_count": 543082
      }
    },
    {
      "aweme": {
        "aweme_id": "6851121247133207821",
        "aweme_title": "德莱文来地球 #德莱文  #手机壳  #英雄联盟背景故事  @DOU+小助手",
        "aweme_url": "https://www.iesdouyin.com/share/video/6851121247133207821/?region=CN&mid=6851121342146743054&u_code=0&titleType=title",
        "download_url": "https://www.chanmama.com/awemeDetail/6851121247133207821",
        "digg_count": 13135,
        "digg_incr": 7858,
        "aweme_create_time": 1595150994,
        "category": 12,
        "volume": 0,
        "amount": 0
      },
      "author": {
        "author_id": "1327821142099543",
        "nickname": "祖安老王头",
        "follower_count": 304614
      }
    },
    {
      "aweme": {
        "aweme_id": "6850872401870327040",
        "aweme_title": "有电就有网.取代家庭宽带",
        "aweme_url": "https://www.iesdouyin.com/share/video/6850872401870327040/?region=CN&mid=6850872363757341447&u_code=0&titleType=title",
        "download_url": "https://www.chanmama.com/awemeDetail/6850872401870327040",
        "digg_count": 5970,
        "digg_incr": 5971,
        "aweme_create_time": 1595093051,
        "category": 12,
        "volume": 73,
        "amount": 15257
      },
      "author": {
        "author_id": "360294146377485",
        "nickname": "丽丽好物",
        "follower_count": 14179
      }
    },
    {
      "aweme": {
        "aweme_id": "6851121396202949901",
        "aweme_title": "拉着小姐姐的手这样拍太美了😬#手机摄影 #拍摄小技巧 #第三视角 @抖音小助手",
        "aweme_url": "https://www.iesdouyin.com/share/video/6851121396202949901/?region=CN&mid=6851121405066218248&u_code=0&titleType=title",
        "download_url": "https://www.chanmama.com/awemeDetail/6851121396202949901",
        "digg_count": 23346,
        "digg_incr": 4337,
        "aweme_create_time": 1595151008,
        "category": 12,
        "volume": 0,
        "amount": 0
      },
      "author": {
        "author_id": "91971098700",
        "nickname": "婷亭手机摄影",
        "follower_count": 204671
      }
    },
    {
      "aweme": {
        "aweme_id": "6851122611187895567",
        "aweme_title": "#星游记 相信奇迹的人本身和奇迹一样了不起，对吧.#小纸人拍大片 #充能计划",
        "aweme_url": "https://www.iesdouyin.com/share/video/6851122611187895567/?region=CN&mid=6851122607765818125&u_code=0&titleType=title",
        "download_url": "https://www.chanmama.com/awemeDetail/6851122611187895567",
        "digg_count": 8432,
        "digg_incr": 4220,
        "aweme_create_time": 1595151290,
        "category": 12,
        "volume": 1,
        "amount": 35
      },
      "author": {
        "author_id": "51491081516",
        "nickname": "一只胖鹦v鹉",
        "follower_count": 792537
      }
    },
    {
      "aweme": {
        "aweme_id": "6850956412307262735",
        "aweme_title": "#谭咏麟 校长唱这首 #讲不出再见 还是宝刀未老气势如当年 #音乐  #热门 @DOU+小助手 @抖音小助手",
        "aweme_url": "https://www.iesdouyin.com/share/video/6850956412307262735/?region=CN&mid=6850956350718069511&u_code=8kk8hb3afik&titleType=title",
        "download_url": "https://www.chanmama.com/awemeDetail/6850956412307262735",
        "digg_count": 10636,
        "digg_incr": 4102,
        "aweme_create_time": 1595112602,
        "category": 12,
        "volume": 0,
        "amount": 0
      },
      "author": {
        "author_id": "99264987377",
        "nickname": "全网好音乐",
        "follower_count": 5896
      }
    },
    {
      "aweme": {
        "aweme_id": "6851028511080205583",
        "aweme_title": "云台相机都安排上了，看来这家庭条件藏不住了！#怎么拍dou橙",
        "aweme_url": "https://www.iesdouyin.com/share/video/6851028511080205583/?region=CN&mid=6803187022070352654&u_code=0&titleType=title",
        "download_url": "https://www.chanmama.com/awemeDetail/6851028511080205583",
        "digg_count": 4138,
        "digg_incr": 3203,
        "aweme_create_time": 1595129381,
        "category": 12,
        "volume": 0,
        "amount": 0
      },
      "author": {
        "author_id": "82537045632",
        "nickname": "哇塞*",
        "follower_count": 193113
      }
    },
    {
      "aweme": {
        "aweme_id": "6851116197119905037",
        "aweme_title": "#717抖音奇妙好物市集 #好物推荐 @抖音小助手",
        "aweme_url": "https://www.iesdouyin.com/share/video/6851116197119905037/?region=CN&mid=6851116210130586381&u_code=0&titleType=title",
        "download_url": "https://www.chanmama.com/awemeDetail/6851116197119905037",
        "digg_count": 3552,
        "digg_incr": 3104,
        "aweme_create_time": 1595149798,
        "category": 12,
        "volume": 0,
        "amount": 0
      },
      "author": {
        "author_id": "60456205122",
        "nickname": "第七骑士团数码",
        "follower_count": 144937
      }
    },
    {
      "aweme": {
        "aweme_id": "6851132253473393935",
        "aweme_title": "李信一念神魔，也太帅了吧！！！#王者荣耀 #充能计划 #画 @抖音小助手",
        "aweme_url": "https://www.iesdouyin.com/share/video/6851132253473393935/?region=CN&mid=6851132281634278157&u_code=0&titleType=title",
        "download_url": "https://www.chanmama.com/awemeDetail/6851132253473393935",
        "digg_count": 4509,
        "digg_incr": 2877,
        "aweme_create_time": 1595153536,
        "category": 12,
        "volume": 0,
        "amount": 0
      },
      "author": {
        "author_id": "2999093158478248",
        "nickname": "潮有料",
        "follower_count": 124387
      }
    },
    {
      "aweme": {
        "aweme_id": "6851063892785908992",
        "aweme_title": "壕无人性！詹姆斯球星卡拍出180万美元😳#詹姆斯 #球星卡",
        "aweme_url": "https://www.iesdouyin.com/share/video/6851063892785908992/?region=CN&mid=6844450189260950279&u_code=0&titleType=title",
        "download_url": "https://www.chanmama.com/awemeDetail/6851063892785908992",
        "digg_count": 3104,
        "digg_incr": 2595,
        "aweme_create_time": 1595137620,
        "category": 12,
        "volume": 5,
        "amount": 144.5
      },
      "author": {
        "author_id": "62537719705",
        "nickname": "魏勒布朗",
        "follower_count": 183315
      }
    },
    {
      "aweme": {
        "aweme_id": "6850940405060603140",
        "aweme_title": "68年🐒53岁，不打牌，爱干净，善良，没有套路，刷到就是缘，请求你添加为好友，你哪一年的?@DOU+小助手",
        "aweme_url": "https://www.iesdouyin.com/share/video/6850940405060603140/?region=CN&mid=6642559775106140942&u_code=0&titleType=title",
        "download_url": "https://www.chanmama.com/awemeDetail/6850940405060603140",
        "digg_count": 3375,
        "digg_incr": 2510,
        "aweme_create_time": 1595108931,
        "category": 12,
        "volume": 0,
        "amount": 0
      },
      "author": {
        "author_id": "102540260418",
        "nickname": "勇哥~🔥(缘)🔥",
        "follower_count": 564940
      }
    },
    {
      "aweme": {
        "aweme_id": "6850975272674610443",
        "aweme_title": "#影集蝴蝶3D+特效配上动感热门音乐拍出效果美美😊#友们拍起来@抖音小助手",
        "aweme_url": "https://www.iesdouyin.com/share/video/6850975272674610443/?region=CN&mid=6844773311390418951&u_code=0&titleType=title",
        "download_url": "https://www.chanmama.com/awemeDetail/6850975272674610443",
        "digg_count": 2788,
        "digg_incr": 2241,
        "aweme_create_time": 1595117001,
        "category": 12,
        "volume": 0,
        "amount": 0
      },
      "author": {
        "author_id": "108615304073",
        "nickname": "民生",
        "follower_count": 263959
      }
    },
    {
      "aweme": {
        "aweme_id": "6851073326228458760",
        "aweme_title": "暑假了，有#小马良3d打印笔 给你的芭比换新装吧，真的好玩还省钱。",
        "aweme_url": "https://www.iesdouyin.com/share/video/6851073326228458760/?region=CN&mid=6851073416162708232&u_code=0&titleType=title",
        "download_url": "https://www.chanmama.com/awemeDetail/6851073326228458760",
        "digg_count": 8486,
        "digg_incr": 1965,
        "aweme_create_time": 1595139837,
        "category": 12,
        "volume": 1,
        "amount": 28
      },
      "author": {
        "author_id": "1261888432257848",
        "nickname": "神笔小马良",
        "follower_count": 433385
      }
    },
    {
      "aweme": {
        "aweme_id": "6851045941143702791",
        "aweme_title": "周末老公带两个女儿出去玩了，老爸打扫卫生，我一个人安静的吸氧，快快把身体养好去看看外面的世界#白血病患者",
        "aweme_url": "https://www.iesdouyin.com/share/video/6851045941143702791/?region=CN&mid=6851045955668953863&u_code=0&titleType=title",
        "download_url": "https://www.chanmama.com/awemeDetail/6851045941143702791",
        "digg_count": 2234,
        "digg_incr": 1832,
        "aweme_create_time": 1595133440,
        "category": 12,
        "volume": 0,
        "amount": 0
      },
      "author": {
        "author_id": "8366909345",
        "nickname": "坚强的小白",
        "follower_count": 63900
      }
    },
    {
      "aweme": {
        "aweme_id": "6850863656347929869",
        "aweme_title": "下集！",
        "aweme_url": "https://www.iesdouyin.com/share/video/6850863656347929869/?region=CN&mid=6850864285518990087&u_code=0&titleType=title",
        "download_url": "https://www.chanmama.com/awemeDetail/6850863656347929869",
        "digg_count": 1966,
        "digg_incr": 1802,
        "aweme_create_time": 1595091101,
        "category": 12,
        "volume": 0,
        "amount": 0
      },
      "author": {
        "author_id": "4503686206399214",
        "nickname": "三宝搞笑",
        "follower_count": 52284
      }
    },
    {
      "aweme": {
        "aweme_id": "6851157764526312719",
        "aweme_title": "华为全系列产品秒杀中#抖音小助手 #717抖音奇妙好物市集 #热门 #直播 #充电器",
        "aweme_url": "https://www.iesdouyin.com/share/video/6851157764526312719/?region=CN&mid=6825760121625365262&u_code=0&titleType=title",
        "download_url": "https://www.chanmama.com/awemeDetail/6851157764526312719",
        "digg_count": 1892,
        "digg_incr": 1615,
        "aweme_create_time": 1595159475,
        "category": 12,
        "volume": 0,
        "amount": 0
      },
      "author": {
        "author_id": "3913866526330395",
        "nickname": "娜姐讲手机",
        "follower_count": 255222
      }
    },
    {
      "aweme": {
        "aweme_id": "6851121483150904589",
        "aweme_title": "遇到我建议走回家#玛莎拉蒂锋芒玩家",
        "aweme_url": "https://www.iesdouyin.com/share/video/6851121483150904589/?region=CN&mid=6844596104986741517&u_code=0&titleType=title",
        "download_url": "https://www.chanmama.com/awemeDetail/6851121483150904589",
        "digg_count": 1831,
        "digg_incr": 1593,
        "aweme_create_time": 1595151028,
        "category": 12,
        "volume": 0,
        "amount": 0
      },
      "author": {
        "author_id": "70184381826",
        "nickname": "辉月法王（月闪诸葛）",
        "follower_count": 363931
      }
    },
    {
      "aweme": {
        "aweme_id": "6850986099695734031",
        "aweme_title": "#视频拍摄 @抖音小助手 @我要上热门！ #不怕跪搓板来",
        "aweme_url": "https://www.iesdouyin.com/share/video/6850986099695734031/?region=CN&mid=6839174327628204808&u_code=0&titleType=title",
        "download_url": "https://www.chanmama.com/awemeDetail/6850986099695734031",
        "digg_count": 3974,
        "digg_incr": 1397,
        "aweme_create_time": 1595119509,
        "category": 12,
        "volume": 3,
        "amount": 129.35999999999999
      },
      "author": {
        "author_id": "80745569998",
        "nickname": "曳舞英姐",
        "follower_count": 133149
      }
    },
    {
      "aweme": {
        "aweme_id": "6851005294986743044",
        "aweme_title": "#高端原创限量版 #高贵典雅 #店长推荐 #我要上热门 @抖音广告助手",
        "aweme_url": "https://www.iesdouyin.com/share/video/6851005294986743044/?region=CN&mid=6827996114055793415&u_code=3570gl23l2e0&titleType=title",
        "download_url": "https://www.chanmama.com/awemeDetail/6851005294986743044",
        "digg_count": 1981,
        "digg_incr": 1350,
        "aweme_create_time": 1595123985,
        "category": 12,
        "volume": 0,
        "amount": 0
      },
      "author": {
        "author_id": "61360387052",
        "nickname": "名媛馆服饰",
        "follower_count": 161895
      }
    },
    {
      "aweme": {
        "aweme_id": "6851122945499221251",
        "aweme_title": "#海贼王 大周末的没啥好玩的，给大家表演个大变山治的小才艺吧@DOU+小助手",
        "aweme_url": "https://www.iesdouyin.com/share/video/6851122945499221251/?region=CN&mid=6851122982371281677&u_code=0&titleType=title",
        "download_url": "https://www.chanmama.com/awemeDetail/6851122945499221251",
        "digg_count": 1866,
        "digg_incr": 1315,
        "aweme_create_time": 1595151375,
        "category": 12,
        "volume": 1,
        "amount": 35
      },
      "author": {
        "author_id": "83705664652",
        "nickname": "花二轮同学【绘浮生】",
        "follower_count": 878969
      }
    },
    {
      "aweme": {
        "aweme_id": "6851143072277974272",
        "aweme_title": "还没有手掌大，这拿着不霸气呀#我捡到宝了 #充电宝",
        "aweme_url": "https://www.iesdouyin.com/share/video/6851143072277974272/?region=CN&mid=6851143076933552903&u_code=0&titleType=title",
        "download_url": "https://www.chanmama.com/awemeDetail/6851143072277974272",
        "digg_count": 1890,
        "digg_incr": 1254,
        "aweme_create_time": 1595156054,
        "category": 12,
        "volume": 0,
        "amount": 0
      },
      "author": {
        "author_id": "94992667248",
        "nickname": "手残也要买",
        "follower_count": 863385
      }
    },
    {
      "aweme": {
        "aweme_id": "6850912687258488078",
        "aweme_title": "女孩子一定要明白 真正爱你的人 一定会督促你变得优秀 而不是蹉跎你的青春",
        "aweme_url": "https://www.iesdouyin.com/share/video/6850912687258488078/?region=CN&mid=6848942272994659079&u_code=0&titleType=title",
        "download_url": "https://www.chanmama.com/awemeDetail/6850912687258488078",
        "digg_count": 1206,
        "digg_incr": 1212,
        "aweme_create_time": 1595102472,
        "category": 12,
        "volume": 55,
        "amount": 6545
      },
      "author": {
        "author_id": "3949077095792942",
        "nickname": "义乌市芷微服饰商行",
        "follower_count": 20370
      }
    },
    {
      "aweme": {
        "aweme_id": "6851042616214031629",
        "aweme_title": "如果你有1000万你会干什么",
        "aweme_url": "https://www.iesdouyin.com/share/video/6851042616214031629/?region=CN&mid=6851042620569783054&u_code=0&titleType=title",
        "download_url": "https://www.chanmama.com/awemeDetail/6851042616214031629",
        "digg_count": 1630,
        "digg_incr": 1197,
        "aweme_create_time": 1595132666,
        "category": 12,
        "volume": 0,
        "amount": 0
      },
      "author": {
        "author_id": "109599622360",
        "nickname": "商业思维锋哥",
        "follower_count": 245723
      }
    },
    {
      "aweme": {
        "aweme_id": "6851132211597511940",
        "aweme_title": "学生都在用的手机#手机 #iphone #好物推荐 @抖音小助手",
        "aweme_url": "https://www.iesdouyin.com/share/video/6851132211597511940/?region=CN&mid=6851132249635638030&u_code=0&titleType=title",
        "download_url": "https://www.chanmama.com/awemeDetail/6851132211597511940",
        "digg_count": 1495,
        "digg_incr": 1196,
        "aweme_create_time": 1595153533,
        "category": 12,
        "volume": 0,
        "amount": 0
      },
      "author": {
        "author_id": "3337743356672760",
        "nickname": "惠州创鑫旺数码",
        "follower_count": 122543
      }
    },
    {
      "aweme": {
        "aweme_id": "6851135871622712591",
        "aweme_title": "好男人就是不求人，不求人就是好男人😂😂@不求人 @抖音小助手 @DOU+小助手 #不求人",
        "aweme_url": "https://www.iesdouyin.com/share/video/6851135871622712591/?region=CN&mid=6851135880657210120&u_code=0&titleType=title",
        "download_url": "https://www.chanmama.com/awemeDetail/6851135871622712591",
        "digg_count": 1686,
        "digg_incr": 1125,
        "aweme_create_time": 1595154378,
        "category": 12,
        "volume": 0,
        "amount": 0
      },
      "author": {
        "author_id": "82230045116",
        "nickname": "宇轩（不求人）",
        "follower_count": 613082
      }
    },
    {
      "aweme": {
        "aweme_id": "6850991771242237187",
        "aweme_title": "黄金战士盘完小姐姐后被全广东的小哥哥扛着菜刀追了九条街，结果笑死我了申请赞#搞笑 #广东网红 #广东绝版男神",
        "aweme_url": "https://www.iesdouyin.com/share/video/6850991771242237187/?region=CN&mid=6850991799146679054&u_code=0&titleType=title",
        "download_url": "https://www.chanmama.com/awemeDetail/6850991771242237187",
        "digg_count": 1124,
        "digg_incr": 1124,
        "aweme_create_time": 1595120838,
        "category": 12,
        "volume": 24,
        "amount": 715.1999999999999
      },
      "author": {
        "author_id": "105387810264",
        "nickname": "广东绝版男神",
        "follower_count": 792921
      }
    },
    {
      "aweme": {
        "aweme_id": "6851045433918147852",
        "aweme_title": "我嵩少是不是很帅气😉越来越精神😂当妈的是不是都这么想，就我家孩子最帅😜😜我们先吃饭，咱们一会儿见🤗",
        "aweme_url": "https://www.iesdouyin.com/share/video/6851045433918147852/?region=CN&mid=6851045559484975886&u_code=m1f8fefgge8&titleType=title",
        "download_url": "https://www.chanmama.com/awemeDetail/6851045433918147852",
        "digg_count": 1059,
        "digg_incr": 1024,
        "aweme_create_time": 1595133329,
        "category": 12,
        "volume": 31,
        "amount": 7998
      },
      "author": {
        "author_id": "63837544729",
        "nickname": "🐷不要再做乖女孩🐷",
        "follower_count": 307603
      }
    },
    {
      "aweme": {
        "aweme_id": "6851130215633112335",
        "aweme_title": "#717直播带货 ，确实挺好",
        "aweme_url": "https://www.iesdouyin.com/share/video/6851130215633112335/?region=CN&mid=6851130212928129799&u_code=0&titleType=title",
        "download_url": "https://www.chanmama.com/awemeDetail/6851130215633112335",
        "digg_count": 2828,
        "digg_incr": 991,
        "aweme_create_time": 1595153061,
        "category": 12,
        "volume": 0,
        "amount": 0
      },
      "author": {
        "author_id": "96635360967",
        "nickname": "厦门小陈数码手机维修",
        "follower_count": 385905
      }
    },
    {
      "aweme": {
        "aweme_id": "6850992272708734215",
        "aweme_title": "自从星月灯被你们夸赞后，我又忍不住买灯了。下雨天的园丁只能折腾家里了",
        "aweme_url": "https://www.iesdouyin.com/share/video/6850992272708734215/?region=CN&mid=6543519450186910477&u_code=0&titleType=title",
        "download_url": "https://www.chanmama.com/awemeDetail/6850992272708734215",
        "digg_count": 1363,
        "digg_incr": 985,
        "aweme_create_time": 1595120945,
        "category": 12,
        "volume": 0,
        "amount": 0
      },
      "author": {
        "author_id": "62579191267",
        "nickname": "小影",
        "follower_count": 33216
      }
    },
    {
      "aweme": {
        "aweme_id": "6851020314269289731",
        "aweme_title": "48岁妈妈从不穿裙子，穿这上衣搭配裙裤太漂亮啦，胖子瘦都好穿，正在直播👉👉👉👉👉👉",
        "aweme_url": "https://www.iesdouyin.com/share/video/6851020314269289731/?region=CN&mid=6851020383932418823&u_code=166g7lj433gg&titleType=title",
        "download_url": "https://www.chanmama.com/awemeDetail/6851020314269289731",
        "digg_count": 1242,
        "digg_incr": 979,
        "aweme_create_time": 1595127480,
        "category": 12,
        "volume": 21,
        "amount": 1239
      },
      "author": {
        "author_id": "3337770389478872",
        "nickname": "昕梓琳服饰",
        "follower_count": 485660
      }
    },
    {
      "aweme": {
        "aweme_id": "6851029012861422855",
        "aweme_title": "又配了一套宇航狗，灯是真的浮空 #悬浮 #黑科技 #小夜灯",
        "aweme_url": "https://www.iesdouyin.com/share/video/6851029012861422855/?region=CN&mid=6851029013604256519&u_code=0&titleType=title",
        "download_url": "https://www.chanmama.com/awemeDetail/6851029012861422855",
        "digg_count": 2709,
        "digg_incr": 955,
        "aweme_create_time": 1595129498,
        "category": 12,
        "volume": 3,
        "amount": 294
      },
      "author": {
        "author_id": "108162182571",
        "nickname": "奇哆哆",
        "follower_count": 293029
      }
    },
    {
      "aweme": {
        "aweme_id": "6851087190668102925",
        "aweme_title": "很多朋友还不会用背景道具拍视频，今天特意给你们做一个详细教程，再学不会，我明天再教一篇#手机摄影 #背景视频",
        "aweme_url": "https://www.iesdouyin.com/share/video/6851087190668102925/?region=CN&mid=6851087200759597837&u_code=0&titleType=title",
        "download_url": "https://www.chanmama.com/awemeDetail/6851087190668102925",
        "digg_count": 3243,
        "digg_incr": 946,
        "aweme_create_time": 1595143044,
        "category": 12,
        "volume": 0,
        "amount": 0
      },
      "author": {
        "author_id": "3368515524373134",
        "nickname": "萌妹（手机摄影）",
        "follower_count": 72941
      }
    },
    {
      "aweme": {
        "aweme_id": "6850896672625528078",
        "aweme_title": "A饭and学生，推个配置给你们 #电脑#组装电脑#电脑配置#电脑装机#电脑组装",
        "aweme_url": "https://www.iesdouyin.com/share/video/6850896672625528078/?region=CN&mid=6850897397829749518&u_code=0&titleType=title",
        "download_url": "https://www.chanmama.com/awemeDetail/6850896672625528078",
        "digg_count": 30530,
        "digg_incr": 944,
        "aweme_create_time": 1595124000,
        "category": 12,
        "volume": 0,
        "amount": 0
      },
      "author": {
        "author_id": "95286961931",
        "nickname": "猫的电脑日记-南京",
        "follower_count": 316061
      }
    },
    {
      "aweme": {
        "aweme_id": "6850813295180483854",
        "aweme_title": "‘’直播素材，关注我来看我精彩直播呀‘’@DOU+小助手",
        "aweme_url": "https://www.iesdouyin.com/share/video/6850813295180483854/?region=CN&mid=6850813469991635725&u_code=0&titleType=title",
        "download_url": "https://www.chanmama.com/awemeDetail/6850813295180483854",
        "digg_count": 1820,
        "digg_incr": 936,
        "aweme_create_time": 1595124000,
        "category": 12,
        "volume": 0,
        "amount": 0
      },
      "author": {
        "author_id": "110263960946",
        "nickname": "余三浪你真浪（7.27休息）",
        "follower_count": 496197
      }
    },
    {
      "aweme": {
        "aweme_id": "6851058017232833792",
        "aweme_title": "大兄弟做的很到位，只选对的，不买贵的  @一加手机 #iPhone",
        "aweme_url": "https://www.iesdouyin.com/share/video/6851058017232833792/?region=CN&mid=6851058019581676302&u_code=0&titleType=title",
        "download_url": "https://www.chanmama.com/awemeDetail/6851058017232833792",
        "digg_count": 1792,
        "digg_incr": 934,
        "aweme_create_time": 1595136251,
        "category": 12,
        "volume": 0,
        "amount": 0
      },
      "author": {
        "author_id": "100629173124",
        "nickname": "常州幻新数码科技",
        "follower_count": 59613
      }
    },
    {
      "aweme": {
        "aweme_id": "6851078758435212559",
        "aweme_title": "我们会一直在一起吗 会有小孩吗 会有自己的家吗 会一起买菜 做饭 洗碗铺床 喝奶茶吗 #不知姓名的c #安全感",
        "aweme_url": "https://www.iesdouyin.com/share/video/6851078758435212559/?region=CN&mid=6851078757563124488&u_code=0&titleType=title",
        "download_url": "https://www.chanmama.com/awemeDetail/6851078758435212559",
        "digg_count": 1347,
        "digg_incr": 916,
        "aweme_create_time": 1595141081,
        "category": 12,
        "volume": 0,
        "amount": 0
      },
      "author": {
        "author_id": "71605245149",
        "nickname": "不知姓名的C",
        "follower_count": 41222
      }
    },
    {
      "aweme": {
        "aweme_id": "6851069999025556736",
        "aweme_title": "都说照片是“照骗”，还真是那么回事，你别犟，有图有真相。",
        "aweme_url": "https://www.iesdouyin.com/share/video/6851069999025556736/?region=CN&mid=6851069997431737096&u_code=161hg4l042h&titleType=title",
        "download_url": "https://www.chanmama.com/awemeDetail/6851069999025556736",
        "digg_count": 2319,
        "digg_incr": 889,
        "aweme_create_time": 1595139041,
        "category": 12,
        "volume": 0,
        "amount": 0
      },
      "author": {
        "author_id": "69550469365",
        "nickname": "全哥（手机摄影）",
        "follower_count": 74376
      }
    },
    {
      "aweme": {
        "aweme_id": "6850999436865326339",
        "aweme_title": "我想要！我可以不送了吗？哈哈@抖音小助手 @DOU+小助手",
        "aweme_url": "https://www.iesdouyin.com/share/video/6850999436865326339/?region=CN&mid=6850999462253415175&u_code=0&titleType=title",
        "download_url": "https://www.chanmama.com/awemeDetail/6850999436865326339",
        "digg_count": 1131,
        "digg_incr": 805,
        "aweme_create_time": 1595122621,
        "category": 12,
        "volume": 3,
        "amount": 447
      },
      "author": {
        "author_id": "98377980455",
        "nickname": "阿宁的北漂生活",
        "follower_count": 73464
      }
    },
    {
      "aweme": {
        "aweme_id": "6851085155956690183",
        "aweme_title": "四台#手风琴 （#巴扬）#演奏 #啊朋友再见 （下）",
        "aweme_url": "https://www.iesdouyin.com/share/video/6851085155956690183/?region=CN&mid=6851085155160099598&u_code=0&titleType=title",
        "download_url": "https://www.chanmama.com/awemeDetail/6851085155956690183",
        "digg_count": 1534,
        "digg_incr": 738,
        "aweme_create_time": 1595142570,
        "category": 12,
        "volume": 0,
        "amount": 0
      },
      "author": {
        "author_id": "105645139289",
        "nickname": "Wendy小维",
        "follower_count": 22906
      }
    },
    {
      "aweme": {
        "aweme_id": "6851046356878986511",
        "aweme_title": "#爱官方爱热门 #情侣💑穿搭",
        "aweme_url": "https://www.iesdouyin.com/share/video/6851046356878986511/?region=CN&mid=6715598212054485772&u_code=0&titleType=title",
        "download_url": "https://www.chanmama.com/awemeDetail/6851046356878986511",
        "digg_count": 1344,
        "digg_incr": 651,
        "aweme_create_time": 1595133536,
        "category": 12,
        "volume": 4,
        "amount": 436
      },
      "author": {
        "author_id": "69668684064",
        "nickname": "周涛-服装",
        "follower_count": 46695
      }
    },
    {
      "aweme": {
        "aweme_id": "6851069913046535439",
        "aweme_title": "想实现手机壳自由#ideaskin #kaws#iphone #手机壳 @DOU+小助手",
        "aweme_url": "https://www.iesdouyin.com/share/video/6851069913046535439/?region=CN&mid=6751085052446198534&u_code=161hg4l042h&titleType=title",
        "download_url": "https://www.chanmama.com/awemeDetail/6851069913046535439",
        "digg_count": 3317,
        "digg_incr": 644,
        "aweme_create_time": 1595139021,
        "category": 12,
        "volume": 3,
        "amount": 237
      },
      "author": {
        "author_id": "110334918940",
        "nickname": "唔食",
        "follower_count": 20105
      }
    },
    {
      "aweme": {
        "aweme_id": "6851115566313344271",
        "aweme_title": "@黄墩小平家电发了一个抖音短视频，你尽管点开，不好看算我输！",
        "aweme_url": "https://www.iesdouyin.com/share/video/6851115566313344271/?region=CN&mid=6851115770806864647&u_code=0&titleType=",
        "download_url": "https://www.chanmama.com/awemeDetail/6851115566313344271",
        "digg_count": 1735,
        "digg_incr": 605,
        "aweme_create_time": 1595149672,
        "category": 12,
        "volume": 0,
        "amount": 0
      },
      "author": {
        "author_id": "109557935949",
        "nickname": "黄墩小平家电",
        "follower_count": 275451
      }
    },
    {
      "aweme": {
        "aweme_id": "6851076661606173966",
        "aweme_title": "#设计分享 书房、客房，衣帽间，这是一个多功能房间，满足不同客户的需求，你喜欢这样的多功能房设计吗？#沭阳",
        "aweme_url": "https://www.iesdouyin.com/share/video/6851076661606173966/?region=CN&mid=6848936817320839943&u_code=0&titleType=title",
        "download_url": "https://www.chanmama.com/awemeDetail/6851076661606173966",
        "digg_count": 1160,
        "digg_incr": 512,
        "aweme_create_time": 1595140593,
        "category": 12,
        "volume": 0,
        "amount": 0
      },
      "author": {
        "author_id": "3597208549335134",
        "nickname": "设计师殷盼盼",
        "follower_count": 3611
      }
    },
    {
      "aweme": {
        "aweme_id": "6851128692689734920",
        "aweme_title": "多功能手机无线充电插座",
        "aweme_url": "https://www.iesdouyin.com/share/video/6851128692689734920/?region=CN&mid=6851128925318286094&u_code=0&titleType=title",
        "download_url": "https://www.chanmama.com/awemeDetail/6851128692689734920",
        "digg_count": 1933,
        "digg_incr": 331,
        "aweme_create_time": 1595152725,
        "category": 12,
        "volume": 0,
        "amount": 0
      },
      "author": {
        "author_id": "61478934454",
        "nickname": "电车维修",
        "follower_count": 135251
      }
    },
    {
      "aweme": {
        "aweme_id": "6851128653032557824",
        "aweme_title": "去年13万多天价的华为5G折叠手机，上市到现在也是一台难求，如今行情对比苹果，还嫌贵吗？感谢神秘粉丝支持🙂",
        "aweme_url": "https://www.iesdouyin.com/share/video/6851128653032557824/?region=CN&mid=6851128662067088141&u_code=0&titleType=title",
        "download_url": "https://www.chanmama.com/awemeDetail/6851128653032557824",
        "digg_count": 1110,
        "digg_incr": 317,
        "aweme_create_time": 1595152698,
        "category": 12,
        "volume": 0,
        "amount": 0
      },
      "author": {
        "author_id": "3161784119206796",
        "nickname": "深圳市新辉数码直营店",
        "follower_count": 112184
      }
    }
  ]
}