{
  "data": [
    {
      "aweme": {
        "aweme_id": "6850957106741267723",
        "aweme_title": "船长给大家分享一下，零距离海洋霸主鲸鱼越出海面，十分罕见拍摄不易！见者双击点赞，财运多多，福报多多！一生平安！",
        "aweme_url": "https://www.iesdouyin.com/share/video/6850957106741267723/?region=CN&mid=6850957114907675399&u_code=0&titleType=title",
        "download_url": "https://www.chanmama.com/awemeDetail/6850957106741267723",
        "digg_count": 34432,
        "digg_incr": 22561,
        "aweme_create_time": 1595112781,
        "category": 13,
        "volume": 7,
        "amount": 370
      },
      "author": {
        "author_id": "94698846791",
        "nickname": "中国船长",
        "follower_count": 845071
      }
    },
    {
      "aweme": {
        "aweme_id": "6851170087664160014",
        "aweme_title": "#猫 #我是菠小萝 @雪落倾城 《好大儿背后的免费劳工》😭看到你这样，麻麻想到了童年被你大姨压迫的样子🤧",
        "aweme_url": "https://www.iesdouyin.com/share/video/6851170087664160014/?region=CN&mid=6851170105284758279&u_code=0&titleType=title",
        "download_url": "https://www.chanmama.com/awemeDetail/6851170087664160014",
        "digg_count": 24567,
        "digg_incr": 20974,
        "aweme_create_time": 1595162344,
        "category": 13,
        "volume": 0,
        "amount": 0
      },
      "author": {
        "author_id": "80950998334",
        "nickname": "我是菠小萝",
        "follower_count": 500745
      }
    },
    {
      "aweme": {
        "aweme_id": "6851039578254560512",
        "aweme_title": "如果食物有生命，炒辣椒也能趣味多多#森歌集成灶 #森歌美食计划",
        "aweme_url": "https://www.iesdouyin.com/share/video/6851039578254560512/?region=CN&mid=6851039577419860743&u_code=0&titleType=title",
        "download_url": "https://www.chanmama.com/awemeDetail/6851039578254560512",
        "digg_count": 12269,
        "digg_incr": 12230,
        "aweme_create_time": 1595131959,
        "category": 13,
        "volume": 0,
        "amount": 0
      },
      "author": {
        "author_id": "93125472734",
        "nickname": "森歌集成灶",
        "follower_count": 75687
      }
    },
    {
      "aweme": {
        "aweme_id": "6850978759344950532",
        "aweme_title": "电煮锅来活动了，再次提醒今天活动超给力，14.8有需要宝宝赶紧上车，赶紧…",
        "aweme_url": "https://www.iesdouyin.com/share/video/6850978759344950532/?region=CN&mid=6850978779645463303&u_code=161hf1fh1fk&titleType=title",
        "download_url": "https://www.chanmama.com/awemeDetail/6850978759344950532",
        "digg_count": 12352,
        "digg_incr": 9943,
        "aweme_create_time": 1595117810,
        "category": 13,
        "volume": 0,
        "amount": 0
      },
      "author": {
        "author_id": "72650402654",
        "nickname": "潮汕一家人（大宝）7月30恢复直播",
        "follower_count": 105714
      }
    },
    {
      "aweme": {
        "aweme_id": "6851126564734635276",
        "aweme_title": "今日份:咖喱猪排饭 #小海星的日常  #美食  @抖音小助手",
        "aweme_url": "https://www.iesdouyin.com/share/video/6851126564734635276/?region=CN&mid=6851126720763202312&u_code=0&titleType=title",
        "download_url": "https://www.chanmama.com/awemeDetail/6851126564734635276",
        "digg_count": 36318,
        "digg_incr": 7514,
        "aweme_create_time": 1595152242,
        "category": 13,
        "volume": 4,
        "amount": 1112
      },
      "author": {
        "author_id": "61565996364",
        "nickname": "小小小海星",
        "follower_count": 113727
      }
    },
    {
      "aweme": {
        "aweme_id": "6851026334714449165",
        "aweme_title": "我得赶紧也吃点 太香了",
        "aweme_url": "https://www.iesdouyin.com/share/video/6851026334714449165/?region=CN&mid=6851026340527786759&u_code=8kk8hb3afik&titleType=title",
        "download_url": "https://www.chanmama.com/awemeDetail/6851026334714449165",
        "digg_count": 5576,
        "digg_incr": 4721,
        "aweme_create_time": 1595128875,
        "category": 13,
        "volume": 45,
        "amount": 4455
      },
      "author": {
        "author_id": "104958503756",
        "nickname": "王赫",
        "follower_count": 689066
      }
    },
    {
      "aweme": {
        "aweme_id": "6851037359492828423",
        "aweme_title": "#牛奶沐浴盐 屈臣氏的闺蜜没有骗我，粗糙的我每晚用这个洗澡，皮肤就像剥了壳的鸡蛋@DOU+小助手",
        "aweme_url": "https://www.iesdouyin.com/share/video/6851037359492828423/?region=CN&mid=6851037450878798606&u_code=3j7803d1cc9f&titleType=title",
        "download_url": "https://www.chanmama.com/awemeDetail/6851037359492828423",
        "digg_count": 4636,
        "digg_incr": 4636,
        "aweme_create_time": 1595131463,
        "category": 13,
        "volume": 23,
        "amount": 917.6999999999999
      },
      "author": {
        "author_id": "1310263060476541",
        "nickname": "粥粥分享日记",
        "follower_count": 2061
      }
    },
    {
      "aweme": {
        "aweme_id": "6851008902469897486",
        "aweme_title": "@五金日用品123发了一个抖音短视频，你尽管点开，不好看算我输！",
        "aweme_url": "https://www.iesdouyin.com/share/video/6851008902469897486/?region=CN&mid=6851009117269134094&u_code=0&titleType=",
        "download_url": "https://www.chanmama.com/awemeDetail/6851008902469897486",
        "digg_count": 3231,
        "digg_incr": 3236,
        "aweme_create_time": 1595124837,
        "category": 13,
        "volume": 0,
        "amount": 0
      },
      "author": {
        "author_id": "53585621017",
        "nickname": "五金日用品123",
        "follower_count": 136471
      }
    },
    {
      "aweme": {
        "aweme_id": "6851018162402528519",
        "aweme_title": "我不信只有我家猫会这样……！！#渣猫 #绿茶猫",
        "aweme_url": "https://www.iesdouyin.com/share/video/6851018162402528519/?region=CN&mid=6851018165355301645&u_code=0&titleType=title",
        "download_url": "https://www.chanmama.com/awemeDetail/6851018162402528519",
        "digg_count": 7460,
        "digg_incr": 3000,
        "aweme_create_time": 1595126972,
        "category": 13,
        "volume": 4,
        "amount": 352
      },
      "author": {
        "author_id": "73009070547",
        "nickname": "土肥圆是只猫",
        "follower_count": 53107
      }
    },
    {
      "aweme": {
        "aweme_id": "6851106989880233231",
        "aweme_title": "放假了，小朋友喜欢的蒜香排骨不能少，外酥里嫩，简直太好吃了😋#破壁新饮力 #空气炸锅",
        "aweme_url": "https://www.iesdouyin.com/share/video/6851106989880233231/?region=CN&mid=6851106991637957390&u_code=0&titleType=title",
        "download_url": "https://www.chanmama.com/awemeDetail/6851106989880233231",
        "digg_count": 5694,
        "digg_incr": 2914,
        "aweme_create_time": 1595147654,
        "category": 13,
        "volume": 0,
        "amount": 0
      },
      "author": {
        "author_id": "75878245983",
        "nickname": "小静子美食记",
        "follower_count": 966632
      }
    },
    {
      "aweme": {
        "aweme_id": "6851125347266628872",
        "aweme_title": "在家你也可以制作一杯高颜值的冰拿铁哦 #咖啡  #冰拿铁  @抖音小助手",
        "aweme_url": "https://www.iesdouyin.com/share/video/6851125347266628872/?region=CN&mid=6851125420181129998&u_code=0&titleType=title",
        "download_url": "https://www.chanmama.com/awemeDetail/6851125347266628872",
        "digg_count": 2751,
        "digg_incr": 2657,
        "aweme_create_time": 1595151945,
        "category": 13,
        "volume": 0,
        "amount": 0
      },
      "author": {
        "author_id": "67260878647",
        "nickname": "卡主的咖啡酱",
        "follower_count": 175645
      }
    },
    {
      "aweme": {
        "aweme_id": "6851157695077141760",
        "aweme_title": "直播中#抖音小助手 #717抖音奇妙好物市集 #手机 #华为 #耳机 @DOU+小助手",
        "aweme_url": "https://www.iesdouyin.com/share/video/6851157695077141760/?region=CN&mid=6808352353033472772&u_code=0&titleType=title",
        "download_url": "https://www.chanmama.com/awemeDetail/6851157695077141760",
        "digg_count": 2930,
        "digg_incr": 2525,
        "aweme_create_time": 1595159459,
        "category": 13,
        "volume": 0,
        "amount": 0
      },
      "author": {
        "author_id": "3913866526330395",
        "nickname": "娜姐讲手机",
        "follower_count": 255348
      }
    },
    {
      "aweme": {
        "aweme_id": "6851026625119767808",
        "aweme_title": "很多人说四个月就住进去了太快了，可是谁不想早点入住呢，毕竟房价这么高少住一天都觉得损失不少#装修",
        "aweme_url": "https://www.iesdouyin.com/share/video/6851026625119767808/?region=CN&mid=6851026634314287879&u_code=0&titleType=title",
        "download_url": "https://www.chanmama.com/awemeDetail/6851026625119767808",
        "digg_count": 4444,
        "digg_incr": 2480,
        "aweme_create_time": 1595128942,
        "category": 13,
        "volume": 0,
        "amount": 0
      },
      "author": {
        "author_id": "63536387567",
        "nickname": "鲁鲁",
        "follower_count": 347186
      }
    },
    {
      "aweme": {
        "aweme_id": "6850943365832346887",
        "aweme_title": "你见过这样的爆笑主播吗？#大型翻车现场 #我要上热门🔥 @抖音小助手",
        "aweme_url": "https://www.iesdouyin.com/share/video/6850943365832346887/?region=CN&mid=6850943366818024205&u_code=0&titleType=title",
        "download_url": "https://www.chanmama.com/awemeDetail/6850943365832346887",
        "digg_count": 2483,
        "digg_incr": 2444,
        "aweme_create_time": 1595118600,
        "category": 13,
        "volume": 0,
        "amount": 0
      },
      "author": {
        "author_id": "59985045797",
        "nickname": "神龙健身小guan家",
        "follower_count": 49674
      }
    },
    {
      "aweme": {
        "aweme_id": "6850901460469812480",
        "aweme_title": "#张碧晨 #红玫瑰",
        "aweme_url": "https://www.iesdouyin.com/share/video/6850901460469812480/?region=CN&mid=6850901471567891208&u_code=31186e9ceddl&titleType=title",
        "download_url": "https://www.chanmama.com/awemeDetail/6850901460469812480",
        "digg_count": 2886,
        "digg_incr": 2385,
        "aweme_create_time": 1595099845,
        "category": 13,
        "volume": 0,
        "amount": 0
      },
      "author": {
        "author_id": "59732184869",
        "nickname": "最强现场",
        "follower_count": 50055
      }
    },
    {
      "aweme": {
        "aweme_id": "6851113684618579213",
        "aweme_title": "鸡翅这么做，可乐鸡翅只能靠边站了！ #趣胃大比拼  #破壁新饮力",
        "aweme_url": "https://www.iesdouyin.com/share/video/6851113684618579213/?region=CN&mid=6851113760153766663&u_code=0&titleType=title",
        "download_url": "https://www.chanmama.com/awemeDetail/6851113684618579213",
        "digg_count": 5718,
        "digg_incr": 2231,
        "aweme_create_time": 1595149230,
        "category": 13,
        "volume": 0,
        "amount": 0
      },
      "author": {
        "author_id": "60396608739",
        "nickname": "米粒厨房",
        "follower_count": 758807
      }
    },
    {
      "aweme": {
        "aweme_id": "6850929663359929613",
        "aweme_title": "#Maria的故事 #Maria #maria华莎 Maria的故事，创造灵感来自什么？你一定想不到！",
        "aweme_url": "https://www.iesdouyin.com/share/video/6850929663359929613/?region=CN&mid=6850929595860945672&u_code=8b2g6557hha&titleType=title",
        "download_url": "https://www.chanmama.com/awemeDetail/6850929663359929613",
        "digg_count": 2195,
        "digg_incr": 2195,
        "aweme_create_time": 1595106408,
        "category": 13,
        "volume": 1,
        "amount": 38.4
      },
      "author": {
        "author_id": "4503652935450467",
        "nickname": "囧侠客",
        "follower_count": 202903
      }
    },
    {
      "aweme": {
        "aweme_id": "6851024577229835527",
        "aweme_title": "已婚女人，一定要喝这个！",
        "aweme_url": "https://www.iesdouyin.com/share/video/6851024577229835527/?region=CN&mid=6851024577280215822&u_code=3mgb47e23akf&titleType=title",
        "download_url": "https://www.chanmama.com/awemeDetail/6851024577229835527",
        "digg_count": 1881,
        "digg_incr": 1905,
        "aweme_create_time": 1595128466,
        "category": 13,
        "volume": 21,
        "amount": 1659
      },
      "author": {
        "author_id": "927635515120279",
        "nickname": "果蔬生活",
        "follower_count": 40456
      }
    },
    {
      "aweme": {
        "aweme_id": "6851124185138253056",
        "aweme_title": "用四个字来描述坚果真无线蓝牙耳机：交个朋友！#耳机",
        "aweme_url": "https://www.iesdouyin.com/share/video/6851124185138253056/?region=CN&mid=6851124224384977672&u_code=0&titleType=title",
        "download_url": "https://www.chanmama.com/awemeDetail/6851124185138253056",
        "digg_count": 3936,
        "digg_incr": 1795,
        "aweme_create_time": 1595151657,
        "category": 13,
        "volume": 8,
        "amount": 1352
      },
      "author": {
        "author_id": "54844319307",
        "nickname": "数码视界",
        "follower_count": 499488
      }
    },
    {
      "aweme": {
        "aweme_id": "6851129283218246912",
        "aweme_title": "如果太累就像生活请个假吧，生活不是为了赶路，而是为了感受#应届#一人食记",
        "aweme_url": "https://www.iesdouyin.com/share/video/6851129283218246912/?region=CN&mid=6851129308694547208&u_code=0&titleType=title",
        "download_url": "https://www.chanmama.com/awemeDetail/6851129283218246912",
        "digg_count": 2667,
        "digg_incr": 1649,
        "aweme_create_time": 1595152844,
        "category": 13,
        "volume": 0,
        "amount": 0
      },
      "author": {
        "author_id": "66411100545",
        "nickname": "天晴。",
        "follower_count": 155139
      }
    },
    {
      "aweme": {
        "aweme_id": "6851032135638256903",
        "aweme_title": "#717奇妙好物在这里  晚上一夜不睡 早上你也别想睡了 起来给我干活 @DOU+小助手",
        "aweme_url": "https://www.iesdouyin.com/share/video/6851032135638256903/?region=CN&mid=6851032151559916295&u_code=0&titleType=title",
        "download_url": "https://www.chanmama.com/awemeDetail/6851032135638256903",
        "digg_count": 1828,
        "digg_incr": 1551,
        "aweme_create_time": 1595130225,
        "category": 13,
        "volume": 0,
        "amount": 0
      },
      "author": {
        "author_id": "70381885617",
        "nickname": "刘小姐&赵先生",
        "follower_count": 213788
      }
    },
    {
      "aweme": {
        "aweme_id": "6850957272823123214",
        "aweme_title": "已婚女人，一定要知道这个",
        "aweme_url": "https://www.iesdouyin.com/share/video/6850957272823123214/?region=CN&mid=6850957217609403143&u_code=31b2l836ihh7&titleType=title",
        "download_url": "https://www.chanmama.com/awemeDetail/6850957272823123214",
        "digg_count": 1515,
        "digg_incr": 1524,
        "aweme_create_time": 1595112802,
        "category": 13,
        "volume": 11,
        "amount": 869
      },
      "author": {
        "author_id": "927635515120279",
        "nickname": "果蔬生活",
        "follower_count": 40456
      }
    },
    {
      "aweme": {
        "aweme_id": "6850997807814397192",
        "aweme_title": "要认清现实不要总是活在梦里#正能量 #情感文字 @DOU+小助手 @抖音小助手",
        "aweme_url": "https://www.iesdouyin.com/share/video/6850997807814397192/?region=CN&mid=6850997809673112333&u_code=0&titleType=title",
        "download_url": "https://www.chanmama.com/awemeDetail/6850997807814397192",
        "digg_count": 2102,
        "digg_incr": 1503,
        "aweme_create_time": 1595122234,
        "category": 13,
        "volume": 0,
        "amount": 0
      },
      "author": {
        "author_id": "7787300820",
        "nickname": "🔥仙哥🔥",
        "follower_count": 496625
      }
    },
    {
      "aweme": {
        "aweme_id": "6851035985065610511",
        "aweme_title": "@义乌市涵众电子商务商行发了一个抖音短视频，你尽管点开，不好看算我输！",
        "aweme_url": "https://www.iesdouyin.com/share/video/6851035985065610511/?region=CN&mid=6851035982142524167&u_code=1j0gg54m84ef&titleType=",
        "download_url": "https://www.chanmama.com/awemeDetail/6851035985065610511",
        "digg_count": 3892,
        "digg_incr": 1500,
        "aweme_create_time": 1595131122,
        "category": 13,
        "volume": 4,
        "amount": 1192
      },
      "author": {
        "author_id": "1182702230048151",
        "nickname": "义乌市涵众电子商务商行",
        "follower_count": 18510
      }
    },
    {
      "aweme": {
        "aweme_id": "6851018130236427520",
        "aweme_title": "真心不错，美菱的，活动时间不长需要的抓紧😂",
        "aweme_url": "https://www.iesdouyin.com/share/video/6851018130236427520/?region=CN&mid=6607043529371814660&u_code=2djli8g9h047&titleType=title",
        "download_url": "https://www.chanmama.com/awemeDetail/6851018130236427520",
        "digg_count": 1642,
        "digg_incr": 1479,
        "aweme_create_time": 1595126964,
        "category": 13,
        "volume": 0,
        "amount": 0
      },
      "author": {
        "author_id": "64529404551",
        "nickname": "小凤精品",
        "follower_count": 64316
      }
    },
    {
      "aweme": {
        "aweme_id": "6851124072860880143",
        "aweme_title": "每个人心里最难忘的事，都是夜深和酒后才愿意掏出来的～#趣胃大比拼 #破壁新饮力 @DOU+小助手",
        "aweme_url": "https://www.iesdouyin.com/share/video/6851124072860880143/?region=CN&mid=6851124076254841613&u_code=0&titleType=title",
        "download_url": "https://www.chanmama.com/awemeDetail/6851124072860880143",
        "digg_count": 5195,
        "digg_incr": 1400,
        "aweme_create_time": 1595151631,
        "category": 13,
        "volume": 0,
        "amount": 0
      },
      "author": {
        "author_id": "108311557947",
        "nickname": "一人厨_小斯",
        "follower_count": 522459
      }
    },
    {
      "aweme": {
        "aweme_id": "6851076286622764296",
        "aweme_title": "自己在家也可以做出香浓细腻的芝麻酱。#美食趣胃计划 #趣胃大比拼 @抖音小助手",
        "aweme_url": "https://www.iesdouyin.com/share/video/6851076286622764296/?region=CN&mid=6851076324845423373&u_code=0&titleType=title",
        "download_url": "https://www.chanmama.com/awemeDetail/6851076286622764296",
        "digg_count": 2475,
        "digg_incr": 1335,
        "aweme_create_time": 1595140505,
        "category": 13,
        "volume": 0,
        "amount": 0
      },
      "author": {
        "author_id": "106874446655",
        "nickname": "爱下厨的哒哒君",
        "follower_count": 851785
      }
    },
    {
      "aweme": {
        "aweme_id": "6850975145746582799",
        "aweme_title": "什么样的余生才能配上我颠沛流离的前半生，",
        "aweme_url": "https://www.iesdouyin.com/share/video/6850975145746582799/?region=CN&mid=6850975114830301960&u_code=0&titleType=title",
        "download_url": "https://www.chanmama.com/awemeDetail/6850975145746582799",
        "digg_count": 1401,
        "digg_incr": 1258,
        "aweme_create_time": 1595116959,
        "category": 13,
        "volume": 0,
        "amount": 0
      },
      "author": {
        "author_id": "66861308087",
        "nickname": "涧口，晓儿",
        "follower_count": 39900
      }
    },
    {
      "aweme": {
        "aweme_id": "6851104597725990144",
        "aweme_title": "再过一个月怼怼就要跟可可做姐妹了，我在忍一个月！",
        "aweme_url": "https://www.iesdouyin.com/share/video/6851104597725990144/?region=CN&mid=6584253904052030215&u_code=0&titleType=title",
        "download_url": "https://www.chanmama.com/awemeDetail/6851104597725990144",
        "digg_count": 1761,
        "digg_incr": 1247,
        "aweme_create_time": 1595147097,
        "category": 13,
        "volume": 6,
        "amount": 528
      },
      "author": {
        "author_id": "61204860976",
        "nickname": "怼怼",
        "follower_count": 182639
      }
    },
    {
      "aweme": {
        "aweme_id": "6851051851098459407",
        "aweme_title": "贵阳二小姐，来了@抖音小助手",
        "aweme_url": "https://www.iesdouyin.com/share/video/6851051851098459407/?region=CN&mid=6851051845738695437&u_code=0&titleType=title",
        "download_url": "https://www.chanmama.com/awemeDetail/6851051851098459407",
        "digg_count": 1222,
        "digg_incr": 1222,
        "aweme_create_time": 1595134816,
        "category": 13,
        "volume": 0,
        "amount": 0
      },
      "author": {
        "author_id": "1297064683376120",
        "nickname": "贵阳二小姐",
        "follower_count": 327924
      }
    },
    {
      "aweme": {
        "aweme_id": "6851085084997602560",
        "aweme_title": "人生中第一次拥有烤箱😂美的🤭爱了～今先烤个蛋挞，明整面包！不知道还能烤啥😂咋感觉有种入吭的赶脚",
        "aweme_url": "https://www.iesdouyin.com/share/video/6851085084997602560/?region=CN&mid=6844773311390418951&u_code=0&titleType=title",
        "download_url": "https://www.chanmama.com/awemeDetail/6851085084997602560",
        "digg_count": 2334,
        "digg_incr": 1203,
        "aweme_create_time": 1595142581,
        "category": 13,
        "volume": 3,
        "amount": 312
      },
      "author": {
        "author_id": "4503652998826118",
        "nickname": "（娜娜姐）的日常生活",
        "follower_count": 86147
      }
    },
    {
      "aweme": {
        "aweme_id": "6851056790663204110",
        "aweme_title": "再次声明拍视频只是打发时间，回赞回评是礼貌，你放心👉我是你老公这辈子多得不到的女人！！！#这条街最亮的仔",
        "aweme_url": "https://www.iesdouyin.com/share/video/6851056790663204110/?region=CN&mid=6749215263788387085&u_code=0&titleType=title",
        "download_url": "https://www.chanmama.com/awemeDetail/6851056790663204110",
        "digg_count": 1452,
        "digg_incr": 1147,
        "aweme_create_time": 1595135966,
        "category": 13,
        "volume": 0,
        "amount": 0
      },
      "author": {
        "author_id": "94340383275",
        "nickname": "73年老牛🌸🍂🍃",
        "follower_count": 12158
      }
    },
    {
      "aweme": {
        "aweme_id": "6851033571470101775",
        "aweme_title": "@梁红唱歌🎤发了一个抖音短视频，你尽管点开，不好看算我输！",
        "aweme_url": "https://www.iesdouyin.com/share/video/6851033571470101775/?region=CN&mid=6851033578773072653&u_code=0&titleType=",
        "download_url": "https://www.chanmama.com/awemeDetail/6851033571470101775",
        "digg_count": 1525,
        "digg_incr": 1123,
        "aweme_create_time": 1595130559,
        "category": 13,
        "volume": 0,
        "amount": 0
      },
      "author": {
        "author_id": "21620223914964",
        "nickname": "梁红唱歌🎤",
        "follower_count": 243127
      }
    },
    {
      "aweme": {
        "aweme_id": "6851011083281386767",
        "aweme_title": "喜欢自由的人就要尝遍各种孤独，余生努力做一个干净洒脱的人#旅行",
        "aweme_url": "https://www.iesdouyin.com/share/video/6851011083281386767/?region=CN&mid=6807224062943791886&u_code=0&titleType=title",
        "download_url": "https://www.chanmama.com/awemeDetail/6851011083281386767",
        "digg_count": 3542,
        "digg_incr": 1033,
        "aweme_create_time": 1595125324,
        "category": 13,
        "volume": 0,
        "amount": 0
      },
      "author": {
        "author_id": "76050713232",
        "nickname": "何伟明la",
        "follower_count": 302007
      }
    },
    {
      "aweme": {
        "aweme_id": "6851128195610152205",
        "aweme_title": "又是阳光明媚春光灿烂的一天呀#蜗牛和黄鹂鸟",
        "aweme_url": "https://www.iesdouyin.com/share/video/6851128195610152205/?region=CN&mid=6851128194238630664&u_code=0&titleType=title",
        "download_url": "https://www.chanmama.com/awemeDetail/6851128195610152205",
        "digg_count": 1525,
        "digg_incr": 972,
        "aweme_create_time": 1595152591,
        "category": 13,
        "volume": 0,
        "amount": 0
      },
      "author": {
        "author_id": "94210570989",
        "nickname": "李喻乔🌸",
        "follower_count": 215413
      }
    },
    {
      "aweme": {
        "aweme_id": "6850851976318569736",
        "aweme_title": "#穿上高跟鞋挑战自己，凑合着看吧，@抖音小助手 晚上七点直播。",
        "aweme_url": "https://www.iesdouyin.com/share/video/6850851976318569736/?region=CN&mid=6743763228876163853&u_code=1gkkal91c2m6&titleType=title",
        "download_url": "https://www.chanmama.com/awemeDetail/6850851976318569736",
        "digg_count": 1327,
        "digg_incr": 971,
        "aweme_create_time": 1595088283,
        "category": 13,
        "volume": 0,
        "amount": 0
      },
      "author": {
        "author_id": "153520367746275",
        "nickname": "健身张咪",
        "follower_count": 6869
      }
    },
    {
      "aweme": {
        "aweme_id": "6851051386898107652",
        "aweme_title": "#前置过滤器   新房装修值得收藏",
        "aweme_url": "https://www.iesdouyin.com/share/video/6851051386898107652/?region=CN&mid=6848195807972313864&u_code=0&titleType=title",
        "download_url": "https://www.chanmama.com/awemeDetail/6851051386898107652",
        "digg_count": 1079,
        "digg_incr": 963,
        "aweme_create_time": 1595134715,
        "category": 13,
        "volume": 12,
        "amount": 3216
      },
      "author": {
        "author_id": "97048216880",
        "nickname": "悍玛拉居家卫浴生产厂家",
        "follower_count": 118063
      }
    },
    {
      "aweme": {
        "aweme_id": "6851105220517301515",
        "aweme_title": "@抖音小助手 #戏精 #千古绝唱 #经典老歌 认真对个口型，假装我就是白雪🤭",
        "aweme_url": "https://www.iesdouyin.com/share/video/6851105220517301515/?region=CN&mid=6749881874404870920&u_code=0&titleType=title",
        "download_url": "https://www.chanmama.com/awemeDetail/6851105220517301515",
        "digg_count": 1566,
        "digg_incr": 933,
        "aweme_create_time": 1595147249,
        "category": 13,
        "volume": 0,
        "amount": 0
      },
      "author": {
        "author_id": "92956714372",
        "nickname": "安庆玉儿",
        "follower_count": 237449
      }
    },
    {
      "aweme": {
        "aweme_id": "6850983055461453063",
        "aweme_title": "洗碗机的好基友-垃圾处理器，懒人神器了解一下！再也不用担心厨余垃圾分类的问题了！#乘风破浪的好物",
        "aweme_url": "https://www.iesdouyin.com/share/video/6850983055461453063/?region=CN&mid=6779041629702457346&u_code=0&titleType=title",
        "download_url": "https://www.chanmama.com/awemeDetail/6850983055461453063",
        "digg_count": 3015,
        "digg_incr": 883,
        "aweme_create_time": 1595118799,
        "category": 13,
        "volume": 1,
        "amount": 3299
      },
      "author": {
        "author_id": "63226778632",
        "nickname": "田心ෆ",
        "follower_count": 404387
      }
    },
    {
      "aweme": {
        "aweme_id": "6851082086900681984",
        "aweme_title": "有很多宝妈让我 用研磨机磨一下红豆#小阳哥严选 #好物推荐",
        "aweme_url": "https://www.iesdouyin.com/share/video/6851082086900681984/?region=CN&mid=6835949815113714440&u_code=0&titleType=title",
        "download_url": "https://www.chanmama.com/awemeDetail/6851082086900681984",
        "digg_count": 1928,
        "digg_incr": 880,
        "aweme_create_time": 1595141856,
        "category": 13,
        "volume": 0,
        "amount": 0
      },
      "author": {
        "author_id": "74391861341732",
        "nickname": "小阳哥严选",
        "follower_count": 35314
      }
    },
    {
      "aweme": {
        "aweme_id": "6851040586862955784",
        "aweme_title": "肉在自己身上，膘在自己身上，相信自己必须减掉，世上道理千千万，不如瘦了最好看。#健康 #去湿减肥",
        "aweme_url": "https://www.iesdouyin.com/share/video/6851040586862955784/?region=CN&mid=6648872580663446280&u_code=0&titleType=title",
        "download_url": "https://www.chanmama.com/awemeDetail/6851040586862955784",
        "digg_count": 2347,
        "digg_incr": 880,
        "aweme_create_time": 1595132193,
        "category": 13,
        "volume": 0,
        "amount": 0
      },
      "author": {
        "author_id": "628521591122168",
        "nickname": "洪媛百货",
        "follower_count": 18061
      }
    },
    {
      "aweme": {
        "aweme_id": "6850956269264604423",
        "aweme_title": "千万不要让孩子这样吃核桃",
        "aweme_url": "https://www.iesdouyin.com/share/video/6850956269264604423/?region=CN&mid=6850956207130233614&u_code=8kk8hb3afik&titleType=title",
        "download_url": "https://www.chanmama.com/awemeDetail/6850956269264604423",
        "digg_count": 2888,
        "digg_incr": 827,
        "aweme_create_time": 1595112568,
        "category": 13,
        "volume": 1,
        "amount": 79
      },
      "author": {
        "author_id": "927635515120279",
        "nickname": "果蔬生活",
        "follower_count": 40456
      }
    },
    {
      "aweme": {
        "aweme_id": "6851066540662541582",
        "aweme_title": "#好好说话就有那么难吗  那个成年人的内里不是千疮百孔 谁的生活又能经得起千锤百炼#正能量 @DOU+小助手",
        "aweme_url": "https://www.iesdouyin.com/share/video/6851066540662541582/?region=CN&mid=6851066532257532686&u_code=0&titleType=title",
        "download_url": "https://www.chanmama.com/awemeDetail/6851066540662541582",
        "digg_count": 2408,
        "digg_incr": 823,
        "aweme_create_time": 1595138236,
        "category": 13,
        "volume": 0,
        "amount": 0
      },
      "author": {
        "author_id": "99357613003",
        "nickname": "蜜辣姐",
        "follower_count": 91367
      }
    },
    {
      "aweme": {
        "aweme_id": "6851037327305837839",
        "aweme_title": "婆婆看我瘦了三十多金，说她也要减她的大肚腩。说让我拍个美美的视频，一看哎呀有相识的感觉😂，明天我教她转到起飞",
        "aweme_url": "https://www.iesdouyin.com/share/video/6851037327305837839/?region=CN&mid=6832571037851388686&u_code=0&titleType=title",
        "download_url": "https://www.chanmama.com/awemeDetail/6851037327305837839",
        "digg_count": 1714,
        "digg_incr": 777,
        "aweme_create_time": 1595131434,
        "category": 13,
        "volume": 5,
        "amount": 1495
      },
      "author": {
        "author_id": "56402586773",
        "nickname": "路佩百货",
        "follower_count": 29881
      }
    },
    {
      "aweme": {
        "aweme_id": "6851139624132300046",
        "aweme_title": "这几天山东不是阴天就是下雨，也不热。我就天天给孩子捣鼓的吃😂只要肯下功夫，让孩子吃到肚里就有营养",
        "aweme_url": "https://www.iesdouyin.com/share/video/6851139624132300046/?region=CN&mid=6620002919972342535&u_code=2akd6be8lma8&titleType=title",
        "download_url": "https://www.chanmama.com/awemeDetail/6851139624132300046",
        "digg_count": 1130,
        "digg_incr": 708,
        "aweme_create_time": 1595155272,
        "category": 13,
        "volume": 0,
        "amount": 0
      },
      "author": {
        "author_id": "4503612458096908",
        "nickname": "真真…小黑妹",
        "follower_count": 278865
      }
    },
    {
      "aweme": {
        "aweme_id": "6851042375872040206",
        "aweme_title": "低糖饮食从米饭开始 #了不起的生活好物",
        "aweme_url": "https://www.iesdouyin.com/share/video/6851042375872040206/?region=CN&mid=6851042449629219598&u_code=0&titleType=title",
        "download_url": "https://www.chanmama.com/awemeDetail/6851042375872040206",
        "digg_count": 1319,
        "digg_incr": 686,
        "aweme_create_time": 1595132630,
        "category": 13,
        "volume": 13,
        "amount": 3497
      },
      "author": {
        "author_id": "60646046669",
        "nickname": "高兴家🏠",
        "follower_count": 290937
      }
    },
    {
      "aweme": {
        "aweme_id": "6851075802797313288",
        "aweme_title": "#音乐 #dj #户外音响 #热门 重低音炮",
        "aweme_url": "https://www.iesdouyin.com/share/video/6851075802797313288/?region=CN&mid=6820573522436475662&u_code=0&titleType=title",
        "download_url": "https://www.chanmama.com/awemeDetail/6851075802797313288",
        "digg_count": 1606,
        "digg_incr": 505,
        "aweme_create_time": 1595140393,
        "category": 13,
        "volume": 0,
        "amount": 0
      },
      "author": {
        "author_id": "93072223315",
        "nickname": "广州鑫一音响电子设备有限公司",
        "follower_count": 166737
      }
    },
    {
      "aweme": {
        "aweme_id": "6851030086821383424",
        "aweme_title": "终于内衣袜子不用手洗了，10分钟轻松洗衣，还能臭氧杀箘，可折叠易携带，居家旅行必备👍#好物推荐",
        "aweme_url": "https://www.iesdouyin.com/share/video/6851030086821383424/?region=CN&mid=6851030087219874574&u_code=0&titleType=title",
        "download_url": "https://www.chanmama.com/awemeDetail/6851030086821383424",
        "digg_count": 1526,
        "digg_incr": 495,
        "aweme_create_time": 1595129748,
        "category": 13,
        "volume": 0,
        "amount": 0
      },
      "author": {
        "author_id": "71728051279",
        "nickname": "小超人杰杰",
        "follower_count": 208508
      }
    },
    {
      "aweme": {
        "aweme_id": "6851116476456389888",
        "aweme_title": "#水龙头 @DOU+小助手",
        "aweme_url": "https://www.iesdouyin.com/share/video/6851116476456389888/?region=CN&mid=218404209967484928&u_code=2j8l4a5ecij8&titleType=title",
        "download_url": "https://www.chanmama.com/awemeDetail/6851116476456389888",
        "digg_count": 2496,
        "digg_incr": 439,
        "aweme_create_time": 1595149863,
        "category": 13,
        "volume": 1,
        "amount": 179
      },
      "author": {
        "author_id": "108076962936",
        "nickname": "古德猫卫浴",
        "follower_count": 3214
      }
    },
    {
      "aweme": {
        "aweme_id": "6851084517239737603",
        "aweme_title": "全自动煮粥砂锅可以明火",
        "aweme_url": "https://www.iesdouyin.com/share/video/6851084517239737603/?region=CN&mid=6851084609145309959&u_code=31186d80g53a&titleType=title",
        "download_url": "https://www.chanmama.com/awemeDetail/6851084517239737603",
        "digg_count": 2655,
        "digg_incr": 400,
        "aweme_create_time": 1595142429,
        "category": 13,
        "volume": 36,
        "amount": 1260
      },
      "author": {
        "author_id": "95306046177",
        "nickname": "潮州市潮安区东凤镇兴发五金厂",
        "follower_count": 14329
      }
    },
    {
      "aweme": {
        "aweme_id": "6851133206352170253",
        "aweme_title": "分享一款我超喜欢的紫薯粥搭配～ 好看又好喝#粥 #紫薯粥",
        "aweme_url": "https://www.iesdouyin.com/share/video/6851133206352170253/?region=CN&mid=6841492789587364616&u_code=0&titleType=title",
        "download_url": "https://www.chanmama.com/awemeDetail/6851133206352170253",
        "digg_count": 6513,
        "digg_incr": 333,
        "aweme_create_time": 1595153758,
        "category": 13,
        "volume": 0,
        "amount": 0
      },
      "author": {
        "author_id": "110477193102",
        "nickname": "天天吃8",
        "follower_count": 143526
      }
    },
    {
      "aweme": {
        "aweme_id": "6851031960798694670",
        "aweme_title": "网红音响 #音乐 #dj #户外音响 #热门 #工厂",
        "aweme_url": "https://www.iesdouyin.com/share/video/6851031960798694670/?region=CN&mid=6631177983291820807&u_code=0&titleType=title",
        "download_url": "https://www.chanmama.com/awemeDetail/6851031960798694670",
        "digg_count": 5375,
        "digg_incr": 322,
        "aweme_create_time": 1595130185,
        "category": 13,
        "volume": 0,
        "amount": 0
      },
      "author": {
        "author_id": "93072223315",
        "nickname": "广州鑫一音响电子设备有限公司",
        "follower_count": 166737
      }
    },
    {
      "aweme": {
        "aweme_id": "6851003925311540494",
        "aweme_title": "正在直播中",
        "aweme_url": "https://www.iesdouyin.com/share/video/6851003925311540494/?region=CN&mid=6851004196053846796&u_code=0&titleType=title",
        "download_url": "https://www.chanmama.com/awemeDetail/6851003925311540494",
        "digg_count": 1087,
        "digg_incr": 237,
        "aweme_create_time": 1595123680,
        "category": 13,
        "volume": 0,
        "amount": 0
      },
      "author": {
        "author_id": "3825897882266557",
        "nickname": "义乌书维商务啊龍",
        "follower_count": 564766
      }
    }
  ]
}