{
  "data": [
    {
      "aweme": {
        "aweme_id": "6851119206306467085",
        "aweme_title": "别人家的壁画只能看，我家的壁画不仅能看还能当桌子用",
        "aweme_url": "https://www.iesdouyin.com/share/video/6851119206306467085/?region=CN&mid=6851119204280961805&u_code=0&titleType=title",
        "download_url": "https://www.chanmama.com/awemeDetail/6851119206306467085",
        "digg_count": 108280,
        "digg_incr": 39494,
        "aweme_create_time": 1595150498,
        "category": 14,
        "volume": 3,
        "amount": 629.4000000000001
      },
      "author": {
        "author_id": "68077119303",
        "nickname": "种草小菌菌",
        "follower_count": 689049
      }
    },
    {
      "aweme": {
        "aweme_id": "6850935885844761871",
        "aweme_title": "#717奇妙好物在这里 #717抖音奇妙好物市集 我是老板下班了来偷拍的哈哈哈哈",
        "aweme_url": "https://www.iesdouyin.com/share/video/6850935885844761871/?region=CN&mid=6850935776738429710&u_code=2kf52kj9m7c2&titleType=title",
        "download_url": "https://www.chanmama.com/awemeDetail/6850935885844761871",
        "digg_count": 33533,
        "digg_incr": 32090,
        "aweme_create_time": 1595107842,
        "category": 14,
        "volume": 10533,
        "amount": 104276.7
      },
      "author": {
        "author_id": "76105493454",
        "nickname": "小晨带你扫库存",
        "follower_count": 476746
      }
    },
    {
      "aweme": {
        "aweme_id": "6851060561032039684",
        "aweme_title": "小宝们悄然长大，是时候给他们安排一套漂亮的书桌了 直播中#717奇妙好物在这里 #书桌 #家具 ，@抖音小助手",
        "aweme_url": "https://www.iesdouyin.com/share/video/6851060561032039684/?region=CN&mid=6793146398893181700&u_code=l531c1ck014&titleType=title",
        "download_url": "https://www.chanmama.com/awemeDetail/6851060561032039684",
        "digg_count": 13784,
        "digg_incr": 13784,
        "aweme_create_time": 1595136851,
        "category": 14,
        "volume": 0,
        "amount": 0
      },
      "author": {
        "author_id": "2559294670645358",
        "nickname": "抖木家具",
        "follower_count": 155679
      }
    },
    {
      "aweme": {
        "aweme_id": "6851040151720758532",
        "aweme_title": "46件套#汽车电器@胖妞电器售后",
        "aweme_url": "https://www.iesdouyin.com/share/video/6851040151720758532/?region=CN&mid=6851040217542052615&u_code=0&titleType=title",
        "download_url": "https://www.chanmama.com/awemeDetail/6851040151720758532",
        "digg_count": 12496,
        "digg_incr": 9158,
        "aweme_create_time": 1595132099,
        "category": 14,
        "volume": 4,
        "amount": 279.6
      },
      "author": {
        "author_id": "108150011216",
        "nickname": "胖妞汽车电器",
        "follower_count": 218619
      }
    },
    {
      "aweme": {
        "aweme_id": "6850854927116422400",
        "aweme_title": "薪酬#薪酬 老板心里发愁，#老板 你#员工 工资发对了吗#717奇妙好物在这里 #成长充电站 @DOU+小助手",
        "aweme_url": "https://www.iesdouyin.com/share/video/6850854927116422400/?region=CN&mid=6738036022849997572&u_code=0&titleType=title",
        "download_url": "https://www.chanmama.com/awemeDetail/6850854927116422400",
        "digg_count": 16342,
        "digg_incr": 8394,
        "aweme_create_time": 1595088971,
        "category": 14,
        "volume": 85,
        "amount": 16915
      },
      "author": {
        "author_id": "3386144830268695",
        "nickname": "宏酷企业管理天河分公司",
        "follower_count": 85691
      }
    },
    {
      "aweme": {
        "aweme_id": "6851069066971483399",
        "aweme_title": "#717抖音奇妙好物市集 @DOU+小助手 @抖音小助手 #地毯 #好物推荐 不见不散",
        "aweme_url": "https://www.iesdouyin.com/share/video/6851069066971483399/?region=CN&mid=6811999796648232967&u_code=0&titleType=title",
        "download_url": "https://www.chanmama.com/awemeDetail/6851069066971483399",
        "digg_count": 7392,
        "digg_incr": 6751,
        "aweme_create_time": 1595138825,
        "category": 14,
        "volume": 575,
        "amount": 34442.5
      },
      "author": {
        "author_id": "2291025123476248",
        "nickname": "天津市武清区竹沫家居用品店",
        "follower_count": 66110
      }
    },
    {
      "aweme": {
        "aweme_id": "6850996083754011907",
        "aweme_title": "背后是书墙，窗外是大海，坐着1w2的椅子，用着最先进电脑，这个工作区你给几分？#书房 #家居 #装修",
        "aweme_url": "https://www.iesdouyin.com/share/video/6850996083754011907/?region=CN&mid=6687809799372933895&u_code=0&titleType=title",
        "download_url": "https://www.chanmama.com/awemeDetail/6850996083754011907",
        "digg_count": 16178,
        "digg_incr": 6688,
        "aweme_create_time": 1595121840,
        "category": 14,
        "volume": 12,
        "amount": 1776
      },
      "author": {
        "author_id": "92215283544",
        "nickname": "小兵兵",
        "follower_count": 459148
      }
    },
    {
      "aweme": {
        "aweme_id": "6850997055687511296",
        "aweme_title": "这个夏天，我们一起战斗吧，别怕，我保护你们～#战斗少女 #变身 #教程",
        "aweme_url": "https://www.iesdouyin.com/share/video/6850997055687511296/?region=CN&mid=6847784324469787405&u_code=0&titleType=title",
        "download_url": "https://www.chanmama.com/awemeDetail/6850997055687511296",
        "digg_count": 10063,
        "digg_incr": 6599,
        "aweme_create_time": 1595122058,
        "category": 14,
        "volume": 2,
        "amount": 10.2
      },
      "author": {
        "author_id": "58814164483",
        "nickname": "马小丹～🦋💋",
        "follower_count": 958340
      }
    },
    {
      "aweme": {
        "aweme_id": "6851023330338753807",
        "aweme_title": "靠墙用射灯 不靠墙用筒灯，肯定没毛病。我家开孔7.5 射灯筒灯都用5瓦的#717奇妙好物在这里 #射灯#筒灯",
        "aweme_url": "https://www.iesdouyin.com/share/video/6851023330338753807/?region=CN&mid=6848902883832859405&u_code=0&titleType=title",
        "download_url": "https://www.chanmama.com/awemeDetail/6851023330338753807",
        "digg_count": 8836,
        "digg_incr": 5758,
        "aweme_create_time": 1595128175,
        "category": 14,
        "volume": 0,
        "amount": 0
      },
      "author": {
        "author_id": "67623266798",
        "nickname": "响G",
        "follower_count": 115963
      }
    },
    {
      "aweme": {
        "aweme_id": "6850947809525402895",
        "aweme_title": "#717奇妙好物在这里 #717抖音奇妙好物市集 我表哥说随便我卖",
        "aweme_url": "https://www.iesdouyin.com/share/video/6850947809525402895/?region=CN&mid=6850947722380790536&u_code=0&titleType=title",
        "download_url": "https://www.chanmama.com/awemeDetail/6850947809525402895",
        "digg_count": 5087,
        "digg_incr": 4422,
        "aweme_create_time": 1595110602,
        "category": 14,
        "volume": 924,
        "amount": 9147.6
      },
      "author": {
        "author_id": "76105493454",
        "nickname": "小晨带你扫库存",
        "follower_count": 476746
      }
    },
    {
      "aweme": {
        "aweme_id": "6851129861994564877",
        "aweme_title": "下期解答这个黑科技的原理#声音#电流",
        "aweme_url": "https://www.iesdouyin.com/share/video/6851129861994564877/?region=CN&mid=6851129868902861575&u_code=0&titleType=title",
        "download_url": "https://www.chanmama.com/awemeDetail/6851129861994564877",
        "digg_count": 14417,
        "digg_incr": 4239,
        "aweme_create_time": 1595152979,
        "category": 14,
        "volume": 6,
        "amount": 894
      },
      "author": {
        "author_id": "108799748229",
        "nickname": "文耕实验室",
        "follower_count": 132607
      }
    },
    {
      "aweme": {
        "aweme_id": "6850881170318691599",
        "aweme_title": "人老腿先衰，每天坚持锻炼小腿，预防腿部#寒凉 #抽筋 让腿部更健康！#腿 #锻炼 #健康 #热门",
        "aweme_url": "https://www.iesdouyin.com/share/video/6850881170318691599/?region=CN&mid=6800657387302292232&u_code=0&titleType=title",
        "download_url": "https://www.chanmama.com/awemeDetail/6850881170318691599",
        "digg_count": 5119,
        "digg_incr": 4119,
        "aweme_create_time": 1595095100,
        "category": 14,
        "volume": 15,
        "amount": 435
      },
      "author": {
        "author_id": "111577578436",
        "nickname": "甘叶爱健康",
        "follower_count": 840476
      }
    },
    {
      "aweme": {
        "aweme_id": "6850993981308800271",
        "aweme_title": "女孩子们 每天少喝几杯奶茶给你的男孩准备这个离子球，他吵架都会扇自己#离子球 #恋爱 #礼物",
        "aweme_url": "https://www.iesdouyin.com/share/video/6850993981308800271/?region=CN&mid=6839543209786395406&u_code=0&titleType=title",
        "download_url": "https://www.chanmama.com/awemeDetail/6850993981308800271",
        "digg_count": 62349,
        "digg_incr": 4106,
        "aweme_create_time": 1595121343,
        "category": 14,
        "volume": 10,
        "amount": 490
      },
      "author": {
        "author_id": "4353717600009719",
        "nickname": "憨糯童鞋",
        "follower_count": 47201
      }
    },
    {
      "aweme": {
        "aweme_id": "6851126802149018895",
        "aweme_title": "跟我一起刷起来，让我们一起做小蛮腰女人#小蛮腰 #刷刷 #三伏天 #锻炼",
        "aweme_url": "https://www.iesdouyin.com/share/video/6851126802149018895/?region=CN&mid=6851126806184332045&u_code=0&titleType=title",
        "download_url": "https://www.chanmama.com/awemeDetail/6851126802149018895",
        "digg_count": 4937,
        "digg_incr": 3149,
        "aweme_create_time": 1595152267,
        "category": 14,
        "volume": 0,
        "amount": 0
      },
      "author": {
        "author_id": "3874309693782947",
        "nickname": "华姐健身美",
        "follower_count": 111988
      }
    },
    {
      "aweme": {
        "aweme_id": "6851098285822856456",
        "aweme_title": "垂钓改变对户外生存技巧。钓鱼我很认真。 #钓鱼",
        "aweme_url": "https://www.iesdouyin.com/share/video/6851098285822856456/?region=CN&mid=6851098416987081486&u_code=0&titleType=title",
        "download_url": "https://www.chanmama.com/awemeDetail/6851098285822856456",
        "digg_count": 2855,
        "digg_incr": 2836,
        "aweme_create_time": 1595145650,
        "category": 14,
        "volume": 0,
        "amount": 0
      },
      "author": {
        "author_id": "85054943125",
        "nickname": "钓大鱼高手",
        "follower_count": 102604
      }
    },
    {
      "aweme": {
        "aweme_id": "6851002195228364046",
        "aweme_title": "学生床垫#我要上热门 #感谢抖音",
        "aweme_url": "https://www.iesdouyin.com/share/video/6851002195228364046/?region=CN&mid=6851002189268896526&u_code=0&titleType=title",
        "download_url": "https://www.chanmama.com/awemeDetail/6851002195228364046",
        "digg_count": 8986,
        "digg_incr": 2680,
        "aweme_create_time": 1595123255,
        "category": 14,
        "volume": 0,
        "amount": 0
      },
      "author": {
        "author_id": "97143288893",
        "nickname": "南通市通州区思贝婷纺织品厂",
        "follower_count": 13058
      }
    },
    {
      "aweme": {
        "aweme_id": "6851159388720237824",
        "aweme_title": "给自己身体放个假，推荐这款按摩椅给大家。",
        "aweme_url": "https://www.iesdouyin.com/share/video/6851159388720237824/?region=CN&mid=6851159397511613198&u_code=0&titleType=title",
        "download_url": "https://www.chanmama.com/awemeDetail/6851159388720237824",
        "digg_count": 3904,
        "digg_incr": 2456,
        "aweme_create_time": 1595159853,
        "category": 14,
        "volume": 13,
        "amount": 38987
      },
      "author": {
        "author_id": "2616440066938797",
        "nickname": "楠姐福利社",
        "follower_count": 123285
      }
    },
    {
      "aweme": {
        "aweme_id": "6851069951512513804",
        "aweme_title": "多功能扳手 棘轮扳手 自动匹配螺丝 常用工具配备",
        "aweme_url": "https://www.iesdouyin.com/share/video/6851069951512513804/?region=CN&mid=6851070238302472974&u_code=0&titleType=title",
        "download_url": "https://www.chanmama.com/awemeDetail/6851069951512513804",
        "digg_count": 4228,
        "digg_incr": 1924,
        "aweme_create_time": 1595139076,
        "category": 14,
        "volume": 11,
        "amount": 275
      },
      "author": {
        "author_id": "3614782380845838",
        "nickname": "老铁工具",
        "follower_count": 486524
      }
    },
    {
      "aweme": {
        "aweme_id": "6851070453939801359",
        "aweme_title": "很喜欢皮沙发，可是没办法还是选了布沙发😞#情侣装修日记 #loft公寓",
        "aweme_url": "https://www.iesdouyin.com/share/video/6851070453939801359/?region=CN&mid=6811422142211640068&u_code=0&titleType=title",
        "download_url": "https://www.chanmama.com/awemeDetail/6851070453939801359",
        "digg_count": 3152,
        "digg_incr": 1772,
        "aweme_create_time": 1595139147,
        "category": 14,
        "volume": 1,
        "amount": 145
      },
      "author": {
        "author_id": "2950736935392908",
        "nickname": "奶油小沈✨",
        "follower_count": 35828
      }
    },
    {
      "aweme": {
        "aweme_id": "6851157524029263118",
        "aweme_title": "斜边露肩设计上衣加上高腰短裙 时尚洋气又舒适 #穿搭 @DOU+小助手",
        "aweme_url": "https://www.iesdouyin.com/share/video/6851157524029263118/?region=CN&mid=6851157611832675086&u_code=2426m56941ia&titleType=title",
        "download_url": "https://www.chanmama.com/awemeDetail/6851157524029263118",
        "digg_count": 2149,
        "digg_incr": 1660,
        "aweme_create_time": 1595159441,
        "category": 14,
        "volume": 92,
        "amount": 4508
      },
      "author": {
        "author_id": "62594186718",
        "nickname": "小魔女时尚穿搭",
        "follower_count": 201736
      }
    },
    {
      "aweme": {
        "aweme_id": "6851166455141108999",
        "aweme_title": "花了将近一个月的工资，精挑细选网购了这些灯，每天回到家都很温馨，一天的疲惫都烟消云散～#灯灯灯灯 #北欧风",
        "aweme_url": "https://www.iesdouyin.com/share/video/6851166455141108999/?region=CN&mid=6847774443331570446&u_code=0&titleType=title",
        "download_url": "https://www.chanmama.com/awemeDetail/6851166455141108999",
        "digg_count": 2975,
        "digg_incr": 1555,
        "aweme_create_time": 1595161498,
        "category": 14,
        "volume": 0,
        "amount": 0
      },
      "author": {
        "author_id": "3355365265126920",
        "nickname": "汪先森",
        "follower_count": 279251
      }
    },
    {
      "aweme": {
        "aweme_id": "6850973009189129472",
        "aweme_title": "集美们，这个不是接灰神器，好搞卫生😎😎可以下手。#客厅灯 #装修 #717奇妙好物在这里",
        "aweme_url": "https://www.iesdouyin.com/share/video/6850973009189129472/?region=CN&mid=6843277342475814926&u_code=0&titleType=title",
        "download_url": "https://www.chanmama.com/awemeDetail/6850973009189129472",
        "digg_count": 3012,
        "digg_incr": 1498,
        "aweme_create_time": 1595116462,
        "category": 14,
        "volume": 0,
        "amount": 0
      },
      "author": {
        "author_id": "67623266798",
        "nickname": "响G",
        "follower_count": 115963
      }
    },
    {
      "aweme": {
        "aweme_id": "6850856941976063246",
        "aweme_title": "#公司 一把手和二把手到底有什么区别。#董事长 #企业管理 #涨知识 #成长充电站 #717奇妙好物在这里",
        "aweme_url": "https://www.iesdouyin.com/share/video/6850856941976063246/?region=CN&mid=6806188059089308423&u_code=0&titleType=title",
        "download_url": "https://www.chanmama.com/awemeDetail/6850856941976063246",
        "digg_count": 1619,
        "digg_incr": 1484,
        "aweme_create_time": 1595089441,
        "category": 14,
        "volume": 16,
        "amount": 3184
      },
      "author": {
        "author_id": "4076618454670173",
        "nickname": "老板商学院",
        "follower_count": 30313
      }
    },
    {
      "aweme": {
        "aweme_id": "6851132147168808196",
        "aweme_title": "这次换沙发还不错，脏了也看不出，科技布也挺好打理 @抖音小助手  #简约北欧",
        "aweme_url": "https://www.iesdouyin.com/share/video/6851132147168808196/?region=CN&mid=6851132315378158350&u_code=0&titleType=title",
        "download_url": "https://www.chanmama.com/awemeDetail/6851132147168808196",
        "digg_count": 2379,
        "digg_incr": 1451,
        "aweme_create_time": 1595153550,
        "category": 14,
        "volume": 0,
        "amount": 0
      },
      "author": {
        "author_id": "60349994796",
        "nickname": "这个King不是那个King",
        "follower_count": 373011
      }
    },
    {
      "aweme": {
        "aweme_id": "6851007312564325639",
        "aweme_title": "家里有一个整洁又芬芳的阳台，心情也会跟着美丽起来 #我的美好生活 @抖音小助手",
        "aweme_url": "https://www.iesdouyin.com/share/video/6851007312564325639/?region=CN&mid=6851007404348689165&u_code=0&titleType=title",
        "download_url": "https://www.chanmama.com/awemeDetail/6851007312564325639",
        "digg_count": 2284,
        "digg_incr": 1435,
        "aweme_create_time": 1595124466,
        "category": 14,
        "volume": 0,
        "amount": 0
      },
      "author": {
        "author_id": "3645610230556100",
        "nickname": "西 西",
        "follower_count": 761597
      }
    },
    {
      "aweme": {
        "aweme_id": "6850897612938218760",
        "aweme_title": "折叠小沙发~希望你在成为井井有条的大人之前拥有开心得一塌糊涂的回忆#小朋友 #回忆 #717抖音奇妙好物市集",
        "aweme_url": "https://www.iesdouyin.com/share/video/6850897612938218760/?region=CN&mid=6850897508961766152&u_code=0&titleType=title",
        "download_url": "https://www.chanmama.com/awemeDetail/6850897612938218760",
        "digg_count": 2612,
        "digg_incr": 1393,
        "aweme_create_time": 1595098947,
        "category": 14,
        "volume": 5,
        "amount": 375
      },
      "author": {
        "author_id": "62219583895",
        "nickname": "棒棒熊毛绒玩具店",
        "follower_count": 184514
      }
    },
    {
      "aweme": {
        "aweme_id": "6850858613632732427",
        "aweme_title": "人老腿先老，保养好你的膝关节很重要！每天五分钟养护#膝关节 #滑膜炎 #膝盖疼痛 #锻炼",
        "aweme_url": "https://www.iesdouyin.com/share/video/6850858613632732427/?region=CN&mid=6847847305295432456&u_code=0&titleType=title",
        "download_url": "https://www.chanmama.com/awemeDetail/6850858613632732427",
        "digg_count": 1445,
        "digg_incr": 1337,
        "aweme_create_time": 1595089851,
        "category": 14,
        "volume": 7,
        "amount": 336
      },
      "author": {
        "author_id": "2563692808117895",
        "nickname": "合泰健身课堂",
        "follower_count": 301283
      }
    },
    {
      "aweme": {
        "aweme_id": "6851171190296366336",
        "aweme_title": "一贴止漏哪漏贴哪，",
        "aweme_url": "https://www.iesdouyin.com/share/video/6851171190296366336/?region=CN&mid=6851171198806526728&u_code=3k3k76ihmlek&titleType=title",
        "download_url": "https://www.chanmama.com/awemeDetail/6851171190296366336",
        "digg_count": 1349,
        "digg_incr": 1326,
        "aweme_create_time": 1595162601,
        "category": 14,
        "volume": 0,
        "amount": 0
      },
      "author": {
        "author_id": "1772002104839949",
        "nickname": "家居好物推荐",
        "follower_count": 23103
      }
    },
    {
      "aweme": {
        "aweme_id": "6850873022853795086",
        "aweme_title": "时尚印花上衣来咯 面料舒适透气 搭配一条短裤或短裙都可以哦 很百搭的款#穿搭@DOU+小助手",
        "aweme_url": "https://www.iesdouyin.com/share/video/6850873022853795086/?region=CN&mid=6850873619342773006&u_code=27l4heb5la4b&titleType=title",
        "download_url": "https://www.chanmama.com/awemeDetail/6850873022853795086",
        "digg_count": 1264,
        "digg_incr": 1223,
        "aweme_create_time": 1595105760,
        "category": 14,
        "volume": 138,
        "amount": 6762
      },
      "author": {
        "author_id": "62594186718",
        "nickname": "小魔女时尚穿搭",
        "follower_count": 201736
      }
    },
    {
      "aweme": {
        "aweme_id": "6851042084510534927",
        "aweme_title": "升级版防尘版护眼绿光膜#iphone #好物推荐 @抖音小助手@DOU+小助手",
        "aweme_url": "https://www.iesdouyin.com/share/video/6851042084510534927/?region=CN&mid=6851042085614734093&u_code=0&titleType=title",
        "download_url": "https://www.chanmama.com/awemeDetail/6851042084510534927",
        "digg_count": 1090,
        "digg_incr": 1038,
        "aweme_create_time": 1595132542,
        "category": 14,
        "volume": 0,
        "amount": 0
      },
      "author": {
        "author_id": "4124974282708398",
        "nickname": "小拇指数码",
        "follower_count": 373158
      }
    },
    {
      "aweme": {
        "aweme_id": "6851101004646108429",
        "aweme_title": "对于钓鱼我还是比较认真滴，你们觉得呢？ #钓鱼",
        "aweme_url": "https://www.iesdouyin.com/share/video/6851101004646108429/?region=CN&mid=6851101116935981831&u_code=0&titleType=title",
        "download_url": "https://www.chanmama.com/awemeDetail/6851101004646108429",
        "digg_count": 1059,
        "digg_incr": 1007,
        "aweme_create_time": 1595146283,
        "category": 14,
        "volume": 1,
        "amount": 74.9
      },
      "author": {
        "author_id": "72468766469",
        "nickname": "摆摊爱钓鱼",
        "follower_count": 324178
      }
    },
    {
      "aweme": {
        "aweme_id": "6851053671128599811",
        "aweme_title": "不用插电的烙铁",
        "aweme_url": "https://www.iesdouyin.com/share/video/6851053671128599811/?region=CN&mid=6851053696265046798&u_code=3mgb47e23akf&titleType=title",
        "download_url": "https://www.chanmama.com/awemeDetail/6851053671128599811",
        "digg_count": 1993,
        "digg_incr": 966,
        "aweme_create_time": 1595135246,
        "category": 14,
        "volume": 39,
        "amount": 620.1
      },
      "author": {
        "author_id": "1415761990521229",
        "nickname": "树叶有工具（正在直播中）",
        "follower_count": 9522
      }
    },
    {
      "aweme": {
        "aweme_id": "6850997335682567431",
        "aweme_title": "早安各位，看“焊届李宗盛”勇哥用手工焊切割10mm钢板（中）#焊接 #威斯恩焊机 #焊届李宗盛",
        "aweme_url": "https://www.iesdouyin.com/share/video/6850997335682567431/?region=CN&mid=6842582526297393154&u_code=0&titleType=title",
        "download_url": "https://www.chanmama.com/awemeDetail/6850997335682567431",
        "digg_count": 2743,
        "digg_incr": 923,
        "aweme_create_time": 1595122124,
        "category": 14,
        "volume": 0,
        "amount": 0
      },
      "author": {
        "author_id": "108323304167",
        "nickname": "早安焊接人",
        "follower_count": 48589
      }
    },
    {
      "aweme": {
        "aweme_id": "6851062757945543951",
        "aweme_title": "好贵的公主👸#2020上热门正能量 @抖音小助手",
        "aweme_url": "https://www.iesdouyin.com/share/video/6851062757945543951/?region=CN&mid=6839969120495077383&u_code=0&titleType=title",
        "download_url": "https://www.chanmama.com/awemeDetail/6851062757945543951",
        "digg_count": 3288,
        "digg_incr": 889,
        "aweme_create_time": 1595137355,
        "category": 14,
        "volume": 0,
        "amount": 0
      },
      "author": {
        "author_id": "69261477004",
        "nickname": "金六福珠宝萱萱",
        "follower_count": 13906
      }
    },
    {
      "aweme": {
        "aweme_id": "6851020371458575629",
        "aweme_title": "家里装修，瓷砖美缝，您一定要知道的三件事！#美缝#做个明白人 @DOU+小助手",
        "aweme_url": "https://www.iesdouyin.com/share/video/6851020371458575629/?region=CN&mid=6851020370166811406&u_code=0&titleType=title",
        "download_url": "https://www.chanmama.com/awemeDetail/6851020371458575629",
        "digg_count": 1806,
        "digg_incr": 858,
        "aweme_create_time": 1595127486,
        "category": 14,
        "volume": 0,
        "amount": 0
      },
      "author": {
        "author_id": "57149078284",
        "nickname": "老李爱装修",
        "follower_count": 193064
      }
    },
    {
      "aweme": {
        "aweme_id": "6850985851300613391",
        "aweme_title": "#717奇妙好物在这里 #717抖音奇妙好物市集 你看吧四条浴巾咋样！",
        "aweme_url": "https://www.iesdouyin.com/share/video/6850985851300613391/?region=CN&mid=6850985825681918734&u_code=0&titleType=title",
        "download_url": "https://www.chanmama.com/awemeDetail/6850985851300613391",
        "digg_count": 2544,
        "digg_incr": 781,
        "aweme_create_time": 1595119450,
        "category": 14,
        "volume": 142,
        "amount": 1405.8
      },
      "author": {
        "author_id": "76105493454",
        "nickname": "小晨带你扫库存",
        "follower_count": 476746
      }
    },
    {
      "aweme": {
        "aweme_id": "6851001786745015567",
        "aweme_title": "第一天地摊直播，恰逢👮‍♀️警查叔叔查车，风头全让我抢了🙈摆地摊很丢脸吗？穷才丢脸吧#广告人阿齐",
        "aweme_url": "https://www.iesdouyin.com/share/video/6851001786745015567/?region=CN&mid=6851001783712549646&u_code=0&titleType=title",
        "download_url": "https://www.chanmama.com/awemeDetail/6851001786745015567",
        "digg_count": 1058,
        "digg_incr": 550,
        "aweme_create_time": 1595123160,
        "category": 14,
        "volume": 3,
        "amount": 630
      },
      "author": {
        "author_id": "102921746134",
        "nickname": "齐马广告策划",
        "follower_count": 19508
      }
    },
    {
      "aweme": {
        "aweme_id": "6851085709390908672",
        "aweme_title": "装灯的时候师傅一直劝我装吸顶灯，说耐看又耐用！还好没听他的😂这样不香吗？",
        "aweme_url": "https://www.iesdouyin.com/share/video/6851085709390908672/?region=CN&mid=6847088286323002119&u_code=161hg4l042h&titleType=title",
        "download_url": "https://www.chanmama.com/awemeDetail/6851085709390908672",
        "digg_count": 3753,
        "digg_incr": 533,
        "aweme_create_time": 1595142699,
        "category": 14,
        "volume": 0,
        "amount": 0
      },
      "author": {
        "author_id": "97302227563",
        "nickname": "默默（27.28号喜临门床垫专场）",
        "follower_count": 155944
      }
    },
    {
      "aweme": {
        "aweme_id": "6851035254229175559",
        "aweme_title": "钓鱼男人的标配！好男人泥值得拥有好东西",
        "aweme_url": "https://www.iesdouyin.com/share/video/6851035254229175559/?region=CN&mid=6548014828802280206&u_code=0&titleType=title",
        "download_url": "https://www.chanmama.com/awemeDetail/6851035254229175559",
        "digg_count": 3882,
        "digg_incr": 455,
        "aweme_create_time": 1595130952,
        "category": 14,
        "volume": 0,
        "amount": 0
      },
      "author": {
        "author_id": "2097491763790733",
        "nickname": "九梦渔具",
        "follower_count": 55836
      }
    },
    {
      "aweme": {
        "aweme_id": "6851047395380301067",
        "aweme_title": "这样操作方便多了#室内 #闭门器 #传递正能量 #抖音小助手 #好物推荐@DOU+小助手",
        "aweme_url": "https://www.iesdouyin.com/share/video/6851047395380301067/?region=CN&mid=6851047424375786247&u_code=0&titleType=title",
        "download_url": "https://www.chanmama.com/awemeDetail/6851047395380301067",
        "digg_count": 1626,
        "digg_incr": 273,
        "aweme_create_time": 1595133785,
        "category": 14,
        "volume": 6,
        "amount": 299.4
      },
      "author": {
        "author_id": "2581296706490920",
        "nickname": "老赵好货",
        "follower_count": 130032
      }
    },
    {
      "aweme": {
        "aweme_id": "6851058714699402496",
        "aweme_title": "这种地方就是这个新款设备大展拳脚的时候！",
        "aweme_url": "https://www.iesdouyin.com/share/video/6851058714699402496/?region=CN&mid=6851058724090727176&u_code=0&titleType=title",
        "download_url": "https://www.chanmama.com/awemeDetail/6851058714699402496",
        "digg_count": 1246,
        "digg_incr": 232,
        "aweme_create_time": 1595136414,
        "category": 14,
        "volume": 1,
        "amount": 680
      },
      "author": {
        "author_id": "101665618819",
        "nickname": "鑫塞汽贸",
        "follower_count": 252931
      }
    },
    {
      "aweme": {
        "aweme_id": "6851059281656073487",
        "aweme_title": "本产品防锈防腐防漏为一体，耐高温抗寒，粘接力是油漆的五倍，不爆 不开裂 不褪色，一次施工可延长彩钢十年寿命",
        "aweme_url": "https://www.iesdouyin.com/share/video/6851059281656073487/?region=CN&mid=6851059275792501518&u_code=0&titleType=title",
        "download_url": "https://www.chanmama.com/awemeDetail/6851059281656073487",
        "digg_count": 4184,
        "digg_incr": 223,
        "aweme_create_time": 1595136546,
        "category": 14,
        "volume": 0,
        "amount": 0
      },
      "author": {
        "author_id": "94923492790",
        "nickname": "东营诚达防水材料有限公司",
        "follower_count": 100072
      }
    },
    {
      "aweme": {
        "aweme_id": "6851122202494946567",
        "aweme_title": "自从有了它，我连自己姓什么都忘了😂#户外 #打捞",
        "aweme_url": "https://www.iesdouyin.com/share/video/6851122202494946567/?region=CN&mid=6851122208924797710&u_code=0&titleType=title",
        "download_url": "https://www.chanmama.com/awemeDetail/6851122202494946567",
        "digg_count": 1026,
        "digg_incr": 207,
        "aweme_create_time": 1595151196,
        "category": 14,
        "volume": 0,
        "amount": 0
      },
      "author": {
        "author_id": "1974365762365613",
        "nickname": "纯金智造",
        "follower_count": 112381
      }
    }
  ]
}