{"data": [{"aweme": {"aweme_id": "6851019191001124096", "aweme_title": "沟通的重要性#沟通#重要@抖音小助手 @我要上热门！", "aweme_url": "https://www.iesdouyin.com/share/video/6851019191001124096/?region=CN&mid=6851019202766195470&u_code=0&titleType=title", "download_url": "https://www.chanmama.com/awemeDetail/6851019191001124096", "digg_count": 128552, "digg_incr": 128831, "aweme_create_time": 1595127211, "category": 15, "volume": 0, "amount": 0}, "author": {"author_id": "2330588929069872", "nickname": "王琨说教育", "follower_count": 38898}}, {"aweme": {"aweme_id": "6850941632993430784", "aweme_title": "孩子不听话，脾气大，千万别打骂，让孩子看看这套书，让孩子自己改变……#人生感悟 #上热门 @抖音小助手", "aweme_url": "https://www.iesdouyin.com/share/video/6850941632993430784/?region=CN&mid=6850945454176291598&u_code=0&titleType=title", "download_url": "https://www.chanmama.com/awemeDetail/6850941632993430784", "digg_count": 170431, "digg_incr": 86291, "aweme_create_time": 1595109173, "category": 15, "volume": 4192, "amount": 289248}, "author": {"author_id": "93177156555", "nickname": "杰哥夫妻档", "follower_count": 758272}}, {"aweme": {"aweme_id": "6851037638732860686", "aweme_title": "听#郭德纲 如何解读奸臣 立场不一样，看待事情的态度也就不一样了#德云社", "aweme_url": "https://www.iesdouyin.com/share/video/6851037638732860686/?region=CN&mid=6851037664755583752&u_code=0&titleType=title", "download_url": "https://www.chanmama.com/awemeDetail/6851037638732860686", "digg_count": 122568, "digg_incr": 62581, "aweme_create_time": 1595131507, "category": 15, "volume": 109, "amount": 5428.2}, "author": {"author_id": "3803940410891870", "nickname": "德云新一度", "follower_count": 527508}}, {"aweme": {"aweme_id": "6850829755118341383", "aweme_title": "#局里新来的年轻人男人在背后都怎么说老婆 #电视剧岁月 #沧浪之水", "aweme_url": "https://www.iesdouyin.com/share/video/6850829755118341383/?region=CN&mid=6850829988770499335&u_code=49kkfd4d4533&titleType=title", "download_url": "https://www.chanmama.com/awemeDetail/6850829755118341383", "digg_count": 47805, "digg_incr": 48009, "aweme_create_time": 1595122200, "category": 15, "volume": 1, "amount": 33}, "author": {"author_id": "2035938266981437", "nickname": "大力出奇迹佛系剪辑", "follower_count": 415131}}, {"aweme": {"aweme_id": "6851119848928431373", "aweme_title": "#汪涵  #高情商  #我是歌手 汪涵教科书般的高情商救场 @抖音小助手", "aweme_url": "https://www.iesdouyin.com/share/video/6851119848928431373/?region=CN&mid=6851120023458122504&u_code=0&titleType=title", "download_url": "https://www.chanmama.com/awemeDetail/6851119848928431373", "digg_count": 58194, "digg_incr": 44146, "aweme_create_time": 1595150669, "category": 15, "volume": 0, "amount": 0}, "author": {"author_id": "111493313225", "nickname": "陪你逛街", "follower_count": 938778}}, {"aweme": {"aweme_id": "6850957106741267723", "aweme_title": "船长给大家分享一下，零距离海洋霸主鲸鱼越出海面，十分罕见拍摄不易！见者双击点赞，财运多多，福报多多！一生平安！", "aweme_url": "https://www.iesdouyin.com/share/video/6850957106741267723/?region=CN&mid=6850957114907675399&u_code=0&titleType=title", "download_url": "https://www.chanmama.com/awemeDetail/6850957106741267723", "digg_count": 34432, "digg_incr": 22561, "aweme_create_time": 1595112781, "category": 15, "volume": 7, "amount": 370}, "author": {"author_id": "94698846791", "nickname": "中国船长", "follower_count": 845071}}, {"aweme": {"aweme_id": "6850993236287261955", "aweme_title": "分享一组大佬拍的创意作品。提高我们的审美。#抖音拍摄指南 #创意 #摄影 #拍照构图 #摄影作品 #创意拍摄", "aweme_url": "https://www.iesdouyin.com/share/video/6850993236287261955/?region=CN&mid=6849912650420193287&u_code=0&titleType=title", "download_url": "https://www.chanmama.com/awemeDetail/6850993236287261955", "digg_count": 57135, "digg_incr": 14266, "aweme_create_time": 1595121179, "category": 15, "volume": 0, "amount": 0}, "author": {"author_id": "3496086133022148", "nickname": "摄影自修室", "follower_count": 288048}}, {"aweme": {"aweme_id": "6850968345668324615", "aweme_title": "如果你不小心点到这个视频，那么恭喜你中奖了#抖音小助手 #我要上大热门 #创意 #祝福", "aweme_url": "https://www.iesdouyin.com/share/video/6850968345668324615/?region=CN&mid=6847428739492809486&u_code=0&titleType=title", "download_url": "https://www.chanmama.com/awemeDetail/6850968345668324615", "digg_count": 12789, "digg_incr": 12313, "aweme_create_time": 1595115378, "category": 15, "volume": 8, "amount": 79.2}, "author": {"author_id": "63331444436", "nickname": "诗诗【免费教特效】", "follower_count": 302741}}, {"aweme": {"aweme_id": "6851029256428965120", "aweme_title": "黄埔建校十年庆典，罕见张学良 蒋介石 同一镜头", "aweme_url": "https://www.iesdouyin.com/share/video/6851029256428965120/?region=CN&mid=6851029448918043396&u_code=8kk8hb3afik&titleType=title", "download_url": "https://www.chanmama.com/awemeDetail/6851029256428965120", "digg_count": 11196, "digg_incr": 10912, "aweme_create_time": 1595129573, "category": 15, "volume": 0, "amount": 0}, "author": {"author_id": "2185483669734967", "nickname": "时代记忆馆", "follower_count": 253431}}, {"aweme": {"aweme_id": "6851129318580423943", "aweme_title": "最恐怖的“鬼剃头”，凶手竟然是它!#涨知识 #奇闻 #百科", "aweme_url": "https://www.iesdouyin.com/share/video/6851129318580423943/?region=CN&mid=6851129323034790669&u_code=0&titleType=title", "download_url": "https://www.chanmama.com/awemeDetail/6851129318580423943", "digg_count": 11314, "digg_incr": 9886, "aweme_create_time": 1595152852, "category": 15, "volume": 1, "amount": 59.8}, "author": {"author_id": "109233336474", "nickname": "世界异闻录", "follower_count": 385620}}, {"aweme": {"aweme_id": "6850877405087665421", "aweme_title": "下棋：这个炮8平7你不会应对，看看这把飞刀很霸气 @DOU+小助手", "aweme_url": "https://www.iesdouyin.com/share/video/6850877405087665421/?region=CN&mid=6850878125023267591&u_code=8kk8hb3afik&titleType=title", "download_url": "https://www.chanmama.com/awemeDetail/6850877405087665421", "digg_count": 9150, "digg_incr": 8551, "aweme_create_time": 1595118600, "category": 15, "volume": 0, "amount": 0}, "author": {"author_id": "103634371504", "nickname": "象棋风繁讲棋", "follower_count": 872614}}, {"aweme": {"aweme_id": "6851089569090178319", "aweme_title": "今晚七点，hp直播见！#nba #库里 #杜兰特 #经典nba", "aweme_url": "https://www.iesdouyin.com/share/video/6851089569090178319/?region=CN&mid=6851089609074756359&u_code=0&titleType=title", "download_url": "https://www.chanmama.com/awemeDetail/6851089569090178319", "digg_count": 8902, "digg_incr": 8043, "aweme_create_time": 1595143598, "category": 15, "volume": 0, "amount": 0}, "author": {"author_id": "59041598377", "nickname": "徐静雨", "follower_count": 819611}}, {"aweme": {"aweme_id": "6851160268681071887", "aweme_title": "#文学 #放下", "aweme_url": "https://www.iesdouyin.com/share/video/6851160268681071887/?region=CN&mid=6851160278294448904&u_code=0&titleType=title", "download_url": "https://www.chanmama.com/awemeDetail/6851160268681071887", "digg_count": 24219, "digg_incr": 6702, "aweme_create_time": 1595160058, "category": 15, "volume": 19, "amount": 566.2}, "author": {"author_id": "734097124892776", "nickname": "格益读书", "follower_count": 687265}}, {"aweme": {"aweme_id": "6851112806897519872", "aweme_title": "做男人的四大金规，凡大成者皆俱备！不然迈不开腿且无法施展才华！#励志 #正能量 #人生 #感悟 #国学 #国学", "aweme_url": "https://www.iesdouyin.com/share/video/6851112806897519872/?region=CN&mid=6851112817417440014&u_code=0&titleType=title", "download_url": "https://www.chanmama.com/awemeDetail/6851112806897519872", "digg_count": 8215, "digg_incr": 6412, "aweme_create_time": 1595149008, "category": 15, "volume": 0, "amount": 0}, "author": {"author_id": "4142557929148142", "nickname": "励志（原创配音）", "follower_count": 104429}}, {"aweme": {"aweme_id": "6851104483976432896", "aweme_title": "对湖人来说是个补充，但期待不应过高！#nba #詹姆斯 #湖人 晚7点，hp直播", "aweme_url": "https://www.iesdouyin.com/share/video/6851104483976432896/?region=CN&mid=6851104518311021319&u_code=0&titleType=title", "download_url": "https://www.chanmama.com/awemeDetail/6851104483976432896", "digg_count": 7508, "digg_incr": 6373, "aweme_create_time": 1595147070, "category": 15, "volume": 0, "amount": 0}, "author": {"author_id": "59041598377", "nickname": "徐静雨", "follower_count": 819611}}, {"aweme": {"aweme_id": "6850892632843980045", "aweme_title": "他读起来让人发笑，但会让你更加智慧。#商业 #经济学", "aweme_url": "https://www.iesdouyin.com/share/video/6850892632843980045/?region=CN&mid=6848450823966444296&u_code=0&titleType=title", "download_url": "https://www.chanmama.com/awemeDetail/6850892632843980045", "digg_count": 6400, "digg_incr": 6202, "aweme_create_time": 1595097782, "category": 15, "volume": 26, "amount": 1248}, "author": {"author_id": "1543364513898526", "nickname": "强者思维社", "follower_count": 377521}}, {"aweme": {"aweme_id": "6851133155961752832", "aweme_title": "以公司买车打六折只剩下五个月啦！#老板 #创业 #717抖音奇妙好物市集", "aweme_url": "https://www.iesdouyin.com/share/video/6851133155961752832/?region=CN&mid=6456638950865029902&u_code=0&titleType=title", "download_url": "https://www.chanmama.com/awemeDetail/6851133155961752832", "digg_count": 6607, "digg_incr": 6181, "aweme_create_time": 1595153745, "category": 15, "volume": 14, "amount": 686}, "author": {"author_id": "2594443885020071", "nickname": "鼎晟财税", "follower_count": 648581}}, {"aweme": {"aweme_id": "6851131147968072968", "aweme_title": "读好书能开阔视野，成为我佩服的那种“杠精”～#夜航船#杠精", "aweme_url": "https://www.iesdouyin.com/share/video/6851131147968072968/?region=CN&mid=6851131188304792334&u_code=0&titleType=title", "download_url": "https://www.chanmama.com/awemeDetail/6851131147968072968", "digg_count": 9596, "digg_incr": 5750, "aweme_create_time": 1595153278, "category": 15, "volume": 32, "amount": 2816}, "author": {"author_id": "2211873533989576", "nickname": "梁大官人", "follower_count": 330055}}, {"aweme": {"aweme_id": "6851131919904558348", "aweme_title": "这些英雄语音你能听懂哪个？", "aweme_url": "https://www.iesdouyin.com/share/video/6851131919904558348/?region=CN&mid=6851131957686864653&u_code=0&titleType=title", "download_url": "https://www.chanmama.com/awemeDetail/6851131919904558348", "digg_count": 12824, "digg_incr": 5690, "aweme_create_time": 1595153464, "category": 15, "volume": 0, "amount": 0}, "author": {"author_id": "83634441085", "nickname": "LOL二哈", "follower_count": 985025}}, {"aweme": {"aweme_id": "6851193410225786112", "aweme_title": "我们到底是如何被“套路”的？#商业", "aweme_url": "https://www.iesdouyin.com/share/video/6851193410225786112/?region=CN&mid=6851193428876348168&u_code=0&titleType=title", "download_url": "https://www.chanmama.com/awemeDetail/6851193410225786112", "digg_count": 9238, "digg_incr": 5623, "aweme_create_time": 1595167775, "category": 15, "volume": 6, "amount": 359.4}, "author": {"author_id": "241516788324029", "nickname": "楠叔夜读", "follower_count": 783748}}, {"aweme": {"aweme_id": "6851125497947098381", "aweme_title": "#元帅？？？！！！", "aweme_url": "https://www.iesdouyin.com/share/video/6851125497947098381/?region=CN&mid=6851125491890752269&u_code=1bifh0710am2&titleType=title", "download_url": "https://www.chanmama.com/awemeDetail/6851125497947098381", "digg_count": 9109, "digg_incr": 5596, "aweme_create_time": 1595151963, "category": 15, "volume": 0, "amount": 0}, "author": {"author_id": "111003190161", "nickname": "学好～数理化", "follower_count": 667972}}, {"aweme": {"aweme_id": "6851128304053816591", "aweme_title": "第一集|“不打扰，是我最后的温柔。”#老郭聊感情", "aweme_url": "https://www.iesdouyin.com/share/video/6851128304053816591/?region=CN&mid=6851128306583030542&u_code=1c5a87b0a8eh&titleType=title", "download_url": "https://www.chanmama.com/awemeDetail/6851128304053816591", "digg_count": 5572, "digg_incr": 5405, "aweme_create_time": 1595152617, "category": 15, "volume": 1, "amount": 36}, "author": {"author_id": "100448120607", "nickname": "我眼中的德云。", "follower_count": 149642}}, {"aweme": {"aweme_id": "6851126642862066959", "aweme_title": "看完之后，变化之大绝对让你自己不敢相信！#万万没想到 #成长充电站", "aweme_url": "https://www.iesdouyin.com/share/video/6851126642862066959/?region=CN&mid=6851126655256169230&u_code=0&titleType=title", "download_url": "https://www.chanmama.com/awemeDetail/6851126642862066959", "digg_count": 5399, "digg_incr": 5290, "aweme_create_time": 1595152230, "category": 15, "volume": 5, "amount": 245}, "author": {"author_id": "109301450446", "nickname": "总裁必修课", "follower_count": 231424}}, {"aweme": {"aweme_id": "6850847171126873358", "aweme_title": "如果你经常健忘，难以集中注意力，那么你应该读读这本书#超级记忆书", "aweme_url": "https://www.iesdouyin.com/share/video/6850847171126873358/?region=CN&mid=6850847561902377735&u_code=0&titleType=title", "download_url": "https://www.chanmama.com/awemeDetail/6850847171126873358", "digg_count": 19307, "digg_incr": 5216, "aweme_create_time": 1595090495, "category": 15, "volume": 308, "amount": 15092}, "author": {"author_id": "2598861729172871", "nickname": "樊登职场精选", "follower_count": 437146}}, {"aweme": {"aweme_id": "6851085652579192079", "aweme_title": "康熙留下107条批注，伟人读17遍！建议睡觉前放下手机看书，悄悄拔尖，惊艳所有人！看完会熟悉勾心斗角套路#职场", "aweme_url": "https://www.iesdouyin.com/share/video/6851085652579192079/?region=CN&mid=6824783707132611341&u_code=161hg4l042h&titleType=title", "download_url": "https://www.chanmama.com/awemeDetail/6851085652579192079", "digg_count": 8738, "digg_incr": 4801, "aweme_create_time": 1595142686, "category": 15, "volume": 3, "amount": 294}, "author": {"author_id": "3157403160545952", "nickname": "城府—权谋", "follower_count": 348650}}, {"aweme": {"aweme_id": "6850981088521653515", "aweme_title": "适合发圈的幽默皮句子😂#情商 #有趣的灵魂 #好书联盟 @抖音小助手", "aweme_url": "https://www.iesdouyin.com/share/video/6850981088521653515/?region=CN&mid=6813680380567243523&u_code=2kf52kj9m7c2&titleType=title", "download_url": "https://www.chanmama.com/awemeDetail/6850981088521653515", "digg_count": 5401, "digg_incr": 4606, "aweme_create_time": 1595118353, "category": 15, "volume": 32, "amount": 1273.6}, "author": {"author_id": "2792349284187635", "nickname": "情商日记", "follower_count": 653560}}, {"aweme": {"aweme_id": "6850966711454207240", "aweme_title": "世界上怎样的男人最专一？#淘气 #搞笑 @抖音小助手", "aweme_url": "https://www.iesdouyin.com/share/video/6850966711454207240/?region=CN&mid=6849646859103800078&u_code=0&titleType=title", "download_url": "https://www.chanmama.com/awemeDetail/6850966711454207240", "digg_count": 7285, "digg_incr": 4509, "aweme_create_time": 1595114997, "category": 15, "volume": 5, "amount": 240}, "author": {"author_id": "3944697467252628", "nickname": "鼠我好运", "follower_count": 431687}}, {"aweme": {"aweme_id": "6851080431337622798", "aweme_title": "其实穷人并不傻，主要是大脑懒惰，不爱学习，固执是主要原因。#哲学 #经验 #人生 #社会 #经济 #思维", "aweme_url": "https://www.iesdouyin.com/share/video/6851080431337622798/?region=CN&mid=6834426693139516173&u_code=0&titleType=title", "download_url": "https://www.chanmama.com/awemeDetail/6851080431337622798", "digg_count": 11691, "digg_incr": 4380, "aweme_create_time": 1595141471, "category": 15, "volume": 0, "amount": 0}, "author": {"author_id": "51771442470", "nickname": "春雷说事", "follower_count": 565302}}, {"aweme": {"aweme_id": "6851086880818138376", "aweme_title": "江西女孩邓宇涵，被14所世界名校疯抢，并斩获200万奖学金", "aweme_url": "https://www.iesdouyin.com/share/video/6851086880818138376/?region=CN&mid=6763143225659820808&u_code=1a2e30fa3g9f&titleType=title", "download_url": "https://www.chanmama.com/awemeDetail/6851086880818138376", "digg_count": 4252, "digg_incr": 4252, "aweme_create_time": 1595142972, "category": 15, "volume": 1, "amount": 88}, "author": {"author_id": "3509270093773779", "nickname": "成长•蜕变", "follower_count": 244567}}, {"aweme": {"aweme_id": "6850984961747520780", "aweme_title": "不规则立体图形求体积，同样要想到转化的策略，更多解题技巧请看奥数举一反三#学浪计划", "aweme_url": "https://www.iesdouyin.com/share/video/6850984961747520780/?region=CN&mid=6842794104687020808&u_code=0&titleType=title", "download_url": "https://www.chanmama.com/awemeDetail/6850984961747520780", "digg_count": 5501, "digg_incr": 4173, "aweme_create_time": 1595119254, "category": 15, "volume": 3, "amount": 68.4}, "author": {"author_id": "50800525206", "nickname": "每天60秒学奥数", "follower_count": 218960}}, {"aweme": {"aweme_id": "6851133615179435268", "aweme_title": "#卡耐基 女生要记住这三样东西#女人 #成长 #情感", "aweme_url": "https://www.iesdouyin.com/share/video/6851133615179435268/?region=CN&mid=6794420227453438728&u_code=0&titleType=title", "download_url": "https://www.chanmama.com/awemeDetail/6851133615179435268", "digg_count": 4585, "digg_incr": 4018, "aweme_create_time": 1595153859, "category": 15, "volume": 10, "amount": 360}, "author": {"author_id": "2840767931887966", "nickname": "成长心语", "follower_count": 175824}}, {"aweme": {"aweme_id": "6850942963351129344", "aweme_title": "这么好吃的东西，赶紧喂我，我已经是迫不及待了😂😂", "aweme_url": "https://www.iesdouyin.com/share/video/6850942963351129344/?region=CN&mid=6850942867645451015&u_code=0&titleType=title", "download_url": "https://www.chanmama.com/awemeDetail/6850942963351129344", "digg_count": 7820, "digg_incr": 3567, "aweme_create_time": 1595109480, "category": 15, "volume": 0, "amount": 0}, "author": {"author_id": "88079098068", "nickname": "玉琦古君", "follower_count": 192796}}, {"aweme": {"aweme_id": "6851006741736426767", "aweme_title": "给自己定个目标，每个月读一本书，两年后遇见不一样的自己#今天你读书了吗 #郭德纲", "aweme_url": "https://www.iesdouyin.com/share/video/6851006741736426767/?region=CN&mid=6851006756190243598&u_code=0&titleType=title", "download_url": "https://www.chanmama.com/awemeDetail/6851006741736426767", "digg_count": 6993, "digg_incr": 3457, "aweme_create_time": 1595124313, "category": 15, "volume": 5, "amount": 170}, "author": {"author_id": "63941747562", "nickname": "德云社", "follower_count": 900075}}, {"aweme": {"aweme_id": "6851026833920560384", "aweme_title": "发现奥特曼之母？这是在保护地球吗？#奥特曼 #探索地球 @抖音小助手", "aweme_url": "https://www.iesdouyin.com/share/video/6851026833920560384/?region=CN&mid=6516876232540293892&u_code=0&titleType=title", "download_url": "https://www.chanmama.com/awemeDetail/6851026833920560384", "digg_count": 11451, "digg_incr": 3417, "aweme_create_time": 1595128991, "category": 15, "volume": 0, "amount": 0}, "author": {"author_id": "1767622726386935", "nickname": "小米粒酱", "follower_count": 55320}}, {"aweme": {"aweme_id": "6851027356849622272", "aweme_title": "#百年孤独 #学习 #书单 如果你有双下巴，那么恭喜你，你多了一份烦恼", "aweme_url": "https://www.iesdouyin.com/share/video/6851027356849622272/?region=CN&mid=6851027366471420685&u_code=0&titleType=title", "download_url": "https://www.chanmama.com/awemeDetail/6851027356849622272", "digg_count": 8392, "digg_incr": 3319, "aweme_create_time": 1595129113, "category": 15, "volume": 7, "amount": 343}, "author": {"author_id": "3460869492050820", "nickname": "阿鱼爱学习", "follower_count": 441959}}, {"aweme": {"aweme_id": "6850961001500658959", "aweme_title": "一句老人言，胜读十年书。#老人言受益一生 #成长充电站 @DOU+小助手", "aweme_url": "https://www.iesdouyin.com/share/video/6850961001500658959/?region=CN&mid=6850960952821680909&u_code=0&titleType=title", "download_url": "https://www.chanmama.com/awemeDetail/6850961001500658959", "digg_count": 4143, "digg_incr": 3199, "aweme_create_time": 1595113668, "category": 15, "volume": 6, "amount": 216}, "author": {"author_id": "92535133452", "nickname": "智慧私塾", "follower_count": 942410}}, {"aweme": {"aweme_id": "6850859549063122179", "aweme_title": "如果你现在迷茫，产品缺少知名度，不知如何拓展商业渠道，读完这本书，教会你疯狂传播", "aweme_url": "https://www.iesdouyin.com/share/video/6850859549063122179/?region=CN&mid=6850859590150671118&u_code=0&titleType=title", "download_url": "https://www.chanmama.com/awemeDetail/6850859549063122179", "digg_count": 13992, "digg_incr": 3125, "aweme_create_time": 1595090607, "category": 15, "volume": 65, "amount": 2925}, "author": {"author_id": "2119461434297627", "nickname": "樊登知识精选", "follower_count": 105126}}, {"aweme": {"aweme_id": "6851102065192635656", "aweme_title": "希望最近特别累的朋友们，都能逐渐好起来。往后的日子，有风听风，有雨看雨，缘来珍惜，缘去珍重。", "aweme_url": "https://www.iesdouyin.com/share/video/6851102065192635656/?region=CN&mid=6851102060058921735&u_code=0&titleType=title", "download_url": "https://www.chanmama.com/awemeDetail/6851102065192635656", "digg_count": 4640, "digg_incr": 3013, "aweme_create_time": 1595146507, "category": 15, "volume": 0, "amount": 0}, "author": {"author_id": "104835513903", "nickname": "英语台词说", "follower_count": 478651}}, {"aweme": {"aweme_id": "6851066155558358279", "aweme_title": "事实证明，有屁还是放出来的好，不过要注意场所噢！#科学知识", "aweme_url": "https://www.iesdouyin.com/share/video/6851066155558358279/?region=CN&mid=6851066561919273742&u_code=0&titleType=title", "download_url": "https://www.chanmama.com/awemeDetail/6851066155558358279", "digg_count": 3114, "digg_incr": 3008, "aweme_create_time": 1595138240, "category": 15, "volume": 0, "amount": 0}, "author": {"author_id": "106756539692", "nickname": "世界档案馆", "follower_count": 198460}}, {"aweme": {"aweme_id": "6851132857008639245", "aweme_title": "好口才、高情商是社交的制胜法宝！#黄渤 #情商 #口才三绝", "aweme_url": "https://www.iesdouyin.com/share/video/6851132857008639245/?region=CN&mid=6851132982234761992&u_code=0&titleType=title", "download_url": "https://www.chanmama.com/awemeDetail/6851132857008639245", "digg_count": 60109, "digg_incr": 2787, "aweme_create_time": 1595153696, "category": 15, "volume": 0, "amount": 0}, "author": {"author_id": "104303762413", "nickname": "黄渤❤️情商", "follower_count": 233680}}, {"aweme": {"aweme_id": "6851045580488199437", "aweme_title": "#angle #尹美莱 #钢琴 #数字谱 #钢琴教学", "aweme_url": "https://www.iesdouyin.com/share/video/6851045580488199437/?region=CN&mid=6851045583059159822&u_code=0&titleType=title", "download_url": "https://www.chanmama.com/awemeDetail/6851045580488199437", "digg_count": 5239, "digg_incr": 2782, "aweme_create_time": 1595133356, "category": 15, "volume": 3, "amount": 237}, "author": {"author_id": "95812322114", "nickname": "武汉艺恒音酷钢琴", "follower_count": 445576}}, {"aweme": {"aweme_id": "6850984008080198912", "aweme_title": "1分钟看会经纬线，家长学会教孩子#学浪计划 #暑期充电指南 #鬼才地理老师", "aweme_url": "https://www.iesdouyin.com/share/video/6850984008080198912/?region=CN&mid=6850983996996373261&u_code=0&titleType=title", "download_url": "https://www.chanmama.com/awemeDetail/6850984008080198912", "digg_count": 2977, "digg_incr": 2568, "aweme_create_time": 1595119022, "category": 15, "volume": 5, "amount": 985}, "author": {"author_id": "99913438703", "nickname": "小郭老师讲地理", "follower_count": 784636}}, {"aweme": {"aweme_id": "6851044388655713544", "aweme_title": "女人的温柔只给正确的男人！#情感 #婚姻 #婚姻家庭 #我要上热门 #感谢抖音平台", "aweme_url": "https://www.iesdouyin.com/share/video/6851044388655713544/?region=CN&mid=6851044391247710984&u_code=0&titleType=title", "download_url": "https://www.chanmama.com/awemeDetail/6851044388655713544", "digg_count": 3225, "digg_incr": 2566, "aweme_create_time": 1595133078, "category": 15, "volume": 0, "amount": 0}, "author": {"author_id": "67652971111", "nickname": "sailing远航（情感主播）", "follower_count": 349945}}, {"aweme": {"aweme_id": "6850965472192498951", "aweme_title": "你的心里是否也有那样的她（他）。@抖音小助手", "aweme_url": "https://www.iesdouyin.com/share/video/6850965472192498951/?region=CN&mid=6849537707178216200&u_code=0&titleType=title", "download_url": "https://www.chanmama.com/awemeDetail/6850965472192498951", "digg_count": 3441, "digg_incr": 2517, "aweme_create_time": 1595114709, "category": 15, "volume": 0, "amount": 0}, "author": {"author_id": "2770368657104391", "nickname": "旺旺吠财", "follower_count": 307220}}, {"aweme": {"aweme_id": "6851017926582029583", "aweme_title": "#人间失格 #阅读 #好书分享", "aweme_url": "https://www.iesdouyin.com/share/video/6851017926582029583/?region=CN&mid=6794352091886111501&u_code=i5hce92j5ke&titleType=title", "download_url": "https://www.chanmama.com/awemeDetail/6851017926582029583", "digg_count": 2484, "digg_incr": 2484, "aweme_create_time": 1595126917, "category": 15, "volume": 2, "amount": 60}, "author": {"author_id": "99420348384", "nickname": "营养文字", "follower_count": 89229}}, {"aweme": {"aweme_id": "6851134282015034628", "aweme_title": "不知道怎么看孩子的家长，记住这些话🌹#父母课堂 #育儿 @抖音小助手", "aweme_url": "https://www.iesdouyin.com/share/video/6851134282015034628/?region=CN&mid=6851134323559598862&u_code=0&titleType=title", "download_url": "https://www.chanmama.com/awemeDetail/6851134282015034628", "digg_count": 4416, "digg_incr": 2390, "aweme_create_time": 1595154015, "category": 15, "volume": 0, "amount": 0}, "author": {"author_id": "3808327965083531", "nickname": "育儿智慧", "follower_count": 615458}}, {"aweme": {"aweme_id": "6851117117819849997", "aweme_title": "《山海经》走进埃及（下）#山海经", "aweme_url": "https://www.iesdouyin.com/share/video/6851117117819849997/?region=CN&mid=6851117141318028045&u_code=0&titleType=title", "download_url": "https://www.chanmama.com/awemeDetail/6851117117819849997", "digg_count": 4224, "digg_incr": 2369, "aweme_create_time": 1595150012, "category": 15, "volume": 1, "amount": 32}, "author": {"author_id": "3988675792481181", "nickname": "文中野", "follower_count": 834309}}, {"aweme": {"aweme_id": "6851013737575386376", "aweme_title": "物有所值，改变婚姻的秘籍！点击小黄车，让您的婚姻美满幸福！#情感 #婚姻 @DOU+小助手", "aweme_url": "https://www.iesdouyin.com/share/video/6851013737575386376/?region=CN&mid=6851013739618061069&u_code=0&titleType=title", "download_url": "https://www.chanmama.com/awemeDetail/6851013737575386376", "digg_count": 3221, "digg_incr": 2339, "aweme_create_time": 1595125942, "category": 15, "volume": 0, "amount": 0}, "author": {"author_id": "101872194727", "nickname": "梁思绪", "follower_count": 148580}}, {"aweme": {"aweme_id": "6850976575144480014", "aweme_title": "你们点的万水千山，是这个吗？#零基础爵士舞 @想腿长的欧尼", "aweme_url": "https://www.iesdouyin.com/share/video/6850976575144480014/?region=CN&mid=6850976545687816968&u_code=0&titleType=title", "download_url": "https://www.chanmama.com/awemeDetail/6850976575144480014", "digg_count": 2692, "digg_incr": 2277, "aweme_create_time": 1595117292, "category": 15, "volume": 3, "amount": 597}, "author": {"author_id": "65309490536", "nickname": "黄冈0713", "follower_count": 622112}}, {"aweme": {"aweme_id": "6851020000682085632", "aweme_title": "从结果入手考虑条件#数学啊数学 #数学思维 #初中数学 #学浪计划", "aweme_url": "https://www.iesdouyin.com/share/video/6851020000682085632/?region=CN&mid=6851020011440835341&u_code=29e681lic6ef&titleType=title", "download_url": "https://www.chanmama.com/awemeDetail/6851020000682085632", "digg_count": 2432, "digg_incr": 2263, "aweme_create_time": 1595127400, "category": 15, "volume": 0, "amount": 0}, "author": {"author_id": "3988679820579416", "nickname": "娜姐数学(初中数学)", "follower_count": 264966}}, {"aweme": {"aweme_id": "6850996883708448015", "aweme_title": "#皮句子 #幽默句子最新 #搞笑句子 #情商 #好书联盟😃😃 #心情手札 #有趣的灵魂 #文字控 #搞笑", "aweme_url": "https://www.iesdouyin.com/share/video/6850996883708448015/?region=CN&mid=6850249780939967246&u_code=0&titleType=title", "download_url": "https://www.chanmama.com/awemeDetail/6850996883708448015", "digg_count": 20713, "digg_incr": 2258, "aweme_create_time": 1595122018, "category": 15, "volume": 0, "amount": 0}, "author": {"author_id": "4054635177848639", "nickname": "心情手札👉（文案馆）", "follower_count": 17545}}, {"aweme": {"aweme_id": "6851103438340689167", "aweme_title": "@抖音小助手", "aweme_url": "https://www.iesdouyin.com/share/video/6851103438340689167/?region=CN&mid=6851103455256251143&u_code=0&titleType=title", "download_url": "https://www.chanmama.com/awemeDetail/6851103438340689167", "digg_count": 2973, "digg_incr": 2164, "aweme_create_time": 1595146827, "category": 15, "volume": 3, "amount": 179.39999999999998}, "author": {"author_id": "4199766249450099", "nickname": "励志正能量🔥", "follower_count": 757540}}, {"aweme": {"aweme_id": "6850967406425279744", "aweme_title": "@抖音小助手", "aweme_url": "https://www.iesdouyin.com/share/video/6850967406425279744/?region=CN&mid=6850967344727378702&u_code=0&titleType=title", "download_url": "https://www.chanmama.com/awemeDetail/6850967406425279744", "digg_count": 2156, "digg_incr": 2156, "aweme_create_time": 1595115159, "category": 15, "volume": 11, "amount": 657.8}, "author": {"author_id": "4199766249450099", "nickname": "励志正能量🔥", "follower_count": 757540}}, {"aweme": {"aweme_id": "6851065652929711367", "aweme_title": "如果你愿意跟一个人在一起，那就好好处，有烦恼有抱怨有后悔再正常不过了，闹过了就抱抱，作完了就亲亲#爱情", "aweme_url": "https://www.iesdouyin.com/share/video/6851065652929711367/?region=CN&mid=6811121029340891912&u_code=0&titleType=title", "download_url": "https://www.chanmama.com/awemeDetail/6851065652929711367", "digg_count": 4085, "digg_incr": 2145, "aweme_create_time": 1595138029, "category": 15, "volume": 44, "amount": 2191.2}, "author": {"author_id": "4371288116181368", "nickname": "每日书摘", "follower_count": 563639}}, {"aweme": {"aweme_id": "6851129180625587463", "aweme_title": "#重启 #盗墓笔记#铁三角重聚  我就说吧 青铜门背后的终极就是山海经的世界 😂", "aweme_url": "https://www.iesdouyin.com/share/video/6851129180625587463/?region=CN&mid=6851129180512324360&u_code=0&titleType=title", "download_url": "https://www.chanmama.com/awemeDetail/6851129180625587463", "digg_count": 3919, "digg_incr": 2069, "aweme_create_time": 1595152820, "category": 15, "volume": 0, "amount": 0}, "author": {"author_id": "1209070440680372", "nickname": "黑咖解说", "follower_count": 279148}}, {"aweme": {"aweme_id": "6851015399799065870", "aweme_title": "来，这你们肯定喜欢了吧#717奇妙好物 #717奇妙好物市集", "aweme_url": "https://www.iesdouyin.com/share/video/6851015399799065870/?region=CN&mid=6851015693897272077&u_code=j26jlkea1ka&titleType=title", "download_url": "https://www.chanmama.com/awemeDetail/6851015399799065870", "digg_count": 8057, "digg_incr": 2027, "aweme_create_time": 1595126399, "category": 15, "volume": 152, "amount": 1504.8}, "author": {"author_id": "96049627140", "nickname": "LH981482027", "follower_count": 193275}}, {"aweme": {"aweme_id": "6850958144307318016", "aweme_title": "每个人都是最好的自己，不与她人相比较，遵从自己的内心，做好独一无二的你……💪💪💪", "aweme_url": "https://www.iesdouyin.com/share/video/6850958144307318016/?region=CN&mid=6848933421415140110&u_code=0&titleType=title", "download_url": "https://www.chanmama.com/awemeDetail/6850958144307318016", "digg_count": 2758, "digg_incr": 1997, "aweme_create_time": 1595113004, "category": 15, "volume": 0, "amount": 0}, "author": {"author_id": "92534833938", "nickname": "小水滴", "follower_count": 274633}}, {"aweme": {"aweme_id": "6851098622650535181", "aweme_title": "超实用！看起来很厉害，其实很简单的运镜方式！学不会怎么做不用我多说了吧？@DOU+小助手", "aweme_url": "https://www.iesdouyin.com/share/video/6851098622650535181/?region=CN&mid=6851098715374045959&u_code=0&titleType=title", "download_url": "https://www.chanmama.com/awemeDetail/6851098622650535181", "digg_count": 5437, "digg_incr": 1947, "aweme_create_time": 1595145726, "category": 15, "volume": 7, "amount": 139.29999999999998}, "author": {"author_id": "110323816800", "nickname": "优推汇", "follower_count": 279576}}, {"aweme": {"aweme_id": "6851028088940154119", "aweme_title": "旅游的时候无意中拍到的😂😂#抖音小助手 #我要上大热门 #创意 #风景", "aweme_url": "https://www.iesdouyin.com/share/video/6851028088940154119/?region=CN&mid=6816078711180380932&u_code=0&titleType=title", "download_url": "https://www.chanmama.com/awemeDetail/6851028088940154119", "digg_count": 2160, "digg_incr": 1939, "aweme_create_time": 1595129283, "category": 15, "volume": 1, "amount": 9.9}, "author": {"author_id": "63331444436", "nickname": "诗诗【免费教特效】", "follower_count": 302741}}, {"aweme": {"aweme_id": "6850909005896895748", "aweme_title": "#博君一肖bjyx #陈情令 完整版在🐧群:475491423", "aweme_url": "https://www.iesdouyin.com/share/video/6850909005896895748/?region=CN&mid=6850909405978954504&u_code=0&titleType=title", "download_url": "https://www.chanmama.com/awemeDetail/6850909005896895748", "digg_count": 2208, "digg_incr": 1938, "aweme_create_time": 1595101721, "category": 15, "volume": 0, "amount": 0}, "author": {"author_id": "109954592516", "nickname": "黄鼠狼给鸡拜年", "follower_count": 80040}}, {"aweme": {"aweme_id": "6851000425584266509", "aweme_title": "@书法堂-简军海书法发了一个抖音短视频，你尽管点开，不好看算我输！", "aweme_url": "https://www.iesdouyin.com/share/video/6851000425584266509/?region=CN&mid=6759173681475717901&u_code=0&titleType=", "download_url": "https://www.chanmama.com/awemeDetail/6851000425584266509", "digg_count": 4397, "digg_incr": 1902, "aweme_create_time": 1595122843, "category": 15, "volume": 1, "amount": 28}, "author": {"author_id": "111048113038", "nickname": "书法堂-简军海书法", "follower_count": 182341}}, {"aweme": {"aweme_id": "6851128589417516301", "aweme_title": "这样的少女李清照你爱了吗#诗词 #李清照", "aweme_url": "https://www.iesdouyin.com/share/video/6851128589417516301/?region=CN&mid=6851128599353838349&u_code=0&titleType=title", "download_url": "https://www.chanmama.com/awemeDetail/6851128589417516301", "digg_count": 6804, "digg_incr": 1899, "aweme_create_time": 1595152683, "category": 15, "volume": 1, "amount": 45}, "author": {"author_id": "575766611638040", "nickname": "诗词Vae", "follower_count": 143953}}, {"aweme": {"aweme_id": "6851036193535118607", "aweme_title": "请求加好友💐💐💐", "aweme_url": "https://www.iesdouyin.com/share/video/6851036193535118607/?region=CN&mid=6784196841387985671&u_code=0&titleType=title", "download_url": "https://www.chanmama.com/awemeDetail/6851036193535118607", "digg_count": 2160, "digg_incr": 1892, "aweme_create_time": 1595131170, "category": 15, "volume": 0, "amount": 0}, "author": {"author_id": "93883042562", "nickname": "🌿70年妈妈🐶🌿每天晚上9点半开播", "follower_count": 298893}}, {"aweme": {"aweme_id": "6851084227048377607", "aweme_title": "简单的说养你，可能随时会抛弃你。贺函手把手教罗子君立世本领 #贺函  #坚持学习", "aweme_url": "https://www.iesdouyin.com/share/video/6851084227048377607/?region=CN&mid=6851084355792669453&u_code=0&titleType=title", "download_url": "https://www.chanmama.com/awemeDetail/6851084227048377607", "digg_count": 2855, "digg_incr": 1780, "aweme_create_time": 1595153400, "category": 15, "volume": 2, "amount": 59.6}, "author": {"author_id": "3918294432617732", "nickname": "思维社交", "follower_count": 805367}}, {"aweme": {"aweme_id": "6851014441178254599", "aweme_title": "衣服留给你我走了", "aweme_url": "https://www.iesdouyin.com/share/video/6851014441178254599/?region=CN&mid=6851014446778698509&u_code=0&titleType=title", "download_url": "https://www.chanmama.com/awemeDetail/6851014441178254599", "digg_count": 2282, "digg_incr": 1761, "aweme_create_time": 1595126105, "category": 15, "volume": 8, "amount": 392}, "author": {"author_id": "3368525329608941", "nickname": "百草归真", "follower_count": 360268}}, {"aweme": {"aweme_id": "6851045174831893768", "aweme_title": "商业就是要贪财 #廖子说 #陈昌文方法", "aweme_url": "https://www.iesdouyin.com/share/video/6851045174831893768/?region=CN&mid=6851045523097717511&u_code=0&titleType=title", "download_url": "https://www.chanmama.com/awemeDetail/6851045174831893768", "digg_count": 3373, "digg_incr": 1709, "aweme_create_time": 1595133340, "category": 15, "volume": 0, "amount": 0}, "author": {"author_id": "98018269875", "nickname": "廖子（技能冷却中，过两天直播）", "follower_count": 792333}}, {"aweme": {"aweme_id": "6850880728184409352", "aweme_title": "你还知道哪些吹牛的自恋诗？古代有很多诗人都自恋，但这么正经的说自己招女孩子喜爱的很罕见😂#自恋 #惊艳诗词", "aweme_url": "https://www.iesdouyin.com/share/video/6850880728184409352/?region=CN&mid=6850880659272403725&u_code=0&titleType=title", "download_url": "https://www.chanmama.com/awemeDetail/6850880728184409352", "digg_count": 24157, "digg_incr": 1684, "aweme_create_time": 1595094994, "category": 15, "volume": 5, "amount": 495}, "author": {"author_id": "3232203127664984", "nickname": "惊艳古文", "follower_count": 232346}}, {"aweme": {"aweme_id": "6850982361056824588", "aweme_title": "#肖战   甚思君，愿君平安喜乐，早日归来。 @肖战", "aweme_url": "https://www.iesdouyin.com/share/video/6850982361056824588/?region=CN&mid=6847048729028397837&u_code=0&titleType=title", "download_url": "https://www.chanmama.com/awemeDetail/6850982361056824588", "digg_count": 2414, "digg_incr": 1677, "aweme_create_time": 1595118651, "category": 15, "volume": 1, "amount": 38}, "author": {"author_id": "95677246939", "nickname": "肖战1005", "follower_count": 106000}}, {"aweme": {"aweme_id": "6851012749749800199", "aweme_title": "上胸缺了一块怎么填？#瘦子 #增重 #健身运动 #铁血魔兽", "aweme_url": "https://www.iesdouyin.com/share/video/6851012749749800199/?region=CN&mid=6851012747946248967&u_code=0&titleType=title", "download_url": "https://www.chanmama.com/awemeDetail/6851012749749800199", "digg_count": 4153, "digg_incr": 1670, "aweme_create_time": 1595125712, "category": 15, "volume": 9, "amount": 179.1}, "author": {"author_id": "88445357303", "nickname": "爱健身的魔兽", "follower_count": 483056}}, {"aweme": {"aweme_id": "6851126667692215560", "aweme_title": "零基础卡点舞蹈，快来解锁🔓#零基础爵士舞", "aweme_url": "https://www.iesdouyin.com/share/video/6851126667692215560/?region=CN&mid=6851126668988631822&u_code=0&titleType=title", "download_url": "https://www.chanmama.com/awemeDetail/6851126667692215560", "digg_count": 2233, "digg_incr": 1636, "aweme_create_time": 1595152235, "category": 15, "volume": 0, "amount": 0}, "author": {"author_id": "65309490536", "nickname": "黄冈0713", "follower_count": 622112}}, {"aweme": {"aweme_id": "6850975651256716557", "aweme_title": "一位学霸妈妈的教育方法！#孩子教育 #育儿教育", "aweme_url": "https://www.iesdouyin.com/share/video/6850975651256716557/?region=CN&mid=6832839179609656072&u_code=0&titleType=title", "download_url": "https://www.chanmama.com/awemeDetail/6850975651256716557", "digg_count": 3317, "digg_incr": 1553, "aweme_create_time": 1595117077, "category": 15, "volume": 0, "amount": 0}, "author": {"author_id": "3082683713589864", "nickname": "小七育儿谈", "follower_count": 647957}}, {"aweme": {"aweme_id": "6851002755499248908", "aweme_title": "#你今天跟喜欢的人说话了吗    其实，但凡#郭麒麟 有一点私心，#德云社 谁也火不了…", "aweme_url": "https://www.iesdouyin.com/share/video/6851002755499248908/?region=CN&mid=6851002787155888904&u_code=0&titleType=title", "download_url": "https://www.chanmama.com/awemeDetail/6851002755499248908", "digg_count": 2994, "digg_incr": 1552, "aweme_create_time": 1595123392, "category": 15, "volume": 0, "amount": 0}, "author": {"author_id": "63173293999", "nickname": "德云剧社", "follower_count": 296408}}, {"aweme": {"aweme_id": "6851131811960016135", "aweme_title": "连续监考两天，还有明天半天，最近监考，会考，期末考，太累了，身心疲惫，我要准备闭关疗伤，还有毕业班等着我！", "aweme_url": "https://www.iesdouyin.com/share/video/6851131811960016135/?region=CN&mid=6846869633929464589&u_code=0&titleType=title", "download_url": "https://www.chanmama.com/awemeDetail/6851131811960016135", "digg_count": 3708, "digg_incr": 1546, "aweme_create_time": 1595153433, "category": 15, "volume": 0, "amount": 0}, "author": {"author_id": "100372158133", "nickname": "教数学的班主任", "follower_count": 254110}}, {"aweme": {"aweme_id": "6851071446127496451", "aweme_title": "中西医的区别有什么不同？#易经 #易经文化 #中华文化 #文字视频 #哲理 @抖音小助手 @企业号小助手", "aweme_url": "https://www.iesdouyin.com/share/video/6851071446127496451/?region=CN&mid=6851071488649808653&u_code=0&titleType=title", "download_url": "https://www.chanmama.com/awemeDetail/6851071446127496451", "digg_count": 2767, "digg_incr": 1538, "aweme_create_time": 1595139385, "category": 15, "volume": 0, "amount": 0}, "author": {"author_id": "101849997176", "nickname": "神州丰瑞", "follower_count": 777471}}, {"aweme": {"aweme_id": "6851019664739323139", "aweme_title": "从出租屋走出来的高考状元，因穷从不上任何辅导班，高考却以668的高分考入北大👍#高考加油站 #寒门贵子", "aweme_url": "https://www.iesdouyin.com/share/video/6851019664739323139/?region=CN&mid=6795309113057348366&u_code=0&titleType=title", "download_url": "https://www.chanmama.com/awemeDetail/6851019664739323139", "digg_count": 1525, "digg_incr": 1507, "aweme_create_time": 1595127329, "category": 15, "volume": 3, "amount": 264}, "author": {"author_id": "4037058584398183", "nickname": "成长·说", "follower_count": 51553}}, {"aweme": {"aweme_id": "6850850775275506957", "aweme_title": "好口才是练出来的！如果你不善表达，经常得罪人，看完这一本书，让你各种场合得心应手@DOU+小助手", "aweme_url": "https://www.iesdouyin.com/share/video/6850850775275506957/?region=CN&mid=6850850776936827662&u_code=0&titleType=title", "download_url": "https://www.chanmama.com/awemeDetail/6850850775275506957", "digg_count": 1533, "digg_incr": 1454, "aweme_create_time": 1595091340, "category": 15, "volume": 22, "amount": 858}, "author": {"author_id": "3966656219192711", "nickname": "杭州樊登文化传播", "follower_count": 160961}}, {"aweme": {"aweme_id": "6850976197338352896", "aweme_title": "要怎么做才能让自家孩子像#黄多多 一样优秀呢？#黄磊 教育孩子的方式非常值得我们学习#育儿 #正面管教 #人生", "aweme_url": "https://www.iesdouyin.com/share/video/6850976197338352896/?region=CN&mid=6527938760775371528&u_code=0&titleType=title", "download_url": "https://www.chanmama.com/awemeDetail/6850976197338352896", "digg_count": 12038, "digg_incr": 1440, "aweme_create_time": 1595117204, "category": 15, "volume": 0, "amount": 0}, "author": {"author_id": "83175450609827", "nickname": "智慧女性", "follower_count": 465247}}, {"aweme": {"aweme_id": "6851019132595358983", "aweme_title": "小学数学必考题，植树题你会做吗？#数学 #学浪计划 @DOU+小助手", "aweme_url": "https://www.iesdouyin.com/share/video/6851019132595358983/?region=CN&mid=6851019137353321229&u_code=0&titleType=title", "download_url": "https://www.chanmama.com/awemeDetail/6851019132595358983", "digg_count": 1435, "digg_incr": 1398, "aweme_create_time": 1595127198, "category": 15, "volume": 0, "amount": 0}, "author": {"author_id": "1151939295578447", "nickname": "余弦数学思维", "follower_count": 42569}}, {"aweme": {"aweme_id": "6850959085072944387", "aweme_title": "曾国藩留给后世的四条人生忠告#曾国藩 #曾国藩处世哲学 #曾国藩家训 #国学 #国学智慧 #国学经典", "aweme_url": "https://www.iesdouyin.com/share/video/6850959085072944387/?region=CN&mid=6850959107009121037&u_code=0&titleType=title", "download_url": "https://www.chanmama.com/awemeDetail/6850959085072944387", "digg_count": 2020, "digg_incr": 1369, "aweme_create_time": 1595113243, "category": 15, "volume": 0, "amount": 0}, "author": {"author_id": "2167870143077752", "nickname": "走进国学", "follower_count": 482279}}, {"aweme": {"aweme_id": "6851037947144277256", "aweme_title": "浙商的经商三字经。", "aweme_url": "https://www.iesdouyin.com/share/video/6851037947144277256/?region=CN&mid=6851037942748695309&u_code=0&titleType=title", "download_url": "https://www.chanmama.com/awemeDetail/6851037947144277256", "digg_count": 1825, "digg_incr": 1366, "aweme_create_time": 1595131578, "category": 15, "volume": 1, "amount": 49}, "author": {"author_id": "95869048451", "nickname": "大猫", "follower_count": 920331}}, {"aweme": {"aweme_id": "6850959180153507087", "aweme_title": "做人，择善而行，人若欠你，天必还你！你尽管善良，福报都在来的路上#修心 #修行 #为人处世之道", "aweme_url": "https://www.iesdouyin.com/share/video/6850959180153507087/?region=CN&mid=6850959115066379022&u_code=0&titleType=title", "download_url": "https://www.chanmama.com/awemeDetail/6850959180153507087", "digg_count": 1614, "digg_incr": 1317, "aweme_create_time": 1595113244, "category": 15, "volume": 5, "amount": 340}, "author": {"author_id": "3949085349919759", "nickname": "《国学智慧》", "follower_count": 219709}}, {"aweme": {"aweme_id": "6851108719355350279", "aweme_title": "他用行动诠释了什么是“寒门贵子，孝感天地”", "aweme_url": "https://www.iesdouyin.com/share/video/6851108719355350279/?region=CN&mid=6667410612412336903&u_code=0&titleType=title", "download_url": "https://www.chanmama.com/awemeDetail/6851108719355350279", "digg_count": 1743, "digg_incr": 1305, "aweme_create_time": 1595148057, "category": 15, "volume": 1, "amount": 88}, "author": {"author_id": "3509270093773779", "nickname": "成长•蜕变", "follower_count": 244567}}, {"aweme": {"aweme_id": "6851079698982751488", "aweme_title": "#一口解锁暑假快落 #玛莎拉蒂锋芒玩家 #感谢抖音感谢抖音平台 @DOU+小助手", "aweme_url": "https://www.iesdouyin.com/share/video/6851079698982751488/?region=CN&mid=6637375767279831821&u_code=3g7mbkclj1kf&titleType=title", "download_url": "https://www.chanmama.com/awemeDetail/6851079698982751488", "digg_count": 2834, "digg_incr": 1298, "aweme_create_time": 1595141300, "category": 15, "volume": 226, "amount": 9012.880000000001}, "author": {"author_id": "93662981630", "nickname": "雨丹夫妇(服装带货)", "follower_count": 97393}}, {"aweme": {"aweme_id": "6850990532571729152", "aweme_title": "@抖音小助手", "aweme_url": "https://www.iesdouyin.com/share/video/6850990532571729152/?region=CN&mid=6850990525550430984&u_code=0&titleType=title", "download_url": "https://www.chanmama.com/awemeDetail/6850990532571729152", "digg_count": 1279, "digg_incr": 1279, "aweme_create_time": 1595120540, "category": 15, "volume": 7, "amount": 252}, "author": {"author_id": "108003451092", "nickname": "励志正能量奋斗R生", "follower_count": 372241}}, {"aweme": {"aweme_id": "6851116293697850636", "aweme_title": "#aka硬压王 瓶子一拧 瓶盖一崩 一声巨响 好像接生。( 还有请注意我从头到尾给你们画的倒腔刺)", "aweme_url": "https://www.iesdouyin.com/share/video/6851116293697850636/?region=CN&mid=6851116338157456135&u_code=0&titleType=title", "download_url": "https://www.chanmama.com/awemeDetail/6851116293697850636", "digg_count": 2409, "digg_incr": 1259, "aweme_create_time": 1595149827, "category": 15, "volume": 3, "amount": 133.5}, "author": {"author_id": "58483737371", "nickname": "谁是林莲稚", "follower_count": 258677}}, {"aweme": {"aweme_id": "6851021909446888712", "aweme_title": "你想到了什么？#数学", "aweme_url": "https://www.iesdouyin.com/share/video/6851021909446888712/?region=CN&mid=6851022000857582349&u_code=0&titleType=title", "download_url": "https://www.chanmama.com/awemeDetail/6851021909446888712", "digg_count": 3034, "digg_incr": 1249, "aweme_create_time": 1595135108, "category": 15, "volume": 0, "amount": 0}, "author": {"author_id": "103629350369", "nickname": "17赫兹_数学", "follower_count": 696461}}, {"aweme": {"aweme_id": "6851106735667563776", "aweme_title": "正在直播的复读鸭￼￼", "aweme_url": "https://www.iesdouyin.com/share/video/6851106735667563776/?region=CN&mid=6851106728547355405&u_code=e9jhgfcidha&titleType=title", "download_url": "https://www.chanmama.com/awemeDetail/6851106735667563776", "digg_count": 97221, "digg_incr": 1202, "aweme_create_time": 1595147594, "category": 15, "volume": 1, "amount": 36.8}, "author": {"author_id": "100406677421", "nickname": "奇葩买家秀 原追风少年", "follower_count": 351562}}, {"aweme": {"aweme_id": "6851103085104844045", "aweme_title": "父母是孩子的第一大福田#孝在当下#孝顺父母 #人生悟语 #学浪计划 #读书 @DOU+小助手", "aweme_url": "https://www.iesdouyin.com/share/video/6851103085104844045/?region=CN&mid=6851103101433481998&u_code=0&titleType=title", "download_url": "https://www.chanmama.com/awemeDetail/6851103085104844045", "digg_count": 1390, "digg_incr": 1201, "aweme_create_time": 1595146745, "category": 15, "volume": 0, "amount": 0}, "author": {"author_id": "2119471108995623", "nickname": "人生悟语", "follower_count": 190170}}, {"aweme": {"aweme_id": "6850968257625656580", "aweme_title": "#幼儿园大班 #自律 没有天生的优秀，只是多一份努力和坚持！暑假第八天坚持#晨读 #717奇妙好物在这里", "aweme_url": "https://www.iesdouyin.com/share/video/6850968257625656580/?region=CN&mid=6762843371426810631&u_code=2aaief76l9i5&titleType=title", "download_url": "https://www.chanmama.com/awemeDetail/6850968257625656580", "digg_count": 1243, "digg_incr": 1200, "aweme_create_time": 1595115371, "category": 15, "volume": 21, "amount": 625.8000000000001}, "author": {"author_id": "3038687264259564", "nickname": "家有悠浩", "follower_count": 572003}}, {"aweme": {"aweme_id": "6851003961063902472", "aweme_title": "十篇看图写话！快点赞保存吧！每天上午十点看图写话直播哦！", "aweme_url": "https://www.iesdouyin.com/share/video/6851003961063902472/?region=CN&mid=6851003961630427917&u_code=0&titleType=title", "download_url": "https://www.chanmama.com/awemeDetail/6851003961063902472", "digg_count": 2636, "digg_incr": 1200, "aweme_create_time": 1595123666, "category": 15, "volume": 0, "amount": 0}, "author": {"author_id": "95274791831", "nickname": "一年级的小美老师", "follower_count": 310043}}, {"aweme": {"aweme_id": "6851024525199412494", "aweme_title": "姐妹，把钱留着去买奶茶喝😘#绘本 #玩具 #母婴 #搞笑 #短剧来了 #神回路反转 #砍价", "aweme_url": "https://www.iesdouyin.com/share/video/6851024525199412494/?region=CN&mid=6851024515120958215&u_code=0&titleType=title", "download_url": "https://www.chanmama.com/awemeDetail/6851024525199412494", "digg_count": 1242, "digg_incr": 1193, "aweme_create_time": 1595128453, "category": 15, "volume": 8, "amount": 198.4}, "author": {"author_id": "817647475833555", "nickname": "乐乐儿童绘本12点直播", "follower_count": 129317}}, {"aweme": {"aweme_id": "6851146151438093582", "aweme_title": "成功往往不单单靠能力，而是你对人对物的 #思维  #格局  #职场", "aweme_url": "https://www.iesdouyin.com/share/video/6851146151438093582/?region=CN&mid=6851146285393201934&u_code=0&titleType=title", "download_url": "https://www.chanmama.com/awemeDetail/6851146151438093582", "digg_count": 3271, "digg_incr": 1188, "aweme_create_time": 1595156789, "category": 15, "volume": 2, "amount": 96}, "author": {"author_id": "1134308278679655", "nickname": "逆转思维", "follower_count": 643148}}, {"aweme": {"aweme_id": "6851054307672902926", "aweme_title": "学英语的黄金时间和方法你知道吗？大脑和肢体一样，多用则灵不用则废，学习更多是坚持，考验家长的坚持#英语学习", "aweme_url": "https://www.iesdouyin.com/share/video/6851054307672902926/?region=CN&mid=6582354188326406920&u_code=166g7lj433gg&titleType=title", "download_url": "https://www.chanmama.com/awemeDetail/6851054307672902926", "digg_count": 1126, "digg_incr": 1187, "aweme_create_time": 1595135388, "category": 15, "volume": 1, "amount": 87}, "author": {"author_id": "3245357020746621", "nickname": "Vikin英语生活", "follower_count": 1051}}, {"aweme": {"aweme_id": "6851047700482280719", "aweme_title": "#谈恋爱 恋爱过程中必须要知道的细节——恋爱技巧（12）。", "aweme_url": "https://www.iesdouyin.com/share/video/6851047700482280719/?region=CN&mid=6851047714558659335&u_code=1i448l8hm246&titleType=title", "download_url": "https://www.chanmama.com/awemeDetail/6851047700482280719", "digg_count": 1185, "digg_incr": 1185, "aweme_create_time": 1595133849, "category": 15, "volume": 4, "amount": 232}, "author": {"author_id": "34772727103887", "nickname": "FD. 星空文艺知识学堂", "follower_count": 85579}}, {"aweme": {"aweme_id": "6851100762144034062", "aweme_title": "#风水#神童 #何宝生 靠着触机找到出口，大师却反过来要害他！孙大妈怀中孩子出生天地异动！", "aweme_url": "https://www.iesdouyin.com/share/video/6851100762144034062/?region=CN&mid=6851100816007711502&u_code=0&titleType=title", "download_url": "https://www.chanmama.com/awemeDetail/6851100762144034062", "digg_count": 1746, "digg_incr": 1174, "aweme_create_time": 1595146204, "category": 15, "volume": 0, "amount": 0}, "author": {"author_id": "109605455155", "nickname": "影视苏哈哈", "follower_count": 178165}}, {"aweme": {"aweme_id": "6851034128817736975", "aweme_title": "不能做纯好人，人善被人欺。不能做纯坏人，失道寡助。让人顾及你的坏，感受你的善，这才叫地位！#厚黑学", "aweme_url": "https://www.iesdouyin.com/share/video/6851034128817736975/?region=CN&mid=6851034123398613774&u_code=2mi182b4dhg4&titleType=title", "download_url": "https://www.chanmama.com/awemeDetail/6851034128817736975", "digg_count": 3089, "digg_incr": 1171, "aweme_create_time": 1595130690, "category": 15, "volume": 1, "amount": 39}, "author": {"author_id": "4157463876", "nickname": "天道叔", "follower_count": 43258}}, {"aweme": {"aweme_id": "6851122092402806029", "aweme_title": "#富人思维 #穷人运气只占很小的一部分，而影响最大的是人的思维 #思路决定出路", "aweme_url": "https://www.iesdouyin.com/share/video/6851122092402806029/?region=CN&mid=6851122216493828878&u_code=0&titleType=title", "download_url": "https://www.chanmama.com/awemeDetail/6851122092402806029", "digg_count": 2312, "digg_incr": 1111, "aweme_create_time": 1595151189, "category": 15, "volume": 0, "amount": 0}, "author": {"author_id": "659325811166600", "nickname": "慧心慧语", "follower_count": 305705}}, {"aweme": {"aweme_id": "6851068947450678535", "aweme_title": "难过的时候，去哪里天空都挂着泪水。—《从你的全世界路过》#文字", "aweme_url": "https://www.iesdouyin.com/share/video/6851068947450678535/?region=CN&mid=6851068940647877389&u_code=0&titleType=title", "download_url": "https://www.chanmama.com/awemeDetail/6851068947450678535", "digg_count": 1519, "digg_incr": 1099, "aweme_create_time": 1595138797, "category": 15, "volume": 0, "amount": 0}, "author": {"author_id": "2559269230876984", "nickname": "心句", "follower_count": 232761}}, {"aweme": {"aweme_id": "6851171162500762880", "aweme_title": "越喜欢把丑话说在前头的人，越值得信任。那些经常拍胸脯说保证的人，千万不能信。#心理学 #成长充电站", "aweme_url": "https://www.iesdouyin.com/share/video/6851171162500762880/?region=CN&mid=6851171164216183560&u_code=0&titleType=title", "download_url": "https://www.chanmama.com/awemeDetail/6851171162500762880", "digg_count": 2315, "digg_incr": 1086, "aweme_create_time": 1595162594, "category": 15, "volume": 2, "amount": 72}, "author": {"author_id": "92535133452", "nickname": "智慧私塾", "follower_count": 942410}}, {"aweme": {"aweme_id": "6850952984285744399", "aweme_title": "每天早晚练习30分钟可以让你在任何时间和任何人说话都可以手舞足蹈、眉飞色舞、声情并茂，#悄悄话 今天你练了吗？", "aweme_url": "https://www.iesdouyin.com/share/video/6850952984285744399/?region=CN&mid=6850952900697508616&u_code=0&titleType=title", "download_url": "https://www.chanmama.com/awemeDetail/6850952984285744399", "digg_count": 1380, "digg_incr": 1078, "aweme_create_time": 1595111805, "category": 15, "volume": 3, "amount": 114}, "author": {"author_id": "110580708896", "nickname": "悄悄话基地", "follower_count": 143850}}, {"aweme": {"aweme_id": "6851130308457270528", "aweme_title": "识植物，用植物，牛蒡五行汤，你也可以喝起来。#植物让生活更美好 #夏老师百草学堂", "aweme_url": "https://www.iesdouyin.com/share/video/6851130308457270528/?region=CN&mid=6687423959735995149&u_code=0&titleType=title", "download_url": "https://www.chanmama.com/awemeDetail/6851130308457270528", "digg_count": 1721, "digg_incr": 1077, "aweme_create_time": 1595153083, "category": 15, "volume": 0, "amount": 0}, "author": {"author_id": "103212982669", "nickname": "照初（夏老师植物护肤课堂）", "follower_count": 310688}}, {"aweme": {"aweme_id": "6851130293605256460", "aweme_title": "一个女人最好的状态，就是活成自己喜欢的模样，改变不了别人就改变自己，#致自己 #女性 #成长", "aweme_url": "https://www.iesdouyin.com/share/video/6851130293605256460/?region=CN&mid=6851130324538247944&u_code=0&titleType=title", "download_url": "https://www.chanmama.com/awemeDetail/6851130293605256460", "digg_count": 2736, "digg_incr": 1064, "aweme_create_time": 1595153086, "category": 15, "volume": 3, "amount": 114}, "author": {"author_id": "3597237957692740", "nickname": "智慧人生", "follower_count": 230868}}, {"aweme": {"aweme_id": "6850940929818332429", "aweme_title": "神奇的管理智慧｜第65集，你还不知道财富的规律吗？#成长充电站 @DOU+小助手 @抖音小助手", "aweme_url": "https://www.iesdouyin.com/share/video/6850940929818332429/?region=CN&mid=6850940831042521870&u_code=0&titleType=title", "download_url": "https://www.chanmama.com/awemeDetail/6850940929818332429", "digg_count": 1233, "digg_incr": 1048, "aweme_create_time": 1595109009, "category": 15, "volume": 0, "amount": 0}, "author": {"author_id": "63529704898", "nickname": "思想摆渡人", "follower_count": 60133}}, {"aweme": {"aweme_id": "6851008518397431055", "aweme_title": "文凭也许并不重要，知识绝对非常重要，有知识不一定成功，但取得大成功的人一定有知识！加油💪#三年级", "aweme_url": "https://www.iesdouyin.com/share/video/6851008518397431055/?region=CN&mid=6841153978357631751&u_code=0&titleType=title", "download_url": "https://www.chanmama.com/awemeDetail/6851008518397431055", "digg_count": 1112, "digg_incr": 1043, "aweme_create_time": 1595124727, "category": 15, "volume": 4, "amount": 159.2}, "author": {"author_id": "95245699856", "nickname": "嘉辉嘉耀（爱学习_男孩）", "follower_count": 183551}}, {"aweme": {"aweme_id": "6851021481560788224", "aweme_title": "该如何面对客户的反驳#717奇妙好物在这里", "aweme_url": "https://www.iesdouyin.com/share/video/6851021481560788224/?region=CN&mid=6851021502523919117&u_code=0&titleType=title", "download_url": "https://www.chanmama.com/awemeDetail/6851021481560788224", "digg_count": 2092, "digg_incr": 1042, "aweme_create_time": 1595127745, "category": 15, "volume": 1, "amount": 36.8}, "author": {"author_id": "1996347286490286", "nickname": "别叫燕老师（直播：早11点 晚上看心情）", "follower_count": 139580}}, {"aweme": {"aweme_id": "6851028696086613259", "aweme_title": "2步4个字，快速提升技能和竞争力。#dou出新知 #涨知识 #商业 #企业 #营销 #领导力 #认知 #干货", "aweme_url": "https://www.iesdouyin.com/share/video/6851028696086613259/?region=CN&mid=6605751928464870158&u_code=0&titleType=title", "download_url": "https://www.chanmama.com/awemeDetail/6851028696086613259", "digg_count": 1171, "digg_incr": 1033, "aweme_create_time": 1595129430, "category": 15, "volume": 0, "amount": 0}, "author": {"author_id": "2418535083025076", "nickname": "花火混沌商业峰会", "follower_count": 78055}}, {"aweme": {"aweme_id": "6851028692441795843", "aweme_title": "一位“漂亮宝妈”的分享:你是这样教孩子阅读的不？#阅读", "aweme_url": "https://www.iesdouyin.com/share/video/6851028692441795843/?region=CN&mid=6851028721558702862&u_code=0&titleType=title", "download_url": "https://www.chanmama.com/awemeDetail/6851028692441795843", "digg_count": 2998, "digg_incr": 1021, "aweme_create_time": 1595129430, "category": 15, "volume": 1, "amount": 199}, "author": {"author_id": "103716464458", "nickname": "工爸育儿", "follower_count": 348124}}, {"aweme": {"aweme_id": "6850965139286543624", "aweme_title": "曾国藩的智慧#曾国藩 #智慧 #抖音小助手", "aweme_url": "https://www.iesdouyin.com/share/video/6850965139286543624/?region=CN&mid=6737478729708079886&u_code=0&titleType=title", "download_url": "https://www.chanmama.com/awemeDetail/6850965139286543624", "digg_count": 1497, "digg_incr": 1014, "aweme_create_time": 1595114632, "category": 15, "volume": 0, "amount": 0}, "author": {"author_id": "105149050066", "nickname": "张生读书", "follower_count": 958127}}, {"aweme": {"aweme_id": "6850952438950808832", "aweme_title": "细节里的温柔，有心者不用教，无心者教不会#温柔", "aweme_url": "https://www.iesdouyin.com/share/video/6850952438950808832/?region=CN&mid=6815159690083797763&u_code=0&titleType=title", "download_url": "https://www.chanmama.com/awemeDetail/6850952438950808832", "digg_count": 2338, "digg_incr": 1010, "aweme_create_time": 1595111679, "category": 15, "volume": 0, "amount": 0}, "author": {"author_id": "101258806166", "nickname": "情感自律书屋✍️", "follower_count": 213195}}, {"aweme": {"aweme_id": "6851081220164422924", "aweme_title": "最孤独的时光，会塑造最坚强的自己。#修行人 @抖音小助手 @DOU+小助手", "aweme_url": "https://www.iesdouyin.com/share/video/6851081220164422924/?region=CN&mid=6829949864999242504&u_code=0&titleType=title", "download_url": "https://www.chanmama.com/awemeDetail/6851081220164422924", "digg_count": 1853, "digg_incr": 1009, "aweme_create_time": 1595141660, "category": 15, "volume": 0, "amount": 0}, "author": {"author_id": "104709187468", "nickname": "释智广", "follower_count": 79558}}, {"aweme": {"aweme_id": "6851079210556034318", "aweme_title": "你要是想我了，就联系我吧。我们之间没有面子，我最狼狈最落魄的样子你都有见过#董卿#扎心情感#穿越时空只想见你", "aweme_url": "https://www.iesdouyin.com/share/video/6851079210556034318/?region=CN&mid=6815858942137076483&u_code=3g7mbkclj1kf&titleType=title", "download_url": "https://www.chanmama.com/awemeDetail/6851079210556034318", "digg_count": 6905, "digg_incr": 1008, "aweme_create_time": 1595141186, "category": 15, "volume": 0, "amount": 0}, "author": {"author_id": "59199368145", "nickname": "知心", "follower_count": 126722}}, {"aweme": {"aweme_id": "6851099832694623499", "aweme_title": "英语自然拼读入门，我的新风格你爱了吗？#学浪计划 #英语黑魔法", "aweme_url": "https://www.iesdouyin.com/share/video/6851099832694623499/?region=CN&mid=6851099851984309005&u_code=0&titleType=title", "download_url": "https://www.chanmama.com/awemeDetail/6851099832694623499", "digg_count": 1718, "digg_incr": 999, "aweme_create_time": 1595145995, "category": 15, "volume": 0, "amount": 0}, "author": {"author_id": "97256870898", "nickname": "艾伦英语部落", "follower_count": 272921}}, {"aweme": {"aweme_id": "6851020044147625231", "aweme_title": "@天津德才职场训练营发了一个抖音短视频，你尽管点开，不好看算我输！", "aweme_url": "https://www.iesdouyin.com/share/video/6851020044147625231/?region=CN&mid=6851020052032981767&u_code=0&titleType=", "download_url": "https://www.chanmama.com/awemeDetail/6851020044147625231", "digg_count": 2974, "digg_incr": 996, "aweme_create_time": 1595127410, "category": 15, "volume": 0, "amount": 0}, "author": {"author_id": "69437257329", "nickname": "天津德才职场训练营", "follower_count": 208980}}, {"aweme": {"aweme_id": "6851036388951936268", "aweme_title": "全球统一结算货币英镑美元之后必将是人民币#货币@抖音小助手 #美元 #人民币", "aweme_url": "https://www.iesdouyin.com/share/video/6851036388951936268/?region=CN&mid=6851036426617096968&u_code=0&titleType=title", "download_url": "https://www.chanmama.com/awemeDetail/6851036388951936268", "digg_count": 1282, "digg_incr": 966, "aweme_create_time": 1595131222, "category": 15, "volume": 4, "amount": 303}, "author": {"author_id": "3478489784131790", "nickname": "正经谈钱", "follower_count": 152254}}, {"aweme": {"aweme_id": "6851023984805301504", "aweme_title": "#肖战工作室致歉声明 你们愿意陪战到老吗？#肖战 #肖战的小飞侠", "aweme_url": "https://www.iesdouyin.com/share/video/6851023984805301504/?region=CN&mid=6851023994808699661&u_code=0&titleType=title", "download_url": "https://www.chanmama.com/awemeDetail/6851023984805301504", "digg_count": 1010, "digg_incr": 955, "aweme_create_time": 1595128327, "category": 15, "volume": 0, "amount": 0}, "author": {"author_id": "1068370957440980", "nickname": "肖战的小飞侠", "follower_count": 20416}}, {"aweme": {"aweme_id": "6851040578445085960", "aweme_title": "看透红尘，活得明白", "aweme_url": "https://www.iesdouyin.com/share/video/6851040578445085960/?region=CN&mid=6815517932123064322&u_code=0&titleType=title", "download_url": "https://www.chanmama.com/awemeDetail/6851040578445085960", "digg_count": 1628, "digg_incr": 949, "aweme_create_time": 1595132191, "category": 15, "volume": 1, "amount": 35.8}, "author": {"author_id": "96613624921", "nickname": "书单精选", "follower_count": 283333}}, {"aweme": {"aweme_id": "6850959387943619840", "aweme_title": "红背叶和白背叶的区别#dou出新知", "aweme_url": "https://www.iesdouyin.com/share/video/6850959387943619840/?region=CN&mid=6850959338116926222&u_code=0&titleType=title", "download_url": "https://www.chanmama.com/awemeDetail/6850959387943619840", "digg_count": 1275, "digg_incr": 940, "aweme_create_time": 1595113293, "category": 15, "volume": 0, "amount": 0}, "author": {"author_id": "2440518577962195", "nickname": "生态农人张运东", "follower_count": 726078}}, {"aweme": {"aweme_id": "6851069310215982344", "aweme_title": "为天使而来", "aweme_url": "https://www.iesdouyin.com/share/video/6851069310215982344/?region=CN&mid=6851069362539924232&u_code=0&titleType=title", "download_url": "https://www.chanmama.com/awemeDetail/6851069310215982344", "digg_count": 1347, "digg_incr": 939, "aweme_create_time": 1595138881, "category": 15, "volume": 0, "amount": 0}, "author": {"author_id": "59311127587", "nickname": "争先生", "follower_count": 733496}}, {"aweme": {"aweme_id": "6851013552468135172", "aweme_title": "学废了没、学废了双击关注吧#汽修人 #汽修", "aweme_url": "https://www.iesdouyin.com/share/video/6851013552468135172/?region=CN&mid=6851013646932396813&u_code=0&titleType=title", "download_url": "https://www.chanmama.com/awemeDetail/6851013552468135172", "digg_count": 1291, "digg_incr": 931, "aweme_create_time": 1595125906, "category": 15, "volume": 2, "amount": 240}, "author": {"author_id": "2326204438550845", "nickname": "重卡维修宝哥", "follower_count": 16990}}, {"aweme": {"aweme_id": "6851033181253061902", "aweme_title": "小故事大智慧。#格局思维 #抖音小助手", "aweme_url": "https://www.iesdouyin.com/share/video/6851033181253061902/?region=CN&mid=6851033217017875213&u_code=0&titleType=title", "download_url": "https://www.chanmama.com/awemeDetail/6851033181253061902", "digg_count": 1398, "digg_incr": 924, "aweme_create_time": 1595130469, "category": 15, "volume": 0, "amount": 0}, "author": {"author_id": "63971570304", "nickname": "逻辑思维", "follower_count": 941229}}, {"aweme": {"aweme_id": "6850972552035126535", "aweme_title": "#一年级 假期也不忘晨读，学习之路需要的是一份坚持，一个认真的态度！#暑假#词语积累 #成语之最", "aweme_url": "https://www.iesdouyin.com/share/video/6850972552035126535/?region=CN&mid=6778413317917509645&u_code=0&titleType=title", "download_url": "https://www.chanmama.com/awemeDetail/6850972552035126535", "digg_count": 1362, "digg_incr": 913, "aweme_create_time": 1595116356, "category": 15, "volume": 6, "amount": 178.8}, "author": {"author_id": "61745351550", "nickname": "Evan妈咪（娟子）", "follower_count": 346095}}, {"aweme": {"aweme_id": "6851104933169745152", "aweme_title": "你真的开过嗓吗？#唱歌#抖音热门 #开嗓 #唱歌教学技巧", "aweme_url": "https://www.iesdouyin.com/share/video/6851104933169745152/?region=CN&mid=6851104942200343304&u_code=0&titleType=title", "download_url": "https://www.chanmama.com/awemeDetail/6851104933169745152", "digg_count": 1373, "digg_incr": 909, "aweme_create_time": 1595147175, "category": 15, "volume": 1, "amount": 39.9}, "author": {"author_id": "3091462325808167", "nickname": "小曦教你学唱歌", "follower_count": 109242}}, {"aweme": {"aweme_id": "6851021313469943054", "aweme_title": "今天第47天。昨天20个人下单，一共564单。目标6000单。#717奇妙好物在这里 #一口解锁暑假快落", "aweme_url": "https://www.iesdouyin.com/share/video/6851021313469943054/?region=CN&mid=6843673038647577358&u_code=0&titleType=title", "download_url": "https://www.chanmama.com/awemeDetail/6851021313469943054", "digg_count": 1119, "digg_incr": 900, "aweme_create_time": 1595127706, "category": 15, "volume": 6, "amount": 768}, "author": {"author_id": "94418026763", "nickname": "贡一鸣（散放土鸡）", "follower_count": 33069}}, {"aweme": {"aweme_id": "6851021311582506247", "aweme_title": "山东省地形，东部缓丘起伏，泰山雄踞中部 #涨知识  #好物推荐  #山东", "aweme_url": "https://www.iesdouyin.com/share/video/6851021311582506247/?region=CN&mid=6851021393846356744&u_code=0&titleType=title", "download_url": "https://www.chanmama.com/awemeDetail/6851021311582506247", "digg_count": 1610, "digg_incr": 898, "aweme_create_time": 1595127723, "category": 15, "volume": 0, "amount": 0}, "author": {"author_id": "110426475235", "nickname": "图可图", "follower_count": 581536}}, {"aweme": {"aweme_id": "6850972734353067275", "aweme_title": "爱一个人可以等待多久？答案是51年 9个月 零4天#霍乱时期的爱情 #百年孤独 #好书分享 #爱情 #阅读", "aweme_url": "https://www.iesdouyin.com/share/video/6850972734353067275/?region=CN&mid=6850972765156674318&u_code=0&titleType=title", "download_url": "https://www.chanmama.com/awemeDetail/6850972734353067275", "digg_count": 1247, "digg_incr": 894, "aweme_create_time": 1595116411, "category": 15, "volume": 6, "amount": 276}, "author": {"author_id": "3544467871630019", "nickname": "文渊夜读", "follower_count": 257871}}, {"aweme": {"aweme_id": "6851049171143740685", "aweme_title": "@幸福忠告发了一个抖音短视频，你尽管点开，不好看算我输！", "aweme_url": "https://www.iesdouyin.com/share/video/6851049171143740685/?region=CN&mid=6851049162893478664&u_code=0&titleType=", "download_url": "https://www.chanmama.com/awemeDetail/6851049171143740685", "digg_count": 1605, "digg_incr": 884, "aweme_create_time": 1595134192, "category": 15, "volume": 1, "amount": 35.8}, "author": {"author_id": "2207452409891309", "nickname": "幸福忠告", "follower_count": 81473}}, {"aweme": {"aweme_id": "6850854069511228687", "aweme_title": "妈妈不可怕，可怕的是她跟你讲道理…看把这孩子吓的#不吼不叫培养好孩子 #学习永无止境#教育孩子的方法很重要", "aweme_url": "https://www.iesdouyin.com/share/video/6850854069511228687/?region=CN&mid=6850854070371404551&u_code=0&titleType=title", "download_url": "https://www.chanmama.com/awemeDetail/6850854069511228687", "digg_count": 1616, "digg_incr": 879, "aweme_create_time": 1595088771, "category": 15, "volume": 0, "amount": 0}, "author": {"author_id": "3245393561003296", "nickname": "萌萌哒60帧动漫哟喂暖你", "follower_count": 791384}}, {"aweme": {"aweme_id": "6850986183128829191", "aweme_title": "#郭德纲 人呐，就是要痛痛快快的活着，别较劲，快快乐乐的比什么都好！#情感 @DOU+小助手", "aweme_url": "https://www.iesdouyin.com/share/video/6850986183128829191/?region=CN&mid=6850986160467053319&u_code=0&titleType=title", "download_url": "https://www.chanmama.com/awemeDetail/6850986183128829191", "digg_count": 57768, "digg_incr": 877, "aweme_create_time": 1595119528, "category": 15, "volume": 1, "amount": 49.8}, "author": {"author_id": "96897437759", "nickname": "德云小剧场", "follower_count": 285512}}, {"aweme": {"aweme_id": "6851056600136944910", "aweme_title": "经过今年突如其来的Y情，很多人面临S业或资金紧张。你是否也在寻找合适自己的一份副业？#思维# #人生#副业", "aweme_url": "https://www.iesdouyin.com/share/video/6851056600136944910/?region=CN&mid=6851056599360981768&u_code=0&titleType=title", "download_url": "https://www.chanmama.com/awemeDetail/6851056600136944910", "digg_count": 1079, "digg_incr": 874, "aweme_create_time": 1595135922, "category": 15, "volume": 69, "amount": 2691}, "author": {"author_id": "4142578044240543", "nickname": "逆商智慧", "follower_count": 267184}}, {"aweme": {"aweme_id": "6851092354191969551", "aweme_title": "是不是小两口的感情变得越来越淡了？是不是经常吵架、冷战，越来越无法驾驭他了？没关系，咱们有办法！#婚姻", "aweme_url": "https://www.iesdouyin.com/share/video/6851092354191969551/?region=CN&mid=6629595072159550212&u_code=0&titleType=title", "download_url": "https://www.chanmama.com/awemeDetail/6851092354191969551", "digg_count": 1197, "digg_incr": 864, "aweme_create_time": 1595144247, "category": 15, "volume": 72, "amount": 1857.6000000000001}, "author": {"author_id": "1450949200328444", "nickname": "说情道理", "follower_count": 164800}}, {"aweme": {"aweme_id": "6851127553038585096", "aweme_title": "@每日情商发了一个抖音短视频，你尽管点开，不好看算我输！", "aweme_url": "https://www.iesdouyin.com/share/video/6851127553038585096/?region=CN&mid=6813292868380461838&u_code=0&titleType=", "download_url": "https://www.chanmama.com/awemeDetail/6851127553038585096", "digg_count": 1091, "digg_incr": 861, "aweme_create_time": 1595152442, "category": 15, "volume": 3, "amount": 103.39999999999999}, "author": {"author_id": "162375130953099", "nickname": "每日情商", "follower_count": 584566}}, {"aweme": {"aweme_id": "6851095199213571328", "aweme_title": "别看，你会看了个寂寞的🤭#惊喜盒 #爱情 #嫁给爱情的样子", "aweme_url": "https://www.iesdouyin.com/share/video/6851095199213571328/?region=CN&mid=6849941125823089416&u_code=0&titleType=title", "download_url": "https://www.chanmama.com/awemeDetail/6851095199213571328", "digg_count": 1056, "digg_incr": 860, "aweme_create_time": 1595144909, "category": 15, "volume": 0, "amount": 0}, "author": {"author_id": "83855339192", "nickname": "带气儿的可乐", "follower_count": 210526}}, {"aweme": {"aweme_id": "6851132492938890507", "aweme_title": "富人一般都很“穷”，你知道是怎么回事吗？#财税 #创业 #老板 #成长充电站", "aweme_url": "https://www.iesdouyin.com/share/video/6851132492938890507/?region=CN&mid=6783385252397058055&u_code=0&titleType=title", "download_url": "https://www.chanmama.com/awemeDetail/6851132492938890507", "digg_count": 1132, "digg_incr": 859, "aweme_create_time": 1595153599, "category": 15, "volume": 0, "amount": 0}, "author": {"author_id": "2928712579299070", "nickname": "索客", "follower_count": 335773}}]}