{"data": [{"aweme": {"aweme_id": "6850954270171303181", "aweme_title": "这条工装裤，穿上走路都带风，太时髦太拉风了", "aweme_url": "https://www.iesdouyin.com/share/video/6850954270171303181/?region=CN&mid=6835815971031239437&u_code=0&titleType=title", "download_url": "https://www.chanmama.com/awemeDetail/6850954270171303181", "digg_count": 139080, "digg_incr": 80732, "aweme_create_time": 1595112104, "category": 2, "volume": 2266, "amount": 113073.4}, "author": {"author_id": "3298163996504663", "nickname": "常熟市阑桂坊服装商行", "follower_count": 216958}}, {"aweme": {"aweme_id": "6851111128416685319", "aweme_title": "帅气的灰衬衫 搭 腰带短裤 好洋气的一套 好看又划算#抖音小助手 #服装批发 #气质套装", "aweme_url": "https://www.iesdouyin.com/share/video/6851111128416685319/?region=CN&mid=6835067242771352333&u_code=0&titleType=title", "download_url": "https://www.chanmama.com/awemeDetail/6851111128416685319", "digg_count": 46010, "digg_incr": 34923, "aweme_create_time": 1595148617, "category": 2, "volume": 1006, "amount": 75450}, "author": {"author_id": "62349721141", "nickname": "上海妮珍美批发服装", "follower_count": 156713}}, {"aweme": {"aweme_id": "6851032715844734208", "aweme_title": "你我的眼睛中，曾经也是五彩斑斓，能装下整个宇宙，现在可能只剩生活的苟且#717奇妙好物在这里 #潮牌", "aweme_url": "https://www.iesdouyin.com/share/video/6851032715844734208/?region=CN&mid=6851032756294519566&u_code=3e536eh42gd3&titleType=title", "download_url": "https://www.chanmama.com/awemeDetail/6851032715844734208", "digg_count": 18227, "digg_incr": 18291, "aweme_create_time": 1595130369, "category": 2, "volume": 15, "amount": 1485}, "author": {"author_id": "60790818670", "nickname": "YoungGuns服装工作室", "follower_count": 127293}}, {"aweme": {"aweme_id": "6850961022342270221", "aweme_title": "一款西装面料工装裤 不易皱不起球不变形#抖in万物节 @抖音小助手 @DOU+小助手", "aweme_url": "https://www.iesdouyin.com/share/video/6850961022342270221/?region=CN&mid=6850960985218829070&u_code=0&titleType=title", "download_url": "https://www.chanmama.com/awemeDetail/6850961022342270221", "digg_count": 18567, "digg_incr": 16895, "aweme_create_time": 1595113674, "category": 2, "volume": 360, "amount": 24840}, "author": {"author_id": "1385017742995963", "nickname": "丽公子服装商行", "follower_count": 124327}}, {"aweme": {"aweme_id": "6850962962069392647", "aweme_title": "居然进沟了，这下我贪事了。。 #机车 @DOU+小助手", "aweme_url": "https://www.iesdouyin.com/share/video/6850962962069392647/?region=CN&mid=6850963030675655437&u_code=0&titleType=title", "download_url": "https://www.chanmama.com/awemeDetail/6850962962069392647", "digg_count": 20184, "digg_incr": 14396, "aweme_create_time": 1595122200, "category": 2, "volume": 0, "amount": 0}, "author": {"author_id": "71214245227", "nickname": "计晓蓝", "follower_count": 947504}}, {"aweme": {"aweme_id": "6851192468118048007", "aweme_title": "哈哈哈太🉑️了@整开 @火凤祥鲜货火锅", "aweme_url": "https://www.iesdouyin.com/share/video/6851192468118048007/?region=CN&mid=6835918285587286792&u_code=0&titleType=title", "download_url": "https://www.chanmama.com/awemeDetail/6851192468118048007", "digg_count": 17145, "digg_incr": 10290, "aweme_create_time": 1595167555, "category": 2, "volume": 0, "amount": 0}, "author": {"author_id": "2809950588375389", "nickname": "小梅尼耶", "follower_count": 541426}}, {"aweme": {"aweme_id": "6850989550970440963", "aweme_title": "正在直播点击头像进直播间让你穿出女神范￼￼#抖音 #穿搭 #直播 #717奇妙好物在这里 #套装", "aweme_url": "https://www.iesdouyin.com/share/video/6850989550970440963/?region=CN&mid=6850989562895092494&u_code=0&titleType=title", "download_url": "https://www.chanmama.com/awemeDetail/6850989550970440963", "digg_count": 9521, "digg_incr": 9448, "aweme_create_time": 1595120321, "category": 2, "volume": 281, "amount": 13769}, "author": {"author_id": "1983154584297805", "nickname": "朱效荣服装商行", "follower_count": 549462}}, {"aweme": {"aweme_id": "6850960497588636928", "aweme_title": "七月流行的休闲套装 这样穿是真的帅#宽松有范 #衬衫 #休闲@DOU+小助手", "aweme_url": "https://www.iesdouyin.com/share/video/6850960497588636928/?region=CN&mid=6850960464776629000&u_code=1j0gg54m84ef&titleType=title", "download_url": "https://www.chanmama.com/awemeDetail/6850960497588636928", "digg_count": 12570, "digg_incr": 7743, "aweme_create_time": 1595113552, "category": 2, "volume": 169, "amount": 8581}, "author": {"author_id": "2053510043012926", "nickname": "櫼薐傢服饰", "follower_count": 8488}}, {"aweme": {"aweme_id": "6850987128218815759", "aweme_title": "今年的总冠军戒指也提前预定了！喊出你们的口号吧#湖人总冠军 #詹姆斯 #勒布朗詹姆斯 #重启新赛季", "aweme_url": "https://www.iesdouyin.com/share/video/6850987128218815759/?region=CN&mid=6687921562231786254&u_code=0&titleType=title", "download_url": "https://www.chanmama.com/awemeDetail/6850987128218815759", "digg_count": 7883, "digg_incr": 7650, "aweme_create_time": 1595119748, "category": 2, "volume": 0, "amount": 0}, "author": {"author_id": "395426556022163", "nickname": "蜗壳体育", "follower_count": 46220}}, {"aweme": {"aweme_id": "6851125161224064256", "aweme_title": "我不等你谁等你 我不等你你等谁 你不等我我等你  #穿搭", "aweme_url": "https://www.iesdouyin.com/share/video/6851125161224064256/?region=CN&mid=6665855734036564749&u_code=0&titleType=title", "download_url": "https://www.chanmama.com/awemeDetail/6851125161224064256", "digg_count": 19170, "digg_incr": 6810, "aweme_create_time": 1595151884, "category": 2, "volume": 1, "amount": 143}, "author": {"author_id": "71906008639", "nickname": "fafaocco", "follower_count": 369110}}, {"aweme": {"aweme_id": "6851154280276184320", "aweme_title": "生意这样做下去，关门也就是这两天的事情吧……#穿搭 #女装新品日 #女装@DOU+小助手", "aweme_url": "https://www.iesdouyin.com/share/video/6851154280276184320/?region=CN&mid=6851154312983218951&u_code=15jlg6118gjd&titleType=title", "download_url": "https://www.chanmama.com/awemeDetail/6851154280276184320", "digg_count": 17154, "digg_incr": 6708, "aweme_create_time": 1595158664, "category": 2, "volume": 5, "amount": 249.5}, "author": {"author_id": "99144022204", "nickname": "鑫衣尚女装店", "follower_count": 689290}}, {"aweme": {"aweme_id": "6850961242937462031", "aweme_title": "RW战胜Kz之后，Uzi打算选VN全场呼喊声，也只有Uzi的VN才有这样的欢呼声了吧！", "aweme_url": "https://www.iesdouyin.com/share/video/6850961242937462031/?region=CN&mid=6850961192215776014&u_code=jlj2mi72agk&titleType=title", "download_url": "https://www.chanmama.com/awemeDetail/6850961242937462031", "digg_count": 6649, "digg_incr": 6649, "aweme_create_time": 1595113724, "category": 2, "volume": 1, "amount": 49.9}, "author": {"author_id": "96147499374", "nickname": "小虎hi", "follower_count": 62081}}, {"aweme": {"aweme_id": "6851127699159682318", "aweme_title": "有人约你去爬山，一定要小心点 #717奇妙好物在这里   #爬山#大码男装", "aweme_url": "https://www.iesdouyin.com/share/video/6851127699159682318/?region=CN&mid=6851127787529440014&u_code=j72kbfama1&titleType=title", "download_url": "https://www.chanmama.com/awemeDetail/6851127699159682318", "digg_count": 7847, "digg_incr": 6615, "aweme_create_time": 1595152493, "category": 2, "volume": 121, "amount": 11979}, "author": {"author_id": "118374025397259", "nickname": "森老板的大码店", "follower_count": 113949}}, {"aweme": {"aweme_id": "6851144355453979912", "aweme_title": "一件衣服两种风格#穿搭", "aweme_url": "https://www.iesdouyin.com/share/video/6851144355453979912/?region=CN&mid=6808075563409328903&u_code=0&titleType=title", "download_url": "https://www.chanmama.com/awemeDetail/6851144355453979912", "digg_count": 7420, "digg_incr": 6142, "aweme_create_time": 1595156353, "category": 2, "volume": 9, "amount": 2142}, "author": {"author_id": "92979201762", "nickname": "小冷不太冷", "follower_count": 343136}}, {"aweme": {"aweme_id": "6850656806348344584", "aweme_title": "如果一个姑娘送你镰仓的白色衬衫，多半她是想和你认真生活。 #白衬衫", "aweme_url": "https://www.iesdouyin.com/share/video/6850656806348344584/?region=CN&mid=6850656918688516871&u_code=0&titleType=title", "download_url": "https://www.chanmama.com/awemeDetail/6850656806348344584", "digg_count": 10084, "digg_incr": 5913, "aweme_create_time": 1595131200, "category": 2, "volume": 20, "amount": 9980}, "author": {"author_id": "75077740139", "nickname": "小北山又", "follower_count": 210417}}, {"aweme": {"aweme_id": "6850897333056589069", "aweme_title": "这两口子反过来了 男人像女人 女人像男人😂", "aweme_url": "https://www.iesdouyin.com/share/video/6850897333056589069/?region=CN&mid=6837240536101866247&u_code=j72ihbib91&titleType=title", "download_url": "https://www.chanmama.com/awemeDetail/6850897333056589069", "digg_count": 6589, "digg_incr": 5224, "aweme_create_time": 1595098885, "category": 2, "volume": 0, "amount": 0}, "author": {"author_id": "73708807002", "nickname": "郭大侠今晚8:30直播衣服专场。", "follower_count": 621287}}, {"aweme": {"aweme_id": "6851130004290538767", "aweme_title": "你们侧面投篮喜欢打板吗？我经常打", "aweme_url": "https://www.iesdouyin.com/share/video/6851130004290538767/?region=CN&mid=6851130018383350536&u_code=0&titleType=title", "download_url": "https://www.chanmama.com/awemeDetail/6851130004290538767", "digg_count": 5315, "digg_incr": 4994, "aweme_create_time": 1595153012, "category": 2, "volume": 1, "amount": 94}, "author": {"author_id": "69238572649", "nickname": "方良超", "follower_count": 424927}}, {"aweme": {"aweme_id": "6851067014543412492", "aweme_title": "#遇见足球 #山东鲁能泰山 #中超 中超真的回来啦", "aweme_url": "https://www.iesdouyin.com/share/video/6851067014543412492/?region=CN&mid=6823745381680023565&u_code=0&titleType=title", "download_url": "https://www.chanmama.com/awemeDetail/6851067014543412492", "digg_count": 4858, "digg_incr": 4674, "aweme_create_time": 1595138353, "category": 2, "volume": 9, "amount": 441}, "author": {"author_id": "60365448578", "nickname": "山东鲁能泰山FC", "follower_count": 51266}}, {"aweme": {"aweme_id": "6851117891857747214", "aweme_title": "2020年我熬过了3月却还是输给了七月，公司亏损严重，我真的好累，老爸让我继续坚持，不嫌弃的可以给个鼓励号码？", "aweme_url": "https://www.iesdouyin.com/share/video/6851117891857747214/?region=CN&mid=6798423581853256461&u_code=0&titleType=title", "download_url": "https://www.chanmama.com/awemeDetail/6851117891857747214", "digg_count": 4407, "digg_incr": 4287, "aweme_create_time": 1595150192, "category": 2, "volume": 0, "amount": 0}, "author": {"author_id": "4050241516997107", "nickname": "商务男装（工厂原创）", "follower_count": 124810}}, {"aweme": {"aweme_id": "6851032918408678664", "aweme_title": "条纹T恤➕工装裤，又酷又飒，不要太时髦", "aweme_url": "https://www.iesdouyin.com/share/video/6851032918408678664/?region=CN&mid=6831454345951808264&u_code=3e536eh42gd3&titleType=title", "download_url": "https://www.chanmama.com/awemeDetail/6851032918408678664", "digg_count": 4462, "digg_incr": 4086, "aweme_create_time": 1595130408, "category": 2, "volume": 11, "amount": 548.9}, "author": {"author_id": "3298163996504663", "nickname": "常熟市阑桂坊服装商行", "follower_count": 216958}}, {"aweme": {"aweme_id": "6851030698489335054", "aweme_title": "书豪能真心给对手传授经验，这就是书豪带来的进步！#dou来cba #林书豪 @JeremyLin林书豪7", "aweme_url": "https://www.iesdouyin.com/share/video/6851030698489335054/?region=CN&mid=6836991226521094146&u_code=16gamk9b3a4j&titleType=title", "download_url": "https://www.chanmama.com/awemeDetail/6851030698489335054", "digg_count": 3756, "digg_incr": 3736, "aweme_create_time": 1595129891, "category": 2, "volume": 0, "amount": 0}, "author": {"author_id": "109051955143", "nickname": "中国篮球梦", "follower_count": 163288}}, {"aweme": {"aweme_id": "6851129723196689672", "aweme_title": "是不是谁扒愣我啦😤😤😤#戏精 #街溜子", "aweme_url": "https://www.iesdouyin.com/share/video/6851129723196689672/?region=CN&mid=6851129739340892935&u_code=0&titleType=title", "download_url": "https://www.chanmama.com/awemeDetail/6851129723196689672", "digg_count": 5449, "digg_incr": 3504, "aweme_create_time": 1595152947, "category": 2, "volume": 0, "amount": 0}, "author": {"author_id": "89200572540", "nickname": "乔老弟（街溜子）", "follower_count": 182452}}, {"aweme": {"aweme_id": "6851046077836070152", "aweme_title": "biulingbiuling✨#穿搭 #每日穿搭分享", "aweme_url": "https://www.iesdouyin.com/share/video/6851046077836070152/?region=CN&mid=6651089453853084430&u_code=0&titleType=title", "download_url": "https://www.chanmama.com/awemeDetail/6851046077836070152", "digg_count": 4202, "digg_incr": 3480, "aweme_create_time": 1595133471, "category": 2, "volume": 0, "amount": 0}, "author": {"author_id": "100372727129", "nickname": "NapLab", "follower_count": 725571}}, {"aweme": {"aweme_id": "6851069027838610703", "aweme_title": "@二婷衣橱发了一个抖音短视频，你尽管点开，不好看算我输！", "aweme_url": "https://www.iesdouyin.com/share/video/6851069027838610703/?region=CN&mid=6851069028791077646&u_code=0&titleType=", "download_url": "https://www.chanmama.com/awemeDetail/6851069027838610703", "digg_count": 4109, "digg_incr": 3377, "aweme_create_time": 1595138815, "category": 2, "volume": 0, "amount": 0}, "author": {"author_id": "61840835092", "nickname": "二婷衣橱", "follower_count": 306323}}, {"aweme": {"aweme_id": "6851060438898199816", "aweme_title": "Hello！Friends中超马上开始了，你们有什么话要对我说吗？评论中告诉我，我会选两位朋友送我的亲笔签名照", "aweme_url": "https://www.iesdouyin.com/share/video/6851060438898199816/?region=CN&mid=6824796040174242574&u_code=0&titleType=title", "download_url": "https://www.chanmama.com/awemeDetail/6851060438898199816", "digg_count": 3797, "digg_incr": 3275, "aweme_create_time": 1595136816, "category": 2, "volume": 0, "amount": 0}, "author": {"author_id": "1103555229923843", "nickname": "奥斯卡OscarEmboaba", "follower_count": 40255}}, {"aweme": {"aweme_id": "6851050157358845187", "aweme_title": "马总：再苦再难我也要保持微笑 #一起揉揉小肚子", "aweme_url": "https://www.iesdouyin.com/share/video/6851050157358845187/?region=CN&mid=6847063818934831879&u_code=0&titleType=title", "download_url": "https://www.chanmama.com/awemeDetail/6851050157358845187", "digg_count": 4183, "digg_incr": 2831, "aweme_create_time": 1595134429, "category": 2, "volume": 5, "amount": 340}, "author": {"author_id": "4305278887794491", "nickname": "大牛街拍", "follower_count": 178926}}, {"aweme": {"aweme_id": "6851119738362350861", "aweme_title": "谁说粉色娘？#穿搭 #搭配", "aweme_url": "https://www.iesdouyin.com/share/video/6851119738362350861/?region=CN&mid=6851119731529829127&u_code=0&titleType=title", "download_url": "https://www.chanmama.com/awemeDetail/6851119738362350861", "digg_count": 3550, "digg_incr": 2805, "aweme_create_time": 1595150622, "category": 2, "volume": 0, "amount": 0}, "author": {"author_id": "100372727129", "nickname": "NapLab", "follower_count": 725571}}, {"aweme": {"aweme_id": "6851027696416197903", "aweme_title": "前半生跟心动的人谈恋爱  后半生跟心安的人过一生。#热门", "aweme_url": "https://www.iesdouyin.com/share/video/6851027696416197903/?region=CN&mid=6851027692544969480&u_code=0&titleType=title", "download_url": "https://www.chanmama.com/awemeDetail/6851027696416197903", "digg_count": 5651, "digg_incr": 2796, "aweme_create_time": 1595129192, "category": 2, "volume": 8, "amount": 399.2}, "author": {"author_id": "4318509011044488", "nickname": "常熟市蔡同妹服装商行", "follower_count": 133851}}, {"aweme": {"aweme_id": "6850960369096117519", "aweme_title": "每天下午1点左右大叔给福利活动，喜欢的❤️关注，在直播间等你....", "aweme_url": "https://www.iesdouyin.com/share/video/6850960369096117519/?region=CN&mid=6850758483940313864&u_code=0&titleType=title", "download_url": "https://www.chanmama.com/awemeDetail/6850960369096117519", "digg_count": 10410, "digg_incr": 2794, "aweme_create_time": 1595113521, "category": 2, "volume": 2, "amount": 336}, "author": {"author_id": "94558696167", "nickname": "杰克朗博", "follower_count": 672605}}, {"aweme": {"aweme_id": "6851091477376830724", "aweme_title": "年轻人除了很正式的场合，一般上班可以穿休闲一点#轻熟穿搭 #年轻人 #717奇妙好物在这里", "aweme_url": "https://www.iesdouyin.com/share/video/6851091477376830724/?region=CN&mid=6851091512437377799&u_code=42621bm39ck8&titleType=title", "download_url": "https://www.chanmama.com/awemeDetail/6851091477376830724", "digg_count": 4183, "digg_incr": 2641, "aweme_create_time": 1595144049, "category": 2, "volume": 8, "amount": 784}, "author": {"author_id": "1314616494530647", "nickname": "圆桌派", "follower_count": 425393}}, {"aweme": {"aweme_id": "6851124684809899272", "aweme_title": "听说今年拐杖挺火？#文玩", "aweme_url": "https://www.iesdouyin.com/share/video/6851124684809899272/?region=CN&mid=6851124704594791175&u_code=0&titleType=title", "download_url": "https://www.chanmama.com/awemeDetail/6851124684809899272", "digg_count": 3106, "digg_incr": 2606, "aweme_create_time": 1595151774, "category": 2, "volume": 6, "amount": 3168}, "author": {"author_id": "73395766075", "nickname": "小撸聊文玩", "follower_count": 332085}}, {"aweme": {"aweme_id": "6851032064527977736", "aweme_title": "火影忍者暗部三忍COS #充能计划  #cos  @DOU+小助手", "aweme_url": "https://www.iesdouyin.com/share/video/6851032064527977736/?region=CN&mid=6851032146128456462&u_code=0&titleType=title", "download_url": "https://www.chanmama.com/awemeDetail/6851032064527977736", "digg_count": 2991, "digg_incr": 2533, "aweme_create_time": 1595130228, "category": 2, "volume": 0, "amount": 0}, "author": {"author_id": "3825930304229613", "nickname": "刘洛克", "follower_count": 61121}}, {"aweme": {"aweme_id": "6851056008316325127", "aweme_title": "#夏日穿搭分享 @DOU+小助手", "aweme_url": "https://www.iesdouyin.com/share/video/6851056008316325127/?region=CN&mid=6810706325870791432&u_code=0&titleType=title", "download_url": "https://www.chanmama.com/awemeDetail/6851056008316325127", "digg_count": 3504, "digg_incr": 2524, "aweme_create_time": 1595135784, "category": 2, "volume": 355, "amount": 20945}, "author": {"author_id": "3755559929521536", "nickname": "温迪丝女装", "follower_count": 164402}}, {"aweme": {"aweme_id": "6850933384756088071", "aweme_title": "女人这个身份太重要了，既是女儿又是母亲，每个角色都要尽心尽力的做好#717直播带货", "aweme_url": "https://www.iesdouyin.com/share/video/6850933384756088071/?region=CN&mid=6823152141700958989&u_code=0&titleType=title", "download_url": "https://www.chanmama.com/awemeDetail/6850933384756088071", "digg_count": 2497, "digg_incr": 2506, "aweme_create_time": 1595107265, "category": 2, "volume": 54, "amount": 5346}, "author": {"author_id": "201949567532344", "nickname": "童星童颜精品童装", "follower_count": 22555}}, {"aweme": {"aweme_id": "6851070259575704840", "aweme_title": "阿巴 怎么这么帅", "aweme_url": "https://www.iesdouyin.com/share/video/6851070259575704840/?region=CN&mid=6794237644777016071&u_code=0&titleType=title", "download_url": "https://www.chanmama.com/awemeDetail/6851070259575704840", "digg_count": 3314, "digg_incr": 2301, "aweme_create_time": 1595142364, "category": 2, "volume": 0, "amount": 0}, "author": {"author_id": "59109254087", "nickname": "Kiss me", "follower_count": 682510}}, {"aweme": {"aweme_id": "6850971151900904708", "aweme_title": "奥胖:你们什么鸟队友？接我一下能怎样？#奥尼尔 #奥胖 #奥尼尔才艺展示 #奥尼尔搞笑 #重启新赛季", "aweme_url": "https://www.iesdouyin.com/share/video/6850971151900904708/?region=CN&mid=6725744998459017991&u_code=0&titleType=title", "download_url": "https://www.chanmama.com/awemeDetail/6850971151900904708", "digg_count": 2170, "digg_incr": 2157, "aweme_create_time": 1595116042, "category": 2, "volume": 2, "amount": 118}, "author": {"author_id": "1310209144789115", "nickname": "篮球之王", "follower_count": 14095}}, {"aweme": {"aweme_id": "6851044198272077067", "aweme_title": "来来，是哪位粉丝 ，我们直播间聊聊#穿搭 #迷惑行为大赏", "aweme_url": "https://www.iesdouyin.com/share/video/6851044198272077067/?region=CN&mid=6851044225400720136&u_code=0&titleType=title", "download_url": "https://www.chanmama.com/awemeDetail/6851044198272077067", "digg_count": 2418, "digg_incr": 2093, "aweme_create_time": 1595133041, "category": 2, "volume": 1, "amount": 149}, "author": {"author_id": "61435370877", "nickname": "北二出口", "follower_count": 790523}}, {"aweme": {"aweme_id": "6851125825182403852", "aweme_title": "注意:前方猛兽出没", "aweme_url": "https://www.iesdouyin.com/share/video/6851125825182403852/?region=CN&mid=6807674022596233992&u_code=0&titleType=title", "download_url": "https://www.chanmama.com/awemeDetail/6851125825182403852", "digg_count": 3869, "digg_incr": 2051, "aweme_create_time": 1595152045, "category": 2, "volume": 2, "amount": 358}, "author": {"author_id": "69296152031", "nickname": "Reta-Lin", "follower_count": 194773}}, {"aweme": {"aweme_id": "6851063047436504323", "aweme_title": "#灌篮高手 #樱木花道 #秋之国体 番外篇-光与影（下）介绍完松本了，下一集流川就要和泽北火力全开对轰了哦。", "aweme_url": "https://www.iesdouyin.com/share/video/6851063047436504323/?region=CN&mid=6851063096950262535&u_code=0&titleType=title", "download_url": "https://www.chanmama.com/awemeDetail/6851063047436504323", "digg_count": 2697, "digg_incr": 1996, "aweme_create_time": 1595137430, "category": 2, "volume": 0, "amount": 0}, "author": {"author_id": "97086481511", "nickname": "井下雄彦（鲁鲁看动漫）", "follower_count": 124709}}, {"aweme": {"aweme_id": "6851004595536137487", "aweme_title": "善待今天的老人，就是善待明天的自己！", "aweme_url": "https://www.iesdouyin.com/share/video/6851004595536137487/?region=CN&mid=6851004610694400782&u_code=0&titleType=title", "download_url": "https://www.chanmama.com/awemeDetail/6851004595536137487", "digg_count": 2870, "digg_incr": 1980, "aweme_create_time": 1595123814, "category": 2, "volume": 0, "amount": 0}, "author": {"author_id": "1345441368643917", "nickname": "福哥", "follower_count": 508835}}, {"aweme": {"aweme_id": "6851065121951714563", "aweme_title": "你以为大牛说的是“好久不见”，实际上她说的是“还钱”😂", "aweme_url": "https://www.iesdouyin.com/share/video/6851065121951714563/?region=CN&mid=6846691830181579534&u_code=0&titleType=title", "download_url": "https://www.chanmama.com/awemeDetail/6851065121951714563", "digg_count": 3134, "digg_incr": 1973, "aweme_create_time": 1595137912, "category": 2, "volume": 0, "amount": 0}, "author": {"author_id": "2436130990200408", "nickname": "大牛马总的迷妹", "follower_count": 286023}}, {"aweme": {"aweme_id": "6850970377523416327", "aweme_title": "一整套的黑色套装，就感觉干练，强悍就写在了衣服上。 #穿搭  @DOU+小助手", "aweme_url": "https://www.iesdouyin.com/share/video/6850970377523416327/?region=CN&mid=6850970427645315847&u_code=0&titleType=title", "download_url": "https://www.chanmama.com/awemeDetail/6850970377523416327", "digg_count": 2024, "digg_incr": 1918, "aweme_create_time": 1595115874, "category": 2, "volume": 41, "amount": 12259}, "author": {"author_id": "219523682417224", "nickname": "同裳服饰", "follower_count": 214381}}, {"aweme": {"aweme_id": "6851027104058920200", "aweme_title": "男士长袖衬衫#717抖音奇妙好物市集 #衬衫控的大叔 #正在直播中请点头像进入", "aweme_url": "https://www.iesdouyin.com/share/video/6851027104058920200/?region=CN&mid=6834529319251905287&u_code=29e681lic6ef&titleType=title", "download_url": "https://www.chanmama.com/awemeDetail/6851027104058920200", "digg_count": 3424, "digg_incr": 1911, "aweme_create_time": 1595129054, "category": 2, "volume": 76, "amount": 5168}, "author": {"author_id": "888016091494110", "nickname": "常熟市琦琦服装商行", "follower_count": 38311}}, {"aweme": {"aweme_id": "6851149521154493704", "aweme_title": "男生不爱新衣服爱什么爱我吗？￼#衬衫 #禁欲系 #初秋搭配 @DOU+小助手", "aweme_url": "https://www.iesdouyin.com/share/video/6851149521154493704/?region=CN&mid=6851149525235649293&u_code=3g7mbkclj1kf&titleType=title", "download_url": "https://www.chanmama.com/awemeDetail/6851149521154493704", "digg_count": 4045, "digg_incr": 1905, "aweme_create_time": 1595157556, "category": 2, "volume": 22, "amount": 1537.8000000000002}, "author": {"author_id": "95784375637", "nickname": "贫民窟男孩的穿搭", "follower_count": 27355}}, {"aweme": {"aweme_id": "6850855605498809603", "aweme_title": "有多少农村的老人辛苦了一辈子到最后..", "aweme_url": "https://www.iesdouyin.com/share/video/6850855605498809603/?region=CN&mid=6850855645814835981&u_code=189cd5dc7eem&titleType=title", "download_url": "https://www.chanmama.com/awemeDetail/6850855605498809603", "digg_count": 2061, "digg_incr": 1848, "aweme_create_time": 1595089145, "category": 2, "volume": 0, "amount": 0}, "author": {"author_id": "99278295709", "nickname": "郭大侠服装", "follower_count": 400297}}, {"aweme": {"aweme_id": "6851147474300636423", "aweme_title": "谁说胖人穿工装裤不好看的？我穿不好看吗？你确定不来一条？来我直播间吧#717奇妙好物在这里 #大码搭配", "aweme_url": "https://www.iesdouyin.com/share/video/6851147474300636423/?region=CN&mid=6823152141700958989&u_code=0&titleType=title", "download_url": "https://www.chanmama.com/awemeDetail/6851147474300636423", "digg_count": 1921, "digg_incr": 1794, "aweme_create_time": 1595157079, "category": 2, "volume": 98, "amount": 5782}, "author": {"author_id": "81663567352", "nickname": "薇雅熙大码穿搭", "follower_count": 48673}}, {"aweme": {"aweme_id": "6851131030317960448", "aweme_title": "最近特别流行一款的南瓜短袖➕送爆汗裤，你们有了吗，没有看这里呦#短袖#便宜便宜真便宜", "aweme_url": "https://www.iesdouyin.com/share/video/6851131030317960448/?region=CN&mid=6851131035762051848&u_code=448l6cm8i2km&titleType=title", "download_url": "https://www.chanmama.com/awemeDetail/6851131030317960448", "digg_count": 1775, "digg_incr": 1753, "aweme_create_time": 1595153251, "category": 2, "volume": 0, "amount": 0}, "author": {"author_id": "88782910656", "nickname": "苏州厘昉服饰有限公司", "follower_count": 101831}}, {"aweme": {"aweme_id": "6850960130167557390", "aweme_title": "这首冷暖自知太有诗意了#摇滚 @抖音小助手", "aweme_url": "https://www.iesdouyin.com/share/video/6850960130167557390/?region=CN&mid=6850960156680194823&u_code=0&titleType=title", "download_url": "https://www.chanmama.com/awemeDetail/6850960130167557390", "digg_count": 3768, "digg_incr": 1745, "aweme_create_time": 1595113485, "category": 2, "volume": 0, "amount": 0}, "author": {"author_id": "95991973183", "nickname": "中国摇滚乐与飞", "follower_count": 99031}}, {"aweme": {"aweme_id": "6850948955400981775", "aweme_title": "睡不着，5:00起来跑步。早上的空气特别好。", "aweme_url": "https://www.iesdouyin.com/share/video/6850948955400981775/?region=CN&mid=6834078949820222216&u_code=0&titleType=title", "download_url": "https://www.chanmama.com/awemeDetail/6850948955400981775", "digg_count": 2224, "digg_incr": 1742, "aweme_create_time": 1595110870, "category": 2, "volume": 0, "amount": 0}, "author": {"author_id": "104795294779", "nickname": "吴三姐", "follower_count": 128712}}, {"aweme": {"aweme_id": "6851151819461152012", "aweme_title": "人生只有一次，我只想活的精彩一些，又是一个酷炫的#周末 #穿搭 #复古", "aweme_url": "https://www.iesdouyin.com/share/video/6851151819461152012/?region=CN&mid=6851151868945894158&u_code=0&titleType=title", "download_url": "https://www.chanmama.com/awemeDetail/6851151819461152012", "digg_count": 2507, "digg_incr": 1742, "aweme_create_time": 1595158097, "category": 2, "volume": 0, "amount": 0}, "author": {"author_id": "100453739737", "nickname": "小滴Drama", "follower_count": 999546}}, {"aweme": {"aweme_id": "6851048100191079687", "aweme_title": "男生网上买裤子记得这四点哦！建议收藏！#裤子穿搭 #穿搭技巧", "aweme_url": "https://www.iesdouyin.com/share/video/6851048100191079687/?region=CN&mid=6851048099042200334&u_code=0&titleType=title", "download_url": "https://www.chanmama.com/awemeDetail/6851048100191079687", "digg_count": 1752, "digg_incr": 1691, "aweme_create_time": 1595133942, "category": 2, "volume": 0, "amount": 0}, "author": {"author_id": "83802847932", "nickname": "华仔穿搭", "follower_count": 446480}}, {"aweme": {"aweme_id": "6851037168622652672", "aweme_title": "89年32岁，浙江温州人，经营男装店，擅长男装搭配，不抽烟不喝酒，不嫌弃认识一下，旁边箭头第一排第四个可以找我", "aweme_url": "https://www.iesdouyin.com/share/video/6851037168622652672/?region=CN&mid=6806088779787406087&u_code=0&titleType=title", "download_url": "https://www.chanmama.com/awemeDetail/6851037168622652672", "digg_count": 1696, "digg_incr": 1641, "aweme_create_time": 1595131404, "category": 2, "volume": 0, "amount": 0}, "author": {"author_id": "2378991298684196", "nickname": "天颜美服装店", "follower_count": 255430}}, {"aweme": {"aweme_id": "6851050783102799112", "aweme_title": "湖人球衣变装蜘蛛侠 你get到了吗 ？也快来学学我鸭😚嘻嘻#maria变装 #湖人#篮球#nba#蜘蛛侠", "aweme_url": "https://www.iesdouyin.com/share/video/6851050783102799112/?region=CN&mid=6843607089181362177&u_code=2akd6f233cab&titleType=title", "download_url": "https://www.chanmama.com/awemeDetail/6851050783102799112", "digg_count": 2125, "digg_incr": 1529, "aweme_create_time": 1595134567, "category": 2, "volume": 29, "amount": 1856}, "author": {"author_id": "3315730416405357", "nickname": "赤木晴子", "follower_count": 301801}}, {"aweme": {"aweme_id": "6850933620094291208", "aweme_title": "不要问我放大镜为什么小了，因为大了摔坏了 @抖音小助手  #717奇妙好物在这里", "aweme_url": "https://www.iesdouyin.com/share/video/6850933620094291208/?region=CN&mid=6850933975469345544&u_code=12kd45987jm5&titleType=title", "download_url": "https://www.chanmama.com/awemeDetail/6850933620094291208", "digg_count": 1522, "digg_incr": 1505, "aweme_create_time": 1595131200, "category": 2, "volume": 0, "amount": 0}, "author": {"author_id": "73892602734", "nickname": "向晴服饰~", "follower_count": 29609}}, {"aweme": {"aweme_id": "6850978632987348224", "aweme_title": "条纹长袖防晒衣，好看又洋气，可以单穿也可防晒，你确定不来一件试试，主要价格也便宜#穿搭@抖音小助手", "aweme_url": "https://www.iesdouyin.com/share/video/6850978632987348224/?region=CN&mid=6850978612838271752&u_code=3c2717m7f8ba&titleType=title", "download_url": "https://www.chanmama.com/awemeDetail/6850978632987348224", "digg_count": 1992, "digg_incr": 1482, "aweme_create_time": 1595117770, "category": 2, "volume": 160, "amount": 7840}, "author": {"author_id": "73853938479", "nickname": "常熟市服装城君冉服装商行", "follower_count": 300769}}, {"aweme": {"aweme_id": "6851078970788662532", "aweme_title": "22班最土的两个男生 在校外简直就是另一种人格 #变装 #穿搭", "aweme_url": "https://www.iesdouyin.com/share/video/6851078970788662532/?region=CN&mid=6829158412664720141&u_code=0&titleType=title", "download_url": "https://www.chanmama.com/awemeDetail/6851078970788662532", "digg_count": 4212, "digg_incr": 1480, "aweme_create_time": 1595141138, "category": 2, "volume": 7, "amount": 966}, "author": {"author_id": "1094766580479645", "nickname": "22号穿搭", "follower_count": 78420}}, {"aweme": {"aweme_id": "6850985947748650255", "aweme_title": "我穿男装好看么？#男装 #推广作品", "aweme_url": "https://www.iesdouyin.com/share/video/6850985947748650255/?region=CN&mid=6829993200673983240&u_code=42fjg4f3abeb&titleType=title", "download_url": "https://www.chanmama.com/awemeDetail/6850985947748650255", "digg_count": 1516, "digg_incr": 1457, "aweme_create_time": 1595119473, "category": 2, "volume": 0, "amount": 0}, "author": {"author_id": "2071131463102334", "nickname": "倩倩家服饰", "follower_count": 84706}}, {"aweme": {"aweme_id": "6851131516207107328", "aweme_title": "请您一定看到最后，就算您不买，给我个小星星支持一下我好吗？谢谢了陌生人。#穿搭", "aweme_url": "https://www.iesdouyin.com/share/video/6851131516207107328/?region=CN&mid=6851131526390844167&u_code=0&titleType=title", "download_url": "https://www.chanmama.com/awemeDetail/6851131516207107328", "digg_count": 1733, "digg_incr": 1445, "aweme_create_time": 1595153364, "category": 2, "volume": 253, "amount": 9867}, "author": {"author_id": "96103574916", "nickname": "楼栏服饰", "follower_count": 365986}}, {"aweme": {"aweme_id": "6851097490050043136", "aweme_title": "你可能感兴趣的袜子…… 上一个抖音", "aweme_url": "https://www.iesdouyin.com/share/video/6851097490050043136/?region=CN&mid=6850355475709119245&u_code=0&titleType=title", "download_url": "https://www.chanmama.com/awemeDetail/6851097490050043136", "digg_count": 1841, "digg_incr": 1441, "aweme_create_time": 1595145442, "category": 2, "volume": 0, "amount": 0}, "author": {"author_id": "63666785227", "nickname": "孝天犬学舞蹈", "follower_count": 59368}}, {"aweme": {"aweme_id": "6851044287069588736", "aweme_title": "#t恤  穿可爱衣服的人人不一定可爱", "aweme_url": "https://www.iesdouyin.com/share/video/6851044287069588736/?region=CN&mid=6841117525292763912&u_code=0&titleType=title", "download_url": "https://www.chanmama.com/awemeDetail/6851044287069588736", "digg_count": 2283, "digg_incr": 1424, "aweme_create_time": 1595133054, "category": 2, "volume": 0, "amount": 0}, "author": {"author_id": "73572664164", "nickname": "陈凌逸。", "follower_count": 198783}}, {"aweme": {"aweme_id": "6851115226318802176", "aweme_title": "让女生都驾驭不住的超禁欲套装，驾驭任何场合，整套都搭配好了，留下身高体重安排建议哦#穿搭#男生穿搭", "aweme_url": "https://www.iesdouyin.com/share/video/6851115226318802176/?region=CN&mid=6851115274108717837&u_code=0&titleType=title", "download_url": "https://www.chanmama.com/awemeDetail/6851115226318802176", "digg_count": 1468, "digg_incr": 1415, "aweme_create_time": 1595149579, "category": 2, "volume": 5, "amount": 348}, "author": {"author_id": "98478231465", "nickname": "华仔潮搭", "follower_count": 532146}}, {"aweme": {"aweme_id": "6850992114327751936", "aweme_title": "今天裤子到了一部分，明天后天陆续会到，按下单顺序发货，感谢宝宝们的耐心等待，🙏#玛莎拉蒂锋芒玩家", "aweme_url": "https://www.iesdouyin.com/share/video/6850992114327751936/?region=CN&mid=6811781347007417092&u_code=0&titleType=title", "download_url": "https://www.chanmama.com/awemeDetail/6850992114327751936", "digg_count": 1493, "digg_incr": 1382, "aweme_create_time": 1595120909, "category": 2, "volume": 21, "amount": 2688}, "author": {"author_id": "1543314615843748", "nickname": "红依官方账号", "follower_count": 34484}}, {"aweme": {"aweme_id": "6851132813048155405", "aweme_title": "我只相信努力和收获是成正比的💪感谢我的女神们对六哥的支持🙏😘今天先发六百单#服装创业", "aweme_url": "https://www.iesdouyin.com/share/video/6851132813048155405/?region=CN&mid=6759794599574833934&u_code=0&titleType=title", "download_url": "https://www.chanmama.com/awemeDetail/6851132813048155405", "digg_count": 2689, "digg_incr": 1346, "aweme_create_time": 1595153666, "category": 2, "volume": 0, "amount": 0}, "author": {"author_id": "98139388415", "nickname": "六哥💎王树梅服饰官方号", "follower_count": 137911}}, {"aweme": {"aweme_id": "6851026073543560455", "aweme_title": "#你问我答 男生不频繁更新朋友圈意味着什么？快艾特出你身边那个不发朋友圈的男生～@DOU+小助手 @抖音小助手", "aweme_url": "https://www.iesdouyin.com/share/video/6851026073543560455/?region=CN&mid=6851026070565702408&u_code=0&titleType=title", "download_url": "https://www.chanmama.com/awemeDetail/6851026073543560455", "digg_count": 1998, "digg_incr": 1310, "aweme_create_time": 1595128814, "category": 2, "volume": 0, "amount": 0}, "author": {"author_id": "82053197282", "nickname": "Taos涛tao", "follower_count": 22272}}, {"aweme": {"aweme_id": "6851116031704943887", "aweme_title": "全国大赛湘北若真的碰到名朋！你觉得樱木能这样挡下森重宽吗？湘北能战胜名朋吗？#樱木花道 #森重宽 #灌篮高手", "aweme_url": "https://www.iesdouyin.com/share/video/6851116031704943887/?region=CN&mid=6851116041695660814&u_code=0&titleType=title", "download_url": "https://www.chanmama.com/awemeDetail/6851116031704943887", "digg_count": 2532, "digg_incr": 1303, "aweme_create_time": 1595149759, "category": 2, "volume": 0, "amount": 0}, "author": {"author_id": "98230460060", "nickname": "T·古城🇨🇳篮坛·L", "follower_count": 148534}}, {"aweme": {"aweme_id": "6851009206087142669", "aweme_title": "#夏日穿搭分享 @DOU+小助手", "aweme_url": "https://www.iesdouyin.com/share/video/6851009206087142669/?region=CN&mid=6810465263104903948&u_code=0&titleType=title", "download_url": "https://www.chanmama.com/awemeDetail/6851009206087142669", "digg_count": 1357, "digg_incr": 1300, "aweme_create_time": 1595124887, "category": 2, "volume": 261, "amount": 15399}, "author": {"author_id": "3755559929521536", "nickname": "温迪丝女装", "follower_count": 164402}}, {"aweme": {"aweme_id": "6851119676726988047", "aweme_title": "春夏秋三季可穿的蜂巢弹力网眼西装，舒适、透气、有型。爱美人士必备款！#穿搭 #灰色系 #早秋新款", "aweme_url": "https://www.iesdouyin.com/share/video/6851119676726988047/?region=CN&mid=6838586200094608136&u_code=0&titleType=title", "download_url": "https://www.chanmama.com/awemeDetail/6851119676726988047", "digg_count": 40664, "digg_incr": 1284, "aweme_create_time": 1595150607, "category": 2, "volume": 0, "amount": 0}, "author": {"author_id": "4366913207018643", "nickname": "雅痞潮叔男装官方", "follower_count": 139516}}, {"aweme": {"aweme_id": "6851022796584242447", "aweme_title": "快乐有很多种，见你是我最快乐的一种！#男装 #男士套装 @DOU+小助手", "aweme_url": "https://www.iesdouyin.com/share/video/6851022796584242447/?region=CN&mid=6828716961930365710&u_code=3c2717m7f8ba&titleType=title", "download_url": "https://www.chanmama.com/awemeDetail/6851022796584242447", "digg_count": 1583, "digg_incr": 1278, "aweme_create_time": 1595128051, "category": 2, "volume": 0, "amount": 0}, "author": {"author_id": "857207638601864", "nickname": "飞天服饰男装攻略", "follower_count": 332244}}, {"aweme": {"aweme_id": "6851150880322981131", "aweme_title": "四叶草耳线来啦，双面戴#717抖音奇妙好物市集 #717奇妙好物在这里", "aweme_url": "https://www.iesdouyin.com/share/video/6851150880322981131/?region=CN&mid=6851150907032226573&u_code=6i13aej72e0&titleType=title", "download_url": "https://www.chanmama.com/awemeDetail/6851150880322981131", "digg_count": 1341, "digg_incr": 1253, "aweme_create_time": 1595157878, "category": 2, "volume": 357, "amount": 7104.299999999999}, "author": {"author_id": "61306797353", "nickname": "蜜芽严选", "follower_count": 654678}}, {"aweme": {"aweme_id": "6851098032746876167", "aweme_title": "好喜欢的一套 衬衫 搭 短裤 有和我一样的喜欢请举手#抖音小助手 #服装批发 #气质套装", "aweme_url": "https://www.iesdouyin.com/share/video/6851098032746876167/?region=CN&mid=6808847303966083847&u_code=2akd6f233cab&titleType=title", "download_url": "https://www.chanmama.com/awemeDetail/6851098032746876167", "digg_count": 3162, "digg_incr": 1209, "aweme_create_time": 1595145569, "category": 2, "volume": 202, "amount": 15150}, "author": {"author_id": "62349721141", "nickname": "上海妮珍美批发服装", "follower_count": 156713}}, {"aweme": {"aweme_id": "6850855054866402572", "aweme_title": "笑坏我了，这一段舞蹈是我自己编出来的，你们看了有什么想法？", "aweme_url": "https://www.iesdouyin.com/share/video/6850855054866402572/?region=CN&mid=6850855095698262792&u_code=31186c0fj7a2&titleType=title", "download_url": "https://www.chanmama.com/awemeDetail/6850855054866402572", "digg_count": 1475, "digg_incr": 1194, "aweme_create_time": 1595089017, "category": 2, "volume": 0, "amount": 0}, "author": {"author_id": "99278295709", "nickname": "郭大侠服装", "follower_count": 400297}}, {"aweme": {"aweme_id": "6850968357936565504", "aweme_title": "开丰田的朋友多，开路虎的贵人多，开超跑的情人多，开电瓶车的家务多！宝贝、你开啥？#热门 #717奇妙好物", "aweme_url": "https://www.iesdouyin.com/share/video/6850968357936565504/?region=CN&mid=6841123632597502727&u_code=2g9cf9d97e3b&titleType=title", "download_url": "https://www.chanmama.com/awemeDetail/6850968357936565504", "digg_count": 1245, "digg_incr": 1189, "aweme_create_time": 1595115379, "category": 2, "volume": 103, "amount": 7107}, "author": {"author_id": "2352551523517524", "nickname": "秦朵朵服装商行", "follower_count": 14390}}, {"aweme": {"aweme_id": "6850998148119153920", "aweme_title": "大佬爱斗........#大佬 #搞笑", "aweme_url": "https://www.iesdouyin.com/share/video/6850998148119153920/?region=CN&mid=6850998145216727815&u_code=0&titleType=title", "download_url": "https://www.chanmama.com/awemeDetail/6850998148119153920", "digg_count": 1516, "digg_incr": 1162, "aweme_create_time": 1595122313, "category": 2, "volume": 0, "amount": 0}, "author": {"author_id": "85017316267", "nickname": "WWE摔跤", "follower_count": 40212}}, {"aweme": {"aweme_id": "6851019425437453582", "aweme_title": "撞人了还这么狂，任性姐啊！你们说我反应对不对？#任性#实体店 #不负吾爱探索x面", "aweme_url": "https://www.iesdouyin.com/share/video/6851019425437453582/?region=CN&mid=6851019412766608141&u_code=0&titleType=title", "download_url": "https://www.chanmama.com/awemeDetail/6851019425437453582", "digg_count": 1170, "digg_incr": 1154, "aweme_create_time": 1595127266, "category": 2, "volume": 0, "amount": 0}, "author": {"author_id": "99717678518", "nickname": "如皋市贝利服装店", "follower_count": 20671}}, {"aweme": {"aweme_id": "6850822003935481102", "aweme_title": "吃土都要入手的一件宽松休闲大t+弹力短裤 #穿搭 #我要上热门@DOU+小助手", "aweme_url": "https://www.iesdouyin.com/share/video/6850822003935481102/?region=CN&mid=6850822148563782408&u_code=3aj02iljllhf&titleType=title", "download_url": "https://www.chanmama.com/awemeDetail/6850822003935481102", "digg_count": 1388, "digg_incr": 1152, "aweme_create_time": 1595136060, "category": 2, "volume": 26, "amount": 1274}, "author": {"author_id": "2396569548366062", "nickname": "依妮琳服装穿搭", "follower_count": 95976}}, {"aweme": {"aweme_id": "6851172188662336776", "aweme_title": "胖哥最爱的百搭、显瘦、减龄、衬衫  #717奇妙好物在这里  #大码男装", "aweme_url": "https://www.iesdouyin.com/share/video/6851172188662336776/?region=CN&mid=6851172294430411534&u_code=3di8ekei84ja&titleType=title", "download_url": "https://www.chanmama.com/awemeDetail/6851172188662336776", "digg_count": 2056, "digg_incr": 1151, "aweme_create_time": 1595162856, "category": 2, "volume": 29, "amount": 3741}, "author": {"author_id": "118374025397259", "nickname": "森老板的大码店", "follower_count": 113949}}, {"aweme": {"aweme_id": "6850951888129559821", "aweme_title": "#大码女装 #胖女孩穿搭 #抖音小助手 不要质疑我的肚子了", "aweme_url": "https://www.iesdouyin.com/share/video/6850951888129559821/?region=CN&mid=6850951808220007182&u_code=0&titleType=title", "download_url": "https://www.chanmama.com/awemeDetail/6850951888129559821", "digg_count": 1367, "digg_incr": 1146, "aweme_create_time": 1595111551, "category": 2, "volume": 74, "amount": 4810}, "author": {"author_id": "73893185143", "nickname": "展赫家大码女装", "follower_count": 155875}}, {"aweme": {"aweme_id": "6851067639599566088", "aweme_title": "#河北时装周 #果味相投一起混 #抖音热门", "aweme_url": "https://www.iesdouyin.com/share/video/6851067639599566088/?region=CN&mid=6625400727206365966&u_code=0&titleType=title", "download_url": "https://www.chanmama.com/awemeDetail/6851067639599566088", "digg_count": 1361, "digg_incr": 1130, "aweme_create_time": 1595138493, "category": 2, "volume": 352, "amount": 13728}, "author": {"author_id": "67549179395", "nickname": "清河县凌冬服装店", "follower_count": 25878}}, {"aweme": {"aweme_id": "6851128566122351872", "aweme_title": "凡人最大的勇敢 是真实的活着#日常穿搭", "aweme_url": "https://www.iesdouyin.com/share/video/6851128566122351872/?region=CN&mid=6847118822810716941&u_code=0&titleType=title", "download_url": "https://www.chanmama.com/awemeDetail/6851128566122351872", "digg_count": 1224, "digg_incr": 1095, "aweme_create_time": 1595152677, "category": 2, "volume": 0, "amount": 0}, "author": {"author_id": "62471402749", "nickname": "LH_", "follower_count": 157049}}, {"aweme": {"aweme_id": "6850957150144023821", "aweme_title": "哪个颜色更显皮肤更适合你呢 #服装搭配 #玛莎拉蒂锋芒玩家 #拼接卫衣 #连帽卫衣 @DOU+小助手", "aweme_url": "https://www.iesdouyin.com/share/video/6850957150144023821/?region=CN&mid=6810571395844770572&u_code=8kk8hb3afik&titleType=title", "download_url": "https://www.chanmama.com/awemeDetail/6850957150144023821", "digg_count": 2591, "digg_incr": 1077, "aweme_create_time": 1595112774, "category": 2, "volume": 65, "amount": 3835}, "author": {"author_id": "66329712408", "nickname": "蒋毅服装商行", "follower_count": 30945}}, {"aweme": {"aweme_id": "6850967078434868483", "aweme_title": "#杜宾 我會變形 但不會變心", "aweme_url": "https://www.iesdouyin.com/share/video/6850967078434868483/?region=CN&mid=6617776787030018819&u_code=0&titleType=title", "download_url": "https://www.chanmama.com/awemeDetail/6850967078434868483", "digg_count": 1018, "digg_incr": 1015, "aweme_create_time": 1595115097, "category": 2, "volume": 0, "amount": 0}, "author": {"author_id": "68917333484", "nickname": "奇迹女神中国 史雯惠", "follower_count": 956898}}, {"aweme": {"aweme_id": "6850871438254066951", "aweme_title": "水钻图案+蕾丝镂空+交叉绑带+V领，细节满满显瘦洋气又便宜 #穿搭  #显瘦穿搭", "aweme_url": "https://www.iesdouyin.com/share/video/6850871438254066951/?region=CN&mid=6850873250499529486&u_code=5bh50m9fd9a&titleType=title", "download_url": "https://www.chanmama.com/awemeDetail/6850871438254066951", "digg_count": 2430, "digg_incr": 997, "aweme_create_time": 1595111760, "category": 2, "volume": 52, "amount": 2594.7999999999997}, "author": {"author_id": "99144022204", "nickname": "鑫衣尚女装店", "follower_count": 689290}}, {"aweme": {"aweme_id": "6851183792615476487", "aweme_title": "￼有女儿真好，等他长大了，可以穿她的衣服用他的化妆品。还可以使唤她的男朋友#童装 #717奇妙好物在这里 #新", "aweme_url": "https://www.iesdouyin.com/share/video/6851183792615476487/?region=CN&mid=6851183814396463879&u_code=e022gf277fj&titleType=title", "download_url": "https://www.chanmama.com/awemeDetail/6851183792615476487", "digg_count": 1042, "digg_incr": 994, "aweme_create_time": 1595165535, "category": 2, "volume": 0, "amount": 0}, "author": {"author_id": "100818907867", "nickname": "星际小熊精品童装", "follower_count": 507912}}, {"aweme": {"aweme_id": "6851137398013775104", "aweme_title": "男士衬衫2020新款，我穿帅气吗？#上热门 @抖音小助手", "aweme_url": "https://www.iesdouyin.com/share/video/6851137398013775104/?region=CN&mid=6851137398047296269&u_code=161hg4l042h&titleType=title", "download_url": "https://www.chanmama.com/awemeDetail/6851137398013775104", "digg_count": 2407, "digg_incr": 990, "aweme_create_time": 1595154733, "category": 2, "volume": 25, "amount": 1475}, "author": {"author_id": "3702782644719950", "nickname": "遇见最好的你", "follower_count": 118697}}, {"aweme": {"aweme_id": "6851161442536738063", "aweme_title": "开开心心每一天，心态决定命运。越努力越幸运#玛莎拉蒂锋芒玩家 #微胖女生 @DOU+小助手", "aweme_url": "https://www.iesdouyin.com/share/video/6851161442536738063/?region=CN&mid=6849993612617747208&u_code=0&titleType=title", "download_url": "https://www.chanmama.com/awemeDetail/6851161442536738063", "digg_count": 1025, "digg_incr": 990, "aweme_create_time": 1595160331, "category": 2, "volume": 74, "amount": 5106}, "author": {"author_id": "3509235939285952", "nickname": "莉姐大码穿搭", "follower_count": 223910}}, {"aweme": {"aweme_id": "6851030077229141261", "aweme_title": "男人穿的土，遇见母老虎，男人穿的帅，萝莉把你爱！ #每日穿搭  #夏季穿搭", "aweme_url": "https://www.iesdouyin.com/share/video/6851030077229141261/?region=CN&mid=6851030168397089549&u_code=4d70j3mc9cjf&titleType=title", "download_url": "https://www.chanmama.com/awemeDetail/6851030077229141261", "digg_count": 1197, "digg_incr": 976, "aweme_create_time": 1595129766, "category": 2, "volume": 59, "amount": 1711}, "author": {"author_id": "3812760066463965", "nickname": "亮仔穿搭", "follower_count": 172963}}, {"aweme": {"aweme_id": "6851133161737309448", "aweme_title": "活泼大方时尚～点击头像进入直播间，参与717奇妙好物节新款尽情秒活动#秒团行动ing#717奇妙好物在这里", "aweme_url": "https://www.iesdouyin.com/share/video/6851133161737309448/?region=CN&mid=6390142984557431554&u_code=0&titleType=title", "download_url": "https://www.chanmama.com/awemeDetail/6851133161737309448", "digg_count": 1149, "digg_incr": 932, "aweme_create_time": 1595153747, "category": 2, "volume": 25, "amount": 2475}, "author": {"author_id": "105158581793", "nickname": "小鱼鱼服装搭配", "follower_count": 746572}}, {"aweme": {"aweme_id": "6850981238124055816", "aweme_title": "芭比瑜伽裤➕闺蜜装，这一套太好看了！", "aweme_url": "https://www.iesdouyin.com/share/video/6850981238124055816/?region=CN&mid=6825818694964120328&u_code=23fc758dcd3h&titleType=title", "download_url": "https://www.chanmama.com/awemeDetail/6850981238124055816", "digg_count": 1088, "digg_incr": 930, "aweme_create_time": 1595118377, "category": 2, "volume": 34, "amount": 1686}, "author": {"author_id": "3597242853753502", "nickname": "七秒鱼服装商行", "follower_count": 55015}}, {"aweme": {"aweme_id": "6851200296224296203", "aweme_title": "来了.我穿的这款男款套装好看又帅气.#上热门 @抖音小助手", "aweme_url": "https://www.iesdouyin.com/share/video/6851200296224296203/?region=CN&mid=6831454345951808264&u_code=3mgb47e23akf&titleType=title", "download_url": "https://www.chanmama.com/awemeDetail/6851200296224296203", "digg_count": 1006, "digg_incr": 926, "aweme_create_time": 1595169385, "category": 2, "volume": 0, "amount": 0}, "author": {"author_id": "1692901699231916", "nickname": "常熟伶俐家服饰", "follower_count": 228112}}, {"aweme": {"aweme_id": "6851112051721374989", "aweme_title": "白色是不是更显轻灵？～点击头像进直播间参与奇妙好物节，新款尽情秒#秒团行动ing #717奇妙好物在这里", "aweme_url": "https://www.iesdouyin.com/share/video/6851112051721374989/?region=CN&mid=6626921478493309704&u_code=39cg474bh2ff&titleType=title", "download_url": "https://www.chanmama.com/awemeDetail/6851112051721374989", "digg_count": 1012, "digg_incr": 915, "aweme_create_time": 1595148832, "category": 2, "volume": 61, "amount": 6039}, "author": {"author_id": "105158581793", "nickname": "小鱼鱼服装搭配", "follower_count": 746572}}, {"aweme": {"aweme_id": "6851123318158871812", "aweme_title": "这件最近出镜率最高的单品。#男生穿搭 #每日穿搭分享 #穿搭技巧", "aweme_url": "https://www.iesdouyin.com/share/video/6851123318158871812/?region=CN&mid=6851123356100578056&u_code=0&titleType=title", "download_url": "https://www.chanmama.com/awemeDetail/6851123318158871812", "digg_count": 1490, "digg_incr": 904, "aweme_create_time": 1595151462, "category": 2, "volume": 3, "amount": 247}, "author": {"author_id": "2669222945633316", "nickname": "一轩轩轩", "follower_count": 672083}}, {"aweme": {"aweme_id": "6851068925220818191", "aweme_title": "眼睛修好了☺️#马教授 #太阳镜 #洛杉矶", "aweme_url": "https://www.iesdouyin.com/share/video/6851068925220818191/?region=CN&mid=6851068956820998919&u_code=0&titleType=title", "download_url": "https://www.chanmama.com/awemeDetail/6851068925220818191", "digg_count": 1214, "digg_incr": 903, "aweme_create_time": 1595138791, "category": 2, "volume": 1, "amount": 280}, "author": {"author_id": "111448895255", "nickname": "洛杉矶_马教授", "follower_count": 278452}}, {"aweme": {"aweme_id": "6851149899061300493", "aweme_title": "偏瘦的男生 肩部窄，怎么穿才有型？#男生穿搭 #瘦 @抖音小助手", "aweme_url": "https://www.iesdouyin.com/share/video/6851149899061300493/?region=CN&mid=6695044071947241474&u_code=0&titleType=title", "download_url": "https://www.chanmama.com/awemeDetail/6851149899061300493", "digg_count": 1579, "digg_incr": 884, "aweme_create_time": 1595157644, "category": 2, "volume": 8, "amount": 537}, "author": {"author_id": "66128560144", "nickname": "大雄小个子穿搭日记", "follower_count": 185388}}, {"aweme": {"aweme_id": "6851022827739548928", "aweme_title": "限流有点严重啊😓#沙雕男孩 #豁出去了 #变装", "aweme_url": "https://www.iesdouyin.com/share/video/6851022827739548928/?region=CN&mid=6851022829672991501&u_code=2djli8g9h047&titleType=title", "download_url": "https://www.chanmama.com/awemeDetail/6851022827739548928", "digg_count": 1030, "digg_incr": 883, "aweme_create_time": 1595128058, "category": 2, "volume": 0, "amount": 0}, "author": {"author_id": "107761302549", "nickname": "千翻的男人", "follower_count": 8503}}, {"aweme": {"aweme_id": "6851079215459093760", "aweme_title": "我这个长相和妈妈配更像情侣😂#情侣装#快乐一家人", "aweme_url": "https://www.iesdouyin.com/share/video/6851079215459093760/?region=CN&mid=6823152141700958989&u_code=0&titleType=title", "download_url": "https://www.chanmama.com/awemeDetail/6851079215459093760", "digg_count": 1696, "digg_incr": 881, "aweme_create_time": 1595141187, "category": 2, "volume": 2, "amount": 118}, "author": {"author_id": "97618691975", "nickname": "——猛袭", "follower_count": 17893}}, {"aweme": {"aweme_id": "6851129648932261132", "aweme_title": "新款也很性感。", "aweme_url": "https://www.iesdouyin.com/share/video/6851129648932261132/?region=CN&mid=6779069012346144770&u_code=0&titleType=title", "download_url": "https://www.chanmama.com/awemeDetail/6851129648932261132", "digg_count": 1188, "digg_incr": 873, "aweme_create_time": 1595152936, "category": 2, "volume": 1, "amount": 218}, "author": {"author_id": "110954432888", "nickname": "严肃图志服饰官方账号", "follower_count": 188643}}, {"aweme": {"aweme_id": "6851131542446640384", "aweme_title": "成熟搭配，你喜欢吗#微胖穿搭 #男生穿搭 @DOU+小助手", "aweme_url": "https://www.iesdouyin.com/share/video/6851131542446640384/?region=CN&mid=6851131544011033357&u_code=0&titleType=title", "download_url": "https://www.chanmama.com/awemeDetail/6851131542446640384", "digg_count": 1014, "digg_incr": 813, "aweme_create_time": 1595153370, "category": 2, "volume": 14, "amount": 2166}, "author": {"author_id": "99649958562", "nickname": "孙漂亮大码男装穿搭", "follower_count": 134692}}, {"aweme": {"aweme_id": "6850852315012943117", "aweme_title": "美丽大方的藏族新娘子", "aweme_url": "https://www.iesdouyin.com/share/video/6850852315012943117/?region=CN&mid=6848063235631876867&u_code=0&titleType=title", "download_url": "https://www.chanmama.com/awemeDetail/6850852315012943117", "digg_count": 1267, "digg_incr": 766, "aweme_create_time": 1595088411, "category": 2, "volume": 0, "amount": 0}, "author": {"author_id": "70528313575", "nickname": "西藏旅视发布", "follower_count": 668413}}, {"aweme": {"aweme_id": "6850984727441132808", "aweme_title": "往后余生，愿你不念过往，不畏将来，笑对生活中的风风雨雨，任凭时光荏苒，每一天都是自己喜欢的模样。早安￼", "aweme_url": "https://www.iesdouyin.com/share/video/6850984727441132808/?region=CN&mid=6834803820657216269&u_code=0&titleType=title", "download_url": "https://www.chanmama.com/awemeDetail/6850984727441132808", "digg_count": 2768, "digg_incr": 716, "aweme_create_time": 1595119190, "category": 2, "volume": 0, "amount": 0}, "author": {"author_id": "364658010100580", "nickname": "77年单身奶奶", "follower_count": 384873}}, {"aweme": {"aweme_id": "6850814092106616071", "aweme_title": "今天遇到这么多对手？ #拽姐  #地铁   #地铁偶遇", "aweme_url": "https://www.iesdouyin.com/share/video/6850814092106616071/?region=CN&mid=6850814196624509704&u_code=0&titleType=title", "download_url": "https://www.chanmama.com/awemeDetail/6850814092106616071", "digg_count": 1313, "digg_incr": 714, "aweme_create_time": 1595143800, "category": 2, "volume": 0, "amount": 0}, "author": {"author_id": "800071522458967", "nickname": "就是李叔叔阿", "follower_count": 54237}}, {"aweme": {"aweme_id": "6851096449741032704", "aweme_title": "那个男人回来了，RNG失利之后Uzi安慰小明小龙堡，长大了那个神！#rng", "aweme_url": "https://www.iesdouyin.com/share/video/6851096449741032704/?region=CN&mid=6851096464685419277&u_code=0&titleType=title", "download_url": "https://www.chanmama.com/awemeDetail/6851096449741032704", "digg_count": 1029, "digg_incr": 694, "aweme_create_time": 1595145200, "category": 2, "volume": 0, "amount": 0}, "author": {"author_id": "96147499374", "nickname": "小虎hi", "follower_count": 62081}}, {"aweme": {"aweme_id": "6851036272576695566", "aweme_title": "一条裤子 我想穿一年#穿搭#每日穿搭", "aweme_url": "https://www.iesdouyin.com/share/video/6851036272576695566/?region=CN&mid=6851036319452236552&u_code=0&titleType=title", "download_url": "https://www.chanmama.com/awemeDetail/6851036272576695566", "digg_count": 1626, "digg_incr": 639, "aweme_create_time": 1595131188, "category": 2, "volume": 4, "amount": 340}, "author": {"author_id": "86574604000", "nickname": "小熊的新衣", "follower_count": 33231}}, {"aweme": {"aweme_id": "6851104794933857536", "aweme_title": "#美衣搭配 直播中", "aweme_url": "https://www.iesdouyin.com/share/video/6851104794933857536/?region=CN&mid=6850635734773238535&u_code=0&titleType=title", "download_url": "https://www.chanmama.com/awemeDetail/6851104794933857536", "digg_count": 1236, "digg_incr": 620, "aweme_create_time": 1595147143, "category": 2, "volume": 0, "amount": 0}, "author": {"author_id": "106753314402", "nickname": "百搭服饰", "follower_count": 140130}}, {"aweme": {"aweme_id": "6850958865329048839", "aweme_title": "谁不是把自由卖了，换来了柴米油盐，做成了酸涩苦辣汤，谁不是把青春和选择当了，换成了孩子的茁壮成长#抖音小助手", "aweme_url": "https://www.iesdouyin.com/share/video/6850958865329048839/?region=CN&mid=6841725392441591816&u_code=0&titleType=title", "download_url": "https://www.chanmama.com/awemeDetail/6850958865329048839", "digg_count": 1875, "digg_incr": 614, "aweme_create_time": 1595113172, "category": 2, "volume": 0, "amount": 0}, "author": {"author_id": "98173533689", "nickname": "左右棉麻服饰", "follower_count": 32866}}, {"aweme": {"aweme_id": "6851135326811884800", "aweme_title": "可演可咸的微啦拉链裤来了 喜欢的请举手", "aweme_url": "https://www.iesdouyin.com/share/video/6851135326811884800/?region=CN&mid=6837003551991253768&u_code=166g7lj433gg&titleType=title", "download_url": "https://www.chanmama.com/awemeDetail/6851135326811884800", "digg_count": 1303, "digg_incr": 600, "aweme_create_time": 1595154252, "category": 2, "volume": 36, "amount": 2124}, "author": {"author_id": "59690141385", "nickname": "鑫良服装商行", "follower_count": 792693}}, {"aweme": {"aweme_id": "6851163452862401805", "aweme_title": "男士棉麻九分裤套装，我穿好看吗？正在直播中#上热门 #直播 @抖音小助手", "aweme_url": "https://www.iesdouyin.com/share/video/6851163452862401805/?region=CN&mid=6834529319251905287&u_code=22958k1e2hb6&titleType=title", "download_url": "https://www.chanmama.com/awemeDetail/6851163452862401805", "digg_count": 2785, "digg_incr": 516, "aweme_create_time": 1595160799, "category": 2, "volume": 4, "amount": 236}, "author": {"author_id": "106347681681", "nickname": "张天恩服饰", "follower_count": 89260}}, {"aweme": {"aweme_id": "6851145327504854279", "aweme_title": "超禁欲男生西装，就这一套，你都买不起（250斤也能穿）#男生穿搭 #solo出道谁最nata #穿搭", "aweme_url": "https://www.iesdouyin.com/share/video/6851145327504854279/?region=CN&mid=6851145332647021320&u_code=0&titleType=title", "download_url": "https://www.chanmama.com/awemeDetail/6851145327504854279", "digg_count": 1003, "digg_incr": 502, "aweme_create_time": 1595156580, "category": 2, "volume": 1, "amount": 98}, "author": {"author_id": "610926286613547", "nickname": "打造型男工作坊", "follower_count": 773961}}, {"aweme": {"aweme_id": "6851022914674789632", "aweme_title": "帅哥一定要有一条黑色牛仔", "aweme_url": "https://www.iesdouyin.com/share/video/6851022914674789632/?region=CN&mid=6851022917338155783&u_code=0&titleType=title", "download_url": "https://www.chanmama.com/awemeDetail/6851022914674789632", "digg_count": 1253, "digg_incr": 498, "aweme_create_time": 1595128078, "category": 2, "volume": 3, "amount": 327}, "author": {"author_id": "61986754338", "nickname": "致橡树", "follower_count": 581557}}, {"aweme": {"aweme_id": "6851044245114047748", "aweme_title": "听说好多人都在问这款衣服如何三穿 ？快看过来～✌🏻", "aweme_url": "https://www.iesdouyin.com/share/video/6851044245114047748/?region=CN&mid=6843607089181362177&u_code=0&titleType=title", "download_url": "https://www.chanmama.com/awemeDetail/6851044245114047748", "digg_count": 1164, "digg_incr": 428, "aweme_create_time": 1595133052, "category": 2, "volume": 0, "amount": 0}, "author": {"author_id": "399839012074615", "nickname": "火烈鸟服装设计工作室", "follower_count": 31683}}, {"aweme": {"aweme_id": "6850971756677664012", "aweme_title": "80热潮摇滚T穿搭时加小心机搭配、让你与众不同穿出属于你的风格、穿出#好身材 比例、#穿搭 你值得", "aweme_url": "https://www.iesdouyin.com/share/video/6850971756677664012/?region=CN&mid=6850971793943972621&u_code=0&titleType=title", "download_url": "https://www.chanmama.com/awemeDetail/6850971756677664012", "digg_count": 2581, "digg_incr": 418, "aweme_create_time": 1595116185, "category": 2, "volume": 0, "amount": 0}, "author": {"author_id": "694489134932199", "nickname": "卡卡正品服装工厂", "follower_count": 16311}}]}