{"data": [{"aweme": {"aweme_id": "6851057817328061696", "aweme_title": "#集美 这个定妆粉真的炒鸡好用#推荐 艾特你的#闺蜜 买给你吧！！@电商小助手 #散粉 #美妆", "aweme_url": "https://www.iesdouyin.com/share/video/6851057817328061696/?region=CN&mid=6838518831309572872&u_code=0&titleType=title", "download_url": "https://www.chanmama.com/awemeDetail/6851057817328061696", "digg_count": 46086, "digg_incr": 28659, "aweme_create_time": 1595136205, "category": 3, "volume": 2249, "amount": 4273.099999999999}, "author": {"author_id": "69532793383", "nickname": "莓莓爱酸奶🍓", "follower_count": 16996}}, {"aweme": {"aweme_id": "6851043593876966671", "aweme_title": "❤️💛💙💜💚💖🖤🤍", "aweme_url": "https://www.iesdouyin.com/share/video/6851043593876966671/?region=CN&mid=6726426493402106631&u_code=0&titleType=title", "download_url": "https://www.chanmama.com/awemeDetail/6851043593876966671", "digg_count": 28064, "digg_incr": 14757, "aweme_create_time": 1595132893, "category": 3, "volume": 83, "amount": 5727}, "author": {"author_id": "69451984725", "nickname": "我快秃了", "follower_count": 144395}}, {"aweme": {"aweme_id": "6851012557977750792", "aweme_title": "低价10💰适合#学生党#平价#化妆品 定妆粉质细腻又轻薄 再不用担心油光满面#闺蜜#安排#一起用#好物推荐", "aweme_url": "https://www.iesdouyin.com/share/video/6851012557977750792/?region=CN&mid=6843607089181362177&u_code=43c8mffhb83f&titleType=title", "download_url": "https://www.chanmama.com/awemeDetail/6851012557977750792", "digg_count": 14642, "digg_incr": 14695, "aweme_create_time": 1595125667, "category": 3, "volume": 4357, "amount": 8278.3}, "author": {"author_id": "1996356031903550", "nickname": "范范来喽🍀", "follower_count": 17020}}, {"aweme": {"aweme_id": "6851019260437826816", "aweme_title": "发膜超级好用……#申请上热门 #好物推荐 #夏天 #纯音乐 #坐月子 #产妇日常 #护发", "aweme_url": "https://www.iesdouyin.com/share/video/6851019260437826816/?region=CN&mid=6642340289002343171&u_code=0&titleType=title", "download_url": "https://www.chanmama.com/awemeDetail/6851019260437826816", "digg_count": 14175, "digg_incr": 14197, "aweme_create_time": 1595127228, "category": 3, "volume": 1193, "amount": 23848.07}, "author": {"author_id": "1292650526818112", "nickname": "朵儿涵", "follower_count": 56675}}, {"aweme": {"aweme_id": "6851112023091318031", "aweme_title": "我对你的好你总是视而不见，我可以惯着你也可以换了你，你不尊重我凭什么让我尊重你，认同吗#717奇妙好物在这里", "aweme_url": "https://www.iesdouyin.com/share/video/6851112023091318031/?region=CN&mid=6755591919806204679&u_code=0&titleType=title", "download_url": "https://www.chanmama.com/awemeDetail/6851112023091318031", "digg_count": 25980, "digg_incr": 13699, "aweme_create_time": 1595148825, "category": 3, "volume": 0, "amount": 0}, "author": {"author_id": "103722171454", "nickname": "芙蓉姐姐", "follower_count": 603131}}, {"aweme": {"aweme_id": "6851027976289553679", "aweme_title": "#持妆不假面  @兰蔻LANCOME 你们的男朋友在哪里？", "aweme_url": "https://www.iesdouyin.com/share/video/6851027976289553679/?region=CN&mid=6851027978969762568&u_code=2kf52kj9m7c2&titleType=title", "download_url": "https://www.chanmama.com/awemeDetail/6851027976289553679", "digg_count": 60483, "digg_incr": 11435, "aweme_create_time": 1595129257, "category": 3, "volume": 0, "amount": 0}, "author": {"author_id": "51724510245", "nickname": "泥泥爱游戏", "follower_count": 86921}}, {"aweme": {"aweme_id": "6851077142193671424", "aweme_title": "还是雾面03号，要一层一层的涂，干了一层再涂一层那种，越涂越好看 ～完全就是薄涂不如厚涂的系列#泰星 #泰妆", "aweme_url": "https://www.iesdouyin.com/share/video/6851077142193671424/?region=CN&mid=6812538880793774082&u_code=0&titleType=title", "download_url": "https://www.chanmama.com/awemeDetail/6851077142193671424", "digg_count": 17495, "digg_incr": 10864, "aweme_create_time": 1595140705, "category": 3, "volume": 269, "amount": 27438}, "author": {"author_id": "66330556158", "nickname": "ThaiBeauty", "follower_count": 106189}}, {"aweme": {"aweme_id": "6851019174001609991", "aweme_title": "52岁的我，不会花言巧语，没心眼，如不嫌弃我年龄大，就点开右下角箭头，就能看到我，认识一呗！#抖音小助手", "aweme_url": "https://www.iesdouyin.com/share/video/6851019174001609991/?region=CN&mid=6710171616246041356&u_code=0&titleType=title", "download_url": "https://www.chanmama.com/awemeDetail/6851019174001609991", "digg_count": 9321, "digg_incr": 9053, "aweme_create_time": 1595127208, "category": 3, "volume": 1, "amount": 57.9}, "author": {"author_id": "97872135928", "nickname": "白开水有点甜💦68年11月🐒🐒", "follower_count": 172859}}, {"aweme": {"aweme_id": "6851012873884290304", "aweme_title": "美妆师闺蜜的这个#粉底液 果然好用！遮瑕给力，上妆服帖，夏天出门40度都不怕脱妆☺", "aweme_url": "https://www.iesdouyin.com/share/video/6851012873884290304/?region=CN&mid=6851012870180850439&u_code=51mch8ji478&titleType=title", "download_url": "https://www.chanmama.com/awemeDetail/6851012873884290304", "digg_count": 8146, "digg_incr": 7388, "aweme_create_time": 1595125741, "category": 3, "volume": 857, "amount": 25624.300000000003}, "author": {"author_id": "1028764386199175", "nickname": "美妆师小熙（39两瓶）", "follower_count": 7446}}, {"aweme": {"aweme_id": "6851047885736332552", "aweme_title": "修容大法好，新手修容测评#美妆 #修容#诗佩妮", "aweme_url": "https://www.iesdouyin.com/share/video/6851047885736332552/?region=CN&mid=6851047989109476109&u_code=0&titleType=title", "download_url": "https://www.chanmama.com/awemeDetail/6851047885736332552", "digg_count": 7146, "digg_incr": 7133, "aweme_create_time": 1595152800, "category": 3, "volume": 19, "amount": 490.2}, "author": {"author_id": "104668180307", "nickname": "杨闪闪💕", "follower_count": 505936}}, {"aweme": {"aweme_id": "6850699371512745231", "aweme_title": "#金稻直发梳 一起get杨幂同款双马尾吧！", "aweme_url": "https://www.iesdouyin.com/share/video/6850699371512745231/?region=CN&mid=6850699384167484173&u_code=0&titleType=title", "download_url": "https://www.chanmama.com/awemeDetail/6850699371512745231", "digg_count": 6958, "digg_incr": 6991, "aweme_create_time": 1595131200, "category": 3, "volume": 0, "amount": 0}, "author": {"author_id": "81487624191", "nickname": "青菜呀", "follower_count": 725638}}, {"aweme": {"aweme_id": "6851090957618728200", "aweme_title": "女人皮肤细腻有光泽，看着年轻又漂亮，是时候做出改变了 @抖音小助手", "aweme_url": "https://www.iesdouyin.com/share/video/6851090957618728200/?region=CN&mid=6851091060492356365&u_code=0&titleType=title", "download_url": "https://www.chanmama.com/awemeDetail/6851090957618728200", "digg_count": 12013, "digg_incr": 6521, "aweme_create_time": 1595143946, "category": 3, "volume": 0, "amount": 0}, "author": {"author_id": "84586424504", "nickname": "國货（时光记忆）", "follower_count": 88985}}, {"aweme": {"aweme_id": "6851130221064670464", "aweme_title": "假睫毛和大地色这组cp 我可以锁了吼", "aweme_url": "https://www.iesdouyin.com/share/video/6851130221064670464/?region=CN&mid=6851130242665286407&u_code=0&titleType=title", "download_url": "https://www.chanmama.com/awemeDetail/6851130221064670464", "digg_count": 8403, "digg_incr": 6369, "aweme_create_time": 1595153062, "category": 3, "volume": 25, "amount": 1150}, "author": {"author_id": "83444669518", "nickname": "我在上网冲浪中", "follower_count": 544371}}, {"aweme": {"aweme_id": "6850970379561733379", "aweme_title": "为了挣钱吃药打败癌症，天天睡得比🐶晚，早上起的你🐔早，洗漱完了，赶紧发货，这种日子什么时候是个头啊？唉加油", "aweme_url": "https://www.iesdouyin.com/share/video/6850970379561733379/?region=CN&mid=6832614584886233869&u_code=0&titleType=title", "download_url": "https://www.chanmama.com/awemeDetail/6850970379561733379", "digg_count": 7042, "digg_incr": 6307, "aweme_create_time": 1595115861, "category": 3, "volume": 5, "amount": 780}, "author": {"author_id": "74595673775", "nickname": "鸥尚服装", "follower_count": 384466}}, {"aweme": {"aweme_id": "6851149953776028936", "aweme_title": "#健康 #拉进世界一瞬傾心 #你在焦点在 @抖音小助手", "aweme_url": "https://www.iesdouyin.com/share/video/6851149953776028936/?region=CN&mid=6690424904078068492&u_code=0&titleType=title", "download_url": "https://www.chanmama.com/awemeDetail/6851149953776028936", "digg_count": 11608, "digg_incr": 6228, "aweme_create_time": 1595157656, "category": 3, "volume": 10, "amount": 480}, "author": {"author_id": "75012932744", "nickname": "高姐护肤", "follower_count": 703211}}, {"aweme": {"aweme_id": "6851006370959887629", "aweme_title": "其实有时候不是你不会化妆，有可能是你的产品没用对#美妆 #好物推荐", "aweme_url": "https://www.iesdouyin.com/share/video/6851006370959887629/?region=CN&mid=6851006372839017229&u_code=0&titleType=title", "download_url": "https://www.chanmama.com/awemeDetail/6851006370959887629", "digg_count": 10583, "digg_incr": 6185, "aweme_create_time": 1595124227, "category": 3, "volume": 18, "amount": 718.1999999999999}, "author": {"author_id": "712101419293015", "nickname": "金金（每天上午10点直播）", "follower_count": 36649}}, {"aweme": {"aweme_id": "6851086192104983821", "aweme_title": "我是聋哑男孩，老婆是拿来疼的，老婆放心我用留香珠了，一定把你衣服洗得香喷喷的，会洗衣做饭的老公你们有吗，谢谢！", "aweme_url": "https://www.iesdouyin.com/share/video/6851086192104983821/?region=CN&mid=6827795124127861518&u_code=0&titleType=title", "download_url": "https://www.chanmama.com/awemeDetail/6851086192104983821", "digg_count": 7809, "digg_incr": 6006, "aweme_create_time": 1595142812, "category": 3, "volume": 76, "amount": 752.4}, "author": {"author_id": "59493899113", "nickname": "Cc无声小哥哥", "follower_count": 670395}}, {"aweme": {"aweme_id": "6851142581804387595", "aweme_title": "想成为livephoto小达人，一定要注意面部平整度！#苹果原相机   #修容", "aweme_url": "https://www.iesdouyin.com/share/video/6851142581804387595/?region=CN&mid=6851142754538408717&u_code=0&titleType=title", "download_url": "https://www.chanmama.com/awemeDetail/6851142581804387595", "digg_count": 73252, "digg_incr": 5156, "aweme_create_time": 1595158233, "category": 3, "volume": 14, "amount": 2506}, "author": {"author_id": "95659858337", "nickname": "🚀小火箭", "follower_count": 567901}}, {"aweme": {"aweme_id": "6850813775797406991", "aweme_title": "高颜值性价比超高的电动牙刷来咯#比普通牙刷还便宜的电动牙刷  @DOU+小助手", "aweme_url": "https://www.iesdouyin.com/share/video/6850813775797406991/?region=CN&mid=6779069012350339073&u_code=0&titleType=title", "download_url": "https://www.chanmama.com/awemeDetail/6850813775797406991", "digg_count": 4647, "digg_incr": 4651, "aweme_create_time": 1595149200, "category": 3, "volume": 3, "amount": 89.69999999999999}, "author": {"author_id": "91965992999", "nickname": "酱酱爱种草", "follower_count": 708666}}, {"aweme": {"aweme_id": "6850804290009779469", "aweme_title": "熬夜党必须拥有的好物，这个我能屯一箱！#海草计划 #每个熬熬待补的夜", "aweme_url": "https://www.iesdouyin.com/share/video/6850804290009779469/?region=CN&mid=6850804389167319822&u_code=0&titleType=title", "download_url": "https://www.chanmama.com/awemeDetail/6850804290009779469", "digg_count": 13039, "digg_incr": 4544, "aweme_create_time": 1595127600, "category": 3, "volume": 0, "amount": 0}, "author": {"author_id": "64031999104", "nickname": "王沁Effie", "follower_count": 986833}}, {"aweme": {"aweme_id": "6851073360659549443", "aweme_title": "这款毛孔清洁这里里面有竹炭因子，可以以黑吸黑，吸附毛孔里的垃圾毒素一周三次可以清洁皮肤净化毛孔#清洁毛孔", "aweme_url": "https://www.iesdouyin.com/share/video/6851073360659549443/?region=CN&mid=6851073441278642958&u_code=2426m56941ia&titleType=title", "download_url": "https://www.chanmama.com/awemeDetail/6851073360659549443", "digg_count": 9494, "digg_incr": 4448, "aweme_create_time": 1595139831, "category": 3, "volume": 292, "amount": 8730.8}, "author": {"author_id": "74406778373118", "nickname": "俪姐👑严选「优质电商」", "follower_count": 148704}}, {"aweme": {"aweme_id": "6850671380774538511", "aweme_title": "#韩国 #留学 #美甲 带大家体验一下韩国美甲", "aweme_url": "https://www.iesdouyin.com/share/video/6850671380774538511/?region=CN&mid=6850671393206553357&u_code=0&titleType=title", "download_url": "https://www.chanmama.com/awemeDetail/6850671380774538511", "digg_count": 7047, "digg_incr": 4362, "aweme_create_time": 1595151000, "category": 3, "volume": 1, "amount": 58}, "author": {"author_id": "66114234123", "nickname": "四儿", "follower_count": 494186}}, {"aweme": {"aweme_id": "6851069065562328327", "aweme_title": "学长看起来真像一个超级幸福的大男孩呢 #甜甜甜甜的恋爱  #vloge日常", "aweme_url": "https://www.iesdouyin.com/share/video/6851069065562328327/?region=CN&mid=6851069174249278221&u_code=0&titleType=title", "download_url": "https://www.chanmama.com/awemeDetail/6851069065562328327", "digg_count": 7019, "digg_incr": 4338, "aweme_create_time": 1595151000, "category": 3, "volume": 43, "amount": 2145.7}, "author": {"author_id": "2510934068690983", "nickname": "小一同学呀☀️", "follower_count": 429525}}, {"aweme": {"aweme_id": "6850881170318691599", "aweme_title": "人老腿先衰，每天坚持锻炼小腿，预防腿部#寒凉 #抽筋 让腿部更健康！#腿 #锻炼 #健康 #热门", "aweme_url": "https://www.iesdouyin.com/share/video/6850881170318691599/?region=CN&mid=6800657387302292232&u_code=0&titleType=title", "download_url": "https://www.chanmama.com/awemeDetail/6850881170318691599", "digg_count": 5119, "digg_incr": 4119, "aweme_create_time": 1595095100, "category": 3, "volume": 15, "amount": 435}, "author": {"author_id": "111577578436", "nickname": "甘叶爱健康", "follower_count": 840476}}, {"aweme": {"aweme_id": "6851165794936622351", "aweme_title": "终于下定决心把我的传家宝修容盘分享出来!", "aweme_url": "https://www.iesdouyin.com/share/video/6851165794936622351/?region=CN&mid=6841017593189436174&u_code=0&titleType=title", "download_url": "https://www.chanmama.com/awemeDetail/6851165794936622351", "digg_count": 5283, "digg_incr": 4065, "aweme_create_time": 1595161344, "category": 3, "volume": 20, "amount": 3580}, "author": {"author_id": "55979450230", "nickname": "侯小西", "follower_count": 809259}}, {"aweme": {"aweme_id": "6850988410384043264", "aweme_title": "今天挣了4.5w，远程隔三差五沟通两个月，每天早起晚睡但我有足够耐心，委屈 冷眼别人都有过我们要把这些变成动力", "aweme_url": "https://www.iesdouyin.com/share/video/6850988410384043264/?region=CN&mid=6849652680823016205&u_code=0&titleType=title", "download_url": "https://www.chanmama.com/awemeDetail/6850988410384043264", "digg_count": 4005, "digg_incr": 4007, "aweme_create_time": 1595120047, "category": 3, "volume": 0, "amount": 0}, "author": {"author_id": "80945590661", "nickname": "朵妈国际贸易", "follower_count": 32609}}, {"aweme": {"aweme_id": "6851039093770489103", "aweme_title": "最近发现的宝藏磨砂膏，头皮身上都可以用哦～#5D维稳头皮 #护肤#OUAI护发黑科技", "aweme_url": "https://www.iesdouyin.com/share/video/6851039093770489103/?region=CN&mid=6822551970126154503&u_code=0&titleType=title", "download_url": "https://www.chanmama.com/awemeDetail/6851039093770489103", "digg_count": 4168, "digg_incr": 3887, "aweme_create_time": 1595131853, "category": 3, "volume": 0, "amount": 0}, "author": {"author_id": "59878463347", "nickname": "杜大宝", "follower_count": 328683}}, {"aweme": {"aweme_id": "6851057808771796224", "aweme_title": "行走的荷尔蒙，让她把持不住的斩女香#香水 #少女收割机", "aweme_url": "https://www.iesdouyin.com/share/video/6851057808771796224/?region=CN&mid=6851057809069460237&u_code=0&titleType=title", "download_url": "https://www.chanmama.com/awemeDetail/6851057808771796224", "digg_count": 3723, "digg_incr": 3853, "aweme_create_time": 1595136203, "category": 3, "volume": 2, "amount": 59.80000000000001}, "author": {"author_id": "3966666434687117", "nickname": "大腕大倦后一瓶19两瓶29", "follower_count": 149969}}, {"aweme": {"aweme_id": "6851044129695075584", "aweme_title": "你又是为何人梳妆？#充能计划 #原创国风计划 #换头术 #古风变装 #配音", "aweme_url": "https://www.iesdouyin.com/share/video/6851044129695075584/?region=CN&mid=6851044123026197261&u_code=1dbh73h9m3fi&titleType=title", "download_url": "https://www.chanmama.com/awemeDetail/6851044129695075584", "digg_count": 4817, "digg_incr": 3799, "aweme_create_time": 1595133018, "category": 3, "volume": 31, "amount": 1519}, "author": {"author_id": "52573501484", "nickname": "与妻书", "follower_count": 64548}}, {"aweme": {"aweme_id": "6851124410150096143", "aweme_title": "你们要的夏日清爽款平价水乳来喽～#护肤 #水乳", "aweme_url": "https://www.iesdouyin.com/share/video/6851124410150096143/?region=CN&mid=6845575489545849608&u_code=0&titleType=title", "download_url": "https://www.chanmama.com/awemeDetail/6851124410150096143", "digg_count": 4223, "digg_incr": 3691, "aweme_create_time": 1595151710, "category": 3, "volume": 0, "amount": 0}, "author": {"author_id": "59878463347", "nickname": "杜大宝", "follower_count": 328683}}, {"aweme": {"aweme_id": "6851137148658240775", "aweme_title": "@阔喵🐱狂躁开箱发了一个抖音短视频，你尽管点开，不好看算我输！", "aweme_url": "https://www.iesdouyin.com/share/video/6851137148658240775/?region=CN&mid=6851137152726682381&u_code=22958k1e2hb6&titleType=", "download_url": "https://www.chanmama.com/awemeDetail/6851137148658240775", "digg_count": 4327, "digg_incr": 3415, "aweme_create_time": 1595154676, "category": 3, "volume": 106, "amount": 4229.4}, "author": {"author_id": "103378630943", "nickname": "阔喵🐱狂躁开箱", "follower_count": 689411}}, {"aweme": {"aweme_id": "6850946179648228608", "aweme_title": "爱美之心人皆有之，心灵美才是真的美#戏精 #购物车里有什么 #717奇妙好物在这里", "aweme_url": "https://www.iesdouyin.com/share/video/6850946179648228608/?region=CN&mid=6850946105589500686&u_code=1dbh73h9m3fi&titleType=title", "download_url": "https://www.chanmama.com/awemeDetail/6850946179648228608", "digg_count": 4337, "digg_incr": 3409, "aweme_create_time": 1595110225, "category": 3, "volume": 0, "amount": 0}, "author": {"author_id": "3408095514205099", "nickname": "缘发电子商务", "follower_count": 15293}}, {"aweme": {"aweme_id": "6851039045141794056", "aweme_title": "别催啦~野生眉的专属眉笔来啦！#眉笔 #海草计划", "aweme_url": "https://www.iesdouyin.com/share/video/6851039045141794056/?region=CN&mid=6851039070164929294&u_code=0&titleType=title", "download_url": "https://www.chanmama.com/awemeDetail/6851039045141794056", "digg_count": 3618, "digg_incr": 3271, "aweme_create_time": 1595152800, "category": 3, "volume": 0, "amount": 0}, "author": {"author_id": "105551634594", "nickname": "茵吹斯汀", "follower_count": 701278}}, {"aweme": {"aweme_id": "6851106544822668557", "aweme_title": "姐妹们能看出这个妆容参考谁了嘛！ #妆前妆后", "aweme_url": "https://www.iesdouyin.com/share/video/6851106544822668557/?region=CN&mid=6851106651882277639&u_code=0&titleType=title", "download_url": "https://www.chanmama.com/awemeDetail/6851106544822668557", "digg_count": 4222, "digg_incr": 3266, "aweme_create_time": 1595149872, "category": 3, "volume": 10, "amount": 1300}, "author": {"author_id": "103824564224", "nickname": "bik", "follower_count": 434650}}, {"aweme": {"aweme_id": "6850975762854579468", "aweme_title": "天，发现宝藏啊啊啊！！居然才几块💰，🐔皮女孩有救了", "aweme_url": "https://www.iesdouyin.com/share/video/6850975762854579468/?region=CN&mid=6838971572494813959&u_code=49kkfd4d4533&titleType=title", "download_url": "https://www.chanmama.com/awemeDetail/6850975762854579468", "digg_count": 3116, "digg_incr": 3171, "aweme_create_time": 1595117116, "category": 3, "volume": 1076, "amount": 5272.400000000001}, "author": {"author_id": "82918294741", "nickname": "一个弯弯", "follower_count": 2115}}, {"aweme": {"aweme_id": "6851126802149018895", "aweme_title": "跟我一起刷起来，让我们一起做小蛮腰女人#小蛮腰 #刷刷 #三伏天 #锻炼", "aweme_url": "https://www.iesdouyin.com/share/video/6851126802149018895/?region=CN&mid=6851126806184332045&u_code=0&titleType=title", "download_url": "https://www.chanmama.com/awemeDetail/6851126802149018895", "digg_count": 4937, "digg_incr": 3149, "aweme_create_time": 1595152267, "category": 3, "volume": 0, "amount": 0}, "author": {"author_id": "3874309693782947", "nickname": "华姐健身美", "follower_count": 111988}}, {"aweme": {"aweme_id": "6850977731476245768", "aweme_title": "抽空把阳台的西红柿给摘了，做了个西红柿打卤面～留一口好牙，好好吃饭🍜", "aweme_url": "https://www.iesdouyin.com/share/video/6850977731476245768/?region=CN&mid=6850977819687029512&u_code=0&titleType=title", "download_url": "https://www.chanmama.com/awemeDetail/6850977731476245768", "digg_count": 3309, "digg_incr": 2781, "aweme_create_time": 1595117575, "category": 3, "volume": 0, "amount": 0}, "author": {"author_id": "94646532389", "nickname": "闲来找事@吃吃吃", "follower_count": 212253}}, {"aweme": {"aweme_id": "6850798344743161088", "aweme_title": "天这么热，哪儿也不想去，泡个露天野温泉，不一样的体验#李大毛的旅行#野温泉#三谷#身体乳", "aweme_url": "https://www.iesdouyin.com/share/video/6850798344743161088/?region=CN&mid=6850798370102381325&u_code=0&titleType=title", "download_url": "https://www.chanmama.com/awemeDetail/6850798344743161088", "digg_count": 6440, "digg_incr": 2778, "aweme_create_time": 1595129400, "category": 3, "volume": 40, "amount": 2960}, "author": {"author_id": "63213666256", "nickname": "大毛是片海", "follower_count": 447076}}, {"aweme": {"aweme_id": "6851105884119076108", "aweme_title": "一闪一闪亮晶晶#苹果原相机@DOU+小助手", "aweme_url": "https://www.iesdouyin.com/share/video/6851105884119076108/?region=CN&mid=6842596360508689159&u_code=0&titleType=title", "download_url": "https://www.chanmama.com/awemeDetail/6851105884119076108", "digg_count": 2798, "digg_incr": 2749, "aweme_create_time": 1595147404, "category": 3, "volume": 13, "amount": 712.4}, "author": {"author_id": "55162258214", "nickname": "Heal me", "follower_count": 170077}}, {"aweme": {"aweme_id": "6851044200004242703", "aweme_title": "生完孩子以后有好几年没有打扮自己了，趁着孩子睡觉偷偷画了一个妆，原来我还有这么好看的一面#原相机", "aweme_url": "https://www.iesdouyin.com/share/video/6851044200004242703/?region=CN&mid=6843607089181362177&u_code=0&titleType=title", "download_url": "https://www.chanmama.com/awemeDetail/6851044200004242703", "digg_count": 3337, "digg_incr": 2674, "aweme_create_time": 1595133034, "category": 3, "volume": 7, "amount": 483}, "author": {"author_id": "57474909887", "nickname": "戴晨晨", "follower_count": 232453}}, {"aweme": {"aweme_id": "6850474810342984968", "aweme_title": "搓泥泛白还油腻？是不是防晒没选对！#夏日 #防晒 #测评@DOU+小助手", "aweme_url": "https://www.iesdouyin.com/share/video/6850474810342984968/?region=CN&mid=6850474817993460488&u_code=0&titleType=title", "download_url": "https://www.chanmama.com/awemeDetail/6850474810342984968", "digg_count": 2787, "digg_incr": 2622, "aweme_create_time": 1595149200, "category": 3, "volume": 0, "amount": 0}, "author": {"author_id": "109682124064", "nickname": "长腿兔爷是青青", "follower_count": 706895}}, {"aweme": {"aweme_id": "6851056131565997312", "aweme_title": "今天整个粉嫩红茶妆～#原相机 #小黑镜", "aweme_url": "https://www.iesdouyin.com/share/video/6851056131565997312/?region=CN&mid=6837808766935993096&u_code=0&titleType=title", "download_url": "https://www.chanmama.com/awemeDetail/6851056131565997312", "digg_count": 6082, "digg_incr": 2590, "aweme_create_time": 1595149200, "category": 3, "volume": 19, "amount": 931}, "author": {"author_id": "93066823938", "nickname": "毕小凡i", "follower_count": 440594}}, {"aweme": {"aweme_id": "6850940405060603140", "aweme_title": "68年🐒53岁，不打牌，爱干净，善良，没有套路，刷到就是缘，请求你添加为好友，你哪一年的?@DOU+小助手", "aweme_url": "https://www.iesdouyin.com/share/video/6850940405060603140/?region=CN&mid=6642559775106140942&u_code=0&titleType=title", "download_url": "https://www.chanmama.com/awemeDetail/6850940405060603140", "digg_count": 3375, "digg_incr": 2510, "aweme_create_time": 1595108931, "category": 3, "volume": 0, "amount": 0}, "author": {"author_id": "102540260418", "nickname": "勇哥~🔥(缘)🔥", "follower_count": 564940}}, {"aweme": {"aweme_id": "6851098249185512719", "aweme_title": "#化妆 仙女妆的㊙️", "aweme_url": "https://www.iesdouyin.com/share/video/6851098249185512719/?region=CN&mid=6836991226521094146&u_code=0&titleType=title", "download_url": "https://www.chanmama.com/awemeDetail/6851098249185512719", "digg_count": 3571, "digg_incr": 2456, "aweme_create_time": 1595145619, "category": 3, "volume": 0, "amount": 0}, "author": {"author_id": "63724133541", "nickname": "黄饱饱是黄不是王乌拉哇啦嘿", "follower_count": 269594}}, {"aweme": {"aweme_id": "6850935310235258127", "aweme_title": "常刮地筋，百病不侵！大家赶紧行动起来吧#养肝 #护肝 提升 #睡眠 质量#健康 #上热门🔥", "aweme_url": "https://www.iesdouyin.com/share/video/6850935310235258127/?region=CN&mid=6850935141968579341&u_code=1j0gg54m84ef&titleType=title", "download_url": "https://www.chanmama.com/awemeDetail/6850935310235258127", "digg_count": 2469, "digg_incr": 2413, "aweme_create_time": 1595107709, "category": 3, "volume": 0, "amount": 0}, "author": {"author_id": "111193908168", "nickname": "良丰", "follower_count": 193386}}, {"aweme": {"aweme_id": "6851025055833525519", "aweme_title": "周末了 来一杯红茶#高清 #无滤镜无美颜 #苹果原相机 #眼影", "aweme_url": "https://www.iesdouyin.com/share/video/6851025055833525519/?region=CN&mid=6851025058853358350&u_code=0&titleType=title", "download_url": "https://www.chanmama.com/awemeDetail/6851025055833525519", "digg_count": 2914, "digg_incr": 2065, "aweme_create_time": 1595149200, "category": 3, "volume": 4, "amount": 296}, "author": {"author_id": "55458139885", "nickname": "苏婆SUPERYUYING", "follower_count": 310722}}, {"aweme": {"aweme_id": "6851084104318946567", "aweme_title": "你还没有我家#散粉 吗？那你的#闺蜜 也太不懂事了。#定妆粉 #717奇妙好物在这里", "aweme_url": "https://www.iesdouyin.com/share/video/6851084104318946567/?region=CN&mid=6847797710196935437&u_code=311867970d48&titleType=title", "download_url": "https://www.chanmama.com/awemeDetail/6851084104318946567", "digg_count": 2037, "digg_incr": 2056, "aweme_create_time": 1595142326, "category": 3, "volume": 79, "amount": 150.1}, "author": {"author_id": "1750046755793119", "nickname": "牛牛种草", "follower_count": 3032}}, {"aweme": {"aweme_id": "6850815421923249420", "aweme_title": "吃可爱多长大的电动牙刷    #比普通牙刷还便宜的电动牙刷 #最便宜的ip联名款", "aweme_url": "https://www.iesdouyin.com/share/video/6850815421923249420/?region=CN&mid=6850815639058205448&u_code=0&titleType=title", "download_url": "https://www.chanmama.com/awemeDetail/6850815421923249420", "digg_count": 2052, "digg_incr": 2055, "aweme_create_time": 1595151000, "category": 3, "volume": 0, "amount": 0}, "author": {"author_id": "58769286711", "nickname": "赤西仁", "follower_count": 206609}}, {"aweme": {"aweme_id": "6850811529110260999", "aweme_title": "震惊！两杯奶茶钱就能拥有这款电动牙刷！ #比普通牙刷还便宜的电动牙刷", "aweme_url": "https://www.iesdouyin.com/share/video/6850811529110260999/?region=CN&mid=6850811563550771982&u_code=0&titleType=title", "download_url": "https://www.chanmama.com/awemeDetail/6850811529110260999", "digg_count": 3022, "digg_incr": 2038, "aweme_create_time": 1595149200, "category": 3, "volume": 4, "amount": 119.6}, "author": {"author_id": "60597014695", "nickname": "小然不吃辣🚥", "follower_count": 580324}}, {"aweme": {"aweme_id": "6851071187666144515", "aweme_title": "上周带娃去参加朋友婚礼，不哭不闹特别给力👍女孩子穿上白纱👰是最幸福也是最漂亮的 ～一定要幸福哦🥰", "aweme_url": "https://www.iesdouyin.com/share/video/6851071187666144515/?region=CN&mid=6851071233568869127&u_code=0&titleType=title", "download_url": "https://www.chanmama.com/awemeDetail/6851071187666144515", "digg_count": 4817, "digg_incr": 1990, "aweme_create_time": 1595142395, "category": 3, "volume": 1, "amount": 89.9}, "author": {"author_id": "56716766899", "nickname": "晓露妈妈", "follower_count": 136064}}, {"aweme": {"aweme_id": "6851059523415821575", "aweme_title": "每天都用这个藏皂洗脸，洗完后特别舒服，可去污控油，除螨去痘，去角质，卸妆等，洗头洗脸洗澡都可以，大人小孩都可用", "aweme_url": "https://www.iesdouyin.com/share/video/6851059523415821575/?region=CN&mid=6542711042157251335&u_code=0&titleType=title", "download_url": "https://www.chanmama.com/awemeDetail/6851059523415821575", "digg_count": 1482, "digg_incr": 1104, "aweme_create_time": 1595136603, "category": 3, "volume": 4, "amount": 79.2}, "author": {"author_id": "3795125821513755", "nickname": "无臂杨莉", "follower_count": 397537}}, {"aweme": {"aweme_id": "6851153419151904007", "aweme_title": "上菜你有多少种吃法？哈哈笑死我了", "aweme_url": "https://www.iesdouyin.com/share/video/6851153419151904007/?region=CN&mid=6841114246999264014&u_code=0&titleType=title", "download_url": "https://www.chanmama.com/awemeDetail/6851153419151904007", "digg_count": 1084, "digg_incr": 1084, "aweme_create_time": 1595158463, "category": 3, "volume": 0, "amount": 0}, "author": {"author_id": "63243188198", "nickname": "周可可聪明甄选🔥（聪明团队）", "follower_count": 92133}}, {"aweme": {"aweme_id": "6850966258247126283", "aweme_title": "#我要上热门 #感谢抖音 #感谢抖音平台 #护肤", "aweme_url": "https://www.iesdouyin.com/share/video/6850966258247126283/?region=CN&mid=6850966359380478734&u_code=0&titleType=title", "download_url": "https://www.chanmama.com/awemeDetail/6850966258247126283", "digg_count": 8758, "digg_incr": 1064, "aweme_create_time": 1595114906, "category": 3, "volume": 0, "amount": 0}, "author": {"author_id": "64630562747", "nickname": "康大", "follower_count": 170977}}, {"aweme": {"aweme_id": "6850980315339492615", "aweme_title": "闺蜜送我的超好看#大肠发圈 #好物推荐 #发饰 #闺蜜 @抖音小助手 @企业号小助手 @DOU+小助手", "aweme_url": "https://www.iesdouyin.com/share/video/6850980315339492615/?region=CN&mid=6723044357210901251&u_code=0&titleType=title", "download_url": "https://www.chanmama.com/awemeDetail/6850980315339492615", "digg_count": 1182, "digg_incr": 1061, "aweme_create_time": 1595118162, "category": 3, "volume": 2, "amount": 17.8}, "author": {"author_id": "3737973612357883", "nickname": "柳妹妹的小店", "follower_count": 24226}}, {"aweme": {"aweme_id": "6850975961589107975", "aweme_title": "女人老了就连大姨妈都会离开你，更别说男人了，你要知道，男人的嘴，骗人的鬼，农夫山泉有点甜，男人的话都踏马有点悬", "aweme_url": "https://www.iesdouyin.com/share/video/6850975961589107975/?region=CN&mid=6807678420462390023&u_code=0&titleType=title", "download_url": "https://www.chanmama.com/awemeDetail/6850975961589107975", "digg_count": 2522, "digg_incr": 1042, "aweme_create_time": 1595117150, "category": 3, "volume": 0, "amount": 0}, "author": {"author_id": "111605524498", "nickname": "逗比不解释", "follower_count": 123352}}, {"aweme": {"aweme_id": "6851092050482318606", "aweme_title": "@李喜梅生活号发了一个抖音短视频，你尽管点开，不好看算我输！", "aweme_url": "https://www.iesdouyin.com/share/video/6851092050482318606/?region=CN&mid=6851092036272409357&u_code=0&titleType=", "download_url": "https://www.chanmama.com/awemeDetail/6851092050482318606", "digg_count": 2152, "digg_incr": 1035, "aweme_create_time": 1595144176, "category": 3, "volume": 1, "amount": 69.9}, "author": {"author_id": "1024392501404604", "nickname": "李喜梅生活号", "follower_count": 195772}}, {"aweme": {"aweme_id": "6851093919174806798", "aweme_title": "从业十年化妆师了！能让我各方面满意的就只有这款  #小金筷  #眉笔 了！！", "aweme_url": "https://www.iesdouyin.com/share/video/6851093919174806798/?region=CN&mid=6851094004579273486&u_code=42620k076mi4&titleType=title", "download_url": "https://www.chanmama.com/awemeDetail/6851093919174806798", "digg_count": 1029, "digg_incr": 1029, "aweme_create_time": 1595144632, "category": 3, "volume": 17, "amount": 508.29999999999995}, "author": {"author_id": "219532297516839", "nickname": "化妆师💄陈璇", "follower_count": 4402}}, {"aweme": {"aweme_id": "6850669612388961540", "aweme_title": "#金稻美眼仪 小姐妹们 快来康康我手里这款多功能美眼仪吧", "aweme_url": "https://www.iesdouyin.com/share/video/6850669612388961540/?region=CN&mid=6779041629568239617&u_code=0&titleType=title", "download_url": "https://www.chanmama.com/awemeDetail/6850669612388961540", "digg_count": 1032, "digg_incr": 1028, "aweme_create_time": 1595131200, "category": 3, "volume": 0, "amount": 0}, "author": {"author_id": "100493331005", "nickname": "是拉菲啊", "follower_count": 536860}}, {"aweme": {"aweme_id": "6850880893528116488", "aweme_title": "这个夏天男孩子女孩子一定要干净清爽~黄脸婆油腻大叔找不到对象的~", "aweme_url": "https://www.iesdouyin.com/share/video/6850880893528116488/?region=CN&mid=6850880847474658055&u_code=32h9j7389c24&titleType=title", "download_url": "https://www.chanmama.com/awemeDetail/6850880893528116488", "digg_count": 1017, "digg_incr": 1017, "aweme_create_time": 1595095035, "category": 3, "volume": 43, "amount": 1285.7000000000003}, "author": {"author_id": "2805593436850183", "nickname": "化妆师淅淅～", "follower_count": 16809}}, {"aweme": {"aweme_id": "6851005642812034312", "aweme_title": "每天白天小号直播！#加油加油", "aweme_url": "https://www.iesdouyin.com/share/video/6851005642812034312/?region=CN&mid=6773703584774096903&u_code=1f4ikd487ch9&titleType=title", "download_url": "https://www.chanmama.com/awemeDetail/6851005642812034312", "digg_count": 1152, "digg_incr": 1010, "aweme_create_time": 1595124058, "category": 3, "volume": 0, "amount": 0}, "author": {"author_id": "4308955415", "nickname": "正能量大海齐哥", "follower_count": 3010}}, {"aweme": {"aweme_id": "6850976731155664143", "aweme_title": "#玛莎拉蒂锋芒玩家 #不负吾爱探索x面 @抖音小助手", "aweme_url": "https://www.iesdouyin.com/share/video/6850976731155664143/?region=CN&mid=6694457259948247809&u_code=0&titleType=title", "download_url": "https://www.chanmama.com/awemeDetail/6850976731155664143", "digg_count": 2538, "digg_incr": 956, "aweme_create_time": 1595117328, "category": 3, "volume": 0, "amount": 0}, "author": {"author_id": "60509501255", "nickname": "万能的小仙女（海洋）", "follower_count": 46162}}, {"aweme": {"aweme_id": "6850768621363268871", "aweme_title": "我的#初恋 是柑橘味的，你的呢？@抖音小助手", "aweme_url": "https://www.iesdouyin.com/share/video/6850768621363268871/?region=CN&mid=6850768689193667342&u_code=0&titleType=title", "download_url": "https://www.chanmama.com/awemeDetail/6850768621363268871", "digg_count": 1223, "digg_incr": 941, "aweme_create_time": 1595149218, "category": 3, "volume": 33, "amount": 2937}, "author": {"author_id": "101525016604", "nickname": "TTOUCHME", "follower_count": 205010}}, {"aweme": {"aweme_id": "6851132019963874574", "aweme_title": "刘海合集来了，这些刘海你都有吗 #刘海  #717奇妙好物在这里  @抖音小助手", "aweme_url": "https://www.iesdouyin.com/share/video/6851132019963874574/?region=CN&mid=6851132106152971022&u_code=0&titleType=title", "download_url": "https://www.chanmama.com/awemeDetail/6851132019963874574", "digg_count": 1481, "digg_incr": 940, "aweme_create_time": 1595168100, "category": 3, "volume": 5, "amount": 144.5}, "author": {"author_id": "62776049632", "nickname": "小七发制品", "follower_count": 84995}}, {"aweme": {"aweme_id": "6850983308256464135", "aweme_title": "正义无处不在，这样的人该打的，请双击加关注#传递正能量", "aweme_url": "https://www.iesdouyin.com/share/video/6850983308256464135/?region=CN&mid=6823670268578827015&u_code=0&titleType=title", "download_url": "https://www.chanmama.com/awemeDetail/6850983308256464135", "digg_count": 1072, "digg_incr": 771, "aweme_create_time": 1595118872, "category": 3, "volume": 0, "amount": 0}, "author": {"author_id": "101506661232", "nickname": "易绍", "follower_count": 206137}}, {"aweme": {"aweme_id": "6851078712981540099", "aweme_title": "我感觉，这是每个女孩子都应该要有的东西，每个都带包装，防尘又卫生#洁面巾推荐", "aweme_url": "https://www.iesdouyin.com/share/video/6851078712981540099/?region=CN&mid=6851078746380765965&u_code=0&titleType=title", "download_url": "https://www.chanmama.com/awemeDetail/6851078712981540099", "digg_count": 1206, "digg_incr": 767, "aweme_create_time": 1595141078, "category": 3, "volume": 103, "amount": 3079.7}, "author": {"author_id": "1376237084220204", "nickname": "泰伟工厂店", "follower_count": 539844}}, {"aweme": {"aweme_id": "6850980553118797059", "aweme_title": "女人不要一味地做家庭主妇，让油烟成为你的香水味。#抖音小助手 #护肤 #比❤️", "aweme_url": "https://www.iesdouyin.com/share/video/6850980553118797059/?region=CN&mid=6850980596378848013&u_code=0&titleType=title", "download_url": "https://www.chanmama.com/awemeDetail/6850980553118797059", "digg_count": 1871, "digg_incr": 756, "aweme_create_time": 1595118230, "category": 3, "volume": 0, "amount": 0}, "author": {"author_id": "1560906808697756", "nickname": "小小小可爱", "follower_count": 108873}}, {"aweme": {"aweme_id": "6851022568267205888", "aweme_title": "来一杯甜甜的蜜桃乌龙茶吧#化妆教程#茶话会", "aweme_url": "https://www.iesdouyin.com/share/video/6851022568267205888/?region=CN&mid=6812538880793774082&u_code=0&titleType=title", "download_url": "https://www.chanmama.com/awemeDetail/6851022568267205888", "digg_count": 1031, "digg_incr": 706, "aweme_create_time": 1595149200, "category": 3, "volume": 7, "amount": 483}, "author": {"author_id": "101869091966", "nickname": "吴小颖", "follower_count": 287512}}, {"aweme": {"aweme_id": "6851059523415821575", "aweme_title": "每天都用这个藏皂洗脸，洗完后特别舒服，可去污控油，除螨去痘，去角质，卸妆等，洗头洗脸洗澡都可以，大人小孩都可用", "aweme_url": "https://www.iesdouyin.com/share/video/6851059523415821575/?region=CN&mid=6542711042157251335&u_code=0&titleType=title", "download_url": "https://www.chanmama.com/awemeDetail/6851059523415821575", "digg_count": 1482, "digg_incr": 1104, "aweme_create_time": 1595136603, "category": 3, "volume": 4, "amount": 79.2}, "author": {"author_id": "3795125821513755", "nickname": "无臂杨莉", "follower_count": 397537}}, {"aweme": {"aweme_id": "6851153419151904007", "aweme_title": "上菜你有多少种吃法？哈哈笑死我了", "aweme_url": "https://www.iesdouyin.com/share/video/6851153419151904007/?region=CN&mid=6841114246999264014&u_code=0&titleType=title", "download_url": "https://www.chanmama.com/awemeDetail/6851153419151904007", "digg_count": 1084, "digg_incr": 1084, "aweme_create_time": 1595158463, "category": 3, "volume": 0, "amount": 0}, "author": {"author_id": "63243188198", "nickname": "周可可聪明甄选🔥（聪明团队）", "follower_count": 92133}}, {"aweme": {"aweme_id": "6850966258247126283", "aweme_title": "#我要上热门 #感谢抖音 #感谢抖音平台 #护肤", "aweme_url": "https://www.iesdouyin.com/share/video/6850966258247126283/?region=CN&mid=6850966359380478734&u_code=0&titleType=title", "download_url": "https://www.chanmama.com/awemeDetail/6850966258247126283", "digg_count": 8758, "digg_incr": 1064, "aweme_create_time": 1595114906, "category": 3, "volume": 0, "amount": 0}, "author": {"author_id": "64630562747", "nickname": "康大", "follower_count": 170977}}, {"aweme": {"aweme_id": "6850980315339492615", "aweme_title": "闺蜜送我的超好看#大肠发圈 #好物推荐 #发饰 #闺蜜 @抖音小助手 @企业号小助手 @DOU+小助手", "aweme_url": "https://www.iesdouyin.com/share/video/6850980315339492615/?region=CN&mid=6723044357210901251&u_code=0&titleType=title", "download_url": "https://www.chanmama.com/awemeDetail/6850980315339492615", "digg_count": 1182, "digg_incr": 1061, "aweme_create_time": 1595118162, "category": 3, "volume": 2, "amount": 17.8}, "author": {"author_id": "3737973612357883", "nickname": "柳妹妹的小店", "follower_count": 24226}}, {"aweme": {"aweme_id": "6850975961589107975", "aweme_title": "女人老了就连大姨妈都会离开你，更别说男人了，你要知道，男人的嘴，骗人的鬼，农夫山泉有点甜，男人的话都踏马有点悬", "aweme_url": "https://www.iesdouyin.com/share/video/6850975961589107975/?region=CN&mid=6807678420462390023&u_code=0&titleType=title", "download_url": "https://www.chanmama.com/awemeDetail/6850975961589107975", "digg_count": 2522, "digg_incr": 1042, "aweme_create_time": 1595117150, "category": 3, "volume": 0, "amount": 0}, "author": {"author_id": "111605524498", "nickname": "逗比不解释", "follower_count": 123352}}, {"aweme": {"aweme_id": "6851092050482318606", "aweme_title": "@李喜梅生活号发了一个抖音短视频，你尽管点开，不好看算我输！", "aweme_url": "https://www.iesdouyin.com/share/video/6851092050482318606/?region=CN&mid=6851092036272409357&u_code=0&titleType=", "download_url": "https://www.chanmama.com/awemeDetail/6851092050482318606", "digg_count": 2152, "digg_incr": 1035, "aweme_create_time": 1595144176, "category": 3, "volume": 1, "amount": 69.9}, "author": {"author_id": "1024392501404604", "nickname": "李喜梅生活号", "follower_count": 195772}}, {"aweme": {"aweme_id": "6851093919174806798", "aweme_title": "从业十年化妆师了！能让我各方面满意的就只有这款  #小金筷  #眉笔 了！！", "aweme_url": "https://www.iesdouyin.com/share/video/6851093919174806798/?region=CN&mid=6851094004579273486&u_code=42620k076mi4&titleType=title", "download_url": "https://www.chanmama.com/awemeDetail/6851093919174806798", "digg_count": 1029, "digg_incr": 1029, "aweme_create_time": 1595144632, "category": 3, "volume": 17, "amount": 508.29999999999995}, "author": {"author_id": "219532297516839", "nickname": "化妆师💄陈璇", "follower_count": 4402}}, {"aweme": {"aweme_id": "6850669612388961540", "aweme_title": "#金稻美眼仪 小姐妹们 快来康康我手里这款多功能美眼仪吧", "aweme_url": "https://www.iesdouyin.com/share/video/6850669612388961540/?region=CN&mid=6779041629568239617&u_code=0&titleType=title", "download_url": "https://www.chanmama.com/awemeDetail/6850669612388961540", "digg_count": 1032, "digg_incr": 1028, "aweme_create_time": 1595131200, "category": 3, "volume": 0, "amount": 0}, "author": {"author_id": "100493331005", "nickname": "是拉菲啊", "follower_count": 536860}}, {"aweme": {"aweme_id": "6850880893528116488", "aweme_title": "这个夏天男孩子女孩子一定要干净清爽~黄脸婆油腻大叔找不到对象的~", "aweme_url": "https://www.iesdouyin.com/share/video/6850880893528116488/?region=CN&mid=6850880847474658055&u_code=32h9j7389c24&titleType=title", "download_url": "https://www.chanmama.com/awemeDetail/6850880893528116488", "digg_count": 1017, "digg_incr": 1017, "aweme_create_time": 1595095035, "category": 3, "volume": 43, "amount": 1285.7000000000003}, "author": {"author_id": "2805593436850183", "nickname": "化妆师淅淅～", "follower_count": 16809}}, {"aweme": {"aweme_id": "6851005642812034312", "aweme_title": "每天白天小号直播！#加油加油", "aweme_url": "https://www.iesdouyin.com/share/video/6851005642812034312/?region=CN&mid=6773703584774096903&u_code=1f4ikd487ch9&titleType=title", "download_url": "https://www.chanmama.com/awemeDetail/6851005642812034312", "digg_count": 1152, "digg_incr": 1010, "aweme_create_time": 1595124058, "category": 3, "volume": 0, "amount": 0}, "author": {"author_id": "4308955415", "nickname": "正能量大海齐哥", "follower_count": 3010}}, {"aweme": {"aweme_id": "6850976731155664143", "aweme_title": "#玛莎拉蒂锋芒玩家 #不负吾爱探索x面 @抖音小助手", "aweme_url": "https://www.iesdouyin.com/share/video/6850976731155664143/?region=CN&mid=6694457259948247809&u_code=0&titleType=title", "download_url": "https://www.chanmama.com/awemeDetail/6850976731155664143", "digg_count": 2538, "digg_incr": 956, "aweme_create_time": 1595117328, "category": 3, "volume": 0, "amount": 0}, "author": {"author_id": "60509501255", "nickname": "万能的小仙女（海洋）", "follower_count": 46162}}, {"aweme": {"aweme_id": "6850768621363268871", "aweme_title": "我的#初恋 是柑橘味的，你的呢？@抖音小助手", "aweme_url": "https://www.iesdouyin.com/share/video/6850768621363268871/?region=CN&mid=6850768689193667342&u_code=0&titleType=title", "download_url": "https://www.chanmama.com/awemeDetail/6850768621363268871", "digg_count": 1223, "digg_incr": 941, "aweme_create_time": 1595149218, "category": 3, "volume": 33, "amount": 2937}, "author": {"author_id": "101525016604", "nickname": "TTOUCHME", "follower_count": 205010}}, {"aweme": {"aweme_id": "6851132019963874574", "aweme_title": "刘海合集来了，这些刘海你都有吗 #刘海  #717奇妙好物在这里  @抖音小助手", "aweme_url": "https://www.iesdouyin.com/share/video/6851132019963874574/?region=CN&mid=6851132106152971022&u_code=0&titleType=title", "download_url": "https://www.chanmama.com/awemeDetail/6851132019963874574", "digg_count": 1481, "digg_incr": 940, "aweme_create_time": 1595168100, "category": 3, "volume": 5, "amount": 144.5}, "author": {"author_id": "62776049632", "nickname": "小七发制品", "follower_count": 84995}}, {"aweme": {"aweme_id": "6850983308256464135", "aweme_title": "正义无处不在，这样的人该打的，请双击加关注#传递正能量", "aweme_url": "https://www.iesdouyin.com/share/video/6850983308256464135/?region=CN&mid=6823670268578827015&u_code=0&titleType=title", "download_url": "https://www.chanmama.com/awemeDetail/6850983308256464135", "digg_count": 1072, "digg_incr": 771, "aweme_create_time": 1595118872, "category": 3, "volume": 0, "amount": 0}, "author": {"author_id": "101506661232", "nickname": "易绍", "follower_count": 206137}}, {"aweme": {"aweme_id": "6851078712981540099", "aweme_title": "我感觉，这是每个女孩子都应该要有的东西，每个都带包装，防尘又卫生#洁面巾推荐", "aweme_url": "https://www.iesdouyin.com/share/video/6851078712981540099/?region=CN&mid=6851078746380765965&u_code=0&titleType=title", "download_url": "https://www.chanmama.com/awemeDetail/6851078712981540099", "digg_count": 1206, "digg_incr": 767, "aweme_create_time": 1595141078, "category": 3, "volume": 103, "amount": 3079.7}, "author": {"author_id": "1376237084220204", "nickname": "泰伟工厂店", "follower_count": 539844}}, {"aweme": {"aweme_id": "6850980553118797059", "aweme_title": "女人不要一味地做家庭主妇，让油烟成为你的香水味。#抖音小助手 #护肤 #比❤️", "aweme_url": "https://www.iesdouyin.com/share/video/6850980553118797059/?region=CN&mid=6850980596378848013&u_code=0&titleType=title", "download_url": "https://www.chanmama.com/awemeDetail/6850980553118797059", "digg_count": 1871, "digg_incr": 756, "aweme_create_time": 1595118230, "category": 3, "volume": 0, "amount": 0}, "author": {"author_id": "1560906808697756", "nickname": "小小小可爱", "follower_count": 108873}}, {"aweme": {"aweme_id": "6851022568267205888", "aweme_title": "来一杯甜甜的蜜桃乌龙茶吧#化妆教程#茶话会", "aweme_url": "https://www.iesdouyin.com/share/video/6851022568267205888/?region=CN&mid=6812538880793774082&u_code=0&titleType=title", "download_url": "https://www.chanmama.com/awemeDetail/6851022568267205888", "digg_count": 1031, "digg_incr": 706, "aweme_create_time": 1595149200, "category": 3, "volume": 7, "amount": 483}, "author": {"author_id": "101869091966", "nickname": "吴小颖", "follower_count": 287512}}]}