{"data": [{"aweme": {"aweme_id": "6850989220698377479", "aweme_title": "这款包包肯定有小仙女喜欢呀#包包控#包包推荐#声控#上热门@企业号小助手", "aweme_url": "https://www.iesdouyin.com/share/video/6850989220698377479/?region=CN&mid=6850989544590838536&u_code=0&titleType=title", "download_url": "https://www.chanmama.com/awemeDetail/6850989220698377479", "digg_count": 88702, "digg_incr": 72336, "aweme_create_time": 1595120316, "category": 4, "volume": 1905, "amount": 85344}, "author": {"author_id": "94625377215", "nickname": "芊百色自制女包", "follower_count": 32117}}, {"aweme": {"aweme_id": "6851072923323632900", "aweme_title": "姐夫的♥都碎了，珂姐竟然把姐夫丢下了？？？#老庙黄金", "aweme_url": "https://www.iesdouyin.com/share/video/6851072923323632900/?region=CN&mid=6851073109052508941&u_code=0&titleType=title", "download_url": "https://www.chanmama.com/awemeDetail/6851072923323632900", "digg_count": 41527, "digg_incr": 41387, "aweme_create_time": 1595139765, "category": 4, "volume": 0, "amount": 0}, "author": {"author_id": "2119450870693399", "nickname": "赵珂姐严选～今天休息", "follower_count": 392048}}, {"aweme": {"aweme_id": "6851063561347747080", "aweme_title": "送给妈妈的一款项链，15块9包由浮力#717奇妙好物在这里 #solo出道谁最nata #义乌 #宝妈创业", "aweme_url": "https://www.iesdouyin.com/share/video/6851063561347747080/?region=CN&mid=6851063562882878222&u_code=5bh52540c94&titleType=title", "download_url": "https://www.chanmama.com/awemeDetail/6851063561347747080", "digg_count": 36221, "digg_incr": 36093, "aweme_create_time": 1595137542, "category": 4, "volume": 295, "amount": 4690.5}, "author": {"author_id": "103996993813", "nickname": "小笨闯义乌", "follower_count": 197165}}, {"aweme": {"aweme_id": "6851045146117557512", "aweme_title": "不知道你们现在在穿什么鞋，反正我在穿马丁靴了，老好看了#哎呦喂你鞋真好看@DOU+小助手", "aweme_url": "https://www.iesdouyin.com/share/video/6851045146117557512/?region=CN&mid=6714458105113234183&u_code=0&titleType=title", "download_url": "https://www.chanmama.com/awemeDetail/6851045146117557512", "digg_count": 101609, "digg_incr": 25634, "aweme_create_time": 1595133255, "category": 4, "volume": 46, "amount": 4094}, "author": {"author_id": "377846018608301", "nickname": "常熟梦家时尚女鞋", "follower_count": 43883}}, {"aweme": {"aweme_id": "6850957106741267723", "aweme_title": "船长给大家分享一下，零距离海洋霸主鲸鱼越出海面，十分罕见拍摄不易！见者双击点赞，财运多多，福报多多！一生平安！", "aweme_url": "https://www.iesdouyin.com/share/video/6850957106741267723/?region=CN&mid=6850957114907675399&u_code=0&titleType=title", "download_url": "https://www.chanmama.com/awemeDetail/6850957106741267723", "digg_count": 34432, "digg_incr": 22561, "aweme_create_time": 1595112781, "category": 4, "volume": 7, "amount": 370}, "author": {"author_id": "94698846791", "nickname": "中国船长", "follower_count": 845071}}, {"aweme": {"aweme_id": "6850857226656156943", "aweme_title": "现在流行麦一送一#热门 #热门推荐 #抖音小助手 #717抖音奇妙好物市集 #发夹 #流量@DOU+小助手", "aweme_url": "https://www.iesdouyin.com/share/video/6850857226656156943/?region=CN&mid=6850857191918947085&u_code=0&titleType=title", "download_url": "https://www.chanmama.com/awemeDetail/6850857226656156943", "digg_count": 24699, "digg_incr": 19583, "aweme_create_time": 1595089508, "category": 4, "volume": 11263, "amount": 111503.7}, "author": {"author_id": "87268322237", "nickname": "台州睿益服饰贸易有限公司", "follower_count": 263649}}, {"aweme": {"aweme_id": "6850859751685885196", "aweme_title": "能骑车还能扎头发。#花边卷卷帽#遮阳帽#717奇妙好物在这里  @DOU+小助手", "aweme_url": "https://www.iesdouyin.com/share/video/6850859751685885196/?region=CN&mid=6850860504899537672&u_code=0&titleType=title", "download_url": "https://www.chanmama.com/awemeDetail/6850859751685885196", "digg_count": 19488, "digg_incr": 17282, "aweme_create_time": 1595112000, "category": 4, "volume": 1278, "amount": 38084.4}, "author": {"author_id": "4388880222789740", "nickname": "即墨区彩妮服饰店", "follower_count": 41183}}, {"aweme": {"aweme_id": "6851081396123995407", "aweme_title": "我们之间不管怎样，我没有对不起你，因为我付出了我全部真心去爱你，但我对不起自己，因为我弄丢了我自己#情感 #包", "aweme_url": "https://www.iesdouyin.com/share/video/6851081396123995407/?region=CN&mid=6851081387492559630&u_code=0&titleType=title", "download_url": "https://www.chanmama.com/awemeDetail/6851081396123995407", "digg_count": 14538, "digg_incr": 14855, "aweme_create_time": 1595141695, "category": 4, "volume": 69, "amount": 4064.1}, "author": {"author_id": "60163328862", "nickname": "丹妮家箱包工作室", "follower_count": 55414}}, {"aweme": {"aweme_id": "6850699875978366216", "aweme_title": "你已经走出我的视线，但从未走出我的思念#百万赞演技大赏 #情绪大师", "aweme_url": "https://www.iesdouyin.com/share/video/6850699875978366216/?region=CN&mid=6850700009378188039&u_code=0&titleType=title", "download_url": "https://www.chanmama.com/awemeDetail/6850699875978366216", "digg_count": 13234, "digg_incr": 11795, "aweme_create_time": 1595152969, "category": 4, "volume": 1, "amount": 1230}, "author": {"author_id": "108272230590", "nickname": "听朋友说", "follower_count": 675924}}, {"aweme": {"aweme_id": "6851055217534881038", "aweme_title": "第一次发这么长的视频，但是值得你看完点赞～#717奇妙好物在这里 #江南有才子 @DOU+小助手", "aweme_url": "https://www.iesdouyin.com/share/video/6851055217534881038/?region=CN&mid=6851055312951708430&u_code=0&titleType=title", "download_url": "https://www.chanmama.com/awemeDetail/6851055217534881038", "digg_count": 11712, "digg_incr": 8239, "aweme_create_time": 1595135600, "category": 4, "volume": 2, "amount": 18398}, "author": {"author_id": "53432643901", "nickname": "匠心严选", "follower_count": 507771}}, {"aweme": {"aweme_id": "6851092089053252871", "aweme_title": "16.9包邮带回家是不是很好看#包包搭配 #热门 #发货 #闺蜜包包 #好物推荐 #717奇妙好物在这里", "aweme_url": "https://www.iesdouyin.com/share/video/6851092089053252871/?region=CN&mid=6851092094145088269&u_code=161hg2fba89&titleType=title", "download_url": "https://www.chanmama.com/awemeDetail/6851092089053252871", "digg_count": 17156, "digg_incr": 7112, "aweme_create_time": 1595144185, "category": 4, "volume": 128, "amount": 2163.2}, "author": {"author_id": "102635493737", "nickname": "吉吉向上", "follower_count": 101357}}, {"aweme": {"aweme_id": "6850935221114785027", "aweme_title": "#DOU上热门 #抖音小助手 #哎呦喂你鞋真好看 @DOU+小助手  #你好火星", "aweme_url": "https://www.iesdouyin.com/share/video/6850935221114785027/?region=CN&mid=6850935398995069709&u_code=1j0gg54m84ef&titleType=title", "download_url": "https://www.chanmama.com/awemeDetail/6850935221114785027", "digg_count": 6813, "digg_incr": 6818, "aweme_create_time": 1595107755, "category": 4, "volume": 0, "amount": 0}, "author": {"author_id": "281064553060717", "nickname": "桐乡梵森鞋店", "follower_count": 1165}}, {"aweme": {"aweme_id": "6851050806796389632", "aweme_title": "夏天这么热，我家的飞织透气你要不要？", "aweme_url": "https://www.iesdouyin.com/share/video/6851050806796389632/?region=CN&mid=6851050816917949198&u_code=33dm34fif516&titleType=title", "download_url": "https://www.chanmama.com/awemeDetail/6851050806796389632", "digg_count": 6736, "digg_incr": 6752, "aweme_create_time": 1595134572, "category": 4, "volume": 400, "amount": 39600}, "author": {"author_id": "399874864715159", "nickname": "瑞安老大鞋厂", "follower_count": 0}}, {"aweme": {"aweme_id": "6851040113716104461", "aweme_title": "6年资深老瞳模上线了", "aweme_url": "https://www.iesdouyin.com/share/video/6851040113716104461/?region=CN&mid=6851040169764604679&u_code=0&titleType=title", "download_url": "https://www.chanmama.com/awemeDetail/6851040113716104461", "digg_count": 26663, "digg_incr": 6407, "aweme_create_time": 1595151000, "category": 4, "volume": 11, "amount": 1749}, "author": {"author_id": "79769741508", "nickname": "美谁妹妹", "follower_count": 916762}}, {"aweme": {"aweme_id": "6851015240692387087", "aweme_title": "三年前腰突躺在床上7天以为自己会摊换！使用各种方法没有用！最后选择爬！现在常人做不到的青蛙蹬也溜溜哒！😄", "aweme_url": "https://www.iesdouyin.com/share/video/6851015240692387087/?region=CN&mid=6851015234086374158&u_code=0&titleType=title", "download_url": "https://www.chanmama.com/awemeDetail/6851015240692387087", "digg_count": 17857, "digg_incr": 6037, "aweme_create_time": 1595126292, "category": 4, "volume": 20, "amount": 598}, "author": {"author_id": "3443266723512524", "nickname": "桐爬馆", "follower_count": 531180}}, {"aweme": {"aweme_id": "6851129085255585031", "aweme_title": "93年的我30岁了，穿女装创业，凭本事赚💰，一不投tou，二不qiang，我不觉得diu人，你为什要ma我？", "aweme_url": "https://www.iesdouyin.com/share/video/6851129085255585031/?region=CN&mid=6851129083997276936&u_code=0&titleType=title", "download_url": "https://www.chanmama.com/awemeDetail/6851129085255585031", "digg_count": 6592, "digg_incr": 6032, "aweme_create_time": 1595152798, "category": 4, "volume": 3, "amount": 450}, "author": {"author_id": "62670481097", "nickname": "潘红丝绸围巾商行", "follower_count": 419205}}, {"aweme": {"aweme_id": "6851053580846140672", "aweme_title": "又是一个让人无限循环的视频～#今天你的副驾是谁", "aweme_url": "https://www.iesdouyin.com/share/video/6851053580846140672/?region=CN&mid=6798710635753375745&u_code=0&titleType=title", "download_url": "https://www.chanmama.com/awemeDetail/6851053580846140672", "digg_count": 7546, "digg_incr": 5918, "aweme_create_time": 1595135218, "category": 4, "volume": 0, "amount": 0}, "author": {"author_id": "104461131984", "nickname": "摄影师范家辉", "follower_count": 584760}}, {"aweme": {"aweme_id": "6850976478675389709", "aweme_title": "原创《美人吟》32步！四个方向跳！#广场舞 @抖音小助手", "aweme_url": "https://www.iesdouyin.com/share/video/6850976478675389709/?region=CN&mid=6839859349406485261&u_code=0&titleType=title", "download_url": "https://www.chanmama.com/awemeDetail/6850976478675389709", "digg_count": 11335, "digg_incr": 5892, "aweme_create_time": 1595117270, "category": 4, "volume": 4, "amount": 512}, "author": {"author_id": "67921977389", "nickname": "舞衣恋裳商贸部", "follower_count": 272175}}, {"aweme": {"aweme_id": "6849705955148565767", "aweme_title": "#充能计划  #cos 试蛇柱的妆啦~", "aweme_url": "https://www.iesdouyin.com/share/video/6849705955148565767/?region=CN&mid=6849706078143154958&u_code=0&titleType=title", "download_url": "https://www.chanmama.com/awemeDetail/6849705955148565767", "digg_count": 8890, "digg_incr": 5563, "aweme_create_time": 1595152800, "category": 4, "volume": 2, "amount": 318}, "author": {"author_id": "96849865872", "nickname": "清格乐", "follower_count": 299929}}, {"aweme": {"aweme_id": "6850986350049611012", "aweme_title": "谢谢大家支持手艺人", "aweme_url": "https://www.iesdouyin.com/share/video/6850986350049611012/?region=CN&mid=6850986352872409863&u_code=0&titleType=title", "download_url": "https://www.chanmama.com/awemeDetail/6850986350049611012", "digg_count": 8592, "digg_incr": 5450, "aweme_create_time": 1595119576, "category": 4, "volume": 5, "amount": 2800}, "author": {"author_id": "716472612028856", "nickname": "王方辉尚品首饰店", "follower_count": 162050}}, {"aweme": {"aweme_id": "6851180220528037135", "aweme_title": "“请保持心脏震荡 因为有人等你共鸣” 😍 可配近视可配近视可配近视", "aweme_url": "https://www.iesdouyin.com/share/video/6851180220528037135/?region=CN&mid=6794730633697594126&u_code=0&titleType=title", "download_url": "https://www.chanmama.com/awemeDetail/6851180220528037135", "digg_count": 26477, "digg_incr": 5359, "aweme_create_time": 1595164703, "category": 4, "volume": 0, "amount": 0}, "author": {"author_id": "105901633861", "nickname": "淘鞋鞋", "follower_count": 121592}}, {"aweme": {"aweme_id": "6851084339137023236", "aweme_title": "一场意外夺走了我的双腿，朋友也离我而去，只剩自己专心做龙凤项链，便宜又被怀疑，都不知道怎么办了", "aweme_url": "https://www.iesdouyin.com/share/video/6851084339137023236/?region=CN&mid=6704808624104983300&u_code=41j7900611j2&titleType=title", "download_url": "https://www.chanmama.com/awemeDetail/6851084339137023236", "digg_count": 5352, "digg_incr": 5352, "aweme_create_time": 1595142388, "category": 4, "volume": 7, "amount": 336}, "author": {"author_id": "3021098625008910", "nickname": "丰泽区宝香堂百货", "follower_count": 4300}}, {"aweme": {"aweme_id": "6851129019681836302", "aweme_title": "#jk制服 遇见我 爱上我 然后沉迷于我 #我的3d酷照  #御茶家jk", "aweme_url": "https://www.iesdouyin.com/share/video/6851129019681836302/?region=CN&mid=6851129112690526984&u_code=0&titleType=title", "download_url": "https://www.chanmama.com/awemeDetail/6851129019681836302", "digg_count": 6636, "digg_incr": 5324, "aweme_create_time": 1595152801, "category": 4, "volume": 10, "amount": 190}, "author": {"author_id": "110544194359", "nickname": "御茶家Jk制服", "follower_count": 445560}}, {"aweme": {"aweme_id": "6851069619696831759", "aweme_title": "小众上档次的饰品疯享来辣～#饰品 @抖音小助手", "aweme_url": "https://www.iesdouyin.com/share/video/6851069619696831759/?region=CN&mid=6851069623627369224&u_code=0&titleType=title", "download_url": "https://www.chanmama.com/awemeDetail/6851069619696831759", "digg_count": 7216, "digg_incr": 5312, "aweme_create_time": 1595138953, "category": 4, "volume": 0, "amount": 0}, "author": {"author_id": "78781794717", "nickname": "富姐贫弟", "follower_count": 162027}}, {"aweme": {"aweme_id": "6851067823549173005", "aweme_title": "我是一个残疾人不懂宣传，我已经很努力还是无人知晓，龙凤吊坠好看，便宜又被怀疑，都不知道怎么办了……", "aweme_url": "https://www.iesdouyin.com/share/video/6851067823549173005/?region=CN&mid=6704808624104983300&u_code=43m3e615egkg&titleType=title", "download_url": "https://www.chanmama.com/awemeDetail/6851067823549173005", "digg_count": 4989, "digg_incr": 4989, "aweme_create_time": 1595138535, "category": 4, "volume": 6, "amount": 288}, "author": {"author_id": "2013905980499003", "nickname": "冰峰日用百货", "follower_count": 10864}}, {"aweme": {"aweme_id": "6851088637589769487", "aweme_title": "现在很多TMD做舞女并不是生活所迫、而是自己懒、又虚荣、又想挣快钱、你们认同吗？#王亮#我要上热门", "aweme_url": "https://www.iesdouyin.com/share/video/6851088637589769487/?region=CN&mid=6851088644229630728&u_code=0&titleType=title", "download_url": "https://www.chanmama.com/awemeDetail/6851088637589769487", "digg_count": 5752, "digg_incr": 4850, "aweme_create_time": 1595143381, "category": 4, "volume": 0, "amount": 0}, "author": {"author_id": "98601673991", "nickname": "索众珠宝首饰", "follower_count": 208133}}, {"aweme": {"aweme_id": "6850947722900442382", "aweme_title": "这几天有很多朋友下面留言。说我太快啦。我今天慢动作教大家。简单扎起来很凉爽，  抹一点精油保护…@抖音小助手", "aweme_url": "https://www.iesdouyin.com/share/video/6850947722900442382/?region=CN&mid=6725349755628555015&u_code=0&titleType=title", "download_url": "https://www.chanmama.com/awemeDetail/6850947722900442382", "digg_count": 8780, "digg_incr": 4562, "aweme_create_time": 1595110583, "category": 4, "volume": 0, "amount": 0}, "author": {"author_id": "97080882327", "nickname": "活着自然美💐🌾🌾🌴", "follower_count": 96051}}, {"aweme": {"aweme_id": "6851039212980981006", "aweme_title": "慢慢会发现，发抖音拍作品是因心情而定的，爱发什么作品，就发什么作品，我只知道开心就好《今天不直播》", "aweme_url": "https://www.iesdouyin.com/share/video/6851039212980981006/?region=CN&mid=6811370793223392008&u_code=0&titleType=title", "download_url": "https://www.chanmama.com/awemeDetail/6851039212980981006", "digg_count": 5711, "digg_incr": 4549, "aweme_create_time": 1595131873, "category": 4, "volume": 10, "amount": 188.2}, "author": {"author_id": "84226876227", "nickname": "英子姐姐", "follower_count": 80563}}, {"aweme": {"aweme_id": "6850918311383862536", "aweme_title": "叶子是个热心人，我懂的都会告诉你，包括怎么抖因转前#717抖音奇妙好物市集 #百万开麦 @抖音小助手", "aweme_url": "https://www.iesdouyin.com/share/video/6850918311383862536/?region=CN&mid=6850019690212100877&u_code=5lbj9a032f6&titleType=title", "download_url": "https://www.chanmama.com/awemeDetail/6850918311383862536", "digg_count": 4697, "digg_incr": 4496, "aweme_create_time": 1595103782, "category": 4, "volume": 11, "amount": 64.9}, "author": {"author_id": "329454069234875", "nickname": "dy4exbvrjsow", "follower_count": 51232}}, {"aweme": {"aweme_id": "6851018988034526471", "aweme_title": "#看我的发型清新有型 #717抖音奇妙好物市集 #奇葩年货大赏 #直播招募季 #中式婚礼", "aweme_url": "https://www.iesdouyin.com/share/video/6851018988034526471/?region=CN&mid=6810924881085991694&u_code=49kkfd4d4533&titleType=title", "download_url": "https://www.chanmama.com/awemeDetail/6851018988034526471", "digg_count": 4634, "digg_incr": 4414, "aweme_create_time": 1595127164, "category": 4, "volume": 24, "amount": 359.76}, "author": {"author_id": "2247002336008844", "nickname": "衣露顺峰服饰店官方", "follower_count": 108210}}, {"aweme": {"aweme_id": "6851090225511369984", "aweme_title": "漂亮的大肠发圈来喽！#717抖音奇妙好物市集 #感谢抖音 #我要上热门", "aweme_url": "https://www.iesdouyin.com/share/video/6851090225511369984/?region=CN&mid=6537908981937998600&u_code=2a10mmcllkcl&titleType=title", "download_url": "https://www.chanmama.com/awemeDetail/6851090225511369984", "digg_count": 4829, "digg_incr": 4373, "aweme_create_time": 1595143751, "category": 4, "volume": 39, "amount": 386.1}, "author": {"author_id": "12152808712", "nickname": "仑苗工厂店", "follower_count": 20499}}, {"aweme": {"aweme_id": "6851104417521995016", "aweme_title": "夏季网红爆款#帆布鞋 🎀时尚又好穿#休闲鞋 #潮鞋穿搭 #便宜又好穿 #717奇妙好物在这里 @抖音小助手", "aweme_url": "https://www.iesdouyin.com/share/video/6851104417521995016/?region=CN&mid=6844956459352983566&u_code=189cd6jlgk17&titleType=title", "download_url": "https://www.chanmama.com/awemeDetail/6851104417521995016", "digg_count": 4448, "digg_incr": 4224, "aweme_create_time": 1595147055, "category": 4, "volume": 274, "amount": 16166}, "author": {"author_id": "110918818599", "nickname": "百惠千喜鞋服", "follower_count": 388206}}, {"aweme": {"aweme_id": "6850894529688538382", "aweme_title": "1994年发生的，两名男子在广东找不到工作为了躲暂住证！他们去睡破庙，晚上下雨换地方第二天醒来在坟墓", "aweme_url": "https://www.iesdouyin.com/share/video/6850894529688538382/?region=CN&mid=6580330990886259463&u_code=2mi182b4dhg4&titleType=title", "download_url": "https://www.chanmama.com/awemeDetail/6850894529688538382", "digg_count": 4230, "digg_incr": 4182, "aweme_create_time": 1595098425, "category": 4, "volume": 0, "amount": 0}, "author": {"author_id": "4503699175266506", "nickname": "17岁闯广东！打工记", "follower_count": 55612}}, {"aweme": {"aweme_id": "6851028628659113220", "aweme_title": "一鞋多穿，容易掉跟的集美们看过来，脚丫没后跟的福音。#穿搭技巧 #高跟鞋", "aweme_url": "https://www.iesdouyin.com/share/video/6851028628659113220/?region=CN&mid=6851028664016997128&u_code=0&titleType=title", "download_url": "https://www.chanmama.com/awemeDetail/6851028628659113220", "digg_count": 5707, "digg_incr": 3973, "aweme_create_time": 1595129416, "category": 4, "volume": 4, "amount": 792}, "author": {"author_id": "109037250902", "nickname": "女王足迹", "follower_count": 249256}}, {"aweme": {"aweme_id": "6851165102746422543", "aweme_title": "拼接老爹鞋舒适透气柔软你喜欢吗", "aweme_url": "https://www.iesdouyin.com/share/video/6851165102746422543/?region=CN&mid=6851165103677590279&u_code=0&titleType=title", "download_url": "https://www.chanmama.com/awemeDetail/6851165102746422543", "digg_count": 4843, "digg_incr": 3954, "aweme_create_time": 1595161183, "category": 4, "volume": 3, "amount": 960}, "author": {"author_id": "2431751162700733", "nickname": "广州伊凡尼女鞋高端定制", "follower_count": 307414}}, {"aweme": {"aweme_id": "6850992421824744704", "aweme_title": "真的爱了～温柔又不失气质！自留自留#包包搭配 #种草 #好物推荐 #包包 @抖音小助手", "aweme_url": "https://www.iesdouyin.com/share/video/6850992421824744704/?region=CN&mid=6850992406902409998&u_code=0&titleType=title", "download_url": "https://www.chanmama.com/awemeDetail/6850992421824744704", "digg_count": 8329, "digg_incr": 3805, "aweme_create_time": 1595120980, "category": 4, "volume": 137, "amount": 7398}, "author": {"author_id": "874835290891694", "nickname": "橙子～", "follower_count": 255462}}, {"aweme": {"aweme_id": "6851003512063610126", "aweme_title": "您们要的低跟版本它终于来了！姐妹们赶紧安排上！#wo的高能瞬间", "aweme_url": "https://www.iesdouyin.com/share/video/6851003512063610126/?region=CN&mid=6851003500550245128&u_code=3e536eh42gd3&titleType=title", "download_url": "https://www.chanmama.com/awemeDetail/6851003512063610126", "digg_count": 4362, "digg_incr": 3705, "aweme_create_time": 1595123561, "category": 4, "volume": 0, "amount": 0}, "author": {"author_id": "106646469861", "nickname": "贾不假鞋坊", "follower_count": 779267}}, {"aweme": {"aweme_id": "6851063231025302787", "aweme_title": "变形金钢戴手上你敢相信吗？", "aweme_url": "https://www.iesdouyin.com/share/video/6851063231025302787/?region=CN&mid=6851063260302199560&u_code=5bh52540c94&titleType=title", "download_url": "https://www.chanmama.com/awemeDetail/6851063231025302787", "digg_count": 8344, "digg_incr": 3697, "aweme_create_time": 1595137473, "category": 4, "volume": 99, "amount": 5841}, "author": {"author_id": "105004084668", "nickname": "鉴货小罗", "follower_count": 5970}}, {"aweme": {"aweme_id": "6851157873033022728", "aweme_title": "不能送伞就别问我有没有伞，不能带我去吃就别问我饿不饿，不能给我买就别问我想不想要，我不想听用嘴表达的一切", "aweme_url": "https://www.iesdouyin.com/share/video/6851157873033022728/?region=CN&mid=6802394746238208776&u_code=0&titleType=title", "download_url": "https://www.chanmama.com/awemeDetail/6851157873033022728", "digg_count": 3691, "digg_incr": 3676, "aweme_create_time": 1595159500, "category": 4, "volume": 0, "amount": 0}, "author": {"author_id": "96461860753", "nickname": "芦淞区明健皮具店", "follower_count": 101642}}, {"aweme": {"aweme_id": "6851001175593061639", "aweme_title": "这样的小姐姐不知道是多少男生想娶的老婆，女生向往的身材#抖音小助手 #美女 #性感", "aweme_url": "https://www.iesdouyin.com/share/video/6851001175593061639/?region=CN&mid=6390142984557431554&u_code=0&titleType=title", "download_url": "https://www.chanmama.com/awemeDetail/6851001175593061639", "digg_count": 3632, "digg_incr": 3651, "aweme_create_time": 1595123027, "category": 4, "volume": 0, "amount": 0}, "author": {"author_id": "3232211941461211", "nickname": "成都红人榜", "follower_count": 13565}}, {"aweme": {"aweme_id": "6850997890245037326", "aweme_title": "直播喽！嘻嘻！🏳️‍🌈", "aweme_url": "https://www.iesdouyin.com/share/video/6850997890245037326/?region=CN&mid=6850997872134261511&u_code=0&titleType=title", "download_url": "https://www.chanmama.com/awemeDetail/6850997890245037326", "digg_count": 5157, "digg_incr": 3503, "aweme_create_time": 1595122253, "category": 4, "volume": 96, "amount": 1158.6000000000001}, "author": {"author_id": "1868794533256381", "nickname": "彩虹街好物推荐", "follower_count": 45689}}, {"aweme": {"aweme_id": "6850936389039557896", "aweme_title": "#女人 #耳饰 #玛莎拉蒂锋芒玩家 #一起揉揉小肚子 #上热门", "aweme_url": "https://www.iesdouyin.com/share/video/6850936389039557896/?region=CN&mid=6557654319280163597&u_code=0&titleType=title", "download_url": "https://www.chanmama.com/awemeDetail/6850936389039557896", "digg_count": 7183, "digg_incr": 3495, "aweme_create_time": 1595107961, "category": 4, "volume": 0, "amount": 0}, "author": {"author_id": "201947201930251", "nickname": "韩薇妮饰品", "follower_count": 21601}}, {"aweme": {"aweme_id": "6850971057143287053", "aweme_title": "大家看，曹操的曹字少了一横@乐田丁🎶 #办公室的人都会唱歌是什么体验 #曹操#办公室k歌日常", "aweme_url": "https://www.iesdouyin.com/share/video/6850971057143287053/?region=CN&mid=6850971014713641735&u_code=0&titleType=title", "download_url": "https://www.chanmama.com/awemeDetail/6850971057143287053", "digg_count": 3587, "digg_incr": 3481, "aweme_create_time": 1595116008, "category": 4, "volume": 0, "amount": 0}, "author": {"author_id": "70049376686", "nickname": "问号哥", "follower_count": 61447}}, {"aweme": {"aweme_id": "6850957604508781838", "aweme_title": "#品牌折扣女装 #浙江服饰风尚节 #717抖音奇妙好物市集 #乘风破浪的好物", "aweme_url": "https://www.iesdouyin.com/share/video/6850957604508781838/?region=CN&mid=6810924881085991694&u_code=8kk8hb3afik&titleType=title", "download_url": "https://www.chanmama.com/awemeDetail/6850957604508781838", "digg_count": 3402, "digg_incr": 3393, "aweme_create_time": 1595112880, "category": 4, "volume": 19, "amount": 284.81}, "author": {"author_id": "2247002336008844", "nickname": "衣露顺峰服饰店官方", "follower_count": 108210}}, {"aweme": {"aweme_id": "6851050207237393675", "aweme_title": "虽然我已婚. 但是我魅力不减  经常有小哥哥打给我电话.就像 顺丰 美团 饿了么...#饰品 #耳环控", "aweme_url": "https://www.iesdouyin.com/share/video/6851050207237393675/?region=CN&mid=6842073891012201230&u_code=3g7mbkclj1kf&titleType=title", "download_url": "https://www.chanmama.com/awemeDetail/6851050207237393675", "digg_count": 3346, "digg_incr": 3333, "aweme_create_time": 1595134440, "category": 4, "volume": 0, "amount": 0}, "author": {"author_id": "69738989350", "nickname": "广州珍珍珠宝首饰有限公司", "follower_count": 73963}}, {"aweme": {"aweme_id": "6851079128389553423", "aweme_title": "只为等小姐姐一个回眸！@抖音小助手", "aweme_url": "https://www.iesdouyin.com/share/video/6851079128389553423/?region=CN&mid=6752922997683652610&u_code=0&titleType=title", "download_url": "https://www.chanmama.com/awemeDetail/6851079128389553423", "digg_count": 3897, "digg_incr": 2985, "aweme_create_time": 1595141167, "category": 4, "volume": 0, "amount": 0}, "author": {"author_id": "95873266919", "nickname": "JingKe街拍", "follower_count": 892695}}, {"aweme": {"aweme_id": "6851126642862001423", "aweme_title": "那边到底出了什么事情？让她如此慌张？七点直播间揭秘！！#大东鞋业 #导购 #wo的高能瞬间 #导购", "aweme_url": "https://www.iesdouyin.com/share/video/6851126642862001423/?region=CN&mid=6851126637246548744&u_code=0&titleType=title", "download_url": "https://www.chanmama.com/awemeDetail/6851126642862001423", "digg_count": 3019, "digg_incr": 2811, "aweme_create_time": 1595152229, "category": 4, "volume": 30, "amount": 870}, "author": {"author_id": "97600141108", "nickname": "大东鞋业", "follower_count": 280668}}, {"aweme": {"aweme_id": "6851016310466366735", "aweme_title": "男人的角度，我觉得女性练一下形体，扎这样的发型还是蛮有魅力的，作为女性的你觉得呢？#唐老师编发 #形体仪态", "aweme_url": "https://www.iesdouyin.com/share/video/6851016310466366735/?region=CN&mid=6851016322529118990&u_code=0&titleType=title", "download_url": "https://www.chanmama.com/awemeDetail/6851016310466366735", "digg_count": 3444, "digg_incr": 2751, "aweme_create_time": 1595126541, "category": 4, "volume": 397, "amount": 11870.3}, "author": {"author_id": "69882309587", "nickname": "唐老师发型宝藏", "follower_count": 618567}}, {"aweme": {"aweme_id": "6851164728685841667", "aweme_title": "上班站一天也不累脚。@DOU+小助手", "aweme_url": "https://www.iesdouyin.com/share/video/6851164728685841667/?region=CN&mid=6851164759062661895&u_code=0&titleType=title", "download_url": "https://www.chanmama.com/awemeDetail/6851164728685841667", "digg_count": 4418, "digg_incr": 2749, "aweme_create_time": 1595161102, "category": 4, "volume": 18, "amount": 2700}, "author": {"author_id": "71579669307", "nickname": "桐乡市石门艾微儿皮鞋厂", "follower_count": 603532}}, {"aweme": {"aweme_id": "6851143015998803215", "aweme_title": "你喜欢怎样的腿？#飞跃国潮来袭", "aweme_url": "https://www.iesdouyin.com/share/video/6851143015998803215/?region=CN&mid=6851143019622976263&u_code=0&titleType=title", "download_url": "https://www.chanmama.com/awemeDetail/6851143015998803215", "digg_count": 3162, "digg_incr": 2733, "aweme_create_time": 1595156041, "category": 4, "volume": 45, "amount": 8910}, "author": {"author_id": "95429312019", "nickname": "路家搭配师", "follower_count": 206266}}, {"aweme": {"aweme_id": "6851000884156026119", "aweme_title": "@DOU+小助手", "aweme_url": "https://www.iesdouyin.com/share/video/6851000884156026119/?region=CN&mid=6829507609129782030&u_code=36d7fc85c6ei&titleType=title", "download_url": "https://www.chanmama.com/awemeDetail/6851000884156026119", "digg_count": 6550, "digg_incr": 2701, "aweme_create_time": 1595122950, "category": 4, "volume": 32, "amount": 5119.68}, "author": {"author_id": "2418554064090511", "nickname": "俏伊人真皮女鞋", "follower_count": 191666}}, {"aweme": {"aweme_id": "6850992911799094536", "aweme_title": "头层牛皮两位数#717抖音奇妙好物市集 #717奇妙好物在这里 @抖音小助手", "aweme_url": "https://www.iesdouyin.com/share/video/6850992911799094536/?region=CN&mid=6850992898205715207&u_code=0&titleType=title", "download_url": "https://www.chanmama.com/awemeDetail/6850992911799094536", "digg_count": 3205, "digg_incr": 2696, "aweme_create_time": 1595121094, "category": 4, "volume": 71, "amount": 6020.8}, "author": {"author_id": "4503662079482068", "nickname": "琳子女包", "follower_count": 165339}}, {"aweme": {"aweme_id": "6851007249293298951", "aweme_title": "夏日炎炎，外面雪糕吃多不好，一直想自己做无机雪糕🍦，没想到还真给我找到了#雪葩机 #717奇妙好物在这里", "aweme_url": "https://www.iesdouyin.com/share/video/6851007249293298951/?region=CN&mid=6845460361240824584&u_code=2426m3mj1l40&titleType=title", "download_url": "https://www.chanmama.com/awemeDetail/6851007249293298951", "digg_count": 7696, "digg_incr": 2632, "aweme_create_time": 1595124431, "category": 4, "volume": 38, "amount": 7562}, "author": {"author_id": "927633067487885", "nickname": "乐乐妈咪❤️", "follower_count": 73879}}, {"aweme": {"aweme_id": "6851042788289613063", "aweme_title": "给初跑者的建议#跑步自律 #宝藏女神驾到", "aweme_url": "https://www.iesdouyin.com/share/video/6851042788289613063/?region=CN&mid=6847014174079961870&u_code=0&titleType=title", "download_url": "https://www.chanmama.com/awemeDetail/6851042788289613063", "digg_count": 3474, "digg_incr": 2595, "aweme_create_time": 1595132706, "category": 4, "volume": 9, "amount": 2036}, "author": {"author_id": "58899944183", "nickname": "丹", "follower_count": 127360}}, {"aweme": {"aweme_id": "6851027234656980224", "aweme_title": "爱你的男人吵架时不会做的四件事!#女人 #网红饰品 #直播 #玛莎拉蒂锋芒玩家 @DOU+小助手", "aweme_url": "https://www.iesdouyin.com/share/video/6851027234656980224/?region=CN&mid=6851027232559794957&u_code=0&titleType=title", "download_url": "https://www.chanmama.com/awemeDetail/6851027234656980224", "digg_count": 2603, "digg_incr": 2543, "aweme_create_time": 1595129084, "category": 4, "volume": 25, "amount": 1225}, "author": {"author_id": "3896303028802699", "nickname": "颜瑟饰品", "follower_count": 292918}}, {"aweme": {"aweme_id": "6851041587141659917", "aweme_title": "夏季🌴清凉舒适网纱牛筋底小单鞋#软底软面穿上超舒服 #哎呦喂你鞋真好看 #抖音爸爸让我火一次", "aweme_url": "https://www.iesdouyin.com/share/video/6851041587141659917/?region=CN&mid=6791443309609879566&u_code=40d0b3gdcjkh&titleType=title", "download_url": "https://www.chanmama.com/awemeDetail/6851041587141659917", "digg_count": 3133, "digg_incr": 2488, "aweme_create_time": 1595132426, "category": 4, "volume": 42, "amount": 2478}, "author": {"author_id": "4371311178036280", "nickname": "海广鞋业", "follower_count": 72674}}, {"aweme": {"aweme_id": "6850928155461487872", "aweme_title": "喜欢饰品的宝宝们记得关注我哦#夏天还能这么玩 #好物推荐 #网红饰品 @DOU+小助手 @抖音小助手", "aweme_url": "https://www.iesdouyin.com/share/video/6850928155461487872/?region=CN&mid=6824793994652813319&u_code=8kk8hb3afik&titleType=title", "download_url": "https://www.chanmama.com/awemeDetail/6850928155461487872", "digg_count": 2835, "digg_incr": 2477, "aweme_create_time": 1595106057, "category": 4, "volume": 0, "amount": 0}, "author": {"author_id": "99118725484", "nickname": "玲姐姐首饰", "follower_count": 271064}}, {"aweme": {"aweme_id": "6851178869353975055", "aweme_title": "匡威烂大街，再推荐四个小众帆布鞋牌子#匡威 #帆布鞋", "aweme_url": "https://www.iesdouyin.com/share/video/6851178869353975055/?region=CN&mid=6851178902271118093&u_code=0&titleType=title", "download_url": "https://www.chanmama.com/awemeDetail/6851178869353975055", "digg_count": 8877, "digg_incr": 2359, "aweme_create_time": 1595164388, "category": 4, "volume": 7, "amount": 413}, "author": {"author_id": "91675980623", "nickname": "江河的诗画穿搭", "follower_count": 490253}}, {"aweme": {"aweme_id": "6851127231004151054", "aweme_title": "好看又百搭还便宜的网红#帆布鞋 软底轻便款 洋气又百搭 闺蜜👭都夸好看 #爆款美鞋 #潮鞋控@DOU+小助手", "aweme_url": "https://www.iesdouyin.com/share/video/6851127231004151054/?region=CN&mid=6839218076362213378&u_code=0&titleType=title", "download_url": "https://www.chanmama.com/awemeDetail/6851127231004151054", "digg_count": 2682, "digg_incr": 2143, "aweme_create_time": 1595152366, "category": 4, "volume": 167, "amount": 9185}, "author": {"author_id": "1824804083870077", "nickname": "温州乐季电子商务有限公司", "follower_count": 428500}}, {"aweme": {"aweme_id": "6851013020877982991", "aweme_title": "有了这个再也不用担心发型会乱了#头饰搭配 #717抖音奇妙好物市集 #碎发神器", "aweme_url": "https://www.iesdouyin.com/share/video/6851013020877982991/?region=CN&mid=6723811970096106253&u_code=0&titleType=title", "download_url": "https://www.chanmama.com/awemeDetail/6851013020877982991", "digg_count": 2130, "digg_incr": 2114, "aweme_create_time": 1595125775, "category": 4, "volume": 781, "amount": 15541.9}, "author": {"author_id": "60261884128", "nickname": "年麻严选", "follower_count": 71944}}, {"aweme": {"aweme_id": "6850980975187365135", "aweme_title": "找一双适合自己气质的舒适鞋子#哎呦喂你鞋真好看 #企业号小助手", "aweme_url": "https://www.iesdouyin.com/share/video/6850980975187365135/?region=CN&mid=6850980951116368648&u_code=0&titleType=title", "download_url": "https://www.chanmama.com/awemeDetail/6850980975187365135", "digg_count": 3053, "digg_incr": 2041, "aweme_create_time": 1595118316, "category": 4, "volume": 72, "amount": 3592.7999999999997}, "author": {"author_id": "2123848652685820", "nickname": "南风家每日上新", "follower_count": 30681}}, {"aweme": {"aweme_id": "6851041961130855695", "aweme_title": "#学生 #考试 考试时语文是用来凑的，英语是用来蒙的，可数学最难只能解，我解，我解着解着就考完了#校园 #书包", "aweme_url": "https://www.iesdouyin.com/share/video/6851041961130855695/?region=CN&mid=6851041967711832840&u_code=42621bm39ck8&titleType=title", "download_url": "https://www.chanmama.com/awemeDetail/6851041961130855695", "digg_count": 7086, "digg_incr": 2031, "aweme_create_time": 1595132513, "category": 4, "volume": 0, "amount": 0}, "author": {"author_id": "97745213224", "nickname": "mycobags包罗万象", "follower_count": 4118}}, {"aweme": {"aweme_id": "6850991289048075520", "aweme_title": "有人等烟雨  有人怪雨急  有人在等伞  有人等雨停#凉鞋", "aweme_url": "https://www.iesdouyin.com/share/video/6850991289048075520/?region=CN&mid=6830020102743018253&u_code=0&titleType=title", "download_url": "https://www.chanmama.com/awemeDetail/6850991289048075520", "digg_count": 3784, "digg_incr": 1990, "aweme_create_time": 1595120716, "category": 4, "volume": 0, "amount": 0}, "author": {"author_id": "60320030055", "nickname": "六月芝士", "follower_count": 69530}}, {"aweme": {"aweme_id": "6850893641578204427", "aweme_title": "又连播了12个小时了，蝴蝶结又爆单了#717抖音奇妙好物市集 #我要上热门", "aweme_url": "https://www.iesdouyin.com/share/video/6850893641578204427/?region=CN&mid=6850893781596785416&u_code=0&titleType=title", "download_url": "https://www.chanmama.com/awemeDetail/6850893641578204427", "digg_count": 2086, "digg_incr": 1956, "aweme_create_time": 1595098076, "category": 4, "volume": 470, "amount": 4653}, "author": {"author_id": "59906442417", "nickname": "小缘儿百货", "follower_count": 173435}}, {"aweme": {"aweme_id": "6851023158519106823", "aweme_title": "夏天网红爆款#帆布鞋 💞筒约大气又时尚#潮鞋穿搭 #便宜又好穿#717奇妙好物在这里 @抖音小助手", "aweme_url": "https://www.iesdouyin.com/share/video/6851023158519106823/?region=CN&mid=6744179296199265028&u_code=3e536eh42gd3&titleType=title", "download_url": "https://www.chanmama.com/awemeDetail/6851023158519106823", "digg_count": 2655, "digg_incr": 1955, "aweme_create_time": 1595128135, "category": 4, "volume": 307, "amount": 18113}, "author": {"author_id": "110918818599", "nickname": "百惠千喜鞋服", "follower_count": 388206}}, {"aweme": {"aweme_id": "6851049772678139139", "aweme_title": "宝宝们要的超大桑蚕丝防嗮披肩来了，两点来我直播间了解更多花型与系法#丝巾系法大全 #我要上热门 @抖音小助手", "aweme_url": "https://www.iesdouyin.com/share/video/6851049772678139139/?region=CN&mid=6530812246795553544&u_code=0&titleType=title", "download_url": "https://www.chanmama.com/awemeDetail/6851049772678139139", "digg_count": 2133, "digg_incr": 1921, "aweme_create_time": 1595134339, "category": 4, "volume": 36, "amount": 7164}, "author": {"author_id": "2049109325513502", "nickname": "亿江南丝巾", "follower_count": 17711}}, {"aweme": {"aweme_id": "6851101108182551812", "aweme_title": "希望每个人都可以先成为更好的自己～ #成长充电站", "aweme_url": "https://www.iesdouyin.com/share/video/6851101108182551812/?region=CN&mid=6851101322021014280&u_code=0&titleType=title", "download_url": "https://www.chanmama.com/awemeDetail/6851101108182551812", "digg_count": 2664, "digg_incr": 1870, "aweme_create_time": 1595153011, "category": 4, "volume": 0, "amount": 0}, "author": {"author_id": "103699381218", "nickname": "三金耶", "follower_count": 726060}}, {"aweme": {"aweme_id": "6851007811313241352", "aweme_title": "正在直播 喜欢的来看看 #717奇妙好物市集 #717奇妙好物", "aweme_url": "https://www.iesdouyin.com/share/video/6851007811313241352/?region=CN&mid=6851007899561429774&u_code=j26jlkea1ka&titleType=title", "download_url": "https://www.chanmama.com/awemeDetail/6851007811313241352", "digg_count": 1859, "digg_incr": 1859, "aweme_create_time": 1595124582, "category": 4, "volume": 939, "amount": 9296.1}, "author": {"author_id": "96049627140", "nickname": "LH981482027", "follower_count": 193275}}, {"aweme": {"aweme_id": "6851069302884273415", "aweme_title": "我是一个残疾人不懂宣传，我已经很努力还是无人知晓，龙凤吊坠好看，便宜又被怀疑，都不知道怎么办了……", "aweme_url": "https://www.iesdouyin.com/share/video/6851069302884273415/?region=CN&mid=6704808624104983300&u_code=143k26a9me5m&titleType=title", "download_url": "https://www.chanmama.com/awemeDetail/6851069302884273415", "digg_count": 1852, "digg_incr": 1852, "aweme_create_time": 1595138879, "category": 4, "volume": 2, "amount": 96}, "author": {"author_id": "2013905980499003", "nickname": "冰峰日用百货", "follower_count": 10864}}, {"aweme": {"aweme_id": "6851030499184495886", "aweme_title": "玩嘻哈的都这么瘦吗✔️", "aweme_url": "https://www.iesdouyin.com/share/video/6851030499184495886/?region=CN&mid=6851030825434155784&u_code=0&titleType=title", "download_url": "https://www.chanmama.com/awemeDetail/6851030499184495886", "digg_count": 3774, "digg_incr": 1826, "aweme_create_time": 1595129919, "category": 4, "volume": 0, "amount": 0}, "author": {"author_id": "399815475201672", "nickname": "成都潮男榜", "follower_count": 541383}}, {"aweme": {"aweme_id": "6851082509346786571", "aweme_title": "我是一个残疾人不懂宣传，我已经很努力还是无人知晓，龙凤吊坠好看，便宜又被怀疑，都不知道怎么办了……", "aweme_url": "https://www.iesdouyin.com/share/video/6851082509346786571/?region=CN&mid=6704808624104983300&u_code=3jh2emdm564f&titleType=title", "download_url": "https://www.chanmama.com/awemeDetail/6851082509346786571", "digg_count": 1814, "digg_incr": 1814, "aweme_create_time": 1595141962, "category": 4, "volume": 1, "amount": 48}, "author": {"author_id": "3021098625008910", "nickname": "丰泽区宝香堂百货", "follower_count": 4300}}, {"aweme": {"aweme_id": "6851090981459119375", "aweme_title": "花纹涂鸦#帆布鞋 时尚又百搭三层硫化鞋底质量好 太便宜了", "aweme_url": "https://www.iesdouyin.com/share/video/6851090981459119375/?region=CN&mid=6851090994130193166&u_code=0&titleType=title", "download_url": "https://www.chanmama.com/awemeDetail/6851090981459119375", "digg_count": 2283, "digg_incr": 1794, "aweme_create_time": 1595143927, "category": 4, "volume": 0, "amount": 0}, "author": {"author_id": "93938216699", "nickname": "常熟鞋丫头鞋业商行", "follower_count": 5565}}, {"aweme": {"aweme_id": "6850948955400981775", "aweme_title": "睡不着，5:00起来跑步。早上的空气特别好。", "aweme_url": "https://www.iesdouyin.com/share/video/6850948955400981775/?region=CN&mid=6834078949820222216&u_code=0&titleType=title", "download_url": "https://www.chanmama.com/awemeDetail/6850948955400981775", "digg_count": 2224, "digg_incr": 1742, "aweme_create_time": 1595110870, "category": 4, "volume": 0, "amount": 0}, "author": {"author_id": "104795294779", "nickname": "吴三姐", "follower_count": 128712}}, {"aweme": {"aweme_id": "6851003927169682695", "aweme_title": "80后母老虎，13年实体，9年电商，某宝某猫，专卖店都有。今年又开始直播。初中毕业没啥优点，就是啥都敢尝试😜", "aweme_url": "https://www.iesdouyin.com/share/video/6851003927169682695/?region=CN&mid=6851003918080658184&u_code=2g9cf9d97e3b&titleType=title", "download_url": "https://www.chanmama.com/awemeDetail/6851003927169682695", "digg_count": 1734, "digg_incr": 1727, "aweme_create_time": 1595123658, "category": 4, "volume": 27, "amount": 1890}, "author": {"author_id": "61659154995", "nickname": "人本-帆布鞋（上午10点开播）", "follower_count": 266081}}, {"aweme": {"aweme_id": "6851115023700413696", "aweme_title": "这么热的夏天，我家的飞织透气你确定不要？", "aweme_url": "https://www.iesdouyin.com/share/video/6851115023700413696/?region=CN&mid=6851115028624542478&u_code=0&titleType=title", "download_url": "https://www.chanmama.com/awemeDetail/6851115023700413696", "digg_count": 1724, "digg_incr": 1724, "aweme_create_time": 1595149524, "category": 4, "volume": 79, "amount": 7821}, "author": {"author_id": "399874864715159", "nickname": "瑞安老大鞋厂", "follower_count": 0}}, {"aweme": {"aweme_id": "6850951268114976000", "aweme_title": "飞织懒人一脚蹬软底单鞋，上脚舒适百搭，好穿不累脚#抖音小助手 #你在焦点在 #抖音好物 #我要上热门 #鞋子", "aweme_url": "https://www.iesdouyin.com/share/video/6850951268114976000/?region=CN&mid=6826080736643189512&u_code=3aj02iljllhf&titleType=title", "download_url": "https://www.chanmama.com/awemeDetail/6850951268114976000", "digg_count": 1691, "digg_incr": 1691, "aweme_create_time": 1595111406, "category": 4, "volume": 91, "amount": 5369}, "author": {"author_id": "109632973008", "nickname": "艾琦鞋业", "follower_count": 15655}}, {"aweme": {"aweme_id": "6850924714513206539", "aweme_title": "我好好做鞋，你安心穿鞋。要美美的也是舒服的。@DOU+小助手", "aweme_url": "https://www.iesdouyin.com/share/video/6850924714513206539/?region=CN&mid=6850924996680764174&u_code=3570gl23l2e0&titleType=title", "download_url": "https://www.chanmama.com/awemeDetail/6850924714513206539", "digg_count": 1680, "digg_incr": 1664, "aweme_create_time": 1595105360, "category": 4, "volume": 47, "amount": 7285}, "author": {"author_id": "71579669307", "nickname": "桐乡市石门艾微儿皮鞋厂", "follower_count": 603532}}, {"aweme": {"aweme_id": "6851085224701463811", "aweme_title": "一场意外夺走了我的双腿，朋友也离我而去，只剩自己专心做龙凤项链，便宜又被怀疑，都不知道怎么办了", "aweme_url": "https://www.iesdouyin.com/share/video/6851085224701463811/?region=CN&mid=6704808624104983300&u_code=d3cibdhcebc&titleType=title", "download_url": "https://www.chanmama.com/awemeDetail/6851085224701463811", "digg_count": 1655, "digg_incr": 1655, "aweme_create_time": 1595142594, "category": 4, "volume": 2, "amount": 96}, "author": {"author_id": "3021098625008910", "nickname": "丰泽区宝香堂百货", "follower_count": 4300}}, {"aweme": {"aweme_id": "6850948271502904590", "aweme_title": "#女人 #生肖 #717奇妙好物在这里 #珠宝首饰 #妮蒂娅首饰 @DOU+小助手", "aweme_url": "https://www.iesdouyin.com/share/video/6850948271502904590/?region=CN&mid=6850948196202580749&u_code=0&titleType=title", "download_url": "https://www.chanmama.com/awemeDetail/6850948271502904590", "digg_count": 2409, "digg_incr": 1634, "aweme_create_time": 1595110711, "category": 4, "volume": 0, "amount": 0}, "author": {"author_id": "73386074223", "nickname": "A2300000", "follower_count": 37284}}, {"aweme": {"aweme_id": "6851143731190500615", "aweme_title": "我就这一个头，别嫌弃😂努力赚钱再买个好看的头😁#簪娘原创 #maria变身 #发冠 #古风发饰 #后压", "aweme_url": "https://www.iesdouyin.com/share/video/6851143731190500615/?region=CN&mid=6843607089181362177&u_code=0&titleType=title", "download_url": "https://www.chanmama.com/awemeDetail/6851143731190500615", "digg_count": 3582, "digg_incr": 1589, "aweme_create_time": 1595156208, "category": 4, "volume": 0, "amount": 0}, "author": {"author_id": "72298783998", "nickname": "簪娘阿拉芬", "follower_count": 37648}}, {"aweme": {"aweme_id": "6851178427769163008", "aweme_title": "听说夏天穿凉鞋也是包租婆的标配😌😌#回力帆布鞋", "aweme_url": "https://www.iesdouyin.com/share/video/6851178427769163008/?region=CN&mid=6851178442705226510&u_code=0&titleType=title", "download_url": "https://www.chanmama.com/awemeDetail/6851178427769163008", "digg_count": 1805, "digg_incr": 1528, "aweme_create_time": 1595164286, "category": 4, "volume": 18, "amount": 1782}, "author": {"author_id": "95429312019", "nickname": "路家搭配师", "follower_count": 206266}}, {"aweme": {"aweme_id": "6850993621940980996", "aweme_title": "很多人让我推荐质量好的 来吧这个质量好颜值高收纳强 #抖音小助手 #DOU #书包 #上热门@DOU+小助手", "aweme_url": "https://www.iesdouyin.com/share/video/6850993621940980996/?region=CN&mid=6634837887542594311&u_code=0&titleType=title", "download_url": "https://www.chanmama.com/awemeDetail/6850993621940980996", "digg_count": 1749, "digg_incr": 1525, "aweme_create_time": 1595121269, "category": 4, "volume": 0, "amount": 0}, "author": {"author_id": "76209712969", "nickname": "聚森源优品", "follower_count": 82576}}, {"aweme": {"aweme_id": "6851032643954396431", "aweme_title": "今天喝了伏特加 去了宜家 可更想跟你回家啊", "aweme_url": "https://www.iesdouyin.com/share/video/6851032643954396431/?region=CN&mid=6826663620382870280&u_code=0&titleType=title", "download_url": "https://www.chanmama.com/awemeDetail/6851032643954396431", "digg_count": 1788, "digg_incr": 1508, "aweme_create_time": 1595130344, "category": 4, "volume": 0, "amount": 0}, "author": {"author_id": "108394789314", "nickname": "绵绵", "follower_count": 89171}}, {"aweme": {"aweme_id": "6851019273108770062", "aweme_title": "#护肤 #瓜分流量 外面的女人只是参与了你的吃喝玩乐，还是老婆好", "aweme_url": "https://www.iesdouyin.com/share/video/6851019273108770062/?region=CN&mid=6851019295296965390&u_code=0&titleType=title", "download_url": "https://www.chanmama.com/awemeDetail/6851019273108770062", "digg_count": 1549, "digg_incr": 1498, "aweme_create_time": 1595127231, "category": 4, "volume": 0, "amount": 0}, "author": {"author_id": "1314610369005876", "nickname": "官泉电子商务商行", "follower_count": 124377}}, {"aweme": {"aweme_id": "6850992061831810317", "aweme_title": "美女老师跳的棒棒哒#广场舞 #抖音小助手", "aweme_url": "https://www.iesdouyin.com/share/video/6850992061831810317/?region=CN&mid=6850992069066967822&u_code=0&titleType=title", "download_url": "https://www.chanmama.com/awemeDetail/6850992061831810317", "digg_count": 1746, "digg_incr": 1494, "aweme_create_time": 1595120896, "category": 4, "volume": 0, "amount": 0}, "author": {"author_id": "94193971532", "nickname": "红妹", "follower_count": 26259}}, {"aweme": {"aweme_id": "6851021752730914048", "aweme_title": "喜欢饰品的宝宝们记得关注我哦#夏天还能这么玩 #好物推荐 #网红饰品 @DOU+小助手 @抖音小助手", "aweme_url": "https://www.iesdouyin.com/share/video/6851021752730914048/?region=CN&mid=6699270712177199880&u_code=0&titleType=title", "download_url": "https://www.chanmama.com/awemeDetail/6851021752730914048", "digg_count": 1860, "digg_incr": 1489, "aweme_create_time": 1595127808, "category": 4, "volume": 2, "amount": 79.8}, "author": {"author_id": "99118725484", "nickname": "玲姐姐首饰", "follower_count": 271064}}, {"aweme": {"aweme_id": "6851002475797810439", "aweme_title": "我听说有很多宝宝书包咋整都乱糟糟弄不明白 就推荐这个给你们看看吧 #DOU #抖音小助手 #书包", "aweme_url": "https://www.iesdouyin.com/share/video/6851002475797810439/?region=CN&mid=6321531807099521794&u_code=0&titleType=title", "download_url": "https://www.chanmama.com/awemeDetail/6851002475797810439", "digg_count": 4063, "digg_incr": 1420, "aweme_create_time": 1595123328, "category": 4, "volume": 3, "amount": 537}, "author": {"author_id": "1138744236189773", "nickname": "拓森箱包", "follower_count": 141832}}, {"aweme": {"aweme_id": "6851056409832951055", "aweme_title": "露肩拼色雪纺上衣，洋气荷叶边，搭配包臀裙显瘦气质", "aweme_url": "https://www.iesdouyin.com/share/video/6851056409832951055/?region=CN&mid=6802170936255580174&u_code=e9jhgfcidha&titleType=title", "download_url": "https://www.chanmama.com/awemeDetail/6851056409832951055", "digg_count": 2365, "digg_incr": 1390, "aweme_create_time": 1595135877, "category": 4, "volume": 69, "amount": 3167.1}, "author": {"author_id": "1662066375530312", "nickname": "吴小声女装", "follower_count": 538014}}, {"aweme": {"aweme_id": "6851121199750106376", "aweme_title": "#生肖 视频每天更新 感恩支持", "aweme_url": "https://www.iesdouyin.com/share/video/6851121199750106376/?region=CN&mid=6779069012354533378&u_code=0&titleType=title", "download_url": "https://www.chanmama.com/awemeDetail/6851121199750106376", "digg_count": 2109, "digg_incr": 1382, "aweme_create_time": 1595150963, "category": 4, "volume": 0, "amount": 0}, "author": {"author_id": "923209047474607", "nickname": "梵鑫漫媞567", "follower_count": 308175}}, {"aweme": {"aweme_id": "6851055242272984334", "aweme_title": "我打赌没有粉丝能一次成功#截图挑战#717奇妙好物在这里 #珠宝首饰", "aweme_url": "https://www.iesdouyin.com/share/video/6851055242272984334/?region=CN&mid=6851055235925986056&u_code=0&titleType=title", "download_url": "https://www.chanmama.com/awemeDetail/6851055242272984334", "digg_count": 2546, "digg_incr": 1328, "aweme_create_time": 1595135606, "category": 4, "volume": 0, "amount": 0}, "author": {"author_id": "3214590299351607", "nickname": "翠掌门珠宝", "follower_count": 304032}}, {"aweme": {"aweme_id": "6851198369205898496", "aweme_title": "#时尚穿搭 全气垫时尚运动休闲潮鞋#好鞋推荐 #717奇妙好物在这里@DOU+小助手", "aweme_url": "https://www.iesdouyin.com/share/video/6851198369205898496/?region=CN&mid=6841123632597502727&u_code=3bfc9f4f46ll&titleType=title", "download_url": "https://www.chanmama.com/awemeDetail/6851198369205898496", "digg_count": 3054, "digg_incr": 1316, "aweme_create_time": 1595168929, "category": 4, "volume": 0, "amount": 0}, "author": {"author_id": "85923611768", "nickname": "保罗·圣约翰", "follower_count": 310796}}, {"aweme": {"aweme_id": "6851041113491508494", "aweme_title": "#原创 #底层lo娘 #少女心 #jk #买包包 为什么说比起思慕会更推荐大家入小海风呢，因为它可拆卸更百搭呢", "aweme_url": "https://www.iesdouyin.com/share/video/6851041113491508494/?region=CN&mid=6527838824704412429&u_code=g2l7l948cmj&titleType=title", "download_url": "https://www.chanmama.com/awemeDetail/6851041113491508494", "digg_count": 1800, "digg_incr": 1314, "aweme_create_time": 1595132316, "category": 4, "volume": 3, "amount": 90}, "author": {"author_id": "4067814313039943", "nickname": "奶茶熊工作室", "follower_count": 129793}}, {"aweme": {"aweme_id": "6850576574908026125", "aweme_title": "女神來啦！@吃糖吐泡泡  #蜀都街拍", "aweme_url": "https://www.iesdouyin.com/share/video/6850576574908026125/?region=CN&mid=6850576585922202375&u_code=0&titleType=title", "download_url": "https://www.chanmama.com/awemeDetail/6850576574908026125", "digg_count": 1971, "digg_incr": 1310, "aweme_create_time": 1595131200, "category": 4, "volume": 0, "amount": 0}, "author": {"author_id": "641712275601504", "nickname": "蜀美人", "follower_count": 146737}}, {"aweme": {"aweme_id": "6851076783077477647", "aweme_title": "@佳棋服装店发了一个抖音短视频，你尽管点开，不好看算我输！", "aweme_url": "https://www.iesdouyin.com/share/video/6851076783077477647/?region=CN&mid=6851076784201730824&u_code=0&titleType=", "download_url": "https://www.chanmama.com/awemeDetail/6851076783077477647", "digg_count": 6732, "digg_incr": 1296, "aweme_create_time": 1595140621, "category": 4, "volume": 9, "amount": 891}, "author": {"author_id": "149132417958355", "nickname": "佳棋服装店", "follower_count": 117592}}, {"aweme": {"aweme_id": "6851140054027422991", "aweme_title": "喜欢饰品的宝宝们记得关注我哦#夏天还能这么玩 #好物推荐 #网红饰品 @DOU+小助手 @抖音小助手", "aweme_url": "https://www.iesdouyin.com/share/video/6851140054027422991/?region=CN&mid=6824793994652813319&u_code=0&titleType=title", "download_url": "https://www.chanmama.com/awemeDetail/6851140054027422991", "digg_count": 1311, "digg_incr": 1291, "aweme_create_time": 1595155352, "category": 4, "volume": 1, "amount": 44.9}, "author": {"author_id": "99118725484", "nickname": "玲姐姐首饰", "follower_count": 271064}}, {"aweme": {"aweme_id": "6850977175101787392", "aweme_title": "让人羡慕的身材！#穿搭", "aweme_url": "https://www.iesdouyin.com/share/video/6850977175101787392/?region=CN&mid=6635852940202478341&u_code=0&titleType=title", "download_url": "https://www.chanmama.com/awemeDetail/6850977175101787392", "digg_count": 1549, "digg_incr": 1287, "aweme_create_time": 1595117431, "category": 4, "volume": 0, "amount": 0}, "author": {"author_id": "104659053930", "nickname": "逊色街拍", "follower_count": 107237}}, {"aweme": {"aweme_id": "6850868172292148494", "aweme_title": "#蜀都街拍 腿长就是任性。@西娅y", "aweme_url": "https://www.iesdouyin.com/share/video/6850868172292148494/?region=CN&mid=6850868598638988039&u_code=0&titleType=title", "download_url": "https://www.chanmama.com/awemeDetail/6850868172292148494", "digg_count": 2898, "digg_incr": 1249, "aweme_create_time": 1595131200, "category": 4, "volume": 0, "amount": 0}, "author": {"author_id": "1261834242892078", "nickname": "成都街拍崽", "follower_count": 206007}}, {"aweme": {"aweme_id": "6851125668554525966", "aweme_title": "经典百搭包包，质感超好哦#包包 #包包控 #百搭 #气质 @抖音小助手", "aweme_url": "https://www.iesdouyin.com/share/video/6851125668554525966/?region=CN&mid=6851125941268597517&u_code=0&titleType=title", "download_url": "https://www.chanmama.com/awemeDetail/6851125668554525966", "digg_count": 5014, "digg_incr": 1245, "aweme_create_time": 1595152067, "category": 4, "volume": 8, "amount": 392}, "author": {"author_id": "96902571381", "nickname": "索伊美优品女包", "follower_count": 223407}}, {"aweme": {"aweme_id": "6850978804433816846", "aweme_title": "闺蜜Ｔ，长款短款都有，休闲时尚不挑人", "aweme_url": "https://www.iesdouyin.com/share/video/6850978804433816846/?region=CN&mid=6799975730035231496&u_code=23fc758dcd3h&titleType=title", "download_url": "https://www.chanmama.com/awemeDetail/6850978804433816846", "digg_count": 1758, "digg_incr": 1243, "aweme_create_time": 1595117811, "category": 4, "volume": 44, "amount": 2596.9}, "author": {"author_id": "610971892333965", "nickname": "龚蚊子服装商行", "follower_count": 198146}}, {"aweme": {"aweme_id": "6850964901863640320", "aweme_title": "娟儿原创", "aweme_url": "https://www.iesdouyin.com/share/video/6850964901863640320/?region=CN&mid=6850965183473388292&u_code=3mgb47e23akf&titleType=title", "download_url": "https://www.chanmama.com/awemeDetail/6850964901863640320", "digg_count": 1416, "digg_incr": 1242, "aweme_create_time": 1595114592, "category": 4, "volume": 0, "amount": 0}, "author": {"author_id": "4503681731520363", "nickname": "珍惜～爱跳舞💃💃", "follower_count": 521248}}, {"aweme": {"aweme_id": "6851021075413830927", "aweme_title": "辣妹必备！那些让你回头率200%的小众腋下包👜 #包治百病 #穿搭", "aweme_url": "https://www.iesdouyin.com/share/video/6851021075413830927/?region=CN&mid=6851021134432127757&u_code=0&titleType=title", "download_url": "https://www.chanmama.com/awemeDetail/6851021075413830927", "digg_count": 2181, "digg_incr": 1242, "aweme_create_time": 1595127650, "category": 4, "volume": 1, "amount": 209}, "author": {"author_id": "2282176171227427", "nickname": "拜托了一枝南南", "follower_count": 282955}}, {"aweme": {"aweme_id": "6851022988138089741", "aweme_title": "#少女心好物 #高跟鞋控 #女鞋 #每日穿搭分享", "aweme_url": "https://www.iesdouyin.com/share/video/6851022988138089741/?region=CN&mid=6850388831577885454&u_code=0&titleType=title", "download_url": "https://www.chanmama.com/awemeDetail/6851022988138089741", "digg_count": 1834, "digg_incr": 1220, "aweme_create_time": 1595128096, "category": 4, "volume": 0, "amount": 0}, "author": {"author_id": "65252400563", "nickname": "_Luray瑶哥", "follower_count": 224273}}, {"aweme": {"aweme_id": "6851039851865722120", "aweme_title": "最好的状态是舒服 #穿搭", "aweme_url": "https://www.iesdouyin.com/share/video/6851039851865722120/?region=CN&mid=6851039856747924237&u_code=0&titleType=title", "download_url": "https://www.chanmama.com/awemeDetail/6851039851865722120", "digg_count": 1411, "digg_incr": 1206, "aweme_create_time": 1595132022, "category": 4, "volume": 40, "amount": 796}, "author": {"author_id": "106072449839", "nickname": "长颈姑姑 7月28日晚7点直播", "follower_count": 367633}}, {"aweme": {"aweme_id": "6851090141549858061", "aweme_title": "吃穿的最高境界", "aweme_url": "https://www.iesdouyin.com/share/video/6851090141549858061/?region=CN&mid=6851090141872753421&u_code=0&titleType=title", "download_url": "https://www.chanmama.com/awemeDetail/6851090141549858061", "digg_count": 1338, "digg_incr": 1188, "aweme_create_time": 1595143732, "category": 4, "volume": 0, "amount": 0}, "author": {"author_id": "106893515853", "nickname": "大鼻子象", "follower_count": 32526}}, {"aweme": {"aweme_id": "6851141631572184335", "aweme_title": "#夫妻 差几岁是龙凤配，你知道吗？#网红饰品 #宝藏女神驾到 #抖音直播 #不负吾爱探索x面 @DOU+小助手", "aweme_url": "https://www.iesdouyin.com/share/video/6851141631572184335/?region=CN&mid=6543165033839659790&u_code=0&titleType=title", "download_url": "https://www.chanmama.com/awemeDetail/6851141631572184335", "digg_count": 1360, "digg_incr": 1168, "aweme_create_time": 1595155726, "category": 4, "volume": 8, "amount": 392}, "author": {"author_id": "3896303028802699", "nickname": "颜瑟饰品", "follower_count": 292918}}, {"aweme": {"aweme_id": "6851036150308588813", "aweme_title": "来了，来了，航姐又来了", "aweme_url": "https://www.iesdouyin.com/share/video/6851036150308588813/?region=CN&mid=6845972392024640264&u_code=0&titleType=title", "download_url": "https://www.chanmama.com/awemeDetail/6851036150308588813", "digg_count": 1474, "digg_incr": 1159, "aweme_create_time": 1595131160, "category": 4, "volume": 31, "amount": 3658}, "author": {"author_id": "104616369708", "nickname": "航姐尚品服装", "follower_count": 251336}}, {"aweme": {"aweme_id": "6850958660034776333", "aweme_title": "生活一半是回忆，一半是继续， 把所有的不快乐给昨天，把所有的希望给明天#生活 #慢动作 @抖音小助手", "aweme_url": "https://www.iesdouyin.com/share/video/6850958660034776333/?region=CN&mid=6826154515121703693&u_code=0&titleType=title", "download_url": "https://www.chanmama.com/awemeDetail/6850958660034776333", "digg_count": 1282, "digg_incr": 1148, "aweme_create_time": 1595113125, "category": 4, "volume": 2, "amount": 37.64}, "author": {"author_id": "1217896444863108", "nickname": "快乐 天使", "follower_count": 20307}}, {"aweme": {"aweme_id": "6850965976389930255", "aweme_title": "32步完整版@抖音小助手 #一起来跳好看舞", "aweme_url": "https://www.iesdouyin.com/share/video/6850965976389930255/?region=CN&mid=6850965962431154951&u_code=0&titleType=title", "download_url": "https://www.chanmama.com/awemeDetail/6850965976389930255", "digg_count": 1283, "digg_incr": 1141, "aweme_create_time": 1595114826, "category": 4, "volume": 0, "amount": 0}, "author": {"author_id": "82104149867", "nickname": "珍惜～爱跳舞💃", "follower_count": 783390}}, {"aweme": {"aweme_id": "6851033490629217543", "aweme_title": "小众好物分享一款手表.真的可以气质百搭哦#lolarose手表 值得拥有哦😋", "aweme_url": "https://www.iesdouyin.com/share/video/6851033490629217543/?region=CN&mid=6851033503853841159&u_code=0&titleType=title", "download_url": "https://www.chanmama.com/awemeDetail/6851033490629217543", "digg_count": 2531, "digg_incr": 1128, "aweme_create_time": 1595153118, "category": 4, "volume": 0, "amount": 0}, "author": {"author_id": "62188814419", "nickname": "老中小幸福三口之家👨‍👩‍👧", "follower_count": 557363}}, {"aweme": {"aweme_id": "6850968096975441164", "aweme_title": "若有一天，伱的情绪，不能用语言表达，那就听歌吧！总有一首能触动伱的心灵，治愈所有的不快！@抖音小助手 #耳饰", "aweme_url": "https://www.iesdouyin.com/share/video/6850968096975441164/?region=CN&mid=6850968118434777864&u_code=0&titleType=title", "download_url": "https://www.chanmama.com/awemeDetail/6850968096975441164", "digg_count": 1251, "digg_incr": 1127, "aweme_create_time": 1595115335, "category": 4, "volume": 17, "amount": 663}, "author": {"author_id": "86746964232", "nickname": "非常百货", "follower_count": 51654}}, {"aweme": {"aweme_id": "6850923102495378703", "aweme_title": "不管你是脚宽或者脚胖，这款鞋都能包容你#你在焦点在这里 #时尚女鞋 #哎哟喂你鞋真好看 @DOU+小助手", "aweme_url": "https://www.iesdouyin.com/share/video/6850923102495378703/?region=CN&mid=6844956086160590856&u_code=3mgb47e23akf&titleType=title", "download_url": "https://www.chanmama.com/awemeDetail/6850923102495378703", "digg_count": 1097, "digg_incr": 1099, "aweme_create_time": 1595104892, "category": 4, "volume": 175, "amount": 10325}, "author": {"author_id": "149183688609823", "nickname": "羞涩公主", "follower_count": 12543}}, {"aweme": {"aweme_id": "6851008842008939789", "aweme_title": "#717奇妙好物在这里 #solo出道谁最nata #义乌 #珍珠 #宝妈创业 珍珠手链浮力9.9包由", "aweme_url": "https://www.iesdouyin.com/share/video/6851008842008939789/?region=CN&mid=6851008840725777159&u_code=12kd4597acjd&titleType=title", "download_url": "https://www.chanmama.com/awemeDetail/6851008842008939789", "digg_count": 1172, "digg_incr": 1079, "aweme_create_time": 1595124802, "category": 4, "volume": 13, "amount": 128.70000000000002}, "author": {"author_id": "103996993813", "nickname": "小笨闯义乌", "follower_count": 197165}}, {"aweme": {"aweme_id": "6851120817263217934", "aweme_title": "简单的舞步送给初学者，一起来练习吧@DOU+小助手 @抖音小助手", "aweme_url": "https://www.iesdouyin.com/share/video/6851120817263217934/?region=CN&mid=6739553312049318669&u_code=0&titleType=title", "download_url": "https://www.chanmama.com/awemeDetail/6851120817263217934", "digg_count": 1254, "digg_incr": 1072, "aweme_create_time": 1595150874, "category": 4, "volume": 0, "amount": 0}, "author": {"author_id": "63956385757", "nickname": "简简单单", "follower_count": 424315}}, {"aweme": {"aweme_id": "6851019220617006344", "aweme_title": "发箍来咯#不要限流我要上热门 #热门推荐 #717抖音奇妙好物市集 @DOU+小助手 @抖音小助手", "aweme_url": "https://www.iesdouyin.com/share/video/6851019220617006344/?region=CN&mid=6851019216888302344&u_code=m1f8fefgge8&titleType=title", "download_url": "https://www.chanmama.com/awemeDetail/6851019220617006344", "digg_count": 1721, "digg_incr": 1068, "aweme_create_time": 1595127218, "category": 4, "volume": 259, "amount": 2564.1}, "author": {"author_id": "3051863896231335", "nickname": "KissMud童鞋旗舰店", "follower_count": 77661}}, {"aweme": {"aweme_id": "6850775489225706755", "aweme_title": "春夏平跟鞋搭配长裙，温柔甜美、优雅显气质,搭配长裤，通勤干练#真皮女鞋@DOU+小助手", "aweme_url": "https://www.iesdouyin.com/share/video/6850775489225706755/?region=CN&mid=6850775613926624014&u_code=1dbh74k7h95h&titleType=title", "download_url": "https://www.chanmama.com/awemeDetail/6850775489225706755", "digg_count": 1147, "digg_incr": 1065, "aweme_create_time": 1595109600, "category": 4, "volume": 19, "amount": 2850}, "author": {"author_id": "2787978318985591", "nickname": "桐乡骏石鞋业", "follower_count": 87313}}, {"aweme": {"aweme_id": "6851015137025854734", "aweme_title": "#原创 #jk #底层lo娘 #少女心 #做包包 感谢宝贝们的支持，昨天小海风成团了，开始安排！大货会做更精致", "aweme_url": "https://www.iesdouyin.com/share/video/6851015137025854734/?region=CN&mid=6833305850380028686&u_code=4d70j3mc9cjf&titleType=title", "download_url": "https://www.chanmama.com/awemeDetail/6851015137025854734", "digg_count": 1274, "digg_incr": 1062, "aweme_create_time": 1595126268, "category": 4, "volume": 2, "amount": 60}, "author": {"author_id": "4067814313039943", "nickname": "奶茶熊工作室", "follower_count": 129793}}, {"aweme": {"aweme_id": "6851094684144651531", "aweme_title": "人生幸福的事，不是活得像别人，而是努力之后活得更像自己。￼@文文穿搭 #直播 #717奇妙好物在这里", "aweme_url": "https://www.iesdouyin.com/share/video/6851094684144651531/?region=CN&mid=6835054339107670798&u_code=38kmh58m4c6&titleType=title", "download_url": "https://www.chanmama.com/awemeDetail/6851094684144651531", "digg_count": 1063, "digg_incr": 1033, "aweme_create_time": 1595144797, "category": 4, "volume": 50, "amount": 9450}, "author": {"author_id": "62302651203", "nickname": "黄岛区菲同例外服饰店", "follower_count": 133435}}, {"aweme": {"aweme_id": "6851129156311256324", "aweme_title": "手动冲洗隐形眼镜是不是该淘汰了？#隐形眼镜清洗器#美瞳", "aweme_url": "https://www.iesdouyin.com/share/video/6851129156311256324/?region=CN&mid=6851129332006537997&u_code=0&titleType=title", "download_url": "https://www.chanmama.com/awemeDetail/6851129156311256324", "digg_count": 1053, "digg_incr": 1022, "aweme_create_time": 1595152852, "category": 4, "volume": 1, "amount": 159}, "author": {"author_id": "107738331744", "nickname": "大姨丈评测", "follower_count": 429230}}, {"aweme": {"aweme_id": "6851127146522512653", "aweme_title": "特别喜欢的一段话，“空闲时间找你 和腾出时间找你是两码事，一种是想起你了 一种是想你了 看懂了吗？”#包包", "aweme_url": "https://www.iesdouyin.com/share/video/6851127146522512653/?region=CN&mid=6845551993327471367&u_code=0&titleType=title", "download_url": "https://www.chanmama.com/awemeDetail/6851127146522512653", "digg_count": 1184, "digg_incr": 1020, "aweme_create_time": 1595152347, "category": 4, "volume": 59, "amount": 8142}, "author": {"author_id": "96461860753", "nickname": "芦淞区明健皮具店", "follower_count": 101642}}, {"aweme": {"aweme_id": "6851024013926419726", "aweme_title": "日常词汇！家里的各个房间用英文怎么说？🤔🧐 #学浪计划 #启蒙英语 #少儿英语@DOU+小助手", "aweme_url": "https://www.iesdouyin.com/share/video/6851024013926419726/?region=CN&mid=6851024024206969607&u_code=0&titleType=title", "download_url": "https://www.chanmama.com/awemeDetail/6851024013926419726", "digg_count": 1024, "digg_incr": 1015, "aweme_create_time": 1595128335, "category": 4, "volume": 0, "amount": 0}, "author": {"author_id": "3328943089517068", "nickname": "魔力耳朵在线少儿英语", "follower_count": 12653}}, {"aweme": {"aweme_id": "6851024950208335111", "aweme_title": "知足且坚定 温柔且上进#文案@抖音小助手", "aweme_url": "https://www.iesdouyin.com/share/video/6851024950208335111/?region=CN&mid=6815851171467594508&u_code=0&titleType=title", "download_url": "https://www.chanmama.com/awemeDetail/6851024950208335111", "digg_count": 2041, "digg_incr": 990, "aweme_create_time": 1595128552, "category": 4, "volume": 0, "amount": 0}, "author": {"author_id": "1833613007011627", "nickname": "是贰君呀～☁️", "follower_count": 193290}}, {"aweme": {"aweme_id": "6851162235998309639", "aweme_title": "女人铁了心要离开你，往往是从这五个细节开始的#感情 #宝藏女神驾到 #好物推荐 #抖音小助手 #热门", "aweme_url": "https://www.iesdouyin.com/share/video/6851162235998309639/?region=CN&mid=6851162241522354957&u_code=0&titleType=title", "download_url": "https://www.chanmama.com/awemeDetail/6851162235998309639", "digg_count": 1197, "digg_incr": 973, "aweme_create_time": 1595160516, "category": 4, "volume": 0, "amount": 0}, "author": {"author_id": "98211914848", "nickname": "扶绥一间指尖坊银饰", "follower_count": 220238}}, {"aweme": {"aweme_id": "6851101009113058568", "aweme_title": "#女人#情感 #耳环 #717奇妙好物在这里 #玛莎拉蒂锋芒玩家 #抖音小助手 @DOU+小助手", "aweme_url": "https://www.iesdouyin.com/share/video/6851101009113058568/?region=CN&mid=6851101007758707469&u_code=0&titleType=title", "download_url": "https://www.chanmama.com/awemeDetail/6851101009113058568", "digg_count": 1161, "digg_incr": 959, "aweme_create_time": 1595146262, "category": 4, "volume": 0, "amount": 0}, "author": {"author_id": "110808542765", "nickname": "玖儿时尚饰品", "follower_count": 71702}}, {"aweme": {"aweme_id": "6851012103239732493", "aweme_title": "老爹鞋时尚又百搭，增高又显瘦哦！#乘风破浪幸盔有你", "aweme_url": "https://www.iesdouyin.com/share/video/6851012103239732493/?region=CN&mid=6798119507354618632&u_code=0&titleType=title", "download_url": "https://www.chanmama.com/awemeDetail/6851012103239732493", "digg_count": 1844, "digg_incr": 954, "aweme_create_time": 1595125562, "category": 4, "volume": 21, "amount": 1449}, "author": {"author_id": "105123831220", "nickname": "肖娟娟鞋行", "follower_count": 37542}}, {"aweme": {"aweme_id": "6850968853644676352", "aweme_title": "当你有足够的实力，你的原则和底线才会被人尊重#爱生活爱美丽 #职场女性 #感谢抖音平台 #事业女人", "aweme_url": "https://www.iesdouyin.com/share/video/6850968853644676352/?region=CN&mid=6737163391775165195&u_code=0&titleType=title", "download_url": "https://www.chanmama.com/awemeDetail/6850968853644676352", "digg_count": 1185, "digg_incr": 943, "aweme_create_time": 1595115495, "category": 4, "volume": 0, "amount": 0}, "author": {"author_id": "74279437721", "nickname": "义乌市三桥电子商务有限公司", "follower_count": 219735}}, {"aweme": {"aweme_id": "6851035108653223171", "aweme_title": "机遇和安逸，从来不能兼得。你总走在路上，就一定有一天会抵达#穿搭日记 #精致女孩", "aweme_url": "https://www.iesdouyin.com/share/video/6851035108653223171/?region=CN&mid=6851035140962257672&u_code=0&titleType=title", "download_url": "https://www.chanmama.com/awemeDetail/6851035108653223171", "digg_count": 1596, "digg_incr": 940, "aweme_create_time": 1595130924, "category": 4, "volume": 0, "amount": 0}, "author": {"author_id": "1121153471485320", "nickname": "王小暖服饰", "follower_count": 102025}}, {"aweme": {"aweme_id": "6850968382234184975", "aweme_title": "有一念的惭愧，就有一念的善根。有一念的宽恕，就有一念的福报。世道艰辛，人无贵贱，请彼此照应，相互包容。修行修心", "aweme_url": "https://www.iesdouyin.com/share/video/6850968382234184975/?region=CN&mid=6844346729869871886&u_code=0&titleType=title", "download_url": "https://www.chanmama.com/awemeDetail/6850968382234184975", "digg_count": 1375, "digg_incr": 917, "aweme_create_time": 1595115386, "category": 4, "volume": 1, "amount": 99}, "author": {"author_id": "3478505246955251", "nickname": "@永倩（jushi)", "follower_count": 30591}}, {"aweme": {"aweme_id": "6850991464231537927", "aweme_title": "那个正经的马鞍包又来了#好物推荐#女包#包包#礼物@DOU+小助手", "aweme_url": "https://www.iesdouyin.com/share/video/6850991464231537927/?region=CN&mid=6850991549833153287&u_code=0&titleType=title", "download_url": "https://www.chanmama.com/awemeDetail/6850991464231537927", "digg_count": 3021, "digg_incr": 906, "aweme_create_time": 1595120779, "category": 4, "volume": 7, "amount": 419.3}, "author": {"author_id": "66159641984", "nickname": "噗噗时髦精", "follower_count": 53182}}, {"aweme": {"aweme_id": "6851123318158871812", "aweme_title": "这件最近出镜率最高的单品。#男生穿搭 #每日穿搭分享 #穿搭技巧", "aweme_url": "https://www.iesdouyin.com/share/video/6851123318158871812/?region=CN&mid=6851123356100578056&u_code=0&titleType=title", "download_url": "https://www.chanmama.com/awemeDetail/6851123318158871812", "digg_count": 1490, "digg_incr": 904, "aweme_create_time": 1595151462, "category": 4, "volume": 3, "amount": 247}, "author": {"author_id": "2669222945633316", "nickname": "一轩轩轩", "follower_count": 672083}}, {"aweme": {"aweme_id": "6851068925220818191", "aweme_title": "眼睛修好了☺️#马教授 #太阳镜 #洛杉矶", "aweme_url": "https://www.iesdouyin.com/share/video/6851068925220818191/?region=CN&mid=6851068956820998919&u_code=0&titleType=title", "download_url": "https://www.chanmama.com/awemeDetail/6851068925220818191", "digg_count": 1214, "digg_incr": 903, "aweme_create_time": 1595138791, "category": 4, "volume": 1, "amount": 280}, "author": {"author_id": "111448895255", "nickname": "洛杉矶_马教授", "follower_count": 278452}}, {"aweme": {"aweme_id": "6851121262463307008", "aweme_title": "#日常穿搭 这种有气质的包包就和我很般配！", "aweme_url": "https://www.iesdouyin.com/share/video/6851121262463307008/?region=CN&mid=6686699670988655367&u_code=0&titleType=title", "download_url": "https://www.chanmama.com/awemeDetail/6851121262463307008", "digg_count": 1390, "digg_incr": 878, "aweme_create_time": 1595150976, "category": 4, "volume": 0, "amount": 0}, "author": {"author_id": "96567515106", "nickname": "郑阿熊", "follower_count": 126764}}, {"aweme": {"aweme_id": "6851033817482906884", "aweme_title": "最帅肌肉健身模特AJ大叔教你练肩，又帅又实用的练肩方法#健身教学 #练肩", "aweme_url": "https://www.iesdouyin.com/share/video/6851033817482906884/?region=CN&mid=6772234874674759682&u_code=0&titleType=title", "download_url": "https://www.chanmama.com/awemeDetail/6851033817482906884", "digg_count": 1414, "digg_incr": 863, "aweme_create_time": 1595130623, "category": 4, "volume": 0, "amount": 0}, "author": {"author_id": "3584002906666860", "nickname": "氮泵健身", "follower_count": 309097}}, {"aweme": {"aweme_id": "6851196130173242637", "aweme_title": "或者你们喜欢大头鞋吗 #我要上热门 不喜欢就下滑但是不要说丑好吗 我觉得超好看诶", "aweme_url": "https://www.iesdouyin.com/share/video/6851196130173242637/?region=CN&mid=6599919874468743938&u_code=3la45ifkkm49&titleType=title", "download_url": "https://www.chanmama.com/awemeDetail/6851196130173242637", "digg_count": 1679, "digg_incr": 854, "aweme_create_time": 1595168408, "category": 4, "volume": 0, "amount": 0}, "author": {"author_id": "4393280523733031", "nickname": "东大门女鞋分享", "follower_count": 614007}}, {"aweme": {"aweme_id": "6851054036624477455", "aweme_title": "这家的#耳钉 也太太太太太太好看了吧，猜猜多少💰，不用剁手#耳饰#好物推荐#717抖音奇妙好物市集", "aweme_url": "https://www.iesdouyin.com/share/video/6851054036624477455/?region=CN&mid=6847745709240748039&u_code=12kd45987jm5&titleType=title", "download_url": "https://www.chanmama.com/awemeDetail/6851054036624477455", "digg_count": 1435, "digg_incr": 850, "aweme_create_time": 1595135325, "category": 4, "volume": 118, "amount": 470.82000000000005}, "author": {"author_id": "184369179547751", "nickname": "茂茂种草", "follower_count": 1387}}, {"aweme": {"aweme_id": "6851076815599996175", "aweme_title": "回家的高铁上看到小姐姐的双肩带包包好好看！机智如我拍下来一查没想到～#夏天还能这么玩@DOU+小助手", "aweme_url": "https://www.iesdouyin.com/share/video/6851076815599996175/?region=CN&mid=6851076815663303438&u_code=3mgb47e23akf&titleType=title", "download_url": "https://www.chanmama.com/awemeDetail/6851076815599996175", "digg_count": 1410, "digg_incr": 847, "aweme_create_time": 1595140629, "category": 4, "volume": 14, "amount": 546}, "author": {"author_id": "51253056456", "nickname": "晚晚💕", "follower_count": 1398}}, {"aweme": {"aweme_id": "6850856490954263823", "aweme_title": "#泡泡胶 #新奇特 -儿时的回忆#玩起来", "aweme_url": "https://www.iesdouyin.com/share/video/6850856490954263823/?region=CN&mid=6850856458634251015&u_code=1i449a839k10&titleType=title", "download_url": "https://www.chanmama.com/awemeDetail/6850856490954263823", "digg_count": 1529, "digg_incr": 847, "aweme_create_time": 1595089336, "category": 4, "volume": 8, "amount": 110.4}, "author": {"author_id": "99635487365", "nickname": "鹿鹿带你选", "follower_count": 4044}}, {"aweme": {"aweme_id": "6850955891458526467", "aweme_title": "Es老板娘戴啥啥🔥，这两条项链都特别百搭#apm第一老板娘 #热门 #项链控 #穿搭 @DOU+小助手", "aweme_url": "https://www.iesdouyin.com/share/video/6850955891458526467/?region=CN&mid=6844677513399438093&u_code=0&titleType=title", "download_url": "https://www.chanmama.com/awemeDetail/6850955891458526467", "digg_count": 1030, "digg_incr": 839, "aweme_create_time": 1595112501, "category": 4, "volume": 18, "amount": 2304}, "author": {"author_id": "2247039940828679", "nickname": "墨琳原创女装", "follower_count": 28364}}, {"aweme": {"aweme_id": "6851131542446640384", "aweme_title": "成熟搭配，你喜欢吗#微胖穿搭 #男生穿搭 @DOU+小助手", "aweme_url": "https://www.iesdouyin.com/share/video/6851131542446640384/?region=CN&mid=6851131544011033357&u_code=0&titleType=title", "download_url": "https://www.chanmama.com/awemeDetail/6851131542446640384", "digg_count": 1014, "digg_incr": 813, "aweme_create_time": 1595153370, "category": 4, "volume": 14, "amount": 2166}, "author": {"author_id": "99649958562", "nickname": "孙漂亮大码男装穿搭", "follower_count": 134692}}, {"aweme": {"aweme_id": "6851116716907416845", "aweme_title": "罗马棉套装，季末大清仓！晚直播间49米到你家！", "aweme_url": "https://www.iesdouyin.com/share/video/6851116716907416845/?region=CN&mid=6851116913439804174&u_code=0&titleType=title", "download_url": "https://www.chanmama.com/awemeDetail/6851116716907416845", "digg_count": 1298, "digg_incr": 809, "aweme_create_time": 1595149941, "category": 4, "volume": 0, "amount": 0}, "author": {"author_id": "107868318327", "nickname": "悟燕子服饰2", "follower_count": 256939}}, {"aweme": {"aweme_id": "6851142752533630222", "aweme_title": "夏天小碎发是不是超级烦人！把它夹起来吧！ #一字夹#碎发管理", "aweme_url": "https://www.iesdouyin.com/share/video/6851142752533630222/?region=CN&mid=6851142762268543758&u_code=0&titleType=title", "download_url": "https://www.chanmama.com/awemeDetail/6851142752533630222", "digg_count": 2438, "digg_incr": 801, "aweme_create_time": 1595155980, "category": 4, "volume": 4, "amount": 23.6}, "author": {"author_id": "3997471019116059", "nickname": "学生党好物优选", "follower_count": 170445}}, {"aweme": {"aweme_id": "6851192440565583104", "aweme_title": "欧巴，莫阿尼？还是拽酷炫好一点😅#717奇妙好物在这里 #穿搭 @DOU+小助手", "aweme_url": "https://www.iesdouyin.com/share/video/6851192440565583104/?region=CN&mid=6851192446852909838&u_code=0&titleType=title", "download_url": "https://www.chanmama.com/awemeDetail/6851192440565583104", "digg_count": 1094, "digg_incr": 796, "aweme_create_time": 1595167549, "category": 4, "volume": 16, "amount": 798.4}, "author": {"author_id": "3786336386951283", "nickname": "阿u的宝藏(下午5点开播)", "follower_count": 159859}}, {"aweme": {"aweme_id": "6851186405155097856", "aweme_title": "我们是牛仔供应链，在我们直播间，你想要的都有#717奇妙好物在这里", "aweme_url": "https://www.iesdouyin.com/share/video/6851186405155097856/?region=CN&mid=6851186405553572616&u_code=0&titleType=title", "download_url": "https://www.chanmama.com/awemeDetail/6851186405155097856", "digg_count": 1434, "digg_incr": 770, "aweme_create_time": 1595166143, "category": 4, "volume": 28, "amount": 557.1999999999999}, "author": {"author_id": "98360444518", "nickname": "牛仔小姐姐", "follower_count": 113567}}, {"aweme": {"aweme_id": "6850939384024321294", "aweme_title": "@营营日用百货发了一个抖音短视频，你尽管点开，不好看算我输！", "aweme_url": "https://www.iesdouyin.com/share/video/6850939384024321294/?region=CN&mid=6653392834290371336&u_code=0&titleType=", "download_url": "https://www.chanmama.com/awemeDetail/6850939384024321294", "digg_count": 1108, "digg_incr": 709, "aweme_create_time": 1595108651, "category": 4, "volume": 1, "amount": 8.9}, "author": {"author_id": "63346479193", "nickname": "营营日用百货", "follower_count": 39660}}, {"aweme": {"aweme_id": "6850912315433405709", "aweme_title": "越南摩托车王国", "aweme_url": "https://www.iesdouyin.com/share/video/6850912315433405709/?region=CN&mid=6850913166042336014&u_code=0&titleType=title", "download_url": "https://www.chanmama.com/awemeDetail/6850912315433405709", "digg_count": 1036, "digg_incr": 692, "aweme_create_time": 1595102501, "category": 4, "volume": 0, "amount": 0}, "author": {"author_id": "3645622752392596", "nickname": "越南女孩", "follower_count": 323548}}, {"aweme": {"aweme_id": "6851061479270124804", "aweme_title": "“抓不住世间的美好所以只能装作万事顺遂的模样”#原创者联盟计划 #原创国风计划 #温柔 #手链", "aweme_url": "https://www.iesdouyin.com/share/video/6851061479270124804/?region=CN&mid=6842585479536331527&u_code=0&titleType=title", "download_url": "https://www.chanmama.com/awemeDetail/6851061479270124804", "digg_count": 1069, "digg_incr": 692, "aweme_create_time": 1595137065, "category": 4, "volume": 1, "amount": 188}, "author": {"author_id": "75809904865", "nickname": "子衿手作工作室", "follower_count": 19824}}, {"aweme": {"aweme_id": "6851115455214537998", "aweme_title": "以前觉得40岁是个可怕的年龄，如今己40+，回头看看己经走完人生前半生，后半生一定要活成自己喜欢的样子……", "aweme_url": "https://www.iesdouyin.com/share/video/6851115455214537998/?region=CN&mid=6745742882357218059&u_code=0&titleType=title", "download_url": "https://www.chanmama.com/awemeDetail/6851115455214537998", "digg_count": 1009, "digg_incr": 672, "aweme_create_time": 1595149625, "category": 4, "volume": 0, "amount": 0}, "author": {"author_id": "610944342566011", "nickname": "常小姐饰品", "follower_count": 310715}}, {"aweme": {"aweme_id": "6851130591547559183", "aweme_title": "#百亿剧好看计划 郡主出现了，要开撕了吗？记得双击评论", "aweme_url": "https://www.iesdouyin.com/share/video/6851130591547559183/?region=CN&mid=6851130620811938574&u_code=0&titleType=title", "download_url": "https://www.chanmama.com/awemeDetail/6851130591547559183", "digg_count": 1041, "digg_incr": 653, "aweme_create_time": 1595153149, "category": 4, "volume": 0, "amount": 0}, "author": {"author_id": "75190420719", "nickname": "月哥🔥", "follower_count": 566830}}, {"aweme": {"aweme_id": "6851087255310781711", "aweme_title": "给闺蜜安排了这款包包，不然她老是约我去爬山#包包搭配 #种草 #好物推荐 #包包 #上热门 @抖音小助手", "aweme_url": "https://www.iesdouyin.com/share/video/6851087255310781711/?region=CN&mid=6847694567878232845&u_code=e9jhgfcidha&titleType=title", "download_url": "https://www.chanmama.com/awemeDetail/6851087255310781711", "digg_count": 3332, "digg_incr": 633, "aweme_create_time": 1595143060, "category": 4, "volume": 3, "amount": 132}, "author": {"author_id": "874835290891694", "nickname": "橙子～", "follower_count": 255462}}]}