{
  "data": [
    {
      "aweme": {
        "aweme_id": "6851076671588601103",
        "aweme_title": "我老公也是公交司机，大家放心司机吃得好睡得好，家务不用干，家里未拆迁，在家里他说煤球是白的我们都不敢说是黑的",
        "aweme_url": "https://www.iesdouyin.com/share/video/6851076671588601103/?region=CN&mid=6799512664918722573&u_code=0&titleType=title",
        "download_url": "https://www.chanmama.com/awemeDetail/6851076671588601103",
        "digg_count": 132974,
        "digg_incr": 54412,
        "aweme_create_time": 1595140595,
        "category": 5,
        "volume": 0,
        "amount": 0
      },
      "author": {
        "author_id": "76033309447",
        "nickname": "180斤猪猪姐",
        "follower_count": 85382
      }
    },
    {
      "aweme": {
        "aweme_id": "6851032788909444367",
        "aweme_title": "少做梦，多读书#717奇妙好物在这里 #我要上热门 #好物 #囤货 #笔 #读书 @DOU+小助手",
        "aweme_url": "https://www.iesdouyin.com/share/video/6851032788909444367/?region=CN&mid=6605751928464870158&u_code=3e536eh42gd3&titleType=title",
        "download_url": "https://www.chanmama.com/awemeDetail/6851032788909444367",
        "digg_count": 56428,
        "digg_incr": 29915,
        "aweme_create_time": 1595130377,
        "category": 5,
        "volume": 3092,
        "amount": 30610.800000000003
      },
      "author": {
        "author_id": "61909312463",
        "nickname": "彩蛋带你扫好货",
        "follower_count": 36681
      }
    },
    {
      "aweme": {
        "aweme_id": "6851170531882913024",
        "aweme_title": "给你最爱的人看💕",
        "aweme_url": "https://www.iesdouyin.com/share/video/6851170531882913024/?region=CN&mid=6847063818934831879&u_code=0&titleType=title",
        "download_url": "https://www.chanmama.com/awemeDetail/6851170531882913024",
        "digg_count": 31095,
        "digg_incr": 17468,
        "aweme_create_time": 1595162447,
        "category": 5,
        "volume": 0,
        "amount": 0
      },
      "author": {
        "author_id": "3795161102680931",
        "nickname": "阿卿",
        "follower_count": 332759
      }
    },
    {
      "aweme": {
        "aweme_id": "6850817361096772872",
        "aweme_title": "女朋友看完这个视频看了一眼家里的杯子眉头一锁，我就感觉不太妙！ #好物推荐",
        "aweme_url": "https://www.iesdouyin.com/share/video/6850817361096772872/?region=CN&mid=6850817473697139470&u_code=2kf52kj9m7c2&titleType=title",
        "download_url": "https://www.chanmama.com/awemeDetail/6850817361096772872",
        "digg_count": 24129,
        "digg_incr": 14739,
        "aweme_create_time": 1595091240,
        "category": 5,
        "volume": 34,
        "amount": 190.39999999999998
      },
      "author": {
        "author_id": "993582363980109",
        "nickname": "英子严选",
        "follower_count": 261356
      }
    },
    {
      "aweme": {
        "aweme_id": "6851009253205888264",
        "aweme_title": "牙刷最后一天啦 喜欢的来看看 #717奇妙好物 #717奇妙好物市集",
        "aweme_url": "https://www.iesdouyin.com/share/video/6851009253205888264/?region=CN&mid=6851009348475702024&u_code=j26jlkea1ka&titleType=title",
        "download_url": "https://www.chanmama.com/awemeDetail/6851009253205888264",
        "digg_count": 11398,
        "digg_incr": 11429,
        "aweme_create_time": 1595124919,
        "category": 5,
        "volume": 7901,
        "amount": 78219.90000000001
      },
      "author": {
        "author_id": "96049627140",
        "nickname": "LH981482027",
        "follower_count": 193275
      }
    },
    {
      "aweme": {
        "aweme_id": "6851137306645105927",
        "aweme_title": "这些英语倒过来念竟然是",
        "aweme_url": "https://www.iesdouyin.com/share/video/6851137306645105927/?region=CN&mid=6655690678170864398&u_code=0&titleType=title",
        "download_url": "https://www.chanmama.com/awemeDetail/6851137306645105927",
        "digg_count": 18384,
        "digg_incr": 10403,
        "aweme_create_time": 1595154712,
        "category": 5,
        "volume": 0,
        "amount": 0
      },
      "author": {
        "author_id": "975975670875198",
        "nickname": "英小文",
        "follower_count": 820377
      }
    },
    {
      "aweme": {
        "aweme_id": "6851097642299084036",
        "aweme_title": "还有很多人在问我，就这么简单，传播正能量加油#热水器爆炸 #正能量",
        "aweme_url": "https://www.iesdouyin.com/share/video/6851097642299084036/?region=CN&mid=6851097664903416590&u_code=0&titleType=title",
        "download_url": "https://www.chanmama.com/awemeDetail/6851097642299084036",
        "digg_count": 53083,
        "digg_incr": 8045,
        "aweme_create_time": 1595145485,
        "category": 5,
        "volume": 0,
        "amount": 0
      },
      "author": {
        "author_id": "111114612807",
        "nickname": "小王教您用家电",
        "follower_count": 59814
      }
    },
    {
      "aweme": {
        "aweme_id": "6850740516129099022",
        "aweme_title": "和理想烛台不期而遇...房间里弥漫着白桃汁叠加乌龙茶的淡淡清甜",
        "aweme_url": "https://www.iesdouyin.com/share/video/6850740516129099022/?region=CN&mid=6850740613320182542&u_code=0&titleType=title",
        "download_url": "https://www.chanmama.com/awemeDetail/6850740516129099022",
        "digg_count": 16978,
        "digg_incr": 7062,
        "aweme_create_time": 1595151000,
        "category": 5,
        "volume": 41,
        "amount": 2419
      },
      "author": {
        "author_id": "817652848404408",
        "nickname": "童白白",
        "follower_count": 166113
      }
    },
    {
      "aweme": {
        "aweme_id": "6850921844934069519",
        "aweme_title": "#717抖音奇妙好物市集 #香水洗衣液 #香水洗衣液只要9块9 四袋包由#创业 #上热门",
        "aweme_url": "https://www.iesdouyin.com/share/video/6850921844934069519/?region=CN&mid=6850921773350095623&u_code=49kkfd4d4533&titleType=title",
        "download_url": "https://www.chanmama.com/awemeDetail/6850921844934069519",
        "digg_count": 7111,
        "digg_incr": 6972,
        "aweme_create_time": 1595104601,
        "category": 5,
        "volume": 4985,
        "amount": 49351.5
      },
      "author": {
        "author_id": "3087074514200891",
        "nickname": "鹏哥好物严选",
        "follower_count": 5970
      }
    },
    {
      "aweme": {
        "aweme_id": "6851041470539992335",
        "aweme_title": "还好，还活着，嗯嗯#勺子哥",
        "aweme_url": "https://www.iesdouyin.com/share/video/6851041470539992335/?region=CN&mid=6851041484998773512&u_code=0&titleType=title",
        "download_url": "https://www.chanmama.com/awemeDetail/6851041470539992335",
        "digg_count": 11775,
        "digg_incr": 6336,
        "aweme_create_time": 1595132399,
        "category": 5,
        "volume": 0,
        "amount": 0
      },
      "author": {
        "author_id": "4147002649615724",
        "nickname": "李聊聊厨具",
        "follower_count": 84551
      }
    },
    {
      "aweme": {
        "aweme_id": "6851080038616501511",
        "aweme_title": "你这人怎么不按套路出牌 #717抖音奇妙好物市集  #马克笔  #好物推荐",
        "aweme_url": "https://www.iesdouyin.com/share/video/6851080038616501511/?region=CN&mid=6851080157558475534&u_code=40d0b3gdcjkh&titleType=title",
        "download_url": "https://www.chanmama.com/awemeDetail/6851080038616501511",
        "digg_count": 6497,
        "digg_incr": 6141,
        "aweme_create_time": 1595141405,
        "category": 5,
        "volume": 233,
        "amount": 6267.7
      },
      "author": {
        "author_id": "2308612364440180",
        "nickname": "小玲优选",
        "follower_count": 70988
      }
    },
    {
      "aweme": {
        "aweme_id": "6851089167288470787",
        "aweme_title": "软物小豆本贴纸本#多多洛杂货铺 #热门 #贴纸",
        "aweme_url": "https://www.iesdouyin.com/share/video/6851089167288470787/?region=CN&mid=6851089192672987911&u_code=0&titleType=title",
        "download_url": "https://www.chanmama.com/awemeDetail/6851089167288470787",
        "digg_count": 23542,
        "digg_incr": 4957,
        "aweme_create_time": 1595143512,
        "category": 5,
        "volume": 17,
        "amount": 64.6
      },
      "author": {
        "author_id": "81344950106",
        "nickname": "多多洛杂货铺",
        "follower_count": 129956
      }
    },
    {
      "aweme": {
        "aweme_id": "6851126586578701575",
        "aweme_title": "你还这样写程字吗？",
        "aweme_url": "https://www.iesdouyin.com/share/video/6851126586578701575/?region=CN&mid=6851126582883437326&u_code=0&titleType=title",
        "download_url": "https://www.chanmama.com/awemeDetail/6851126586578701575",
        "digg_count": 7910,
        "digg_incr": 4912,
        "aweme_create_time": 1595152217,
        "category": 5,
        "volume": 1,
        "amount": 39.9
      },
      "author": {
        "author_id": "102254890803",
        "nickname": "夏天练字",
        "follower_count": 932790
      }
    },
    {
      "aweme": {
        "aweme_id": "6851030242350353678",
        "aweme_title": "小暑第14天的盛夏，切皂依旧感觉清净，难道就是传说中的心静自然凉吗？#手工皂 #解压 @抖音小助手",
        "aweme_url": "https://www.iesdouyin.com/share/video/6851030242350353678/?region=CN&mid=6851030260277152525&u_code=2llc0hegagf9&titleType=title",
        "download_url": "https://www.chanmama.com/awemeDetail/6851030242350353678",
        "digg_count": 4876,
        "digg_incr": 4876,
        "aweme_create_time": 1595129784,
        "category": 5,
        "volume": 5,
        "amount": 145
      },
      "author": {
        "author_id": "945229166558766",
        "nickname": "杨雯心皂集",
        "follower_count": 602330
      }
    },
    {
      "aweme": {
        "aweme_id": "6851134310959893775",
        "aweme_title": "#手帐 初心又来送福利啦，这次别错过，快接住呀！",
        "aweme_url": "https://www.iesdouyin.com/share/video/6851134310959893775/?region=CN&mid=6851134320703867662&u_code=0&titleType=title",
        "download_url": "https://www.chanmama.com/awemeDetail/6851134310959893775",
        "digg_count": 7470,
        "digg_incr": 4850,
        "aweme_create_time": 1595154015,
        "category": 5,
        "volume": 4,
        "amount": 75
      },
      "author": {
        "author_id": "104610715149",
        "nickname": "初心原创笔记本",
        "follower_count": 833229
      }
    },
    {
      "aweme": {
        "aweme_id": "6850855545801379072",
        "aweme_title": "小巧易携带，各种水果味道的口气喷雾#好物推荐 #好物分享 #生活小妙招",
        "aweme_url": "https://www.iesdouyin.com/share/video/6850855545801379072/?region=CN&mid=6850855505666771726&u_code=0&titleType=title",
        "download_url": "https://www.chanmama.com/awemeDetail/6850855545801379072",
        "digg_count": 6793,
        "digg_incr": 4730,
        "aweme_create_time": 1595089116,
        "category": 5,
        "volume": 75,
        "amount": 1792.5
      },
      "author": {
        "author_id": "3232158739596852",
        "nickname": "大众科技",
        "follower_count": 558662
      }
    },
    {
      "aweme": {
        "aweme_id": "6851125557204225287",
        "aweme_title": "每天那么多烦心事儿 是时候给眼睛来一杯了!",
        "aweme_url": "https://www.iesdouyin.com/share/video/6851125557204225287/?region=CN&mid=6851125661622045453&u_code=0&titleType=title",
        "download_url": "https://www.chanmama.com/awemeDetail/6851125557204225287",
        "digg_count": 5697,
        "digg_incr": 4632,
        "aweme_create_time": 1595161710,
        "category": 5,
        "volume": 0,
        "amount": 0
      },
      "author": {
        "author_id": "66206100067",
        "nickname": "宛宛小太阳（7月28号可思美仪器专场）",
        "follower_count": 723329
      }
    },
    {
      "aweme": {
        "aweme_id": "6850331303687048451",
        "aweme_title": "我的晚间眼部护理 其实很简单 清洁+热敷#洗眼护眼养眼",
        "aweme_url": "https://www.iesdouyin.com/share/video/6850331303687048451/?region=CN&mid=6850331352970087181&u_code=0&titleType=title",
        "download_url": "https://www.chanmama.com/awemeDetail/6850331303687048451",
        "digg_count": 4608,
        "digg_incr": 4420,
        "aweme_create_time": 1595149200,
        "category": 5,
        "volume": 0,
        "amount": 0
      },
      "author": {
        "author_id": "66460836954",
        "nickname": "小鲨鱼Shark",
        "follower_count": 287176
      }
    },
    {
      "aweme": {
        "aweme_id": "6850854754285915407",
        "aweme_title": "香薰放一瓶在家里，整个房间弥漫了花香的气息#好物推荐 #好物推荐 #生活小妙招",
        "aweme_url": "https://www.iesdouyin.com/share/video/6850854754285915407/?region=CN&mid=6850854724917725960&u_code=0&titleType=title",
        "download_url": "https://www.chanmama.com/awemeDetail/6850854754285915407",
        "digg_count": 6095,
        "digg_incr": 4278,
        "aweme_create_time": 1595088931,
        "category": 5,
        "volume": 25,
        "amount": 997.5
      },
      "author": {
        "author_id": "3232158739596852",
        "nickname": "大众科技",
        "follower_count": 558662
      }
    },
    {
      "aweme": {
        "aweme_id": "6851005901902482703",
        "aweme_title": "❤️❤️#作品推广 #抖音小助手 #抖音小助手",
        "aweme_url": "https://www.iesdouyin.com/share/video/6851005901902482703/?region=CN&mid=6851005924279110414&u_code=13h2b05c6g9m&titleType=title",
        "download_url": "https://www.chanmama.com/awemeDetail/6851005901902482703",
        "digg_count": 4224,
        "digg_incr": 4265,
        "aweme_create_time": 1595124118,
        "category": 5,
        "volume": 36,
        "amount": 895.68
      },
      "author": {
        "author_id": "109968210683",
        "nickname": "大元子",
        "follower_count": 157168
      }
    },
    {
      "aweme": {
        "aweme_id": "6851045415761038600",
        "aweme_title": "数字写行书#感谢抖音",
        "aweme_url": "https://www.iesdouyin.com/share/video/6851045415761038600/?region=CN&mid=6851045401563368199&u_code=0&titleType=title",
        "download_url": "https://www.chanmama.com/awemeDetail/6851045415761038600",
        "digg_count": 6023,
        "digg_incr": 4029,
        "aweme_create_time": 1595133318,
        "category": 5,
        "volume": 5,
        "amount": 199.5
      },
      "author": {
        "author_id": "102254890803",
        "nickname": "夏天练字",
        "follower_count": 932790
      }
    },
    {
      "aweme": {
        "aweme_id": "6851032842869214479",
        "aweme_title": "想了一下，我依然爱你.#复古 #火漆 #好物",
        "aweme_url": "https://www.iesdouyin.com/share/video/6851032842869214479/?region=CN&mid=6716087763009014536&u_code=0&titleType=title",
        "download_url": "https://www.chanmama.com/awemeDetail/6851032842869214479",
        "digg_count": 6484,
        "digg_incr": 3751,
        "aweme_create_time": 1595130390,
        "category": 5,
        "volume": 2,
        "amount": 43.8
      },
      "author": {
        "author_id": "94045225558",
        "nickname": "𝑭𝒓𝒐𝒛𝒆𝒏. 𝑳",
        "follower_count": 460297
      }
    },
    {
      "aweme": {
        "aweme_id": "6850994131250973963",
        "aweme_title": "解决你的口气严重哦#申请上热门 #申请上热门 #作品推广 #抖音小助手 #抖音小助手",
        "aweme_url": "https://www.iesdouyin.com/share/video/6850994131250973963/?region=CN&mid=6850994199806987016&u_code=29e681lic6ef&titleType=title",
        "download_url": "https://www.chanmama.com/awemeDetail/6850994131250973963",
        "digg_count": 6216,
        "digg_incr": 3538,
        "aweme_create_time": 1595121386,
        "category": 5,
        "volume": 0,
        "amount": 0
      },
      "author": {
        "author_id": "109968210683",
        "nickname": "大元子",
        "follower_count": 157168
      }
    },
    {
      "aweme": {
        "aweme_id": "6851092876420451599",
        "aweme_title": "#手帐 热乎乎的阿玛莉莉丝第五弹手帐胶带开箱@阿玛莉莉丝",
        "aweme_url": "https://www.iesdouyin.com/share/video/6851092876420451599/?region=CN&mid=6851092870901140231&u_code=0&titleType=title",
        "download_url": "https://www.chanmama.com/awemeDetail/6851092876420451599",
        "digg_count": 4445,
        "digg_incr": 3250,
        "aweme_create_time": 1595144368,
        "category": 5,
        "volume": 2,
        "amount": 58
      },
      "author": {
        "author_id": "91729515171",
        "nickname": "青年艺术家o手帐",
        "follower_count": 842206
      }
    },
    {
      "aweme": {
        "aweme_id": "6851039269306354957",
        "aweme_title": "筷子是需要定期更换的，这款合金筷子不错，不发霉，耐高温，好刷洗～#了不起的生活好物",
        "aweme_url": "https://www.iesdouyin.com/share/video/6851039269306354957/?region=CN&mid=6591089145089624846&u_code=0&titleType=title",
        "download_url": "https://www.chanmama.com/awemeDetail/6851039269306354957",
        "digg_count": 5729,
        "digg_incr": 3162,
        "aweme_create_time": 1595131886,
        "category": 5,
        "volume": 0,
        "amount": 0
      },
      "author": {
        "author_id": "61931765892",
        "nickname": "小凡。🍭",
        "follower_count": 302693
      }
    },
    {
      "aweme": {
        "aweme_id": "6851020034567900431",
        "aweme_title": "这么美腻的餐具，有没有让你心情变好？告诉我你们喜欢哪一个吧？#颜值餐具",
        "aweme_url": "https://www.iesdouyin.com/share/video/6851020034567900431/?region=CN&mid=6591089145089624846&u_code=0&titleType=title",
        "download_url": "https://www.chanmama.com/awemeDetail/6851020034567900431",
        "digg_count": 6876,
        "digg_incr": 3029,
        "aweme_create_time": 1595127408,
        "category": 5,
        "volume": 3,
        "amount": 41.400000000000006
      },
      "author": {
        "author_id": "110739674208",
        "nickname": "一颗橙😄",
        "follower_count": 348801
      }
    },
    {
      "aweme": {
        "aweme_id": "6851128609688571150",
        "aweme_title": "天气太热了，没有汤不行 #汤  #美食  #吃在广东",
        "aweme_url": "https://www.iesdouyin.com/share/video/6851128609688571150/?region=CN&mid=6851128702726572807&u_code=0&titleType=title",
        "download_url": "https://www.chanmama.com/awemeDetail/6851128609688571150",
        "digg_count": 3842,
        "digg_incr": 2862,
        "aweme_create_time": 1595152706,
        "category": 5,
        "volume": 0,
        "amount": 0
      },
      "author": {
        "author_id": "95842775935",
        "nickname": "橙子",
        "follower_count": 552286
      }
    },
    {
      "aweme": {
        "aweme_id": "6851026195476188416",
        "aweme_title": "#家常美食分享 芹菜炒肉拌面@DOU+小助手",
        "aweme_url": "https://www.iesdouyin.com/share/video/6851026195476188416/?region=CN&mid=6601652013493455624&u_code=0&titleType=title",
        "download_url": "https://www.chanmama.com/awemeDetail/6851026195476188416",
        "digg_count": 3725,
        "digg_incr": 2618,
        "aweme_create_time": 1595128842,
        "category": 5,
        "volume": 0,
        "amount": 0
      },
      "author": {
        "author_id": "2335006431644878",
        "nickname": "吐鲁番美食频道",
        "follower_count": 239726
      }
    },
    {
      "aweme": {
        "aweme_id": "6851031530031107341",
        "aweme_title": "#swank男士纹理烫 可湿可干#solo出道谁最nata",
        "aweme_url": "https://www.iesdouyin.com/share/video/6851031530031107341/?region=CN&mid=6842865340314110727&u_code=0&titleType=title",
        "download_url": "https://www.chanmama.com/awemeDetail/6851031530031107341",
        "digg_count": 6137,
        "digg_incr": 2617,
        "aweme_create_time": 1595130085,
        "category": 5,
        "volume": 0,
        "amount": 0
      },
      "author": {
        "author_id": "4410856194719640",
        "nickname": "SWANKSALON Peter",
        "follower_count": 22119
      }
    },
    {
      "aweme": {
        "aweme_id": "6850990862390873344",
        "aweme_title": "回娘家看到#婆婆  居然用这块毛巾洗脸，我也是醉了，抖音里的方法教她洗，结果……#翻新 #家居好物 @抖音",
        "aweme_url": "https://www.iesdouyin.com/share/video/6850990862390873344/?region=CN&mid=6850990847366843143&u_code=0&titleType=title",
        "download_url": "https://www.chanmama.com/awemeDetail/6850990862390873344",
        "digg_count": 2631,
        "digg_incr": 2593,
        "aweme_create_time": 1595120617,
        "category": 5,
        "volume": 10,
        "amount": 480
      },
      "author": {
        "author_id": "60351116814",
        "nickname": "潇然百货",
        "follower_count": 203196
      }
    },
    {
      "aweme": {
        "aweme_id": "6850980342539635983",
        "aweme_title": "今天只要是我的粉丝。全部福利，速度进#热门 #作品推广 #卫生纸 #助推小助手",
        "aweme_url": "https://www.iesdouyin.com/share/video/6850980342539635983/?region=CN&mid=6792868746475079694&u_code=13h2b05c6g9m&titleType=title",
        "download_url": "https://www.chanmama.com/awemeDetail/6850980342539635983",
        "digg_count": 4144,
        "digg_incr": 2489,
        "aweme_create_time": 1595118169,
        "category": 5,
        "volume": 0,
        "amount": 0
      },
      "author": {
        "author_id": "1187090357030221",
        "nickname": "慕溪美纸业",
        "follower_count": 4455
      }
    },
    {
      "aweme": {
        "aweme_id": "6851100610784201999",
        "aweme_title": "快给你最爱的人看👀#手写 #爱你 @抖音小助手",
        "aweme_url": "https://www.iesdouyin.com/share/video/6851100610784201999/?region=CN&mid=6847063818934831879&u_code=0&titleType=title",
        "download_url": "https://www.chanmama.com/awemeDetail/6851100610784201999",
        "digg_count": 3005,
        "digg_incr": 2400,
        "aweme_create_time": 1595146169,
        "category": 5,
        "volume": 0,
        "amount": 0
      },
      "author": {
        "author_id": "59650036813",
        "nickname": "豆子豆子",
        "follower_count": 189703
      }
    },
    {
      "aweme": {
        "aweme_id": "6851115565084347648",
        "aweme_title": "#基本笔画 在笔画上增加了箭头的指引，希望可以帮到想把字写好的朋友！",
        "aweme_url": "https://www.iesdouyin.com/share/video/6851115565084347648/?region=CN&mid=6819507023793916680&u_code=0&titleType=title",
        "download_url": "https://www.chanmama.com/awemeDetail/6851115565084347648",
        "digg_count": 5531,
        "digg_incr": 2396,
        "aweme_create_time": 1595149650,
        "category": 5,
        "volume": 0,
        "amount": 0
      },
      "author": {
        "author_id": "104928151653",
        "nickname": "运琦练字（直播控笔笔画）",
        "follower_count": 216300
      }
    },
    {
      "aweme": {
        "aweme_id": "6851130894653181184",
        "aweme_title": "一瓶酱豆引起的婆媳战争  好吃滴洋熊样",
        "aweme_url": "https://www.iesdouyin.com/share/video/6851130894653181184/?region=CN&mid=6851130994326604557&u_code=0&titleType=title",
        "download_url": "https://www.chanmama.com/awemeDetail/6851130894653181184",
        "digg_count": 4717,
        "digg_incr": 2392,
        "aweme_create_time": 1595153219,
        "category": 5,
        "volume": 2,
        "amount": 79.8
      },
      "author": {
        "author_id": "63134816042",
        "nickname": "小郑娴",
        "follower_count": 110509
      }
    },
    {
      "aweme": {
        "aweme_id": "6851122250343517453",
        "aweme_title": "考基层 #公务员 好？还是省会城市 #事业编 好？",
        "aweme_url": "https://www.iesdouyin.com/share/video/6851122250343517453/?region=CN&mid=6851122400399264525&u_code=0&titleType=title",
        "download_url": "https://www.chanmama.com/awemeDetail/6851122250343517453",
        "digg_count": 20283,
        "digg_incr": 2211,
        "aweme_create_time": 1595151227,
        "category": 5,
        "volume": 0,
        "amount": 0
      },
      "author": {
        "author_id": "84843612070",
        "nickname": "公选王说遴选-每周三五六20点直播",
        "follower_count": 890011
      }
    },
    {
      "aweme": {
        "aweme_id": "6851010772923895055",
        "aweme_title": "夏天到了体味的尴尬一瓶搞定，留香效果持久#好物推荐 #好物分享 #生活小妙招",
        "aweme_url": "https://www.iesdouyin.com/share/video/6851010772923895055/?region=CN&mid=6851010769098640142&u_code=0&titleType=title",
        "download_url": "https://www.chanmama.com/awemeDetail/6851010772923895055",
        "digg_count": 4408,
        "digg_incr": 2191,
        "aweme_create_time": 1595125252,
        "category": 5,
        "volume": 1,
        "amount": 99.9
      },
      "author": {
        "author_id": "3232158739596852",
        "nickname": "大众科技",
        "follower_count": 558662
      }
    },
    {
      "aweme": {
        "aweme_id": "6851127414827928846",
        "aweme_title": "你们买东西会一半一半砍吗？ #马克笔  #717抖音奇妙好物市集  #好物推荐",
        "aweme_url": "https://www.iesdouyin.com/share/video/6851127414827928846/?region=CN&mid=6851127508990036750&u_code=22958k1e2hb6&titleType=title",
        "download_url": "https://www.chanmama.com/awemeDetail/6851127414827928846",
        "digg_count": 5172,
        "digg_incr": 2058,
        "aweme_create_time": 1595152431,
        "category": 5,
        "volume": 88,
        "amount": 2367.2
      },
      "author": {
        "author_id": "2308612364440180",
        "nickname": "小玲优选",
        "follower_count": 70988
      }
    },
    {
      "aweme": {
        "aweme_id": "6851056080579988736",
        "aweme_title": "@奥诺佳塑业🇨🇳发了一个抖音短视频，你尽管点开，不好看算我输！",
        "aweme_url": "https://www.iesdouyin.com/share/video/6851056080579988736/?region=CN&mid=6847994869231979278&u_code=3g7mbkclj1kf&titleType=",
        "download_url": "https://www.chanmama.com/awemeDetail/6851056080579988736",
        "digg_count": 2033,
        "digg_incr": 2027,
        "aweme_create_time": 1595135801,
        "category": 5,
        "volume": 0,
        "amount": 0
      },
      "author": {
        "author_id": "85746439900",
        "nickname": "奥诺佳塑业🇨🇳",
        "follower_count": 17273
      }
    },
    {
      "aweme": {
        "aweme_id": "6851068332750294287",
        "aweme_title": "#vlog日常 带大家看看浴室里的好物～今日份提醒大家好好爱护眼睛啦！！#海草计划 #好物推荐 @种草小助手",
        "aweme_url": "https://www.iesdouyin.com/share/video/6851068332750294287/?region=CN&mid=6851068359698565895&u_code=0&titleType=title",
        "download_url": "https://www.chanmama.com/awemeDetail/6851068332750294287",
        "digg_count": 2198,
        "digg_incr": 2024,
        "aweme_create_time": 1595152710,
        "category": 5,
        "volume": 0,
        "amount": 0
      },
      "author": {
        "author_id": "70875002418",
        "nickname": "親47_",
        "follower_count": 504751
      }
    },
    {
      "aweme": {
        "aweme_id": "6850978967931915535",
        "aweme_title": "先卖12元再说，万一卖火呢，我出名了就赚大了，#717抖音奇妙好物在这里 @DOU+小助手 @抖音小助手",
        "aweme_url": "https://www.iesdouyin.com/share/video/6850978967931915535/?region=CN&mid=6819582526995155720&u_code=0&titleType=title",
        "download_url": "https://www.chanmama.com/awemeDetail/6850978967931915535",
        "digg_count": 2283,
        "digg_incr": 1934,
        "aweme_create_time": 1595117848,
        "category": 5,
        "volume": 151,
        "amount": 1812
      },
      "author": {
        "author_id": "2361376871025789",
        "nickname": "阜宁阿凡达包装袋有限公司",
        "follower_count": 29228
      }
    },
    {
      "aweme": {
        "aweme_id": "6850980654394395904",
        "aweme_title": "实用行草",
        "aweme_url": "https://www.iesdouyin.com/share/video/6850980654394395904/?region=CN&mid=6843277342475814926&u_code=0&titleType=title",
        "download_url": "https://www.chanmama.com/awemeDetail/6850980654394395904",
        "digg_count": 2997,
        "digg_incr": 1931,
        "aweme_create_time": 1595118241,
        "category": 5,
        "volume": 12,
        "amount": 780
      },
      "author": {
        "author_id": "56920146129",
        "nickname": "文贤墨香",
        "follower_count": 180536
      }
    },
    {
      "aweme": {
        "aweme_id": "6851000425584266509",
        "aweme_title": "@书法堂-简军海书法发了一个抖音短视频，你尽管点开，不好看算我输！",
        "aweme_url": "https://www.iesdouyin.com/share/video/6851000425584266509/?region=CN&mid=6759173681475717901&u_code=0&titleType=",
        "download_url": "https://www.chanmama.com/awemeDetail/6851000425584266509",
        "digg_count": 4397,
        "digg_incr": 1902,
        "aweme_create_time": 1595122843,
        "category": 5,
        "volume": 1,
        "amount": 28
      },
      "author": {
        "author_id": "111048113038",
        "nickname": "书法堂-简军海书法",
        "follower_count": 182341
      }
    },
    {
      "aweme": {
        "aweme_id": "6851010086559550720",
        "aweme_title": "多功能文具笔盒，你喜欢的我都有#安利笔盒 #种草 #好物推荐 @抖音小助手",
        "aweme_url": "https://www.iesdouyin.com/share/video/6851010086559550720/?region=CN&mid=6851010091152427783&u_code=0&titleType=title",
        "download_url": "https://www.chanmama.com/awemeDetail/6851010086559550720",
        "digg_count": 1986,
        "digg_incr": 1870,
        "aweme_create_time": 1595125092,
        "category": 5,
        "volume": 0,
        "amount": 0
      },
      "author": {
        "author_id": "817628665354739",
        "nickname": "阿糖种草",
        "follower_count": 117430
      }
    },
    {
      "aweme": {
        "aweme_id": "6851133477102963983",
        "aweme_title": "ᴿᵉᵃˡ ᵃⁿᵈ ᵍᵉⁿᵗˡᵉ, ʳᵉᵃˡⁱˢᵗⁱᶜ ᵇᵘᵗ ⁿᵒᵗ ˢᵒᵖʰⁱˢᵗⁱᶜᵃᵗᵉᵈ#手帐",
        "aweme_url": "https://www.iesdouyin.com/share/video/6851133477102963983/?region=CN&mid=6851133486196198158&u_code=0&titleType=title",
        "download_url": "https://www.chanmama.com/awemeDetail/6851133477102963983",
        "digg_count": 2859,
        "digg_incr": 1846,
        "aweme_create_time": 1595153821,
        "category": 5,
        "volume": 32,
        "amount": 71.34
      },
      "author": {
        "author_id": "91729515171",
        "nickname": "青年艺术家o手帐",
        "follower_count": 842206
      }
    },
    {
      "aweme": {
        "aweme_id": "6851122197528956171",
        "aweme_title": "首先这是一把安全娱乐玩耍的梳子 请注意分辨 然后。。。",
        "aweme_url": "https://www.iesdouyin.com/share/video/6851122197528956171/?region=CN&mid=6851122224665987848&u_code=0&titleType=title",
        "download_url": "https://www.chanmama.com/awemeDetail/6851122197528956171",
        "digg_count": 1803,
        "digg_incr": 1803,
        "aweme_create_time": 1595151202,
        "category": 5,
        "volume": 0,
        "amount": 0
      },
      "author": {
        "author_id": "96698670855",
        "nickname": "一个人玩梳子",
        "follower_count": 526588
      }
    },
    {
      "aweme": {
        "aweme_id": "6851030717699247368",
        "aweme_title": "以前总怕别人不喜欢自己，拼命迎合，被误会了恨不得马上解释化解，现在越长大心越大，不喜欢拉倒,大路朝天各走一边。",
        "aweme_url": "https://www.iesdouyin.com/share/video/6851030717699247368/?region=CN&mid=6851030715748911880&u_code=0&titleType=title",
        "download_url": "https://www.chanmama.com/awemeDetail/6851030717699247368",
        "digg_count": 3459,
        "digg_incr": 1745,
        "aweme_create_time": 1595129895,
        "category": 5,
        "volume": 0,
        "amount": 0
      },
      "author": {
        "author_id": "60615517097",
        "nickname": "小柒月月",
        "follower_count": 284634
      }
    },
    {
      "aweme": {
        "aweme_id": "6851074193577020679",
        "aweme_title": "制冰球水壶二合一#717奇妙好物在这里 #制冰神器 @抖音小助手",
        "aweme_url": "https://www.iesdouyin.com/share/video/6851074193577020679/?region=CN&mid=6851074202674416397&u_code=e9jhgfcidha&titleType=title",
        "download_url": "https://www.chanmama.com/awemeDetail/6851074193577020679",
        "digg_count": 3969,
        "digg_incr": 1739,
        "aweme_create_time": 1595140018,
        "category": 5,
        "volume": 11,
        "amount": 1639
      },
      "author": {
        "author_id": "4353697969342416",
        "nickname": "一点妙处精选",
        "follower_count": 81949
      }
    },
    {
      "aweme": {
        "aweme_id": "6850982492082654477",
        "aweme_title": "给我女儿自用的一款卡通收纳桶，装冬天的厚衣服，装玩具颜值超高，装的又多，你们喜欢吗？#收纳整理",
        "aweme_url": "https://www.iesdouyin.com/share/video/6850982492082654477/?region=CN&mid=6812538880793774082&u_code=0&titleType=title",
        "download_url": "https://www.chanmama.com/awemeDetail/6850982492082654477",
        "digg_count": 6585,
        "digg_incr": 1735,
        "aweme_create_time": 1595118670,
        "category": 5,
        "volume": 215,
        "amount": 6428.5
      },
      "author": {
        "author_id": "58959278289",
        "nickname": "鑫昌工艺品",
        "follower_count": 34035
      }
    },
    {
      "aweme": {
        "aweme_id": "6851102320126741771",
        "aweme_title": "你家也是这样的吗？@DOU+小助手",
        "aweme_url": "https://www.iesdouyin.com/share/video/6851102320126741771/?region=CN&mid=6851102359360457480&u_code=0&titleType=title",
        "download_url": "https://www.chanmama.com/awemeDetail/6851102320126741771",
        "digg_count": 6324,
        "digg_incr": 1685,
        "aweme_create_time": 1595146574,
        "category": 5,
        "volume": 54,
        "amount": 1836
      },
      "author": {
        "author_id": "70365580707",
        "nickname": "星晴😜ོ",
        "follower_count": 419793
      }
    },
    {
      "aweme": {
        "aweme_id": "6851066589417164040",
        "aweme_title": "抽拉式菜板，方便实用，以后切菜就不用摆那么多盘子了#菜板 #厨房 @抖音小助手",
        "aweme_url": "https://www.iesdouyin.com/share/video/6851066589417164040/?region=CN&mid=6851066567678282509&u_code=0&titleType=title",
        "download_url": "https://www.chanmama.com/awemeDetail/6851066589417164040",
        "digg_count": 4644,
        "digg_incr": 1619,
        "aweme_create_time": 1595138248,
        "category": 5,
        "volume": 40,
        "amount": 3196
      },
      "author": {
        "author_id": "100841230318",
        "nickname": "安家好物",
        "follower_count": 277065
      }
    },
    {
      "aweme": {
        "aweme_id": "6851027788116397327",
        "aweme_title": "给你有异味的男朋友们选一瓶吧🥰🥰🥰",
        "aweme_url": "https://www.iesdouyin.com/share/video/6851027788116397327/?region=CN&mid=6851027790230670088&u_code=0&titleType=title",
        "download_url": "https://www.chanmama.com/awemeDetail/6851027788116397327",
        "digg_count": 1973,
        "digg_incr": 1610,
        "aweme_create_time": 1595129213,
        "category": 5,
        "volume": 5,
        "amount": 249.5
      },
      "author": {
        "author_id": "105481925296",
        "nickname": "小宇宙⭐",
        "follower_count": 159139
      }
    },
    {
      "aweme": {
        "aweme_id": "6851010783225203980",
        "aweme_title": "回娘家一星期回来，看到小叔子毛巾用成这样我也是醉了，毛巾要常清洗，不然会滋生很多细菌和螨虫#毛巾 @抖音小助手",
        "aweme_url": "https://www.iesdouyin.com/share/video/6851010783225203980/?region=CN&mid=6619547500296538884&u_code=0&titleType=title",
        "download_url": "https://www.chanmama.com/awemeDetail/6851010783225203980",
        "digg_count": 1584,
        "digg_incr": 1581,
        "aweme_create_time": 1595125262,
        "category": 5,
        "volume": 206,
        "amount": 9948
      },
      "author": {
        "author_id": "96378927969",
        "nickname": "萱萱妈洗涤用品",
        "follower_count": 17674
      }
    },
    {
      "aweme": {
        "aweme_id": "6850960660130499853",
        "aweme_title": "喝了它有神奇的力量，闭上眼看见天堂😂😂😂，@DOU+小助手",
        "aweme_url": "https://www.iesdouyin.com/share/video/6850960660130499853/?region=CN&mid=6600161948187233032&u_code=0&titleType=title",
        "download_url": "https://www.chanmama.com/awemeDetail/6850960660130499853",
        "digg_count": 1586,
        "digg_incr": 1562,
        "aweme_create_time": 1595113590,
        "category": 5,
        "volume": 46,
        "amount": 6854
      },
      "author": {
        "author_id": "63233432340",
        "nickname": "聊城臻实惠电子商务",
        "follower_count": 20355
      }
    },
    {
      "aweme": {
        "aweme_id": "6851026132293160196",
        "aweme_title": "重要的事情说3⃣️遍，做整理衣架一定要用，统一的，统一的，统一的。 #收纳#衣架挑战 #上热门@DOU+小助手",
        "aweme_url": "https://www.iesdouyin.com/share/video/6851026132293160196/?region=CN&mid=6851026166568995598&u_code=0&titleType=title",
        "download_url": "https://www.chanmama.com/awemeDetail/6851026132293160196",
        "digg_count": 2964,
        "digg_incr": 1561,
        "aweme_create_time": 1595128834,
        "category": 5,
        "volume": 6,
        "amount": 480
      },
      "author": {
        "author_id": "75429484750",
        "nickname": "重庆小助手整理官方账号",
        "follower_count": 169723
      }
    },
    {
      "aweme": {
        "aweme_id": "6851071383917563136",
        "aweme_title": "爱吃小熊软糖🧸@DOU+小助手",
        "aweme_url": "https://www.iesdouyin.com/share/video/6851071383917563136/?region=CN&mid=6726099767530654478&u_code=0&titleType=title",
        "download_url": "https://www.chanmama.com/awemeDetail/6851071383917563136",
        "digg_count": 1876,
        "digg_incr": 1520,
        "aweme_create_time": 1595139364,
        "category": 5,
        "volume": 1,
        "amount": 58
      },
      "author": {
        "author_id": "96648404802",
        "nickname": "温柔希希🐰",
        "follower_count": 54493
      }
    },
    {
      "aweme": {
        "aweme_id": "6851015189136035072",
        "aweme_title": "洗衣的时候放一点，香水都不用买了，衣服一整天都香香的#好物推荐 #好物分享 #生活小妙招",
        "aweme_url": "https://www.iesdouyin.com/share/video/6851015189136035072/?region=CN&mid=6851015186016111374&u_code=0&titleType=title",
        "download_url": "https://www.chanmama.com/awemeDetail/6851015189136035072",
        "digg_count": 3632,
        "digg_incr": 1505,
        "aweme_create_time": 1595126280,
        "category": 5,
        "volume": 3,
        "amount": 74.69999999999999
      },
      "author": {
        "author_id": "3232158739596852",
        "nickname": "大众科技",
        "follower_count": 558662
      }
    },
    {
      "aweme": {
        "aweme_id": "6850860213134822669",
        "aweme_title": "力度搞上去，淦就完了 #留香洗衣液  #不含磷不含荧光剂  #母婴好物@DOU+小助手",
        "aweme_url": "https://www.iesdouyin.com/share/video/6850860213134822669/?region=CN&mid=6850860587954866958&u_code=0&titleType=title",
        "download_url": "https://www.chanmama.com/awemeDetail/6850860213134822669",
        "digg_count": 1526,
        "digg_incr": 1499,
        "aweme_create_time": 1595125320,
        "category": 5,
        "volume": 66,
        "amount": 2508
      },
      "author": {
        "author_id": "84005275254",
        "nickname": "视商优品",
        "follower_count": 36780
      }
    },
    {
      "aweme": {
        "aweme_id": "6851010616371580160",
        "aweme_title": "告别从前的那个自己 就再也找不回自己了",
        "aweme_url": "https://www.iesdouyin.com/share/video/6851010616371580160/?region=CN&mid=6851010620163148552&u_code=0&titleType=title",
        "download_url": "https://www.chanmama.com/awemeDetail/6851010616371580160",
        "digg_count": 1599,
        "digg_incr": 1419,
        "aweme_create_time": 1595125215,
        "category": 5,
        "volume": 0,
        "amount": 0
      },
      "author": {
        "author_id": "56162899314",
        "nickname": "辉哥",
        "follower_count": 384109
      }
    },
    {
      "aweme": {
        "aweme_id": "6851093567860002052",
        "aweme_title": "买水杯，永无止境，我需要一面墙#717奇妙好物在这里 #乘风破浪的好物",
        "aweme_url": "https://www.iesdouyin.com/share/video/6851093567860002052/?region=CN&mid=6709266471953894151&u_code=0&titleType=title",
        "download_url": "https://www.chanmama.com/awemeDetail/6851093567860002052",
        "digg_count": 1868,
        "digg_incr": 1387,
        "aweme_create_time": 1595144537,
        "category": 5,
        "volume": 12,
        "amount": 816
      },
      "author": {
        "author_id": "101132250393",
        "nickname": "you哩",
        "follower_count": 497176
      }
    },
    {
      "aweme": {
        "aweme_id": "6851013722941525248",
        "aweme_title": "【原创】猪排咖喱🍛饭#钢笔淡彩 #水彩 #画画 原图在vb🧣邱啊璐，下期说扫描仪",
        "aweme_url": "https://www.iesdouyin.com/share/video/6851013722941525248/?region=CN&mid=6827024216342432520&u_code=0&titleType=title",
        "download_url": "https://www.chanmama.com/awemeDetail/6851013722941525248",
        "digg_count": 2177,
        "digg_incr": 1378,
        "aweme_create_time": 1595125939,
        "category": 5,
        "volume": 0,
        "amount": 0
      },
      "author": {
        "author_id": "63214460278",
        "nickname": "邱啊璐",
        "follower_count": 155975
      }
    },
    {
      "aweme": {
        "aweme_id": "6851016730114837775",
        "aweme_title": "韩国闺蜜果然没有骗我，这个#积雪草泥膜 清洁力是真的强，简直就是毛孔吸尘器！！！爱了爱了！",
        "aweme_url": "https://www.iesdouyin.com/share/video/6851016730114837775/?region=CN&mid=6851016725140491021&u_code=340ghkhe1ec6&titleType=title",
        "download_url": "https://www.chanmama.com/awemeDetail/6851016730114837775",
        "digg_count": 1378,
        "digg_incr": 1378,
        "aweme_create_time": 1595126638,
        "category": 5,
        "volume": 73,
        "amount": 2182.7
      },
      "author": {
        "author_id": "2137080646599219",
        "nickname": "卷进月亮弯",
        "follower_count": 7001
      }
    },
    {
      "aweme": {
        "aweme_id": "6851015005303819535",
        "aweme_title": "男人只会爱女人三次，一定要珍惜这三次",
        "aweme_url": "https://www.iesdouyin.com/share/video/6851015005303819535/?region=CN&mid=6818833807715322638&u_code=0&titleType=title",
        "download_url": "https://www.chanmama.com/awemeDetail/6851015005303819535",
        "digg_count": 7584,
        "digg_incr": 1360,
        "aweme_create_time": 1595126237,
        "category": 5,
        "volume": 0,
        "amount": 0
      },
      "author": {
        "author_id": "3460880229998430",
        "nickname": "宝儿😘",
        "follower_count": 340752
      }
    },
    {
      "aweme": {
        "aweme_id": "6851028488917421320",
        "aweme_title": "黑色的好看贼贵！ 灰色的好用不贵！ 道理和娶媳妇差不多吧！！！",
        "aweme_url": "https://www.iesdouyin.com/share/video/6851028488917421320/?region=CN&mid=6812548421141318407&u_code=0&titleType=title",
        "download_url": "https://www.chanmama.com/awemeDetail/6851028488917421320",
        "digg_count": 2373,
        "digg_incr": 1357,
        "aweme_create_time": 1595129376,
        "category": 5,
        "volume": 5,
        "amount": 1100
      },
      "author": {
        "author_id": "549379541835828",
        "nickname": "英宸电子商务有限公司",
        "follower_count": 229935
      }
    },
    {
      "aweme": {
        "aweme_id": "6851074635723705600",
        "aweme_title": "#华夏三山草堂",
        "aweme_url": "https://www.iesdouyin.com/share/video/6851074635723705600/?region=CN&mid=6815824892002093832&u_code=0&titleType=title",
        "download_url": "https://www.chanmama.com/awemeDetail/6851074635723705600",
        "digg_count": 2544,
        "digg_incr": 1323,
        "aweme_create_time": 1595140121,
        "category": 5,
        "volume": 2,
        "amount": 100
      },
      "author": {
        "author_id": "82382187218",
        "nickname": "凤墨阁—华夏三山草堂书法培训",
        "follower_count": 254595
      }
    },
    {
      "aweme": {
        "aweme_id": "6851031753956576515",
        "aweme_title": "就喜欢各种收纳盒，盒子使我快乐！#717奇妙好物在这里 #乘风破浪的好物 #收纳",
        "aweme_url": "https://www.iesdouyin.com/share/video/6851031753956576515/?region=CN&mid=6851031774001236750&u_code=0&titleType=title",
        "download_url": "https://www.chanmama.com/awemeDetail/6851031753956576515",
        "digg_count": 2640,
        "digg_incr": 1307,
        "aweme_create_time": 1595130143,
        "category": 5,
        "volume": 46,
        "amount": 593.4
      },
      "author": {
        "author_id": "101132250393",
        "nickname": "you哩",
        "follower_count": 497176
      }
    },
    {
      "aweme": {
        "aweme_id": "6850900022217706752",
        "aweme_title": "在家地位这一块拿捏的死死的！#717奇妙好物在这里",
        "aweme_url": "https://www.iesdouyin.com/share/video/6850900022217706752/?region=CN&mid=6850899980056677128&u_code=0&titleType=title",
        "download_url": "https://www.chanmama.com/awemeDetail/6850900022217706752",
        "digg_count": 1366,
        "digg_incr": 1298,
        "aweme_create_time": 1595099505,
        "category": 5,
        "volume": 82,
        "amount": 811.8000000000001
      },
      "author": {
        "author_id": "64488296222",
        "nickname": "佟小喵",
        "follower_count": 26588
      }
    },
    {
      "aweme": {
        "aweme_id": "6851016918539783439",
        "aweme_title": "压根没底线啊！太便宜了",
        "aweme_url": "https://www.iesdouyin.com/share/video/6851016918539783439/?region=CN&mid=6687907030491040524&u_code=0&titleType=title",
        "download_url": "https://www.chanmama.com/awemeDetail/6851016918539783439",
        "digg_count": 1182,
        "digg_incr": 1188,
        "aweme_create_time": 1595126682,
        "category": 5,
        "volume": 0,
        "amount": 0
      },
      "author": {
        "author_id": "71417816032",
        "nickname": "【便宜哥】刘翅翅",
        "follower_count": 56465
      }
    },
    {
      "aweme": {
        "aweme_id": "6851023770740641028",
        "aweme_title": "多功能清洁乳来啦～厨房、卫浴一瓶全搞定.#717抖音奇妙好物市集",
        "aweme_url": "https://www.iesdouyin.com/share/video/6851023770740641028/?region=CN&mid=6757305181716318990&u_code=0&titleType=title",
        "download_url": "https://www.chanmama.com/awemeDetail/6851023770740641028",
        "digg_count": 1269,
        "digg_incr": 1179,
        "aweme_create_time": 1595128285,
        "category": 5,
        "volume": 554,
        "amount": 24265.199999999997
      },
      "author": {
        "author_id": "60126065943",
        "nickname": "薇儿",
        "follower_count": 172423
      }
    },
    {
      "aweme": {
        "aweme_id": "6851043854162955527",
        "aweme_title": "有女儿真好，等他长大了，可以穿她的衣服用他的化妆品还可以使唤他的男朋友#新品 #秋季搭配 #骗你生女儿 #童装",
        "aweme_url": "https://www.iesdouyin.com/share/video/6851043854162955527/?region=CN&mid=6851043848165083912&u_code=3c2717m7f8ba&titleType=title",
        "download_url": "https://www.chanmama.com/awemeDetail/6851043854162955527",
        "digg_count": 1192,
        "digg_incr": 1168,
        "aweme_create_time": 1595132954,
        "category": 5,
        "volume": 0,
        "amount": 0
      },
      "author": {
        "author_id": "100818907867",
        "nickname": "星际小熊精品童装",
        "follower_count": 507912
      }
    },
    {
      "aweme": {
        "aweme_id": "6851074413241093387",
        "aweme_title": "-我喜欢你 是可以喜欢很久很久的那种喜欢-#周杰伦",
        "aweme_url": "https://www.iesdouyin.com/share/video/6851074413241093387/?region=CN&mid=6851074449043622664&u_code=0&titleType=title",
        "download_url": "https://www.chanmama.com/awemeDetail/6851074413241093387",
        "digg_count": 2203,
        "digg_incr": 1142,
        "aweme_create_time": 1595140077,
        "category": 5,
        "volume": 0,
        "amount": 0
      },
      "author": {
        "author_id": "58891765004",
        "nickname": "是周杰伦诶",
        "follower_count": 385489
      }
    },
    {
      "aweme": {
        "aweme_id": "6851025227971939596",
        "aweme_title": "谁说男人就不能干家务了，洗衣做饭难不了我！白色衣服照样用洗衣凝珠洗的干干净净，刷到我的你们看看洗衣凝珠",
        "aweme_url": "https://www.iesdouyin.com/share/video/6851025227971939596/?region=CN&mid=6844773311390418951&u_code=0&titleType=title",
        "download_url": "https://www.chanmama.com/awemeDetail/6851025227971939596",
        "digg_count": 1307,
        "digg_incr": 1112,
        "aweme_create_time": 1595128624,
        "category": 5,
        "volume": 9,
        "amount": 89.10000000000001
      },
      "author": {
        "author_id": "1288249534842587",
        "nickname": "猪猪兄弟(甄选)",
        "follower_count": 95960
      }
    },
    {
      "aweme": {
        "aweme_id": "6851041932731239695",
        "aweme_title": "明天一起看电影吗？",
        "aweme_url": "https://www.iesdouyin.com/share/video/6851041932731239695/?region=CN&mid=6836287936389253896&u_code=0&titleType=title",
        "download_url": "https://www.chanmama.com/awemeDetail/6851041932731239695",
        "digg_count": 1767,
        "digg_incr": 1111,
        "aweme_create_time": 1595132506,
        "category": 5,
        "volume": 1,
        "amount": 14.8
      },
      "author": {
        "author_id": "96928445296",
        "nickname": "阿么",
        "follower_count": 570882
      }
    },
    {
      "aweme": {
        "aweme_id": "6851007192422747406",
        "aweme_title": "#简笔画 #画画",
        "aweme_url": "https://www.iesdouyin.com/share/video/6851007192422747406/?region=CN&mid=6851007192561421064&u_code=0&titleType=title",
        "download_url": "https://www.chanmama.com/awemeDetail/6851007192422747406",
        "digg_count": 2262,
        "digg_incr": 1108,
        "aweme_create_time": 1595124418,
        "category": 5,
        "volume": 0,
        "amount": 0
      },
      "author": {
        "author_id": "2471315676872155",
        "nickname": "于是欢喜",
        "follower_count": 289262
      }
    },
    {
      "aweme": {
        "aweme_id": "6851039077584719111",
        "aweme_title": "其实男生好看的定义并不需要多帅，只要干干净净看就够了！",
        "aweme_url": "https://www.iesdouyin.com/share/video/6851039077584719111/?region=CN&mid=6851039069158656775&u_code=40d0ac8m7lha&titleType=title",
        "download_url": "https://www.chanmama.com/awemeDetail/6851039077584719111",
        "digg_count": 1108,
        "digg_incr": 1108,
        "aweme_create_time": 1595131842,
        "category": 5,
        "volume": 75,
        "amount": 2242.5000000000005
      },
      "author": {
        "author_id": "153556598920046",
        "nickname": "夏妤",
        "follower_count": 5215
      }
    },
    {
      "aweme": {
        "aweme_id": "6851030440493468941",
        "aweme_title": "老板这回是要拼了吗？#不粘锅 #居家必备 #支持原创",
        "aweme_url": "https://www.iesdouyin.com/share/video/6851030440493468941/?region=CN&mid=6851030442997811976&u_code=j72g9j4ibg&titleType=title",
        "download_url": "https://www.chanmama.com/awemeDetail/6851030440493468941",
        "digg_count": 1122,
        "digg_incr": 1090,
        "aweme_create_time": 1595129831,
        "category": 5,
        "volume": 0,
        "amount": 0
      },
      "author": {
        "author_id": "96754231378",
        "nickname": "勇哥电子商务",
        "follower_count": 39890
      }
    },
    {
      "aweme": {
        "aweme_id": "6851041463594274056",
        "aweme_title": "洗衣服的时候放一点，香水都不用买了，衣服一整天都带香味#好物推荐 #好物分享 #生活小妙招",
        "aweme_url": "https://www.iesdouyin.com/share/video/6851041463594274056/?region=CN&mid=6851041472276695815&u_code=0&titleType=title",
        "download_url": "https://www.chanmama.com/awemeDetail/6851041463594274056",
        "digg_count": 1504,
        "digg_incr": 1029,
        "aweme_create_time": 1595132398,
        "category": 5,
        "volume": 1,
        "amount": 24.9
      },
      "author": {
        "author_id": "2563710938523900",
        "nickname": "好物研究室",
        "follower_count": 335736
      }
    },
    {
      "aweme": {
        "aweme_id": "6851022999873686787",
        "aweme_title": "演示一下10多年前的老玩家Kevinslater的kissgoodbay玩法 有没有想学的？#手速 #玩梳子",
        "aweme_url": "https://www.iesdouyin.com/share/video/6851022999873686787/?region=CN&mid=6851023044677356296&u_code=0&titleType=title",
        "download_url": "https://www.chanmama.com/awemeDetail/6851022999873686787",
        "digg_count": 3430,
        "digg_incr": 1026,
        "aweme_create_time": 1595128105,
        "category": 5,
        "volume": 4,
        "amount": 159.6
      },
      "author": {
        "author_id": "96698670855",
        "nickname": "一个人玩梳子",
        "follower_count": 526588
      }
    },
    {
      "aweme": {
        "aweme_id": "6851093599187176711",
        "aweme_title": "@恒梵发了一个抖音短视频，你尽管点开，不好看算我输！",
        "aweme_url": "https://www.iesdouyin.com/share/video/6851093599187176711/?region=CN&mid=6840256492319722254&u_code=0&titleType=",
        "download_url": "https://www.chanmama.com/awemeDetail/6851093599187176711",
        "digg_count": 2058,
        "digg_incr": 1016,
        "aweme_create_time": 1595144536,
        "category": 5,
        "volume": 2,
        "amount": 21.6
      },
      "author": {
        "author_id": "61511463857",
        "nickname": "恒梵",
        "follower_count": 313449
      }
    },
    {
      "aweme": {
        "aweme_id": "6851025540254584064",
        "aweme_title": "下雨了，提前半小时来做饭，每次炒西瓜酱都要多麦馒头多做饭，特费粮食😂打开就可以吃，也可以放点葱和辣椒炒下更香",
        "aweme_url": "https://www.iesdouyin.com/share/video/6851025540254584064/?region=CN&mid=6848365620317555464&u_code=0&titleType=title",
        "download_url": "https://www.chanmama.com/awemeDetail/6851025540254584064",
        "digg_count": 1329,
        "digg_incr": 1011,
        "aweme_create_time": 1595128690,
        "category": 5,
        "volume": 3,
        "amount": 119.69999999999999
      },
      "author": {
        "author_id": "64066434211",
        "nickname": "他老婆",
        "follower_count": 100849
      }
    },
    {
      "aweme": {
        "aweme_id": "6851098300574141711",
        "aweme_title": "家里孩子多成了消纸大户🤣，一直都是用这家抽纸，一箱27包才19.9，几毛一包怎么用都不心疼，太值了👍",
        "aweme_url": "https://www.iesdouyin.com/share/video/6851098300574141711/?region=CN&mid=6813680380567243523&u_code=0&titleType=title",
        "download_url": "https://www.chanmama.com/awemeDetail/6851098300574141711",
        "digg_count": 1063,
        "digg_incr": 999,
        "aweme_create_time": 1595145631,
        "category": 5,
        "volume": 0,
        "amount": 0
      },
      "author": {
        "author_id": "51052345868",
        "nickname": "小橙子",
        "follower_count": 305919
      }
    },
    {
      "aweme": {
        "aweme_id": "6850952374408776960",
        "aweme_title": "多少度的酒才能配得上这突如其来的心酸？",
        "aweme_url": "https://www.iesdouyin.com/share/video/6850952374408776960/?region=CN&mid=6850952320566512392&u_code=0&titleType=title",
        "download_url": "https://www.chanmama.com/awemeDetail/6850952374408776960",
        "digg_count": 1151,
        "digg_incr": 995,
        "aweme_create_time": 1595111663,
        "category": 5,
        "volume": 0,
        "amount": 0
      },
      "author": {
        "author_id": "56162899314",
        "nickname": "辉哥",
        "follower_count": 384109
      }
    },
    {
      "aweme": {
        "aweme_id": "6850946715596508428",
        "aweme_title": "@a如意🌹👍🏻发了一个抖音短视频，你尽管点开，不好看算我输！",
        "aweme_url": "https://www.iesdouyin.com/share/video/6850946715596508428/?region=CN&mid=6553511265401047816&u_code=0&titleType=",
        "download_url": "https://www.chanmama.com/awemeDetail/6850946715596508428",
        "digg_count": 1680,
        "digg_incr": 961,
        "aweme_create_time": 1595110384,
        "category": 5,
        "volume": 0,
        "amount": 0
      },
      "author": {
        "author_id": "60091327457",
        "nickname": "a如意🌹👍🏻",
        "follower_count": 618172
      }
    },
    {
      "aweme": {
        "aweme_id": "6850991558657838336",
        "aweme_title": "爱心小方块，一学就会#感谢官方感谢热门 #简笔画",
        "aweme_url": "https://www.iesdouyin.com/share/video/6850991558657838336/?region=CN&mid=6850991551498160904&u_code=0&titleType=title",
        "download_url": "https://www.chanmama.com/awemeDetail/6850991558657838336",
        "digg_count": 1786,
        "digg_incr": 960,
        "aweme_create_time": 1595120779,
        "category": 5,
        "volume": 0,
        "amount": 0
      },
      "author": {
        "author_id": "108636609953",
        "nickname": "芸琪简笔画",
        "follower_count": 946617
      }
    },
    {
      "aweme": {
        "aweme_id": "6850998839940304142",
        "aweme_title": "宝宝玩具放的家里到处都是，买了这个小汽车给它装起来，还能当凳子使#带娃神器 #花样百出乐事一下",
        "aweme_url": "https://www.iesdouyin.com/share/video/6850998839940304142/?region=CN&mid=6850998835502795533&u_code=9h9f7ikm077&titleType=title",
        "download_url": "https://www.chanmama.com/awemeDetail/6850998839940304142",
        "digg_count": 1180,
        "digg_incr": 899,
        "aweme_create_time": 1595122474,
        "category": 5,
        "volume": 0,
        "amount": 0
      },
      "author": {
        "author_id": "2295415873494733",
        "nickname": "晨曦好物",
        "follower_count": 5193
      }
    },
    {
      "aweme": {
        "aweme_id": "6851049860167224583",
        "aweme_title": "【新家054集】给厨房选垃圾桶真没少费心思，想要不占地方又想使用方便，这个壁挂垃圾桶满足了我各种要求，非常推荐",
        "aweme_url": "https://www.iesdouyin.com/share/video/6851049860167224583/?region=CN&mid=6851049867700095758&u_code=0&titleType=title",
        "download_url": "https://www.chanmama.com/awemeDetail/6851049860167224583",
        "digg_count": 3594,
        "digg_incr": 886,
        "aweme_create_time": 1595134352,
        "category": 5,
        "volume": 35,
        "amount": 696.15
      },
      "author": {
        "author_id": "93200971620",
        "nickname": "Miss Zhang的好感生活",
        "follower_count": 516051
      }
    },
    {
      "aweme": {
        "aweme_id": "6851051685096328455",
        "aweme_title": "#五角折剪 #五折团花 #剪纸教程#剪纸练习 #感谢老师",
        "aweme_url": "https://www.iesdouyin.com/share/video/6851051685096328455/?region=CN&mid=6680831691075881735&u_code=0&titleType=title",
        "download_url": "https://www.chanmama.com/awemeDetail/6851051685096328455",
        "digg_count": 2620,
        "digg_incr": 880,
        "aweme_create_time": 1595134777,
        "category": 5,
        "volume": 0,
        "amount": 0
      },
      "author": {
        "author_id": "3390516662639123",
        "nickname": "一肥🌹️",
        "follower_count": 71835
      }
    },
    {
      "aweme": {
        "aweme_id": "6851045826047872263",
        "aweme_title": "淘货日记之蜂窝双龙小金刚#文玩@抖音小助手",
        "aweme_url": "https://www.iesdouyin.com/share/video/6851045826047872263/?region=CN&mid=6851045836634295047&u_code=0&titleType=title",
        "download_url": "https://www.chanmama.com/awemeDetail/6851045826047872263",
        "digg_count": 1074,
        "digg_incr": 871,
        "aweme_create_time": 1595133413,
        "category": 5,
        "volume": 136,
        "amount": 5168
      },
      "author": {
        "author_id": "93336922410",
        "nickname": "成华区一叶菩提工艺品店.",
        "follower_count": 442009
      }
    },
    {
      "aweme": {
        "aweme_id": "6851044820056657160",
        "aweme_title": "29.9拍一发三",
        "aweme_url": "https://www.iesdouyin.com/share/video/6851044820056657160/?region=CN&mid=6851044827321076493&u_code=0&titleType=title",
        "download_url": "https://www.chanmama.com/awemeDetail/6851044820056657160",
        "digg_count": 1029,
        "digg_incr": 868,
        "aweme_create_time": 1595133179,
        "category": 5,
        "volume": 0,
        "amount": 0
      },
      "author": {
        "author_id": "1081512956018414",
        "nickname": "华姐",
        "follower_count": 518504
      }
    },
    {
      "aweme": {
        "aweme_id": "6851128536045063424",
        "aweme_title": "明星同款掉秤萝卜汤，每天来一碗，掉秤速度超乎想象，赶紧去试试#减脂餐 #减肥 #美食趣胃计划 @抖音小助手",
        "aweme_url": "https://www.iesdouyin.com/share/video/6851128536045063424/?region=CN&mid=6849624657382476558&u_code=0&titleType=title",
        "download_url": "https://www.chanmama.com/awemeDetail/6851128536045063424",
        "digg_count": 2268,
        "digg_incr": 864,
        "aweme_create_time": 1595152670,
        "category": 5,
        "volume": 0,
        "amount": 0
      },
      "author": {
        "author_id": "68797507483",
        "nickname": "小琳日食记",
        "follower_count": 153090
      }
    },
    {
      "aweme": {
        "aweme_id": "6851005489661218062",
        "aweme_title": "#汪柯菡 #张伟丽 #格斗 #搏击 魔鬼中的天使汪柯菡，格斗女王，ko女王！@抖音小助手",
        "aweme_url": "https://www.iesdouyin.com/share/video/6851005489661218062/?region=CN&mid=6851005473442433805&u_code=0&titleType=title",
        "download_url": "https://www.chanmama.com/awemeDetail/6851005489661218062",
        "digg_count": 1943,
        "digg_incr": 857,
        "aweme_create_time": 1595124022,
        "category": 5,
        "volume": 0,
        "amount": 0
      },
      "author": {
        "author_id": "61277453083",
        "nickname": "感动中国🇨🇳",
        "follower_count": 84186
      }
    },
    {
      "aweme": {
        "aweme_id": "6851038928204565767",
        "aweme_title": "三部曲回忆这部电影#折纸画 #创意美术 #金刚",
        "aweme_url": "https://www.iesdouyin.com/share/video/6851038928204565767/?region=CN&mid=6851038937104927501&u_code=0&titleType=title",
        "download_url": "https://www.chanmama.com/awemeDetail/6851038928204565767",
        "digg_count": 1065,
        "digg_incr": 837,
        "aweme_create_time": 1595131807,
        "category": 5,
        "volume": 0,
        "amount": 0
      },
      "author": {
        "author_id": "68721910892",
        "nickname": "找点创意【绘浮生】",
        "follower_count": 635818
      }
    },
    {
      "aweme": {
        "aweme_id": "6851132563000528128",
        "aweme_title": "可以任意组合的洞洞板置物架，有了它，家里再也不乱糟糟的了！！！！",
        "aweme_url": "https://www.iesdouyin.com/share/video/6851132563000528128/?region=CN&mid=6851132563827018510&u_code=0&titleType=title",
        "download_url": "https://www.chanmama.com/awemeDetail/6851132563000528128",
        "digg_count": 2374,
        "digg_incr": 789,
        "aweme_create_time": 1595153608,
        "category": 5,
        "volume": 1,
        "amount": 19.9
      },
      "author": {
        "author_id": "2766002651411597",
        "nickname": "大方朱",
        "follower_count": 489751
      }
    },
    {
      "aweme": {
        "aweme_id": "6851040828173913357",
        "aweme_title": "爱穿白鞋又不爱刷鞋的小伙伴一定要买准备擦鞋湿巾#好物推荐 #好物分享 #生活小妙招",
        "aweme_url": "https://www.iesdouyin.com/share/video/6851040828173913357/?region=CN&mid=6851040825817123597&u_code=0&titleType=title",
        "download_url": "https://www.chanmama.com/awemeDetail/6851040828173913357",
        "digg_count": 1486,
        "digg_incr": 788,
        "aweme_create_time": 1595132249,
        "category": 5,
        "volume": 3,
        "amount": 86.4
      },
      "author": {
        "author_id": "2563710938523900",
        "nickname": "好物研究室",
        "follower_count": 335736
      }
    },
    {
      "aweme": {
        "aweme_id": "6851038687300504839",
        "aweme_title": "复杂字连笔简单写#写字 @抖音小助手",
        "aweme_url": "https://www.iesdouyin.com/share/video/6851038687300504839/?region=CN&mid=6851038685341764366&u_code=0&titleType=title",
        "download_url": "https://www.chanmama.com/awemeDetail/6851038687300504839",
        "digg_count": 1670,
        "digg_incr": 773,
        "aweme_create_time": 1595131751,
        "category": 5,
        "volume": 8,
        "amount": 316.59999999999997
      },
      "author": {
        "author_id": "71126248700",
        "nickname": "向涛写字",
        "follower_count": 475629
      }
    },
    {
      "aweme": {
        "aweme_id": "6851101614892158212",
        "aweme_title": "现在不会有人说，冰块融化了，没有味道👏#红茶 @DOU+小助手",
        "aweme_url": "https://www.iesdouyin.com/share/video/6851101614892158212/?region=CN&mid=6851101653601684238&u_code=0&titleType=title",
        "download_url": "https://www.chanmama.com/awemeDetail/6851101614892158212",
        "digg_count": 1196,
        "digg_incr": 766,
        "aweme_create_time": 1595146409,
        "category": 5,
        "volume": 10,
        "amount": 99
      },
      "author": {
        "author_id": "2607693898711308",
        "nickname": "渔渔又嘴馋",
        "follower_count": 88011
      }
    },
    {
      "aweme": {
        "aweme_id": "6851072221012593934",
        "aweme_title": "家里角落总有霉菌 不仅不卫生 还不健康 用这个 #除霉  #生活小妙招",
        "aweme_url": "https://www.iesdouyin.com/share/video/6851072221012593934/?region=CN&mid=6851072313220270856&u_code=0&titleType=title",
        "download_url": "https://www.chanmama.com/awemeDetail/6851072221012593934",
        "digg_count": 1438,
        "digg_incr": 746,
        "aweme_create_time": 1595139583,
        "category": 5,
        "volume": 0,
        "amount": 0
      },
      "author": {
        "author_id": "106331702582",
        "nickname": "绒霜技术",
        "follower_count": 788415
      }
    },
    {
      "aweme": {
        "aweme_id": "6851010526311468296",
        "aweme_title": "暑假最主要的是查缺补漏，多读书，多练字，网上阅卷注重字体工整和卷面干净，养成好习惯最重要@抖音小助手",
        "aweme_url": "https://www.iesdouyin.com/share/video/6851010526311468296/?region=CN&mid=6851010532368026375&u_code=0&titleType=title",
        "download_url": "https://www.chanmama.com/awemeDetail/6851010526311468296",
        "digg_count": 1073,
        "digg_incr": 741,
        "aweme_create_time": 1595125195,
        "category": 5,
        "volume": 0,
        "amount": 0
      },
      "author": {
        "author_id": "100372158133",
        "nickname": "教数学的班主任",
        "follower_count": 254110
      }
    },
    {
      "aweme": {
        "aweme_id": "6851046905326161165",
        "aweme_title": "今天终于开通了商品橱窗，还不怎么懂，目前只添加了一件小商品，希望大家能多多关照！",
        "aweme_url": "https://www.iesdouyin.com/share/video/6851046905326161165/?region=CN&mid=6679343792006892292&u_code=0&titleType=title",
        "download_url": "https://www.chanmama.com/awemeDetail/6851046905326161165",
        "digg_count": 1001,
        "digg_incr": 730,
        "aweme_create_time": 1595133664,
        "category": 5,
        "volume": 0,
        "amount": 0
      },
      "author": {
        "author_id": "73028150647",
        "nickname": "晴笑",
        "follower_count": 25130
      }
    },
    {
      "aweme": {
        "aweme_id": "6851020359244827904",
        "aweme_title": "佛甲草！很好。#植物#全民学中药#农村 #科普",
        "aweme_url": "https://www.iesdouyin.com/share/video/6851020359244827904/?region=CN&mid=6851020361744878350&u_code=0&titleType=title",
        "download_url": "https://www.chanmama.com/awemeDetail/6851020359244827904",
        "digg_count": 1897,
        "digg_incr": 722,
        "aweme_create_time": 1595127483,
        "category": 5,
        "volume": 1,
        "amount": 168
      },
      "author": {
        "author_id": "1112328343137336",
        "nickname": "本草总录",
        "follower_count": 192899
      }
    },
    {
      "aweme": {
        "aweme_id": "6851097828932996366",
        "aweme_title": "你被蚊子🦟咬的时候直接拍它吗？#抖音小助手",
        "aweme_url": "https://www.iesdouyin.com/share/video/6851097828932996366/?region=CN&mid=6687388934818761479&u_code=0&titleType=title",
        "download_url": "https://www.chanmama.com/awemeDetail/6851097828932996366",
        "digg_count": 1121,
        "digg_incr": 682,
        "aweme_create_time": 1595145521,
        "category": 5,
        "volume": 0,
        "amount": 0
      },
      "author": {
        "author_id": "1873187815306253",
        "nickname": "微观小雨",
        "follower_count": 548576
      }
    },
    {
      "aweme": {
        "aweme_id": "6851081658389581071",
        "aweme_title": "你们给我评评理，难道我说的不对吗？😣",
        "aweme_url": "https://www.iesdouyin.com/share/video/6851081658389581071/?region=CN&mid=6851081654723758856&u_code=0&titleType=title",
        "download_url": "https://www.chanmama.com/awemeDetail/6851081658389581071",
        "digg_count": 1846,
        "digg_incr": 676,
        "aweme_create_time": 1595141756,
        "category": 5,
        "volume": 5,
        "amount": 199.5
      },
      "author": {
        "author_id": "78357680801",
        "nickname": "小夜猫",
        "follower_count": 75705
      }
    },
    {
      "aweme": {
        "aweme_id": "6851070133369113859",
        "aweme_title": "车里应该没有人 别担心",
        "aweme_url": "https://www.iesdouyin.com/share/video/6851070133369113859/?region=CN&mid=6851070423782656775&u_code=0&titleType=title",
        "download_url": "https://www.chanmama.com/awemeDetail/6851070133369113859",
        "digg_count": 1201,
        "digg_incr": 656,
        "aweme_create_time": 1595139113,
        "category": 5,
        "volume": 0,
        "amount": 0
      },
      "author": {
        "author_id": "61226516461",
        "nickname": "警法君",
        "follower_count": 475634
      }
    },
    {
      "aweme": {
        "aweme_id": "6851065967011728640",
        "aweme_title": "青春属于双J  记忆停在了那一首歌的时间#周杰伦 @抖音小助手",
        "aweme_url": "https://www.iesdouyin.com/share/video/6851065967011728640/?region=CN&mid=6851065982367730439&u_code=0&titleType=title",
        "download_url": "https://www.chanmama.com/awemeDetail/6851065967011728640",
        "digg_count": 1459,
        "digg_incr": 640,
        "aweme_create_time": 1595138103,
        "category": 5,
        "volume": 3,
        "amount": 204
      },
      "author": {
        "author_id": "2291008129209587",
        "nickname": "磁带时代",
        "follower_count": 720887
      }
    },
    {
      "aweme": {
        "aweme_id": "6851135844334472461",
        "aweme_title": "天然皂粉洗衣粉来了",
        "aweme_url": "https://www.iesdouyin.com/share/video/6851135844334472461/?region=CN&mid=6851135949284461319&u_code=0&titleType=title",
        "download_url": "https://www.chanmama.com/awemeDetail/6851135844334472461",
        "digg_count": 1248,
        "digg_incr": 635,
        "aweme_create_time": 1595154390,
        "category": 5,
        "volume": 0,
        "amount": 0
      },
      "author": {
        "author_id": "108066937146",
        "nickname": "小娟同学",
        "follower_count": 419541
      }
    },
    {
      "aweme": {
        "aweme_id": "6851003891828526344",
        "aweme_title": "人呐！没有谁配不上谁，两块一包盐也能配上万一桌的菜，上万的菜没盐也淡然无味#时尚女包 #717奇妙好物在这里",
        "aweme_url": "https://www.iesdouyin.com/share/video/6851003891828526344/?region=CN&mid=6851003890214013710&u_code=0&titleType=title",
        "download_url": "https://www.chanmama.com/awemeDetail/6851003891828526344",
        "digg_count": 1017,
        "digg_incr": 618,
        "aweme_create_time": 1595123650,
        "category": 5,
        "volume": 49,
        "amount": 8232
      },
      "author": {
        "author_id": "60356650988",
        "nickname": "杭州包先森皮具商行",
        "follower_count": 21656
      }
    },
    {
      "aweme": {
        "aweme_id": "6851090403970600199",
        "aweme_title": "女生一个人抬水一定要用它#抖音有好货",
        "aweme_url": "https://www.iesdouyin.com/share/video/6851090403970600199/?region=CN&mid=6851090490608061191&u_code=166g7lj433gg&titleType=title",
        "download_url": "https://www.chanmama.com/awemeDetail/6851090403970600199",
        "digg_count": 1005,
        "digg_incr": 608,
        "aweme_create_time": 1595143814,
        "category": 5,
        "volume": 0,
        "amount": 0
      },
      "author": {
        "author_id": "104976894483",
        "nickname": "君姐好物推荐",
        "follower_count": 693346
      }
    },
    {
      "aweme": {
        "aweme_id": "6851134130785144064",
        "aweme_title": "这样的杯子你会继续用吗？#家庭  #婚姻 #情感 @抖音小助手",
        "aweme_url": "https://www.iesdouyin.com/share/video/6851134130785144064/?region=CN&mid=6543519450186910477&u_code=0&titleType=title",
        "download_url": "https://www.chanmama.com/awemeDetail/6851134130785144064",
        "digg_count": 1329,
        "digg_incr": 601,
        "aweme_create_time": 1595153973,
        "category": 5,
        "volume": 0,
        "amount": 0
      },
      "author": {
        "author_id": "93915983933",
        "nickname": "广东兴亮设计",
        "follower_count": 755473
      }
    },
    {
      "aweme": {
        "aweme_id": "6851126407779716352",
        "aweme_title": "麻辣鲜香的传统#川菜 #水煮牛肉 一看就会#美食推荐官 #牛肉 #四川话 #美食 @抖音小助手 ￼@抖音美食",
        "aweme_url": "https://www.iesdouyin.com/share/video/6851126407779716352/?region=CN&mid=6847745709240748039&u_code=0&titleType=title",
        "download_url": "https://www.chanmama.com/awemeDetail/6851126407779716352",
        "digg_count": 1182,
        "digg_incr": 600,
        "aweme_create_time": 1595152175,
        "category": 5,
        "volume": 0,
        "amount": 0
      },
      "author": {
        "author_id": "2031491055093293",
        "nickname": "陈龙美食",
        "follower_count": 807920
      }
    }
  ]
}