{"data": [{"aweme": {"aweme_id": "6850764545720405262", "aweme_title": "给大家大概介绍这款真煮厨房吧，之前问了很多问题的宝宝们看过来啦！#迷你厨房", "aweme_url": "https://www.iesdouyin.com/share/video/6850764545720405262/?region=CN&mid=6850764666675809031&u_code=0&titleType=title", "download_url": "https://www.chanmama.com/awemeDetail/6850764545720405262", "digg_count": 198209, "digg_incr": 125587, "aweme_create_time": 1595127600, "category": 6, "volume": 30, "amount": 1140}, "author": {"author_id": "329445349527227", "nickname": "玩具大王国", "follower_count": 329818}}, {"aweme": {"aweme_id": "6851102314917383431", "aweme_title": "现场揭穿我的后果。请以后不要给魔术师打du。@抖音小助手", "aweme_url": "https://www.iesdouyin.com/share/video/6851102314917383431/?region=CN&mid=6851102321398254350&u_code=0&titleType=title", "download_url": "https://www.chanmama.com/awemeDetail/6851102314917383431", "digg_count": 87670, "digg_incr": 55772, "aweme_create_time": 1595146566, "category": 6, "volume": 1, "amount": 49}, "author": {"author_id": "285521873473804", "nickname": "魔术戏中戏", "follower_count": 758026}}, {"aweme": {"aweme_id": "6851144098141801742", "aweme_title": "老板娘就是豪横！！#热门推荐 #抖音小助手 #是时候放大招了", "aweme_url": "https://www.iesdouyin.com/share/video/6851144098141801742/?region=CN&mid=6851144103137233677&u_code=1bifh0710am2&titleType=title", "download_url": "https://www.chanmama.com/awemeDetail/6851144098141801742", "digg_count": 73222, "digg_incr": 52443, "aweme_create_time": 1595156293, "category": 6, "volume": 24462, "amount": 242173.80000000002}, "author": {"author_id": "4494399192709214", "nickname": "玩趣童鞋", "follower_count": 460892}}, {"aweme": {"aweme_id": "6850957106741267723", "aweme_title": "船长给大家分享一下，零距离海洋霸主鲸鱼越出海面，十分罕见拍摄不易！见者双击点赞，财运多多，福报多多！一生平安！", "aweme_url": "https://www.iesdouyin.com/share/video/6850957106741267723/?region=CN&mid=6850957114907675399&u_code=0&titleType=title", "download_url": "https://www.chanmama.com/awemeDetail/6850957106741267723", "digg_count": 34432, "digg_incr": 22561, "aweme_create_time": 1595112781, "category": 6, "volume": 7, "amount": 370}, "author": {"author_id": "94698846791", "nickname": "中国船长", "follower_count": 845071}}, {"aweme": {"aweme_id": "6851075755724573952", "aweme_title": "给你们康康，我的仙女气质是怎么被带偏的 哈哈哈哈哈哈@DOU+小助手", "aweme_url": "https://www.iesdouyin.com/share/video/6851075755724573952/?region=CN&mid=6851075979561929483&u_code=4786idefjami&titleType=title", "download_url": "https://www.chanmama.com/awemeDetail/6851075755724573952", "digg_count": 28495, "digg_incr": 18444, "aweme_create_time": 1595140404, "category": 6, "volume": 25, "amount": 975}, "author": {"author_id": "110838196648", "nickname": "小丸子呀", "follower_count": 5277}}, {"aweme": {"aweme_id": "6851188389455072519", "aweme_title": "呜呜呜我最爱的星黛露，真的超可爱的包包，一定要给闺蜜一起背！冲~  #可爱", "aweme_url": "https://www.iesdouyin.com/share/video/6851188389455072519/?region=CN&mid=6851188488315554573&u_code=0&titleType=title", "download_url": "https://www.chanmama.com/awemeDetail/6851188389455072519", "digg_count": 66770, "digg_incr": 18076, "aweme_create_time": 1595166629, "category": 6, "volume": 0, "amount": 0}, "author": {"author_id": "2013940608941056", "nickname": "猫步少女。", "follower_count": 6563}}, {"aweme": {"aweme_id": "6851112023091318031", "aweme_title": "我对你的好你总是视而不见，我可以惯着你也可以换了你，你不尊重我凭什么让我尊重你，认同吗#717奇妙好物在这里", "aweme_url": "https://www.iesdouyin.com/share/video/6851112023091318031/?region=CN&mid=6755591919806204679&u_code=0&titleType=title", "download_url": "https://www.chanmama.com/awemeDetail/6851112023091318031", "digg_count": 25980, "digg_incr": 13699, "aweme_create_time": 1595148825, "category": 6, "volume": 0, "amount": 0}, "author": {"author_id": "103722171454", "nickname": "芙蓉姐姐", "follower_count": 603131}}, {"aweme": {"aweme_id": "6851131343447870727", "aweme_title": "热血足球了解一下", "aweme_url": "https://www.iesdouyin.com/share/video/6851131343447870727/?region=CN&mid=6851131459948874510&u_code=0&titleType=title", "download_url": "https://www.chanmama.com/awemeDetail/6851131343447870727", "digg_count": 19766, "digg_incr": 9598, "aweme_create_time": 1595153344, "category": 6, "volume": 0, "amount": 0}, "author": {"author_id": "63735136123", "nickname": "菜菜易", "follower_count": 429038}}, {"aweme": {"aweme_id": "6851069003025124622", "aweme_title": "别的倒是没学会、争强好胜这一块拿捏死死的…😂#二婷衣橱 #乘风破浪幸盔有你 @二婷衣橱", "aweme_url": "https://www.iesdouyin.com/share/video/6851069003025124622/?region=CN&mid=6851069011019467528&u_code=0&titleType=title", "download_url": "https://www.chanmama.com/awemeDetail/6851069003025124622", "digg_count": 10058, "digg_incr": 7507, "aweme_create_time": 1595138810, "category": 6, "volume": 4, "amount": 396}, "author": {"author_id": "2647241958624830", "nickname": "二婷衣橱1号店", "follower_count": 167368}}, {"aweme": {"aweme_id": "6851079848790707463", "aweme_title": "不是你显老，而是你的衣服不显减龄#感谢抖音平台我要上热门 #我要上热门感谢抖音小助手 #热门", "aweme_url": "https://www.iesdouyin.com/share/video/6851079848790707463/?region=CN&mid=6843245072318728206&u_code=3g7mbkclj1kf&titleType=title", "download_url": "https://www.chanmama.com/awemeDetail/6851079848790707463", "digg_count": 6234, "digg_incr": 5587, "aweme_create_time": 1595141335, "category": 6, "volume": 751, "amount": 7434.900000000001}, "author": {"author_id": "2911155096127239", "nickname": "亿米服装工厂店", "follower_count": 9191}}, {"aweme": {"aweme_id": "6851039973085285647", "aweme_title": "这下误会大了，艾特一位对ta说S/B#解压 #小学生", "aweme_url": "https://www.iesdouyin.com/share/video/6851039973085285647/?region=CN&mid=6806973641876753166&u_code=0&titleType=title", "download_url": "https://www.chanmama.com/awemeDetail/6851039973085285647", "digg_count": 7326, "digg_incr": 5270, "aweme_create_time": 1595132050, "category": 6, "volume": 0, "amount": 0}, "author": {"author_id": "536172228519149", "nickname": "解压时刻", "follower_count": 231457}}, {"aweme": {"aweme_id": "6851134492464123136", "aweme_title": "#楚乔手工编织贵夫人马甲材料包", "aweme_url": "https://www.iesdouyin.com/share/video/6851134492464123136/?region=CN&mid=6851134492497824525&u_code=0&titleType=title", "download_url": "https://www.chanmama.com/awemeDetail/6851134492464123136", "digg_count": 6855, "digg_incr": 5157, "aweme_create_time": 1595154057, "category": 6, "volume": 19, "amount": 1121}, "author": {"author_id": "73552590458", "nickname": "细河区亚杰毛线时装", "follower_count": 283991}}, {"aweme": {"aweme_id": "6851045135254424847", "aweme_title": "十年内我要把🇨🇳童鞋打造成世界品牌，用传承几代人的时间打造下一个百年品牌，让大家知道什么叫中国制造！！", "aweme_url": "https://www.iesdouyin.com/share/video/6851045135254424847/?region=CN&mid=6851045129046723335&u_code=0&titleType=title", "download_url": "https://www.chanmama.com/awemeDetail/6851045135254424847", "digg_count": 4334, "digg_incr": 4348, "aweme_create_time": 1595133252, "category": 6, "volume": 575, "amount": 37317.5}, "author": {"author_id": "75446941132", "nickname": "贝贝聪.童鞋优选", "follower_count": 516685}}, {"aweme": {"aweme_id": "6851047371212623104", "aweme_title": "偷偷告诉你们纱布小方巾商家又喝醉了，我才19买的今天竟然9.9还包由 纱布纯棉", "aweme_url": "https://www.iesdouyin.com/share/video/6851047371212623104/?region=CN&mid=6835840383335811848&u_code=161hg4l042h&titleType=title", "download_url": "https://www.chanmama.com/awemeDetail/6851047371212623104", "digg_count": 6546, "digg_incr": 4325, "aweme_create_time": 1595133773, "category": 6, "volume": 0, "amount": 0}, "author": {"author_id": "111046448144", "nickname": "大婷子👭👭", "follower_count": 272791}}, {"aweme": {"aweme_id": "6851027955112529155", "aweme_title": "米郁主页=解压神器（误）#充能计划 #cos #凹凸世界  #兽耳 #金 @DOU+小助手 @抖音小助手", "aweme_url": "https://www.iesdouyin.com/share/video/6851027955112529155/?region=CN&mid=6817385618919262990&u_code=0&titleType=title", "download_url": "https://www.chanmama.com/awemeDetail/6851027955112529155", "digg_count": 5022, "digg_incr": 3655, "aweme_create_time": 1595129258, "category": 6, "volume": 0, "amount": 0}, "author": {"author_id": "94189064018", "nickname": "米郁", "follower_count": 229932}}, {"aweme": {"aweme_id": "6851069000827292941", "aweme_title": "#200斤 也能穿的#海军风 #Lolita 👉🏻@睡前童话原创设计 这个暑假要和我一起去海边嘛🐰", "aweme_url": "https://www.iesdouyin.com/share/video/6851069000827292941/?region=CN&mid=6836765993138768648&u_code=0&titleType=title", "download_url": "https://www.chanmama.com/awemeDetail/6851069000827292941", "digg_count": 4901, "digg_incr": 3434, "aweme_create_time": 1595138809, "category": 6, "volume": 2, "amount": 10}, "author": {"author_id": "109837836771", "nickname": "超超超超大码娘兔子33", "follower_count": 54036}}, {"aweme": {"aweme_id": "6851016799052483852", "aweme_title": "夜光97号大版T送袜子哦，不挑人穿#抖音小助手 #热门 #服装搭配 @DOU+小助手", "aweme_url": "https://www.iesdouyin.com/share/video/6851016799052483852/?region=CN&mid=6845086828639291399&u_code=0&titleType=title", "download_url": "https://www.chanmama.com/awemeDetail/6851016799052483852", "digg_count": 7435, "digg_incr": 3338, "aweme_create_time": 1595126661, "category": 6, "volume": 575, "amount": 28692.5}, "author": {"author_id": "64116100804", "nickname": "猜猜每日穿搭", "follower_count": 11207}}, {"aweme": {"aweme_id": "6851021766651874567", "aweme_title": "#充能计划 #jk制服 给你们介绍一下，这是“二”电阻", "aweme_url": "https://www.iesdouyin.com/share/video/6851021766651874567/?region=CN&mid=6843332535171156743&u_code=0&titleType=title", "download_url": "https://www.chanmama.com/awemeDetail/6851021766651874567", "digg_count": 3937, "digg_incr": 3298, "aweme_create_time": 1595127811, "category": 6, "volume": 2, "amount": 30}, "author": {"author_id": "72579245693", "nickname": "异世界百物语JK制服", "follower_count": 104156}}, {"aweme": {"aweme_id": "6851101293541477647", "aweme_title": "一起闪闪发光吧#lolita", "aweme_url": "https://www.iesdouyin.com/share/video/6851101293541477647/?region=CN&mid=6804014327717579528&u_code=0&titleType=title", "download_url": "https://www.chanmama.com/awemeDetail/6851101293541477647", "digg_count": 4242, "digg_incr": 3075, "aweme_create_time": 1595146328, "category": 6, "volume": 0, "amount": 0}, "author": {"author_id": "105346235690", "nickname": "糯米佳佳QvQ", "follower_count": 519526}}, {"aweme": {"aweme_id": "6849970546923293965", "aweme_title": "你有经历过这么残酷的面试吗？ #星猫文创  @我叫星猫  @星猫广场", "aweme_url": "https://www.iesdouyin.com/share/video/6849970546923293965/?region=CN&mid=6849970659821406990&u_code=0&titleType=title", "download_url": "https://www.chanmama.com/awemeDetail/6849970546923293965", "digg_count": 3259, "digg_incr": 3026, "aweme_create_time": 1595118600, "category": 6, "volume": 0, "amount": 0}, "author": {"author_id": "62799741605", "nickname": "星猫文创", "follower_count": 35036}}, {"aweme": {"aweme_id": "6851059146817555720", "aweme_title": "五年了，终于买对了一个玩具，从天亮钓到天黑，也不看手机了#玩具", "aweme_url": "https://www.iesdouyin.com/share/video/6851059146817555720/?region=CN&mid=6851059234755382029&u_code=0&titleType=title", "download_url": "https://www.chanmama.com/awemeDetail/6851059146817555720", "digg_count": 5901, "digg_incr": 2962, "aweme_create_time": 1595136535, "category": 6, "volume": 309, "amount": 15419.1}, "author": {"author_id": "3117864116037534", "nickname": "小胖老师🐷", "follower_count": 198484}}, {"aweme": {"aweme_id": "6851023651622538509", "aweme_title": "鲨鱼哥智商上线，识破伪装术#动画 #动漫#热门 #搞笑视频 #轻漫计划 #充能计划 #卡通秀场", "aweme_url": "https://www.iesdouyin.com/share/video/6851023651622538509/?region=CN&mid=6851023673135041293&u_code=0&titleType=title", "download_url": "https://www.chanmama.com/awemeDetail/6851023651622538509", "digg_count": 4708, "digg_incr": 2865, "aweme_create_time": 1595128250, "category": 6, "volume": 0, "amount": 0}, "author": {"author_id": "254709231008632", "nickname": "卡通秀场（CartoonShow）", "follower_count": 118889}}, {"aweme": {"aweme_id": "6851017332979010820", "aweme_title": "俺，参上！电王开箱，双形态好玩#宅物 #充能计划 #假面骑士 #电王 #开箱测评 #搞点美食717", "aweme_url": "https://www.iesdouyin.com/share/video/6851017332979010820/?region=CN&mid=6851017361768712967&u_code=3e536eh42gd3&titleType=title", "download_url": "https://www.chanmama.com/awemeDetail/6851017332979010820", "digg_count": 3445, "digg_incr": 2859, "aweme_create_time": 1595126785, "category": 6, "volume": 1, "amount": 186}, "author": {"author_id": "100656575354", "nickname": "胶佬大王（高达模型）", "follower_count": 88029}}, {"aweme": {"aweme_id": "6851120387397340420", "aweme_title": "@萍萍美容店发了一个抖音短视频，你尽管点开，不好看算我输！", "aweme_url": "https://www.iesdouyin.com/share/video/6851120387397340420/?region=CN&mid=6851120427318676238&u_code=0&titleType=", "download_url": "https://www.chanmama.com/awemeDetail/6851120387397340420", "digg_count": 3241, "digg_incr": 2776, "aweme_create_time": 1595150781, "category": 6, "volume": 22, "amount": 616}, "author": {"author_id": "96304590408", "nickname": "萍萍美容店", "follower_count": 108238}}, {"aweme": {"aweme_id": "6850998497106218240", "aweme_title": "一胎照书养，二胎照猪养，哥哥小时候认真做各种辅食都不吃，追着喂，生了妹妹没放心上，吃饭很省心，做什么都爱吃", "aweme_url": "https://www.iesdouyin.com/share/video/6850998497106218240/?region=CN&mid=6850998523035486983&u_code=0&titleType=title", "download_url": "https://www.chanmama.com/awemeDetail/6850998497106218240", "digg_count": 3862, "digg_incr": 2690, "aweme_create_time": 1595128399, "category": 6, "volume": 0, "amount": 0}, "author": {"author_id": "58619781823", "nickname": "蛋糕麻麻", "follower_count": 887239}}, {"aweme": {"aweme_id": "6850968516720397582", "aweme_title": "即使没有看过动漫的人 都会非常喜欢这个黄色的萌物 甚至很多男生都拒绝不了皮卡丘#dou上热门 @DOU+小助手", "aweme_url": "https://www.iesdouyin.com/share/video/6850968516720397582/?region=CN&mid=6850968477788867335&u_code=1gb2j0jml6aj&titleType=title", "download_url": "https://www.chanmama.com/awemeDetail/6850968516720397582", "digg_count": 2872, "digg_incr": 2620, "aweme_create_time": 1595115417, "category": 6, "volume": 31, "amount": 899}, "author": {"author_id": "96583419701", "nickname": "吉吉熊公仔玩具礼品", "follower_count": 83273}}, {"aweme": {"aweme_id": "6851087389050424589", "aweme_title": "积食舌苔重，频繁夜醒的宝宝，一定要试试炒小米苹果红枣米糊！便蜜，脾胃不好吃三天就能看到效果啦😘喝汤碗用上啦", "aweme_url": "https://www.iesdouyin.com/share/video/6851087389050424589/?region=CN&mid=6851087393030998798&u_code=e9jhgfcidha&titleType=title", "download_url": "https://www.chanmama.com/awemeDetail/6851087389050424589", "digg_count": 2890, "digg_incr": 2434, "aweme_create_time": 1595143091, "category": 6, "volume": 0, "amount": 0}, "author": {"author_id": "79580156565", "nickname": "晴格格👩(曼曼妈咪)", "follower_count": 22600}}, {"aweme": {"aweme_id": "6851165605999955215", "aweme_title": "只要胆子够大，就没有撩不到的妞🧐#礼物 #甜甜的恋爱", "aweme_url": "https://www.iesdouyin.com/share/video/6851165605999955215/?region=CN&mid=6838518831309572872&u_code=0&titleType=title", "download_url": "https://www.chanmama.com/awemeDetail/6851165605999955215", "digg_count": 2534, "digg_incr": 2283, "aweme_create_time": 1595161300, "category": 6, "volume": 42, "amount": 1350.8999999999999}, "author": {"author_id": "2576908635085296", "nickname": "猫仙人💕", "follower_count": 8116}}, {"aweme": {"aweme_id": "6851179970660748547", "aweme_title": "毛毛虫真好看，哪里有洞哪里钻🐛遥控电动小恶魔#整蛊毛毛虫 #大嘴的沙雕日常", "aweme_url": "https://www.iesdouyin.com/share/video/6851179970660748547/?region=CN&mid=6851180009123121927&u_code=0&titleType=title", "download_url": "https://www.chanmama.com/awemeDetail/6851179970660748547", "digg_count": 2125, "digg_incr": 2125, "aweme_create_time": 1595164650, "category": 6, "volume": 0, "amount": 0}, "author": {"author_id": "4481245720886315", "nickname": "Big嘴", "follower_count": 101039}}, {"aweme": {"aweme_id": "6851123637567687950", "aweme_title": "绝版#卡游#奥特曼卡片来啦！拆第12弹豪华版！能中捷德尊皇SP卡！#奥特曼卡牌", "aweme_url": "https://www.iesdouyin.com/share/video/6851123637567687950/?region=CN&mid=6851123809870187277&u_code=0&titleType=title", "download_url": "https://www.chanmama.com/awemeDetail/6851123637567687950", "digg_count": 3319, "digg_incr": 2062, "aweme_create_time": 1595151550, "category": 6, "volume": 3, "amount": 74.69999999999999}, "author": {"author_id": "76497026965", "nickname": "奥特曼卡片柚子爸", "follower_count": 445409}}, {"aweme": {"aweme_id": "6851134879170710799", "aweme_title": "@抖音小助手 @DOU+小助手 #717抖音奇妙好物市集", "aweme_url": "https://www.iesdouyin.com/share/video/6851134879170710799/?region=CN&mid=6851134898351229703&u_code=3g7mbkclj1kf&titleType=title", "download_url": "https://www.chanmama.com/awemeDetail/6851134879170710799", "digg_count": 2837, "digg_incr": 2005, "aweme_create_time": 1595154147, "category": 6, "volume": 573, "amount": 5672.7}, "author": {"author_id": "62235745471", "nickname": "熹金电子商务有限公司", "follower_count": 340047}}, {"aweme": {"aweme_id": "6850985475688189184", "aweme_title": "再也回不去的童年，多陪陪孩子，陪伴是最长情的告白#明天你好 #手势舞 #热门@抖音小助手", "aweme_url": "https://www.iesdouyin.com/share/video/6850985475688189184/?region=CN&mid=6760557702797183751&u_code=0&titleType=title", "download_url": "https://www.chanmama.com/awemeDetail/6850985475688189184", "digg_count": 2719, "digg_incr": 1950, "aweme_create_time": 1595119363, "category": 6, "volume": 0, "amount": 0}, "author": {"author_id": "105783294138", "nickname": "小妮妮", "follower_count": 52773}}, {"aweme": {"aweme_id": "6851102735056538887", "aweme_title": "#手工 #手作 #手办 #游戏#王者荣耀 #大乔#粘土#充能计划 #宅物 能认出是谁吗？下期头发制作", "aweme_url": "https://www.iesdouyin.com/share/video/6851102735056538887/?region=CN&mid=6800653543096322828&u_code=0&titleType=title", "download_url": "https://www.chanmama.com/awemeDetail/6851102735056538887", "digg_count": 6073, "digg_incr": 1922, "aweme_create_time": 1595146663, "category": 6, "volume": 0, "amount": 0}, "author": {"author_id": "76773942072", "nickname": "玩粘土的喵十柒", "follower_count": 203266}}, {"aweme": {"aweme_id": "6851173474984119565", "aweme_title": "奶瓶都不想洗了。给宝宝换了吸管杯喝水喝奶，带刻度泡乃很方便，316不锈钢，拿掉吸管就是敞口杯#直播中", "aweme_url": "https://www.iesdouyin.com/share/video/6851173474984119565/?region=CN&mid=6828483467504831239&u_code=0&titleType=title", "download_url": "https://www.chanmama.com/awemeDetail/6851173474984119565", "digg_count": 9076, "digg_incr": 1877, "aweme_create_time": 1595163133, "category": 6, "volume": 0, "amount": 0}, "author": {"author_id": "2805541521602919", "nickname": "小团宝麻麻", "follower_count": 151939}}, {"aweme": {"aweme_id": "6850990747278134528", "aweme_title": "#充能计划 #宅物 #沙雕  #魔性摇摆头玄凤：合着我是黄焖鸡？？", "aweme_url": "https://www.iesdouyin.com/share/video/6850990747278134528/?region=CN&mid=6841114246999264014&u_code=0&titleType=title", "download_url": "https://www.chanmama.com/awemeDetail/6850990747278134528", "digg_count": 4653, "digg_incr": 1851, "aweme_create_time": 1595120590, "category": 6, "volume": 14, "amount": 42}, "author": {"author_id": "89105085774", "nickname": "硬核猫娘ServalCraft", "follower_count": 15652}}, {"aweme": {"aweme_id": "6851154826089205007", "aweme_title": "整那贵的干啥？这不都挺好使的嘛", "aweme_url": "https://www.iesdouyin.com/share/video/6851154826089205007/?region=CN&mid=6851154839578512136&u_code=0&titleType=title", "download_url": "https://www.chanmama.com/awemeDetail/6851154826089205007", "digg_count": 3553, "digg_incr": 1821, "aweme_create_time": 1595158790, "category": 6, "volume": 0, "amount": 0}, "author": {"author_id": "62748036709", "nickname": "叫我忙妈", "follower_count": 436172}}, {"aweme": {"aweme_id": "6851154991403502848", "aweme_title": "十年内我要把🇨🇳童鞋打造成世界品牌，用传承几代人的时间打造下一个百年品牌，让大家知道什么叫中国制造！！", "aweme_url": "https://www.iesdouyin.com/share/video/6851154991403502848/?region=CN&mid=6851155009334233869&u_code=0&titleType=title", "download_url": "https://www.chanmama.com/awemeDetail/6851154991403502848", "digg_count": 4833, "digg_incr": 1793, "aweme_create_time": 1595158829, "category": 6, "volume": 4, "amount": 259.6}, "author": {"author_id": "75446941132", "nickname": "贝贝聪.童鞋优选", "follower_count": 516716}}, {"aweme": {"aweme_id": "6851022850778811648", "aweme_title": "姐姐们  帮帮忙吧", "aweme_url": "https://www.iesdouyin.com/share/video/6851022850778811648/?region=CN&mid=6848926389177944836&u_code=4f4kg848cjm&titleType=title", "download_url": "https://www.chanmama.com/awemeDetail/6851022850778811648", "digg_count": 1753, "digg_incr": 1753, "aweme_create_time": 1595128063, "category": 6, "volume": 1, "amount": 14.6}, "author": {"author_id": "4124966380373767", "nickname": "暖哥老弟", "follower_count": 67073}}, {"aweme": {"aweme_id": "6850948955400981775", "aweme_title": "睡不着，5:00起来跑步。早上的空气特别好。", "aweme_url": "https://www.iesdouyin.com/share/video/6850948955400981775/?region=CN&mid=6834078949820222216&u_code=0&titleType=title", "download_url": "https://www.chanmama.com/awemeDetail/6850948955400981775", "digg_count": 2224, "digg_incr": 1742, "aweme_create_time": 1595110870, "category": 6, "volume": 0, "amount": 0}, "author": {"author_id": "104795294779", "nickname": "吴三姐", "follower_count": 128712}}, {"aweme": {"aweme_id": "6851157524029263118", "aweme_title": "斜边露肩设计上衣加上高腰短裙 时尚洋气又舒适 #穿搭 @DOU+小助手", "aweme_url": "https://www.iesdouyin.com/share/video/6851157524029263118/?region=CN&mid=6851157611832675086&u_code=2426m56941ia&titleType=title", "download_url": "https://www.chanmama.com/awemeDetail/6851157524029263118", "digg_count": 2149, "digg_incr": 1660, "aweme_create_time": 1595159441, "category": 6, "volume": 92, "amount": 4508}, "author": {"author_id": "62594186718", "nickname": "小魔女时尚穿搭", "follower_count": 202037}}, {"aweme": {"aweme_id": "6850997263049755904", "aweme_title": "整蛊创意遥控电动毛毛虫玩具#沙雕日常", "aweme_url": "https://www.iesdouyin.com/share/video/6850997263049755904/?region=CN&mid=6850997255803898637&u_code=lekglfjabb3&titleType=title", "download_url": "https://www.chanmama.com/awemeDetail/6850997263049755904", "digg_count": 3307, "digg_incr": 1653, "aweme_create_time": 1595122107, "category": 6, "volume": 8, "amount": 296}, "author": {"author_id": "1468584475504192", "nickname": "沙雕沙雕沙雕", "follower_count": 321375}}, {"aweme": {"aweme_id": "6850987995500154112", "aweme_title": "亲亲嘴💋💋💋💋", "aweme_url": "https://www.iesdouyin.com/share/video/6850987995500154112/?region=CN&mid=6850988157547055876&u_code=2kf52kj9m7c2&titleType=title", "download_url": "https://www.chanmama.com/awemeDetail/6850987995500154112", "digg_count": 3094, "digg_incr": 1508, "aweme_create_time": 1595119966, "category": 6, "volume": 0, "amount": 0}, "author": {"author_id": "4503615901934184", "nickname": "闫帅和丸子头", "follower_count": 513110}}, {"aweme": {"aweme_id": "6851026099179212043", "aweme_title": "可恶的蚊子🦟无处不在，给宝宝咬的心疼❤特别感谢这个清凉膏，蚊虫叮咬不适的地方擦一擦清凉舒适，一会就好了", "aweme_url": "https://www.iesdouyin.com/share/video/6851026099179212043/?region=CN&mid=6797335010681572109&u_code=0&titleType=title", "download_url": "https://www.chanmama.com/awemeDetail/6851026099179212043", "digg_count": 2096, "digg_incr": 1460, "aweme_create_time": 1595128827, "category": 6, "volume": 5, "amount": 199.5}, "author": {"author_id": "2928730058000356", "nickname": "乖乖麻麻", "follower_count": 22728}}, {"aweme": {"aweme_id": "6851037152910871823", "aweme_title": "选择我吧。#雷狮 #喵屋小铺 #cos #凹凸世界 @DOU+小助手 @抖音小助手 上衣→@喵屋小铺", "aweme_url": "https://www.iesdouyin.com/share/video/6851037152910871823/?region=CN&mid=6813625850177538819&u_code=0&titleType=title", "download_url": "https://www.chanmama.com/awemeDetail/6851037152910871823", "digg_count": 1953, "digg_incr": 1446, "aweme_create_time": 1595131393, "category": 6, "volume": 0, "amount": 0}, "author": {"author_id": "61710772465", "nickname": "萧晋淮", "follower_count": 60721}}, {"aweme": {"aweme_id": "6851081426268474639", "aweme_title": "今天去产检，医生说我顺产指数五颗星🌟还说我这套衣服很适合产检，很好看，谢谢白衣天使！#孕妇 #穿搭 #孕期", "aweme_url": "https://www.iesdouyin.com/share/video/6851081426268474639/?region=CN&mid=6837461474225736462&u_code=2a10mmcllkcl&titleType=title", "download_url": "https://www.chanmama.com/awemeDetail/6851081426268474639", "digg_count": 2326, "digg_incr": 1441, "aweme_create_time": 1595141702, "category": 6, "volume": 19, "amount": 1672}, "author": {"author_id": "2598887917629453", "nickname": "大肚皮辣妈", "follower_count": 208415}}, {"aweme": {"aweme_id": "6851182424924179727", "aweme_title": "@抖音小助手 @DOU+小助手 12个花朵夹子，很漂亮 仙女本仙", "aweme_url": "https://www.iesdouyin.com/share/video/6851182424924179727/?region=CN&mid=6851182440089127688&u_code=2fmi0d7f5c4d&titleType=title", "download_url": "https://www.chanmama.com/awemeDetail/6851182424924179727", "digg_count": 1715, "digg_incr": 1332, "aweme_create_time": 1595165217, "category": 6, "volume": 103, "amount": 1019.7}, "author": {"author_id": "62235745471", "nickname": "熹金电子商务有限公司", "follower_count": 340047}}, {"aweme": {"aweme_id": "6851088561194700045", "aweme_title": "远离海带珍爱身上每一斤脂肪@DOU+小助手 #717奇妙好物在这里 #717抖音奇妙好物市集", "aweme_url": "https://www.iesdouyin.com/share/video/6851088561194700045/?region=CN&mid=6762380207656864526&u_code=0&titleType=title", "download_url": "https://www.chanmama.com/awemeDetail/6851088561194700045", "digg_count": 1946, "digg_incr": 1316, "aweme_create_time": 1595143364, "category": 6, "volume": 194, "amount": 3860.6}, "author": {"author_id": "76049885129", "nickname": "阿明国际", "follower_count": 23807}}, {"aweme": {"aweme_id": "6851148000631229703", "aweme_title": "今天我请客，请你喜欢我。#独角兽  #毛绒玩具  #上热门  #抖音小助手", "aweme_url": "https://www.iesdouyin.com/share/video/6851148000631229703/?region=CN&mid=6851148270748568327&u_code=0&titleType=title", "download_url": "https://www.chanmama.com/awemeDetail/6851148000631229703", "digg_count": 1766, "digg_incr": 1308, "aweme_create_time": 1595157264, "category": 6, "volume": 0, "amount": 0}, "author": {"author_id": "681306720570359", "nickname": "暖暖姐姐毛绒玩具", "follower_count": 64170}}, {"aweme": {"aweme_id": "6851107014165286158", "aweme_title": "#吃鸡 试玩魔改M416箱包玩具枪，手提箱也能发射水弹，内藏机关#特工", "aweme_url": "https://www.iesdouyin.com/share/video/6851107014165286158/?region=CN&mid=6851107170197818126&u_code=0&titleType=title", "download_url": "https://www.chanmama.com/awemeDetail/6851107014165286158", "digg_count": 2086, "digg_incr": 1277, "aweme_create_time": 1595147683, "category": 6, "volume": 0, "amount": 0}, "author": {"author_id": "70924925383", "nickname": "鹿子也的玩具屋（今晚八点直播）", "follower_count": 786689}}, {"aweme": {"aweme_id": "6850957572795665668", "aweme_title": "都说时间会摧毁一切，可我喜欢的依然是你～毛毛虫多款颜色可选#毛毛虫 ，@抖音小助手 ，@DOU+小助手", "aweme_url": "https://www.iesdouyin.com/share/video/6850957572795665668/?region=CN&mid=6618734063077460739&u_code=0&titleType=title", "download_url": "https://www.chanmama.com/awemeDetail/6850957572795665668", "digg_count": 1314, "digg_incr": 1255, "aweme_create_time": 1595112892, "category": 6, "volume": 2, "amount": 98}, "author": {"author_id": "67773512691", "nickname": "永发玩具官方旗舰店", "follower_count": 265384}}, {"aweme": {"aweme_id": "6850992487146753293", "aweme_title": "宝宝刚出生就可以用的手工抱被，大家觉得准备几个比较合适！#抱被 #孕晚期倒计时 #孕妈 #孕妈妈", "aweme_url": "https://www.iesdouyin.com/share/video/6850992487146753293/?region=CN&mid=6535280771647671054&u_code=0&titleType=title", "download_url": "https://www.chanmama.com/awemeDetail/6850992487146753293", "digg_count": 2557, "digg_incr": 1253, "aweme_create_time": 1595120995, "category": 6, "volume": 3, "amount": 264}, "author": {"author_id": "95359686594", "nickname": "行行妈", "follower_count": 50403}}, {"aweme": {"aweme_id": "6851066458890341639", "aweme_title": "刚上架就mai疯了，年前一千多米，现在直播间处理只要100多米，品质保证！闺蜜155斤也留了 正在直播🀄️", "aweme_url": "https://www.iesdouyin.com/share/video/6851066458890341639/?region=CN&mid=6800622550738569992&u_code=0&titleType=title", "download_url": "https://www.chanmama.com/awemeDetail/6851066458890341639", "digg_count": 1285, "digg_incr": 1240, "aweme_create_time": 1595138217, "category": 6, "volume": 0, "amount": 0}, "author": {"author_id": "68038639837", "nickname": "冬青家羽绒服工厂店", "follower_count": 15834}}, {"aweme": {"aweme_id": "6850873022853795086", "aweme_title": "时尚印花上衣来咯 面料舒适透气 搭配一条短裤或短裙都可以哦 很百搭的款#穿搭@DOU+小助手", "aweme_url": "https://www.iesdouyin.com/share/video/6850873022853795086/?region=CN&mid=6850873619342773006&u_code=27l4heb5la4b&titleType=title", "download_url": "https://www.chanmama.com/awemeDetail/6850873022853795086", "digg_count": 1264, "digg_incr": 1223, "aweme_create_time": 1595105760, "category": 6, "volume": 138, "amount": 6762}, "author": {"author_id": "62594186718", "nickname": "小魔女时尚穿搭", "follower_count": 202037}}, {"aweme": {"aweme_id": "6851039336767507712", "aweme_title": "我你都不爱，那你爱什么？爱奇艺吗？#Maria #jk制服 @抖音小助手", "aweme_url": "https://www.iesdouyin.com/share/video/6851039336767507712/?region=CN&mid=6843607089181362177&u_code=0&titleType=title", "download_url": "https://www.chanmama.com/awemeDetail/6851039336767507712", "digg_count": 2022, "digg_incr": 1170, "aweme_create_time": 1595131902, "category": 6, "volume": 7, "amount": 546}, "author": {"author_id": "69466045052", "nickname": "川岛松子_", "follower_count": 104024}}, {"aweme": {"aweme_id": "6851023505820093711", "aweme_title": "姐姐  帮帮忙吧", "aweme_url": "https://www.iesdouyin.com/share/video/6851023505820093711/?region=CN&mid=6848925650737171211&u_code=4f4kg848cjm&titleType=title", "download_url": "https://www.chanmama.com/awemeDetail/6851023505820093711", "digg_count": 1150, "digg_incr": 1150, "aweme_create_time": 1595128216, "category": 6, "volume": 0, "amount": 0}, "author": {"author_id": "4124966380373767", "nickname": "暖哥老弟", "follower_count": 67073}}, {"aweme": {"aweme_id": "6851070501310221568", "aweme_title": "可爱毛毛虫～清爽夏季，人总在睡前想些念念不忘的东西，别错过@抖音小助手 @Dou热门", "aweme_url": "https://www.iesdouyin.com/share/video/6851070501310221568/?region=CN&mid=6851070466435009293&u_code=0&titleType=title", "download_url": "https://www.chanmama.com/awemeDetail/6851070501310221568", "digg_count": 1164, "digg_incr": 1138, "aweme_create_time": 1595139158, "category": 6, "volume": 1, "amount": 46}, "author": {"author_id": "734093366791771", "nickname": "大鹏毛绒玩具", "follower_count": 47190}}, {"aweme": {"aweme_id": "6850987081053850895", "aweme_title": "生日晏会上玩嗨了💕💕💕", "aweme_url": "https://www.iesdouyin.com/share/video/6850987081053850895/?region=CN&mid=6781640576971327490&u_code=23fc758dcd3h&titleType=title", "download_url": "https://www.chanmama.com/awemeDetail/6850987081053850895", "digg_count": 1585, "digg_incr": 1130, "aweme_create_time": 1595119755, "category": 6, "volume": 0, "amount": 0}, "author": {"author_id": "4503615901934184", "nickname": "闫帅和丸子头", "follower_count": 513110}}, {"aweme": {"aweme_id": "6851035319060434176", "aweme_title": "小时候为了要这个尺子，哭了好几天，还挨了一顿揍😂😂😂", "aweme_url": "https://www.iesdouyin.com/share/video/6851035319060434176/?region=CN&mid=6851035328875170568&u_code=0&titleType=title", "download_url": "https://www.chanmama.com/awemeDetail/6851035319060434176", "digg_count": 1491, "digg_incr": 1130, "aweme_create_time": 1595130966, "category": 6, "volume": 6, "amount": 210}, "author": {"author_id": "65598436495", "nickname": "家有小可爱", "follower_count": 868743}}, {"aweme": {"aweme_id": "6850998756347858179", "aweme_title": "每天玩十分钟，孩子专注力越来越集中 #家有萌娃 #运动 #亲子 #夏天还能这么玩 @抖音小助手", "aweme_url": "https://www.iesdouyin.com/share/video/6850998756347858179/?region=CN&mid=6801312431785364237&u_code=0&titleType=title", "download_url": "https://www.chanmama.com/awemeDetail/6850998756347858179", "digg_count": 3498, "digg_incr": 1110, "aweme_create_time": 1595122463, "category": 6, "volume": 45, "amount": 756}, "author": {"author_id": "408672372260957", "nickname": "园长妈妈", "follower_count": 927609}}, {"aweme": {"aweme_id": "6851131179739974915", "aweme_title": "可爱的领子 好看的身材 爱了爱了", "aweme_url": "https://www.iesdouyin.com/share/video/6851131179739974915/?region=CN&mid=6810984652237441031&u_code=3570gl23l2e0&titleType=title", "download_url": "https://www.chanmama.com/awemeDetail/6851131179739974915", "digg_count": 1358, "digg_incr": 1103, "aweme_create_time": 1595153292, "category": 6, "volume": 60, "amount": 4194}, "author": {"author_id": "4226143878129484", "nickname": "一只樱桃服装", "follower_count": 360316}}, {"aweme": {"aweme_id": "6851146166327889163", "aweme_title": "U型螺丝，你们要的解锁视频来了，和你想的一样吗😉#矮油物趣 #烧脑 #解锁玩具 @抖音小助手", "aweme_url": "https://www.iesdouyin.com/share/video/6851146166327889163/?region=CN&mid=6851146229553236744&u_code=0&titleType=title", "download_url": "https://www.chanmama.com/awemeDetail/6851146166327889163", "digg_count": 1954, "digg_incr": 1087, "aweme_create_time": 1595156780, "category": 6, "volume": 0, "amount": 0}, "author": {"author_id": "294305426318215", "nickname": "矮油物趣", "follower_count": 551558}}, {"aweme": {"aweme_id": "6850977674672852228", "aweme_title": "如何用手机给双子座宝贝拍照？@Kyocera #手机拍萌娃 #双子座", "aweme_url": "https://www.iesdouyin.com/share/video/6850977674672852228/?region=CN&mid=6850977720281647885&u_code=0&titleType=title", "download_url": "https://www.chanmama.com/awemeDetail/6850977674672852228", "digg_count": 1087, "digg_incr": 1082, "aweme_create_time": 1595117559, "category": 6, "volume": 0, "amount": 0}, "author": {"author_id": "2946294537268639", "nickname": "苗苗MuMu", "follower_count": 32431}}, {"aweme": {"aweme_id": "6851002986198551823", "aweme_title": "100个钢镚在玩偶店能拿到几个玩偶？#717奇妙好物在这里 @DOU+小助手 @抖音小助手 #热门", "aweme_url": "https://www.iesdouyin.com/share/video/6851002986198551823/?region=CN&mid=6851002986157296391&u_code=0&titleType=title", "download_url": "https://www.chanmama.com/awemeDetail/6851002986198551823", "digg_count": 1074, "digg_incr": 1063, "aweme_create_time": 1595123439, "category": 6, "volume": 5, "amount": 499}, "author": {"author_id": "59200171449", "nickname": "保定菲菲毛绒玩具", "follower_count": 197832}}, {"aweme": {"aweme_id": "6851090839624486151", "aweme_title": "终于等到太阳了！今天拆了条绿绿的格子出去玩~#jk制服 #充能计划", "aweme_url": "https://www.iesdouyin.com/share/video/6851090839624486151/?region=CN&mid=6851090941526838023&u_code=0&titleType=title", "download_url": "https://www.chanmama.com/awemeDetail/6851090839624486151", "digg_count": 1371, "digg_incr": 1062, "aweme_create_time": 1595143917, "category": 6, "volume": 0, "amount": 0}, "author": {"author_id": "104130780251", "nickname": "吃土少女川川", "follower_count": 63671}}, {"aweme": {"aweme_id": "6850980580914400527", "aweme_title": "五脏最大的反射区在背部。夏天开背#排寒祛湿 #通经络#背薄一寸瘦延十年。先抹油再推哦", "aweme_url": "https://www.iesdouyin.com/share/video/6850980580914400527/?region=CN&mid=6847047285164002055&u_code=0&titleType=title", "download_url": "https://www.chanmama.com/awemeDetail/6850980580914400527", "digg_count": 1275, "digg_incr": 1061, "aweme_create_time": 1595118224, "category": 6, "volume": 34, "amount": 1326}, "author": {"author_id": "3649980250199719", "nickname": "宣亦", "follower_count": 87649}}, {"aweme": {"aweme_id": "6851018340660464910", "aweme_title": "#lolita #lo娘 如果你喜欢小众的东西，那就不要在意大众的眼光～", "aweme_url": "https://www.iesdouyin.com/share/video/6851018340660464910/?region=CN&mid=6835804803315092231&u_code=0&titleType=title", "download_url": "https://www.chanmama.com/awemeDetail/6851018340660464910", "digg_count": 1442, "digg_incr": 1044, "aweme_create_time": 1595127013, "category": 6, "volume": 0, "amount": 0}, "author": {"author_id": "1521342585771959", "nickname": "睡前童话原创设计", "follower_count": 19301}}, {"aweme": {"aweme_id": "6851116181672283403", "aweme_title": "谁发明这个仿真小鸡🐥，一开始我以为是真的，宝宝居然跟着后面捉！还可以锻炼手眼灵活力", "aweme_url": "https://www.iesdouyin.com/share/video/6851116181672283403/?region=CN&mid=6851116218204949256&u_code=0&titleType=title", "download_url": "https://www.chanmama.com/awemeDetail/6851116181672283403", "digg_count": 1112, "digg_incr": 1043, "aweme_create_time": 1595149801, "category": 6, "volume": 0, "amount": 0}, "author": {"author_id": "1385033795110456", "nickname": "慧姐金牌月嫂", "follower_count": 106529}}, {"aweme": {"aweme_id": "6851077821020785920", "aweme_title": "男士理发店💈", "aweme_url": "https://www.iesdouyin.com/share/video/6851077821020785920/?region=CN&mid=6851077825127140109&u_code=0&titleType=title", "download_url": "https://www.chanmama.com/awemeDetail/6851077821020785920", "digg_count": 1234, "digg_incr": 1025, "aweme_create_time": 1595140863, "category": 6, "volume": 7, "amount": 623}, "author": {"author_id": "58861093807", "nickname": "阿龙造型", "follower_count": 86901}}, {"aweme": {"aweme_id": "6851058552795172111", "aweme_title": "“如果你家小公主不听话，那么请用这把🔫堵住他的嘴”#礼物 #甜甜的恋爱", "aweme_url": "https://www.iesdouyin.com/share/video/6851058552795172111/?region=CN&mid=6838518831309572872&u_code=3k3k77faa79l&titleType=title", "download_url": "https://www.chanmama.com/awemeDetail/6851058552795172111", "digg_count": 1233, "digg_incr": 1017, "aweme_create_time": 1595136376, "category": 6, "volume": 18, "amount": 549.9}, "author": {"author_id": "2576908635085296", "nickname": "猫仙人💕", "follower_count": 8114}}, {"aweme": {"aweme_id": "6851069539862596864", "aweme_title": "森宝川崎摩托车#礼物 #乐高 #好物推荐 #积木 #玩具 #机车 #摩托车 #测评 #种草", "aweme_url": "https://www.iesdouyin.com/share/video/6851069539862596864/?region=CN&mid=6851069555962284813&u_code=0&titleType=title", "download_url": "https://www.chanmama.com/awemeDetail/6851069539862596864", "digg_count": 1571, "digg_incr": 1014, "aweme_create_time": 1595138935, "category": 6, "volume": 4, "amount": 516}, "author": {"author_id": "2590073465079757", "nickname": "积木啊喂🤔", "follower_count": 110580}}, {"aweme": {"aweme_id": "6851160671896341760", "aweme_title": "“如果你的女朋友不听话，那么请用这把🔫堵住她的嘴巴”#甜甜的恋爱", "aweme_url": "https://www.iesdouyin.com/share/video/6851160671896341760/?region=CN&mid=6851160673796672264&u_code=0&titleType=title", "download_url": "https://www.chanmama.com/awemeDetail/6851160671896341760", "digg_count": 1028, "digg_incr": 1007, "aweme_create_time": 1595160152, "category": 6, "volume": 5, "amount": 124.5}, "author": {"author_id": "993582376569502", "nickname": "酷酷的L.✔︎", "follower_count": 33789}}, {"aweme": {"aweme_id": "6851120190617341195", "aweme_title": "再次谢谢大家帮我砍的小度😉收到啦，孩子很高兴😀🤗🤗", "aweme_url": "https://www.iesdouyin.com/share/video/6851120190617341195/?region=CN&mid=6851120285585050375&u_code=m1f8fefgge8&titleType=title", "download_url": "https://www.chanmama.com/awemeDetail/6851120190617341195", "digg_count": 1006, "digg_incr": 972, "aweme_create_time": 1595150735, "category": 6, "volume": 17, "amount": 1683}, "author": {"author_id": "63837544729", "nickname": "🐷不要再做乖女孩🐷", "follower_count": 307604}}, {"aweme": {"aweme_id": "6851050825876327693", "aweme_title": "好心的拜拜 聪明的喳喳#直播 粉丝锁定周六下午四点半@舞法天女", "aweme_url": "https://www.iesdouyin.com/share/video/6851050825876327693/?region=CN&mid=6851050848433261325&u_code=0&titleType=title", "download_url": "https://www.chanmama.com/awemeDetail/6851050825876327693", "digg_count": 1179, "digg_incr": 928, "aweme_create_time": 1595134577, "category": 6, "volume": 0, "amount": 0}, "author": {"author_id": "3214609774019579", "nickname": "天女国度", "follower_count": 42228}}, {"aweme": {"aweme_id": "6851074966385904910", "aweme_title": "一岁以后的宝宝如果看过洞洞书  那这种推拉书就很有趣了 每一页都有不同的机关场景#机关书#亲子阅读", "aweme_url": "https://www.iesdouyin.com/share/video/6851074966385904910/?region=CN&mid=6621333707418667780&u_code=0&titleType=title", "download_url": "https://www.chanmama.com/awemeDetail/6851074966385904910", "digg_count": 1157, "digg_incr": 904, "aweme_create_time": 1595140198, "category": 6, "volume": 0, "amount": 0}, "author": {"author_id": "101388188841", "nickname": "小猕麻麻", "follower_count": 335289}}, {"aweme": {"aweme_id": "6851008675620900109", "aweme_title": "大学以后流的泪，都是报志愿脑子进的水#高考 #高考志愿填报 #大学", "aweme_url": "https://www.iesdouyin.com/share/video/6851008675620900109/?region=CN&mid=6842299226601310215&u_code=0&titleType=title", "download_url": "https://www.chanmama.com/awemeDetail/6851008675620900109", "digg_count": 1105, "digg_incr": 884, "aweme_create_time": 1595124763, "category": 6, "volume": 5, "amount": 990}, "author": {"author_id": "110099523531", "nickname": "升学规划靳小强-掌上志愿", "follower_count": 142656}}, {"aweme": {"aweme_id": "6851183552239832320", "aweme_title": "1.4号佩琪六个月加辅食，乃粉喂养弟一口吃的小皮很细腻，便携乃粉盒还可以装米粉，密封不受潮今7.9米秒##母婴", "aweme_url": "https://www.iesdouyin.com/share/video/6851183552239832320/?region=CN&mid=6851183552570329870&u_code=0&titleType=title", "download_url": "https://www.chanmama.com/awemeDetail/6851183552239832320", "digg_count": 1711, "digg_incr": 884, "aweme_create_time": 1595165479, "category": 6, "volume": 0, "amount": 0}, "author": {"author_id": "110119802884", "nickname": "派派麻麻少女心", "follower_count": 31387}}, {"aweme": {"aweme_id": "6851100900073671950", "aweme_title": "我爸爸除了喜欢吃，还喜欢玩，你想跟我爸爸一起玩吗？#717抖音奇妙好物市集", "aweme_url": "https://www.iesdouyin.com/share/video/6851100900073671950/?region=CN&mid=6734531155737051149&u_code=0&titleType=title", "download_url": "https://www.chanmama.com/awemeDetail/6851100900073671950", "digg_count": 1770, "digg_incr": 858, "aweme_create_time": 1595146236, "category": 6, "volume": 0, "amount": 0}, "author": {"author_id": "60737136237", "nickname": "云小云", "follower_count": 247200}}, {"aweme": {"aweme_id": "6850955891458526467", "aweme_title": "Es老板娘戴啥啥🔥，这两条项链都特别百搭#apm第一老板娘 #热门 #项链控 #穿搭 @DOU+小助手", "aweme_url": "https://www.iesdouyin.com/share/video/6850955891458526467/?region=CN&mid=6844677513399438093&u_code=0&titleType=title", "download_url": "https://www.chanmama.com/awemeDetail/6850955891458526467", "digg_count": 1030, "digg_incr": 839, "aweme_create_time": 1595112501, "category": 6, "volume": 18, "amount": 2304}, "author": {"author_id": "2247039940828679", "nickname": "墨琳原创女装", "follower_count": 28364}}, {"aweme": {"aweme_id": "6851006254953893127", "aweme_title": "闺蜜对我说，跟男朋友说要这个，要的是安全感，男朋友会给我买吗#热门 #皮卡丘  @抖音小助手@DOU+小助手", "aweme_url": "https://www.iesdouyin.com/share/video/6851006254953893127/?region=CN&mid=6705075971621390338&u_code=0&titleType=title", "download_url": "https://www.chanmama.com/awemeDetail/6851006254953893127", "digg_count": 1770, "digg_incr": 837, "aweme_create_time": 1595124200, "category": 6, "volume": 2, "amount": 77.8}, "author": {"author_id": "81900125776", "nickname": "旭信玩具", "follower_count": 13448}}, {"aweme": {"aweme_id": "6850990638201130247", "aweme_title": "祝在座各位前程似锦#tfboys #爱出发 #jk", "aweme_url": "https://www.iesdouyin.com/share/video/6850990638201130247/?region=CN&mid=6850990619713374984&u_code=0&titleType=title", "download_url": "https://www.chanmama.com/awemeDetail/6850990638201130247", "digg_count": 1067, "digg_incr": 823, "aweme_create_time": 1595120565, "category": 6, "volume": 2, "amount": 2}, "author": {"author_id": "57978910601", "nickname": "Yuki酱", "follower_count": 94773}}, {"aweme": {"aweme_id": "6851069900971052302", "aweme_title": "八个月的宝宝就可以喝汤喝粥了，三合一吸管碗喝汤喝粥方便，皇宠家的食品级耐高温无异味！下单记得备注！直播进", "aweme_url": "https://www.iesdouyin.com/share/video/6851069900971052302/?region=CN&mid=6548752365426739972&u_code=0&titleType=title", "download_url": "https://www.chanmama.com/awemeDetail/6851069900971052302", "digg_count": 1077, "digg_incr": 799, "aweme_create_time": 1595139018, "category": 6, "volume": 73, "amount": 2044}, "author": {"author_id": "64907638437", "nickname": "👑依诺妈咪👑", "follower_count": 285565}}, {"aweme": {"aweme_id": "6851050682502483207", "aweme_title": "快安排了给长辈们看，照看本宝宝须知，不要乱喂我，不要亲我，不要揪我脸，不要抖我，一看衣服就提醒那种，还有粉色", "aweme_url": "https://www.iesdouyin.com/share/video/6851050682502483207/?region=CN&mid=6851050684503378701&u_code=0&titleType=title", "download_url": "https://www.chanmama.com/awemeDetail/6851050682502483207", "digg_count": 49894, "digg_incr": 779, "aweme_create_time": 1595134544, "category": 6, "volume": 0, "amount": 0}, "author": {"author_id": "1772059426554696", "nickname": "言言麻麻", "follower_count": 52101}}, {"aweme": {"aweme_id": "6851121809375399175", "aweme_title": "看看真正的闺蜜该有的样子。#解压", "aweme_url": "https://www.iesdouyin.com/share/video/6851121809375399175/?region=CN&mid=6806973641876753166&u_code=0&titleType=title", "download_url": "https://www.chanmama.com/awemeDetail/6851121809375399175", "digg_count": 1224, "digg_incr": 759, "aweme_create_time": 1595151104, "category": 6, "volume": 0, "amount": 0}, "author": {"author_id": "4129413337992397", "nickname": "益智小休闲", "follower_count": 141117}}, {"aweme": {"aweme_id": "6850999443240520968", "aweme_title": "二战时期，雪山夜袭敌军运输部队，终于学会土匪的招数了！", "aweme_url": "https://www.iesdouyin.com/share/video/6850999443240520968/?region=CN&mid=6850999612929559304&u_code=0&titleType=title", "download_url": "https://www.chanmama.com/awemeDetail/6850999443240520968", "digg_count": 1016, "digg_incr": 752, "aweme_create_time": 1595122636, "category": 6, "volume": 0, "amount": 0}, "author": {"author_id": "84666714530", "nickname": "游戏解说柚子", "follower_count": 216727}}, {"aweme": {"aweme_id": "6850960368181857543", "aweme_title": "#母婴好物 购买一定记得看清配料表哦", "aweme_url": "https://www.iesdouyin.com/share/video/6850960368181857543/?region=CN&mid=6850960336699673357&u_code=0&titleType=title", "download_url": "https://www.chanmama.com/awemeDetail/6850960368181857543", "digg_count": 1120, "digg_incr": 721, "aweme_create_time": 1595113522, "category": 6, "volume": 0, "amount": 0}, "author": {"author_id": "980388276866439", "nickname": "金金的流水账📚", "follower_count": 50978}}, {"aweme": {"aweme_id": "6851005211629161735", "aweme_title": "特工战士的炫能武器#迷你特工队 #手办 #弗特 #麦克斯 #露西 #赛米 #我的世界", "aweme_url": "https://www.iesdouyin.com/share/video/6851005211629161735/?region=CN&mid=6823191188796115719&u_code=2djli8g9h047&titleType=title", "download_url": "https://www.chanmama.com/awemeDetail/6851005211629161735", "digg_count": 1276, "digg_incr": 691, "aweme_create_time": 1595123957, "category": 6, "volume": 0, "amount": 0}, "author": {"author_id": "1129934350728932", "nickname": "圣际星缘", "follower_count": 482983}}, {"aweme": {"aweme_id": "6851176497420586252", "aweme_title": "老公买的这个玩具彻底的解放了我的双手，会跳舞的小🐔，儿子玩了一个下午了！", "aweme_url": "https://www.iesdouyin.com/share/video/6851176497420586252/?region=CN&mid=6559081971689982727&u_code=0&titleType=title", "download_url": "https://www.chanmama.com/awemeDetail/6851176497420586252", "digg_count": 1071, "digg_incr": 666, "aweme_create_time": 1595163841, "category": 6, "volume": 0, "amount": 0}, "author": {"author_id": "96273454644", "nickname": "元宝麻麻", "follower_count": 553818}}, {"aweme": {"aweme_id": "6851029870621822223", "aweme_title": "预产期7.19 40周依旧稳🤣新生儿刚出生还不能用奶瓶 备了这个神器 刚出生喂水 大了喂辅食 一物多用才19", "aweme_url": "https://www.iesdouyin.com/share/video/6851029870621822223/?region=CN&mid=6823172944551103240&u_code=0&titleType=title", "download_url": "https://www.chanmama.com/awemeDetail/6851029870621822223", "digg_count": 1099, "digg_incr": 637, "aweme_create_time": 1595129698, "category": 6, "volume": 1, "amount": 19}, "author": {"author_id": "104817663494", "nickname": "糖果媽媽（预产期7.19）", "follower_count": 2915}}, {"aweme": {"aweme_id": "6850968320447876359", "aweme_title": "刚怀上你时，家人就对我说去验血，意思是女孩就打掉，我不去理会，坚持把你生下来❤️这么可爱哪里舍得#新生儿", "aweme_url": "https://www.iesdouyin.com/share/video/6850968320447876359/?region=CN&mid=6796603306313206541&u_code=2aaief76l9i5&titleType=title", "download_url": "https://www.chanmama.com/awemeDetail/6850968320447876359", "digg_count": 1446, "digg_incr": 624, "aweme_create_time": 1595115371, "category": 6, "volume": 0, "amount": 0}, "author": {"author_id": "61624584664", "nickname": "潮汕悠悠", "follower_count": 9101}}, {"aweme": {"aweme_id": "6851001952701009156", "aweme_title": "#717抖音奇妙好物市集 #森宝积木 #企业号小助手 在网上买东西当然有风险 但在这里 你是被保障的", "aweme_url": "https://www.iesdouyin.com/share/video/6851001952701009156/?region=CN&mid=6851001969008511757&u_code=0&titleType=title", "download_url": "https://www.chanmama.com/awemeDetail/6851001952701009156", "digg_count": 1499, "digg_incr": 613, "aweme_create_time": 1595123206, "category": 6, "volume": 0, "amount": 0}, "author": {"author_id": "3931477086050302", "nickname": "八九玩具郑州百荣分店", "follower_count": 13626}}, {"aweme": {"aweme_id": "6851126836559203596", "aweme_title": "你们要的跑跳搭详细方法。黑武士和八爪鱼均可以实现。#我的世界 #跑搭", "aweme_url": "https://www.iesdouyin.com/share/video/6851126836559203596/?region=CN&mid=6851126874585123591&u_code=0&titleType=title", "download_url": "https://www.chanmama.com/awemeDetail/6851126836559203596", "digg_count": 1397, "digg_incr": 587, "aweme_create_time": 1595152282, "category": 6, "volume": 0, "amount": 0}, "author": {"author_id": "61011263390", "nickname": "手柄哥子俊", "follower_count": 232252}}, {"aweme": {"aweme_id": "6851146541428755712", "aweme_title": "鞋子卖不好 回家的心情都没有#好物推荐 车上人多好尴尬拍个视频我容易吗#男鞋 #鞋子 #潮鞋 #工厂 #热门", "aweme_url": "https://www.iesdouyin.com/share/video/6851146541428755712/?region=CN&mid=6851146551872506637&u_code=0&titleType=title", "download_url": "https://www.chanmama.com/awemeDetail/6851146541428755712", "digg_count": 1400, "digg_incr": 575, "aweme_create_time": 1595156862, "category": 6, "volume": 23, "amount": 2277}, "author": {"author_id": "329499678092328", "nickname": "牛威小陈的十年", "follower_count": 85152}}, {"aweme": {"aweme_id": "6851078812936047879", "aweme_title": "宝妈们，你们要的早秋套装来咯....... #搭配早秋 #早秋搭配#孕妇装 #孕@DOU+小助手", "aweme_url": "https://www.iesdouyin.com/share/video/6851078812936047879/?region=CN&mid=6851078927989869325&u_code=38695i3l4hjm&titleType=title", "download_url": "https://www.chanmama.com/awemeDetail/6851078812936047879", "digg_count": 1445, "digg_incr": 564, "aweme_create_time": 1595141122, "category": 6, "volume": 0, "amount": 0}, "author": {"author_id": "106584496101", "nickname": "孕妇穿搭记", "follower_count": 648088}}, {"aweme": {"aweme_id": "6851067384195812622", "aweme_title": "小fei猪🐷~ 生活最重要就是开开心心，心里装着小星星，才能做一只幸福的小猪猪～#热门 @抖音小助手", "aweme_url": "https://www.iesdouyin.com/share/video/6851067384195812622/?region=CN&mid=6851067374517013262&u_code=0&titleType=title", "download_url": "https://www.chanmama.com/awemeDetail/6851067384195812622", "digg_count": 1168, "digg_incr": 564, "aweme_create_time": 1595138433, "category": 6, "volume": 0, "amount": 0}, "author": {"author_id": "764880016914110", "nickname": "栎涵公仔优选", "follower_count": 130894}}, {"aweme": {"aweme_id": "6850983576180149504", "aweme_title": "终于跟婆婆统一战线了，给宝买的尿布裤，婆婆说真好，透气吸水还不漏尿，宝宝再也不红屁屁了，居然三天把尿不湿给戒了", "aweme_url": "https://www.iesdouyin.com/share/video/6850983576180149504/?region=CN&mid=6827384612847667982&u_code=3mgb47e23akf&titleType=title", "download_url": "https://www.chanmama.com/awemeDetail/6850983576180149504", "digg_count": 1868, "digg_incr": 549, "aweme_create_time": 1595118921, "category": 6, "volume": 23, "amount": 805}, "author": {"author_id": "782472733524158", "nickname": "伊宝贝爱你哦", "follower_count": 106750}}, {"aweme": {"aweme_id": "6851067712391630088", "aweme_title": "上一个屁股包的视频🔥了 为啥你们都问我杯子 好啦 安排！#不知姓名的c@DOU+小助手", "aweme_url": "https://www.iesdouyin.com/share/video/6851067712391630088/?region=CN&mid=6851067709858695950&u_code=0&titleType=title", "download_url": "https://www.chanmama.com/awemeDetail/6851067712391630088", "digg_count": 1101, "digg_incr": 541, "aweme_create_time": 1595138509, "category": 6, "volume": 0, "amount": 0}, "author": {"author_id": "62712742911", "nickname": "不知姓名的小c", "follower_count": 13930}}, {"aweme": {"aweme_id": "6851017396027788544", "aweme_title": "啦啦啦 你们要的布书来了 选你们需要的选项 差不多几本就够了不需要买太多哈 #布书@抖音小助手", "aweme_url": "https://www.iesdouyin.com/share/video/6851017396027788544/?region=CN&mid=6851017410607155981&u_code=0&titleType=title", "download_url": "https://www.chanmama.com/awemeDetail/6851017396027788544", "digg_count": 1005, "digg_incr": 526, "aweme_create_time": 1595126794, "category": 6, "volume": 105, "amount": 1974}, "author": {"author_id": "84678480863", "nickname": "韩大仙", "follower_count": 87355}}, {"aweme": {"aweme_id": "6851133316762963215", "aweme_title": "黄瓜松饼8🈷️＋，宝宝上火，口气重，尿黄，试试这样做，清热去火#宝宝辅食 #玛莎拉蒂锋芒玩家 @抖音小助手", "aweme_url": "https://www.iesdouyin.com/share/video/6851133316762963215/?region=CN&mid=6847797710196935437&u_code=0&titleType=title", "download_url": "https://www.chanmama.com/awemeDetail/6851133316762963215", "digg_count": 1090, "digg_incr": 456, "aweme_create_time": 1595153783, "category": 6, "volume": 0, "amount": 0}, "author": {"author_id": "94209120647", "nickname": "允儿妈咪辅食分享", "follower_count": 368601}}, {"aweme": {"aweme_id": "6851130704483355904", "aweme_title": "商家你出来，是不是傻了？这个米糊勺我买了50多，现在1️⃣9️⃣就包邮，单手就能喂辅食，也不用担心弄脏衣服", "aweme_url": "https://www.iesdouyin.com/share/video/6851130704483355904/?region=CN&mid=6814955361355729678&u_code=0&titleType=title", "download_url": "https://www.chanmama.com/awemeDetail/6851130704483355904", "digg_count": 1264, "digg_incr": 452, "aweme_create_time": 1595153175, "category": 6, "volume": 0, "amount": 0}, "author": {"author_id": "3408120262695543", "nickname": "西西最听话", "follower_count": 71265}}, {"aweme": {"aweme_id": "6851028176815066375", "aweme_title": "#孕晚期倒计时 #预产期9 .19 #鼠宝宝 衣物来了！姐妹们都囤了吗？看看还缺啥？#孕期囤货 #母婴好物", "aweme_url": "https://www.iesdouyin.com/share/video/6851028176815066375/?region=CN&mid=6805325881184094210&u_code=0&titleType=title", "download_url": "https://www.chanmama.com/awemeDetail/6851028176815066375", "digg_count": 1382, "digg_incr": 449, "aweme_create_time": 1595129304, "category": 6, "volume": 2, "amount": 57.8}, "author": {"author_id": "60315869023", "nickname": "小叶二胎怀孕记", "follower_count": 6682}}, {"aweme": {"aweme_id": "6850990095441349901", "aweme_title": "每天早上9点 不见不散#直播 #鱼式 #热门#瑜伽", "aweme_url": "https://www.iesdouyin.com/share/video/6850990095441349901/?region=CN&mid=6849314346717416199&u_code=0&titleType=title", "download_url": "https://www.chanmama.com/awemeDetail/6850990095441349901", "digg_count": 1324, "digg_incr": 421, "aweme_create_time": 1595120438, "category": 6, "volume": 0, "amount": 0}, "author": {"author_id": "97426397482", "nickname": "程程", "follower_count": 67297}}]}