{
  "data": [
    {
      "aweme": {
        "aweme_id": "6851114759807438080",
        "aweme_title": "巧克也得保存好#威利 #台球",
        "aweme_url": "https://www.iesdouyin.com/share/video/6851114759807438080/?region=CN&mid=6851114776106437383&u_code=0&titleType=title",
        "download_url": "https://www.chanmama.com/awemeDetail/6851114759807438080",
        "digg_count": 125798,
        "digg_incr": 75782,
        "aweme_create_time": 1595149463,
        "category": 7,
        "volume": 0,
        "amount": 0
      },
      "author": {
        "author_id": "3372889806211763",
        "nickname": "台球教练陶膺多",
        "follower_count": 460098
      }
    },
    {
      "aweme": {
        "aweme_id": "6851041492115410176",
        "aweme_title": "#玛莎拉蒂锋芒玩家 #果味相投一起混 #糖果 #一起揉揉小肚子",
        "aweme_url": "https://www.iesdouyin.com/share/video/6851041492115410176/?region=CN&mid=6851041518674119431&u_code=0&titleType=title",
        "download_url": "https://www.chanmama.com/awemeDetail/6851041492115410176",
        "digg_count": 41725,
        "digg_incr": 40917,
        "aweme_create_time": 1595132411,
        "category": 7,
        "volume": 761,
        "amount": 28918
      },
      "author": {
        "author_id": "2612059918578224",
        "nickname": "赣榆区海头镇王程玲海鲜经营部",
        "follower_count": 392168
      }
    },
    {
      "aweme": {
        "aweme_id": "6850873279700323587",
        "aweme_title": "他家的扇贝肉，我一直在吃，口感不错@DOU+小助手",
        "aweme_url": "https://www.iesdouyin.com/share/video/6850873279700323587/?region=CN&mid=6850873386323921678&u_code=26ekifdgfbll&titleType=title",
        "download_url": "https://www.chanmama.com/awemeDetail/6850873279700323587",
        "digg_count": 35436,
        "digg_incr": 35436,
        "aweme_create_time": 1595093291,
        "category": 7,
        "volume": 308,
        "amount": 8285.199999999999
      },
      "author": {
        "author_id": "4234965719723195",
        "nickname": "⤴️28.9两罐新鲜鲍鱼",
        "follower_count": 9745
      }
    },
    {
      "aweme": {
        "aweme_id": "6851071722825813256",
        "aweme_title": "感谢🙏大家的支持，谢谢你们！下午两点半左右直播间见，爱你们么么哒#香酥小黄鱼 #从来没吃过这么好吃的东西",
        "aweme_url": "https://www.iesdouyin.com/share/video/6851071722825813256/?region=CN&mid=6851071735505521422&u_code=0&titleType=title",
        "download_url": "https://www.chanmama.com/awemeDetail/6851071722825813256",
        "digg_count": 34989,
        "digg_incr": 34988,
        "aweme_create_time": 1595139443,
        "category": 7,
        "volume": 0,
        "amount": 0
      },
      "author": {
        "author_id": "1560951331753704",
        "nickname": "小丽海鲜",
        "follower_count": 90215
      }
    },
    {
      "aweme": {
        "aweme_id": "6850873358255426827",
        "aweme_title": "新鲜扇贝肉制作，无菌无尘加工车间，我喜欢吃的，@DOU+小助手",
        "aweme_url": "https://www.iesdouyin.com/share/video/6850873358255426827/?region=CN&mid=6850873475448785672&u_code=26ekifdgfbll&titleType=title",
        "download_url": "https://www.chanmama.com/awemeDetail/6850873358255426827",
        "digg_count": 34820,
        "digg_incr": 34820,
        "aweme_create_time": 1595093309,
        "category": 7,
        "volume": 294,
        "amount": 7908.599999999999
      },
      "author": {
        "author_id": "3601652328447720",
        "nickname": "👆☝️28.9两罐新鲜鲍鱼",
        "follower_count": 3980
      }
    },
    {
      "aweme": {
        "aweme_id": "6851020975375535372",
        "aweme_title": "#养生  一动就出汗，是什么问题？快点看过来#中医养生 #健康  赶快收藏起来吧#抖音小助手",
        "aweme_url": "https://www.iesdouyin.com/share/video/6851020975375535372/?region=CN&mid=6851021010309810952&u_code=0&titleType=title",
        "download_url": "https://www.chanmama.com/awemeDetail/6851020975375535372",
        "digg_count": 32230,
        "digg_incr": 25579,
        "aweme_create_time": 1595127635,
        "category": 7,
        "volume": 0,
        "amount": 0
      },
      "author": {
        "author_id": "2559259398113720",
        "nickname": "岳月谈美肤",
        "follower_count": 169199
      }
    },
    {
      "aweme": {
        "aweme_id": "6851118157373984004",
        "aweme_title": "#老疯杨流浪动物救助中心  #老疯杨 后续看直播哟，每周三五六18点。",
        "aweme_url": "https://www.iesdouyin.com/share/video/6851118157373984004/?region=CN&mid=6851118600892615432&u_code=0&titleType=title",
        "download_url": "https://www.chanmama.com/awemeDetail/6851118157373984004",
        "digg_count": 30796,
        "digg_incr": 25107,
        "aweme_create_time": 1595150291,
        "category": 7,
        "volume": 190,
        "amount": 11381
      },
      "author": {
        "author_id": "110250347537",
        "nickname": "老疯杨",
        "follower_count": 837048
      }
    },
    {
      "aweme": {
        "aweme_id": "6851126364376927502",
        "aweme_title": "@西安市莲湖区好金宝商贸发了一个抖音短视频，你尽管点开，不好看算我输！",
        "aweme_url": "https://www.iesdouyin.com/share/video/6851126364376927502/?region=CN&mid=6851126361999248141&u_code=40d0b3gdcjkh&titleType=",
        "download_url": "https://www.chanmama.com/awemeDetail/6851126364376927502",
        "digg_count": 22999,
        "digg_incr": 23008,
        "aweme_create_time": 1595152165,
        "category": 7,
        "volume": 424,
        "amount": 4197.6
      },
      "author": {
        "author_id": "110820794957",
        "nickname": "西安市莲湖区好金宝商贸",
        "follower_count": 234159
      }
    },
    {
      "aweme": {
        "aweme_id": "6851091925194329359",
        "aweme_title": "今年比较特殊丰收了果农却高兴不起来！#六鳌蜜薯",
        "aweme_url": "https://www.iesdouyin.com/share/video/6851091925194329359/?region=CN&mid=6851091924163185422&u_code=0&titleType=title",
        "download_url": "https://www.chanmama.com/awemeDetail/6851091925194329359",
        "digg_count": 21920,
        "digg_incr": 21949,
        "aweme_create_time": 1595144147,
        "category": 7,
        "volume": 0,
        "amount": 0
      },
      "author": {
        "author_id": "3474089081312958",
        "nickname": "果真甜蜜土特产",
        "follower_count": 100977
      }
    },
    {
      "aweme": {
        "aweme_id": "6851072567956999438",
        "aweme_title": "谢谢您",
        "aweme_url": "https://www.iesdouyin.com/share/video/6851072567956999438/?region=CN&mid=6851073125795236619&u_code=0&titleType=title",
        "download_url": "https://www.chanmama.com/awemeDetail/6851072567956999438",
        "digg_count": 17736,
        "digg_incr": 17677,
        "aweme_create_time": 1595139723,
        "category": 7,
        "volume": 0,
        "amount": 0
      },
      "author": {
        "author_id": "74079713360",
        "nickname": "蜂婆子",
        "follower_count": 154180
      }
    },
    {
      "aweme": {
        "aweme_id": "6851074191224098048",
        "aweme_title": "#果味相投一起混 #宝藏女神驾到 #糖果 #玛莎拉蒂锋芒玩家",
        "aweme_url": "https://www.iesdouyin.com/share/video/6851074191224098048/?region=CN&mid=6851074197930986253&u_code=0&titleType=title",
        "download_url": "https://www.chanmama.com/awemeDetail/6851074191224098048",
        "digg_count": 16407,
        "digg_incr": 15437,
        "aweme_create_time": 1595140018,
        "category": 7,
        "volume": 276,
        "amount": 10488
      },
      "author": {
        "author_id": "2612059918578224",
        "nickname": "赣榆区海头镇王程玲海鲜经营部",
        "follower_count": 392168
      }
    },
    {
      "aweme": {
        "aweme_id": "6851025323274915087",
        "aweme_title": "让我看看谁会唱这首歌，来跟我合唱啊，我为您点赞👍#民歌 #合拍 #合拍上热门 #经典老歌 #真人真唱",
        "aweme_url": "https://www.iesdouyin.com/share/video/6851025323274915087/?region=CN&mid=6851025329994517255&u_code=0&titleType=title",
        "download_url": "https://www.chanmama.com/awemeDetail/6851025323274915087",
        "digg_count": 26023,
        "digg_incr": 14926,
        "aweme_create_time": 1595128639,
        "category": 7,
        "volume": 0,
        "amount": 0
      },
      "author": {
        "author_id": "84339973544",
        "nickname": "酒窝～杨娟",
        "follower_count": 111352
      }
    },
    {
      "aweme": {
        "aweme_id": "6851094531610348803",
        "aweme_title": "我烧菜就是要以下饭为目的，开胃下饭吃几碗饭饱得打嗝才爽。#家常菜",
        "aweme_url": "https://www.iesdouyin.com/share/video/6851094531610348803/?region=CN&mid=6773589617825516296&u_code=0&titleType=title",
        "download_url": "https://www.chanmama.com/awemeDetail/6851094531610348803",
        "digg_count": 24094,
        "digg_incr": 14146,
        "aweme_create_time": 1595144761,
        "category": 7,
        "volume": 157,
        "amount": 2967.2999999999997
      },
      "author": {
        "author_id": "3091472232751355",
        "nickname": "李洋洋",
        "follower_count": 84233
      }
    },
    {
      "aweme": {
        "aweme_id": "6851117498918587663",
        "aweme_title": "阿姨～阿姨 、我的好阿姨我的漂亮阿姨，您不要划走帮我点个小红心♥️好不好？#乘风破浪的好物 #别限流",
        "aweme_url": "https://www.iesdouyin.com/share/video/6851117498918587663/?region=CN&mid=6808831824945597195&u_code=4786idefjami&titleType=title",
        "download_url": "https://www.chanmama.com/awemeDetail/6851117498918587663",
        "digg_count": 13644,
        "digg_incr": 13296,
        "aweme_create_time": 1595150101,
        "category": 7,
        "volume": 19,
        "amount": 378.09999999999997
      },
      "author": {
        "author_id": "101907194685",
        "nickname": "一浪果业",
        "follower_count": 334690
      }
    },
    {
      "aweme": {
        "aweme_id": "6851029968642755854",
        "aweme_title": "出摊的时候大叔说我占了他的地方，我让给他了，还一直往我旁边泼水想轰我，但想了想今天出来还没开张，还是算了#坚持",
        "aweme_url": "https://www.iesdouyin.com/share/video/6851029968642755854/?region=CN&mid=6592096850470570759&u_code=386955i911fd&titleType=title",
        "download_url": "https://www.chanmama.com/awemeDetail/6851029968642755854",
        "digg_count": 13276,
        "digg_incr": 13276,
        "aweme_create_time": 1595129721,
        "category": 7,
        "volume": 3,
        "amount": 204
      },
      "author": {
        "author_id": "111609166320",
        "nickname": "唐小雅蜂蜜",
        "follower_count": 3512
      }
    },
    {
      "aweme": {
        "aweme_id": "6850962761833336068",
        "aweme_title": "我妈说我是中国人得穿中国牌子的鞋，好看不好看不重要关键是舒服不掉鞋，@DOU+小助手 #解放鞋 你们说好看吗？",
        "aweme_url": "https://www.iesdouyin.com/share/video/6850962761833336068/?region=CN&mid=6841871592927415053&u_code=2mi182b4dhg4&titleType=title",
        "download_url": "https://www.chanmama.com/awemeDetail/6850962761833336068",
        "digg_count": 19172,
        "digg_incr": 12996,
        "aweme_create_time": 1595114095,
        "category": 7,
        "volume": 0,
        "amount": 0
      },
      "author": {
        "author_id": "98614712375",
        "nickname": "小恩宝吖",
        "follower_count": 108007
      }
    },
    {
      "aweme": {
        "aweme_id": "6851054149971348740",
        "aweme_title": "顾大嫂拌面🍜，还是记忆中的味道～～ #717抖音嗨吃节  #吃播",
        "aweme_url": "https://www.iesdouyin.com/share/video/6851054149971348740/?region=CN&mid=6851054509884902152&u_code=0&titleType=title",
        "download_url": "https://www.chanmama.com/awemeDetail/6851054149971348740",
        "digg_count": 16350,
        "digg_incr": 12869,
        "aweme_create_time": 1595148279,
        "category": 7,
        "volume": 370,
        "amount": 11803
      },
      "author": {
        "author_id": "104756264313",
        "nickname": "吃不饱的晴子啊",
        "follower_count": 913523
      }
    },
    {
      "aweme": {
        "aweme_id": "6851021068682005772",
        "aweme_title": "吃完辣再吃冰也太爽了吧#饿货dou来吃 #浪计划 #三明治冰淇淋 @抖音美食",
        "aweme_url": "https://www.iesdouyin.com/share/video/6851021068682005772/?region=CN&mid=6851021104753019656&u_code=0&titleType=title",
        "download_url": "https://www.chanmama.com/awemeDetail/6851021068682005772",
        "digg_count": 15021,
        "digg_incr": 11090,
        "aweme_create_time": 1595149200,
        "category": 7,
        "volume": 0,
        "amount": 0
      },
      "author": {
        "author_id": "61721686061",
        "nickname": "投食队长",
        "follower_count": 285201
      }
    },
    {
      "aweme": {
        "aweme_id": "6851167338285272335",
        "aweme_title": "等了一周～最新产季的猫山王榴莲肉来喽～全新规格，品质依旧森叔亲自把关！快给你的冰箱屯一盒吧@DOU+小助手",
        "aweme_url": "https://www.iesdouyin.com/share/video/6851167338285272335/?region=CN&mid=6851167352757275400&u_code=0&titleType=title",
        "download_url": "https://www.chanmama.com/awemeDetail/6851167338285272335",
        "digg_count": 18515,
        "digg_incr": 10446,
        "aweme_create_time": 1595161704,
        "category": 7,
        "volume": 0,
        "amount": 0
      },
      "author": {
        "author_id": "106734984252",
        "nickname": "高端进口水果森叔",
        "follower_count": 299686
      }
    },
    {
      "aweme": {
        "aweme_id": "6851026011933461767",
        "aweme_title": "昨晚，死神方便59连胜#方便59连胜 @抖音格斗",
        "aweme_url": "https://www.iesdouyin.com/share/video/6851026011933461767/?region=CN&mid=6851026025376221959&u_code=49kkfd4d4533&titleType=title",
        "download_url": "https://www.chanmama.com/awemeDetail/6851026011933461767",
        "digg_count": 9635,
        "digg_incr": 9272,
        "aweme_create_time": 1595128799,
        "category": 7,
        "volume": 0,
        "amount": 0
      },
      "author": {
        "author_id": "95431877065",
        "nickname": "用武之地 武林大事件",
        "follower_count": 612942
      }
    },
    {
      "aweme": {
        "aweme_id": "6851033504558468352",
        "aweme_title": "多爷爷说非常感谢大家的支持，一定要亲自给大家包装。农村人没有别的，只有好的农产品和坚守一辈子的纯朴热情#蜜瓜",
        "aweme_url": "https://www.iesdouyin.com/share/video/6851033504558468352/?region=CN&mid=6757607006170827533&u_code=0&titleType=title",
        "download_url": "https://www.chanmama.com/awemeDetail/6851033504558468352",
        "digg_count": 46370,
        "digg_incr": 9239,
        "aweme_create_time": 1595130544,
        "category": 7,
        "volume": 381,
        "amount": 9525
      },
      "author": {
        "author_id": "4498856289241997",
        "nickname": "陕西张悟农",
        "follower_count": 111165
      }
    },
    {
      "aweme": {
        "aweme_id": "6851067906332134669",
        "aweme_title": "东北老家菇娘三斤包邮！东北大农村纯绿色，无农药无化肥",
        "aweme_url": "https://www.iesdouyin.com/share/video/6851067906332134669/?region=CN&mid=6851067897872173838&u_code=0&titleType=title",
        "download_url": "https://www.chanmama.com/awemeDetail/6851067906332134669",
        "digg_count": 19345,
        "digg_incr": 9028,
        "aweme_create_time": 1595138554,
        "category": 7,
        "volume": 449,
        "amount": 14637.400000000001
      },
      "author": {
        "author_id": "84188771528",
        "nickname": "心胸坦荡",
        "follower_count": 26674
      }
    },
    {
      "aweme": {
        "aweme_id": "6851118989440077070",
        "aweme_title": "六十二年，三代人坚守，沙漠边上种出了几万亩绿洲，他们不会作秀，他们才是真正的英雄",
        "aweme_url": "https://www.iesdouyin.com/share/video/6851118989440077070/?region=CN&mid=6851119103738940167&u_code=0&titleType=title",
        "download_url": "https://www.chanmama.com/awemeDetail/6851118989440077070",
        "digg_count": 40016,
        "digg_incr": 8991,
        "aweme_create_time": 1595150470,
        "category": 7,
        "volume": 0,
        "amount": 0
      },
      "author": {
        "author_id": "92831293536",
        "nickname": "鑫哥有点皮",
        "follower_count": 325951
      }
    },
    {
      "aweme": {
        "aweme_id": "6851042692454026504",
        "aweme_title": "@崔姐大码服饰发了一个抖音短视频，你尽管点开，不好看算我输！",
        "aweme_url": "https://www.iesdouyin.com/share/video/6851042692454026504/?region=CN&mid=6764333841717921794&u_code=0&titleType=",
        "download_url": "https://www.chanmama.com/awemeDetail/6851042692454026504",
        "digg_count": 9548,
        "digg_incr": 8588,
        "aweme_create_time": 1595132684,
        "category": 7,
        "volume": 1883,
        "amount": 92267
      },
      "author": {
        "author_id": "505399379233207",
        "nickname": "崔姐大码服饰",
        "follower_count": 149504
      }
    },
    {
      "aweme": {
        "aweme_id": "6851020381625519367",
        "aweme_title": "这种吃法真香",
        "aweme_url": "https://www.iesdouyin.com/share/video/6851020381625519367/?region=CN&mid=6851020384571362062&u_code=16gamk9b3a4j&titleType=title",
        "download_url": "https://www.chanmama.com/awemeDetail/6851020381625519367",
        "digg_count": 8577,
        "digg_incr": 8235,
        "aweme_create_time": 1595127489,
        "category": 7,
        "volume": 594,
        "amount": 22572
      },
      "author": {
        "author_id": "104958503756",
        "nickname": "王赫",
        "follower_count": 691238
      }
    },
    {
      "aweme": {
        "aweme_id": "6850991918860537095",
        "aweme_title": "所有目标都是黑暗的，只有行动才与光明相伴。要改变命运，首先要改变自己！#助农 #助农我们在行动 @抖音小助手",
        "aweme_url": "https://www.iesdouyin.com/share/video/6850991918860537095/?region=CN&mid=6850991966571006727&u_code=13h2b05c6g9m&titleType=title",
        "download_url": "https://www.chanmama.com/awemeDetail/6850991918860537095",
        "digg_count": 8071,
        "digg_incr": 8062,
        "aweme_create_time": 1595120874,
        "category": 7,
        "volume": 2,
        "amount": 59.8
      },
      "author": {
        "author_id": "105642700204",
        "nickname": "孤独的笔（上午10点直播）",
        "follower_count": 6006
      }
    },
    {
      "aweme": {
        "aweme_id": "6850984457214627083",
        "aweme_title": "#巨型章鱼 #炸酱面酱料 #猛男挑战 巨型章鱼来做客，我拿出了82年的炸酱面酱，热情的送它一次酣畅淋漓的汗蒸",
        "aweme_url": "https://www.iesdouyin.com/share/video/6850984457214627083/?region=CN&mid=6850984482041088781&u_code=4cabc01gb5ll&titleType=title",
        "download_url": "https://www.chanmama.com/awemeDetail/6850984457214627083",
        "digg_count": 8017,
        "digg_incr": 8017,
        "aweme_create_time": 1595119135,
        "category": 7,
        "volume": 5,
        "amount": 44.5
      },
      "author": {
        "author_id": "1978736675654220",
        "nickname": "韩国🇰🇷虎尼弟弟",
        "follower_count": 246575
      }
    },
    {
      "aweme": {
        "aweme_id": "6851128620023319823",
        "aweme_title": "少壮不努力，老大干努力！早知道听妈妈的话多读点书，现在也不至于混成这个样。我的粉丝有多少是农村的呀？来报个到！",
        "aweme_url": "https://www.iesdouyin.com/share/video/6851128620023319823/?region=CN&mid=6828143574249458440&u_code=0&titleType=title",
        "download_url": "https://www.chanmama.com/awemeDetail/6851128620023319823",
        "digg_count": 8846,
        "digg_incr": 7927,
        "aweme_create_time": 1595152690,
        "category": 7,
        "volume": 22,
        "amount": 924
      },
      "author": {
        "author_id": "77374488173",
        "nickname": "小张 哥",
        "follower_count": 523403
      }
    },
    {
      "aweme": {
        "aweme_id": "6851105978730007815",
        "aweme_title": "#烟台暖哥 烟台小哥哥祝屏幕对面的小姐姐开心快乐！",
        "aweme_url": "https://www.iesdouyin.com/share/video/6851105978730007815/?region=CN&mid=6851105968885992199&u_code=0&titleType=title",
        "download_url": "https://www.chanmama.com/awemeDetail/6851105978730007815",
        "digg_count": 9331,
        "digg_incr": 7841,
        "aweme_create_time": 1595147419,
        "category": 7,
        "volume": 2,
        "amount": 139.8
      },
      "author": {
        "author_id": "4503697857309131",
        "nickname": "正能量暖哥",
        "follower_count": 256875
      }
    },
    {
      "aweme": {
        "aweme_id": "6851090833161129216",
        "aweme_title": "我是贵州嫁江西，回贵州第二天，今天天气好和我弟去山上摘李子，听说孕妇不能摘，摘了明年就不结果了，嘿嘿我就负责吃",
        "aweme_url": "https://www.iesdouyin.com/share/video/6851090833161129216/?region=CN&mid=6851090824726711053&u_code=0&titleType=title",
        "download_url": "https://www.chanmama.com/awemeDetail/6851090833161129216",
        "digg_count": 10250,
        "digg_incr": 7742,
        "aweme_create_time": 1595143892,
        "category": 7,
        "volume": 53,
        "amount": 1367.4
      },
      "author": {
        "author_id": "78792528090",
        "nickname": "限量版小可爱『糖糖』",
        "follower_count": 705179
      }
    },
    {
      "aweme": {
        "aweme_id": "6851102762155953415",
        "aweme_title": "🐶狗的粉丝都比我多",
        "aweme_url": "https://www.iesdouyin.com/share/video/6851102762155953415/?region=CN&mid=6851102738588257038&u_code=2426m56941ia&titleType=title",
        "download_url": "https://www.chanmama.com/awemeDetail/6851102762155953415",
        "digg_count": 6990,
        "digg_incr": 6977,
        "aweme_create_time": 1595146669,
        "category": 7,
        "volume": 25,
        "amount": 720
      },
      "author": {
        "author_id": "4384501508606519",
        "nickname": "传统美食龙须酥",
        "follower_count": 4745
      }
    },
    {
      "aweme": {
        "aweme_id": "6851130467345779971",
        "aweme_title": "@一直很努力💪发了一个抖音短视频，你尽管点开，不好看算我输！",
        "aweme_url": "https://www.iesdouyin.com/share/video/6851130467345779971/?region=CN&mid=6851130514477189901&u_code=0&titleType=",
        "download_url": "https://www.chanmama.com/awemeDetail/6851130467345779971",
        "digg_count": 9174,
        "digg_incr": 6899,
        "aweme_create_time": 1595153127,
        "category": 7,
        "volume": 0,
        "amount": 0
      },
      "author": {
        "author_id": "2704407370424638",
        "nickname": "一直很努力💪",
        "follower_count": 130877
      }
    },
    {
      "aweme": {
        "aweme_id": "6850834886601854208",
        "aweme_title": "#vlog日常 今天夜宵你吃的什么",
        "aweme_url": "https://www.iesdouyin.com/share/video/6850834886601854208/?region=CN&mid=6814045380603349772&u_code=0&titleType=title",
        "download_url": "https://www.chanmama.com/awemeDetail/6850834886601854208",
        "digg_count": 10171,
        "digg_incr": 6876,
        "aweme_create_time": 1595151600,
        "category": 7,
        "volume": 0,
        "amount": 0
      },
      "author": {
        "author_id": "62651536819",
        "nickname": "Sweetie甜橋.🐇",
        "follower_count": 598911
      }
    },
    {
      "aweme": {
        "aweme_id": "6850820868034006280",
        "aweme_title": "周末宅家吃串串面，巴适得很~#美食趣胃计划 #吃播",
        "aweme_url": "https://www.iesdouyin.com/share/video/6850820868034006280/?region=CN&mid=6850821018538674958&u_code=0&titleType=title",
        "download_url": "https://www.chanmama.com/awemeDetail/6850820868034006280",
        "digg_count": 8101,
        "digg_incr": 6531,
        "aweme_create_time": 1595127399,
        "category": 7,
        "volume": 3,
        "amount": 148.8
      },
      "author": {
        "author_id": "105935594546",
        "nickname": "嘉玲妹儿",
        "follower_count": 529844
      }
    },
    {
      "aweme": {
        "aweme_id": "6851085363910315278",
        "aweme_title": "在山上摘了一天的果子，渴了吃几个李子解解渴😋",
        "aweme_url": "https://www.iesdouyin.com/share/video/6851085363910315278/?region=CN&mid=6851085359246248717&u_code=0&titleType=title",
        "download_url": "https://www.chanmama.com/awemeDetail/6851085363910315278",
        "digg_count": 9033,
        "digg_incr": 6064,
        "aweme_create_time": 1595142619,
        "category": 7,
        "volume": 45,
        "amount": 1790.9999999999998
      },
      "author": {
        "author_id": "2695626838510548",
        "nickname": "爱笑的阿花吖",
        "follower_count": 255521
      }
    },
    {
      "aweme": {
        "aweme_id": "6851000267719052551",
        "aweme_title": "@李赛萍 ，#自己的原创作品 #感谢官方感谢平台 #自己的原创作品",
        "aweme_url": "https://www.iesdouyin.com/share/video/6851000267719052551/?region=CN&mid=6851000279026961159&u_code=0&titleType=title",
        "download_url": "https://www.chanmama.com/awemeDetail/6851000267719052551",
        "digg_count": 8429,
        "digg_incr": 6036,
        "aweme_create_time": 1595122806,
        "category": 7,
        "volume": 0,
        "amount": 0
      },
      "author": {
        "author_id": "3153029605889582",
        "nickname": "李赛萍唯一号",
        "follower_count": 241261
      }
    },
    {
      "aweme": {
        "aweme_id": "6851091297164381453",
        "aweme_title": "熊的新家部分解锁/好吃的健康小零食/化妆品收纳种草#海草计划",
        "aweme_url": "https://www.iesdouyin.com/share/video/6851091297164381453/?region=CN&mid=6851091306568092430&u_code=0&titleType=title",
        "download_url": "https://www.chanmama.com/awemeDetail/6851091297164381453",
        "digg_count": 7552,
        "digg_incr": 5840,
        "aweme_create_time": 1595154660,
        "category": 7,
        "volume": 23,
        "amount": 572.6999999999999
      },
      "author": {
        "author_id": "58934752362",
        "nickname": "不存在的h",
        "follower_count": 392596
      }
    },
    {
      "aweme": {
        "aweme_id": "6851071176706428168",
        "aweme_title": "爷爷一辈子和土地为伴，深知粮食的珍贵，那个年代舍不得吃鲜玉米，现在也是，糯甜鲜嫩的黑玉米，你喜欢吗？#黑玉米",
        "aweme_url": "https://www.iesdouyin.com/share/video/6851071176706428168/?region=CN&mid=6600970562929953550&u_code=2akd65mf86gh&titleType=title",
        "download_url": "https://www.chanmama.com/awemeDetail/6851071176706428168",
        "digg_count": 38328,
        "digg_incr": 5332,
        "aweme_create_time": 1595139316,
        "category": 7,
        "volume": 23,
        "amount": 1145.3999999999999
      },
      "author": {
        "author_id": "61890713420",
        "nickname": "佳园琴优选",
        "follower_count": 298538
      }
    },
    {
      "aweme": {
        "aweme_id": "6851092862243851534",
        "aweme_title": "今天六点来山上摘奈李，天气太热了，好饿啊！先吃几个奈李垫垫肚子。",
        "aweme_url": "https://www.iesdouyin.com/share/video/6851092862243851534/?region=CN&mid=6602849078319516430&u_code=0&titleType=title",
        "download_url": "https://www.chanmama.com/awemeDetail/6851092862243851534",
        "digg_count": 8183,
        "digg_incr": 5325,
        "aweme_create_time": 1595144365,
        "category": 7,
        "volume": 19,
        "amount": 756.1999999999999
      },
      "author": {
        "author_id": "3065062744659757",
        "nickname": "爱笑的玲妹妹",
        "follower_count": 536008
      }
    },
    {
      "aweme": {
        "aweme_id": "6851087690411117831",
        "aweme_title": "天气炎热，来做一杯清凉的柠檬红茶冻吧！ #美食趣胃计划  #趣胃大比拼@DOU+小助手",
        "aweme_url": "https://www.iesdouyin.com/share/video/6851087690411117831/?region=CN&mid=6851087794354391821&u_code=0&titleType=title",
        "download_url": "https://www.chanmama.com/awemeDetail/6851087690411117831",
        "digg_count": 6230,
        "digg_incr": 5150,
        "aweme_create_time": 1595143187,
        "category": 7,
        "volume": 0,
        "amount": 0
      },
      "author": {
        "author_id": "4503675496286015",
        "nickname": "果汁皇后",
        "follower_count": 355479
      }
    },
    {
      "aweme": {
        "aweme_id": "6851051649981484303",
        "aweme_title": "@Angle @you发了一个抖音短视频，你尽管点开，不好看算我输！",
        "aweme_url": "https://www.iesdouyin.com/share/video/6851051649981484303/?region=CN&mid=6851051655643826952&u_code=42621bm39ck8&titleType=",
        "download_url": "https://www.chanmama.com/awemeDetail/6851051649981484303",
        "digg_count": 5115,
        "digg_incr": 5090,
        "aweme_create_time": 1595134769,
        "category": 7,
        "volume": 18,
        "amount": 518.4
      },
      "author": {
        "author_id": "64172695041",
        "nickname": "Angle @you",
        "follower_count": 11809
      }
    },
    {
      "aweme": {
        "aweme_id": "6851037007670496523",
        "aweme_title": "自带勺子，还香香脆脆，这样的拌饭酱，你肯定没吃过！#717奇妙好物在这里 #拌饭酱 #下饭菜 #上热门",
        "aweme_url": "https://www.iesdouyin.com/share/video/6851037007670496523/?region=CN&mid=6851037053531065096&u_code=0&titleType=title",
        "download_url": "https://www.chanmama.com/awemeDetail/6851037007670496523",
        "digg_count": 6154,
        "digg_incr": 4758,
        "aweme_create_time": 1595131366,
        "category": 7,
        "volume": 2,
        "amount": 55.599999999999994
      },
      "author": {
        "author_id": "2836391020213292",
        "nickname": "众趣办公室女团",
        "follower_count": 597018
      }
    },
    {
      "aweme": {
        "aweme_id": "6850991786492562703",
        "aweme_title": "做生意要实在，品质第一，售后无忧，收到货有质量问题#老徐全赔#助农 助残",
        "aweme_url": "https://www.iesdouyin.com/share/video/6850991786492562703/?region=CN&mid=6734531155737034765&u_code=0&titleType=title",
        "download_url": "https://www.chanmama.com/awemeDetail/6850991786492562703",
        "digg_count": 4706,
        "digg_incr": 4675,
        "aweme_create_time": 1595120832,
        "category": 7,
        "volume": 45,
        "amount": 535.5
      },
      "author": {
        "author_id": "2612049570459104",
        "nickname": "日照觅田农场",
        "follower_count": 26215
      }
    },
    {
      "aweme": {
        "aweme_id": "6850949574996102413",
        "aweme_title": "@🎀美琪🎀发了一个抖音短视频，你尽管点开，不好看算我输！",
        "aweme_url": "https://www.iesdouyin.com/share/video/6850949574996102413/?region=CN&mid=6850950095865973511&u_code=2kf52kj9m7c2&titleType=",
        "download_url": "https://www.chanmama.com/awemeDetail/6850949574996102413",
        "digg_count": 5458,
        "digg_incr": 4669,
        "aweme_create_time": 1595111105,
        "category": 7,
        "volume": 0,
        "amount": 0
      },
      "author": {
        "author_id": "4503703263699852",
        "nickname": "🎀美琪🎀",
        "follower_count": 970700
      }
    },
    {
      "aweme": {
        "aweme_id": "6850989928927612167",
        "aweme_title": "肉黄满满还去内脏的扇贝肉，想不爱都不行#美食 @DOU+小助手",
        "aweme_url": "https://www.iesdouyin.com/share/video/6850989928927612167/?region=CN&mid=6850989919205067534&u_code=2f35g83fc7hi&titleType=title",
        "download_url": "https://www.chanmama.com/awemeDetail/6850989928927612167",
        "digg_count": 4642,
        "digg_incr": 4642,
        "aweme_create_time": 1595120400,
        "category": 7,
        "volume": 168,
        "amount": 4519.2
      },
      "author": {
        "author_id": "2471311434581511",
        "nickname": "香辣鲍鱼28.9两罐",
        "follower_count": 6047
      }
    },
    {
      "aweme": {
        "aweme_id": "6850868977950788878",
        "aweme_title": "当你经历痛苦，做一件事，如果心量放大，你就能承受所以的辛苦与磨难#抖加小助手@DOU+小助手",
        "aweme_url": "https://www.iesdouyin.com/share/video/6850868977950788878/?region=CN&mid=6848895697039772430&u_code=0&titleType=title",
        "download_url": "https://www.chanmama.com/awemeDetail/6850868977950788878",
        "digg_count": 4605,
        "digg_incr": 4320,
        "aweme_create_time": 1595092249,
        "category": 7,
        "volume": 0,
        "amount": 0
      },
      "author": {
        "author_id": "63176458641",
        "nickname": "读万卷书坊",
        "follower_count": 1729
      }
    },
    {
      "aweme": {
        "aweme_id": "6850989939023170816",
        "aweme_title": "新鲜制作，还肉黄满满我爱了#美食趣胃计划 @DOU+小助手",
        "aweme_url": "https://www.iesdouyin.com/share/video/6850989939023170816/?region=CN&mid=6850989916046838536&u_code=40mi284mdmj7&titleType=title",
        "download_url": "https://www.chanmama.com/awemeDetail/6850989939023170816",
        "digg_count": 4274,
        "digg_incr": 4274,
        "aweme_create_time": 1595120402,
        "category": 7,
        "volume": 153,
        "amount": 4115.7
      },
      "author": {
        "author_id": "3245370873225655",
        "nickname": "👆两罐28.9的即食鲍鱼",
        "follower_count": 1075
      }
    },
    {
      "aweme": {
        "aweme_id": "6851061259769613583",
        "aweme_title": "69年的鸡，单身11年，已经错过了嘉年华，被伤得遍体鳞伤，但还是渴望被人宠，被人疼，向往美好的晚年生活，可以吗",
        "aweme_url": "https://www.iesdouyin.com/share/video/6851061259769613583/?region=CN&mid=6753110969897011972&u_code=0&titleType=title",
        "download_url": "https://www.chanmama.com/awemeDetail/6851061259769613583",
        "digg_count": 5501,
        "digg_incr": 4249,
        "aweme_create_time": 1595137007,
        "category": 7,
        "volume": 0,
        "amount": 0
      },
      "author": {
        "author_id": "3153045535601006",
        "nickname": "东方商人",
        "follower_count": 22367
      }
    },
    {
      "aweme": {
        "aweme_id": "6851123539941100815",
        "aweme_title": "全网最火姐妹来啦，刷到的小伙伴给个鼓励的小心心😊祝屏幕前的你们幸福快乐❤️",
        "aweme_url": "https://www.iesdouyin.com/share/video/6851123539941100815/?region=CN&mid=6807989194347989772&u_code=0&titleType=title",
        "download_url": "https://www.chanmama.com/awemeDetail/6851123539941100815",
        "digg_count": 5463,
        "digg_incr": 4116,
        "aweme_create_time": 1595151507,
        "category": 7,
        "volume": 0,
        "amount": 0
      },
      "author": {
        "author_id": "63053186851",
        "nickname": "☀️一阳姐姐💃（泽宝8月1日生日）",
        "follower_count": 185671
      }
    },
    {
      "aweme": {
        "aweme_id": "6851099916798889228",
        "aweme_title": "你们说这一把硬币多少钱？够买我手上的地瓜干吗？#搞点新品778 @DOU+小助手",
        "aweme_url": "https://www.iesdouyin.com/share/video/6851099916798889228/?region=CN&mid=6851099949456034573&u_code=22958k1e2hb6&titleType=title",
        "download_url": "https://www.chanmama.com/awemeDetail/6851099916798889228",
        "digg_count": 4252,
        "digg_incr": 4112,
        "aweme_create_time": 1595146015,
        "category": 7,
        "volume": 116,
        "amount": 2296.8
      },
      "author": {
        "author_id": "60443482320",
        "nickname": "肥猫手工美食",
        "follower_count": 349075
      }
    },
    {
      "aweme": {
        "aweme_id": "6850997436517797127",
        "aweme_title": "还在担心打结会松散么，今天还带结的终极教程来了.#福建好物doushop",
        "aweme_url": "https://www.iesdouyin.com/share/video/6850997436517797127/?region=CN&mid=6850997525739309838&u_code=0&titleType=title",
        "download_url": "https://www.chanmama.com/awemeDetail/6850997436517797127",
        "digg_count": 4831,
        "digg_incr": 4095,
        "aweme_create_time": 1595122167,
        "category": 7,
        "volume": 61,
        "amount": 1817.8
      },
      "author": {
        "author_id": "94445633753",
        "nickname": "松渔坊",
        "follower_count": 170204
      }
    },
    {
      "aweme": {
        "aweme_id": "6851115531492134159",
        "aweme_title": "终于等到我姐姐来了，好开心呀😍",
        "aweme_url": "https://www.iesdouyin.com/share/video/6851115531492134159/?region=CN&mid=6851115723255712515&u_code=0&titleType=title",
        "download_url": "https://www.chanmama.com/awemeDetail/6851115531492134159",
        "digg_count": 9092,
        "digg_incr": 3817,
        "aweme_create_time": 1595149663,
        "category": 7,
        "volume": 0,
        "amount": 0
      },
      "author": {
        "author_id": "98902224598",
        "nickname": "暖哥商城",
        "follower_count": 134743
      }
    },
    {
      "aweme": {
        "aweme_id": "6851026707562990848",
        "aweme_title": "@爱我你就抱抱我发了一个抖音短视频，你尽管点开，不好看算我输！",
        "aweme_url": "https://www.iesdouyin.com/share/video/6851026707562990848/?region=CN&mid=6789942643557305101&u_code=0&titleType=",
        "download_url": "https://www.chanmama.com/awemeDetail/6851026707562990848",
        "digg_count": 9716,
        "digg_incr": 3775,
        "aweme_create_time": 1595128981,
        "category": 7,
        "volume": 0,
        "amount": 0
      },
      "author": {
        "author_id": "4503687440334275",
        "nickname": "爱我你就抱抱我",
        "follower_count": 265737
      }
    },
    {
      "aweme": {
        "aweme_id": "6851090155978247437",
        "aweme_title": "#717奇妙好物在这里 #一起揉揉小肚子",
        "aweme_url": "https://www.iesdouyin.com/share/video/6851090155978247437/?region=CN&mid=6851090184512391950&u_code=0&titleType=title",
        "download_url": "https://www.chanmama.com/awemeDetail/6851090155978247437",
        "digg_count": 3733,
        "digg_incr": 3709,
        "aweme_create_time": 1595143735,
        "category": 7,
        "volume": 351,
        "amount": 34749
      },
      "author": {
        "author_id": "52577107478",
        "nickname": "闫家达水产品经营部",
        "follower_count": 188056
      }
    },
    {
      "aweme": {
        "aweme_id": "6851132502640200968",
        "aweme_title": "你们帮我算算这一箱能zhuan多少#717奇妙好物在这里 @DOU+小助手",
        "aweme_url": "https://www.iesdouyin.com/share/video/6851132502640200968/?region=CN&mid=6851132581757405966&u_code=0&titleType=title",
        "download_url": "https://www.chanmama.com/awemeDetail/6851132502640200968",
        "digg_count": 5369,
        "digg_incr": 3638,
        "aweme_create_time": 1595153610,
        "category": 7,
        "volume": 11,
        "amount": 759
      },
      "author": {
        "author_id": "1890767973132247",
        "nickname": "海鲜生大成海产品",
        "follower_count": 159188
      }
    },
    {
      "aweme": {
        "aweme_id": "6851087846254611715",
        "aweme_title": "#我要上热门",
        "aweme_url": "https://www.iesdouyin.com/share/video/6851087846254611715/?region=CN&mid=6621398588884945668&u_code=0&titleType=title",
        "download_url": "https://www.chanmama.com/awemeDetail/6851087846254611715",
        "digg_count": 7440,
        "digg_incr": 3610,
        "aweme_create_time": 1595143204,
        "category": 7,
        "volume": 0,
        "amount": 0
      },
      "author": {
        "author_id": "74604163025",
        "nickname": "丫头",
        "follower_count": 730606
      }
    },
    {
      "aweme": {
        "aweme_id": "6851066308998515975",
        "aweme_title": "土鸭蛋做的松花皮蛋，特好吃，一快多@DOU+小助手 #717奇妙好物在这里 #乘风破浪的好物 #抖音有好货",
        "aweme_url": "https://www.iesdouyin.com/share/video/6851066308998515975/?region=CN&mid=6851066314497198861&u_code=0&titleType=title",
        "download_url": "https://www.chanmama.com/awemeDetail/6851066308998515975",
        "digg_count": 3582,
        "digg_incr": 3491,
        "aweme_create_time": 1595138182,
        "category": 7,
        "volume": 16,
        "amount": 158.4
      },
      "author": {
        "author_id": "3065079712977084",
        "nickname": "楠汐果业",
        "follower_count": 133047
      }
    },
    {
      "aweme": {
        "aweme_id": "6851073623113862415",
        "aweme_title": "三个耳朵不够加个外婆菜拌饭美滋滋#717抖音嗨吃节 #家乡美食 @DOU+小助手",
        "aweme_url": "https://www.iesdouyin.com/share/video/6851073623113862415/?region=CN&mid=6851073635910699783&u_code=0&titleType=title",
        "download_url": "https://www.chanmama.com/awemeDetail/6851073623113862415",
        "digg_count": 3410,
        "digg_incr": 3377,
        "aweme_create_time": 1595139885,
        "category": 7,
        "volume": 1,
        "amount": 26.8
      },
      "author": {
        "author_id": "751657744874631",
        "nickname": "东少(乡村吃货)",
        "follower_count": 138913
      }
    },
    {
      "aweme": {
        "aweme_id": "6850829789859695886",
        "aweme_title": "新品六款选四双，入手一组这个夏天够穿了，单网 #老爹鞋  厚底 #松糕鞋",
        "aweme_url": "https://www.iesdouyin.com/share/video/6850829789859695886/?region=CN&mid=6850829958206573325&u_code=4ck63hihae26&titleType=title",
        "download_url": "https://www.chanmama.com/awemeDetail/6850829789859695886",
        "digg_count": 3353,
        "digg_incr": 3353,
        "aweme_create_time": 1595110800,
        "category": 7,
        "volume": 82,
        "amount": 8118
      },
      "author": {
        "author_id": "94549880928",
        "nickname": "温州速缇女鞋",
        "follower_count": 588862
      }
    },
    {
      "aweme": {
        "aweme_id": "6851014229777009927",
        "aweme_title": "出锅了 我要吃一大碗",
        "aweme_url": "https://www.iesdouyin.com/share/video/6851014229777009927/?region=CN&mid=6851014221506153229&u_code=8kk8hb3afik&titleType=title",
        "download_url": "https://www.chanmama.com/awemeDetail/6851014229777009927",
        "digg_count": 3457,
        "digg_incr": 3263,
        "aweme_create_time": 1595126056,
        "category": 7,
        "volume": 101,
        "amount": 3737
      },
      "author": {
        "author_id": "104958503756",
        "nickname": "王赫",
        "follower_count": 691238
      }
    },
    {
      "aweme": {
        "aweme_id": "6851089247697407245",
        "aweme_title": "拼单继续来咯  直播间等你   快来喔#牛 #美食 #官方大大我要热门",
        "aweme_url": "https://www.iesdouyin.com/share/video/6851089247697407245/?region=CN&mid=6851089244581382926&u_code=0&titleType=title",
        "download_url": "https://www.chanmama.com/awemeDetail/6851089247697407245",
        "digg_count": 4397,
        "digg_incr": 3155,
        "aweme_create_time": 1595143523,
        "category": 7,
        "volume": 63,
        "amount": 17577
      },
      "author": {
        "author_id": "53311186746",
        "nickname": "东海县牛山张张速食品",
        "follower_count": 59771
      }
    },
    {
      "aweme": {
        "aweme_id": "6851038314410118408",
        "aweme_title": "爷爷做的腊猪头，带了核桃瘦肉，有耳朵，鼻子，牙尖，清洗干净后上锅蒸熟，想吃哪个部位切哪个部位，有没有想吃的呀？",
        "aweme_url": "https://www.iesdouyin.com/share/video/6851038314410118408/?region=CN&mid=6851038327123757837&u_code=0&titleType=title",
        "download_url": "https://www.chanmama.com/awemeDetail/6851038314410118408",
        "digg_count": 7438,
        "digg_incr": 3145,
        "aweme_create_time": 1595131664,
        "category": 7,
        "volume": 16,
        "amount": 2176
      },
      "author": {
        "author_id": "2106254932318348",
        "nickname": "帅氏土特产",
        "follower_count": 82219
      }
    },
    {
      "aweme": {
        "aweme_id": "6851025531341655300",
        "aweme_title": "酸酸辣辣的碗托你们会吃吗？？方法在这里！快拿去～话说回来，碗托到底是山西还是陕西的呀！#零食 #碗托",
        "aweme_url": "https://www.iesdouyin.com/share/video/6851025531341655300/?region=CN&mid=6851025559561046798&u_code=13h2b07990d9&titleType=title",
        "download_url": "https://www.chanmama.com/awemeDetail/6851025531341655300",
        "digg_count": 4445,
        "digg_incr": 3134,
        "aweme_create_time": 1595128694,
        "category": 7,
        "volume": 2,
        "amount": 59.8
      },
      "author": {
        "author_id": "104761982553",
        "nickname": "双双爱零食（14点直播）",
        "follower_count": 132914
      }
    },
    {
      "aweme": {
        "aweme_id": "6851106699605019912",
        "aweme_title": "#烟台暖哥 这个周末适合两个人缠绵",
        "aweme_url": "https://www.iesdouyin.com/share/video/6851106699605019912/?region=CN&mid=6851106705338551053&u_code=0&titleType=title",
        "download_url": "https://www.chanmama.com/awemeDetail/6851106699605019912",
        "digg_count": 3600,
        "digg_incr": 3024,
        "aweme_create_time": 1595147586,
        "category": 7,
        "volume": 0,
        "amount": 0
      },
      "author": {
        "author_id": "98229938635",
        "nickname": "正能量暖哥呀",
        "follower_count": 321951
      }
    },
    {
      "aweme": {
        "aweme_id": "6851123972264774923",
        "aweme_title": "一分钱一分货  小本生意不容易#美食",
        "aweme_url": "https://www.iesdouyin.com/share/video/6851123972264774923/?region=CN&mid=6851123995136363272&u_code=0&titleType=title",
        "download_url": "https://www.chanmama.com/awemeDetail/6851123972264774923",
        "digg_count": 3155,
        "digg_incr": 3024,
        "aweme_create_time": 1595151614,
        "category": 7,
        "volume": 1,
        "amount": 180
      },
      "author": {
        "author_id": "98663892048",
        "nickname": "肉丸哥（王炸）三即可",
        "follower_count": 172944
      }
    },
    {
      "aweme": {
        "aweme_id": "6851070085050666243",
        "aweme_title": "@邢小浩发了一个抖音短视频，你尽管点开，不好看算我输！",
        "aweme_url": "https://www.iesdouyin.com/share/video/6851070085050666243/?region=CN&mid=6847479097774312205&u_code=0&titleType=",
        "download_url": "https://www.chanmama.com/awemeDetail/6851070085050666243",
        "digg_count": 16288,
        "digg_incr": 3012,
        "aweme_create_time": 1595139068,
        "category": 7,
        "volume": 0,
        "amount": 0
      },
      "author": {
        "author_id": "77845690038",
        "nickname": "邢小浩",
        "follower_count": 42266
      }
    },
    {
      "aweme": {
        "aweme_id": "6851034375933447431",
        "aweme_title": "上个视频很多粉丝留言要菠菜菊花馒头的制作方法，教程来罗，喜欢的可以和孩子一起动手做起来，过程很有趣#花样面食",
        "aweme_url": "https://www.iesdouyin.com/share/video/6851034375933447431/?region=CN&mid=6851034377674148622&u_code=0&titleType=title",
        "download_url": "https://www.chanmama.com/awemeDetail/6851034375933447431",
        "digg_count": 3555,
        "digg_incr": 2986,
        "aweme_create_time": 1595130747,
        "category": 7,
        "volume": 0,
        "amount": 0
      },
      "author": {
        "author_id": "110477929864",
        "nickname": "依依麻麻",
        "follower_count": 39105
      }
    },
    {
      "aweme": {
        "aweme_id": "6851003046919408900",
        "aweme_title": "想吃小龙虾的朋友抓紧吧😀#全民dou爱吃 #小龙虾 #吃货",
        "aweme_url": "https://www.iesdouyin.com/share/video/6851003046919408900/?region=CN&mid=6851003071112481544&u_code=0&titleType=title",
        "download_url": "https://www.chanmama.com/awemeDetail/6851003046919408900",
        "digg_count": 3618,
        "digg_incr": 2825,
        "aweme_create_time": 1595123461,
        "category": 7,
        "volume": 1,
        "amount": 29.8
      },
      "author": {
        "author_id": "602177607314612",
        "nickname": "卓壮麻辣美食",
        "follower_count": 96634
      }
    },
    {
      "aweme": {
        "aweme_id": "6851119465069956360",
        "aweme_title": "没伞的人要学会雨中奔跑，人生亦如此！人生需要历练，何惧大灾大难！#正能量 @抖音小助手",
        "aweme_url": "https://www.iesdouyin.com/share/video/6851119465069956360/?region=CN&mid=6683620385356794628&u_code=b0gd9im9i9l&titleType=title",
        "download_url": "https://www.chanmama.com/awemeDetail/6851119465069956360",
        "digg_count": 2795,
        "digg_incr": 2740,
        "aweme_create_time": 1595150559,
        "category": 7,
        "volume": 0,
        "amount": 0
      },
      "author": {
        "author_id": "110954722440",
        "nickname": "友叔",
        "follower_count": 472459
      }
    },
    {
      "aweme": {
        "aweme_id": "6851036196513008907",
        "aweme_title": "生活不易摆地摊分享一些我们家乡的土特产。愿老公能早日康复，收入微薄，我也会风雨无阻，加油#717抖音奇妙好物！",
        "aweme_url": "https://www.iesdouyin.com/share/video/6851036196513008907/?region=CN&mid=6824805295245413133&u_code=0&titleType=title",
        "download_url": "https://www.chanmama.com/awemeDetail/6851036196513008907",
        "digg_count": 3766,
        "digg_incr": 2696,
        "aweme_create_time": 1595131177,
        "category": 7,
        "volume": 1,
        "amount": 25
      },
      "author": {
        "author_id": "2229451096860440",
        "nickname": "坚强的益香",
        "follower_count": 337146
      }
    },
    {
      "aweme": {
        "aweme_id": "6851076617771420940",
        "aweme_title": "这够不够大",
        "aweme_url": "https://www.iesdouyin.com/share/video/6851076617771420940/?region=CN&mid=6851076657630235400&u_code=2j8l4a5ecij8&titleType=title",
        "download_url": "https://www.chanmama.com/awemeDetail/6851076617771420940",
        "digg_count": 2697,
        "digg_incr": 2690,
        "aweme_create_time": 1595140589,
        "category": 7,
        "volume": 59,
        "amount": 584.1
      },
      "author": {
        "author_id": "3984258400264253",
        "nickname": "娟姐(绿色果园)",
        "follower_count": 13655
      }
    },
    {
      "aweme": {
        "aweme_id": "6851031422682139915",
        "aweme_title": "老子为什么说弃智绝学 见素抱朴#王东岳",
        "aweme_url": "https://www.iesdouyin.com/share/video/6851031422682139915/?region=CN&mid=6851031483629439757&u_code=0&titleType=title",
        "download_url": "https://www.chanmama.com/awemeDetail/6851031422682139915",
        "digg_count": 3821,
        "digg_incr": 2642,
        "aweme_create_time": 1595130066,
        "category": 7,
        "volume": 0,
        "amount": 0
      },
      "author": {
        "author_id": "92951486742",
        "nickname": "混沌星球哲思",
        "follower_count": 571315
      }
    },
    {
      "aweme": {
        "aweme_id": "6851008308837371151",
        "aweme_title": "没有一点技术含量的简单食谱，就一个字“蒸”！真的很好吃、连皮吃～ 宝宝大人都爱吃！#宝宝辅食",
        "aweme_url": "https://www.iesdouyin.com/share/video/6851008308837371151/?region=CN&mid=6811431060623526663&u_code=2kf52kj9m7c2&titleType=title",
        "download_url": "https://www.chanmama.com/awemeDetail/6851008308837371151",
        "digg_count": 7471,
        "digg_incr": 2601,
        "aweme_create_time": 1595124678,
        "category": 7,
        "volume": 3,
        "amount": 162
      },
      "author": {
        "author_id": "96947416706",
        "nickname": "丞噢✨妈咪",
        "follower_count": 214714
      }
    },
    {
      "aweme": {
        "aweme_id": "6851088648927071502",
        "aweme_title": "今天胖妹相好的来做客，姐姐做了猪蹄招待，大家觉得怎么样？#农村美食  #农村生活",
        "aweme_url": "https://www.iesdouyin.com/share/video/6851088648927071502/?region=CN&mid=6851088749125126926&u_code=0&titleType=title",
        "download_url": "https://www.chanmama.com/awemeDetail/6851088648927071502",
        "digg_count": 3157,
        "digg_incr": 2546,
        "aweme_create_time": 1595143407,
        "category": 7,
        "volume": 0,
        "amount": 0
      },
      "author": {
        "author_id": "3830325638332775",
        "nickname": "益阳恰香妹特产商行",
        "follower_count": 576553
      }
    },
    {
      "aweme": {
        "aweme_id": "6850996918600912128",
        "aweme_title": "一位剥核桃的大妈跟我说：虽然戴了手套。但是也避免不了核桃汁留到手腕上，家里还有两个孩子上大学。生活不易啊",
        "aweme_url": "https://www.iesdouyin.com/share/video/6850996918600912128/?region=CN&mid=6725263148762598147&u_code=0&titleType=title",
        "download_url": "https://www.chanmama.com/awemeDetail/6850996918600912128",
        "digg_count": 3148,
        "digg_incr": 2540,
        "aweme_create_time": 1595122027,
        "category": 7,
        "volume": 6,
        "amount": 252
      },
      "author": {
        "author_id": "77374488173",
        "nickname": "小张 哥",
        "follower_count": 523403
      }
    },
    {
      "aweme": {
        "aweme_id": "6851135964597718272",
        "aweme_title": "今天来的贵客，，黑骏马乐队主唱乌日格希乐图哥，，，##我要吃肉肉 #感谢抖音感谢抖音平台 #大草原 #美丽的草",
        "aweme_url": "https://www.iesdouyin.com/share/video/6851135964597718272/?region=CN&mid=6781966593586072324&u_code=0&titleType=title",
        "download_url": "https://www.chanmama.com/awemeDetail/6851135964597718272",
        "digg_count": 4119,
        "digg_incr": 2418,
        "aweme_create_time": 1595154400,
        "category": 7,
        "volume": 0,
        "amount": 0
      },
      "author": {
        "author_id": "104170817060",
        "nickname": "恩克",
        "follower_count": 391967
      }
    },
    {
      "aweme": {
        "aweme_id": "6851133279748230400",
        "aweme_title": "果冻放冰箱冷冻一下，好好吃呀，冰沙🍧的口感，一定要试一下#零食对我下手了",
        "aweme_url": "https://www.iesdouyin.com/share/video/6851133279748230400/?region=CN&mid=6851133286962449165&u_code=e9jhgfcidha&titleType=title",
        "download_url": "https://www.chanmama.com/awemeDetail/6851133279748230400",
        "digg_count": 5092,
        "digg_incr": 2392,
        "aweme_create_time": 1595153774,
        "category": 7,
        "volume": 0,
        "amount": 0
      },
      "author": {
        "author_id": "80190274850",
        "nickname": "虎妈",
        "follower_count": 153134
      }
    },
    {
      "aweme": {
        "aweme_id": "6851099317525155079",
        "aweme_title": "跟庆哥这么做八爪鱼，包你喜欢吃！#717奇妙好物在这里 #玛莎拉蒂锋芒玩家@DOU+小助手",
        "aweme_url": "https://www.iesdouyin.com/share/video/6851099317525155079/?region=CN&mid=6851099326924851976&u_code=0&titleType=title",
        "download_url": "https://www.chanmama.com/awemeDetail/6851099317525155079",
        "digg_count": 4819,
        "digg_incr": 2387,
        "aweme_create_time": 1595145868,
        "category": 7,
        "volume": 27,
        "amount": 3726
      },
      "author": {
        "author_id": "3575267387259444",
        "nickname": "金庆海鲜产地直发",
        "follower_count": 572741
      }
    },
    {
      "aweme": {
        "aweme_id": "6851165605999955215",
        "aweme_title": "只要胆子够大，就没有撩不到的妞🧐#礼物 #甜甜的恋爱",
        "aweme_url": "https://www.iesdouyin.com/share/video/6851165605999955215/?region=CN&mid=6838518831309572872&u_code=0&titleType=title",
        "download_url": "https://www.chanmama.com/awemeDetail/6851165605999955215",
        "digg_count": 2533,
        "digg_incr": 2283,
        "aweme_create_time": 1595161300,
        "category": 7,
        "volume": 42,
        "amount": 1350.8999999999999
      },
      "author": {
        "author_id": "2576908635085296",
        "nickname": "猫仙人💕",
        "follower_count": 8114
      }
    },
    {
      "aweme": {
        "aweme_id": "6851027205787536648",
        "aweme_title": "一口入魂的回锅肉盖饭，秘诀竟然是它！#趣胃大比拼 #热门 #米饭 @抖音小助手@DOU+小助手",
        "aweme_url": "https://www.iesdouyin.com/share/video/6851027205787536648/?region=CN&mid=6795424926523296519&u_code=0&titleType=title",
        "download_url": "https://www.chanmama.com/awemeDetail/6851027205787536648",
        "digg_count": 2729,
        "digg_incr": 2252,
        "aweme_create_time": 1595148633,
        "category": 7,
        "volume": 0,
        "amount": 0
      },
      "author": {
        "author_id": "110154285873",
        "nickname": "二慢食记",
        "follower_count": 340742
      }
    },
    {
      "aweme": {
        "aweme_id": "6851042546353786112",
        "aweme_title": "从你出生以来，别人总对我们指指点点，说不难过是假的，但是妈妈感谢你出现在我生命里，让我成为你的妈妈！#早产儿",
        "aweme_url": "https://www.iesdouyin.com/share/video/6851042546353786112/?region=CN&mid=6644442323981699843&u_code=161hg2fba89&titleType=title",
        "download_url": "https://www.chanmama.com/awemeDetail/6851042546353786112",
        "digg_count": 2691,
        "digg_incr": 2227,
        "aweme_create_time": 1595132649,
        "category": 7,
        "volume": 4,
        "amount": 158.4
      },
      "author": {
        "author_id": "104273206332",
        "nickname": "记录我们的点点滴滴",
        "follower_count": 202998
      }
    },
    {
      "aweme": {
        "aweme_id": "6851029174107393288",
        "aweme_title": "彩虹芒（吉鲁)最后一周了，喜欢吃的赶紧下单。#717抖音奇妙好物市集",
        "aweme_url": "https://www.iesdouyin.com/share/video/6851029174107393288/?region=CN&mid=6851029179467680519&u_code=0&titleType=title",
        "download_url": "https://www.chanmama.com/awemeDetail/6851029174107393288",
        "digg_count": 3137,
        "digg_incr": 2189,
        "aweme_create_time": 1595129536,
        "category": 7,
        "volume": 41,
        "amount": 651.9
      },
      "author": {
        "author_id": "94099024344",
        "nickname": "高帽儿（严选）",
        "follower_count": 25345
      }
    },
    {
      "aweme": {
        "aweme_id": "6851120384641633550",
        "aweme_title": "#时尚女装 #减龄穿搭 #加肥加大码女装 #显瘦穿搭 #小个子女生穿搭 #我要上热门 #每天美衣搭配分享",
        "aweme_url": "https://www.iesdouyin.com/share/video/6851120384641633550/?region=CN&mid=6829924754318068494&u_code=0&titleType=title",
        "download_url": "https://www.chanmama.com/awemeDetail/6851120384641633550",
        "digg_count": 3104,
        "digg_incr": 2142,
        "aweme_create_time": 1595150773,
        "category": 7,
        "volume": 60,
        "amount": 2940
      },
      "author": {
        "author_id": "110152263598",
        "nickname": "大维大码女装",
        "follower_count": 117520
      }
    },
    {
      "aweme": {
        "aweme_id": "6850852969466891535",
        "aweme_title": "今年31岁，5年前一场大伙。因挽救一条生命，却落*下病根，班*长鼓励我直播，播了5天挣了15块#加油加油",
        "aweme_url": "https://www.iesdouyin.com/share/video/6850852969466891535/?region=CN&mid=6838821494974318600&u_code=0&titleType=title",
        "download_url": "https://www.chanmama.com/awemeDetail/6850852969466891535",
        "digg_count": 2143,
        "digg_incr": 2119,
        "aweme_create_time": 1595088515,
        "category": 7,
        "volume": 13,
        "amount": 884
      },
      "author": {
        "author_id": "4160201286498335",
        "nickname": "诚信相待🙏",
        "follower_count": 11231
      }
    },
    {
      "aweme": {
        "aweme_id": "6851041576693632271",
        "aweme_title": "一个月了，切了无数个石榴 浪费的还没有卖出去的多，一箱十几块还不太好卖#717奇妙好物在这里 #别限流",
        "aweme_url": "https://www.iesdouyin.com/share/video/6851041576693632271/?region=CN&mid=6695727100273593102&u_code=0&titleType=title",
        "download_url": "https://www.chanmama.com/awemeDetail/6851041576693632271",
        "digg_count": 2685,
        "digg_incr": 2110,
        "aweme_create_time": 1595132424,
        "category": 7,
        "volume": 40,
        "amount": 796
      },
      "author": {
        "author_id": "71908406033",
        "nickname": "鲜野果园",
        "follower_count": 489205
      }
    },
    {
      "aweme": {
        "aweme_id": "6851030262873181455",
        "aweme_title": "我己经尽全力👍👍，上个热门行吗🌹🌹喜欢的点小黄车品尝下🌹🌹#果农不易 #自家果园",
        "aweme_url": "https://www.iesdouyin.com/share/video/6851030262873181455/?region=CN&mid=6851030275926166280&u_code=0&titleType=title",
        "download_url": "https://www.chanmama.com/awemeDetail/6851030262873181455",
        "digg_count": 2211,
        "digg_incr": 2106,
        "aweme_create_time": 1595129789,
        "category": 7,
        "volume": 0,
        "amount": 0
      },
      "author": {
        "author_id": "59639084190",
        "nickname": "四川鲜味坊果业有限公司",
        "follower_count": 28826
      }
    },
    {
      "aweme": {
        "aweme_id": "6850992136511360263",
        "aweme_title": "红心火龙果摘果了，好吃停不下，现场来一段，我太难了#抖音热门",
        "aweme_url": "https://www.iesdouyin.com/share/video/6850992136511360263/?region=CN&mid=6850992131453651726&u_code=0&titleType=title",
        "download_url": "https://www.chanmama.com/awemeDetail/6850992136511360263",
        "digg_count": 2340,
        "digg_incr": 2083,
        "aweme_create_time": 1595120913,
        "category": 7,
        "volume": 0,
        "amount": 0
      },
      "author": {
        "author_id": "3821554081211124",
        "nickname": "乡村四宝",
        "follower_count": 401411
      }
    },
    {
      "aweme": {
        "aweme_id": "6850994705249864968",
        "aweme_title": "我们开始谈恋爱了，花花好开心哦😄😀#地瓜 #牛肉丸 @抖音小助手 @宗哥",
        "aweme_url": "https://www.iesdouyin.com/share/video/6850994705249864968/?region=CN&mid=6812458313406532359&u_code=0&titleType=title",
        "download_url": "https://www.chanmama.com/awemeDetail/6850994705249864968",
        "digg_count": 2475,
        "digg_incr": 1940,
        "aweme_create_time": 1595121521,
        "category": 7,
        "volume": 0,
        "amount": 0
      },
      "author": {
        "author_id": "108752616829",
        "nickname": "盖世雄英7月28号中午12点品牌服装专场",
        "follower_count": 290691
      }
    },
    {
      "aweme": {
        "aweme_id": "6851096806856625415",
        "aweme_title": "奶奶说一份好的辣味是几代人的信念，要传承下去就一定要保证质量过的了关 #四川腊肉",
        "aweme_url": "https://www.iesdouyin.com/share/video/6851096806856625415/?region=CN&mid=6851096925119646472&u_code=4gg3miaj761c&titleType=title",
        "download_url": "https://www.chanmama.com/awemeDetail/6851096806856625415",
        "digg_count": 12390,
        "digg_incr": 1939,
        "aweme_create_time": 1595145308,
        "category": 7,
        "volume": 34,
        "amount": 2376.6000000000004
      },
      "author": {
        "author_id": "2466951052142142",
        "nickname": "榴莲姐正宗四川腊味",
        "follower_count": 48333
      }
    },
    {
      "aweme": {
        "aweme_id": "6851085540398255367",
        "aweme_title": "#717奇妙好物在这里 #一起揉揉小肚子",
        "aweme_url": "https://www.iesdouyin.com/share/video/6851085540398255367/?region=CN&mid=6851085542491310862&u_code=0&titleType=title",
        "download_url": "https://www.chanmama.com/awemeDetail/6851085540398255367",
        "digg_count": 1928,
        "digg_incr": 1936,
        "aweme_create_time": 1595142660,
        "category": 7,
        "volume": 173,
        "amount": 17127
      },
      "author": {
        "author_id": "52577107478",
        "nickname": "闫家达水产品经营部",
        "follower_count": 188056
      }
    },
    {
      "aweme": {
        "aweme_id": "6850380637099150600",
        "aweme_title": "我不快乐了，以前食物可以治愈悲伤，现在零食已经在给我制造悲伤了！哭唧唧#试吃员",
        "aweme_url": "https://www.iesdouyin.com/share/video/6850380637099150600/?region=CN&mid=6850380747103079176&u_code=0&titleType=title",
        "download_url": "https://www.chanmama.com/awemeDetail/6850380637099150600",
        "digg_count": 4403,
        "digg_incr": 1889,
        "aweme_create_time": 1595122500,
        "category": 7,
        "volume": 0,
        "amount": 0
      },
      "author": {
        "author_id": "575734005377508",
        "nickname": "吃不胖少女",
        "follower_count": 185444
      }
    },
    {
      "aweme": {
        "aweme_id": "6851115149340855559",
        "aweme_title": "今天网友全家人来看我，是我5年来一直资助的孩子，考了649分，高兴给孩子准备一份惊喜，希望孩子能喜欢，感恩遇见",
        "aweme_url": "https://www.iesdouyin.com/share/video/6851115149340855559/?region=CN&mid=6845764472330652430&u_code=0&titleType=title",
        "download_url": "https://www.chanmama.com/awemeDetail/6851115149340855559",
        "digg_count": 2489,
        "digg_incr": 1884,
        "aweme_create_time": 1595149554,
        "category": 7,
        "volume": 0,
        "amount": 0
      },
      "author": {
        "author_id": "106892526029",
        "nickname": "海涛（大表哥）山东腾骏商贸有限公司",
        "follower_count": 264864
      }
    },
    {
      "aweme": {
        "aweme_id": "6851005863671500036",
        "aweme_title": "恩科带来了一束正道的光#草原美食 #羊肉串",
        "aweme_url": "https://www.iesdouyin.com/share/video/6851005863671500036/?region=CN&mid=6851005891337145095&u_code=0&titleType=title",
        "download_url": "https://www.chanmama.com/awemeDetail/6851005863671500036",
        "digg_count": 16383,
        "digg_incr": 1881,
        "aweme_create_time": 1595124116,
        "category": 7,
        "volume": 0,
        "amount": 0
      },
      "author": {
        "author_id": "2788000154262651",
        "nickname": "乌兰巴托的美食家",
        "follower_count": 18909
      }
    },
    {
      "aweme": {
        "aweme_id": "6851042514703502596",
        "aweme_title": "小锅米线，吃上一碗元气满满 #米线  #云南米线  #过桥米线  @抖音小助手",
        "aweme_url": "https://www.iesdouyin.com/share/video/6851042514703502596/?region=CN&mid=6851042691422784263&u_code=0&titleType=title",
        "download_url": "https://www.chanmama.com/awemeDetail/6851042514703502596",
        "digg_count": 2692,
        "digg_incr": 1859,
        "aweme_create_time": 1595149200,
        "category": 7,
        "volume": 38,
        "amount": 1822.7
      },
      "author": {
        "author_id": "153568427644622",
        "nickname": "云南匠果美食教程",
        "follower_count": 450003
      }
    },
    {
      "aweme": {
        "aweme_id": "6851000697756962063",
        "aweme_title": "你以为听错了，真的买五斤送五斤。#717抖音奇妙好物市集 #抖音小助手 #",
        "aweme_url": "https://www.iesdouyin.com/share/video/6851000697756962063/?region=CN&mid=6851000680589708040&u_code=0&titleType=title",
        "download_url": "https://www.chanmama.com/awemeDetail/6851000697756962063",
        "digg_count": 1975,
        "digg_incr": 1820,
        "aweme_create_time": 1595122906,
        "category": 7,
        "volume": 0,
        "amount": 0
      },
      "author": {
        "author_id": "75354390142",
        "nickname": "攀枝花市金江镇顺刚水果店",
        "follower_count": 339050
      }
    },
    {
      "aweme": {
        "aweme_id": "6850854029434588427",
        "aweme_title": "每天直播带货、多看看我小黄车！#你品你细品",
        "aweme_url": "https://www.iesdouyin.com/share/video/6850854029434588427/?region=CN&mid=6746939977780906760&u_code=0&titleType=title",
        "download_url": "https://www.chanmama.com/awemeDetail/6850854029434588427",
        "digg_count": 3867,
        "digg_incr": 1795,
        "aweme_create_time": 1595088777,
        "category": 7,
        "volume": 0,
        "amount": 0
      },
      "author": {
        "author_id": "94975508912",
        "nickname": "正能量、大海",
        "follower_count": 480864
      }
    },
    {
      "aweme": {
        "aweme_id": "6851035817268268302",
        "aweme_title": "今天真的破天荒了，一上午卖了10瓶蜂蜜，16盒蜂巢蜜，这么久以来最多的一次，一会去2斤肉，给家里开开荤❤",
        "aweme_url": "https://www.iesdouyin.com/share/video/6851035817268268302/?region=CN&mid=6778605351227951879&u_code=0&titleType=title",
        "download_url": "https://www.chanmama.com/awemeDetail/6851035817268268302",
        "digg_count": 4548,
        "digg_incr": 1793,
        "aweme_create_time": 1595131082,
        "category": 7,
        "volume": 14,
        "amount": 952
      },
      "author": {
        "author_id": "747298463168615",
        "nickname": "纯之源",
        "follower_count": 9416
      }
    },
    {
      "aweme": {
        "aweme_id": "6850999083499359496",
        "aweme_title": "分享我最爱的香辣鸡胸肉炒面～超级好吃！平台期调整好心态，可以学我先把称藏起来～#自律 #减脂餐 #推荐",
        "aweme_url": "https://www.iesdouyin.com/share/video/6850999083499359496/?region=CN&mid=6845864977228712718&u_code=0&titleType=title",
        "download_url": "https://www.chanmama.com/awemeDetail/6850999083499359496",
        "digg_count": 2114,
        "digg_incr": 1774,
        "aweme_create_time": 1595122530,
        "category": 7,
        "volume": 34,
        "amount": 2376.6000000000004
      },
      "author": {
        "author_id": "87755879771",
        "nickname": "落落的减肥日记",
        "follower_count": 919092
      }
    },
    {
      "aweme": {
        "aweme_id": "6851084105531067662",
        "aweme_title": "原来这个音乐是这个意思，#高曙光 @抖音小助手 @抖音综艺 #限流中@DOU+小助手",
        "aweme_url": "https://www.iesdouyin.com/share/video/6851084105531067662/?region=CN&mid=6851084098979580685&u_code=0&titleType=title",
        "download_url": "https://www.chanmama.com/awemeDetail/6851084105531067662",
        "digg_count": 1857,
        "digg_incr": 1763,
        "aweme_create_time": 1595142326,
        "category": 7,
        "volume": 0,
        "amount": 0
      },
      "author": {
        "author_id": "102903906375",
        "nickname": "鱼酱匠",
        "follower_count": 79866
      }
    },
    {
      "aweme": {
        "aweme_id": "6851129290835217678",
        "aweme_title": "闺蜜看了就想给你买，我拦都拦不住哇🌝@抖音小助手",
        "aweme_url": "https://www.iesdouyin.com/share/video/6851129290835217678/?region=CN&mid=6851129297751591693&u_code=0&titleType=title",
        "download_url": "https://www.chanmama.com/awemeDetail/6851129290835217678",
        "digg_count": 2562,
        "digg_incr": 1760,
        "aweme_create_time": 1595152846,
        "category": 7,
        "volume": 0,
        "amount": 0
      },
      "author": {
        "author_id": "96242969878",
        "nickname": "小奇文具控",
        "follower_count": 919537
      }
    },
    {
      "aweme": {
        "aweme_id": "6851103676128414983",
        "aweme_title": "烟台大苹果，脆甜可口",
        "aweme_url": "https://www.iesdouyin.com/share/video/6851103676128414983/?region=CN&mid=6851103873047333646&u_code=0&titleType=title",
        "download_url": "https://www.chanmama.com/awemeDetail/6851103676128414983",
        "digg_count": 2634,
        "digg_incr": 1743,
        "aweme_create_time": 1595146905,
        "category": 7,
        "volume": 0,
        "amount": 0
      },
      "author": {
        "author_id": "4503697857309131",
        "nickname": "正能量暖哥",
        "follower_count": 256875
      }
    },
    {
      "aweme": {
        "aweme_id": "6851115141589634304",
        "aweme_title": "#烟台暖哥 关键咱说第二有敢称第一的不，哈哈哈",
        "aweme_url": "https://www.iesdouyin.com/share/video/6851115141589634304/?region=CN&mid=6851115139920448270&u_code=0&titleType=title",
        "download_url": "https://www.chanmama.com/awemeDetail/6851115141589634304",
        "digg_count": 3275,
        "digg_incr": 1735,
        "aweme_create_time": 1595149552,
        "category": 7,
        "volume": 0,
        "amount": 0
      },
      "author": {
        "author_id": "98902224598",
        "nickname": "暖哥商城",
        "follower_count": 134743
      }
    },
    {
      "aweme": {
        "aweme_id": "6851011514141396224",
        "aweme_title": "男生如何判断自己练的好不好，我这个方法应该是最直接可靠的！#健身 #健身房 #减肥 @抖音小助手",
        "aweme_url": "https://www.iesdouyin.com/share/video/6851011514141396224/?region=CN&mid=6851011522891336456&u_code=0&titleType=title",
        "download_url": "https://www.chanmama.com/awemeDetail/6851011514141396224",
        "digg_count": 2292,
        "digg_incr": 1693,
        "aweme_create_time": 1595125424,
        "category": 7,
        "volume": 6,
        "amount": 299.4
      },
      "author": {
        "author_id": "94535822603",
        "nickname": "最壮体能教练LG",
        "follower_count": 119244
      }
    },
    {
      "aweme": {
        "aweme_id": "6851004630726397199",
        "aweme_title": "减个毛线啊，准备转吃播了！等着我！",
        "aweme_url": "https://www.iesdouyin.com/share/video/6851004630726397199/?region=CN&mid=6850372147630721805&u_code=0&titleType=title",
        "download_url": "https://www.chanmama.com/awemeDetail/6851004630726397199",
        "digg_count": 2802,
        "digg_incr": 1675,
        "aweme_create_time": 1595123822,
        "category": 7,
        "volume": 36,
        "amount": 896.4
      },
      "author": {
        "author_id": "72765641595",
        "nickname": "小罗太饿了",
        "follower_count": 18813
      }
    },
    {
      "aweme": {
        "aweme_id": "6851131983003684110",
        "aweme_title": "这样做的小白兔果冻，小朋友非常喜欢吃 #美食趣胃计划  #美食@DOU+小助手",
        "aweme_url": "https://www.iesdouyin.com/share/video/6851131983003684110/?region=CN&mid=6851132059054820110&u_code=0&titleType=title",
        "download_url": "https://www.chanmama.com/awemeDetail/6851131983003684110",
        "digg_count": 4576,
        "digg_incr": 1666,
        "aweme_create_time": 1595153491,
        "category": 7,
        "volume": 0,
        "amount": 0
      },
      "author": {
        "author_id": "1543359905937038",
        "nickname": "美食小当家",
        "follower_count": 749610
      }
    },
    {
      "aweme": {
        "aweme_id": "6851043256147447048",
        "aweme_title": "#咸鸭蛋 @电商小助手",
        "aweme_url": "https://www.iesdouyin.com/share/video/6851043256147447048/?region=CN&mid=6850711098715360013&u_code=0&titleType=title",
        "download_url": "https://www.chanmama.com/awemeDetail/6851043256147447048",
        "digg_count": 1664,
        "digg_incr": 1664,
        "aweme_create_time": 1595132815,
        "category": 7,
        "volume": 413,
        "amount": 12348.699999999999
      },
      "author": {
        "author_id": "3931477124850687",
        "nickname": "农小妹-小西",
        "follower_count": 51742
      }
    },
    {
      "aweme": {
        "aweme_id": "6851032488660208911",
        "aweme_title": "民勤蜜瓜不是普通的蜜瓜 它是防沙治沙的产物 更是民勤人的希望 如果您正好需要 请支持下勤劳的民勤人 感谢#蜜瓜",
        "aweme_url": "https://www.iesdouyin.com/share/video/6851032488660208911/?region=CN&mid=6851032481915964168&u_code=0&titleType=title",
        "download_url": "https://www.chanmama.com/awemeDetail/6851032488660208911",
        "digg_count": 1667,
        "digg_incr": 1659,
        "aweme_create_time": 1595130307,
        "category": 7,
        "volume": 151,
        "amount": 3004.8999999999996
      },
      "author": {
        "author_id": "73772303905",
        "nickname": "聪聪那年鲜果园",
        "follower_count": 46007
      }
    },
    {
      "aweme": {
        "aweme_id": "6851127968073387278",
        "aweme_title": "现在不玩点套路这买卖根本干不了了！",
        "aweme_url": "https://www.iesdouyin.com/share/video/6851127968073387278/?region=CN&mid=6851128062736255751&u_code=0&titleType=title",
        "download_url": "https://www.chanmama.com/awemeDetail/6851127968073387278",
        "digg_count": 2198,
        "digg_incr": 1639,
        "aweme_create_time": 1595160038,
        "category": 7,
        "volume": 96,
        "amount": 3648
      },
      "author": {
        "author_id": "96962415737",
        "nickname": "娜斯佳海鲜",
        "follower_count": 352869
      }
    },
    {
      "aweme": {
        "aweme_id": "6851007376842132744",
        "aweme_title": "看到这个画面，有没有想抱着啃的冲动？#717奇妙好物在这里 #一起揉揉小肚子@DOU+小助手",
        "aweme_url": "https://www.iesdouyin.com/share/video/6851007376842132744/?region=CN&mid=6851007381884685063&u_code=2g9cf9d97e3b&titleType=title",
        "download_url": "https://www.chanmama.com/awemeDetail/6851007376842132744",
        "digg_count": 1957,
        "digg_incr": 1614,
        "aweme_create_time": 1595124461,
        "category": 7,
        "volume": 20,
        "amount": 2760
      },
      "author": {
        "author_id": "3575267387259444",
        "nickname": "金庆海鲜产地直发",
        "follower_count": 572741
      }
    },
    {
      "aweme": {
        "aweme_id": "6851025120824184077",
        "aweme_title": "大哥拿我蜂蜜瞧了瞧，原本以为不会买，没想到二话不说拿了两瓶丢了三百，我想找到这位大哥，把找零的钱还给他……",
        "aweme_url": "https://www.iesdouyin.com/share/video/6851025120824184077/?region=CN&mid=6784555735415016199&u_code=0&titleType=title",
        "download_url": "https://www.chanmama.com/awemeDetail/6851025120824184077",
        "digg_count": 6562,
        "digg_incr": 1607,
        "aweme_create_time": 1595128592,
        "category": 7,
        "volume": 0,
        "amount": 0
      },
      "author": {
        "author_id": "3350900598903408",
        "nickname": "卖蜜的小雨",
        "follower_count": 57120
      }
    },
    {
      "aweme": {
        "aweme_id": "6851057071379565832",
        "aweme_title": "#717奇妙好物在这里 有人说你天天吃米粉不腻吗？其实就跟北方吃馒头一样的，它是我们早餐的一部分！",
        "aweme_url": "https://www.iesdouyin.com/share/video/6851057071379565832/?region=CN&mid=6850396444105377800&u_code=0&titleType=title",
        "download_url": "https://www.chanmama.com/awemeDetail/6851057071379565832",
        "digg_count": 2129,
        "digg_incr": 1601,
        "aweme_create_time": 1595136031,
        "category": 7,
        "volume": 0,
        "amount": 0
      },
      "author": {
        "author_id": "98087020729",
        "nickname": "双妹农家味",
        "follower_count": 147075
      }
    },
    {
      "aweme": {
        "aweme_id": "6851105049242832128",
        "aweme_title": "夏日炎炎 来点水果糖冰镇一下可拉丝哦！#搞点新品778 #拉丝水果高粱饴 #童年回忆 #姐密妆备好物出道",
        "aweme_url": "https://www.iesdouyin.com/share/video/6851105049242832128/?region=CN&mid=6851105061934877453&u_code=363d0h5hdg58&titleType=title",
        "download_url": "https://www.chanmama.com/awemeDetail/6851105049242832128",
        "digg_count": 4266,
        "digg_incr": 1588,
        "aweme_create_time": 1595147202,
        "category": 7,
        "volume": 1,
        "amount": 26.8
      },
      "author": {
        "author_id": "96234533893",
        "nickname": "海草姐姐",
        "follower_count": 835389
      }
    },
    {
      "aweme": {
        "aweme_id": "6851090127742192911",
        "aweme_title": "货真价实才会得到大家的认可！#海蜇丝",
        "aweme_url": "https://www.iesdouyin.com/share/video/6851090127742192911/?region=CN&mid=6851090125917604622&u_code=2a10mmcllkcl&titleType=title",
        "download_url": "https://www.chanmama.com/awemeDetail/6851090127742192911",
        "digg_count": 9813,
        "digg_incr": 1575,
        "aweme_create_time": 1595143728,
        "category": 7,
        "volume": 116,
        "amount": 5684
      },
      "author": {
        "author_id": "1543337921482856",
        "nickname": "日照市峰滨海鲜",
        "follower_count": 68829
      }
    },
    {
      "aweme": {
        "aweme_id": "6851144666444729608",
        "aweme_title": "一天三颗枣，青春不显老！今天你吃枣了吗？😄#717奇妙好物在这里 #717抖音奇妙好物市集 #美食趣味计划",
        "aweme_url": "https://www.iesdouyin.com/share/video/6851144666444729608/?region=CN&mid=6753927786920299278&u_code=0&titleType=title",
        "download_url": "https://www.chanmama.com/awemeDetail/6851144666444729608",
        "digg_count": 2450,
        "digg_incr": 1573,
        "aweme_create_time": 1595156425,
        "category": 7,
        "volume": 2,
        "amount": 57.8
      },
      "author": {
        "author_id": "72568377157",
        "nickname": "枣哥零食",
        "follower_count": 416798
      }
    },
    {
      "aweme": {
        "aweme_id": "6851016686364003595",
        "aweme_title": "你的标准体重多少，需要减多少啊#减脂餐 #减肥",
        "aweme_url": "https://www.iesdouyin.com/share/video/6851016686364003595/?region=CN&mid=6582354188326406920&u_code=0&titleType=title",
        "download_url": "https://www.chanmama.com/awemeDetail/6851016686364003595",
        "digg_count": 3250,
        "digg_incr": 1570,
        "aweme_create_time": 1595126635,
        "category": 7,
        "volume": 24,
        "amount": 477.59999999999997
      },
      "author": {
        "author_id": "63954680491",
        "nickname": "大帅减肥很努力",
        "follower_count": 195060
      }
    },
    {
      "aweme": {
        "aweme_id": "6851135231873862912",
        "aweme_title": "生在海边，长在海边，希望把最优质，最实惠的海鲜，带给喜欢吃海鲜的您！",
        "aweme_url": "https://www.iesdouyin.com/share/video/6851135231873862912/?region=CN&mid=6851135287939795720&u_code=2a10mmcllkcl&titleType=title",
        "download_url": "https://www.chanmama.com/awemeDetail/6851135231873862912",
        "digg_count": 2172,
        "digg_incr": 1569,
        "aweme_create_time": 1595154229,
        "category": 7,
        "volume": 17,
        "amount": 1683
      },
      "author": {
        "author_id": "3161793361622488",
        "nickname": "李加亮海产品经营部",
        "follower_count": 795700
      }
    },
    {
      "aweme": {
        "aweme_id": "6851046929976020224",
        "aweme_title": "感谢生活磨炼了我的人生，也让我学会了更多的生存的技能。@DOU+小助手",
        "aweme_url": "https://www.iesdouyin.com/share/video/6851046929976020224/?region=CN&mid=6851046918010063624&u_code=4786idefjami&titleType=title",
        "download_url": "https://www.chanmama.com/awemeDetail/6851046929976020224",
        "digg_count": 3370,
        "digg_incr": 1566,
        "aweme_create_time": 1595133670,
        "category": 7,
        "volume": 1,
        "amount": 13.9
      },
      "author": {
        "author_id": "26041291927791",
        "nickname": "喜子哥",
        "follower_count": 9284
      }
    },
    {
      "aweme": {
        "aweme_id": "6850949629266201869",
        "aweme_title": "@🎀美琪🎀发了一个抖音短视频，你尽管点开，不好看算我输！",
        "aweme_url": "https://www.iesdouyin.com/share/video/6850949629266201869/?region=CN&mid=6850949875840846604&u_code=2kf52kj9m7c2&titleType=",
        "download_url": "https://www.chanmama.com/awemeDetail/6850949629266201869",
        "digg_count": 2162,
        "digg_incr": 1561,
        "aweme_create_time": 1595111048,
        "category": 7,
        "volume": 0,
        "amount": 0
      },
      "author": {
        "author_id": "4503703263699852",
        "nickname": "🎀美琪🎀",
        "follower_count": 970700
      }
    },
    {
      "aweme": {
        "aweme_id": "6850989065165163789",
        "aweme_title": "有些人可能一辈子都不知道在这个世界上还有沙漠蜜瓜，治沙人可能这辈子吃的最甜的瓜就是手里裂开的那个瓜！",
        "aweme_url": "https://www.iesdouyin.com/share/video/6850989065165163789/?region=CN&mid=6850989061336140558&u_code=0&titleType=title",
        "download_url": "https://www.chanmama.com/awemeDetail/6850989065165163789",
        "digg_count": 1614,
        "digg_incr": 1556,
        "aweme_create_time": 1595120199,
        "category": 7,
        "volume": 45,
        "amount": 1255.5
      },
      "author": {
        "author_id": "102687071965",
        "nickname": "民勤微生活",
        "follower_count": 284605
      }
    },
    {
      "aweme": {
        "aweme_id": "6851047322869042444",
        "aweme_title": "板栗红薯，干面粉甜，特别好吃！#717奇妙好物在这里 #我要上热门",
        "aweme_url": "https://www.iesdouyin.com/share/video/6851047322869042444/?region=CN&mid=6851047359326620430&u_code=35gi8h5725h5&titleType=title",
        "download_url": "https://www.chanmama.com/awemeDetail/6851047322869042444",
        "digg_count": 1723,
        "digg_incr": 1548,
        "aweme_create_time": 1595133767,
        "category": 7,
        "volume": 240,
        "amount": 4776
      },
      "author": {
        "author_id": "417450517344151",
        "nickname": "柿小农果业",
        "follower_count": 40471
      }
    },
    {
      "aweme": {
        "aweme_id": "6850986080016141583",
        "aweme_title": "有些人可能一辈子都不知道在这个世界上还有沙漠蜜瓜，治沙人这辈子最高兴的就是在这片贫瘠的土地上，种出了希望",
        "aweme_url": "https://www.iesdouyin.com/share/video/6850986080016141583/?region=CN&mid=6850986048714083085&u_code=0&titleType=title",
        "download_url": "https://www.chanmama.com/awemeDetail/6850986080016141583",
        "digg_count": 1562,
        "digg_incr": 1547,
        "aweme_create_time": 1595119504,
        "category": 7,
        "volume": 0,
        "amount": 0
      },
      "author": {
        "author_id": "2084276286788446",
        "nickname": "民勤花姐",
        "follower_count": 9340
      }
    },
    {
      "aweme": {
        "aweme_id": "6851068289976749325",
        "aweme_title": "昨天蒸的糙米饭，今天就想吃了。100克的糙米饭➕适量香菇和辣椒➕120克蛋白质！减脂有健康@抖音小助手",
        "aweme_url": "https://www.iesdouyin.com/share/video/6851068289976749325/?region=CN&mid=6849537443436169224&u_code=14dehh2i5hj3&titleType=title",
        "download_url": "https://www.chanmama.com/awemeDetail/6851068289976749325",
        "digg_count": 3063,
        "digg_incr": 1542,
        "aweme_create_time": 1595138644,
        "category": 7,
        "volume": 0,
        "amount": 0
      },
      "author": {
        "author_id": "69423310465",
        "nickname": "谢小妹的自律日记",
        "follower_count": 56632
      }
    },
    {
      "aweme": {
        "aweme_id": "6851094567765249292",
        "aweme_title": "肝求救的方式，你知道吗？#健康科普 #肝健康",
        "aweme_url": "https://www.iesdouyin.com/share/video/6851094567765249292/?region=CN&mid=6687423959735995149&u_code=0&titleType=title",
        "download_url": "https://www.chanmama.com/awemeDetail/6851094567765249292",
        "digg_count": 1759,
        "digg_incr": 1529,
        "aweme_create_time": 1595144769,
        "category": 7,
        "volume": 3,
        "amount": 59.699999999999996
      },
      "author": {
        "author_id": "3227794296279592",
        "nickname": "dyekk15yhjd6",
        "follower_count": 206841
      }
    }
  ]
}