{"data": [{"aweme": {"aweme_id": "6851030933429112071", "aweme_title": "听说第19秒是大家都想看到的画面。小伙最近挺会呀 @赖益烨_", "aweme_url": "https://www.iesdouyin.com/share/video/6851030933429112071/?region=CN&mid=6851031024508717838&u_code=0&titleType=title", "download_url": "https://www.chanmama.com/awemeDetail/6851030933429112071", "digg_count": 120709, "digg_incr": 107151, "aweme_create_time": 1595129966, "category": 8, "volume": 14, "amount": 2226}, "author": {"author_id": "62187517415", "nickname": "是郭雨妍", "follower_count": 621343}}, {"aweme": {"aweme_id": "6851044056269704461", "aweme_title": "都别烦我，现在我只想好好打篮球#野球帝courtman  @野球帝", "aweme_url": "https://www.iesdouyin.com/share/video/6851044056269704461/?region=CN&mid=6851044361682078471&u_code=0&titleType=title", "download_url": "https://www.chanmama.com/awemeDetail/6851044056269704461", "digg_count": 87315, "digg_incr": 82408, "aweme_create_time": 1595133071, "category": 8, "volume": 4, "amount": 636}, "author": {"author_id": "64705054080", "nickname": "风一样的男子🏀郭小洋", "follower_count": 332231}}, {"aweme": {"aweme_id": "6851132151644032256", "aweme_title": "跟球迷单挑的尺度一直是一个大问题，但是作为挑战的一定不能怕！#野球帝courtman", "aweme_url": "https://www.iesdouyin.com/share/video/6851132151644032256/?region=CN&mid=6851132198701009672&u_code=0&titleType=title", "download_url": "https://www.chanmama.com/awemeDetail/6851132151644032256", "digg_count": 91108, "digg_incr": 76465, "aweme_create_time": 1595153512, "category": 8, "volume": 16, "amount": 1424}, "author": {"author_id": "55827465684", "nickname": "李峙锦hyperkiller", "follower_count": 357073}}, {"aweme": {"aweme_id": "6850984675926609160", "aweme_title": "我太喜欢哪些自身优秀却不带优越感说话的人 他们明亮而不刺眼 自信满满又懂得收敛", "aweme_url": "https://www.iesdouyin.com/share/video/6850984675926609160/?region=CN&mid=6848936817320839943&u_code=0&titleType=title", "download_url": "https://www.chanmama.com/awemeDetail/6850984675926609160", "digg_count": 37137, "digg_incr": 36322, "aweme_create_time": 1595119177, "category": 8, "volume": 15, "amount": 1049.85}, "author": {"author_id": "105637887531", "nickname": "广州兜兜私人定制", "follower_count": 129845}}, {"aweme": {"aweme_id": "6850988867277868292", "aweme_title": "国足进过几次世界杯#国足#世界杯 #遇见足球", "aweme_url": "https://www.iesdouyin.com/share/video/6850988867277868292/?region=CN&mid=6842941164933417736&u_code=0&titleType=title", "download_url": "https://www.chanmama.com/awemeDetail/6850988867277868292", "digg_count": 40312, "digg_incr": 35102, "aweme_create_time": 1595120162, "category": 8, "volume": 2, "amount": 190}, "author": {"author_id": "66681027089", "nickname": "董球会董老厮", "follower_count": 432321}}, {"aweme": {"aweme_id": "6851037589391068431", "aweme_title": "还记得老大的这个广告吗？当年看过这个广告的都是老科密了#科比 #重启新赛", "aweme_url": "https://www.iesdouyin.com/share/video/6851037589391068431/?region=CN&mid=6851037597054814990&u_code=0&titleType=title", "download_url": "https://www.chanmama.com/awemeDetail/6851037589391068431", "digg_count": 74966, "digg_incr": 20515, "aweme_create_time": 1595131495, "category": 8, "volume": 1, "amount": 48}, "author": {"author_id": "94287868791", "nickname": "KOBE SHOW", "follower_count": 43426}}, {"aweme": {"aweme_id": "6851010689620823310", "aweme_title": "时尚博主上线，今天不仅很机智还很潮👍你们学会了吗？#前国脚徐亮 #遇见足球 #dou来中超", "aweme_url": "https://www.iesdouyin.com/share/video/6851010689620823310/?region=CN&mid=6851010689467288328&u_code=29e681lic6ef&titleType=title", "download_url": "https://www.chanmama.com/awemeDetail/6851010689620823310", "digg_count": 19431, "digg_incr": 19125, "aweme_create_time": 1595125233, "category": 8, "volume": 11, "amount": 418}, "author": {"author_id": "58333205076", "nickname": "徐亮", "follower_count": 229851}}, {"aweme": {"aweme_id": "6851135280716467469", "aweme_title": "“她这么瘦肯定是不吃饭/营养不良”…… “不是吧真有人以为不运动就能瘦的好看？”", "aweme_url": "https://www.iesdouyin.com/share/video/6851135280716467469/?region=CN&mid=6829158412664720141&u_code=0&titleType=title", "download_url": "https://www.chanmama.com/awemeDetail/6851135280716467469", "digg_count": 40735, "digg_incr": 15995, "aweme_create_time": 1595154241, "category": 8, "volume": 0, "amount": 0}, "author": {"author_id": "56525198297", "nickname": "CLICHE", "follower_count": 505843}}, {"aweme": {"aweme_id": "6850858438994447623", "aweme_title": "你看我这变装行不行？ #滑板  #变装", "aweme_url": "https://www.iesdouyin.com/share/video/6850858438994447623/?region=CN&mid=6850858837965392648&u_code=0&titleType=title", "download_url": "https://www.chanmama.com/awemeDetail/6850858438994447623", "digg_count": 11595, "digg_incr": 7966, "aweme_create_time": 1595127600, "category": 8, "volume": 2, "amount": 1240}, "author": {"author_id": "2431776028362152", "nickname": "滑板刘仔", "follower_count": 285972}}, {"aweme": {"aweme_id": "6851020459660643588", "aweme_title": "中超球队的口号#中超 #北京中赫国安", "aweme_url": "https://www.iesdouyin.com/share/video/6851020459660643588/?region=CN&mid=6844878348720556814&u_code=0&titleType=title", "download_url": "https://www.chanmama.com/awemeDetail/6851020459660643588", "digg_count": 8872, "digg_incr": 7890, "aweme_create_time": 1595127514, "category": 8, "volume": 0, "amount": 0}, "author": {"author_id": "66681027089", "nickname": "董球会董老厮", "follower_count": 432321}}, {"aweme": {"aweme_id": "6851030956447386880", "aweme_title": "昨天发了一个视频，有人说我卖10个30块很贵，说我hai坑别人，邮费人工材料，泡沫箱冰袋，试问下这些要💰吗", "aweme_url": "https://www.iesdouyin.com/share/video/6851030956447386880/?region=CN&mid=6765037980848655112&u_code=16gamk9b3a4j&titleType=title", "download_url": "https://www.chanmama.com/awemeDetail/6851030956447386880", "digg_count": 6205, "digg_incr": 6184, "aweme_create_time": 1595129951, "category": 8, "volume": 280, "amount": 8400}, "author": {"author_id": "105129161338", "nickname": "和美芬姐食品", "follower_count": 142265}}, {"aweme": {"aweme_id": "6851103841681673487", "aweme_title": "【下一次相遇】", "aweme_url": "https://www.iesdouyin.com/share/video/6851103841681673487/?region=CN&mid=6801336766965107460&u_code=42621bm39ck8&titleType=title", "download_url": "https://www.chanmama.com/awemeDetail/6851103841681673487", "digg_count": 12473, "digg_incr": 6142, "aweme_create_time": 1595146921, "category": 8, "volume": 19, "amount": 931}, "author": {"author_id": "68841148283", "nickname": "沙家浜物語晴", "follower_count": 960478}}, {"aweme": {"aweme_id": "6851003299974450443", "aweme_title": "链接已上，兄弟们。加油#欧文", "aweme_url": "https://www.iesdouyin.com/share/video/6851003299974450443/?region=CN&mid=6851003340768922375&u_code=3ghh3079j508&titleType=title", "download_url": "https://www.chanmama.com/awemeDetail/6851003299974450443", "digg_count": 6037, "digg_incr": 6037, "aweme_create_time": 1595123520, "category": 8, "volume": 1, "amount": 764}, "author": {"author_id": "72254184490", "nickname": "欧文中文网（每晚9点直播）", "follower_count": 490995}}, {"aweme": {"aweme_id": "6850971006576741646", "aweme_title": "跟上音乐跳起来，快乐的生活", "aweme_url": "https://www.iesdouyin.com/share/video/6850971006576741646/?region=CN&mid=6850970998381038349&u_code=0&titleType=title", "download_url": "https://www.chanmama.com/awemeDetail/6850971006576741646", "digg_count": 9497, "digg_incr": 5385, "aweme_create_time": 1595115997, "category": 8, "volume": 16, "amount": 944}, "author": {"author_id": "68087992757", "nickname": "山妹她爸", "follower_count": 271400}}, {"aweme": {"aweme_id": "6850995918913670400", "aweme_title": "下课后没顾上拖地，先跳一曲再说！#热门 #热门音乐 #芳华", "aweme_url": "https://www.iesdouyin.com/share/video/6850995918913670400/?region=CN&mid=6847793329204136712&u_code=0&titleType=title", "download_url": "https://www.chanmama.com/awemeDetail/6850995918913670400", "digg_count": 6641, "digg_incr": 5094, "aweme_create_time": 1595121793, "category": 8, "volume": 2, "amount": 178}, "author": {"author_id": "4019435223134067", "nickname": "阳城县山妹舞蹈俱乐部", "follower_count": 196240}}, {"aweme": {"aweme_id": "6850968037017931023", "aweme_title": "#榆树市波姐服装店 #感谢官方感谢热门", "aweme_url": "https://www.iesdouyin.com/share/video/6850968037017931023/?region=CN&mid=6677424889709923075&u_code=49kkfd4d4533&titleType=title", "download_url": "https://www.chanmama.com/awemeDetail/6850968037017931023", "digg_count": 5300, "digg_incr": 4823, "aweme_create_time": 1595115305, "category": 8, "volume": 368, "amount": 18032}, "author": {"author_id": "4300900995434559", "nickname": "榆树市波姐服装店", "follower_count": 56044}}, {"aweme": {"aweme_id": "6851111417458756877", "aweme_title": "张伟丽下一个对手暴徒玫瑰的故事（一） 苦难的童年  持续更新中", "aweme_url": "https://www.iesdouyin.com/share/video/6851111417458756877/?region=CN&mid=6851111554084719374&u_code=0&titleType=title", "download_url": "https://www.chanmama.com/awemeDetail/6851111417458756877", "digg_count": 5366, "digg_incr": 4681, "aweme_create_time": 1595148708, "category": 8, "volume": 0, "amount": 0}, "author": {"author_id": "58946567682", "nickname": "格斗营长", "follower_count": 600408}}, {"aweme": {"aweme_id": "6851010622168009984", "aweme_title": "#曳步舞0基础教学 @抖音小助手", "aweme_url": "https://www.iesdouyin.com/share/video/6851010622168009984/?region=CN&mid=6851010632532134670&u_code=0&titleType=title", "download_url": "https://www.chanmama.com/awemeDetail/6851010622168009984", "digg_count": 6676, "digg_incr": 4287, "aweme_create_time": 1595125216, "category": 8, "volume": 0, "amount": 0}, "author": {"author_id": "93514330439", "nickname": "小黄人曳步舞", "follower_count": 618390}}, {"aweme": {"aweme_id": "6850973745092267264", "aweme_title": "每天教大家简单易学舞步#曳步舞 #教学 #全民健身 #运动 #每天坚持锻炼 @抖音小助手", "aweme_url": "https://www.iesdouyin.com/share/video/6850973745092267264/?region=CN&mid=6850973713651796743&u_code=0&titleType=title", "download_url": "https://www.chanmama.com/awemeDetail/6850973745092267264", "digg_count": 4902, "digg_incr": 4186, "aweme_create_time": 1595116633, "category": 8, "volume": 1, "amount": 139}, "author": {"author_id": "1692895611191784", "nickname": "曳步舞可可", "follower_count": 490617}}, {"aweme": {"aweme_id": "6851199560442727688", "aweme_title": "男生胸部肥大应该怎么办呢？15天轻松解决！赶紧试试吧！#专业健身联盟 #减肥", "aweme_url": "https://www.iesdouyin.com/share/video/6851199560442727688/?region=CN&mid=6830993986610629390&u_code=0&titleType=title", "download_url": "https://www.chanmama.com/awemeDetail/6851199560442727688", "digg_count": 6261, "digg_incr": 3945, "aweme_create_time": 1595169207, "category": 8, "volume": 4, "amount": 79.6}, "author": {"author_id": "71986983999", "nickname": "其名为坤爱健身", "follower_count": 847506}}, {"aweme": {"aweme_id": "6851003825361292548", "aweme_title": "看着大 实际上称出来只有十几斤#水库青鱼", "aweme_url": "https://www.iesdouyin.com/share/video/6851003825361292548/?region=CN&mid=6851003871788108552&u_code=0&titleType=title", "download_url": "https://www.chanmama.com/awemeDetail/6851003825361292548", "digg_count": 4541, "digg_incr": 3810, "aweme_create_time": 1595123642, "category": 8, "volume": 0, "amount": 0}, "author": {"author_id": "106882806578", "nickname": "上海美人鱼钓具", "follower_count": 55611}}, {"aweme": {"aweme_id": "6851105422368115976", "aweme_title": "4步教你正确落地方式 #专业健身联盟", "aweme_url": "https://www.iesdouyin.com/share/video/6851105422368115976/?region=CN&mid=6851105516278614798&u_code=0&titleType=title", "download_url": "https://www.chanmama.com/awemeDetail/6851105422368115976", "digg_count": 4729, "digg_incr": 3518, "aweme_create_time": 1595147311, "category": 8, "volume": 3, "amount": 267}, "author": {"author_id": "945174595508699", "nickname": "石春健-跑步你问我答", "follower_count": 173261}}, {"aweme": {"aweme_id": "6850977884207598856", "aweme_title": "嗨早上好！女生每日必练200➕，瘦腿提臀 纠正腿型 修复盆底肌 快来跟我一起打卡啦！#瘦腿提臀", "aweme_url": "https://www.iesdouyin.com/share/video/6850977884207598856/?region=CN&mid=6850977861499767560&u_code=0&titleType=title", "download_url": "https://www.chanmama.com/awemeDetail/6850977884207598856", "digg_count": 3713, "digg_incr": 3461, "aweme_create_time": 1595117596, "category": 8, "volume": 55, "amount": 1644.5}, "author": {"author_id": "111430669733", "nickname": "丹教瘦", "follower_count": 826405}}, {"aweme": {"aweme_id": "6851116677136993548", "aweme_title": "#吉普jeep皮带 真皮皮带专场来了，快来哦，各位男士们～", "aweme_url": "https://www.iesdouyin.com/share/video/6851116677136993548/?region=CN&mid=6851116697748196104&u_code=33dm32587gd7&titleType=title", "download_url": "https://www.chanmama.com/awemeDetail/6851116677136993548", "digg_count": 3257, "digg_incr": 3257, "aweme_create_time": 1595149916, "category": 8, "volume": 0, "amount": 0}, "author": {"author_id": "76879634539", "nickname": "欧阳轻轻（今晚：jeep吉普皮带专场）", "follower_count": 295188}}, {"aweme": {"aweme_id": "6850976882712775936", "aweme_title": "爸爸妈妈给我的不少不多#03", "aweme_url": "https://www.iesdouyin.com/share/video/6850976882712775936/?region=CN&mid=6848966594975779598&u_code=3e536eh42gd3&titleType=title", "download_url": "https://www.chanmama.com/awemeDetail/6850976882712775936", "digg_count": 4337, "digg_incr": 3239, "aweme_create_time": 1595117363, "category": 8, "volume": 3, "amount": 207}, "author": {"author_id": "64610365885", "nickname": "AGeek 吕功珏 ⛹🏻‍♂️", "follower_count": 6903}}, {"aweme": {"aweme_id": "6851056980581223694", "aweme_title": "适合夏天穿的鞋子，我们帮您准备好了#潮流男鞋", "aweme_url": "https://www.iesdouyin.com/share/video/6851056980581223694/?region=CN&mid=6851057074495933191&u_code=0&titleType=title", "download_url": "https://www.chanmama.com/awemeDetail/6851056980581223694", "digg_count": 2814, "digg_incr": 2814, "aweme_create_time": 1595136034, "category": 8, "volume": 171, "amount": 16929}, "author": {"author_id": "2291012634163304", "nickname": "瑞安鲁文鞋服", "follower_count": 142991}}, {"aweme": {"aweme_id": "6851042788289613063", "aweme_title": "给初跑者的建议#跑步自律 #宝藏女神驾到", "aweme_url": "https://www.iesdouyin.com/share/video/6851042788289613063/?region=CN&mid=6847014174079961870&u_code=0&titleType=title", "download_url": "https://www.chanmama.com/awemeDetail/6851042788289613063", "digg_count": 3474, "digg_incr": 2595, "aweme_create_time": 1595132706, "category": 8, "volume": 9, "amount": 2036}, "author": {"author_id": "58899944183", "nickname": "丹", "follower_count": 127360}}, {"aweme": {"aweme_id": "6851029248514313475", "aweme_title": "野外捕鱼，实践告诉大家，哪种饵料鱼更爱 #户外  #捕鱼", "aweme_url": "https://www.iesdouyin.com/share/video/6851029248514313475/?region=CN&mid=6851029420585667335&u_code=0&titleType=title", "download_url": "https://www.chanmama.com/awemeDetail/6851029248514313475", "digg_count": 2939, "digg_incr": 2582, "aweme_create_time": 1595129591, "category": 8, "volume": 2, "amount": 16.32}, "author": {"author_id": "980364985905816", "nickname": "威虎山小赵哥", "follower_count": 140982}}, {"aweme": {"aweme_id": "6851019204422929677", "aweme_title": "@钓鱼哪家强发了一个抖音短视频，你尽管点开，不好看算我输！", "aweme_url": "https://www.iesdouyin.com/share/video/6851019204422929677/?region=CN&mid=6735586686815849220&u_code=0&titleType=", "download_url": "https://www.chanmama.com/awemeDetail/6851019204422929677", "digg_count": 3989, "digg_incr": 2538, "aweme_create_time": 1595127215, "category": 8, "volume": 38, "amount": 490.2}, "author": {"author_id": "65921971485", "nickname": "钓鱼哪家强", "follower_count": 993413}}, {"aweme": {"aweme_id": "6851098172530429192", "aweme_title": "最实用的壶铃用法，练会跳舞的蜜桃tun#臀腿训练", "aweme_url": "https://www.iesdouyin.com/share/video/6851098172530429192/?region=CN&mid=6851098176859294471&u_code=2a10mmcllkcl&titleType=title", "download_url": "https://www.chanmama.com/awemeDetail/6851098172530429192", "digg_count": 3239, "digg_incr": 2506, "aweme_create_time": 1595145601, "category": 8, "volume": 6, "amount": 294}, "author": {"author_id": "109670723892", "nickname": "练沙漏身材的小姐姐", "follower_count": 196298}}, {"aweme": {"aweme_id": "6851105352449117454", "aweme_title": "UFC最风S的拳手——“夜师傅”托尼·弗格森#ufc", "aweme_url": "https://www.iesdouyin.com/share/video/6851105352449117454/?region=CN&mid=6851105362079238926&u_code=15jlfgkc8d83&titleType=title", "download_url": "https://www.chanmama.com/awemeDetail/6851105352449117454", "digg_count": 2262, "digg_incr": 2226, "aweme_create_time": 1595147273, "category": 8, "volume": 0, "amount": 0}, "author": {"author_id": "95431877065", "nickname": "用武之地 武林大事件", "follower_count": 612942}}, {"aweme": {"aweme_id": "6851032921210522894", "aweme_title": "#Vlog 今天来点不一样的视频 给大家看看我的小房间～", "aweme_url": "https://www.iesdouyin.com/share/video/6851032921210522894/?region=CN&mid=6851032936783891214&u_code=0&titleType=title", "download_url": "https://www.chanmama.com/awemeDetail/6851032921210522894", "digg_count": 2624, "digg_incr": 2063, "aweme_create_time": 1595130409, "category": 8, "volume": 25, "amount": 475}, "author": {"author_id": "67778881723", "nickname": "九日炮killem", "follower_count": 47560}}, {"aweme": {"aweme_id": "6851130619192282368", "aweme_title": "选对音乐，事半功倍，享受跳绳如蹦迪的感觉，每晚七点等你爆汗全身。", "aweme_url": "https://www.iesdouyin.com/share/video/6851130619192282368/?region=CN&mid=6559405111246850820&u_code=0&titleType=title", "download_url": "https://www.chanmama.com/awemeDetail/6851130619192282368", "digg_count": 2822, "digg_incr": 1976, "aweme_create_time": 1595153155, "category": 8, "volume": 6, "amount": 186}, "author": {"author_id": "99385706687", "nickname": "跳绳姐（已瘦78斤）每晚七点直播跳绳", "follower_count": 301083}}, {"aweme": {"aweme_id": "6851205424558001411", "aweme_title": "你所见即是我，好与坏我都不反驳 #穿搭  @DOU+小助手", "aweme_url": "https://www.iesdouyin.com/share/video/6851205424558001411/?region=CN&mid=6851205763102460680&u_code=0&titleType=title", "download_url": "https://www.chanmama.com/awemeDetail/6851205424558001411", "digg_count": 5056, "digg_incr": 1925, "aweme_create_time": 1595170654, "category": 8, "volume": 0, "amount": 0}, "author": {"author_id": "63327367730", "nickname": "YHM思思（全天直播）", "follower_count": 75512}}, {"aweme": {"aweme_id": "6851026887477693710", "aweme_title": "@沙家浜物語晴发了一个抖音短视频，你尽管点开，不好看算我输！", "aweme_url": "https://www.iesdouyin.com/share/video/6851026887477693710/?region=CN&mid=6710405750302427918&u_code=0&titleType=", "download_url": "https://www.chanmama.com/awemeDetail/6851026887477693710", "digg_count": 2851, "digg_incr": 1848, "aweme_create_time": 1595129004, "category": 8, "volume": 0, "amount": 0}, "author": {"author_id": "68841148283", "nickname": "沙家浜物語晴", "follower_count": 960478}}, {"aweme": {"aweme_id": "6851131374687112463", "aweme_title": "上个视频抱着妈妈跳舞，妈妈说抱着跳找不到节奏，这次要自己跳，看后面的爸笑的，祝天下所有父母笑口常开！身体健康！", "aweme_url": "https://www.iesdouyin.com/share/video/6851131374687112463/?region=CN&mid=6839650149539957518&u_code=0&titleType=title", "download_url": "https://www.chanmama.com/awemeDetail/6851131374687112463", "digg_count": 2391, "digg_incr": 1847, "aweme_create_time": 1595153331, "category": 8, "volume": 0, "amount": 0}, "author": {"author_id": "79612390812", "nickname": "力哥", "follower_count": 132213}}, {"aweme": {"aweme_id": "6850942971316096256", "aweme_title": "@沙家浜物語晴发了一个抖音短视频，你尽管点开，不好看算我输！", "aweme_url": "https://www.iesdouyin.com/share/video/6850942971316096256/?region=CN&mid=6848832391776307982&u_code=2426m3mj1l40&titleType=", "download_url": "https://www.chanmama.com/awemeDetail/6850942971316096256", "digg_count": 2879, "digg_incr": 1824, "aweme_create_time": 1595109522, "category": 8, "volume": 4, "amount": 196}, "author": {"author_id": "68841148283", "nickname": "沙家浜物語晴", "follower_count": 960478}}, {"aweme": {"aweme_id": "6850963235571633411", "aweme_title": "越来越喜欢自己了，自己佩服自己，对自己做的事，从骨子里面的自信，活出自我😳#自律 #减肥 #逆袭", "aweme_url": "https://www.iesdouyin.com/share/video/6850963235571633411/?region=CN&mid=6849839518523214605&u_code=0&titleType=title", "download_url": "https://www.chanmama.com/awemeDetail/6850963235571633411", "digg_count": 2788, "digg_incr": 1823, "aweme_create_time": 1595114205, "category": 8, "volume": 29, "amount": 1711}, "author": {"author_id": "93106991771", "nickname": "辫子奕", "follower_count": 180506}}, {"aweme": {"aweme_id": "6851004437595491592", "aweme_title": "#顾辉 #昆仑决 #格斗 #搏击 顾辉被气炸了，后果很严重@抖音小助手", "aweme_url": "https://www.iesdouyin.com/share/video/6851004437595491592/?region=CN&mid=6851004431169850119&u_code=0&titleType=title", "download_url": "https://www.chanmama.com/awemeDetail/6851004437595491592", "digg_count": 2722, "digg_incr": 1782, "aweme_create_time": 1595123777, "category": 8, "volume": 2, "amount": 68}, "author": {"author_id": "61277453083", "nickname": "感动中国🇨🇳", "follower_count": 84186}}, {"aweme": {"aweme_id": "6851061771965353223", "aweme_title": "只要一拍小抖音 、好像自己很年轻。70后的我还是一颗俏皮的心，自信，阳光，有没有感染到你？#每日穿搭", "aweme_url": "https://www.iesdouyin.com/share/video/6851061771965353223/?region=CN&mid=6845855074703837959&u_code=0&titleType=title", "download_url": "https://www.chanmama.com/awemeDetail/6851061771965353223", "digg_count": 2430, "digg_incr": 1759, "aweme_create_time": 1595137126, "category": 8, "volume": 16, "amount": 2384}, "author": {"author_id": "93663998158", "nickname": "依缘魅影服装店", "follower_count": 85296}}, {"aweme": {"aweme_id": "6850948833665371407", "aweme_title": "美好的一天开始啦 亲们早安🍵🍵@抖音小助手 🔥🔥🔥", "aweme_url": "https://www.iesdouyin.com/share/video/6850948833665371407/?region=CN&mid=6797970601022917389&u_code=0&titleType=title", "download_url": "https://www.chanmama.com/awemeDetail/6850948833665371407", "digg_count": 2099, "digg_incr": 1746, "aweme_create_time": 1595110840, "category": 8, "volume": 0, "amount": 0}, "author": {"author_id": "98903207453", "nickname": "遇见你是我的缘🍒", "follower_count": 240047}}, {"aweme": {"aweme_id": "6850948955400981775", "aweme_title": "睡不着，5:00起来跑步。早上的空气特别好。", "aweme_url": "https://www.iesdouyin.com/share/video/6850948955400981775/?region=CN&mid=6834078949820222216&u_code=0&titleType=title", "download_url": "https://www.chanmama.com/awemeDetail/6850948955400981775", "digg_count": 2224, "digg_incr": 1742, "aweme_create_time": 1595110870, "category": 8, "volume": 0, "amount": 0}, "author": {"author_id": "104795294779", "nickname": "吴三姐", "follower_count": 128712}}, {"aweme": {"aweme_id": "6850778212004384007", "aweme_title": "台球郑宇伯｜高杆教学2  #中式台球  @抖音体育  @台球🎱小诗怡", "aweme_url": "https://www.iesdouyin.com/share/video/6850778212004384007/?region=CN&mid=6850778330162809614&u_code=0&titleType=title", "download_url": "https://www.chanmama.com/awemeDetail/6850778212004384007", "digg_count": 1923, "digg_incr": 1710, "aweme_create_time": 1595131200, "category": 8, "volume": 0, "amount": 0}, "author": {"author_id": "101314652576", "nickname": "郑宇伯", "follower_count": 135487}}, {"aweme": {"aweme_id": "6851081742376291584", "aweme_title": "好好看好洋气😄海边必备ins单品💕", "aweme_url": "https://www.iesdouyin.com/share/video/6851081742376291584/?region=CN&mid=6851081739739106061&u_code=0&titleType=title", "download_url": "https://www.chanmama.com/awemeDetail/6851081742376291584", "digg_count": 1691, "digg_incr": 1706, "aweme_create_time": 1595141775, "category": 8, "volume": 1, "amount": 299}, "author": {"author_id": "55392690924", "nickname": "地主style服饰搭配", "follower_count": 205713}}, {"aweme": {"aweme_id": "6851122494514990349", "aweme_title": "夏天防止脚臭最好办法就是一双拖鞋一双球鞋，到家好进门!@准者篮球训练营（福利继续） @DOU+小助手", "aweme_url": "https://www.iesdouyin.com/share/video/6851122494514990349/?region=CN&mid=6851122491998800648&u_code=161hg4l042h&titleType=title", "download_url": "https://www.chanmama.com/awemeDetail/6851122494514990349", "digg_count": 2676, "digg_incr": 1640, "aweme_create_time": 1595151264, "category": 8, "volume": 0, "amount": 0}, "author": {"author_id": "22345748381", "nickname": "已重置", "follower_count": 262625}}, {"aweme": {"aweme_id": "6851008537468914957", "aweme_title": "来 室内篮球架 宝宝肯定喜欢#717奇妙好物市集 #717奇妙好物", "aweme_url": "https://www.iesdouyin.com/share/video/6851008537468914957/?region=CN&mid=6851008634936101640&u_code=j26jlkea1ka&titleType=title", "download_url": "https://www.chanmama.com/awemeDetail/6851008537468914957", "digg_count": 1647, "digg_incr": 1628, "aweme_create_time": 1595124753, "category": 8, "volume": 0, "amount": 0}, "author": {"author_id": "96049627140", "nickname": "LH981482027", "follower_count": 193256}}, {"aweme": {"aweme_id": "6850969140379929859", "aweme_title": "#桥边的小姑娘 🔥 原创海伦！这舞是越跳越带劲@抖音小助手 #曳步舞", "aweme_url": "https://www.iesdouyin.com/share/video/6850969140379929859/?region=CN&mid=6850969154032323341&u_code=0&titleType=title", "download_url": "https://www.chanmama.com/awemeDetail/6850969140379929859", "digg_count": 2225, "digg_incr": 1610, "aweme_create_time": 1595115576, "category": 8, "volume": 0, "amount": 0}, "author": {"author_id": "83802280963", "nickname": "💋夏丽", "follower_count": 250435}}, {"aweme": {"aweme_id": "6851152078342016259", "aweme_title": "有点难#健身 #专业健身联盟 #核心", "aweme_url": "https://www.iesdouyin.com/share/video/6851152078342016259/?region=CN&mid=6851152111070497544&u_code=0&titleType=title", "download_url": "https://www.chanmama.com/awemeDetail/6851152078342016259", "digg_count": 2058, "digg_incr": 1559, "aweme_create_time": 1595158157, "category": 8, "volume": 0, "amount": 0}, "author": {"author_id": "74392780920", "nickname": "帽子Sina", "follower_count": 929996}}, {"aweme": {"aweme_id": "6850993473882049805", "aweme_title": "坚持一周你会发现皮肤紧致了，身材变好了，告别水桶腰，告别副乳，告别虎背熊腰#一种运动塑形全身#@DOU+小助手", "aweme_url": "https://www.iesdouyin.com/share/video/6850993473882049805/?region=CN&mid=6850993467573816077&u_code=0&titleType=title", "download_url": "https://www.chanmama.com/awemeDetail/6850993473882049805", "digg_count": 2944, "digg_incr": 1532, "aweme_create_time": 1595121225, "category": 8, "volume": 8, "amount": 392}, "author": {"author_id": "98471448758", "nickname": "@ 美丽的守候6@玉米妹", "follower_count": 113203}}, {"aweme": {"aweme_id": "6851017393267936512", "aweme_title": "@佳丽服饰AA发了一个抖音短视频，你尽管点开，不好看算我输！", "aweme_url": "https://www.iesdouyin.com/share/video/6851017393267936512/?region=CN&mid=6851017565951494926&u_code=2djli8g9h047&titleType=", "download_url": "https://www.chanmama.com/awemeDetail/6851017393267936512", "digg_count": 1533, "digg_incr": 1530, "aweme_create_time": 1595126813, "category": 8, "volume": 0, "amount": 0}, "author": {"author_id": "1903983466393438", "nickname": "佳丽服饰AA", "follower_count": 113659}}, {"aweme": {"aweme_id": "6850997491232525582", "aweme_title": "健身房，我老满意了😁😁😁", "aweme_url": "https://www.iesdouyin.com/share/video/6850997491232525582/?region=CN&mid=6850997477983046407&u_code=0&titleType=title", "download_url": "https://www.chanmama.com/awemeDetail/6850997491232525582", "digg_count": 1837, "digg_incr": 1522, "aweme_create_time": 1595122160, "category": 8, "volume": 0, "amount": 0}, "author": {"author_id": "67443385468", "nickname": "璐璐-zhu", "follower_count": 584240}}, {"aweme": {"aweme_id": "6850997855704993027", "aweme_title": "每天这样练，唱歌变好听#抖音小助手 #教唱歌 #抖音有好课 #零基础学唱歌 #声乐教学 #唱歌教学技巧", "aweme_url": "https://www.iesdouyin.com/share/video/6850997855704993027/?region=CN&mid=6850997888584059661&u_code=0&titleType=title", "download_url": "https://www.chanmama.com/awemeDetail/6850997855704993027", "digg_count": 2162, "digg_incr": 1521, "aweme_create_time": 1595122253, "category": 8, "volume": 4, "amount": 36}, "author": {"author_id": "4085426122663427", "nickname": "李咏宜教你唱歌", "follower_count": 73232}}, {"aweme": {"aweme_id": "6850979052573003016", "aweme_title": "《火火的爱》32步背面，忒带劲了，一起来吧", "aweme_url": "https://www.iesdouyin.com/share/video/6850979052573003016/?region=CN&mid=6749736095421926157&u_code=0&titleType=title", "download_url": "https://www.chanmama.com/awemeDetail/6850979052573003016", "digg_count": 1914, "digg_incr": 1502, "aweme_create_time": 1595117869, "category": 8, "volume": 0, "amount": 0}, "author": {"author_id": "83926582025", "nickname": "林妹妹❤️跳舞", "follower_count": 666551}}, {"aweme": {"aweme_id": "6851123551240523016", "aweme_title": "连续下了几天的雨终于停一会了，睡了一下午头疼啊😢拍个视频提提精神😁", "aweme_url": "https://www.iesdouyin.com/share/video/6851123551240523016/?region=CN&mid=6791980472168958727&u_code=0&titleType=title", "download_url": "https://www.chanmama.com/awemeDetail/6851123551240523016", "digg_count": 1778, "digg_incr": 1473, "aweme_create_time": 1595151510, "category": 8, "volume": 0, "amount": 0}, "author": {"author_id": "103883647530", "nickname": "对自己好点", "follower_count": 200678}}, {"aweme": {"aweme_id": "6851117633216056589", "aweme_title": "我家的飞织透气鞋，你居然还没有吗？#七天无理由退换", "aweme_url": "https://www.iesdouyin.com/share/video/6851117633216056589/?region=CN&mid=6851118004323748615&u_code=0&titleType=title", "download_url": "https://www.chanmama.com/awemeDetail/6851117633216056589", "digg_count": 3985, "digg_incr": 1445, "aweme_create_time": 1595150211, "category": 8, "volume": 73, "amount": 7227}, "author": {"author_id": "2291012634163304", "nickname": "瑞安鲁文鞋服", "follower_count": 142991}}, {"aweme": {"aweme_id": "6851120682466643214", "aweme_title": "学生时期给自己提醒的估计就是手上的茧子了！这个还可以绑在爱上，再也不怕写字手疼啦！#护指", "aweme_url": "https://www.iesdouyin.com/share/video/6851120682466643214/?region=CN&mid=6803986176686213896&u_code=0&titleType=title", "download_url": "https://www.chanmama.com/awemeDetail/6851120682466643214", "digg_count": 5869, "digg_incr": 1442, "aweme_create_time": 1595150842, "category": 8, "volume": 11, "amount": 108.9}, "author": {"author_id": "3997471019116059", "nickname": "学生党好物优选", "follower_count": 170662}}, {"aweme": {"aweme_id": "6851005657722735879", "aweme_title": "爱心 便携式伸缩折叠凳#正能量 #717抖音奇妙好物市集 @抖音小助手@DOU+小助手", "aweme_url": "https://www.iesdouyin.com/share/video/6851005657722735879/?region=CN&mid=6851005648973335304&u_code=0&titleType=title", "download_url": "https://www.chanmama.com/awemeDetail/6851005657722735879", "digg_count": 1434, "digg_incr": 1419, "aweme_create_time": 1595124061, "category": 8, "volume": 0, "amount": 0}, "author": {"author_id": "105152955379", "nickname": "龙创尤品", "follower_count": 192359}}, {"aweme": {"aweme_id": "6851132258825293063", "aweme_title": "跟着胖兵，一条多功能腰带，助你野营愉快 #测评测评 #户外装备 #好物推荐", "aweme_url": "https://www.iesdouyin.com/share/video/6851132258825293063/?region=CN&mid=6851132354828815111&u_code=0&titleType=title", "download_url": "https://www.chanmama.com/awemeDetail/6851132258825293063", "digg_count": 3373, "digg_incr": 1398, "aweme_create_time": 1595153555, "category": 8, "volume": 7, "amount": 756}, "author": {"author_id": "98498349234", "nickname": "铁血胖兵", "follower_count": 304290}}, {"aweme": {"aweme_id": "6850930659968470285", "aweme_title": "无论你现在遇见什么，请你相信，自律能给你力量，而坚持会给你带来收获#瑜伽 #自律 #717抖音奇妙好物市集", "aweme_url": "https://www.iesdouyin.com/share/video/6850930659968470285/?region=CN&mid=6850930568733969166&u_code=0&titleType=title", "download_url": "https://www.chanmama.com/awemeDetail/6850930659968470285", "digg_count": 2071, "digg_incr": 1379, "aweme_create_time": 1595106636, "category": 8, "volume": 0, "amount": 0}, "author": {"author_id": "74825776076", "nickname": "辣妈瑜伽", "follower_count": 375851}}, {"aweme": {"aweme_id": "6850965813747272975", "aweme_title": "师傅，不要再拉了。我的小心脏受不了，我先喝一口1972年的拉菲压压惊#飞比特隐形腰包", "aweme_url": "https://www.iesdouyin.com/share/video/6850965813747272975/?region=CN&mid=6850965781153434381&u_code=0&titleType=title", "download_url": "https://www.chanmama.com/awemeDetail/6850965813747272975", "digg_count": 1421, "digg_incr": 1375, "aweme_create_time": 1595114788, "category": 8, "volume": 7, "amount": 308}, "author": {"author_id": "99627826440", "nickname": "马可周惠民", "follower_count": 13366}}, {"aweme": {"aweme_id": "6851061141959904519", "aweme_title": "@潍坊咏美发了一个抖音短视频，你尽管点开，不好看算我输！", "aweme_url": "https://www.iesdouyin.com/share/video/6851061141959904519/?region=CN&mid=6800263891428363022&u_code=0&titleType=", "download_url": "https://www.chanmama.com/awemeDetail/6851061141959904519", "digg_count": 4683, "digg_incr": 1346, "aweme_create_time": 1595136979, "category": 8, "volume": 1, "amount": 69}, "author": {"author_id": "93212675131", "nickname": "潍坊咏美", "follower_count": 439998}}, {"aweme": {"aweme_id": "6851076069714414863", "aweme_title": "这么好看的衣服自己去想怎么形容吧，我是没词了#夏季穿搭 #感谢抖音小助手 #热门", "aweme_url": "https://www.iesdouyin.com/share/video/6851076069714414863/?region=CN&mid=6837003551991253768&u_code=0&titleType=title", "download_url": "https://www.chanmama.com/awemeDetail/6851076069714414863", "digg_count": 1392, "digg_incr": 1333, "aweme_create_time": 1595140455, "category": 8, "volume": 43, "amount": 1715.7}, "author": {"author_id": "84052267220", "nickname": "牛仔控", "follower_count": 91621}}, {"aweme": {"aweme_id": "6850952920821812491", "aweme_title": "用心做好纸，不忘初心#717奇妙好物在这里 @抖音小助手", "aweme_url": "https://www.iesdouyin.com/share/video/6850952920821812491/?region=CN&mid=6835932917009910542&u_code=0&titleType=title", "download_url": "https://www.chanmama.com/awemeDetail/6850952920821812491", "digg_count": 1375, "digg_incr": 1298, "aweme_create_time": 1595111815, "category": 8, "volume": 529, "amount": 5237.1}, "author": {"author_id": "51263555596", "nickname": "英妮日用品店", "follower_count": 14702}}, {"aweme": {"aweme_id": "6851130520764550414", "aweme_title": "长期跑步有伤害吗？ 有，如果你长期，科学，规律的坚持跑步，那么，你肯定会伤害到你的同龄人。#飞比特隐形腰包", "aweme_url": "https://www.iesdouyin.com/share/video/6851130520764550414/?region=CN&mid=6850941853768944391&u_code=0&titleType=title", "download_url": "https://www.chanmama.com/awemeDetail/6851130520764550414", "digg_count": 2688, "digg_incr": 1209, "aweme_create_time": 1595153132, "category": 8, "volume": 0, "amount": 0}, "author": {"author_id": "58899944183", "nickname": "丹", "follower_count": 127360}}, {"aweme": {"aweme_id": "6851017538021641475", "aweme_title": "养伤的道路是曲折的 📹@小恒恒呦 #truthlongboard #HANGER", "aweme_url": "https://www.iesdouyin.com/share/video/6851017538021641475/?region=CN&mid=6851017551028308750&u_code=0&titleType=title", "download_url": "https://www.chanmama.com/awemeDetail/6851017538021641475", "digg_count": 1438, "digg_incr": 1208, "aweme_create_time": 1595126833, "category": 8, "volume": 0, "amount": 0}, "author": {"author_id": "62194704371", "nickname": "机长-truth", "follower_count": 39577}}, {"aweme": {"aweme_id": "6850965581320047885", "aweme_title": "一天之计在于晨！来吧，跟着景景一起做“跑前热身吧”热身可是件大事情哦#跑步 #热身", "aweme_url": "https://www.iesdouyin.com/share/video/6850965581320047885/?region=CN&mid=6843708626842995469&u_code=0&titleType=title", "download_url": "https://www.chanmama.com/awemeDetail/6850965581320047885", "digg_count": 1616, "digg_incr": 1191, "aweme_create_time": 1595114734, "category": 8, "volume": 16, "amount": 3168}, "author": {"author_id": "60467930573", "nickname": "爱跑步的景景", "follower_count": 86152}}, {"aweme": {"aweme_id": "6851025046702411019", "aweme_title": "兄弟 你知道的太晚了！哈哈@抖音小助手", "aweme_url": "https://www.iesdouyin.com/share/video/6851025046702411019/?region=CN&mid=6851025080114629389&u_code=0&titleType=title", "download_url": "https://www.chanmama.com/awemeDetail/6851025046702411019", "digg_count": 1504, "digg_incr": 1171, "aweme_create_time": 1595128581, "category": 8, "volume": 33, "amount": 99}, "author": {"author_id": "110848312842", "nickname": "艾家哥", "follower_count": 83183}}, {"aweme": {"aweme_id": "6850958944752405768", "aweme_title": "换个角度看世界", "aweme_url": "https://www.iesdouyin.com/share/video/6850958944752405768/?region=CN&mid=6519382119922764551&u_code=0&titleType=title", "download_url": "https://www.chanmama.com/awemeDetail/6850958944752405768", "digg_count": 1496, "digg_incr": 1123, "aweme_create_time": 1595113191, "category": 8, "volume": 4, "amount": 352}, "author": {"author_id": "88476515902", "nickname": "闫小硕（每天早6：30直播）", "follower_count": 289221}}, {"aweme": {"aweme_id": "6851134168563207439", "aweme_title": "现在没点才艺，我都不敢说我会#跳绳 跳出腹肌马甲公狗腰，跳出好肾好肺瓜子脸#欧克 不要羡慕任何人", "aweme_url": "https://www.iesdouyin.com/share/video/6851134168563207439/?region=CN&mid=6851134171549567752&u_code=0&titleType=title", "download_url": "https://www.chanmama.com/awemeDetail/6851134168563207439", "digg_count": 1438, "digg_incr": 1118, "aweme_create_time": 1595153981, "category": 8, "volume": 1, "amount": 45}, "author": {"author_id": "80753407428", "nickname": "大师兄HC", "follower_count": 186966}}, {"aweme": {"aweme_id": "6850960142276529408", "aweme_title": "生命在于运动#我运动我健康我快乐", "aweme_url": "https://www.iesdouyin.com/share/video/6850960142276529408/?region=CN&mid=6836929155192736519&u_code=0&titleType=title", "download_url": "https://www.chanmama.com/awemeDetail/6850960142276529408", "digg_count": 1365, "digg_incr": 1113, "aweme_create_time": 1595113469, "category": 8, "volume": 0, "amount": 0}, "author": {"author_id": "96282165524", "nickname": "铿锵玫瑰", "follower_count": 181964}}, {"aweme": {"aweme_id": "6850983367010176263", "aweme_title": "@潍坊咏美发了一个抖音短视频，你尽管点开，不好看算我输！", "aweme_url": "https://www.iesdouyin.com/share/video/6850983367010176263/?region=CN&mid=6691928411872725771&u_code=0&titleType=", "download_url": "https://www.chanmama.com/awemeDetail/6850983367010176263", "digg_count": 1375, "digg_incr": 1044, "aweme_create_time": 1595118872, "category": 8, "volume": 1, "amount": 60.8}, "author": {"author_id": "93212675131", "nickname": "潍坊咏美", "follower_count": 439998}}, {"aweme": {"aweme_id": "6850939438948699406", "aweme_title": "#dou来cba 状态不好被质疑？贺天举用16个字回应！贺天举：得之坦然，失之淡然，争其必然，顺其自然@CBA", "aweme_url": "https://www.iesdouyin.com/share/video/6850939438948699406/?region=CN&mid=6611737703564512008&u_code=0&titleType=title", "download_url": "https://www.chanmama.com/awemeDetail/6850939438948699406", "digg_count": 1016, "digg_incr": 975, "aweme_create_time": 1595108664, "category": 8, "volume": 0, "amount": 0}, "author": {"author_id": "67459679019", "nickname": "辽篮资讯@", "follower_count": 18001}}, {"aweme": {"aweme_id": "6850968790306540815", "aweme_title": "#我要上热门 有跑友叫我拍零损伤跑步的视频请，记住秘诀轻放快抬落地无声，步频185以上保持微弹，推动身体前进…", "aweme_url": "https://www.iesdouyin.com/share/video/6850968790306540815/?region=CN&mid=6846912892759967757&u_code=0&titleType=title", "download_url": "https://www.chanmama.com/awemeDetail/6850968790306540815", "digg_count": 2913, "digg_incr": 971, "aweme_create_time": 1595115481, "category": 8, "volume": 0, "amount": 0}, "author": {"author_id": "101688061219", "nickname": "健乐跑-奔跑哥", "follower_count": 15040}}, {"aweme": {"aweme_id": "6851018317197511949", "aweme_title": "#感谢抖音平台感谢抖音#穿搭女神范 #搞点美食717#遇见过去的自己", "aweme_url": "https://www.iesdouyin.com/share/video/6851018317197511949/?region=CN&mid=6704994620880717826&u_code=0&titleType=title", "download_url": "https://www.chanmama.com/awemeDetail/6851018317197511949", "digg_count": 1010, "digg_incr": 961, "aweme_create_time": 1595127008, "category": 8, "volume": 26, "amount": 1271.3999999999999}, "author": {"author_id": "3843519319391543", "nickname": "梦壹服饰", "follower_count": 23341}}, {"aweme": {"aweme_id": "6850985988823502084", "aweme_title": "恰恰相反，你需要更少，值得更好！好喜欢这句话#极简#每日运动#", "aweme_url": "https://www.iesdouyin.com/share/video/6850985988823502084/?region=CN&mid=6836539231389993742&u_code=0&titleType=title", "download_url": "https://www.chanmama.com/awemeDetail/6850985988823502084", "digg_count": 1186, "digg_incr": 951, "aweme_create_time": 1595119492, "category": 8, "volume": 0, "amount": 0}, "author": {"author_id": "98642453261", "nickname": "Cai熙", "follower_count": 282668}}, {"aweme": {"aweme_id": "6850961701458808078", "aweme_title": "32步《山谷里的思念》@抖音小助手 @DOU+小助手", "aweme_url": "https://www.iesdouyin.com/share/video/6850961701458808078/?region=CN&mid=6805913872134949644&u_code=0&titleType=title", "download_url": "https://www.chanmama.com/awemeDetail/6850961701458808078", "digg_count": 1163, "digg_incr": 943, "aweme_create_time": 1595113832, "category": 8, "volume": 0, "amount": 0}, "author": {"author_id": "62319652366", "nickname": "轩～", "follower_count": 311328}}, {"aweme": {"aweme_id": "6850981238124055816", "aweme_title": "芭比瑜伽裤➕闺蜜装，这一套太好看了！", "aweme_url": "https://www.iesdouyin.com/share/video/6850981238124055816/?region=CN&mid=6825818694964120328&u_code=23fc758dcd3h&titleType=title", "download_url": "https://www.chanmama.com/awemeDetail/6850981238124055816", "digg_count": 1088, "digg_incr": 930, "aweme_create_time": 1595118377, "category": 8, "volume": 34, "amount": 1686}, "author": {"author_id": "3597242853753502", "nickname": "七秒鱼服装商行", "follower_count": 55013}}, {"aweme": {"aweme_id": "6850852244917669134", "aweme_title": "这鱼网真好用", "aweme_url": "https://www.iesdouyin.com/share/video/6850852244917669134/?region=CN&mid=6850852305894460173&u_code=0&titleType=title", "download_url": "https://www.chanmama.com/awemeDetail/6850852244917669134", "digg_count": 7387, "digg_incr": 908, "aweme_create_time": 1595088364, "category": 8, "volume": 0, "amount": 0}, "author": {"author_id": "2044718590208084", "nickname": "够乐日用百货", "follower_count": 11751}}, {"aweme": {"aweme_id": "6851026063301070095", "aweme_title": "寻找100个不同城市兄弟姐妹作品火了🔥很多兄弟姐妹要求进群，兄弟姐妹关注❤️可以进群啦！#生活 @抖音直播", "aweme_url": "https://www.iesdouyin.com/share/video/6851026063301070095/?region=CN&mid=6746211067666008843&u_code=0&titleType=title", "download_url": "https://www.chanmama.com/awemeDetail/6851026063301070095", "digg_count": 1480, "digg_incr": 908, "aweme_create_time": 1595128811, "category": 8, "volume": 1, "amount": 25.9}, "author": {"author_id": "97485020541", "nickname": "马素清", "follower_count": 38926}}, {"aweme": {"aweme_id": "6851012406437580032", "aweme_title": "云裳团队沚水老师！代表作《火红的萨日朗》说说你学过老师哪支舞？#广场舞 #不负吾爱探索x面 #果味相投一起混", "aweme_url": "https://www.iesdouyin.com/share/video/6851012406437580032/?region=CN&mid=6847752094095526669&u_code=0&titleType=title", "download_url": "https://www.chanmama.com/awemeDetail/6851012406437580032", "digg_count": 1304, "digg_incr": 891, "aweme_create_time": 1595125632, "category": 8, "volume": 0, "amount": 0}, "author": {"author_id": "81504249442", "nickname": "云裳广场舞-云裳", "follower_count": 147176}}, {"aweme": {"aweme_id": "6851102738172988672", "aweme_title": "壮族住田边水边。#壮族", "aweme_url": "https://www.iesdouyin.com/share/video/6851102738172988672/?region=CN&mid=6823963646784965390&u_code=0&titleType=title", "download_url": "https://www.chanmama.com/awemeDetail/6851102738172988672", "digg_count": 1648, "digg_incr": 890, "aweme_create_time": 1595146664, "category": 8, "volume": 0, "amount": 0}, "author": {"author_id": "96196790747", "nickname": "彩儿", "follower_count": 132856}}, {"aweme": {"aweme_id": "6851042803498093824", "aweme_title": "你们可能没有体会过在那吃饭然后被骂，然后低着头，亲戚叫你吃菜，而你却只敢吃手里那混着几滴眼泪的白米饭", "aweme_url": "https://www.iesdouyin.com/share/video/6851042803498093824/?region=CN&mid=6841830253430721294&u_code=0&titleType=title", "download_url": "https://www.chanmama.com/awemeDetail/6851042803498093824", "digg_count": 1994, "digg_incr": 887, "aweme_create_time": 1595132709, "category": 8, "volume": 4, "amount": 79.6}, "author": {"author_id": "95914803398", "nickname": "猫小咪居家健身（重庆）", "follower_count": 841732}}, {"aweme": {"aweme_id": "6850840544201968909", "aweme_title": "这歌有点上头，莫名的哼了一天，自动忽略我的发型哈〜  #蜜桃女孩  #上热门🔥", "aweme_url": "https://www.iesdouyin.com/share/video/6850840544201968909/?region=CN&mid=6850840787085937422&u_code=0&titleType=title", "download_url": "https://www.chanmama.com/awemeDetail/6850840544201968909", "digg_count": 1233, "digg_incr": 884, "aweme_create_time": 1595111400, "category": 8, "volume": 2, "amount": 150}, "author": {"author_id": "1209052831156564", "nickname": "Mitao橙子", "follower_count": 23109}}, {"aweme": {"aweme_id": "6851132957931965707", "aweme_title": "巨物成功上岸，老规矩，见大鱼点个攒吧❤️❤️❤️", "aweme_url": "https://www.iesdouyin.com/share/video/6851132957931965707/?region=CN&mid=6851132975385135879&u_code=0&titleType=title", "download_url": "https://www.chanmama.com/awemeDetail/6851132957931965707", "digg_count": 1270, "digg_incr": 880, "aweme_create_time": 1595153706, "category": 8, "volume": 0, "amount": 0}, "author": {"author_id": "99311344429", "nickname": "独爱钓鱼", "follower_count": 970973}}, {"aweme": {"aweme_id": "6851027940566682895", "aweme_title": "#曳舞基本步", "aweme_url": "https://www.iesdouyin.com/share/video/6851027940566682895/?region=CN&mid=6851027936561482510&u_code=0&titleType=title", "download_url": "https://www.chanmama.com/awemeDetail/6851027940566682895", "digg_count": 1280, "digg_incr": 868, "aweme_create_time": 1595129249, "category": 8, "volume": 0, "amount": 0}, "author": {"author_id": "48020818505259", "nickname": "曳舞筱翠", "follower_count": 617582}}, {"aweme": {"aweme_id": "6850988338409770247", "aweme_title": "为什么不用左手#用篮球表达心情", "aweme_url": "https://www.iesdouyin.com/share/video/6850988338409770247/?region=CN&mid=6843607089181362177&u_code=0&titleType=title", "download_url": "https://www.chanmama.com/awemeDetail/6850988338409770247", "digg_count": 1181, "digg_incr": 867, "aweme_create_time": 1595120030, "category": 8, "volume": 0, "amount": 0}, "author": {"author_id": "58611692812", "nickname": "李瑞🏀", "follower_count": 64239}}, {"aweme": {"aweme_id": "6851129666166590735", "aweme_title": "退伍11年，从事服饰行业，不为别的，就为了延续我的迷彩梦!!! #好物推荐 #好物分享", "aweme_url": "https://www.iesdouyin.com/share/video/6851129666166590735/?region=CN&mid=6838821494974318600&u_code=0&titleType=title", "download_url": "https://www.chanmama.com/awemeDetail/6851129666166590735", "digg_count": 4153, "digg_incr": 850, "aweme_create_time": 1595152933, "category": 8, "volume": 0, "amount": 0}, "author": {"author_id": "98011392665", "nickname": "🇨🇳兵哥🇱🇦小胖墩", "follower_count": 227575}}, {"aweme": {"aweme_id": "6851130841217633543", "aweme_title": "这世界，在撒谎，梦与想，不一样，受了伤，想爹娘，眼泪落，袖子旁", "aweme_url": "https://www.iesdouyin.com/share/video/6851130841217633543/?region=CN&mid=6847121305293048590&u_code=0&titleType=title", "download_url": "https://www.chanmama.com/awemeDetail/6851130841217633543", "digg_count": 1052, "digg_incr": 837, "aweme_create_time": 1595153207, "category": 8, "volume": 0, "amount": 0}, "author": {"author_id": "83926582025", "nickname": "林妹妹❤️跳舞", "follower_count": 666551}}, {"aweme": {"aweme_id": "6851000524473486603", "aweme_title": "小公主们，周末的晨练要开始喽！今天我们用燃脂沙袋，#瘦腹 #臀腿训练", "aweme_url": "https://www.iesdouyin.com/share/video/6851000524473486603/?region=CN&mid=6851000557952387848&u_code=29e681lic6ef&titleType=title", "download_url": "https://www.chanmama.com/awemeDetail/6851000524473486603", "digg_count": 2656, "digg_incr": 807, "aweme_create_time": 1595122874, "category": 8, "volume": 1, "amount": 68}, "author": {"author_id": "760488903327491", "nickname": "北京瑞意汇生网络技术", "follower_count": 124129}}, {"aweme": {"aweme_id": "6850965013335788812", "aweme_title": "到了这年龄，凡事先讨好自己，至于别人，看心情分交情！#70后", "aweme_url": "https://www.iesdouyin.com/share/video/6850965013335788812/?region=CN&mid=6794625733924145928&u_code=0&titleType=title", "download_url": "https://www.chanmama.com/awemeDetail/6850965013335788812", "digg_count": 1098, "digg_incr": 795, "aweme_create_time": 1595114619, "category": 8, "volume": 0, "amount": 0}, "author": {"author_id": "100742328187", "nickname": "福福", "follower_count": 858323}}, {"aweme": {"aweme_id": "6851077894010129677", "aweme_title": "横恰恰练习", "aweme_url": "https://www.iesdouyin.com/share/video/6851077894010129677/?region=CN&mid=6706482999233497868&u_code=0&titleType=title", "download_url": "https://www.chanmama.com/awemeDetail/6851077894010129677", "digg_count": 1201, "digg_incr": 792, "aweme_create_time": 1595140880, "category": 8, "volume": 0, "amount": 0}, "author": {"author_id": "83930795291", "nickname": "林妹妹❤️运动", "follower_count": 231113}}, {"aweme": {"aweme_id": "6851024840678182158", "aweme_title": "#玩水 #小溪 #佛山#野泳#鹤山 熙游部落 广佛周边户外活动路线的探路者 分享溪流亲子游", "aweme_url": "https://www.iesdouyin.com/share/video/6851024840678182158/?region=CN&mid=6851024841139620616&u_code=0&titleType=title", "download_url": "https://www.chanmama.com/awemeDetail/6851024840678182158", "digg_count": 1430, "digg_incr": 788, "aweme_create_time": 1595128527, "category": 8, "volume": 0, "amount": 0}, "author": {"author_id": "98780393395", "nickname": "熙游部落", "follower_count": 11056}}, {"aweme": {"aweme_id": "6851050481045867791", "aweme_title": "暑假来啦，和孩子一起运动，绳子都好好跳，一共四个，大人甩肉，小孩长高，全家都一起运动！#好物推荐 #跳绳", "aweme_url": "https://www.iesdouyin.com/share/video/6851050481045867791/?region=CN&mid=6851050485370489614&u_code=3c2717m7f8ba&titleType=title", "download_url": "https://www.chanmama.com/awemeDetail/6851050481045867791", "digg_count": 1066, "digg_incr": 719, "aweme_create_time": 1595134497, "category": 8, "volume": 181, "amount": 1791.9}, "author": {"author_id": "103462487275", "nickname": "银奕服饰旗舰店", "follower_count": 96134}}, {"aweme": {"aweme_id": "6851195995015957767", "aweme_title": "来欣赏背锅小姐姐的魔性笑声，一定要看到最后哦 #717奇妙好物在这里", "aweme_url": "https://www.iesdouyin.com/share/video/6851195995015957767/?region=CN&mid=6851196155791985422&u_code=0&titleType=title", "download_url": "https://www.chanmama.com/awemeDetail/6851195995015957767", "digg_count": 1617, "digg_incr": 704, "aweme_create_time": 1595168411, "category": 8, "volume": 0, "amount": 0}, "author": {"author_id": "3491681579045024", "nickname": "斯凯奇官方专卖店", "follower_count": 112501}}, {"aweme": {"aweme_id": "6850975654867913984", "aweme_title": "臂力器，瘦腿锻炼……", "aweme_url": "https://www.iesdouyin.com/share/video/6850975654867913984/?region=CN&mid=6776498331402570509&u_code=0&titleType=title", "download_url": "https://www.chanmama.com/awemeDetail/6850975654867913984", "digg_count": 1659, "digg_incr": 689, "aweme_create_time": 1595117077, "category": 8, "volume": 0, "amount": 0}, "author": {"author_id": "95914803398", "nickname": "猫小咪居家健身（重庆）", "follower_count": 841732}}, {"aweme": {"aweme_id": "6851123027804048654", "aweme_title": "新手健身在家轻松练出完美身材#新手健身 #健身 #身材", "aweme_url": "https://www.iesdouyin.com/share/video/6851123027804048654/?region=CN&mid=6685342031423736584&u_code=0&titleType=title", "download_url": "https://www.chanmama.com/awemeDetail/6851123027804048654", "digg_count": 2725, "digg_incr": 672, "aweme_create_time": 1595151388, "category": 8, "volume": 0, "amount": 0}, "author": {"author_id": "52288676524", "nickname": "珠海明仔", "follower_count": 317184}}, {"aweme": {"aweme_id": "6851113255641910528", "aweme_title": "女生最好看的样子，不是18岁稚嫩，不是30岁的成熟。而是任何年龄、任何阶段，都充满自信的样子#自信的女人最美", "aweme_url": "https://www.iesdouyin.com/share/video/6851113255641910528/?region=CN&mid=6850808848685468429&u_code=0&titleType=title", "download_url": "https://www.chanmama.com/awemeDetail/6851113255641910528", "digg_count": 1250, "digg_incr": 612, "aweme_create_time": 1595149113, "category": 8, "volume": 2, "amount": 570}, "author": {"author_id": "67988071573", "nickname": "木槿工厂店", "follower_count": 223435}}, {"aweme": {"aweme_id": "6851063834946407688", "aweme_title": "#大体重人群 #膝盖保护 #宝妈健身", "aweme_url": "https://www.iesdouyin.com/share/video/6851063834946407688/?region=CN&mid=6851063837756574471&u_code=0&titleType=title", "download_url": "https://www.chanmama.com/awemeDetail/6851063834946407688", "digg_count": 1496, "digg_incr": 606, "aweme_create_time": 1595137606, "category": 8, "volume": 0, "amount": 0}, "author": {"author_id": "96469015022", "nickname": "葫芦娃爱运动", "follower_count": 129895}}, {"aweme": {"aweme_id": "6851072043060825352", "aweme_title": "有些东西，并不是越浓越好，要恰到好处，深深的话我们浅浅的说，长长的路我们慢慢走！", "aweme_url": "https://www.iesdouyin.com/share/video/6851072043060825352/?region=CN&mid=6557289973031439117&u_code=0&titleType=title", "download_url": "https://www.chanmama.com/awemeDetail/6851072043060825352", "digg_count": 1064, "digg_incr": 581, "aweme_create_time": 1595139517, "category": 8, "volume": 0, "amount": 0}, "author": {"author_id": "63907064823", "nickname": "一只撒八妹", "follower_count": 412732}}, {"aweme": {"aweme_id": "6851146541428755712", "aweme_title": "鞋子卖不好 回家的心情都没有#好物推荐 车上人多好尴尬拍个视频我容易吗#男鞋 #鞋子 #潮鞋 #工厂 #热门", "aweme_url": "https://www.iesdouyin.com/share/video/6851146541428755712/?region=CN&mid=6851146551872506637&u_code=0&titleType=title", "download_url": "https://www.chanmama.com/awemeDetail/6851146541428755712", "digg_count": 1400, "digg_incr": 575, "aweme_create_time": 1595156862, "category": 8, "volume": 23, "amount": 2277}, "author": {"author_id": "329499678092328", "nickname": "牛威小陈的十年", "follower_count": 85152}}, {"aweme": {"aweme_id": "6851133116485012739", "aweme_title": "先让自己发光，对的人才能迎着光而来，做自己想做的人，自然有懂你的人爱你❤️#产后恢复 #减肥 #抖音小助手", "aweme_url": "https://www.iesdouyin.com/share/video/6851133116485012739/?region=CN&mid=6849928023861431047&u_code=0&titleType=title", "download_url": "https://www.chanmama.com/awemeDetail/6851133116485012739", "digg_count": 1553, "digg_incr": 548, "aweme_create_time": 1595153743, "category": 8, "volume": 0, "amount": 0}, "author": {"author_id": "2787978361709483", "nickname": "二胎麻麻丸子", "follower_count": 283519}}, {"aweme": {"aweme_id": "6851084393906310414", "aweme_title": "每天原地垫脚100下 三天瘦5斤 非常有效 快快动起来吧 #快速燃脂瘦全身￼#瘦", "aweme_url": "https://www.iesdouyin.com/share/video/6851084393906310414/?region=CN&mid=6756962589055765261&u_code=0&titleType=title", "download_url": "https://www.chanmama.com/awemeDetail/6851084393906310414", "digg_count": 1235, "digg_incr": 527, "aweme_create_time": 1595142394, "category": 8, "volume": 0, "amount": 0}, "author": {"author_id": "1437777673599687", "nickname": "婕绮 美曦瑜伽", "follower_count": 144311}}, {"aweme": {"aweme_id": "6851105786593037568", "aweme_title": "#跟大叔推荐的音乐跳绳 第14首#跳就完啦 #什么速度跳绳减肥效果好@DOU+小助手", "aweme_url": "https://www.iesdouyin.com/share/video/6851105786593037568/?region=CN&mid=6851105799465716493&u_code=0&titleType=title", "download_url": "https://www.chanmama.com/awemeDetail/6851105786593037568", "digg_count": 2077, "digg_incr": 521, "aweme_create_time": 1595147374, "category": 8, "volume": 6, "amount": 234}, "author": {"author_id": "96145926379", "nickname": "210跳绳大叔", "follower_count": 227009}}, {"aweme": {"aweme_id": "6851072946761403662", "aweme_title": "我已经不太记得这场##车祸 带给我身体上的伤痛，但想到也许今后我可能就要永远离开我的瑜伽教室了，❤就会很失落", "aweme_url": "https://www.iesdouyin.com/share/video/6851072946761403662/?region=CN&mid=6851072963799059207&u_code=0&titleType=title", "download_url": "https://www.chanmama.com/awemeDetail/6851072946761403662", "digg_count": 1261, "digg_incr": 478, "aweme_create_time": 1595139728, "category": 8, "volume": 0, "amount": 0}, "author": {"author_id": "94841893385", "nickname": "拇指小姐姐的重生日志", "follower_count": 26206}}, {"aweme": {"aweme_id": "6851112823439887623", "aweme_title": "超级收腹收跨#提臀裤 完美的解决了胖MM的烦恼！#夏日穿搭", "aweme_url": "https://www.iesdouyin.com/share/video/6851112823439887623/?region=CN&mid=6851112926620617480&u_code=0&titleType=title", "download_url": "https://www.chanmama.com/awemeDetail/6851112823439887623", "digg_count": 1934, "digg_incr": 466, "aweme_create_time": 1595149037, "category": 8, "volume": 0, "amount": 0}, "author": {"author_id": "104304983404", "nickname": "卡卡🏠6 9俩条🍑提臀👖", "follower_count": 0}}]}