{"data": [{"aweme": {"aweme_id": "6850918370158677248", "aweme_title": "#夏被四件套 #夫妻 #夏凉被 两口子盖被也有那么多说法 你知道吗？#好物推荐 #717抖音奇妙好物市集", "aweme_url": "https://www.iesdouyin.com/share/video/6850918370158677248/?region=CN&mid=6813008399450557197&u_code=0&titleType=title", "download_url": "https://www.chanmama.com/awemeDetail/6850918370158677248", "digg_count": 36095, "digg_incr": 36104, "aweme_create_time": 1595103792, "category": 9, "volume": 2091, "amount": 309468}, "author": {"author_id": "79527512667", "nickname": "巷轩家纺", "follower_count": 27456}}, {"aweme": {"aweme_id": "6850957106741267723", "aweme_title": "船长给大家分享一下，零距离海洋霸主鲸鱼越出海面，十分罕见拍摄不易！见者双击点赞，财运多多，福报多多！一生平安！", "aweme_url": "https://www.iesdouyin.com/share/video/6850957106741267723/?region=CN&mid=6850957114907675399&u_code=0&titleType=title", "download_url": "https://www.chanmama.com/awemeDetail/6850957106741267723", "digg_count": 34432, "digg_incr": 22561, "aweme_create_time": 1595112781, "category": 9, "volume": 7, "amount": 370}, "author": {"author_id": "94698846791", "nickname": "中国船长", "follower_count": 845071}}, {"aweme": {"aweme_id": "6851109855009213704", "aweme_title": "#四大天王，一代人的回忆，当岁月如歌，大家都还会记得你们年轻时的容颜~@DOU+小助手", "aweme_url": "https://www.iesdouyin.com/share/video/6851109855009213704/?region=CN&mid=6851109945443289863&u_code=0&titleType=title", "download_url": "https://www.chanmama.com/awemeDetail/6851109855009213704", "digg_count": 105881, "digg_incr": 20430, "aweme_create_time": 1595148341, "category": 9, "volume": 0, "amount": 0}, "author": {"author_id": "1041977682441844", "nickname": "剪辑手爱德龙", "follower_count": 154674}}, {"aweme": {"aweme_id": "6850965147872201998", "aweme_title": "第一次见过这么精致的鱼缸，有山有水还有喷雾。#正在直播中请点头像进入@DOU+小助手", "aweme_url": "https://www.iesdouyin.com/share/video/6850965147872201998/?region=CN&mid=6850965111793617678&u_code=0&titleType=title", "download_url": "https://www.chanmama.com/awemeDetail/6850965147872201998", "digg_count": 12992, "digg_incr": 12567, "aweme_create_time": 1595114633, "category": 9, "volume": 182, "amount": 34398}, "author": {"author_id": "4025189664190", "nickname": "飞飞有品", "follower_count": 460472}}, {"aweme": {"aweme_id": "6851108634194119943", "aweme_title": "为什么日本人穿和服打和伞就是尊重传统，我们穿汉服打油纸伞就是奇装异服？", "aweme_url": "https://www.iesdouyin.com/share/video/6851108634194119943/?region=CN&mid=6851108635020774157&u_code=0&titleType=title", "download_url": "https://www.chanmama.com/awemeDetail/6851108634194119943", "digg_count": 5754, "digg_incr": 4225, "aweme_create_time": 1595148037, "category": 9, "volume": 0, "amount": 0}, "author": {"author_id": "566985438793780", "nickname": "古伞大师（匠林风华）", "follower_count": 331034}}, {"aweme": {"aweme_id": "6850949181348007182", "aweme_title": "自粘墙体贴画", "aweme_url": "https://www.iesdouyin.com/share/video/6850949181348007182/?region=CN&mid=6838821494974318600&u_code=1j0gg54m84ef&titleType=title", "download_url": "https://www.chanmama.com/awemeDetail/6850949181348007182", "digg_count": 4943, "digg_incr": 4016, "aweme_create_time": 1595110922, "category": 9, "volume": 0, "amount": 0}, "author": {"author_id": "531786643280675", "nickname": "奇奇物语", "follower_count": 234815}}, {"aweme": {"aweme_id": "6851069898630679812", "aweme_title": "小棉袄要嫁人了，当初我们结婚的时候什么都没有，现在十里红妆凤冠霞帔，该有的一样都不能少#结婚必备", "aweme_url": "https://www.iesdouyin.com/share/video/6851069898630679812/?region=CN&mid=6715269144700422925&u_code=161hg4l042h&titleType=title", "download_url": "https://www.chanmama.com/awemeDetail/6851069898630679812", "digg_count": 3509, "digg_incr": 3446, "aweme_create_time": 1595139026, "category": 9, "volume": 0, "amount": 0}, "author": {"author_id": "3474065760717879", "nickname": "丽馨宜嘉家纺", "follower_count": 2586}}, {"aweme": {"aweme_id": "6851036405171375364", "aweme_title": "爸妈准备来和我们住一段时间，我感觉餐桌有点小了，想换一个大一点的，但是老婆却说不用，这是为啥#家具#餐桌", "aweme_url": "https://www.iesdouyin.com/share/video/6851036405171375364/?region=CN&mid=6851036455297829645&u_code=0&titleType=title", "download_url": "https://www.chanmama.com/awemeDetail/6851036405171375364", "digg_count": 8901, "digg_incr": 3304, "aweme_create_time": 1595131226, "category": 9, "volume": 0, "amount": 0}, "author": {"author_id": "109006880159", "nickname": "赣州匠心御品家俱城", "follower_count": 269021}}, {"aweme": {"aweme_id": "6851071152383610126", "aweme_title": "户外遮阳电动天幕，阳光房顶隔热防雨保温铝合金天幕#豪宅 #遮阳 #玻璃阳光房", "aweme_url": "https://www.iesdouyin.com/share/video/6851071152383610126/?region=CN&mid=6851071183530593037&u_code=0&titleType=title", "download_url": "https://www.chanmama.com/awemeDetail/6851071152383610126", "digg_count": 5693, "digg_incr": 3097, "aweme_create_time": 1595139318, "category": 9, "volume": 0, "amount": 0}, "author": {"author_id": "72835045083", "nickname": "汉旗阳光房遮阳棚", "follower_count": 179068}}, {"aweme": {"aweme_id": "6851028218712001792", "aweme_title": "全部到货了😂", "aweme_url": "https://www.iesdouyin.com/share/video/6851028218712001792/?region=CN&mid=6818479062026177287&u_code=0&titleType=title", "download_url": "https://www.chanmama.com/awemeDetail/6851028218712001792", "digg_count": 6578, "digg_incr": 2621, "aweme_create_time": 1595129313, "category": 9, "volume": 0, "amount": 0}, "author": {"author_id": "4270156277613995", "nickname": "小林", "follower_count": 38367}}, {"aweme": {"aweme_id": "6851127142974016776", "aweme_title": "#主卧  #装修@DOU+小助手", "aweme_url": "https://www.iesdouyin.com/share/video/6851127142974016776/?region=CN&mid=6851127219109006093&u_code=0&titleType=title", "download_url": "https://www.chanmama.com/awemeDetail/6851127142974016776", "digg_count": 4049, "digg_incr": 2528, "aweme_create_time": 1595152365, "category": 9, "volume": 0, "amount": 0}, "author": {"author_id": "54765652683", "nickname": "昌哥空间设计", "follower_count": 425078}}, {"aweme": {"aweme_id": "6851077906228104456", "aweme_title": "最美的串", "aweme_url": "https://www.iesdouyin.com/share/video/6851077906228104456/?region=CN&mid=6851077908480494343&u_code=3f1fck0g58ga&titleType=title", "download_url": "https://www.chanmama.com/awemeDetail/6851077906228104456", "digg_count": 7918, "digg_incr": 2239, "aweme_create_time": 1595140882, "category": 9, "volume": 0, "amount": 0}, "author": {"author_id": "104628751140", "nickname": "琳琳 木艺", "follower_count": 338270}}, {"aweme": {"aweme_id": "6850992450073414919", "aweme_title": "有对这个悬浮茶壶感兴趣的朋友吗#正在直播中请点头像进入", "aweme_url": "https://www.iesdouyin.com/share/video/6850992450073414919/?region=CN&mid=6850992443689601806&u_code=0&titleType=title", "download_url": "https://www.chanmama.com/awemeDetail/6850992450073414919", "digg_count": 96403, "digg_incr": 2185, "aweme_create_time": 1595120987, "category": 9, "volume": 25, "amount": 9725}, "author": {"author_id": "4025189664190", "nickname": "飞飞有品", "follower_count": 460472}}, {"aweme": {"aweme_id": "6851075897353571591", "aweme_title": "新款一“叶”生💰喜欢吗？#正在直播中请点头像进入 @抖音小助手", "aweme_url": "https://www.iesdouyin.com/share/video/6851075897353571591/?region=CN&mid=6851075891037063949&u_code=4786idefjami&titleType=title", "download_url": "https://www.chanmama.com/awemeDetail/6851075897353571591", "digg_count": 2742, "digg_incr": 2181, "aweme_create_time": 1595140415, "category": 9, "volume": 264, "amount": 7893.599999999999}, "author": {"author_id": "72664017595", "nickname": "福玲百乐缘", "follower_count": 118939}}, {"aweme": {"aweme_id": "6851038724105456907", "aweme_title": "弥彦也是一个年轻热血的忍者#弥彦 篇（四）#火影忍者@抖音小助手", "aweme_url": "https://www.iesdouyin.com/share/video/6851038724105456907/?region=CN&mid=6851038793248639752&u_code=0&titleType=title", "download_url": "https://www.chanmama.com/awemeDetail/6851038724105456907", "digg_count": 6181, "digg_incr": 1953, "aweme_create_time": 1595131766, "category": 9, "volume": 0, "amount": 0}, "author": {"author_id": "66859494318", "nickname": "叶村一", "follower_count": 461637}}, {"aweme": {"aweme_id": "6850977837520833792", "aweme_title": "生活，无需多么繁华的过场，唯有简单才能活出真意❤️ #妈妈装 #气质穿搭 @抖音小助手", "aweme_url": "https://www.iesdouyin.com/share/video/6850977837520833792/?region=CN&mid=6815556603551828750&u_code=0&titleType=title", "download_url": "https://www.chanmama.com/awemeDetail/6850977837520833792", "digg_count": 1959, "digg_incr": 1881, "aweme_create_time": 1595117585, "category": 9, "volume": 2, "amount": 278}, "author": {"author_id": "3773157665423027", "nickname": "常熟英姿服装商行", "follower_count": 81051}}, {"aweme": {"aweme_id": "6851053900896701703", "aweme_title": "7.19绿茶梅 当别人都关心你飞得高不高时，只有我关心你飞得累不累。因为如果你飞得又高又不累，我心态可能会炸。", "aweme_url": "https://www.iesdouyin.com/share/video/6851053900896701703/?region=CN&mid=6839905549082020615&u_code=0&titleType=title", "download_url": "https://www.chanmama.com/awemeDetail/6851053900896701703", "digg_count": 2049, "digg_incr": 1872, "aweme_create_time": 1595135293, "category": 9, "volume": 24, "amount": 600}, "author": {"author_id": "2528471749504339", "nickname": "天方富硒生物科技", "follower_count": 22434}}, {"aweme": {"aweme_id": "6850975685494803727", "aweme_title": "女人如花，繁华一瞬，努力活出画的样子，永不凋零😋", "aweme_url": "https://www.iesdouyin.com/share/video/6850975685494803727/?region=CN&mid=6850975672496589576&u_code=0&titleType=title", "download_url": "https://www.chanmama.com/awemeDetail/6850975685494803727", "digg_count": 2292, "digg_incr": 1745, "aweme_create_time": 1595117085, "category": 9, "volume": 0, "amount": 0}, "author": {"author_id": "105604621147", "nickname": "晴书 灿烂如我", "follower_count": 181312}}, {"aweme": {"aweme_id": "6850920138766634240", "aweme_title": "为什么这样对我？#717奇妙好物在这里 #我要上热门 #渣男", "aweme_url": "https://www.iesdouyin.com/share/video/6850920138766634240/?region=CN&mid=6850920047473429262&u_code=0&titleType=title", "download_url": "https://www.chanmama.com/awemeDetail/6850920138766634240", "digg_count": 1681, "digg_incr": 1654, "aweme_create_time": 1595104206, "category": 9, "volume": 5, "amount": 249.5}, "author": {"author_id": "2541661926987431", "nickname": "六六-【老男孩鲜花团队】", "follower_count": 109446}}, {"aweme": {"aweme_id": "6850797653702348046", "aweme_title": "别说王子有多爱灰姑娘了，才隔了一晚就忘记长啥样 还非得靠水晶鞋#四件套", "aweme_url": "https://www.iesdouyin.com/share/video/6850797653702348046/?region=CN&mid=6850797775462861581&u_code=0&titleType=title", "download_url": "https://www.chanmama.com/awemeDetail/6850797653702348046", "digg_count": 4269, "digg_incr": 1608, "aweme_create_time": 1595117280, "category": 9, "volume": 137, "amount": 29866}, "author": {"author_id": "81055983006", "nickname": "孔龙家纺", "follower_count": 14900}}, {"aweme": {"aweme_id": "6850992380422655232", "aweme_title": "#卖货能手 #717抖音奇妙好物市集", "aweme_url": "https://www.iesdouyin.com/share/video/6850992380422655232/?region=CN&mid=6773207125729872648&u_code=0&titleType=title", "download_url": "https://www.chanmama.com/awemeDetail/6850992380422655232", "digg_count": 1974, "digg_incr": 1578, "aweme_create_time": 1595120970, "category": 9, "volume": 5, "amount": 1190}, "author": {"author_id": "4195384362809511", "nickname": "懒人猫家纺旗舰店", "follower_count": 47852}}, {"aweme": {"aweme_id": "6851029837956517128", "aweme_title": "又上新款啦！苎麻七分袖玫红的颜色超级漂亮。#棉麻女装 #亚麻 #正在直播中 @DOU+小助手", "aweme_url": "https://www.iesdouyin.com/share/video/6851029837956517128/?region=CN&mid=6851029854599875342&u_code=0&titleType=title", "download_url": "https://www.chanmama.com/awemeDetail/6851029837956517128", "digg_count": 2363, "digg_incr": 1562, "aweme_create_time": 1595129690, "category": 9, "volume": 59, "amount": 5251}, "author": {"author_id": "105506382263", "nickname": "梦颖棉麻原创女装", "follower_count": 44244}}, {"aweme": {"aweme_id": "6850984842591603983", "aweme_title": "十字绣盛世花海十八金钗#717奇妙好物在这里 #爱阁十字绣 #十字绣 #十字绣爱好者 #印花 #刺绣 @抖音小", "aweme_url": "https://www.iesdouyin.com/share/video/6850984842591603983/?region=CN&mid=6836541462000175111&u_code=0&titleType=title", "download_url": "https://www.chanmama.com/awemeDetail/6850984842591603983", "digg_count": 1641, "digg_incr": 1520, "aweme_create_time": 1595119215, "category": 9, "volume": 1, "amount": 77}, "author": {"author_id": "66826830459", "nickname": "爱阁十字绣", "follower_count": 137210}}, {"aweme": {"aweme_id": "6851083094116601102", "aweme_title": "#提升幸福感好物 集美们，高颜值又好看的午睡毯来咯~速度安排上啦 #毛毯", "aweme_url": "https://www.iesdouyin.com/share/video/6851083094116601102/?region=CN&mid=6851083212190468871&u_code=0&titleType=title", "download_url": "https://www.chanmama.com/awemeDetail/6851083094116601102", "digg_count": 3508, "digg_incr": 1516, "aweme_create_time": 1595142116, "category": 9, "volume": 0, "amount": 0}, "author": {"author_id": "2422962102480055", "nickname": "小阳哥", "follower_count": 336101}}, {"aweme": {"aweme_id": "6851028447658085632", "aweme_title": "只要天下还有狼烟烽火未了，你我就不能像平常儿女般厮守！#717奇妙好物在这里 @抖音小助手", "aweme_url": "https://www.iesdouyin.com/share/video/6851028447658085632/?region=CN&mid=6851028497427745549&u_code=0&titleType=title", "download_url": "https://www.chanmama.com/awemeDetail/6851028447658085632", "digg_count": 1832, "digg_incr": 1498, "aweme_create_time": 1595129366, "category": 9, "volume": 31, "amount": 2635}, "author": {"author_id": "77409134639", "nickname": "轩椽阁香道", "follower_count": 196746}}, {"aweme": {"aweme_id": "6851055836723301632", "aweme_title": "乳胶枕芯不是我们生产的，套子是我们做的，许多品牌，直接用即可，机洗外套", "aweme_url": "https://www.iesdouyin.com/share/video/6851055836723301632/?region=CN&mid=6851055850526968590&u_code=0&titleType=title", "download_url": "https://www.chanmama.com/awemeDetail/6851055836723301632", "digg_count": 1367, "digg_incr": 1367, "aweme_create_time": 1595135744, "category": 9, "volume": 47, "amount": 4700}, "author": {"author_id": "2466945170149556", "nickname": "孙晓雄", "follower_count": 216270}}, {"aweme": {"aweme_id": "6850928778386885903", "aweme_title": "#卖货能手#夏凉被#好物分享#好物推荐#床上用品#家纺", "aweme_url": "https://www.iesdouyin.com/share/video/6850928778386885903/?region=CN&mid=6844296173298207502&u_code=0&titleType=title", "download_url": "https://www.chanmama.com/awemeDetail/6850928778386885903", "digg_count": 1492, "digg_incr": 1351, "aweme_create_time": 1595106201, "category": 9, "volume": 0, "amount": 0}, "author": {"author_id": "2563694680374039", "nickname": "通州区平潮镇觉度家纺店", "follower_count": 128581}}, {"aweme": {"aweme_id": "6851097441727417613", "aweme_title": "栀子花，茉莉，绣球等这样扦插生根快，不黑杆。 #养花  #扦插  @抖音小助手", "aweme_url": "https://www.iesdouyin.com/share/video/6851097441727417613/?region=CN&mid=6851097759883594504&u_code=0&titleType=title", "download_url": "https://www.chanmama.com/awemeDetail/6851097441727417613", "digg_count": 2820, "digg_incr": 1336, "aweme_create_time": 1595152805, "category": 9, "volume": 0, "amount": 0}, "author": {"author_id": "103859754520", "nickname": "玛朵养花", "follower_count": 157086}}, {"aweme": {"aweme_id": "6850861041056763149", "aweme_title": "虎皮兰叶片扦插也能生根发芽🌱#虎皮兰 #吸甲醛绿植 #扦插#热门", "aweme_url": "https://www.iesdouyin.com/share/video/6850861041056763149/?region=CN&mid=6850861009159736078&u_code=0&titleType=title", "download_url": "https://www.chanmama.com/awemeDetail/6850861041056763149", "digg_count": 1759, "digg_incr": 1322, "aweme_create_time": 1595090398, "category": 9, "volume": 0, "amount": 0}, "author": {"author_id": "108780671895", "nickname": "燕子养绿萝(分享家庭养花)", "follower_count": 434373}}, {"aweme": {"aweme_id": "6851063120408972559", "aweme_title": "我就喜欢在家里呆着！哪也不去！和狗在一起觉得他们像人！和人在一起觉得他们挺狗！我是不是病了？", "aweme_url": "https://www.iesdouyin.com/share/video/6851063120408972559/?region=CN&mid=6839589479083510541&u_code=0&titleType=title", "download_url": "https://www.chanmama.com/awemeDetail/6851063120408972559", "digg_count": 1747, "digg_incr": 1259, "aweme_create_time": 1595137440, "category": 9, "volume": 0, "amount": 0}, "author": {"author_id": "108834270333", "nickname": "掌柜：沈小蓓", "follower_count": 169766}}, {"aweme": {"aweme_id": "6851052355325070607", "aweme_title": "乳胶枕芯，200一对", "aweme_url": "https://www.iesdouyin.com/share/video/6851052355325070607/?region=CN&mid=6851052354431666957&u_code=37026ic2jc5k&titleType=title", "download_url": "https://www.chanmama.com/awemeDetail/6851052355325070607", "digg_count": 1182, "digg_incr": 1182, "aweme_create_time": 1595134933, "category": 9, "volume": 25, "amount": 2500}, "author": {"author_id": "3056297742707556", "nickname": "上海乐妤家纺", "follower_count": 40219}}, {"aweme": {"aweme_id": "6850977674517548301", "aweme_title": "小时候的年味最浓，一进腊月就特别期盼过年，做件新衣裳都特别兴奋……", "aweme_url": "https://www.iesdouyin.com/share/video/6850977674517548301/?region=CN&mid=6850977619614583560&u_code=0&titleType=title", "download_url": "https://www.chanmama.com/awemeDetail/6850977674517548301", "digg_count": 1566, "digg_incr": 1150, "aweme_create_time": 1595117548, "category": 9, "volume": 2, "amount": 100}, "author": {"author_id": "78113608759", "nickname": "青春i", "follower_count": 718235}}, {"aweme": {"aweme_id": "6850958094613187840", "aweme_title": "爸爸妈妈命令你们 ，像这幅画一样手足情深，姐姐的手印，弟弟的脚印，希望你们雪脉相连的手足是彼此成长最好的礼物！", "aweme_url": "https://www.iesdouyin.com/share/video/6850958094613187840/?region=CN&mid=6773913787637549827&u_code=3c2717m7f8ba&titleType=title", "download_url": "https://www.chanmama.com/awemeDetail/6850958094613187840", "digg_count": 1155, "digg_incr": 1144, "aweme_create_time": 1595112993, "category": 9, "volume": 45, "amount": 1165.5}, "author": {"author_id": "70354986205", "nickname": "💕嘻嘻💕", "follower_count": 9987}}, {"aweme": {"aweme_id": "6851134669757451527", "aweme_title": "太空流沙摆件，纯美！", "aweme_url": "https://www.iesdouyin.com/share/video/6851134669757451527/?region=CN&mid=6851134665126972168&u_code=0&titleType=title", "download_url": "https://www.chanmama.com/awemeDetail/6851134669757451527", "digg_count": 1786, "digg_incr": 1131, "aweme_create_time": 1595154099, "category": 9, "volume": 2, "amount": 39.6}, "author": {"author_id": "1244301958064520", "nickname": "二宝手作", "follower_count": 348131}}, {"aweme": {"aweme_id": "6851022936590126344", "aweme_title": "客厅放什么比较招cai#涨知识 #家居布局 #家居好物", "aweme_url": "https://www.iesdouyin.com/share/video/6851022936590126344/?region=CN&mid=6851022937282431757&u_code=0&titleType=title", "download_url": "https://www.chanmama.com/awemeDetail/6851022936590126344", "digg_count": 2797, "digg_incr": 1115, "aweme_create_time": 1595128084, "category": 9, "volume": 9, "amount": 1219.5}, "author": {"author_id": "61204548027373", "nickname": "晶生顺•万事有讲究", "follower_count": 27873}}, {"aweme": {"aweme_id": "6850919011555872000", "aweme_title": "傻儿子你在想什么呢#每天美衣搭配分享 #女装搭配", "aweme_url": "https://www.iesdouyin.com/share/video/6850919011555872000/?region=CN&mid=6850918867469257480&u_code=0&titleType=title", "download_url": "https://www.chanmama.com/awemeDetail/6850919011555872000", "digg_count": 1463, "digg_incr": 1083, "aweme_create_time": 1595103947, "category": 9, "volume": 84, "amount": 4956}, "author": {"author_id": "86847731608", "nickname": "俏衣恋服装搭配", "follower_count": 18174}}, {"aweme": {"aweme_id": "6851184469345389835", "aweme_title": "#感谢抖音感谢抖音平台 #717奇妙好物在这里 #我要上热门我上热门热门热门热门 #抖音小助手 #微胖女", "aweme_url": "https://www.iesdouyin.com/share/video/6851184469345389835/?region=CN&mid=6832599913650506509&u_code=4e3d2k04h678&titleType=title", "download_url": "https://www.chanmama.com/awemeDetail/6851184469345389835", "digg_count": 1200, "digg_incr": 1049, "aweme_create_time": 1595165698, "category": 9, "volume": 35, "amount": 3465}, "author": {"author_id": "1697258313614189", "nickname": "韩韩大码女装", "follower_count": 263347}}, {"aweme": {"aweme_id": "6851028725090356495", "aweme_title": "#感谢抖音感谢抖音平台 #717抖音奇妙好物市集 #我要上热门 @DOU+小助手", "aweme_url": "https://www.iesdouyin.com/share/video/6851028725090356495/?region=CN&mid=6851028753800301326&u_code=3mgb47e23akf&titleType=title", "download_url": "https://www.chanmama.com/awemeDetail/6851028725090356495", "digg_count": 1222, "digg_incr": 1028, "aweme_create_time": 1595129438, "category": 9, "volume": 40, "amount": 5520}, "author": {"author_id": "98213773210", "nickname": "我型我秀衣橱", "follower_count": 461528}}, {"aweme": {"aweme_id": "6850974309347806472", "aweme_title": "@青春无悔🙏🙏防晒护肤👄时尚穿搭发了一个抖音短视频，你尽管点开，不好看算我输！", "aweme_url": "https://www.iesdouyin.com/share/video/6850974309347806472/?region=CN&mid=6850974270734994184&u_code=0&titleType=", "download_url": "https://www.chanmama.com/awemeDetail/6850974309347806472", "digg_count": 4050, "digg_incr": 984, "aweme_create_time": 1595116765, "category": 9, "volume": 0, "amount": 0}, "author": {"author_id": "60986464029", "nickname": "青春无悔🙏🙏防晒护肤👄时尚穿搭", "follower_count": 221555}}, {"aweme": {"aweme_id": "6851029012861422855", "aweme_title": "又配了一套宇航狗，灯是真的浮空 #悬浮 #黑科技 #小夜灯", "aweme_url": "https://www.iesdouyin.com/share/video/6851029012861422855/?region=CN&mid=6851029013604256519&u_code=0&titleType=title", "download_url": "https://www.chanmama.com/awemeDetail/6851029012861422855", "digg_count": 2746, "digg_incr": 955, "aweme_create_time": 1595129498, "category": 9, "volume": 3, "amount": 294}, "author": {"author_id": "108162182571", "nickname": "奇哆哆", "follower_count": 294407}}, {"aweme": {"aweme_id": "6851024285218229519", "aweme_title": "假期别再玩手机了#好物推荐 @电商小助手", "aweme_url": "https://www.iesdouyin.com/share/video/6851024285218229519/?region=CN&mid=6851024282672302861&u_code=0&titleType=title", "download_url": "https://www.chanmama.com/awemeDetail/6851024285218229519", "digg_count": 1137, "digg_incr": 912, "aweme_create_time": 1595128398, "category": 9, "volume": 12, "amount": 177.60000000000002}, "author": {"author_id": "106092615287", "nickname": "少女心杂货铺", "follower_count": 233387}}, {"aweme": {"aweme_id": "6851041516828298499", "aweme_title": "#国画 梅雨季节，何时过去，这湿嗒嗒的江南.. ...@DOU+小助手", "aweme_url": "https://www.iesdouyin.com/share/video/6851041516828298499/?region=CN&mid=6851041697422707470&u_code=0&titleType=title", "download_url": "https://www.chanmama.com/awemeDetail/6851041516828298499", "digg_count": 1661, "digg_incr": 816, "aweme_create_time": 1595132449, "category": 9, "volume": 0, "amount": 0}, "author": {"author_id": "106060402397", "nickname": "山水相望", "follower_count": 112755}}, {"aweme": {"aweme_id": "6850871096095362319", "aweme_title": "花儿 可贴也可以不贴都挺好看的！不管在忙 作业还是要完成的 材料包在左下角购物车里的哦@抖音小助手", "aweme_url": "https://www.iesdouyin.com/share/video/6850871096095362319/?region=CN&mid=6824014232284187399&u_code=0&titleType=title", "download_url": "https://www.chanmama.com/awemeDetail/6850871096095362319", "digg_count": 1093, "digg_incr": 816, "aweme_create_time": 1595092745, "category": 9, "volume": 10, "amount": 399.90000000000003}, "author": {"author_id": "58407523662", "nickname": "袁四妹手工坊", "follower_count": 339846}}, {"aweme": {"aweme_id": "6850959468318985483", "aweme_title": "#手工丝网花 出去散步发现无名小野花，找出不穿了的打底衫，做款小花还不错，有没有想剪衣服试试的#手工教程", "aweme_url": "https://www.iesdouyin.com/share/video/6850959468318985483/?region=CN&mid=6845086828639291399&u_code=0&titleType=title", "download_url": "https://www.chanmama.com/awemeDetail/6850959468318985483", "digg_count": 1277, "digg_incr": 809, "aweme_create_time": 1595113330, "category": 9, "volume": 27, "amount": 236.2}, "author": {"author_id": "4300907711568436", "nickname": "优优手工", "follower_count": 13022}}, {"aweme": {"aweme_id": "6851079148815863054", "aweme_title": "好好爱自己，才有能力爱别人 #孕中期  #vlog日常  #孕期好物分享", "aweme_url": "https://www.iesdouyin.com/share/video/6851079148815863054/?region=CN&mid=6851079253786708744&u_code=0&titleType=title", "download_url": "https://www.chanmama.com/awemeDetail/6851079148815863054", "digg_count": 1397, "digg_incr": 808, "aweme_create_time": 1595141197, "category": 9, "volume": 1, "amount": 68}, "author": {"author_id": "95748257435", "nickname": "tosure", "follower_count": 163606}}, {"aweme": {"aweme_id": "6851056727131950336", "aweme_title": "#上热门 #清道夫 #保护生态环境 河道保护使者，剿灭清道夫，五舅是认真的。@抖音小助手@DOU+小助手", "aweme_url": "https://www.iesdouyin.com/share/video/6851056727131950336/?region=CN&mid=6729661860783590151&u_code=0&titleType=title", "download_url": "https://www.chanmama.com/awemeDetail/6851056727131950336", "digg_count": 1388, "digg_incr": 807, "aweme_create_time": 1595135951, "category": 9, "volume": 1, "amount": 13.8}, "author": {"author_id": "69589418437", "nickname": "五舅和阿侠(716)剿灭清道夫", "follower_count": 42120}}, {"aweme": {"aweme_id": "6851003671686171904", "aweme_title": "特意给欣怡买的身高贴，我俩先量上了，老公说好多年没量了，说不定又长高了😂，怎么可能，都快奔四的人了#母婴", "aweme_url": "https://www.iesdouyin.com/share/video/6851003671686171904/?region=CN&mid=6825106397278440199&u_code=0&titleType=title", "download_url": "https://www.chanmama.com/awemeDetail/6851003671686171904", "digg_count": 1415, "digg_incr": 783, "aweme_create_time": 1595123598, "category": 9, "volume": 9, "amount": 359.09999999999997}, "author": {"author_id": "2141495976013885", "nickname": "欣怡妈妈", "follower_count": 253363}}, {"aweme": {"aweme_id": "6851003293339110667", "aweme_title": "葫芦寓意福禄，放哪里好？#葫芦 #涨知识 #传统文化 @抖音小助手", "aweme_url": "https://www.iesdouyin.com/share/video/6851003293339110667/?region=CN&mid=6851003318961965838&u_code=0&titleType=title", "download_url": "https://www.chanmama.com/awemeDetail/6851003293339110667", "digg_count": 1647, "digg_incr": 757, "aweme_create_time": 1595123519, "category": 9, "volume": 4, "amount": 275.6}, "author": {"author_id": "3883120385866615", "nickname": "金多多•万事有讲究", "follower_count": 378585}}, {"aweme": {"aweme_id": "6850979657458781452", "aweme_title": "接上一个视频教程来了，矿泉水瓶子做个壁挂式花瓶是不是很美，快点动手做吧#废变宝 #创意手工 #花瓶", "aweme_url": "https://www.iesdouyin.com/share/video/6850979657458781452/?region=CN&mid=6753634499613313799&u_code=0&titleType=title", "download_url": "https://www.chanmama.com/awemeDetail/6850979657458781452", "digg_count": 2339, "digg_incr": 687, "aweme_create_time": 1595118021, "category": 9, "volume": 0, "amount": 0}, "author": {"author_id": "71493664436", "nickname": "露珠喜欢手工", "follower_count": 40791}}, {"aweme": {"aweme_id": "6851011058589650191", "aweme_title": "夏天给家里买了这个冰丝凉席  不易跑动 冰冰凉凉 还不会硌的人满身印#好物市集 #了不起的生活好物", "aweme_url": "https://www.iesdouyin.com/share/video/6851011058589650191/?region=CN&mid=6851011064256383751&u_code=0&titleType=title", "download_url": "https://www.chanmama.com/awemeDetail/6851011058589650191", "digg_count": 14547, "digg_incr": 669, "aweme_create_time": 1595125318, "category": 9, "volume": 0, "amount": 0}, "author": {"author_id": "3685195411105182", "nickname": "大喵来种草", "follower_count": 9061}}, {"aweme": {"aweme_id": "6850998639968488719", "aweme_title": "717活动最后一天啦！十点准时开播💪#717抖音奇妙好物市集 @DOU+小助手 @抖音小助手", "aweme_url": "https://www.iesdouyin.com/share/video/6850998639968488719/?region=CN&mid=6835652140740904973&u_code=0&titleType=title", "download_url": "https://www.chanmama.com/awemeDetail/6850998639968488719", "digg_count": 1133, "digg_incr": 570, "aweme_create_time": 1595122427, "category": 9, "volume": 36, "amount": 4968}, "author": {"author_id": "4503664084867952", "nickname": "可拉米家居用品", "follower_count": 25945}}, {"aweme": {"aweme_id": "6851121670372052224", "aweme_title": "铁画是世界独一无二的，只有我们有，不存在抄袭国外，为什么我们连这点自信都没有了呢？", "aweme_url": "https://www.iesdouyin.com/share/video/6851121670372052224/?region=CN&mid=6851121676571265805&u_code=0&titleType=title", "download_url": "https://www.chanmama.com/awemeDetail/6851121670372052224", "digg_count": 1155, "digg_incr": 547, "aweme_create_time": 1595151072, "category": 9, "volume": 0, "amount": 0}, "author": {"author_id": "2123849665613507", "nickname": "铁画大师（匠林风华）", "follower_count": 319398}}, {"aweme": {"aweme_id": "6851009031964724495", "aweme_title": "有朋友说我家住久了，东西怎么没有越来越多？其实我家打了很多柜子，可以装很多东西。", "aweme_url": "https://www.iesdouyin.com/share/video/6851009031964724495/?region=CN&mid=6851009035127687944&u_code=0&titleType=title", "download_url": "https://www.chanmama.com/awemeDetail/6851009031964724495", "digg_count": 1153, "digg_incr": 522, "aweme_create_time": 1595124846, "category": 9, "volume": 0, "amount": 0}, "author": {"author_id": "72868998420", "nickname": "萍儿", "follower_count": 369946}}, {"aweme": {"aweme_id": "6851041839391296768", "aweme_title": "佛光普照，见者接好运❤️#见者好运 #佛 #抖音好物", "aweme_url": "https://www.iesdouyin.com/share/video/6851041839391296768/?region=CN&mid=6747757886950132492&u_code=0&titleType=title", "download_url": "https://www.chanmama.com/awemeDetail/6851041839391296768", "digg_count": 1774, "digg_incr": 378, "aweme_create_time": 1595132485, "category": 9, "volume": 0, "amount": 0}, "author": {"author_id": "3315764041356285", "nickname": "金旗珠宝", "follower_count": 17531}}, {"aweme": {"aweme_id": "6850886620384611595", "aweme_title": "这个流沙画太有创意了！静静地看他形成一幅山河画。", "aweme_url": "https://www.iesdouyin.com/share/video/6850886620384611595/?region=CN&mid=6850886816153733896&u_code=0&titleType=title", "download_url": "https://www.chanmama.com/awemeDetail/6850886620384611595", "digg_count": 61125, "digg_incr": 356, "aweme_create_time": 1595096426, "category": 9, "volume": 9, "amount": 315}, "author": {"author_id": "2634039991484493", "nickname": "好物收集所", "follower_count": 10670}}, {"aweme": {"aweme_id": "6851041839391296768", "aweme_title": "佛光普照，见者接好运❤️#见者好运 #佛 #抖音好物", "aweme_url": "https://www.iesdouyin.com/share/video/6851041839391296768/?region=CN&mid=6747757886950132492&u_code=0&titleType=title", "download_url": "https://www.chanmama.com/awemeDetail/6851041839391296768", "digg_count": 1774, "digg_incr": 378, "aweme_create_time": 1595132485, "category": 9, "volume": 0, "amount": 0}, "author": {"author_id": "3315764041356285", "nickname": "金旗珠宝", "follower_count": 17531}}, {"aweme": {"aweme_id": "6850886620384611595", "aweme_title": "这个流沙画太有创意了！静静地看他形成一幅山河画。", "aweme_url": "https://www.iesdouyin.com/share/video/6850886620384611595/?region=CN&mid=6850886816153733896&u_code=0&titleType=title", "download_url": "https://www.chanmama.com/awemeDetail/6850886620384611595", "digg_count": 61125, "digg_incr": 356, "aweme_create_time": 1595096426, "category": 9, "volume": 9, "amount": 315}, "author": {"author_id": "2634039991484493", "nickname": "好物收集所", "follower_count": 10670}}]}