{"data": [{"aweme": {"aweme_id": "6852068728377527560", "aweme_title": "去药店买药，见一哥们买试孕纸一直盯着说明书看，我告诉他这个只测怀没怀孕测不出是不是你的，然后被他追了八条街😭", "aweme_url": "https://www.iesdouyin.com/share/video/6852068728377527560/?region=CN&mid=6852068672203180808&u_code=26534da41dj7&titleType=title", "download_url": "https://www.chanmama.com/awemeDetail/6852068728377527560", "digg_count": 95928, "digg_incr": 94590, "aweme_create_time": 1595371584, "category": 1, "volume": 2427, "amount": 96837.3}, "author": {"author_id": "63903446653", "nickname": "大宝儿", "follower_count": 31116}}, {"aweme": {"aweme_id": "6852260826665995532", "aweme_title": "@DOU+小助手 @电商小助手 #乘风破浪的姐姐 #时尚女装穿搭", "aweme_url": "https://www.iesdouyin.com/share/video/6852260826665995532/?region=CN&mid=6829924754318068494&u_code=0&titleType=title", "download_url": "https://www.chanmama.com/awemeDetail/6852260826665995532", "digg_count": 95808, "digg_incr": 47125, "aweme_create_time": 1595416307, "category": 1, "volume": 0, "amount": 0}, "author": {"author_id": "1310229613787695", "nickname": "大方县衣雅优服饰百货店", "follower_count": 106317}}, {"aweme": {"aweme_id": "6852270293214366990", "aweme_title": "两个颜色都安排了 大家觉得那个颜色更好看呢？#微胖女孩 #穿搭 @抖音小助手", "aweme_url": "https://www.iesdouyin.com/share/video/6852270293214366990/?region=CN&mid=6852270305788857096&u_code=0&titleType=title", "download_url": "https://www.chanmama.com/awemeDetail/6852270293214366990", "digg_count": 48193, "digg_incr": 41953, "aweme_create_time": 1595418506, "category": 1, "volume": 0, "amount": 0}, "author": {"author_id": "59076009221", "nickname": "欧欧欧欧欧欧耶", "follower_count": 398239}}, {"aweme": {"aweme_id": "6852125638342610191", "aweme_title": "你们喜欢的韩系辣妹穿搭 #抖音小助手 #乘风破浪的好物 #测评 #穿搭", "aweme_url": "https://www.iesdouyin.com/share/video/6852125638342610191/?region=CN&mid=6852125639202310920&u_code=0&titleType=title", "download_url": "https://www.chanmama.com/awemeDetail/6852125638342610191", "digg_count": 61488, "digg_incr": 38135, "aweme_create_time": 1595384826, "category": 1, "volume": 3693, "amount": 210535}, "author": {"author_id": "171143859551715", "nickname": "毛酱来啦7.27上新", "follower_count": 143878}}, {"aweme": {"aweme_id": "6852003324414151951", "aweme_title": "#穿搭 #星选好物 @抖音小助手", "aweme_url": "https://www.iesdouyin.com/share/video/6852003324414151951/?region=CN&mid=6852003251693308679&u_code=44iflg9jchjh&titleType=title", "download_url": "https://www.chanmama.com/awemeDetail/6852003324414151951", "digg_count": 83167, "digg_incr": 38013, "aweme_create_time": 1595356368, "category": 1, "volume": 334, "amount": 89846}, "author": {"author_id": "82639798192", "nickname": "掌商穿搭", "follower_count": 977302}}, {"aweme": {"aweme_id": "6852226309716708620", "aweme_title": "新款披肩➕旗袍上市啦#正在直播中请点头像进入 #穿搭 #抖音", "aweme_url": "https://www.iesdouyin.com/share/video/6852226309716708620/?region=CN&mid=6852226350946765582&u_code=0&titleType=title", "download_url": "https://www.chanmama.com/awemeDetail/6852226309716708620", "digg_count": 56395, "digg_incr": 37762, "aweme_create_time": 1595408273, "category": 1, "volume": 0, "amount": 0}, "author": {"author_id": "1983154584297805", "nickname": "朱效荣服装商行", "follower_count": 551682}}, {"aweme": {"aweme_id": "6852129448641268992", "aweme_title": "女孩子是真的可以面无表情的坐着 然后眼眶一红鼻子一酸 觉得自己特别差劲 眼泪不由自主的出来了。#套装 #西装", "aweme_url": "https://www.iesdouyin.com/share/video/6852129448641268992/?region=CN&mid=6852129448716684046&u_code=0&titleType=title", "download_url": "https://www.chanmama.com/awemeDetail/6852129448641268992", "digg_count": 46998, "digg_incr": 32803, "aweme_create_time": 1595385712, "category": 1, "volume": 0, "amount": 0}, "author": {"author_id": "77873722348", "nickname": "淘你所爱", "follower_count": 380708}}, {"aweme": {"aweme_id": "6851873206651964680", "aweme_title": "好聪明的小姐姐，我又学了一招 {情景需要，请勿模仿} #每日穿搭  #情景短剧", "aweme_url": "https://www.iesdouyin.com/share/video/6851873206651964680/?region=CN&mid=6851873295604927239&u_code=0&titleType=title", "download_url": "https://www.chanmama.com/awemeDetail/6851873206651964680", "digg_count": 45106, "digg_incr": 31645, "aweme_create_time": 1595377800, "category": 1, "volume": 107, "amount": 9523}, "author": {"author_id": "79058138252", "nickname": "迪艾丝服饰", "follower_count": 233331}}, {"aweme": {"aweme_id": "6852255315719671051", "aweme_title": "别催了别催了，你们要的扎染卫衣这就来啦，快来get#穿搭 #搭配 #青菜拼车拼拼拼 #不负吾爱探索x面", "aweme_url": "https://www.iesdouyin.com/share/video/6852255315719671051/?region=CN&mid=6852255359688624910&u_code=0&titleType=title", "download_url": "https://www.chanmama.com/awemeDetail/6852255315719671051", "digg_count": 29870, "digg_incr": 28625, "aweme_create_time": 1595415025, "category": 1, "volume": 0, "amount": 0}, "author": {"author_id": "94603861752", "nickname": "松本丧丧", "follower_count": 778050}}, {"aweme": {"aweme_id": "6852153154344226062", "aweme_title": "在我身边 你可以放心做个小孩#闺蜜", "aweme_url": "https://www.iesdouyin.com/share/video/6852153154344226062/?region=CN&mid=6844102974784931854&u_code=0&titleType=title", "download_url": "https://www.chanmama.com/awemeDetail/6852153154344226062", "digg_count": 42908, "digg_incr": 27809, "aweme_create_time": 1595391233, "category": 1, "volume": 16, "amount": 4248}, "author": {"author_id": "100500985849", "nickname": "LY知音", "follower_count": 119615}}, {"aweme": {"aweme_id": "6852208173625986319", "aweme_title": "#热门 喜欢简单、清爽的穿搭、偏爱垂感飘逸的面料，很养眼～#服装搭配 #抖音小助手", "aweme_url": "https://www.iesdouyin.com/share/video/6852208173625986319/?region=CN&mid=6852208175936965390&u_code=0&titleType=title", "download_url": "https://www.chanmama.com/awemeDetail/6852208173625986319", "digg_count": 45369, "digg_incr": 25931, "aweme_create_time": 1595404042, "category": 1, "volume": 875, "amount": 52412.5}, "author": {"author_id": "101503710817", "nickname": "初奢服装商行", "follower_count": 248863}}, {"aweme": {"aweme_id": "6852255322845744397", "aweme_title": "新出的一款裙子叫减龄裙  四五十岁女人穿上美丽洋气！#穿搭 @抖音小助手", "aweme_url": "https://www.iesdouyin.com/share/video/6852255322845744397/?region=CN&mid=6825189844520651528&u_code=0&titleType=title", "download_url": "https://www.chanmama.com/awemeDetail/6852255322845744397", "digg_count": 41208, "digg_incr": 25661, "aweme_create_time": 1595415020, "category": 1, "volume": 6, "amount": 714}, "author": {"author_id": "96376652312615", "nickname": "方夫人（中年穿搭）", "follower_count": 210923}}, {"aweme": {"aweme_id": "6852147617716096260", "aweme_title": "今天出去逛#zara 破洞牛仔背带裤➕短款露背T恤，显腿长还显瘦！#穿搭 #背带裤 #显瘦穿搭@DOU+小助手", "aweme_url": "https://www.iesdouyin.com/share/video/6852147617716096260/?region=CN&mid=6752350953376271116&u_code=20g3ifb1immj&titleType=title", "download_url": "https://www.chanmama.com/awemeDetail/6852147617716096260", "digg_count": 33348, "digg_incr": 24036, "aweme_create_time": 1595389951, "category": 1, "volume": 10, "amount": 1483}, "author": {"author_id": "94256482707", "nickname": "小仪大王", "follower_count": 12076}}, {"aweme": {"aweme_id": "6852235038868753679", "aweme_title": "我们绝对是一家正经做木盒的汉服店铺 新品汉服搭配新木盒 完美～#汉服上新 #汉舞纪", "aweme_url": "https://www.iesdouyin.com/share/video/6852235038868753679/?region=CN&mid=6849660119509879565&u_code=eje9geead5i&titleType=title", "download_url": "https://www.chanmama.com/awemeDetail/6852235038868753679", "digg_count": 36780, "digg_incr": 23448, "aweme_create_time": 1595410297, "category": 1, "volume": 3, "amount": 57}, "author": {"author_id": "62745472775", "nickname": "汉舞纪原创汉服店", "follower_count": 27202}}, {"aweme": {"aweme_id": "6852249338916162829", "aweme_title": "来啦来啦～这样裙还可以吧？应该没拔草吧？之前只看过手织样不敢冲的宝贝这样可以放心了喔～定档8月7日唷～", "aweme_url": "https://www.iesdouyin.com/share/video/6852249338916162829/?region=CN&mid=6852249423716944653&u_code=363d0kkf8g79&titleType=title", "download_url": "https://www.chanmama.com/awemeDetail/6852249338916162829", "digg_count": 37231, "digg_incr": 20797, "aweme_create_time": 1595413627, "category": 1, "volume": 1, "amount": 999}, "author": {"author_id": "78686568388", "nickname": "红糖果子收集部JK制服", "follower_count": 52713}}, {"aweme": {"aweme_id": "6852274499769879808", "aweme_title": "女人三分长相七分打扮……世上没有丑女人只有懒女人 #舞蹈 @抖音小助手", "aweme_url": "https://www.iesdouyin.com/share/video/6852274499769879808/?region=CN&mid=6848722617352866573&u_code=48edh643hih9&titleType=title", "download_url": "https://www.chanmama.com/awemeDetail/6852274499769879808", "digg_count": 28944, "digg_incr": 20288, "aweme_create_time": 1595419484, "category": 1, "volume": 0, "amount": 0}, "author": {"author_id": "66696898387", "nickname": "丽丽🌺🌿", "follower_count": 18260}}, {"aweme": {"aweme_id": "6852252039448136960", "aweme_title": "“最舒服的关系，聊天懂你，说话忍你，心里装你，做事帮你，我懂你的眼神，你懂我的欲言又止，相视而笑，莫逆于心”", "aweme_url": "https://www.iesdouyin.com/share/video/6852252039448136960/?region=CN&mid=6834078949820222216&u_code=0&titleType=title", "download_url": "https://www.chanmama.com/awemeDetail/6852252039448136960", "digg_count": 18232, "digg_incr": 18438, "aweme_create_time": 1595414255, "category": 1, "volume": 4, "amount": 596}, "author": {"author_id": "1187115560871416", "nickname": "衿婷电子商务商行", "follower_count": 62409}}, {"aweme": {"aweme_id": "6852271350443183360", "aweme_title": "南极人睡衣只需18，艾特你家闺蜜#抢购 #睡衣 #睡裙 #好物推荐 #平价 #学生党 #直播 #穿搭", "aweme_url": "https://www.iesdouyin.com/share/video/6852271350443183360/?region=CN&mid=6844102974784931854&u_code=0&titleType=title", "download_url": "https://www.chanmama.com/awemeDetail/6852271350443183360", "digg_count": 71690, "digg_incr": 17148, "aweme_create_time": 1595418751, "category": 1, "volume": 27, "amount": 486}, "author": {"author_id": "94782516183", "nickname": "心悦好物", "follower_count": 23005}}, {"aweme": {"aweme_id": "6852246286792527117", "aweme_title": "#相亲 #绿茶单纯弟弟遇到套路相亲，姐姐出马一个顶俩~", "aweme_url": "https://www.iesdouyin.com/share/video/6852246286792527117/?region=CN&mid=6852246413558500110&u_code=29e686k94ldf&titleType=title", "download_url": "https://www.chanmama.com/awemeDetail/6852246286792527117", "digg_count": 27095, "digg_incr": 16103, "aweme_create_time": 1595412936, "category": 1, "volume": 0, "amount": 0}, "author": {"author_id": "110274853097", "nickname": "曹婷婷", "follower_count": 916690}}, {"aweme": {"aweme_id": "6852147116299537671", "aweme_title": "能出现在草稿纸上的名字都意义非凡", "aweme_url": "https://www.iesdouyin.com/share/video/6852147116299537671/?region=CN&mid=6852147314187586312&u_code=45a6gmj0h2h&titleType=title", "download_url": "https://www.chanmama.com/awemeDetail/6852147116299537671", "digg_count": 49121, "digg_incr": 15790, "aweme_create_time": 1595389845, "category": 1, "volume": 4, "amount": 552}, "author": {"author_id": "923227094269199", "nickname": "XIYAO", "follower_count": 63169}}, {"aweme": {"aweme_id": "6852288107048406284", "aweme_title": "记得小时候每晚你哄你入睡的样子！￼到每天咋辫子的样子😀如今已经是个大菇凉了、感恩伟大的老师们🙏辛苦啦😘", "aweme_url": "https://www.iesdouyin.com/share/video/6852288107048406284/?region=CN&mid=6851511162392070925&u_code=0&titleType=title", "download_url": "https://www.chanmama.com/awemeDetail/6852288107048406284", "digg_count": 17012, "digg_incr": 14658, "aweme_create_time": 1595422658, "category": 1, "volume": 3, "amount": 297}, "author": {"author_id": "100255753609", "nickname": "ts5793", "follower_count": 276385}}, {"aweme": {"aweme_id": "6852191798270430479", "aweme_title": "咦，这难道就是魔法少女吗？#jk #jk日常 #jk制服", "aweme_url": "https://www.iesdouyin.com/share/video/6852191798270430479/?region=CN&mid=6852191796538575624&u_code=45a6gmj0h2h&titleType=title", "download_url": "https://www.chanmama.com/awemeDetail/6852191798270430479", "digg_count": 15967, "digg_incr": 14467, "aweme_create_time": 1595400229, "category": 1, "volume": 0, "amount": 0}, "author": {"author_id": "285527947098654", "nickname": "啦啦酱JK", "follower_count": 424451}}, {"aweme": {"aweme_id": "6852226926522813696", "aweme_title": "我喜欢麻辣味的", "aweme_url": "https://www.iesdouyin.com/share/video/6852226926522813696/?region=CN&mid=6852226926635911950&u_code=258dkkj7ad10&titleType=title", "download_url": "https://www.chanmama.com/awemeDetail/6852226926522813696", "digg_count": 17154, "digg_incr": 13874, "aweme_create_time": 1595408408, "category": 1, "volume": 0, "amount": 0}, "author": {"author_id": "70250020175", "nickname": "你的小老虎", "follower_count": 387723}}, {"aweme": {"aweme_id": "6852174852892167432", "aweme_title": "人生没有白走的路，每一步都算数！加油！ #穿搭  #时尚妈妈装   #热门@DOU+小助手", "aweme_url": "https://www.iesdouyin.com/share/video/6852174852892167432/?region=CN&mid=6852174946932640525&u_code=3c271fmddb64&titleType=title", "download_url": "https://www.chanmama.com/awemeDetail/6852174852892167432", "digg_count": 13592, "digg_incr": 13300, "aweme_create_time": 1595396310, "category": 1, "volume": 29, "amount": 2291}, "author": {"author_id": "166769474682446", "nickname": "戴夫人服饰工厂", "follower_count": 144560}}, {"aweme": {"aweme_id": "6852062773208190221", "aweme_title": "新款5色6码，85斤穿到165#美衣穿搭 #感谢抖音平台给的每一次热门 DOu+小助手", "aweme_url": "https://www.iesdouyin.com/share/video/6852062773208190221/?region=CN&mid=6769567214702955267&u_code=0&titleType=title", "download_url": "https://www.chanmama.com/awemeDetail/6852062773208190221", "digg_count": 21903, "digg_incr": 12962, "aweme_create_time": 1595370199, "category": 1, "volume": 89, "amount": 4005}, "author": {"author_id": "786860015363939", "nickname": "常熟小梅女装工厂店", "follower_count": 38263}}, {"aweme": {"aweme_id": "6852061349401398543", "aweme_title": "32步🔥《都来发》简单舞步 适合初学者#爱跳舞爱生活@抖音小助手 🔥🔥🔥", "aweme_url": "https://www.iesdouyin.com/share/video/6852061349401398543/?region=CN&mid=6845901851494845197&u_code=1dbh7c3hig57&titleType=title", "download_url": "https://www.chanmama.com/awemeDetail/6852061349401398543", "digg_count": 18886, "digg_incr": 12911, "aweme_create_time": 1595369863, "category": 1, "volume": 2, "amount": 138}, "author": {"author_id": "98903207453", "nickname": "遇见你是我的缘🍒", "follower_count": 240047}}, {"aweme": {"aweme_id": "6852234439896960263", "aweme_title": "#套装 #轻熟风 #每日穿搭分享 #直播间 #爆款来了 #气质穿搭 @DOU+小助手 @电商小助手", "aweme_url": "https://www.iesdouyin.com/share/video/6852234439896960263/?region=CN&mid=6852234465524534024&u_code=0&titleType=title", "download_url": "https://www.chanmama.com/awemeDetail/6852234439896960263", "digg_count": 13922, "digg_incr": 12716, "aweme_create_time": 1595410159, "category": 1, "volume": 47, "amount": 4606}, "author": {"author_id": "1538946106669646", "nickname": "正美百货服饰店.", "follower_count": 113610}}, {"aweme": {"aweme_id": "6852238350083001600", "aweme_title": "打出“你个”后面出来的必定是脏话#微胖女生 #一口解锁暑假快落 #学生党 ，@抖音小助手", "aweme_url": "https://www.iesdouyin.com/share/video/6852238350083001600/?region=CN&mid=6821820782562298638&u_code=363d0kkf8g79&titleType=title", "download_url": "https://www.chanmama.com/awemeDetail/6852238350083001600", "digg_count": 24642, "digg_incr": 12550, "aweme_create_time": 1595411068, "category": 1, "volume": 36, "amount": 4669.2}, "author": {"author_id": "1719228378660488", "nickname": "原来是西吖💨", "follower_count": 54957}}, {"aweme": {"aweme_id": "6852248351547706639", "aweme_title": "天丝阔腿牛仔裤，夏天冰冰凉。你喜欢吗？#牛仔裤 @DOU+小助手", "aweme_url": "https://www.iesdouyin.com/share/video/6852248351547706639/?region=CN&mid=6852248372620102413&u_code=lekh3bh654g&titleType=title", "download_url": "https://www.chanmama.com/awemeDetail/6852248351547706639", "digg_count": 14888, "digg_incr": 12451, "aweme_create_time": 1595413396, "category": 1, "volume": 2424, "amount": 145197.6}, "author": {"author_id": "659328408748520", "nickname": "淑度女装服饰", "follower_count": 458393}}, {"aweme": {"aweme_id": "6852090401889733901", "aweme_title": "心系佳人、思之念之～点击头像进直播间，参与新款尽情秒团活动#秒团行动ing #穿搭 @抖音小助手", "aweme_url": "https://www.iesdouyin.com/share/video/6852090401889733901/?region=CN&mid=6842604523500931848&u_code=j730d40cij&titleType=title", "download_url": "https://www.chanmama.com/awemeDetail/6852090401889733901", "digg_count": 12496, "digg_incr": 12450, "aweme_create_time": 1595376638, "category": 1, "volume": 0, "amount": 0}, "author": {"author_id": "105158581793", "nickname": "小鱼鱼服装搭配", "follower_count": 746752}}, {"aweme": {"aweme_id": "6852249257894857991", "aweme_title": "这条必须入！太好看了！我沦陷了#大码搭配 #146斤穿搭", "aweme_url": "https://www.iesdouyin.com/share/video/6852249257894857991/?region=CN&mid=6834349018307496712&u_code=0&titleType=title", "download_url": "https://www.chanmama.com/awemeDetail/6852249257894857991", "digg_count": 30554, "digg_incr": 11027, "aweme_create_time": 1595413609, "category": 1, "volume": 0, "amount": 0}, "author": {"author_id": "2035927248276540", "nickname": "146斤的腊肉妹妹", "follower_count": 22979}}, {"aweme": {"aweme_id": "6852099163077856512", "aweme_title": "愿你每天都露出六颗牙齿，笑口常开，好运自来#dot热门 #抖音霸霸不要限流", "aweme_url": "https://www.iesdouyin.com/share/video/6852099163077856512/?region=CN&mid=6852099155624610567&u_code=2i2e61m5470e&titleType=title", "download_url": "https://www.chanmama.com/awemeDetail/6852099163077856512", "digg_count": 12774, "digg_incr": 11021, "aweme_create_time": 1595378662, "category": 1, "volume": 325, "amount": 31850}, "author": {"author_id": "4283291852871116", "nickname": "六安市裕安区新时代服饰经营部", "follower_count": 235222}}, {"aweme": {"aweme_id": "6852243345582869773", "aweme_title": "女生过了25岁想要穿出高级感，收藏这家店铺就够了 #夏季新款  #穿出高级感", "aweme_url": "https://www.iesdouyin.com/share/video/6852243345582869773/?region=CN&mid=6852243720499514119&u_code=0&titleType=title", "download_url": "https://www.chanmama.com/awemeDetail/6852243345582869773", "digg_count": 43959, "digg_incr": 10967, "aweme_create_time": 1595412312, "category": 1, "volume": 2, "amount": 99.8}, "author": {"author_id": "1508183280985181", "nickname": "穿搭小推荐", "follower_count": 459270}}, {"aweme": {"aweme_id": "6852151961895193856", "aweme_title": "抢裙子的时候，恨不得12G网速#网速模仿秀 #国王与夜莺jk #充能计划 #jk #jk制服", "aweme_url": "https://www.iesdouyin.com/share/video/6852151961895193856/?region=CN&mid=6852151972351511303&u_code=45a6gmj0h2h&titleType=title", "download_url": "https://www.chanmama.com/awemeDetail/6852151961895193856", "digg_count": 12502, "digg_incr": 10238, "aweme_create_time": 1595390954, "category": 1, "volume": 0, "amount": 0}, "author": {"author_id": "4160165301192670", "nickname": "国王与夜莺JK制服", "follower_count": 256741}}, {"aweme": {"aweme_id": "6852246323270290696", "aweme_title": "怎么办？每次别人一喊美女，我就觉得是在叫我", "aweme_url": "https://www.iesdouyin.com/share/video/6852246323270290696/?region=CN&mid=6852246403083782919&u_code=0&titleType=title", "download_url": "https://www.chanmama.com/awemeDetail/6852246323270290696", "digg_count": 13441, "digg_incr": 9987, "aweme_create_time": 1595412942, "category": 1, "volume": 0, "amount": 0}, "author": {"author_id": "104570704375", "nickname": "猎德收租婆", "follower_count": 121669}}, {"aweme": {"aweme_id": "6852247667506973966", "aweme_title": "#jk制服 1600+的制服开箱！今天的土真好吃 #充能计划 #conomi", "aweme_url": "https://www.iesdouyin.com/share/video/6852247667506973966/?region=CN&mid=6852247795072912142&u_code=29e686k94ldf&titleType=title", "download_url": "https://www.chanmama.com/awemeDetail/6852247667506973966", "digg_count": 12297, "digg_incr": 9841, "aweme_create_time": 1595413256, "category": 1, "volume": 3, "amount": 1794}, "author": {"author_id": "99523217108", "nickname": "小旻旻旻旻（24日晚上8点直播）", "follower_count": 221283}}, {"aweme": {"aweme_id": "6852166056237223171", "aweme_title": "这个套装再发一遍 会热吗？ 昨天着实热了一下   听说第二遍会更热，是真的吗#秋装新款 #热门", "aweme_url": "https://www.iesdouyin.com/share/video/6852166056237223171/?region=CN&mid=6852166090412624654&u_code=3j780l7jijh6&titleType=title", "download_url": "https://www.chanmama.com/awemeDetail/6852166056237223171", "digg_count": 26328, "digg_incr": 9788, "aweme_create_time": 1595394244, "category": 1, "volume": 0, "amount": 0}, "author": {"author_id": "109667895235", "nickname": "鱼妈妈服装", "follower_count": 30158}}, {"aweme": {"aweme_id": "6852101665441451275", "aweme_title": "船长给朋友们分享一下，海洋景色温柔的一面，好朋友们你们喜欢么？点赞评论告诉船长，以后多发一些哪方面的作品？", "aweme_url": "https://www.iesdouyin.com/share/video/6852101665441451275/?region=CN&mid=6852101675780475662&u_code=j730d40cij&titleType=title", "download_url": "https://www.chanmama.com/awemeDetail/6852101665441451275", "digg_count": 12637, "digg_incr": 9534, "aweme_create_time": 1595379256, "category": 1, "volume": 2, "amount": 19.8}, "author": {"author_id": "94698846791", "nickname": "中国船长", "follower_count": 845071}}, {"aweme": {"aweme_id": "6852113104491367688", "aweme_title": "这个背感觉可以刮下来奶油。。", "aweme_url": "https://www.iesdouyin.com/share/video/6852113104491367688/?region=CN&mid=6843485208960944909&u_code=2fd091360fhe&titleType=title", "download_url": "https://www.chanmama.com/awemeDetail/6852113104491367688", "digg_count": 11355, "digg_incr": 9073, "aweme_create_time": 1595381909, "category": 1, "volume": 10, "amount": 1590}, "author": {"author_id": "51746763550", "nickname": "摄影师江欢", "follower_count": 538241}}, {"aweme": {"aweme_id": "6852202409771519246", "aweme_title": "黄色好显白，太划算了", "aweme_url": "https://www.iesdouyin.com/share/video/6852202409771519246/?region=CN&mid=6838222573329713934&u_code=455adch37bf4&titleType=title", "download_url": "https://www.chanmama.com/awemeDetail/6852202409771519246", "digg_count": 8618, "digg_incr": 8416, "aweme_create_time": 1595402711, "category": 1, "volume": 1295, "amount": 25770.499999999996}, "author": {"author_id": "60801132266", "nickname": "常熟王丹丹服装商行", "follower_count": 515305}}, {"aweme": {"aweme_id": "6852274657232555279", "aweme_title": "为人做事，视宠辱如花开花落般平常；不惊！职位去留，如云卷云舒般变幻，无意！方现英雄本色！#花开半夏", "aweme_url": "https://www.iesdouyin.com/share/video/6852274657232555279/?region=CN&mid=6851750624720194318&u_code=0&titleType=title", "download_url": "https://www.chanmama.com/awemeDetail/6852274657232555279", "digg_count": 21928, "digg_incr": 8018, "aweme_create_time": 1595419521, "category": 1, "volume": 0, "amount": 0}, "author": {"author_id": "105915748407", "nickname": "王茜🌹（63年玉兔）", "follower_count": 448082}}, {"aweme": {"aweme_id": "6852157550977240320", "aweme_title": "民族风套装太好看了，百看不厌三个颜色，微胖妈妈夏天一定要备起来哦#中老年穿搭 #大码搭配 #我要上热门", "aweme_url": "https://www.iesdouyin.com/share/video/6852157550977240320/?region=CN&mid=6852157540235889421&u_code=3c271fmddb64&titleType=title", "download_url": "https://www.chanmama.com/awemeDetail/6852157550977240320", "digg_count": 8023, "digg_incr": 8002, "aweme_create_time": 1595392256, "category": 1, "volume": 383, "amount": 22597}, "author": {"author_id": "101563512155", "nickname": "鑫晴优品服饰", "follower_count": 269457}}, {"aweme": {"aweme_id": "6852078492478098702", "aweme_title": "好洋气的半高领小T恤，好看还便宜", "aweme_url": "https://www.iesdouyin.com/share/video/6852078492478098702/?region=CN&mid=6797660773830100999&u_code=0&titleType=title", "download_url": "https://www.chanmama.com/awemeDetail/6852078492478098702", "digg_count": 11835, "digg_incr": 7905, "aweme_create_time": 1595373854, "category": 1, "volume": 907, "amount": 35373}, "author": {"author_id": "3298163996504663", "nickname": "常熟市阑桂坊服装商行", "follower_count": 218010}}, {"aweme": {"aweme_id": "6852295073011338503", "aweme_title": "在老师面前，你终究是个学生#穿搭 #女装 #小个子穿搭 @DOU+小助手", "aweme_url": "https://www.iesdouyin.com/share/video/6852295073011338503/?region=CN&mid=6830725185570671374&u_code=45a6gmj0h2h&titleType=title", "download_url": "https://www.chanmama.com/awemeDetail/6852295073011338503", "digg_count": 13716, "digg_incr": 7605, "aweme_create_time": 1595424275, "category": 1, "volume": 0, "amount": 0}, "author": {"author_id": "70644151972", "nickname": "蓝绮儿耀点服饰", "follower_count": 522075}}, {"aweme": {"aweme_id": "6852275937656982797", "aweme_title": "山川皆无恙 眉目不知秋", "aweme_url": "https://www.iesdouyin.com/share/video/6852275937656982797/?region=CN&mid=6849646795715316488&u_code=20693j457fma&titleType=title", "download_url": "https://www.chanmama.com/awemeDetail/6852275937656982797", "digg_count": 10778, "digg_incr": 7545, "aweme_create_time": 1595419820, "category": 1, "volume": 1, "amount": 159}, "author": {"author_id": "100503722922", "nickname": "沙雕网友秋秋秋", "follower_count": 70297}}, {"aweme": {"aweme_id": "6852115243972218127", "aweme_title": "喜欢咨询 五种颜色 #不负每一份热爱 #感谢抖音感谢抖音平台 @DOU+小助手 @抖音小助手", "aweme_url": "https://www.iesdouyin.com/share/video/6852115243972218127/?region=CN&mid=6852115226058312462&u_code=461mk57lm7gh&titleType=title", "download_url": "https://www.chanmama.com/awemeDetail/6852115243972218127", "digg_count": 8174, "digg_incr": 7368, "aweme_create_time": 1595382405, "category": 1, "volume": 1954, "amount": 97504.59999999999}, "author": {"author_id": "95167785644", "nickname": "小凡欧韩服饰", "follower_count": 34259}}, {"aweme": {"aweme_id": "6852036058725502221", "aweme_title": "@抖音小助手", "aweme_url": "https://www.iesdouyin.com/share/video/6852036058725502221/?region=CN&mid=6810706325870791432&u_code=45a6gmj0h2h&titleType=title", "download_url": "https://www.chanmama.com/awemeDetail/6852036058725502221", "digg_count": 7034, "digg_incr": 7099, "aweme_create_time": 1595364023, "category": 1, "volume": 396, "amount": 54648}, "author": {"author_id": "69766029715", "nickname": "卓明潮流服装", "follower_count": 260223}}, {"aweme": {"aweme_id": "6852233466528959757", "aweme_title": "让你闺蜜学，学不会带她去爬山 #诃子裙  @DOU+小助手  @DOU+小助手", "aweme_url": "https://www.iesdouyin.com/share/video/6852233466528959757/?region=CN&mid=6852233579028564743&u_code=20693j457fma&titleType=title", "download_url": "https://www.chanmama.com/awemeDetail/6852233466528959757", "digg_count": 10520, "digg_incr": 7031, "aweme_create_time": 1595409950, "category": 1, "volume": 1, "amount": 19.89}, "author": {"author_id": "110599069958", "nickname": "花仙记汉服", "follower_count": 193455}}, {"aweme": {"aweme_id": "6852272194605583616", "aweme_title": "难过的事情太多了，我想缓一缓，然后再接着生活#加油", "aweme_url": "https://www.iesdouyin.com/share/video/6852272194605583616/?region=CN&mid=6852272207549549325&u_code=107m7bg5i135&titleType=title", "download_url": "https://www.chanmama.com/awemeDetail/6852272194605583616", "digg_count": 10110, "digg_incr": 6972, "aweme_create_time": 1595418947, "category": 1, "volume": 0, "amount": 0}, "author": {"author_id": "77873722348", "nickname": "淘你所爱", "follower_count": 380708}}, {"aweme": {"aweme_id": "6852152682191260941", "aweme_title": "@沙家浜物語晴发了一个抖音短视频，你尽管点开，不好看算我输！", "aweme_url": "https://www.iesdouyin.com/share/video/6852152682191260941/?region=CN&mid=6811602089362426636&u_code=0&titleType=", "download_url": "https://www.chanmama.com/awemeDetail/6852152682191260941", "digg_count": 14645, "digg_incr": 6708, "aweme_create_time": 1595391123, "category": 1, "volume": 25, "amount": 1475}, "author": {"author_id": "68841148283", "nickname": "沙家浜物語晴", "follower_count": 961385}}, {"aweme": {"aweme_id": "6852237496911138061", "aweme_title": "我的爸爸妈妈不是天文学家也不会弹琴画画柴米油盐酱醋茶撑起了整个家 #爸爸妈妈", "aweme_url": "https://www.iesdouyin.com/share/video/6852237496911138061/?region=CN&mid=6852237577450162958&u_code=45a6gmj0h2h&titleType=title", "download_url": "https://www.chanmama.com/awemeDetail/6852237496911138061", "digg_count": 6698, "digg_incr": 6210, "aweme_create_time": 1595410886, "category": 1, "volume": 0, "amount": 0}, "author": {"author_id": "289873674896156", "nickname": "小苏打ya", "follower_count": 52450}}, {"aweme": {"aweme_id": "6852037231897611520", "aweme_title": "新款格子衬衫活动开始啦！#妈妈装 #穿搭 #感谢抖音平台 @DOU+小助手", "aweme_url": "https://www.iesdouyin.com/share/video/6852037231897611520/?region=CN&mid=6851801056507464462&u_code=45a6gmj0h2h&titleType=title", "download_url": "https://www.chanmama.com/awemeDetail/6852037231897611520", "digg_count": 6792, "digg_incr": 6185, "aweme_create_time": 1595364279, "category": 1, "volume": 368, "amount": 11003.199999999999}, "author": {"author_id": "272310531013789", "nickname": "位本凤服装商行", "follower_count": 18551}}, {"aweme": {"aweme_id": "6852119494496668936", "aweme_title": "想要舒适又好看的衣服，收藏这家店铺就够了！ #直播中  #穿搭  #时尚妈妈装", "aweme_url": "https://www.iesdouyin.com/share/video/6852119494496668936/?region=CN&mid=6852119571627428615&u_code=3c271fmddb64&titleType=title", "download_url": "https://www.chanmama.com/awemeDetail/6852119494496668936", "digg_count": 6348, "digg_incr": 6054, "aweme_create_time": 1595383417, "category": 1, "volume": 36, "amount": 2484}, "author": {"author_id": "166769474682446", "nickname": "戴夫人服饰工厂", "follower_count": 144560}}, {"aweme": {"aweme_id": "6852261186650557696", "aweme_title": "请做选择🤔 #130斤 #显瘦穿搭 #黑白 @DOU+小助手", "aweme_url": "https://www.iesdouyin.com/share/video/6852261186650557696/?region=CN&mid=6637375767279831821&u_code=2f35h4j047i5&titleType=title", "download_url": "https://www.chanmama.com/awemeDetail/6852261186650557696", "digg_count": 10220, "digg_incr": 5907, "aweme_create_time": 1595416385, "category": 1, "volume": 19, "amount": 1691}, "author": {"author_id": "93422821949", "nickname": "颖大人微胖穿搭", "follower_count": 19354}}, {"aweme": {"aweme_id": "6852250083723922700", "aweme_title": "黑白灰绝配#穿搭", "aweme_url": "https://www.iesdouyin.com/share/video/6852250083723922700/?region=CN&mid=6840373972165561096&u_code=107m7bg5i135&titleType=title", "download_url": "https://www.chanmama.com/awemeDetail/6852250083723922700", "digg_count": 8876, "digg_incr": 5892, "aweme_create_time": 1595413807, "category": 1, "volume": 24, "amount": 2352}, "author": {"author_id": "294258321917892", "nickname": "周淼", "follower_count": 68841}}, {"aweme": {"aweme_id": "6852248513871498508", "aweme_title": "今天教你们一个最厉害的表白方式", "aweme_url": "https://www.iesdouyin.com/share/video/6852248513871498508/?region=CN&mid=6852248566853880583&u_code=0&titleType=title", "download_url": "https://www.chanmama.com/awemeDetail/6852248513871498508", "digg_count": 6295, "digg_incr": 5837, "aweme_create_time": 1595413442, "category": 1, "volume": 0, "amount": 0}, "author": {"author_id": "98800531285", "nickname": "小银子STYLEYINZ", "follower_count": 763444}}, {"aweme": {"aweme_id": "6852159761928948992", "aweme_title": "只要你帮我抢裙子，我们就好姐妹👭 7.26各位集美，给本格格留一条摩羯就行，我也要抢🌚#充能计划", "aweme_url": "https://www.iesdouyin.com/share/video/6852159761928948992/?region=CN&mid=6779069012350339073&u_code=21cg28214gk8&titleType=title", "download_url": "https://www.chanmama.com/awemeDetail/6852159761928948992", "digg_count": 6850, "digg_incr": 5820, "aweme_create_time": 1595392770, "category": 1, "volume": 0, "amount": 0}, "author": {"author_id": "2176672595981837", "nickname": "格格屋JK制服馆", "follower_count": 340638}}, {"aweme": {"aweme_id": "6852124892377222408", "aweme_title": "小姐姐的舞步怎么样？ #穿搭  #街拍  #孤单探戈", "aweme_url": "https://www.iesdouyin.com/share/video/6852124892377222408/?region=CN&mid=6852125180492499720&u_code=45a6gmj0h2h&titleType=title", "download_url": "https://www.chanmama.com/awemeDetail/6852124892377222408", "digg_count": 7394, "digg_incr": 5777, "aweme_create_time": 1595391960, "category": 1, "volume": 6, "amount": 870}, "author": {"author_id": "4248141129596568", "nickname": "时尚美人榜", "follower_count": 756602}}, {"aweme": {"aweme_id": "6852238392453827847", "aweme_title": "手链暴露了哈哈哈哈！", "aweme_url": "https://www.iesdouyin.com/share/video/6852238392453827847/?region=CN&mid=6846625361468345096&u_code=4f9k1g16d2a8&titleType=title", "download_url": "https://www.chanmama.com/awemeDetail/6852238392453827847", "digg_count": 9717, "digg_incr": 5774, "aweme_create_time": 1595411079, "category": 1, "volume": 3, "amount": 189}, "author": {"author_id": "58880886882", "nickname": "野味诺诺酱（8点直播化妆）", "follower_count": 165829}}, {"aweme": {"aweme_id": "6852259639178890496", "aweme_title": "直到现在 我依然觉得我没有长大 我左右不了我的情绪 依然爱说反话 我还是遇见挫折想逃走的小孩", "aweme_url": "https://www.iesdouyin.com/share/video/6852259639178890496/?region=CN&mid=6849343897048828685&u_code=45a6gmj0h2h&titleType=title", "download_url": "https://www.chanmama.com/awemeDetail/6852259639178890496", "digg_count": 8147, "digg_incr": 5701, "aweme_create_time": 1595416024, "category": 1, "volume": 244, "amount": 17055.600000000002}, "author": {"author_id": "103965634398", "nickname": "你的盖子", "follower_count": 25296}}, {"aweme": {"aweme_id": "6852160511077780750", "aweme_title": "#格子 有点真的被污蔑的做不下去了，我不知道自己还能坚持多久，", "aweme_url": "https://www.iesdouyin.com/share/video/6852160511077780750/?region=CN&mid=6851363511013296910&u_code=0&titleType=title", "download_url": "https://www.chanmama.com/awemeDetail/6852160511077780750", "digg_count": 8190, "digg_incr": 5449, "aweme_create_time": 1595392946, "category": 1, "volume": 1, "amount": 999}, "author": {"author_id": "87290638588", "nickname": "桐庐三扣服饰", "follower_count": 130932}}, {"aweme": {"aweme_id": "6852273433225514254", "aweme_title": "咖色两件套连衣裙，显白，洋气，好划算@DOU+小助手", "aweme_url": "https://www.iesdouyin.com/share/video/6852273433225514254/?region=CN&mid=6852273447591430920&u_code=45a6gmj0h2h&titleType=title", "download_url": "https://www.chanmama.com/awemeDetail/6852273433225514254", "digg_count": 5494, "digg_incr": 5438, "aweme_create_time": 1595419237, "category": 1, "volume": 0, "amount": 0}, "author": {"author_id": "102778964234", "nickname": "常熟李有良服装", "follower_count": 867186}}, {"aweme": {"aweme_id": "6852244754902551823", "aweme_title": "#时尚穿搭 @抖音小助手 @DOU+小助手", "aweme_url": "https://www.iesdouyin.com/share/video/6852244754902551823/?region=CN&mid=6580212064449645315&u_code=3570h56hjl23&titleType=title", "download_url": "https://www.chanmama.com/awemeDetail/6852244754902551823", "digg_count": 10144, "digg_incr": 5348, "aweme_create_time": 1595412559, "category": 1, "volume": 5, "amount": 540}, "author": {"author_id": "101305755077", "nickname": "临潼碧少服装鞋帽", "follower_count": 83618}}, {"aweme": {"aweme_id": "6852210935239576832", "aweme_title": "没有什么烦恼是一顿烧烤解决不了的 如果有那就两顿", "aweme_url": "https://www.iesdouyin.com/share/video/6852210935239576832/?region=CN&mid=6848903158081620743&u_code=45a6gmj0h2h&titleType=title", "download_url": "https://www.chanmama.com/awemeDetail/6852210935239576832", "digg_count": 7285, "digg_incr": 5221, "aweme_create_time": 1595404685, "category": 1, "volume": 0, "amount": 0}, "author": {"author_id": "102786258367", "nickname": "饭婷婷", "follower_count": 330802}}, {"aweme": {"aweme_id": "6852083776474893583", "aweme_title": "康康这种风格怎么样#小个子穿搭", "aweme_url": "https://www.iesdouyin.com/share/video/6852083776474893583/?region=CN&mid=6852083732615105294&u_code=0&titleType=title", "download_url": "https://www.chanmama.com/awemeDetail/6852083776474893583", "digg_count": 8885, "digg_incr": 5216, "aweme_create_time": 1595375080, "category": 1, "volume": 11, "amount": 1859}, "author": {"author_id": "3474096838676103", "nickname": "超哥小个子穿搭", "follower_count": 183263}}, {"aweme": {"aweme_id": "6852270811416481024", "aweme_title": "宠粉来喽！棉麻半身裙29米包邮，喜欢的小姐姐火速进入直播间#直播 #穿搭 #热门", "aweme_url": "https://www.iesdouyin.com/share/video/6852270811416481024/?region=CN&mid=6852270817435224840&u_code=2mi1877ch6le&titleType=title", "download_url": "https://www.chanmama.com/awemeDetail/6852270811416481024", "digg_count": 6764, "digg_incr": 5207, "aweme_create_time": 1595418625, "category": 1, "volume": 3, "amount": 87}, "author": {"author_id": "2313008784630333", "nickname": "会利女装", "follower_count": 40668}}, {"aweme": {"aweme_id": "6852140460593450253", "aweme_title": "不抽烟，不喝酒，不打麻将，不爱吃辣的地道四川人，有没有？#四川 #旗袍裙", "aweme_url": "https://www.iesdouyin.com/share/video/6852140460593450253/?region=CN&mid=6852140472522394381&u_code=45a6gmj0h2h&titleType=title", "download_url": "https://www.chanmama.com/awemeDetail/6852140460593450253", "digg_count": 5664, "digg_incr": 5129, "aweme_create_time": 1595388278, "category": 1, "volume": 74, "amount": 8066}, "author": {"author_id": "60035581431", "nickname": "玺鹊家服装店", "follower_count": 291691}}, {"aweme": {"aweme_id": "6852125884816641295", "aweme_title": "愿你经历岁月磨难，回来依旧肆意张扬！#乘风破浪的好物 #抖音小助手", "aweme_url": "https://www.iesdouyin.com/share/video/6852125884816641295/?region=CN&mid=6849139081226619661&u_code=0&titleType=title", "download_url": "https://www.chanmama.com/awemeDetail/6852125884816641295", "digg_count": 5406, "digg_incr": 5073, "aweme_create_time": 1595384883, "category": 1, "volume": 2, "amount": 398}, "author": {"author_id": "1187088784432247", "nickname": "筱菲服饰", "follower_count": 260836}}, {"aweme": {"aweme_id": "6852229232228158720", "aweme_title": "新款格子衬衫，时尚休闲妈妈穿起来好洋气#时尚穿搭 #衬衫 #精品女装 #谁穿谁好看", "aweme_url": "https://www.iesdouyin.com/share/video/6852229232228158720/?region=CN&mid=6852229231724874503&u_code=107m7bg5i135&titleType=title", "download_url": "https://www.chanmama.com/awemeDetail/6852229232228158720", "digg_count": 5492, "digg_incr": 5016, "aweme_create_time": 1595408945, "category": 1, "volume": 142, "amount": 5665.8}, "author": {"author_id": "96053816413", "nickname": "艺诗缘时尚穿搭", "follower_count": 165608}}, {"aweme": {"aweme_id": "6852285947627818247", "aweme_title": "#旱冰舞 #分解教学 应大家要求上个视频的分解出来了@DOU+小助手", "aweme_url": "https://www.iesdouyin.com/share/video/6852285947627818247/?region=CN&mid=6852285996894653191&u_code=0&titleType=title", "download_url": "https://www.chanmama.com/awemeDetail/6852285947627818247", "digg_count": 6963, "digg_incr": 5009, "aweme_create_time": 1595422150, "category": 1, "volume": 2, "amount": 139.8}, "author": {"author_id": "58255032690", "nickname": "东莞新伦服装搭配", "follower_count": 700583}}, {"aweme": {"aweme_id": "6852187764360858894", "aweme_title": "“很多东西根本不配占有你的情绪，人生很短，尽兴一点”#创业 #广州带货主播", "aweme_url": "https://www.iesdouyin.com/share/video/6852187764360858894/?region=CN&mid=6852187768349559565&u_code=0&titleType=title", "download_url": "https://www.chanmama.com/awemeDetail/6852187764360858894", "digg_count": 7013, "digg_incr": 4970, "aweme_create_time": 1595399292, "category": 1, "volume": 0, "amount": 0}, "author": {"author_id": "51527697722", "nickname": "仙女定制.糖果家", "follower_count": 53223}}, {"aweme": {"aweme_id": "6852171422178004224", "aweme_title": "女生一旦酷起来，都没男生什么事#穿搭#超a", "aweme_url": "https://www.iesdouyin.com/share/video/6852171422178004224/?region=CN&mid=6852171404818828040&u_code=0&titleType=title", "download_url": "https://www.chanmama.com/awemeDetail/6852171422178004224", "digg_count": 17642, "digg_incr": 4933, "aweme_create_time": 1595395485, "category": 1, "volume": 0, "amount": 0}, "author": {"author_id": "52225700117", "nickname": "EZ14的种草机", "follower_count": 380660}}, {"aweme": {"aweme_id": "6852285531808615680", "aweme_title": "探店照片这么拍，朋友圈被赞爆！#拍照 #拍照姿势 #穿搭 #拍照教程@抖音小助手", "aweme_url": "https://www.iesdouyin.com/share/video/6852285531808615680/?region=CN&mid=6840373972165561096&u_code=0&titleType=title", "download_url": "https://www.chanmama.com/awemeDetail/6852285531808615680", "digg_count": 6312, "digg_incr": 4868, "aweme_create_time": 1595422056, "category": 1, "volume": 4, "amount": 156}, "author": {"author_id": "104961184780", "nickname": "littledry不油", "follower_count": 69409}}, {"aweme": {"aweme_id": "6852132592897051904", "aweme_title": "#穿搭 这个中秋节不出意外的话和家人过，出了意外就在医院过！#吊带控", "aweme_url": "https://www.iesdouyin.com/share/video/6852132592897051904/?region=CN&mid=6842893904187443982&u_code=0&titleType=title", "download_url": "https://www.chanmama.com/awemeDetail/6852132592897051904", "digg_count": 6650, "digg_incr": 4812, "aweme_create_time": 1595386445, "category": 1, "volume": 46, "amount": 3450}, "author": {"author_id": "3280559863506829", "nickname": "抠脚仙女王翠花", "follower_count": 31791}}, {"aweme": {"aweme_id": "6852105198161153293", "aweme_title": "#时尚妈妈装 #抖出你的范儿 @电商小助手", "aweme_url": "https://www.iesdouyin.com/share/video/6852105198161153293/?region=CN&mid=6832231053890341640&u_code=45a6gmj0h2h&titleType=title", "download_url": "https://www.chanmama.com/awemeDetail/6852105198161153293", "digg_count": 5596, "digg_incr": 4807, "aweme_create_time": 1595380069, "category": 1, "volume": 132, "amount": 12936}, "author": {"author_id": "1609305099090269", "nickname": "咔咔女装店", "follower_count": 62014}}, {"aweme": {"aweme_id": "6852123828240256263", "aweme_title": "这么好的身材，每天也要吃饭吗？ #闺蜜  #街拍  #穿搭", "aweme_url": "https://www.iesdouyin.com/share/video/6852123828240256263/?region=CN&mid=6852123897052007182&u_code=461mk57lm7gh&titleType=title", "download_url": "https://www.chanmama.com/awemeDetail/6852123828240256263", "digg_count": 6094, "digg_incr": 4799, "aweme_create_time": 1595384423, "category": 1, "volume": 2, "amount": 290}, "author": {"author_id": "4248141129596568", "nickname": "时尚美人榜", "follower_count": 756602}}, {"aweme": {"aweme_id": "6852106772971261191", "aweme_title": "定位花妈妈裙#新花形好看又凉爽 #遮肚显瘦 #好物分享 #热门款", "aweme_url": "https://www.iesdouyin.com/share/video/6852106772971261191/?region=CN&mid=6827298381996641031&u_code=gmael38i7d5&titleType=title", "download_url": "https://www.chanmama.com/awemeDetail/6852106772971261191", "digg_count": 5925, "digg_incr": 4740, "aweme_create_time": 1595380435, "category": 1, "volume": 142, "amount": 11218}, "author": {"author_id": "4424065758790541", "nickname": "秀姐中老年女装", "follower_count": 43975}}, {"aweme": {"aweme_id": "6852251380514589959", "aweme_title": "太开心了！这是我最近入的最值的玩具啦！#玩具", "aweme_url": "https://www.iesdouyin.com/share/video/6852251380514589959/?region=CN&mid=6852251429990976264&u_code=0&titleType=title", "download_url": "https://www.chanmama.com/awemeDetail/6852251380514589959", "digg_count": 8181, "digg_incr": 4715, "aweme_create_time": 1595414102, "category": 1, "volume": 4, "amount": 1196}, "author": {"author_id": "76068533496", "nickname": "木子欢乐逗", "follower_count": 936121}}, {"aweme": {"aweme_id": "6852311266250345728", "aweme_title": "聚个餐，潮汕女孩把我十八般厨艺全搬出来，哈哈，一系列清蒸 #婚后  #吃货", "aweme_url": "https://www.iesdouyin.com/share/video/6852311266250345728/?region=CN&mid=6626584281093409549&u_code=0&titleType=title", "download_url": "https://www.chanmama.com/awemeDetail/6852311266250345728", "digg_count": 8795, "digg_incr": 4640, "aweme_create_time": 1595428045, "category": 1, "volume": 1, "amount": 299}, "author": {"author_id": "102916935326", "nickname": "晴大大", "follower_count": 331052}}, {"aweme": {"aweme_id": "6852251093297138959", "aweme_title": "不穿一次诃子裙，你永远不知道它有多显高显瘦 #诃子裙", "aweme_url": "https://www.iesdouyin.com/share/video/6852251093297138959/?region=CN&mid=6848933590290877192&u_code=0&titleType=title", "download_url": "https://www.chanmama.com/awemeDetail/6852251093297138959", "digg_count": 6704, "digg_incr": 4577, "aweme_create_time": 1595414035, "category": 1, "volume": 6, "amount": 480}, "author": {"author_id": "106332401214", "nickname": "衣青青阿", "follower_count": 423178}}, {"aweme": {"aweme_id": "6852255755463118080", "aweme_title": "#150 谁说大码女装又老又丑，能你是没有见过我们家的！#大码穿搭 @抖音小助手", "aweme_url": "https://www.iesdouyin.com/share/video/6852255755463118080/?region=CN&mid=6852255778250722061&u_code=45a6gmj0h2h&titleType=title", "download_url": "https://www.chanmama.com/awemeDetail/6852255755463118080", "digg_count": 4724, "digg_incr": 4531, "aweme_create_time": 1595415120, "category": 1, "volume": 1, "amount": 148}, "author": {"author_id": "4050223834082572", "nickname": "150斤的思思（9.9禾少晚上8点直播）", "follower_count": 924685}}, {"aweme": {"aweme_id": "6852313040088485132", "aweme_title": "冲鸭！你们要的第一套来啦 #穿搭", "aweme_url": "https://www.iesdouyin.com/share/video/6852313040088485132/?region=CN&mid=6852313375474092808&u_code=9cb465g19c&titleType=title", "download_url": "https://www.chanmama.com/awemeDetail/6852313040088485132", "digg_count": 4734, "digg_incr": 4483, "aweme_create_time": 1595428533, "category": 1, "volume": 0, "amount": 0}, "author": {"author_id": "3364128194834791", "nickname": "CHACHA STU穿搭日志", "follower_count": 28445}}, {"aweme": {"aweme_id": "6852140919194455303", "aweme_title": "想找哪一个小姐姐做女朋友？ #街拍  #穿搭  #闺蜜", "aweme_url": "https://www.iesdouyin.com/share/video/6852140919194455303/?region=CN&mid=6852141006444759815&u_code=38l01934708&titleType=title", "download_url": "https://www.chanmama.com/awemeDetail/6852140919194455303", "digg_count": 6245, "digg_incr": 4459, "aweme_create_time": 1595388403, "category": 1, "volume": 2, "amount": 290}, "author": {"author_id": "4248141129596568", "nickname": "时尚美人榜", "follower_count": 756602}}, {"aweme": {"aweme_id": "6852144429524880644", "aweme_title": "一起去爬山吗？#打底裤 #jk制服 #jk #jk日常 #jk女孩 #jk穿搭", "aweme_url": "https://www.iesdouyin.com/share/video/6852144429524880644/?region=CN&mid=6852144468708510478&u_code=0&titleType=title", "download_url": "https://www.chanmama.com/awemeDetail/6852144429524880644", "digg_count": 4432, "digg_incr": 4419, "aweme_create_time": 1595389209, "category": 1, "volume": 10, "amount": 250}, "author": {"author_id": "96928395645", "nickname": "jk制服小栗子", "follower_count": 18042}}, {"aweme": {"aweme_id": "6852063647569612047", "aweme_title": "《负心的你》", "aweme_url": "https://www.iesdouyin.com/share/video/6852063647569612047/?region=CN&mid=6803444290744765195&u_code=45a6h05962j&titleType=title", "download_url": "https://www.chanmama.com/awemeDetail/6852063647569612047", "digg_count": 5231, "digg_incr": 4407, "aweme_create_time": 1595370398, "category": 1, "volume": 0, "amount": 0}, "author": {"author_id": "69784450226", "nickname": "冰莲（60后鸡🐔）", "follower_count": 198492}}, {"aweme": {"aweme_id": "6852283041885211916", "aweme_title": "我是西装狂热爱好者，一年四季都爱穿西装，不同搭法，集美快来入了#穿搭 #搭配#西装 #喝彩变身", "aweme_url": "https://www.iesdouyin.com/share/video/6852283041885211916/?region=CN&mid=6852283085917686541&u_code=0&titleType=title", "download_url": "https://www.chanmama.com/awemeDetail/6852283041885211916", "digg_count": 5907, "digg_incr": 4388, "aweme_create_time": 1595421479, "category": 1, "volume": 0, "amount": 0}, "author": {"author_id": "94603861752", "nickname": "松本丧丧", "follower_count": 778050}}, {"aweme": {"aweme_id": "6852120090939247872", "aweme_title": "直男总算审美正常了！打扮成这样总能去吃烛光晚餐了吧！珂莱蒂尔蕾丝裙让我气质upupup #风格无价", "aweme_url": "https://www.iesdouyin.com/share/video/6852120090939247872/?region=CN&mid=6852120087256697613&u_code=461mk57lm7gh&titleType=title", "download_url": "https://www.chanmama.com/awemeDetail/6852120090939247872", "digg_count": 4306, "digg_incr": 4251, "aweme_create_time": 1595384410, "category": 1, "volume": 0, "amount": 0}, "author": {"author_id": "3861082584131576", "nickname": "小苏苏Sue", "follower_count": 476378}}, {"aweme": {"aweme_id": "6852248102410128655", "aweme_title": "网纱露肩搭吊带裙又纯又仙！版型宽松炒鸡遮肉又拉腿！你不知道#微胖 #集美 穿它有多好看！", "aweme_url": "https://www.iesdouyin.com/share/video/6852248102410128655/?region=CN&mid=6852248131506440973&u_code=4ck64f55cadh&titleType=title", "download_url": "https://www.chanmama.com/awemeDetail/6852248102410128655", "digg_count": 7442, "digg_incr": 4220, "aweme_create_time": 1595413342, "category": 1, "volume": 0, "amount": 0}, "author": {"author_id": "95077750276", "nickname": "巨巨的日常  💛 ", "follower_count": 34137}}, {"aweme": {"aweme_id": "6852257214900538639", "aweme_title": "微胖女生的夏日#色彩搭配小心机 实用又好学哦‼️#显瘦穿搭 #120斤 #穿搭", "aweme_url": "https://www.iesdouyin.com/share/video/6852257214900538639/?region=CN&mid=6826269167567063821&u_code=0&titleType=title", "download_url": "https://www.chanmama.com/awemeDetail/6852257214900538639", "digg_count": 5871, "digg_incr": 4104, "aweme_create_time": 1595415460, "category": 1, "volume": 35, "amount": 4515}, "author": {"author_id": "56823065087892", "nickname": "微胖大骨架科科", "follower_count": 625367}}, {"aweme": {"aweme_id": "6852242562699283719", "aweme_title": "老板都这么豪横了，你们还不去买嘛？ #穿搭  @DOU+小助手", "aweme_url": "https://www.iesdouyin.com/share/video/6852242562699283719/?region=CN&mid=6852242796070374157&u_code=0&titleType=title", "download_url": "https://www.chanmama.com/awemeDetail/6852242562699283719", "digg_count": 4765, "digg_incr": 4059, "aweme_create_time": 1595412100, "category": 1, "volume": 25, "amount": 1607.5}, "author": {"author_id": "62002754314", "nickname": "泡泡泡菜", "follower_count": 772612}}, {"aweme": {"aweme_id": "6852242370021379343", "aweme_title": "#正在直播中请点头像进入  适合200斤胖女人的气质连衣裙，穿上显瘦不止20斤#200斤胖姑娘 #连衣裙", "aweme_url": "https://www.iesdouyin.com/share/video/6852242370021379343/?region=CN&mid=6844890708210404103&u_code=45a6gmj0h2h&titleType=title", "download_url": "https://www.chanmama.com/awemeDetail/6852242370021379343", "digg_count": 4555, "digg_incr": 3997, "aweme_create_time": 1595412004, "category": 1, "volume": 1, "amount": 98}, "author": {"author_id": "2770397789167917", "nickname": "玲儿时尚穿搭（直播间买）", "follower_count": 63078}}, {"aweme": {"aweme_id": "6852137378744732936", "aweme_title": "你们都是大骗纸！！！不要再说我瘦了 我从成都回来又130斤了🤦‍♀️#微胖女孩", "aweme_url": "https://www.iesdouyin.com/share/video/6852137378744732936/?region=CN&mid=6852137399565257486&u_code=0&titleType=title", "download_url": "https://www.chanmama.com/awemeDetail/6852137378744732936", "digg_count": 48146, "digg_incr": 3970, "aweme_create_time": 1595387560, "category": 1, "volume": 0, "amount": 0}, "author": {"author_id": "104528095662", "nickname": "喵胖就是张桶桶（24号直播）", "follower_count": 353690}}, {"aweme": {"aweme_id": "6852175888545533198", "aweme_title": "予诺教拍视频精髓，你们学会了吗？ #穿搭  #李予诺  #表情管理", "aweme_url": "https://www.iesdouyin.com/share/video/6852175888545533198/?region=CN&mid=6852176005290117895&u_code=45a6gmj0h2h&titleType=title", "download_url": "https://www.chanmama.com/awemeDetail/6852175888545533198", "digg_count": 5646, "digg_incr": 3966, "aweme_create_time": 1595396550, "category": 1, "volume": 7, "amount": 413}, "author": {"author_id": "3443274616938292", "nickname": "李予诺的随手拍", "follower_count": 84209}}, {"aweme": {"aweme_id": "6852183394017709326", "aweme_title": "搭配好的衣服你都不穿，那你穿什么？穿山甲吗？#穿搭 #搭配 #网速模仿秀 #瘦", "aweme_url": "https://www.iesdouyin.com/share/video/6852183394017709326/?region=CN&mid=6852183500666243853&u_code=0&titleType=title", "download_url": "https://www.chanmama.com/awemeDetail/6852183394017709326", "digg_count": 5544, "digg_incr": 3907, "aweme_create_time": 1595398296, "category": 1, "volume": 0, "amount": 0}, "author": {"author_id": "3249812185809213", "nickname": "任性的郭郭", "follower_count": 166594}}, {"aweme": {"aweme_id": "6852124539866975501", "aweme_title": "王炸气质两件套、要狂野有狂野，要静气有静气～点击头像进直播间参与秒团行动#秒团行动ing@抖音小助手", "aweme_url": "https://www.iesdouyin.com/share/video/6852124539866975501/?region=CN&mid=6841871436567890695&u_code=himldha1l83&titleType=title", "download_url": "https://www.chanmama.com/awemeDetail/6852124539866975501", "digg_count": 3928, "digg_incr": 3901, "aweme_create_time": 1595384571, "category": 1, "volume": 0, "amount": 0}, "author": {"author_id": "105158581793", "nickname": "小鱼鱼服装搭配", "follower_count": 746752}}, {"aweme": {"aweme_id": "6852247655951764736", "aweme_title": "女生不用吵架，长得比她好看，身材比她好，穿衣比她有品，皮肤黝黑自信点，直接甩她几条街#穿搭", "aweme_url": "https://www.iesdouyin.com/share/video/6852247655951764736/?region=CN&mid=6852247664206138125&u_code=29e686k94ldf&titleType=title", "download_url": "https://www.chanmama.com/awemeDetail/6852247655951764736", "digg_count": 4097, "digg_incr": 3884, "aweme_create_time": 1595413234, "category": 1, "volume": 0, "amount": 0}, "author": {"author_id": "58060986351", "nickname": "叫我韩璐（今晚7.30直播）", "follower_count": 609005}}, {"aweme": {"aweme_id": "6852191417456987400", "aweme_title": "当他真的喜欢你 你根本不用那么漂亮哪怕你是个小胖子或者小短腿 #微胖女孩 #穿搭", "aweme_url": "https://www.iesdouyin.com/share/video/6852191417456987400/?region=CN&mid=6852191513338727176&u_code=0&titleType=title", "download_url": "https://www.chanmama.com/awemeDetail/6852191417456987400", "digg_count": 4753, "digg_incr": 3868, "aweme_create_time": 1595422800, "category": 1, "volume": 0, "amount": 0}, "author": {"author_id": "59076009221", "nickname": "欧欧欧欧欧欧耶", "follower_count": 398239}}, {"aweme": {"aweme_id": "6852297042941791496", "aweme_title": "冰丝针织料，轻薄舒适，紫红色衬肤又洋气#女装新品日 #穿搭 #显瘦 #女装 @DOU+小助手", "aweme_url": "https://www.iesdouyin.com/share/video/6852297042941791496/?region=CN&mid=6823745381680023565&u_code=3ghh3kbgkj6b&titleType=title", "download_url": "https://www.chanmama.com/awemeDetail/6852297042941791496", "digg_count": 4304, "digg_incr": 3854, "aweme_create_time": 1595424734, "category": 1, "volume": 0, "amount": 0}, "author": {"author_id": "70644151972", "nickname": "蓝绮儿耀点服饰", "follower_count": 522075}}, {"aweme": {"aweme_id": "6852026997879688452", "aweme_title": "传说中的精牌销授，你们见识过吗？😂#抖音小助手 #搞笑 #连衣裙 #穿搭 #dou十小助手 #女装新品日", "aweme_url": "https://www.iesdouyin.com/share/video/6852026997879688452/?region=CN&mid=6852027455906007816&u_code=1a2e3igh6db5&titleType=title", "download_url": "https://www.chanmama.com/awemeDetail/6852026997879688452", "digg_count": 4291, "digg_incr": 3845, "aweme_create_time": 1595362020, "category": 1, "volume": 34, "amount": 3026}, "author": {"author_id": "70644151972", "nickname": "蓝绮儿耀点服饰", "follower_count": 522075}}, {"aweme": {"aweme_id": "6852202653473082639", "aweme_title": "不要因自己身材不好而限制自己穿衣风格#微胖穿搭 #吊带裤", "aweme_url": "https://www.iesdouyin.com/share/video/6852202653473082639/?region=CN&mid=6835162658958822152&u_code=455adch37bf4&titleType=title", "download_url": "https://www.chanmama.com/awemeDetail/6852202653473082639", "digg_count": 9890, "digg_incr": 3767, "aweme_create_time": 1595402757, "category": 1, "volume": 10, "amount": 550}, "author": {"author_id": "110669977061", "nickname": "156高的粗腿苏苏", "follower_count": 79178}}, {"aweme": {"aweme_id": "6852173095223004416", "aweme_title": "老阿姨也来跟风了，你敢合拍吗？合拍了我就会看到你了，美女帅哥们合拍走起……😘😘😘😘😘男女通吃款😎", "aweme_url": "https://www.iesdouyin.com/share/video/6852173095223004416/?region=CN&mid=6844773311390418951&u_code=0&titleType=title", "download_url": "https://www.chanmama.com/awemeDetail/6852173095223004416", "digg_count": 5383, "digg_incr": 3724, "aweme_create_time": 1595395875, "category": 1, "volume": 1, "amount": 218}, "author": {"author_id": "93903126841", "nickname": "潇洒姐", "follower_count": 284873}}, {"aweme": {"aweme_id": "6852128250106252544", "aweme_title": "@DOU+小助手 #休闲减龄穿搭 @我要上热门！", "aweme_url": "https://www.iesdouyin.com/share/video/6852128250106252544/?region=CN&mid=6847291263469816590&u_code=l53274f48ge&titleType=title", "download_url": "https://www.chanmama.com/awemeDetail/6852128250106252544", "digg_count": 6320, "digg_incr": 3716, "aweme_create_time": 1595385433, "category": 1, "volume": 34, "amount": 6766}, "author": {"author_id": "1560928337531707", "nickname": "安安精品服装店", "follower_count": 166785}}, {"aweme": {"aweme_id": "6852231488562318603", "aweme_title": "男人都是大猪蹄！我老公除外～🤩#原创国风计划 #汉服", "aweme_url": "https://www.iesdouyin.com/share/video/6852231488562318603/?region=CN&mid=6852231534343146253&u_code=1a2e3igh6db5&titleType=title", "download_url": "https://www.chanmama.com/awemeDetail/6852231488562318603", "digg_count": 5195, "digg_incr": 3649, "aweme_create_time": 1595409477, "category": 1, "volume": 0, "amount": 0}, "author": {"author_id": "1367388612988460", "nickname": "国风安利酱", "follower_count": 216426}}, {"aweme": {"aweme_id": "6852208412457995532", "aweme_title": "#时尚美衣女装 #每日穿衣搭配 #女人要活出自我", "aweme_url": "https://www.iesdouyin.com/share/video/6852208412457995532/?region=CN&mid=6798836684403526403&u_code=3c271f3a6hce&titleType=title", "download_url": "https://www.chanmama.com/awemeDetail/6852208412457995532", "digg_count": 6771, "digg_incr": 3604, "aweme_create_time": 1595404106, "category": 1, "volume": 3, "amount": 837}, "author": {"author_id": "69512394130", "nickname": "爱笑的华姐服饰搭配", "follower_count": 270139}}, {"aweme": {"aweme_id": "6852243184282635535", "aweme_title": "初秋穿搭#西装", "aweme_url": "https://www.iesdouyin.com/share/video/6852243184282635535/?region=CN&mid=6707923201416350478&u_code=0&titleType=title", "download_url": "https://www.chanmama.com/awemeDetail/6852243184282635535", "digg_count": 6994, "digg_incr": 3573, "aweme_create_time": 1595412194, "category": 1, "volume": 0, "amount": 0}, "author": {"author_id": "1983164522970605", "nickname": "壹拾肆", "follower_count": 97387}}, {"aweme": {"aweme_id": "6852098402553990413", "aweme_title": "你们说我照片p得不好看.搞得好像我不p就很好看一样🤭#穿搭", "aweme_url": "https://www.iesdouyin.com/share/video/6852098402553990413/?region=CN&mid=6838098686292445959&u_code=45a6gmj0h2h&titleType=title", "download_url": "https://www.chanmama.com/awemeDetail/6852098402553990413", "digg_count": 4188, "digg_incr": 3565, "aweme_create_time": 1595378487, "category": 1, "volume": 0, "amount": 0}, "author": {"author_id": "105170456807", "nickname": "丁羊筠", "follower_count": 59225}}, {"aweme": {"aweme_id": "6852108112413920525", "aweme_title": "你永远叫不醒一个装睡的人…#原创 #原创国风计划 #717抖音奇妙好物市集 @DOU+小助手", "aweme_url": "https://www.iesdouyin.com/share/video/6852108112413920525/?region=CN&mid=6852108109209406215&u_code=3aj03358ik5c&titleType=title", "download_url": "https://www.chanmama.com/awemeDetail/6852108112413920525", "digg_count": 6010, "digg_incr": 3553, "aweme_create_time": 1595380747, "category": 1, "volume": 2, "amount": 776}, "author": {"author_id": "289897196557911", "nickname": "肖肖爱国风", "follower_count": 29900}}, {"aweme": {"aweme_id": "6852246500358049039", "aweme_title": "耽误大家几秒钟 给大家看看胖美女如何藏rou#微胖穿搭 #140斤 #穿搭", "aweme_url": "https://www.iesdouyin.com/share/video/6852246500358049039/?region=CN&mid=6852246514035690247&u_code=363d0kkf8g79&titleType=title", "download_url": "https://www.chanmama.com/awemeDetail/6852246500358049039", "digg_count": 4237, "digg_incr": 3503, "aweme_create_time": 1595412965, "category": 1, "volume": 41, "amount": 3034}, "author": {"author_id": "2189839396507312", "nickname": "不爱香蕉的77", "follower_count": 94728}}, {"aweme": {"aweme_id": "6852052125988539651", "aweme_title": "@DOU+小助手", "aweme_url": "https://www.iesdouyin.com/share/video/6852052125988539651/?region=CN&mid=6835815971031239437&u_code=45a6gmj0h2h&titleType=title", "download_url": "https://www.chanmama.com/awemeDetail/6852052125988539651", "digg_count": 4237, "digg_incr": 3431, "aweme_create_time": 1595367777, "category": 1, "volume": 31, "amount": 4278}, "author": {"author_id": "90112198138", "nickname": "好好服装店", "follower_count": 23397}}, {"aweme": {"aweme_id": "6852121667464957197", "aweme_title": "最舒服的关系，聊天懂你，说话忍你，心里装你，做事帮你，我懂你的眼神，你懂我的欲言又此，相视而笑，莫逆而心", "aweme_url": "https://www.iesdouyin.com/share/video/6852121667464957197/?region=CN&mid=6826154515121703693&u_code=461mk57lm7gh&titleType=title", "download_url": "https://www.chanmama.com/awemeDetail/6852121667464957197", "digg_count": 3672, "digg_incr": 3392, "aweme_create_time": 1595383911, "category": 1, "volume": 4, "amount": 652}, "author": {"author_id": "84226876227", "nickname": "英子姐姐", "follower_count": 80654}}, {"aweme": {"aweme_id": "6851933083105561869", "aweme_title": "早安！愿您事事皆在意料之内，时时快乐无忧#大码走秀 #210斤 #直播中", "aweme_url": "https://www.iesdouyin.com/share/video/6851933083105561869/?region=CN&mid=6851933213712059149&u_code=0&titleType=title", "download_url": "https://www.chanmama.com/awemeDetail/6851933083105561869", "digg_count": 3543, "digg_incr": 3373, "aweme_create_time": 1595372580, "category": 1, "volume": 0, "amount": 0}, "author": {"author_id": "98777825581", "nickname": "云妃秀(每天早8点直播上新)", "follower_count": 665898}}, {"aweme": {"aweme_id": "6852230320566062347", "aweme_title": "@DOU+小助手 快来买牛仔裤吧🌚", "aweme_url": "https://www.iesdouyin.com/share/video/6852230320566062347/?region=CN&mid=6822793331086117640&u_code=45a6gmj0h2h&titleType=title", "download_url": "https://www.chanmama.com/awemeDetail/6852230320566062347", "digg_count": 9229, "digg_incr": 3354, "aweme_create_time": 1595409207, "category": 1, "volume": 0, "amount": 0}, "author": {"author_id": "111319724114", "nickname": "白曼Liz🐰", "follower_count": 300625}}, {"aweme": {"aweme_id": "6852137814889336064", "aweme_title": "粉色感觉在任何年纪我都无法抗拒", "aweme_url": "https://www.iesdouyin.com/share/video/6852137814889336064/?region=CN&mid=6851501858662419214&u_code=0&titleType=title", "download_url": "https://www.chanmama.com/awemeDetail/6852137814889336064", "digg_count": 4146, "digg_incr": 3354, "aweme_create_time": 1595387660, "category": 1, "volume": 0, "amount": 0}, "author": {"author_id": "62804243269", "nickname": "ke7en", "follower_count": 306359}}, {"aweme": {"aweme_id": "6852133099933879555", "aweme_title": "七分袖上衣搭配裤裙上市啦！点头像正在直播👉👉👉👉👉", "aweme_url": "https://www.iesdouyin.com/share/video/6852133099933879555/?region=CN&mid=6852133140199508743&u_code=45a6gmj0h2h&titleType=title", "download_url": "https://www.chanmama.com/awemeDetail/6852133099933879555", "digg_count": 3289, "digg_incr": 3263, "aweme_create_time": 1595386571, "category": 1, "volume": 67, "amount": 3953}, "author": {"author_id": "3337770389478872", "nickname": "昕梓琳服饰", "follower_count": 491540}}, {"aweme": {"aweme_id": "6852239306258402568", "aweme_title": "#热门 #万佳 2天出了5000多件，真的很感谢大家的信任，感谢平台支持。一直怀着感恩的心一直努力前进@抖音小", "aweme_url": "https://www.iesdouyin.com/share/video/6852239306258402568/?region=CN&mid=6798340809331591175&u_code=2djliflal302&titleType=title", "download_url": "https://www.chanmama.com/awemeDetail/6852239306258402568", "digg_count": 4447, "digg_incr": 3240, "aweme_create_time": 1595411292, "category": 1, "volume": 718, "amount": 35828.2}, "author": {"author_id": "149164633370893", "nickname": "浪莎（服饰）广州女装", "follower_count": 30462}}, {"aweme": {"aweme_id": "6852156714335227149", "aweme_title": "版型好，上身显瘦的西装外套来啦～还有黑色！推荐👍搭配我给100分😄@DOU+小助手 @抖音小助手", "aweme_url": "https://www.iesdouyin.com/share/video/6852156714335227149/?region=CN&mid=6780623596059593475&u_code=2c8g8i3h4d0&titleType=title", "download_url": "https://www.chanmama.com/awemeDetail/6852156714335227149", "digg_count": 4591, "digg_incr": 3196, "aweme_create_time": 1595392062, "category": 1, "volume": 3, "amount": 735}, "author": {"author_id": "65205407320", "nickname": "金小金自制女装", "follower_count": 359776}}, {"aweme": {"aweme_id": "6852193591578610957", "aweme_title": "百跳不厌，自由爱好者，随心所欲不受约束的舞种！", "aweme_url": "https://www.iesdouyin.com/share/video/6852193591578610957/?region=CN&mid=6580212064449645315&u_code=45a6gmj0h2h&titleType=title", "download_url": "https://www.chanmama.com/awemeDetail/6852193591578610957", "digg_count": 3272, "digg_incr": 3158, "aweme_create_time": 1595400649, "category": 1, "volume": 30, "amount": 2670}, "author": {"author_id": "86551244781", "nickname": "诺雪服装店", "follower_count": 196329}}, {"aweme": {"aweme_id": "6852250464436636941", "aweme_title": "昨天你们喜欢的黑色在这里！卡其还有白色我都好喜欢！#梨型身材 #微胖 #喝彩变身 @抖音小助手 你们喜欢哪个色", "aweme_url": "https://www.iesdouyin.com/share/video/6852250464436636941/?region=CN&mid=6852250476646304526&u_code=29e686k94ldf&titleType=title", "download_url": "https://www.chanmama.com/awemeDetail/6852250464436636941", "digg_count": 4515, "digg_incr": 3128, "aweme_create_time": 1595413889, "category": 1, "volume": 15, "amount": 1348.5}, "author": {"author_id": "51044231889", "nickname": "17sui_", "follower_count": 433092}}, {"aweme": {"aweme_id": "6852171647445667080", "aweme_title": "惯着你的人才有资格管你，给你花钱的男人才有资格爱你，这就是现实，物质给不了，精神给不了，陪伴给不了，拿你搓球啊", "aweme_url": "https://www.iesdouyin.com/share/video/6852171647445667080/?region=CN&mid=6689418662987795203&u_code=45a6gmj0h2h&titleType=title", "download_url": "https://www.chanmama.com/awemeDetail/6852171647445667080", "digg_count": 3881, "digg_incr": 3102, "aweme_create_time": 1595395539, "category": 1, "volume": 1, "amount": 238}, "author": {"author_id": "105131279813", "nickname": "请叫我娇小姐", "follower_count": 918762}}, {"aweme": {"aweme_id": "6852243392336841996", "aweme_title": "#微胖穿搭 最近迷上她了￼￼ 宝藏女孩￼#高中带货王2", "aweme_url": "https://www.iesdouyin.com/share/video/6852243392336841996/?region=CN&mid=6811387670809103117&u_code=0&titleType=title", "download_url": "https://www.chanmama.com/awemeDetail/6852243392336841996", "digg_count": 4198, "digg_incr": 3100, "aweme_create_time": 1595412250, "category": 1, "volume": 3, "amount": 297}, "author": {"author_id": "58274492551", "nickname": "邓噔噔只有135斤（今晚直播）", "follower_count": 113710}}, {"aweme": {"aweme_id": "6852278709408271631", "aweme_title": "#热门 今晚8点30分、这款牛仔裤有浮力、超级劲爆价，点头像进直播间抢购song腰带#服装搭配 #抖音小助手", "aweme_url": "https://www.iesdouyin.com/share/video/6852278709408271631/?region=CN&mid=6852278712876960525&u_code=3ghh3kbgkj6b&titleType=title", "download_url": "https://www.chanmama.com/awemeDetail/6852278709408271631", "digg_count": 4391, "digg_incr": 3056, "aweme_create_time": 1595420464, "category": 1, "volume": 0, "amount": 0}, "author": {"author_id": "101503710817", "nickname": "初奢服装商行", "follower_count": 248863}}, {"aweme": {"aweme_id": "6852199713320586511", "aweme_title": "u1s1 是颜值一般 靠穿搭加分的女孩", "aweme_url": "https://www.iesdouyin.com/share/video/6852199713320586511/?region=CN&mid=6842994775526050568&u_code=107m7bg5i135&titleType=title", "download_url": "https://www.chanmama.com/awemeDetail/6852199713320586511", "digg_count": 6509, "digg_incr": 3027, "aweme_create_time": 1595402072, "category": 1, "volume": 24, "amount": 1411.1999999999998}, "author": {"author_id": "92525968221", "nickname": "ZY", "follower_count": 45183}}, {"aweme": {"aweme_id": "6852313040088485132", "aweme_title": "冲鸭！你们要的第一套来啦 #穿搭", "aweme_url": "https://www.iesdouyin.com/share/video/6852313040088485132/?region=CN&mid=6852313375474092808&u_code=9cb465g19c&titleType=title", "download_url": "https://www.chanmama.com/awemeDetail/6852313040088485132", "digg_count": 4734, "digg_incr": 4483, "aweme_create_time": 1595428533, "category": 1, "volume": 0, "amount": 0}, "author": {"author_id": "3364128194834791", "nickname": "CHACHA STU穿搭日志", "follower_count": 28445}}, {"aweme": {"aweme_id": "6852140919194455303", "aweme_title": "想找哪一个小姐姐做女朋友？ #街拍  #穿搭  #闺蜜", "aweme_url": "https://www.iesdouyin.com/share/video/6852140919194455303/?region=CN&mid=6852141006444759815&u_code=38l01934708&titleType=title", "download_url": "https://www.chanmama.com/awemeDetail/6852140919194455303", "digg_count": 6245, "digg_incr": 4459, "aweme_create_time": 1595388403, "category": 1, "volume": 2, "amount": 290}, "author": {"author_id": "4248141129596568", "nickname": "时尚美人榜", "follower_count": 756602}}, {"aweme": {"aweme_id": "6852144429524880644", "aweme_title": "一起去爬山吗？#打底裤 #jk制服 #jk #jk日常 #jk女孩 #jk穿搭", "aweme_url": "https://www.iesdouyin.com/share/video/6852144429524880644/?region=CN&mid=6852144468708510478&u_code=0&titleType=title", "download_url": "https://www.chanmama.com/awemeDetail/6852144429524880644", "digg_count": 4432, "digg_incr": 4419, "aweme_create_time": 1595389209, "category": 1, "volume": 10, "amount": 250}, "author": {"author_id": "96928395645", "nickname": "jk制服小栗子", "follower_count": 18042}}, {"aweme": {"aweme_id": "6852063647569612047", "aweme_title": "《负心的你》", "aweme_url": "https://www.iesdouyin.com/share/video/6852063647569612047/?region=CN&mid=6803444290744765195&u_code=45a6h05962j&titleType=title", "download_url": "https://www.chanmama.com/awemeDetail/6852063647569612047", "digg_count": 5231, "digg_incr": 4407, "aweme_create_time": 1595370398, "category": 1, "volume": 0, "amount": 0}, "author": {"author_id": "69784450226", "nickname": "冰莲（60后鸡🐔）", "follower_count": 198492}}, {"aweme": {"aweme_id": "6852283041885211916", "aweme_title": "我是西装狂热爱好者，一年四季都爱穿西装，不同搭法，集美快来入了#穿搭 #搭配#西装 #喝彩变身", "aweme_url": "https://www.iesdouyin.com/share/video/6852283041885211916/?region=CN&mid=6852283085917686541&u_code=0&titleType=title", "download_url": "https://www.chanmama.com/awemeDetail/6852283041885211916", "digg_count": 5907, "digg_incr": 4388, "aweme_create_time": 1595421479, "category": 1, "volume": 0, "amount": 0}, "author": {"author_id": "94603861752", "nickname": "松本丧丧", "follower_count": 778050}}, {"aweme": {"aweme_id": "6852120090939247872", "aweme_title": "直男总算审美正常了！打扮成这样总能去吃烛光晚餐了吧！珂莱蒂尔蕾丝裙让我气质upupup #风格无价", "aweme_url": "https://www.iesdouyin.com/share/video/6852120090939247872/?region=CN&mid=6852120087256697613&u_code=461mk57lm7gh&titleType=title", "download_url": "https://www.chanmama.com/awemeDetail/6852120090939247872", "digg_count": 4306, "digg_incr": 4251, "aweme_create_time": 1595384410, "category": 1, "volume": 0, "amount": 0}, "author": {"author_id": "3861082584131576", "nickname": "小苏苏Sue", "follower_count": 476378}}, {"aweme": {"aweme_id": "6852248102410128655", "aweme_title": "网纱露肩搭吊带裙又纯又仙！版型宽松炒鸡遮肉又拉腿！你不知道#微胖 #集美 穿它有多好看！", "aweme_url": "https://www.iesdouyin.com/share/video/6852248102410128655/?region=CN&mid=6852248131506440973&u_code=4ck64f55cadh&titleType=title", "download_url": "https://www.chanmama.com/awemeDetail/6852248102410128655", "digg_count": 7442, "digg_incr": 4220, "aweme_create_time": 1595413342, "category": 1, "volume": 0, "amount": 0}, "author": {"author_id": "95077750276", "nickname": "巨巨的日常  💛 ", "follower_count": 34137}}, {"aweme": {"aweme_id": "6852257214900538639", "aweme_title": "微胖女生的夏日#色彩搭配小心机 实用又好学哦‼️#显瘦穿搭 #120斤 #穿搭", "aweme_url": "https://www.iesdouyin.com/share/video/6852257214900538639/?region=CN&mid=6826269167567063821&u_code=0&titleType=title", "download_url": "https://www.chanmama.com/awemeDetail/6852257214900538639", "digg_count": 5871, "digg_incr": 4104, "aweme_create_time": 1595415460, "category": 1, "volume": 35, "amount": 4515}, "author": {"author_id": "56823065087892", "nickname": "微胖大骨架科科", "follower_count": 625367}}, {"aweme": {"aweme_id": "6852242562699283719", "aweme_title": "老板都这么豪横了，你们还不去买嘛？ #穿搭  @DOU+小助手", "aweme_url": "https://www.iesdouyin.com/share/video/6852242562699283719/?region=CN&mid=6852242796070374157&u_code=0&titleType=title", "download_url": "https://www.chanmama.com/awemeDetail/6852242562699283719", "digg_count": 4765, "digg_incr": 4059, "aweme_create_time": 1595412100, "category": 1, "volume": 25, "amount": 1607.5}, "author": {"author_id": "62002754314", "nickname": "泡泡泡菜", "follower_count": 772612}}, {"aweme": {"aweme_id": "6852242370021379343", "aweme_title": "#正在直播中请点头像进入  适合200斤胖女人的气质连衣裙，穿上显瘦不止20斤#200斤胖姑娘 #连衣裙", "aweme_url": "https://www.iesdouyin.com/share/video/6852242370021379343/?region=CN&mid=6844890708210404103&u_code=45a6gmj0h2h&titleType=title", "download_url": "https://www.chanmama.com/awemeDetail/6852242370021379343", "digg_count": 4555, "digg_incr": 3997, "aweme_create_time": 1595412004, "category": 1, "volume": 1, "amount": 98}, "author": {"author_id": "2770397789167917", "nickname": "玲儿时尚穿搭（直播间买）", "follower_count": 63189}}, {"aweme": {"aweme_id": "6852137378744732936", "aweme_title": "你们都是大骗纸！！！不要再说我瘦了 我从成都回来又130斤了🤦‍♀️#微胖女孩", "aweme_url": "https://www.iesdouyin.com/share/video/6852137378744732936/?region=CN&mid=6852137399565257486&u_code=0&titleType=title", "download_url": "https://www.chanmama.com/awemeDetail/6852137378744732936", "digg_count": 48146, "digg_incr": 3970, "aweme_create_time": 1595387560, "category": 1, "volume": 0, "amount": 0}, "author": {"author_id": "104528095662", "nickname": "喵胖就是张桶桶（24号直播）", "follower_count": 353690}}, {"aweme": {"aweme_id": "6852175888545533198", "aweme_title": "予诺教拍视频精髓，你们学会了吗？ #穿搭  #李予诺  #表情管理", "aweme_url": "https://www.iesdouyin.com/share/video/6852175888545533198/?region=CN&mid=6852176005290117895&u_code=45a6gmj0h2h&titleType=title", "download_url": "https://www.chanmama.com/awemeDetail/6852175888545533198", "digg_count": 5646, "digg_incr": 3966, "aweme_create_time": 1595396550, "category": 1, "volume": 7, "amount": 413}, "author": {"author_id": "3443274616938292", "nickname": "李予诺的随手拍", "follower_count": 84209}}, {"aweme": {"aweme_id": "6852183394017709326", "aweme_title": "搭配好的衣服你都不穿，那你穿什么？穿山甲吗？#穿搭 #搭配 #网速模仿秀 #瘦", "aweme_url": "https://www.iesdouyin.com/share/video/6852183394017709326/?region=CN&mid=6852183500666243853&u_code=0&titleType=title", "download_url": "https://www.chanmama.com/awemeDetail/6852183394017709326", "digg_count": 5544, "digg_incr": 3907, "aweme_create_time": 1595398296, "category": 1, "volume": 0, "amount": 0}, "author": {"author_id": "3249812185809213", "nickname": "任性的郭郭", "follower_count": 166594}}, {"aweme": {"aweme_id": "6852124539866975501", "aweme_title": "王炸气质两件套、要狂野有狂野，要静气有静气～点击头像进直播间参与秒团行动#秒团行动ing@抖音小助手", "aweme_url": "https://www.iesdouyin.com/share/video/6852124539866975501/?region=CN&mid=6841871436567890695&u_code=himldha1l83&titleType=title", "download_url": "https://www.chanmama.com/awemeDetail/6852124539866975501", "digg_count": 3928, "digg_incr": 3901, "aweme_create_time": 1595384571, "category": 1, "volume": 0, "amount": 0}, "author": {"author_id": "105158581793", "nickname": "小鱼鱼服装搭配", "follower_count": 746752}}, {"aweme": {"aweme_id": "6852247655951764736", "aweme_title": "女生不用吵架，长得比她好看，身材比她好，穿衣比她有品，皮肤黝黑自信点，直接甩她几条街#穿搭", "aweme_url": "https://www.iesdouyin.com/share/video/6852247655951764736/?region=CN&mid=6852247664206138125&u_code=29e686k94ldf&titleType=title", "download_url": "https://www.chanmama.com/awemeDetail/6852247655951764736", "digg_count": 4097, "digg_incr": 3884, "aweme_create_time": 1595413234, "category": 1, "volume": 0, "amount": 0}, "author": {"author_id": "58060986351", "nickname": "叫我韩璐（今晚7.30直播）", "follower_count": 609005}}, {"aweme": {"aweme_id": "6852191417456987400", "aweme_title": "当他真的喜欢你 你根本不用那么漂亮哪怕你是个小胖子或者小短腿 #微胖女孩 #穿搭", "aweme_url": "https://www.iesdouyin.com/share/video/6852191417456987400/?region=CN&mid=6852191513338727176&u_code=0&titleType=title", "download_url": "https://www.chanmama.com/awemeDetail/6852191417456987400", "digg_count": 4753, "digg_incr": 3868, "aweme_create_time": 1595422800, "category": 1, "volume": 0, "amount": 0}, "author": {"author_id": "59076009221", "nickname": "欧欧欧欧欧欧耶", "follower_count": 398239}}, {"aweme": {"aweme_id": "6852297042941791496", "aweme_title": "冰丝针织料，轻薄舒适，紫红色衬肤又洋气#女装新品日 #穿搭 #显瘦 #女装 @DOU+小助手", "aweme_url": "https://www.iesdouyin.com/share/video/6852297042941791496/?region=CN&mid=6823745381680023565&u_code=3ghh3kbgkj6b&titleType=title", "download_url": "https://www.chanmama.com/awemeDetail/6852297042941791496", "digg_count": 4304, "digg_incr": 3854, "aweme_create_time": 1595424734, "category": 1, "volume": 0, "amount": 0}, "author": {"author_id": "70644151972", "nickname": "蓝绮儿耀点服饰", "follower_count": 522075}}, {"aweme": {"aweme_id": "6852026997879688452", "aweme_title": "传说中的精牌销授，你们见识过吗？😂#抖音小助手 #搞笑 #连衣裙 #穿搭 #dou十小助手 #女装新品日", "aweme_url": "https://www.iesdouyin.com/share/video/6852026997879688452/?region=CN&mid=6852027455906007816&u_code=1a2e3igh6db5&titleType=title", "download_url": "https://www.chanmama.com/awemeDetail/6852026997879688452", "digg_count": 4291, "digg_incr": 3845, "aweme_create_time": 1595362020, "category": 1, "volume": 34, "amount": 3026}, "author": {"author_id": "70644151972", "nickname": "蓝绮儿耀点服饰", "follower_count": 522075}}, {"aweme": {"aweme_id": "6852202653473082639", "aweme_title": "不要因自己身材不好而限制自己穿衣风格#微胖穿搭 #吊带裤", "aweme_url": "https://www.iesdouyin.com/share/video/6852202653473082639/?region=CN&mid=6835162658958822152&u_code=455adch37bf4&titleType=title", "download_url": "https://www.chanmama.com/awemeDetail/6852202653473082639", "digg_count": 9890, "digg_incr": 3767, "aweme_create_time": 1595402757, "category": 1, "volume": 10, "amount": 550}, "author": {"author_id": "110669977061", "nickname": "156高的粗腿苏苏", "follower_count": 79178}}, {"aweme": {"aweme_id": "6852173095223004416", "aweme_title": "老阿姨也来跟风了，你敢合拍吗？合拍了我就会看到你了，美女帅哥们合拍走起……😘😘😘😘😘男女通吃款😎", "aweme_url": "https://www.iesdouyin.com/share/video/6852173095223004416/?region=CN&mid=6844773311390418951&u_code=0&titleType=title", "download_url": "https://www.chanmama.com/awemeDetail/6852173095223004416", "digg_count": 5383, "digg_incr": 3724, "aweme_create_time": 1595395875, "category": 1, "volume": 1, "amount": 218}, "author": {"author_id": "93903126841", "nickname": "潇洒姐", "follower_count": 284873}}, {"aweme": {"aweme_id": "6852128250106252544", "aweme_title": "@DOU+小助手 #休闲减龄穿搭 @我要上热门！", "aweme_url": "https://www.iesdouyin.com/share/video/6852128250106252544/?region=CN&mid=6847291263469816590&u_code=l53274f48ge&titleType=title", "download_url": "https://www.chanmama.com/awemeDetail/6852128250106252544", "digg_count": 6320, "digg_incr": 3716, "aweme_create_time": 1595385433, "category": 1, "volume": 34, "amount": 6766}, "author": {"author_id": "1560928337531707", "nickname": "安安精品服装店", "follower_count": 166785}}, {"aweme": {"aweme_id": "6852231488562318603", "aweme_title": "男人都是大猪蹄！我老公除外～🤩#原创国风计划 #汉服", "aweme_url": "https://www.iesdouyin.com/share/video/6852231488562318603/?region=CN&mid=6852231534343146253&u_code=1a2e3igh6db5&titleType=title", "download_url": "https://www.chanmama.com/awemeDetail/6852231488562318603", "digg_count": 5195, "digg_incr": 3649, "aweme_create_time": 1595409477, "category": 1, "volume": 0, "amount": 0}, "author": {"author_id": "1367388612988460", "nickname": "国风安利酱", "follower_count": 216426}}, {"aweme": {"aweme_id": "6852208412457995532", "aweme_title": "#时尚美衣女装 #每日穿衣搭配 #女人要活出自我", "aweme_url": "https://www.iesdouyin.com/share/video/6852208412457995532/?region=CN&mid=6798836684403526403&u_code=3c271f3a6hce&titleType=title", "download_url": "https://www.chanmama.com/awemeDetail/6852208412457995532", "digg_count": 6771, "digg_incr": 3604, "aweme_create_time": 1595404106, "category": 1, "volume": 3, "amount": 837}, "author": {"author_id": "69512394130", "nickname": "爱笑的华姐服饰搭配", "follower_count": 270139}}, {"aweme": {"aweme_id": "6852243184282635535", "aweme_title": "初秋穿搭#西装", "aweme_url": "https://www.iesdouyin.com/share/video/6852243184282635535/?region=CN&mid=6707923201416350478&u_code=0&titleType=title", "download_url": "https://www.chanmama.com/awemeDetail/6852243184282635535", "digg_count": 6994, "digg_incr": 3573, "aweme_create_time": 1595412194, "category": 1, "volume": 0, "amount": 0}, "author": {"author_id": "1983164522970605", "nickname": "壹拾肆", "follower_count": 97387}}, {"aweme": {"aweme_id": "6852098402553990413", "aweme_title": "你们说我照片p得不好看.搞得好像我不p就很好看一样🤭#穿搭", "aweme_url": "https://www.iesdouyin.com/share/video/6852098402553990413/?region=CN&mid=6838098686292445959&u_code=45a6gmj0h2h&titleType=title", "download_url": "https://www.chanmama.com/awemeDetail/6852098402553990413", "digg_count": 4188, "digg_incr": 3565, "aweme_create_time": 1595378487, "category": 1, "volume": 0, "amount": 0}, "author": {"author_id": "105170456807", "nickname": "丁羊筠", "follower_count": 59225}}, {"aweme": {"aweme_id": "6852108112413920525", "aweme_title": "你永远叫不醒一个装睡的人…#原创 #原创国风计划 #717抖音奇妙好物市集 @DOU+小助手", "aweme_url": "https://www.iesdouyin.com/share/video/6852108112413920525/?region=CN&mid=6852108109209406215&u_code=3aj03358ik5c&titleType=title", "download_url": "https://www.chanmama.com/awemeDetail/6852108112413920525", "digg_count": 6010, "digg_incr": 3553, "aweme_create_time": 1595380747, "category": 1, "volume": 2, "amount": 776}, "author": {"author_id": "289897196557911", "nickname": "肖肖爱国风", "follower_count": 29900}}, {"aweme": {"aweme_id": "6852246500358049039", "aweme_title": "耽误大家几秒钟 给大家看看胖美女如何藏rou#微胖穿搭 #140斤 #穿搭", "aweme_url": "https://www.iesdouyin.com/share/video/6852246500358049039/?region=CN&mid=6852246514035690247&u_code=363d0kkf8g79&titleType=title", "download_url": "https://www.chanmama.com/awemeDetail/6852246500358049039", "digg_count": 4237, "digg_incr": 3503, "aweme_create_time": 1595412965, "category": 1, "volume": 41, "amount": 3034}, "author": {"author_id": "2189839396507312", "nickname": "不爱香蕉的77", "follower_count": 94728}}, {"aweme": {"aweme_id": "6852052125988539651", "aweme_title": "@DOU+小助手", "aweme_url": "https://www.iesdouyin.com/share/video/6852052125988539651/?region=CN&mid=6835815971031239437&u_code=45a6gmj0h2h&titleType=title", "download_url": "https://www.chanmama.com/awemeDetail/6852052125988539651", "digg_count": 4237, "digg_incr": 3431, "aweme_create_time": 1595367777, "category": 1, "volume": 31, "amount": 4278}, "author": {"author_id": "90112198138", "nickname": "好好服装店", "follower_count": 23397}}, {"aweme": {"aweme_id": "6852121667464957197", "aweme_title": "最舒服的关系，聊天懂你，说话忍你，心里装你，做事帮你，我懂你的眼神，你懂我的欲言又此，相视而笑，莫逆而心", "aweme_url": "https://www.iesdouyin.com/share/video/6852121667464957197/?region=CN&mid=6826154515121703693&u_code=461mk57lm7gh&titleType=title", "download_url": "https://www.chanmama.com/awemeDetail/6852121667464957197", "digg_count": 3672, "digg_incr": 3392, "aweme_create_time": 1595383911, "category": 1, "volume": 4, "amount": 652}, "author": {"author_id": "84226876227", "nickname": "英子姐姐", "follower_count": 80654}}, {"aweme": {"aweme_id": "6851933083105561869", "aweme_title": "早安！愿您事事皆在意料之内，时时快乐无忧#大码走秀 #210斤 #直播中", "aweme_url": "https://www.iesdouyin.com/share/video/6851933083105561869/?region=CN&mid=6851933213712059149&u_code=0&titleType=title", "download_url": "https://www.chanmama.com/awemeDetail/6851933083105561869", "digg_count": 3543, "digg_incr": 3373, "aweme_create_time": 1595372580, "category": 1, "volume": 0, "amount": 0}, "author": {"author_id": "98777825581", "nickname": "云妃秀(每天早8点直播上新)", "follower_count": 665898}}, {"aweme": {"aweme_id": "6852230320566062347", "aweme_title": "@DOU+小助手 快来买牛仔裤吧🌚", "aweme_url": "https://www.iesdouyin.com/share/video/6852230320566062347/?region=CN&mid=6822793331086117640&u_code=45a6gmj0h2h&titleType=title", "download_url": "https://www.chanmama.com/awemeDetail/6852230320566062347", "digg_count": 9229, "digg_incr": 3354, "aweme_create_time": 1595409207, "category": 1, "volume": 0, "amount": 0}, "author": {"author_id": "111319724114", "nickname": "白曼Liz🐰", "follower_count": 300625}}, {"aweme": {"aweme_id": "6852137814889336064", "aweme_title": "粉色感觉在任何年纪我都无法抗拒", "aweme_url": "https://www.iesdouyin.com/share/video/6852137814889336064/?region=CN&mid=6851501858662419214&u_code=0&titleType=title", "download_url": "https://www.chanmama.com/awemeDetail/6852137814889336064", "digg_count": 4146, "digg_incr": 3354, "aweme_create_time": 1595387660, "category": 1, "volume": 0, "amount": 0}, "author": {"author_id": "62804243269", "nickname": "ke7en", "follower_count": 306359}}, {"aweme": {"aweme_id": "6852133099933879555", "aweme_title": "七分袖上衣搭配裤裙上市啦！点头像正在直播👉👉👉👉👉", "aweme_url": "https://www.iesdouyin.com/share/video/6852133099933879555/?region=CN&mid=6852133140199508743&u_code=45a6gmj0h2h&titleType=title", "download_url": "https://www.chanmama.com/awemeDetail/6852133099933879555", "digg_count": 3289, "digg_incr": 3263, "aweme_create_time": 1595386571, "category": 1, "volume": 67, "amount": 3953}, "author": {"author_id": "3337770389478872", "nickname": "昕梓琳服饰", "follower_count": 491540}}, {"aweme": {"aweme_id": "6852239306258402568", "aweme_title": "#热门 #万佳 2天出了5000多件，真的很感谢大家的信任，感谢平台支持。一直怀着感恩的心一直努力前进@抖音小", "aweme_url": "https://www.iesdouyin.com/share/video/6852239306258402568/?region=CN&mid=6798340809331591175&u_code=2djliflal302&titleType=title", "download_url": "https://www.chanmama.com/awemeDetail/6852239306258402568", "digg_count": 4447, "digg_incr": 3240, "aweme_create_time": 1595411292, "category": 1, "volume": 718, "amount": 35828.2}, "author": {"author_id": "149164633370893", "nickname": "浪莎（服饰）广州女装", "follower_count": 30462}}, {"aweme": {"aweme_id": "6852156714335227149", "aweme_title": "版型好，上身显瘦的西装外套来啦～还有黑色！推荐👍搭配我给100分😄@DOU+小助手 @抖音小助手", "aweme_url": "https://www.iesdouyin.com/share/video/6852156714335227149/?region=CN&mid=6780623596059593475&u_code=2c8g8i3h4d0&titleType=title", "download_url": "https://www.chanmama.com/awemeDetail/6852156714335227149", "digg_count": 4591, "digg_incr": 3196, "aweme_create_time": 1595392062, "category": 1, "volume": 3, "amount": 735}, "author": {"author_id": "65205407320", "nickname": "金小金自制女装", "follower_count": 359776}}, {"aweme": {"aweme_id": "6852193591578610957", "aweme_title": "百跳不厌，自由爱好者，随心所欲不受约束的舞种！", "aweme_url": "https://www.iesdouyin.com/share/video/6852193591578610957/?region=CN&mid=6580212064449645315&u_code=45a6gmj0h2h&titleType=title", "download_url": "https://www.chanmama.com/awemeDetail/6852193591578610957", "digg_count": 3272, "digg_incr": 3158, "aweme_create_time": 1595400649, "category": 1, "volume": 30, "amount": 2670}, "author": {"author_id": "86551244781", "nickname": "诺雪服装店", "follower_count": 196329}}, {"aweme": {"aweme_id": "6852250464436636941", "aweme_title": "昨天你们喜欢的黑色在这里！卡其还有白色我都好喜欢！#梨型身材 #微胖 #喝彩变身 @抖音小助手 你们喜欢哪个色", "aweme_url": "https://www.iesdouyin.com/share/video/6852250464436636941/?region=CN&mid=6852250476646304526&u_code=29e686k94ldf&titleType=title", "download_url": "https://www.chanmama.com/awemeDetail/6852250464436636941", "digg_count": 4515, "digg_incr": 3128, "aweme_create_time": 1595413889, "category": 1, "volume": 15, "amount": 1348.5}, "author": {"author_id": "51044231889", "nickname": "17sui_", "follower_count": 433092}}, {"aweme": {"aweme_id": "6852171647445667080", "aweme_title": "惯着你的人才有资格管你，给你花钱的男人才有资格爱你，这就是现实，物质给不了，精神给不了，陪伴给不了，拿你搓球啊", "aweme_url": "https://www.iesdouyin.com/share/video/6852171647445667080/?region=CN&mid=6689418662987795203&u_code=45a6gmj0h2h&titleType=title", "download_url": "https://www.chanmama.com/awemeDetail/6852171647445667080", "digg_count": 3881, "digg_incr": 3102, "aweme_create_time": 1595395539, "category": 1, "volume": 1, "amount": 238}, "author": {"author_id": "105131279813", "nickname": "请叫我娇小姐", "follower_count": 918762}}, {"aweme": {"aweme_id": "6852243392336841996", "aweme_title": "#微胖穿搭 最近迷上她了￼￼ 宝藏女孩￼#高中带货王2", "aweme_url": "https://www.iesdouyin.com/share/video/6852243392336841996/?region=CN&mid=6811387670809103117&u_code=0&titleType=title", "download_url": "https://www.chanmama.com/awemeDetail/6852243392336841996", "digg_count": 4198, "digg_incr": 3100, "aweme_create_time": 1595412250, "category": 1, "volume": 3, "amount": 297}, "author": {"author_id": "58274492551", "nickname": "邓噔噔只有135斤（今晚直播）", "follower_count": 113710}}, {"aweme": {"aweme_id": "6852278709408271631", "aweme_title": "#热门 今晚8点30分、这款牛仔裤有浮力、超级劲爆价，点头像进直播间抢购song腰带#服装搭配 #抖音小助手", "aweme_url": "https://www.iesdouyin.com/share/video/6852278709408271631/?region=CN&mid=6852278712876960525&u_code=3ghh3kbgkj6b&titleType=title", "download_url": "https://www.chanmama.com/awemeDetail/6852278709408271631", "digg_count": 4391, "digg_incr": 3056, "aweme_create_time": 1595420464, "category": 1, "volume": 0, "amount": 0}, "author": {"author_id": "101503710817", "nickname": "初奢服装商行", "follower_count": 248863}}, {"aweme": {"aweme_id": "6852199713320586511", "aweme_title": "u1s1 是颜值一般 靠穿搭加分的女孩", "aweme_url": "https://www.iesdouyin.com/share/video/6852199713320586511/?region=CN&mid=6842994775526050568&u_code=107m7bg5i135&titleType=title", "download_url": "https://www.chanmama.com/awemeDetail/6852199713320586511", "digg_count": 6509, "digg_incr": 3027, "aweme_create_time": 1595402072, "category": 1, "volume": 24, "amount": 1411.1999999999998}, "author": {"author_id": "92525968221", "nickname": "ZY", "follower_count": 45183}}]}