{"data": [{"aweme": {"aweme_id": "6852212582753864968", "aweme_title": "#萌宠嗨玩季 #生骨肉 今天连小鸽鸽都不放过 @我要上热门  @抖音小助手", "aweme_url": "https://www.iesdouyin.com/share/video/6852212582753864968/?region=CN&mid=6852212738014661383&u_code=45a6gmj0h2h&titleType=title", "download_url": "https://www.chanmama.com/awemeDetail/6852212582753864968", "digg_count": 8988, "digg_incr": 6528, "aweme_create_time": 1595405091, "category": 10, "volume": 6, "amount": 90}, "author": {"author_id": "60702153842", "nickname": "棒棒的飕小伽", "follower_count": 744299}}, {"aweme": {"aweme_id": "6852218901674118415", "aweme_title": "春天拼脸蛋，夏天拼身材，秋天拼气质，而我什么都拼不起来，只能拼命得瑟，我开心我快乐@企业号小助手", "aweme_url": "https://www.iesdouyin.com/share/video/6852218901674118415/?region=CN&mid=6810958664556432139&u_code=48edh643hih9&titleType=title", "download_url": "https://www.chanmama.com/awemeDetail/6852218901674118415", "digg_count": 6243, "digg_incr": 5059, "aweme_create_time": 1595406540, "category": 10, "volume": 23, "amount": 4577}, "author": {"author_id": "52524457574", "nickname": "美妍服饰", "follower_count": 154281}}, {"aweme": {"aweme_id": "6852202490574671104", "aweme_title": "皮休喵生初次洗澡#vlog萌宠日常 #萌宠嗨玩季 #萌宠 #猫洗澡", "aweme_url": "https://www.iesdouyin.com/share/video/6852202490574671104/?region=CN&mid=6852202515891866375&u_code=0&titleType=title", "download_url": "https://www.chanmama.com/awemeDetail/6852202490574671104", "digg_count": 4323, "digg_incr": 4270, "aweme_create_time": 1595402719, "category": 10, "volume": 0, "amount": 0}, "author": {"author_id": "58948922031", "nickname": "铲屎官M麦米皮", "follower_count": 148847}}, {"aweme": {"aweme_id": "6852061958661737739", "aweme_title": "穿山越海，总有人是为你奔赴而来。#加油 #治愈 #毛绒玩具 @DOU+小助手", "aweme_url": "https://www.iesdouyin.com/share/video/6852061958661737739/?region=CN&mid=6852061983689263886&u_code=0&titleType=title", "download_url": "https://www.chanmama.com/awemeDetail/6852061958661737739", "digg_count": 12636, "digg_incr": 4028, "aweme_create_time": 1595370034, "category": 10, "volume": 12, "amount": 480}, "author": {"author_id": "62219583895", "nickname": "棒棒熊毛绒玩具店", "follower_count": 186594}}, {"aweme": {"aweme_id": "6852185692487945485", "aweme_title": "重获新生的它现在叫黛溪～", "aweme_url": "https://www.iesdouyin.com/share/video/6852185692487945485/?region=CN&mid=6852185706408708877&u_code=0&titleType=title", "download_url": "https://www.chanmama.com/awemeDetail/6852185692487945485", "digg_count": 4967, "digg_incr": 2992, "aweme_create_time": 1595398809, "category": 10, "volume": 33, "amount": 1518}, "author": {"author_id": "1772056612707069", "nickname": "四百毛孩子一个妈", "follower_count": 112759}}, {"aweme": {"aweme_id": "6851574871286222080", "aweme_title": "今天就告诉你们吐吐为啥这么听话！#呸式vlog #vlog萌宠日常 #猫 #宠爱里云社区", "aweme_url": "https://www.iesdouyin.com/share/video/6851574871286222080/?region=CN&mid=6851574880543017741&u_code=0&titleType=title", "download_url": "https://www.chanmama.com/awemeDetail/6851574871286222080", "digg_count": 2589, "digg_incr": 2010, "aweme_create_time": 1595412000, "category": 10, "volume": 0, "amount": 0}, "author": {"author_id": "69245944596", "nickname": "桃子的呸呸猫🐱", "follower_count": 824549}}, {"aweme": {"aweme_id": "6852201093670194436", "aweme_title": "没事我溜达哈哈", "aweme_url": "https://www.iesdouyin.com/share/video/6852201093670194436/?region=CN&mid=6844107049316403975&u_code=455adch37bf4&titleType=title", "download_url": "https://www.chanmama.com/awemeDetail/6852201093670194436", "digg_count": 2513, "digg_incr": 2009, "aweme_create_time": 1595402403, "category": 10, "volume": 0, "amount": 0}, "author": {"author_id": "59055453406", "nickname": "豆包和他的流浪狗狗们", "follower_count": 572973}}, {"aweme": {"aweme_id": "6852183627535551757", "aweme_title": "你知道低温烘焙粮吗#程园长 #萌宠好物 #猫粮", "aweme_url": "https://www.iesdouyin.com/share/video/6852183627535551757/?region=CN&mid=6852183738697206536&u_code=0&titleType=title", "download_url": "https://www.chanmama.com/awemeDetail/6852183627535551757", "digg_count": 3205, "digg_incr": 1981, "aweme_create_time": 1595419200, "category": 10, "volume": 0, "amount": 0}, "author": {"author_id": "135990658473000", "nickname": "程园长", "follower_count": 454798}}, {"aweme": {"aweme_id": "6852151749776559373", "aweme_title": "麻麻养猫和爸爸养猫的区别 真实😂#喵星人 #猫主子的日常 #717奇妙好物在这里 #宠物 #萌宠 #猫咪", "aweme_url": "https://www.iesdouyin.com/share/video/6852151749776559373/?region=CN&mid=6852151770811026189&u_code=45a6gmj0h2h&titleType=title", "download_url": "https://www.chanmama.com/awemeDetail/6852151749776559373", "digg_count": 2403, "digg_incr": 1945, "aweme_create_time": 1595390906, "category": 10, "volume": 0, "amount": 0}, "author": {"author_id": "2352566884111742", "nickname": "大肚喜宝的日常", "follower_count": 226037}}, {"aweme": {"aweme_id": "6852243728611036416", "aweme_title": "光头强打针记#流浪猫 #vlog萌宠日常 #萌宠嗨玩季 #717奇妙好物在这里 #vlog日常 #流浪猫救助", "aweme_url": "https://www.iesdouyin.com/share/video/6852243728611036416/?region=CN&mid=6852243771330235149&u_code=107m7bg5i135&titleType=title", "download_url": "https://www.chanmama.com/awemeDetail/6852243728611036416", "digg_count": 4246, "digg_incr": 1865, "aweme_create_time": 1595412320, "category": 10, "volume": 0, "amount": 0}, "author": {"author_id": "66612280190", "nickname": "家里养了喵", "follower_count": 409238}}, {"aweme": {"aweme_id": "6852147241319255309", "aweme_title": "你们要的猫咪拜年 拜拜 作揖教程来了!#猫 @抖音小助手 @DOU+小助手", "aweme_url": "https://www.iesdouyin.com/share/video/6852147241319255309/?region=CN&mid=6852147256024419079&u_code=0&titleType=title", "download_url": "https://www.chanmama.com/awemeDetail/6852147241319255309", "digg_count": 1811, "digg_incr": 1811, "aweme_create_time": 1595389856, "category": 10, "volume": 5, "amount": 54}, "author": {"author_id": "62404126024", "nickname": "麻瓜Talk", "follower_count": 230705}}, {"aweme": {"aweme_id": "6852187595888200968", "aweme_title": "#猫头一甩谁都不爱 本喵气质这一块拿捏的死死的", "aweme_url": "https://www.iesdouyin.com/share/video/6852187595888200968/?region=CN&mid=6852187652218686222&u_code=6i13hj966af&titleType=title", "download_url": "https://www.chanmama.com/awemeDetail/6852187595888200968", "digg_count": 2081, "digg_incr": 1674, "aweme_create_time": 1595399262, "category": 10, "volume": 0, "amount": 0}, "author": {"author_id": "2897937435467656", "nickname": "石头与一群熊孩子", "follower_count": 44216}}, {"aweme": {"aweme_id": "6852283181433982208", "aweme_title": "乐乐的专属服务，享受生活从修足底毛开始吧，you睡的可好？😜", "aweme_url": "https://www.iesdouyin.com/share/video/6852283181433982208/?region=CN&mid=6852087736388651784&u_code=0&titleType=title", "download_url": "https://www.chanmama.com/awemeDetail/6852283181433982208", "digg_count": 1895, "digg_incr": 1579, "aweme_create_time": 1595421505, "category": 10, "volume": 18, "amount": 630}, "author": {"author_id": "93264239701", "nickname": "樱珠&乐乐", "follower_count": 34658}}, {"aweme": {"aweme_id": "6852163708009958656", "aweme_title": "臭臭无论如何就是不吃兔耳朵，难道狗真的有自己思想吗？#最爱德牧 #狗狗食谱", "aweme_url": "https://www.iesdouyin.com/share/video/6852163708009958656/?region=CN&mid=6852163709209430797&u_code=2kf531i7iek5&titleType=title", "download_url": "https://www.chanmama.com/awemeDetail/6852163708009958656", "digg_count": 1748, "digg_incr": 1236, "aweme_create_time": 1595393689, "category": 10, "volume": 27, "amount": 918}, "author": {"author_id": "97311188258", "nickname": "大臭臭", "follower_count": 33136}}, {"aweme": {"aweme_id": "6852210568464567559", "aweme_title": "😂夜不归宿的下场#热门 #关注 #狗子", "aweme_url": "https://www.iesdouyin.com/share/video/6852210568464567559/?region=CN&mid=6852210578153442061&u_code=0&titleType=title", "download_url": "https://www.chanmama.com/awemeDetail/6852210568464567559", "digg_count": 1994, "digg_incr": 1223, "aweme_create_time": 1595404601, "category": 10, "volume": 0, "amount": 0}, "author": {"author_id": "65535203469", "nickname": "小逗君", "follower_count": 283596}}, {"aweme": {"aweme_id": "6852123276437703936", "aweme_title": "我家大旺财又来接我回家了😄#拉布拉多旺财呀", "aweme_url": "https://www.iesdouyin.com/share/video/6852123276437703936/?region=CN&mid=6852123272625425166&u_code=l53274f48ge&titleType=title", "download_url": "https://www.chanmama.com/awemeDetail/6852123276437703936", "digg_count": 3542, "digg_incr": 1214, "aweme_create_time": 1595384275, "category": 10, "volume": 1, "amount": 270}, "author": {"author_id": "67316538998", "nickname": "拉布拉多旺财呀", "follower_count": 73366}}, {"aweme": {"aweme_id": "6852111395324972303", "aweme_title": "狗狗胰腺炎可以吃肉吗#萌宠嗨玩季 #私人宠物医生安爸 #胰腺炎的预防", "aweme_url": "https://www.iesdouyin.com/share/video/6852111395324972303/?region=CN&mid=6852111402925263629&u_code=0&titleType=title", "download_url": "https://www.chanmama.com/awemeDetail/6852111395324972303", "digg_count": 1455, "digg_incr": 1112, "aweme_create_time": 1595381510, "category": 10, "volume": 0, "amount": 0}, "author": {"author_id": "60525776197", "nickname": "私人宠物医生安爸", "follower_count": 257224}}, {"aweme": {"aweme_id": "6852172528341847296", "aweme_title": "板斧斧真是家里的小机灵鬼儿🤪", "aweme_url": "https://www.iesdouyin.com/share/video/6852172528341847296/?region=CN&mid=6852172535061728013&u_code=0&titleType=title", "download_url": "https://www.chanmama.com/awemeDetail/6852172528341847296", "digg_count": 1426, "digg_incr": 1098, "aweme_create_time": 1595395743, "category": 10, "volume": 0, "amount": 0}, "author": {"author_id": "95860433734", "nickname": "焖墩儿哥的榔头板斧弟", "follower_count": 235460}}, {"aweme": {"aweme_id": "6852166246348115215", "aweme_title": "请不要假装对我好，我很傻，会当真的，爱那么短，遗忘那么长，我还在原地等你，你却已经忘记曾经来过这里#村上春树", "aweme_url": "https://www.iesdouyin.com/share/video/6852166246348115215/?region=CN&mid=6850741415543130893&u_code=0&titleType=title", "download_url": "https://www.chanmama.com/awemeDetail/6852166246348115215", "digg_count": 1446, "digg_incr": 1064, "aweme_create_time": 1595394280, "category": 10, "volume": 2, "amount": 59}, "author": {"author_id": "1213452039488208", "nickname": "心灵治愈", "follower_count": 140742}}, {"aweme": {"aweme_id": "6852271472006679821", "aweme_title": "养了狗之后就好像养了个孩子似的 有操不完的心  #恶霸犬 #抖音小助手", "aweme_url": "https://www.iesdouyin.com/share/video/6852271472006679821/?region=CN&mid=6852271500200774413&u_code=15099g2f9905&titleType=title", "download_url": "https://www.chanmama.com/awemeDetail/6852271472006679821", "digg_count": 1328, "digg_incr": 1046, "aweme_create_time": 1595418780, "category": 10, "volume": 2, "amount": 170}, "author": {"author_id": "82660612628", "nickname": "朵拉妹妹&汉堡哥哥", "follower_count": 53484}}, {"aweme": {"aweme_id": "6852289964105829647", "aweme_title": "怎么办，哈尼才三个多月，已经被好几个人问是不是怀孕了😢😢😢，明明已经控制狗粮的量了，还是胖😓", "aweme_url": "https://www.iesdouyin.com/share/video/6852289964105829647/?region=CN&mid=6751589426800954116&u_code=294bg9d7idcl&titleType=title", "download_url": "https://www.chanmama.com/awemeDetail/6852289964105829647", "digg_count": 1255, "digg_incr": 1006, "aweme_create_time": 1595423084, "category": 10, "volume": 0, "amount": 0}, "author": {"author_id": "67316538998", "nickname": "拉布拉多旺财呀", "follower_count": 73366}}, {"aweme": {"aweme_id": "6852258626472594701", "aweme_title": "没有太多的华丽语言 希望把最优质最实惠的海鲜分享给大家 谢谢支持！正在直播 欢迎加入👏", "aweme_url": "https://www.iesdouyin.com/share/video/6852258626472594701/?region=CN&mid=6852258653849455368&u_code=45a6gmj0h2h&titleType=title", "download_url": "https://www.chanmama.com/awemeDetail/6852258626472594701", "digg_count": 9628, "digg_incr": 975, "aweme_create_time": 1595415790, "category": 10, "volume": 2, "amount": 198}, "author": {"author_id": "3302585972296535", "nickname": "荣姐海产品", "follower_count": 97822}}, {"aweme": {"aweme_id": "6852320037928324352", "aweme_title": "#法斗 笑死我了，这个傻狗照镜子完全不敢相信镜子里面的是自己。一脸疑惑。", "aweme_url": "https://www.iesdouyin.com/share/video/6852320037928324352/?region=CN&mid=6841754036929153800&u_code=43c903ch7lim&titleType=title", "download_url": "https://www.chanmama.com/awemeDetail/6852320037928324352", "digg_count": 1392, "digg_incr": 906, "aweme_create_time": 1595430088, "category": 10, "volume": 6, "amount": 558}, "author": {"author_id": "101396475995", "nickname": "周弟弟和小辣椒", "follower_count": 46792}}, {"aweme": {"aweme_id": "6852121082414042376", "aweme_title": "又是一款精致的庭院假山鱼缸，你们看上了吗？#正在直播中请点头像进入 @DOU+小助手", "aweme_url": "https://www.iesdouyin.com/share/video/6852121082414042376/?region=CN&mid=6852121087745313544&u_code=0&titleType=title", "download_url": "https://www.chanmama.com/awemeDetail/6852121082414042376", "digg_count": 1162, "digg_incr": 882, "aweme_create_time": 1595383766, "category": 10, "volume": 11, "amount": 2189}, "author": {"author_id": "4025189664190", "nickname": "飞飞有品", "follower_count": 460927}}, {"aweme": {"aweme_id": "6852242861627362574", "aweme_title": "10年了，当年见你被抛弃时的场景和那眼神，麻麻一直记得！现在你的眼里只有我，麻麻陪你一起变老！", "aweme_url": "https://www.iesdouyin.com/share/video/6852242861627362574/?region=CN&mid=6715359526033394446&u_code=2kf531i7iek5&titleType=title", "download_url": "https://www.chanmama.com/awemeDetail/6852242861627362574", "digg_count": 1088, "digg_incr": 872, "aweme_create_time": 1595412119, "category": 10, "volume": 2, "amount": 70}, "author": {"author_id": "99881948940", "nickname": "糖小艳", "follower_count": 52730}}, {"aweme": {"aweme_id": "6852150821640064260", "aweme_title": "狗狗有木有舔过你#泰迪 #宠物 #狗狗 #宠物知识", "aweme_url": "https://www.iesdouyin.com/share/video/6852150821640064260/?region=CN&mid=6852150884600761095&u_code=0&titleType=title", "download_url": "https://www.chanmama.com/awemeDetail/6852150821640064260", "digg_count": 1370, "digg_incr": 806, "aweme_create_time": 1595390697, "category": 10, "volume": 0, "amount": 0}, "author": {"author_id": "2471338436988760", "nickname": "多多爱宠小零食", "follower_count": 112172}}, {"aweme": {"aweme_id": "6852241936464612616", "aweme_title": "今晚9点直播一小时.#毛孩子美食试吃官 #痞三岁", "aweme_url": "https://www.iesdouyin.com/share/video/6852241936464612616/?region=CN&mid=6852241951027170055&u_code=0&titleType=title", "download_url": "https://www.chanmama.com/awemeDetail/6852241936464612616", "digg_count": 1118, "digg_incr": 774, "aweme_create_time": 1595411904, "category": 10, "volume": 3, "amount": 59.699999999999996}, "author": {"author_id": "72793434760", "nickname": "痞三岁", "follower_count": 108865}}, {"aweme": {"aweme_id": "6852244811194436879", "aweme_title": "我也没想到你们竟然被狗子定点臭臭所吸引😄#定点大小便训练", "aweme_url": "https://www.iesdouyin.com/share/video/6852244811194436879/?region=CN&mid=6852244825865997063&u_code=2kf531i7iek5&titleType=title", "download_url": "https://www.chanmama.com/awemeDetail/6852244811194436879", "digg_count": 1042, "digg_incr": 763, "aweme_create_time": 1595412572, "category": 10, "volume": 0, "amount": 0}, "author": {"author_id": "68613905980", "nickname": "龚朵朵宠物零食", "follower_count": 41354}}, {"aweme": {"aweme_id": "6852243744146738447", "aweme_title": "看来我是该多陪陪它们了……#萌宠 #猫与猫与猫与猫", "aweme_url": "https://www.iesdouyin.com/share/video/6852243744146738447/?region=CN&mid=6852243782142872328&u_code=0&titleType=title", "download_url": "https://www.chanmama.com/awemeDetail/6852243744146738447", "digg_count": 1551, "digg_incr": 688, "aweme_create_time": 1595412324, "category": 10, "volume": 0, "amount": 0}, "author": {"author_id": "4503674061138198", "nickname": "李小白和瓜子", "follower_count": 116899}}, {"aweme": {"aweme_id": "6852121775908719872", "aweme_title": "团结的团队才能成功#团队 #wo的高能瞬间", "aweme_url": "https://www.iesdouyin.com/share/video/6852121775908719872/?region=CN&mid=6852121771938368264&u_code=0&titleType=title", "download_url": "https://www.chanmama.com/awemeDetail/6852121775908719872", "digg_count": 1397, "digg_incr": 657, "aweme_create_time": 1595383926, "category": 10, "volume": 0, "amount": 0}, "author": {"author_id": "93194308494", "nickname": "卡奇卡.神犬哈利", "follower_count": 242380}}, {"aweme": {"aweme_id": "6852286622289890563", "aweme_title": "60根走起#企业号小助手 #抖音小助手 #儿童", "aweme_url": "https://www.iesdouyin.com/share/video/6852286622289890563/?region=CN&mid=6852286655643355918&u_code=0&titleType=title", "download_url": "https://www.chanmama.com/awemeDetail/6852286622289890563", "digg_count": 1323, "digg_incr": 599, "aweme_create_time": 1595422312, "category": 10, "volume": 0, "amount": 0}, "author": {"author_id": "1895151950629371", "nickname": "小胖和小丽", "follower_count": 101958}}, {"aweme": {"aweme_id": "6852178857336786188", "aweme_title": "我妈说不让我和傻子一起玩#萌宠成精了", "aweme_url": "https://www.iesdouyin.com/share/video/6852178857336786188/?region=CN&mid=6852178894733200136&u_code=0&titleType=title", "download_url": "https://www.chanmama.com/awemeDetail/6852178857336786188", "digg_count": 1759, "digg_incr": 94, "aweme_create_time": 1595397224, "category": 10, "volume": 0, "amount": 0}, "author": {"author_id": "364632483567165", "nickname": "安进宠物🐶", "follower_count": 14092}}]}