{"data": [{"aweme": {"aweme_id": "6852131895392603407", "aweme_title": "装在老婆口袋再也不怕老婆丢了😂", "aweme_url": "https://www.iesdouyin.com/share/video/6852131895392603407/?region=CN&mid=6852132096012323595&u_code=11e65b649c5d&titleType=title", "download_url": "https://www.chanmama.com/awemeDetail/6852131895392603407", "digg_count": 87933, "digg_incr": 87933, "aweme_create_time": 1595386303, "category": 11, "volume": 1346, "amount": 239588}, "author": {"author_id": "1455343739879188", "nickname": "王大锤黑科技", "follower_count": 211213}}, {"aweme": {"aweme_id": "6852155776048319757", "aweme_title": "无线触控、手机控制挺方便，篮球买错型号了…#灯带 #智能灯带", "aweme_url": "https://www.iesdouyin.com/share/video/6852155776048319757/?region=CN&mid=6852155759350909709&u_code=0&titleType=title", "download_url": "https://www.chanmama.com/awemeDetail/6852155776048319757", "digg_count": 338211, "digg_incr": 61005, "aweme_create_time": 1595391844, "category": 11, "volume": 24, "amount": 1080}, "author": {"author_id": "108162182571", "nickname": "奇哆哆", "follower_count": 297388}}, {"aweme": {"aweme_id": "6852202604185881863", "aweme_title": "拿货21 零售有人工打包快递成本 #抖音热门  @DOU+小助手", "aweme_url": "https://www.iesdouyin.com/share/video/6852202604185881863/?region=CN&mid=6852202693012867847&u_code=2kf52kj9m7c2&titleType=title", "download_url": "https://www.chanmama.com/awemeDetail/6852202604185881863", "digg_count": 9563, "digg_incr": 9532, "aweme_create_time": 1595402762, "category": 11, "volume": 1012, "amount": 30258.8}, "author": {"author_id": "1569758077783662", "nickname": "有量电子商务", "follower_count": 0}}, {"aweme": {"aweme_id": "6852127415209135367", "aweme_title": "完了  这孩子  疯了##@李会长（街溜子） #黑蜂 @抖音小助手 @DOU+小助手", "aweme_url": "https://www.iesdouyin.com/share/video/6852127415209135367/?region=CN&mid=6816573386446457607&u_code=21magg9f5mgj&titleType=title", "download_url": "https://www.chanmama.com/awemeDetail/6852127415209135367", "digg_count": 6368, "digg_incr": 6368, "aweme_create_time": 1595385241, "category": 11, "volume": 0, "amount": 0}, "author": {"author_id": "88577001217", "nickname": "黑蜂。崔水水", "follower_count": 236498}}, {"aweme": {"aweme_id": "6852229437891546382", "aweme_title": "头盔伴侣，这个大家应该都需要吧！ #a神严选  #骑行装备", "aweme_url": "https://www.iesdouyin.com/share/video/6852229437891546382/?region=CN&mid=6852229528576723726&u_code=45a6gmj0h2h&titleType=title", "download_url": "https://www.chanmama.com/awemeDetail/6852229437891546382", "digg_count": 9327, "digg_incr": 4935, "aweme_create_time": 1595409010, "category": 11, "volume": 186, "amount": 3701.3999999999996}, "author": {"author_id": "102499440278", "nickname": "A神聊摩托", "follower_count": 257803}}, {"aweme": {"aweme_id": "6852148436691586317", "aweme_title": "怎么撞进去的怎么给我出来、无论切割更换还是校正修复、都要先拉大型、释放应力、最大程度还原！#修车哥的日常", "aweme_url": "https://www.iesdouyin.com/share/video/6852148436691586317/?region=CN&mid=6852148443055082248&u_code=45a6gmj0h2h&titleType=title", "download_url": "https://www.chanmama.com/awemeDetail/6852148436691586317", "digg_count": 4381, "digg_incr": 3294, "aweme_create_time": 1595390134, "category": 11, "volume": 0, "amount": 0}, "author": {"author_id": "95569732041", "nickname": "zs1764377034", "follower_count": 649583}}, {"aweme": {"aweme_id": "6852172141333384461", "aweme_title": "#行车记录仪 #717抖音奇妙好物市集 @大麦车品  前后左右四个镜头记录仪来了，同时还支持语音声控", "aweme_url": "https://www.iesdouyin.com/share/video/6852172141333384461/?region=CN&mid=6852172154887113486&u_code=5bh55l8ggi4&titleType=title", "download_url": "https://www.chanmama.com/awemeDetail/6852172141333384461", "digg_count": 9756, "digg_incr": 3243, "aweme_create_time": 1595395654, "category": 11, "volume": 4, "amount": 2796}, "author": {"author_id": "795673691167847", "nickname": "凌度汽车电子", "follower_count": 196845}}, {"aweme": {"aweme_id": "6852278187611802883", "aweme_title": "#灌篮高手 湘北🆚山王 #三井寿 #80后 #90后 #怀旧 #漫画 @抖音小助手", "aweme_url": "https://www.iesdouyin.com/share/video/6852278187611802883/?region=CN&mid=6715470411389209355&u_code=45a6gmj0h2h&titleType=title", "download_url": "https://www.chanmama.com/awemeDetail/6852278187611802883", "digg_count": 2113, "digg_incr": 1985, "aweme_create_time": 1595420349, "category": 11, "volume": 0, "amount": 0}, "author": {"author_id": "108749377758", "nickname": "抖音漫剪", "follower_count": 70122}}, {"aweme": {"aweme_id": "6852119082741812493", "aweme_title": "点左下角小黄袋，或者头像进入主页商品小店（查看购买）", "aweme_url": "https://www.iesdouyin.com/share/video/6852119082741812493/?region=CN&mid=6778298328586128136&u_code=1gkkb5di4i9a&titleType=title", "download_url": "https://www.chanmama.com/awemeDetail/6852119082741812493", "digg_count": 2008, "digg_incr": 1958, "aweme_create_time": 1595383317, "category": 11, "volume": 7, "amount": 476}, "author": {"author_id": "4503672145242434", "nickname": "清爽依然", "follower_count": 911820}}, {"aweme": {"aweme_id": "6852152901792435471", "aweme_title": "轮胎换位方法，保存转发备用！", "aweme_url": "https://www.iesdouyin.com/share/video/6852152901792435471/?region=CN&mid=6852152895056825101&u_code=45a6gmj0h2h&titleType=title", "download_url": "https://www.chanmama.com/awemeDetail/6852152901792435471", "digg_count": 7015, "digg_incr": 1603, "aweme_create_time": 1595391173, "category": 11, "volume": 0, "amount": 0}, "author": {"author_id": "106126052421", "nickname": "轮胎说（承接问题咨询）", "follower_count": 49983}}, {"aweme": {"aweme_id": "6852080944598240520", "aweme_title": "朋友送了我一台这个颜色的#本田思域 #汽车模型 是在暗示我什么吗🤔@DOU+小助手", "aweme_url": "https://www.iesdouyin.com/share/video/6852080944598240520/?region=CN&mid=6852080911572339470&u_code=0&titleType=title", "download_url": "https://www.chanmama.com/awemeDetail/6852080944598240520", "digg_count": 1757, "digg_incr": 1593, "aweme_create_time": 1595374425, "category": 11, "volume": 0, "amount": 0}, "author": {"author_id": "97199539440", "nickname": "环网立迅科技有限公司", "follower_count": 185921}}, {"aweme": {"aweme_id": "6852238140745305359", "aweme_title": "兄弟们都说我只喝皮的，今天搬多了2车砖奖励自己喝瓶白的#生活 #抖音小助手 #丰登哥回归抖音 #娱乐", "aweme_url": "https://www.iesdouyin.com/share/video/6852238140745305359/?region=CN&mid=6831800309006863111&u_code=21cg28213cc0&titleType=title", "download_url": "https://www.chanmama.com/awemeDetail/6852238140745305359", "digg_count": 4838, "digg_incr": 1457, "aweme_create_time": 1595411019, "category": 11, "volume": 0, "amount": 0}, "author": {"author_id": "95390140879", "nickname": "五谷丰登哥", "follower_count": 65175}}, {"aweme": {"aweme_id": "6851853841378331917", "aweme_title": "底座15，防摔球70，云南白药喷雾25，摔次车干掉110！ #机车", "aweme_url": "https://www.iesdouyin.com/share/video/6851853841378331917/?region=CN&mid=6851853962639837959&u_code=3kdem96968fl&titleType=title", "download_url": "https://www.chanmama.com/awemeDetail/6851853841378331917", "digg_count": 1594, "digg_incr": 1344, "aweme_create_time": 1595376000, "category": 11, "volume": 2, "amount": 72}, "author": {"author_id": "109147548295", "nickname": "忍者马夫", "follower_count": 29036}}, {"aweme": {"aweme_id": "6852268068735945991", "aweme_title": "断电电瓶卡子 防止电瓶漏电 适合各种型号电瓶 #让好物火起来 #我要上热门", "aweme_url": "https://www.iesdouyin.com/share/video/6852268068735945991/?region=CN&mid=6852268087471770381&u_code=1g184c0jjkh7&titleType=title", "download_url": "https://www.chanmama.com/awemeDetail/6852268068735945991", "digg_count": 1355, "digg_incr": 1320, "aweme_create_time": 1595417988, "category": 11, "volume": 99, "amount": 1980}, "author": {"author_id": "1050734149505335", "nickname": "台前县腾宇汽车电器", "follower_count": 39885}}, {"aweme": {"aweme_id": "6852215995017202951", "aweme_title": "喜欢这个旋律，你们呢！#欧美 #音乐推荐 #开口跪 @抖音小助手", "aweme_url": "https://www.iesdouyin.com/share/video/6852215995017202951/?region=CN&mid=6709399655966312449&u_code=45a6gmj0h2h&titleType=title", "download_url": "https://www.chanmama.com/awemeDetail/6852215995017202951", "digg_count": 2580, "digg_incr": 1019, "aweme_create_time": 1595405864, "category": 11, "volume": 0, "amount": 0}, "author": {"author_id": "71547473122", "nickname": "欧美盛世金曲", "follower_count": 304806}}, {"aweme": {"aweme_id": "6852153104226389260", "aweme_title": "放不下的她，想到有害怕，那种痛有几人能懂啊？#卡车司机，陪车都比陪老婆时间多，有多少人能理解？？@抖音小助手", "aweme_url": "https://www.iesdouyin.com/share/video/6852153104226389260/?region=CN&mid=6849188841941633799&u_code=0&titleType=title", "download_url": "https://www.chanmama.com/awemeDetail/6852153104226389260", "digg_count": 1135, "digg_incr": 972, "aweme_create_time": 1595391228, "category": 11, "volume": 0, "amount": 0}, "author": {"author_id": "68158099323", "nickname": "卡车司机涛哥", "follower_count": 787255}}, {"aweme": {"aweme_id": "6852281171406048527", "aweme_title": "全白光激光炮#抖音小助手 #我要上热门 #感谢抖音平台", "aweme_url": "https://www.iesdouyin.com/share/video/6852281171406048527/?region=CN&mid=6852281201927998221&u_code=48edh643hih9&titleType=title", "download_url": "https://www.chanmama.com/awemeDetail/6852281171406048527", "digg_count": 2793, "digg_incr": 897, "aweme_create_time": 1595421037, "category": 11, "volume": 0, "amount": 0}, "author": {"author_id": "3109059135807181", "nickname": "创宇汽车电器", "follower_count": 71103}}, {"aweme": {"aweme_id": "6852110426839272712", "aweme_title": "做饭一定要用防油面罩油烟再大也不怕#抖音小助手 #好物推荐 #我要上热门 #种草", "aweme_url": "https://www.iesdouyin.com/share/video/6852110426839272712/?region=CN&mid=6852110490178046733&u_code=0&titleType=title", "download_url": "https://www.chanmama.com/awemeDetail/6852110426839272712", "digg_count": 1231, "digg_incr": 857, "aweme_create_time": 1595381303, "category": 11, "volume": 6, "amount": 179.39999999999998}, "author": {"author_id": "82499657009", "nickname": "淘淘好物", "follower_count": 209577}}, {"aweme": {"aweme_id": "6852063134937517327", "aweme_title": "国货之光，东方绅士等等，我竟词穷…………#9是我超in  @红旗旗仕团", "aweme_url": "https://www.iesdouyin.com/share/video/6852063134937517327/?region=CN&mid=6852063030918810381&u_code=1gb2j861imci&titleType=title", "download_url": "https://www.chanmama.com/awemeDetail/6852063134937517327", "digg_count": 1410, "digg_incr": 512, "aweme_create_time": 1595370279, "category": 11, "volume": 1, "amount": 19.9}, "author": {"author_id": "62093113607", "nickname": "林小哥", "follower_count": 9016}}, {"aweme": {"aweme_id": "6852288957682584845", "aweme_title": "#机油  #美孚润滑油 什么样的机油适合你的车，你选对了吗？", "aweme_url": "https://www.iesdouyin.com/share/video/6852288957682584845/?region=CN&mid=6852289095310248711&u_code=1gb2j861imci&titleType=title", "download_url": "https://www.chanmama.com/awemeDetail/6852288957682584845", "digg_count": 1125, "digg_incr": 510, "aweme_create_time": 1595422872, "category": 11, "volume": 0, "amount": 0}, "author": {"author_id": "78287802458", "nickname": "美孚行", "follower_count": 27394}}, {"aweme": {"aweme_id": "6852094594843200775", "aweme_title": "@影漫周边发了一个抖音短视频，你尽管点开，不好看算我输！", "aweme_url": "https://www.iesdouyin.com/share/video/6852094594843200775/?region=CN&mid=6852094573213223694&u_code=m1f8lj1egl3&titleType=", "download_url": "https://www.chanmama.com/awemeDetail/6852094594843200775", "digg_count": 1966, "digg_incr": 485, "aweme_create_time": 1595377601, "category": 11, "volume": 0, "amount": 0}, "author": {"author_id": "3161841765982045", "nickname": "影漫周边", "follower_count": 50858}}, {"aweme": {"aweme_id": "6852233942657944832", "aweme_title": "@铁岭李哥手工发了一个抖音短视频，你尽管点开，不好看算我输！", "aweme_url": "https://www.iesdouyin.com/share/video/6852233942657944832/?region=CN&mid=6852233978750389000&u_code=1a2e3igh6db5&titleType=", "download_url": "https://www.chanmama.com/awemeDetail/6852233942657944832", "digg_count": 3193, "digg_incr": 425, "aweme_create_time": 1595410041, "category": 11, "volume": 1, "amount": 78}, "author": {"author_id": "135931195830744", "nickname": "铁岭李哥手工", "follower_count": 308127}}, {"aweme": {"aweme_id": "6852219298702691592", "aweme_title": "买两台的还真难😂#雅迪电动车 #好车好生意 #开心就加戏 @DOU+小助手 @抖音广告助手", "aweme_url": "https://www.iesdouyin.com/share/video/6852219298702691592/?region=CN&mid=6847028788929334023&u_code=3j780k823jh9&titleType=title", "download_url": "https://www.chanmama.com/awemeDetail/6852219298702691592", "digg_count": 1112, "digg_incr": 236, "aweme_create_time": 1595406634, "category": 11, "volume": 0, "amount": 0}, "author": {"author_id": "342648157120924", "nickname": "雅迪李小龙", "follower_count": 61054}}, {"aweme": {"aweme_id": "6852249481761656079", "aweme_title": "@铁岭李哥手工发了一个抖音短视频，你尽管点开，不好看算我输！", "aweme_url": "https://www.iesdouyin.com/share/video/6852249481761656079/?region=CN&mid=6852249505895615239&u_code=0&titleType=", "download_url": "https://www.chanmama.com/awemeDetail/6852249481761656079", "digg_count": 1564, "digg_incr": 134, "aweme_create_time": 1595413659, "category": 11, "volume": 0, "amount": 0}, "author": {"author_id": "135931195830744", "nickname": "铁岭李哥手工", "follower_count": 308127}}]}