{"data": [{"aweme": {"aweme_id": "6852265718365293824", "aweme_title": "德善吃播第七集 | 下饭神器#成德善 ，每次吃外卖的时候看看德善的视频，艾玛，真香！#请回答1988", "aweme_url": "https://www.iesdouyin.com/share/video/6852265718365293824/?region=CN&mid=6841854600400636686&u_code=1cf50jc817dl&titleType=title", "download_url": "https://www.chanmama.com/awemeDetail/6852265718365293824", "digg_count": 107420, "digg_incr": 80729, "aweme_create_time": 1595417439, "category": 12, "volume": 0, "amount": 0}, "author": {"author_id": "60469879213", "nickname": "野生电影院", "follower_count": 64538}}, {"aweme": {"aweme_id": "6852148582749850895", "aweme_title": "这个是安全震频声波，定期清理，耳机也能清理的#手机技巧 #清灰声波", "aweme_url": "https://www.iesdouyin.com/share/video/6852148582749850895/?region=CN&mid=6852148590258014983&u_code=45a6gmj0h2h&titleType=title", "download_url": "https://www.chanmama.com/awemeDetail/6852148582749850895", "digg_count": 52056, "digg_incr": 52476, "aweme_create_time": 1595390167, "category": 12, "volume": 0, "amount": 0}, "author": {"author_id": "3931489169576851", "nickname": "手机女友", "follower_count": 154164}}, {"aweme": {"aweme_id": "6852134505285733646", "aweme_title": "#百万赞演技大赏 #电话手表 不是说好的不能便宜吗？他乱改词！", "aweme_url": "https://www.iesdouyin.com/share/video/6852134505285733646/?region=CN&mid=6852134518623963911&u_code=0&titleType=title", "download_url": "https://www.chanmama.com/awemeDetail/6852134505285733646", "digg_count": 6734, "digg_incr": 6734, "aweme_create_time": 1595386891, "category": 12, "volume": 2307, "amount": 43371.6}, "author": {"author_id": "276711486527460", "nickname": "老北鼻", "follower_count": 37897}}, {"aweme": {"aweme_id": "6852175295437344015", "aweme_title": "都说苹果打游戏流弊，我大哥坐不住了@ROG游戏手机 #rog游戏手机", "aweme_url": "https://www.iesdouyin.com/share/video/6852175295437344015/?region=CN&mid=6852175298083982093&u_code=45a6gmj0h2h&titleType=title", "download_url": "https://www.chanmama.com/awemeDetail/6852175295437344015", "digg_count": 6415, "digg_incr": 3634, "aweme_create_time": 1595396387, "category": 12, "volume": 0, "amount": 0}, "author": {"author_id": "100629173124", "nickname": "常州幻新数码科技", "follower_count": 59593}}, {"aweme": {"aweme_id": "6852124484883762445", "aweme_title": "勇气真的很重要#我的高光一刻", "aweme_url": "https://www.iesdouyin.com/share/video/6852124484883762445/?region=CN&mid=6833536631719430926&u_code=himldha1l83&titleType=title", "download_url": "https://www.chanmama.com/awemeDetail/6852124484883762445", "digg_count": 5251, "digg_incr": 3504, "aweme_create_time": 1595384558, "category": 12, "volume": 5, "amount": 79}, "author": {"author_id": "70184381826", "nickname": "辉月法王（月闪诸葛）", "follower_count": 363931}}, {"aweme": {"aweme_id": "6852242382197411079", "aweme_title": "Hey，别担心，你喜欢的人也刚好喜欢你。", "aweme_url": "https://www.iesdouyin.com/share/video/6852242382197411079/?region=CN&mid=6841837668599384845&u_code=0&titleType=title", "download_url": "https://www.chanmama.com/awemeDetail/6852242382197411079", "digg_count": 4803, "digg_incr": 3483, "aweme_create_time": 1595412008, "category": 12, "volume": 1, "amount": 79}, "author": {"author_id": "59882538472", "nickname": "头颅里没有一点点脑子", "follower_count": 113849}}, {"aweme": {"aweme_id": "6852248021682425091", "aweme_title": "头像设计之来根华子，没事瞎溜达#华子 #来根华子", "aweme_url": "https://www.iesdouyin.com/share/video/6852248021682425091/?region=CN&mid=6820956227325938446&u_code=4ck64f55cadh&titleType=title", "download_url": "https://www.chanmama.com/awemeDetail/6852248021682425091", "digg_count": 16260, "digg_incr": 3402, "aweme_create_time": 1595413327, "category": 12, "volume": 0, "amount": 0}, "author": {"author_id": "106805554462", "nickname": "大斌动漫设计", "follower_count": 194779}}, {"aweme": {"aweme_id": "6852236033052921100", "aweme_title": "以后出门带这一个充电器就够了，GaN充电器体积小，功率大！", "aweme_url": "https://www.iesdouyin.com/share/video/6852236033052921100/?region=CN&mid=6852236101382376205&u_code=22e1cba375g&titleType=title", "download_url": "https://www.chanmama.com/awemeDetail/6852236033052921100", "digg_count": 4616, "digg_incr": 3366, "aweme_create_time": 1595410535, "category": 12, "volume": 0, "amount": 0}, "author": {"author_id": "2132689023940167", "nickname": "真香测评", "follower_count": 467407}}, {"aweme": {"aweme_id": "6852291226780110094", "aweme_title": "#数码科技 #充电宝 #百万赞演技大赏 正儿八百的好东西", "aweme_url": "https://www.iesdouyin.com/share/video/6852291226780110094/?region=CN&mid=6852291252596394766&u_code=2c8g8i8aal9&titleType=title", "download_url": "https://www.chanmama.com/awemeDetail/6852291226780110094", "digg_count": 3192, "digg_incr": 3018, "aweme_create_time": 1595423380, "category": 12, "volume": 0, "amount": 0}, "author": {"author_id": "59044053108", "nickname": "康康科技", "follower_count": 19516}}, {"aweme": {"aweme_id": "6852253347995553024", "aweme_title": "不管如何阻挠，华为早已做好准备，兵来将挡水来土掩，见招拆招，最后华为都将一击制胜", "aweme_url": "https://www.iesdouyin.com/share/video/6852253347995553024/?region=CN&mid=6557267873117506317&u_code=45a6gmj0h2h&titleType=title", "download_url": "https://www.chanmama.com/awemeDetail/6852253347995553024", "digg_count": 3491, "digg_incr": 2905, "aweme_create_time": 1595414560, "category": 12, "volume": 5, "amount": 94}, "author": {"author_id": "100158121882", "nickname": "中华有为", "follower_count": 24626}}, {"aweme": {"aweme_id": "6852132150989393159", "aweme_title": "我有点累了,对不起 我今天休息一天吧.", "aweme_url": "https://www.iesdouyin.com/share/video/6852132150989393159/?region=CN&mid=6852132322175699725&u_code=45a6gmj0h2h&titleType=title", "download_url": "https://www.chanmama.com/awemeDetail/6852132150989393159", "digg_count": 3201, "digg_incr": 2705, "aweme_create_time": 1595386361, "category": 12, "volume": 4, "amount": 63.2}, "author": {"author_id": "1613716677208939", "nickname": "黎恩", "follower_count": 686264}}, {"aweme": {"aweme_id": "6852209233639853315", "aweme_title": "#王者荣耀 打野克制法师篇（三）#打野 #法师", "aweme_url": "https://www.iesdouyin.com/share/video/6852209233639853315/?region=CN&mid=6852209274628934413&u_code=45a6gmj0h2h&titleType=title", "download_url": "https://www.chanmama.com/awemeDetail/6852209233639853315", "digg_count": 3276, "digg_incr": 2585, "aweme_create_time": 1595404297, "category": 12, "volume": 2, "amount": 31.6}, "author": {"author_id": "905591827471886", "nickname": "王者荣耀大师兄", "follower_count": 314839}}, {"aweme": {"aweme_id": "6852279413946453251", "aweme_title": "#安卓 AirPods弹窗推荐，弹窗不仅仅是#iphone 专属啦", "aweme_url": "https://www.iesdouyin.com/share/video/6852279413946453251/?region=CN&mid=6852279559174310663&u_code=48edh642jlcb&titleType=title", "download_url": "https://www.chanmama.com/awemeDetail/6852279413946453251", "digg_count": 4954, "digg_incr": 2508, "aweme_create_time": 1595420654, "category": 12, "volume": 0, "amount": 0}, "author": {"author_id": "58904924331", "nickname": "彦祖搞搞机", "follower_count": 49369}}, {"aweme": {"aweme_id": "6852041193748974862", "aweme_title": "我喜欢💕增高休闲鞋，一穿增高六厘米#实惠又百搭#心动❤️的你6点直播间见#717奇妙好物在这里@抖音小助手", "aweme_url": "https://www.iesdouyin.com/share/video/6852041193748974862/?region=CN&mid=6766098884994550536&u_code=1jab869mmlgb&titleType=title", "download_url": "https://www.chanmama.com/awemeDetail/6852041193748974862", "digg_count": 2427, "digg_incr": 2424, "aweme_create_time": 1595365209, "category": 12, "volume": 94, "amount": 6486}, "author": {"author_id": "101922526016", "nickname": "常熟市飞飞鞋业商行", "follower_count": 200070}}, {"aweme": {"aweme_id": "6852149483610950925", "aweme_title": "这个暑假一定要给宝宝准备这个！#小马良3d打印笔 #万物皆可造", "aweme_url": "https://www.iesdouyin.com/share/video/6852149483610950925/?region=CN&mid=6852149570927987469&u_code=20g3ifb1immj&titleType=title", "download_url": "https://www.chanmama.com/awemeDetail/6852149483610950925", "digg_count": 2954, "digg_incr": 2112, "aweme_create_time": 1595390399, "category": 12, "volume": 0, "amount": 0}, "author": {"author_id": "1261888432257848", "nickname": "神笔小马良", "follower_count": 433385}}, {"aweme": {"aweme_id": "6852244030449863951", "aweme_title": "新壁纸来啰！画了幅骚气的！想要的点赞留言#画#ipad #壁纸@DOU+小助手", "aweme_url": "https://www.iesdouyin.com/share/video/6852244030449863951/?region=CN&mid=6852244053883489032&u_code=1fedca8gk4d8&titleType=title", "download_url": "https://www.chanmama.com/awemeDetail/6852244030449863951", "digg_count": 2983, "digg_incr": 1942, "aweme_create_time": 1595412390, "category": 12, "volume": 0, "amount": 0}, "author": {"author_id": "61797916301", "nickname": "李剑兵BIN", "follower_count": 108022}}, {"aweme": {"aweme_id": "6852206492750187791", "aweme_title": "#买手机发两快递 以为丢件@抖音小助手 #搞笑", "aweme_url": "https://www.iesdouyin.com/share/video/6852206492750187791/?region=CN&mid=6852206499843115790&u_code=0&titleType=title", "download_url": "https://www.chanmama.com/awemeDetail/6852206492750187791", "digg_count": 2016, "digg_incr": 1595, "aweme_create_time": 1595403651, "category": 12, "volume": 0, "amount": 0}, "author": {"author_id": "654943898581556", "nickname": "衣冠礼乐尚武阁（7月20日半年庆）", "follower_count": 227568}}, {"aweme": {"aweme_id": "6852247272378387727", "aweme_title": "为什么别人直播间的产品效果这么闪？#手机摄影 #珠宝首饰 #直播@DOU+小助手", "aweme_url": "https://www.iesdouyin.com/share/video/6852247272378387727/?region=CN&mid=6843368605879945991&u_code=0&titleType=title", "download_url": "https://www.chanmama.com/awemeDetail/6852247272378387727", "digg_count": 1961, "digg_incr": 1523, "aweme_create_time": 1595413145, "category": 12, "volume": 0, "amount": 0}, "author": {"author_id": "62475967142", "nickname": "chicacc定制饰品", "follower_count": 51986}}, {"aweme": {"aweme_id": "6852309503132716292", "aweme_title": "#广州自媒体公司日常 “有个女仔令我思想变得大个，当初……”不说了，我要去洗碗了@哈皮 @堤芬⚠️", "aweme_url": "https://www.iesdouyin.com/share/video/6852309503132716292/?region=CN&mid=6852309552000453383&u_code=3ghh3kbgkj6b&titleType=title", "download_url": "https://www.chanmama.com/awemeDetail/6852309503132716292", "digg_count": 2163, "digg_incr": 1463, "aweme_create_time": 1595427642, "category": 12, "volume": 0, "amount": 0}, "author": {"author_id": "103377089720", "nickname": "不正常人类研究所", "follower_count": 63872}}, {"aweme": {"aweme_id": "6852261666130808079", "aweme_title": "华为nova7pro兵哥哥发来的，贴全胶膜#华为nova7 @DOU+小助手", "aweme_url": "https://www.iesdouyin.com/share/video/6852261666130808079/?region=CN&mid=6852261709546392334&u_code=45a6gmj0h2h&titleType=title", "download_url": "https://www.chanmama.com/awemeDetail/6852261666130808079", "digg_count": 4084, "digg_incr": 1419, "aweme_create_time": 1595416496, "category": 12, "volume": 8, "amount": 472}, "author": {"author_id": "110738820155", "nickname": "郝金彪数码配件", "follower_count": 93486}}, {"aweme": {"aweme_id": "6852089615805893903", "aweme_title": "#上热门 #抖音小助手 #我来当你姐姐一起吃鸡呀", "aweme_url": "https://www.iesdouyin.com/share/video/6852089615805893903/?region=CN&mid=6852089584008973064&u_code=49b30kid4fd3&titleType=title", "download_url": "https://www.chanmama.com/awemeDetail/6852089615805893903", "digg_count": 1786, "digg_incr": 1403, "aweme_create_time": 1595376440, "category": 12, "volume": 0, "amount": 0}, "author": {"author_id": "747304321559364", "nickname": "和平小兮", "follower_count": 57186}}, {"aweme": {"aweme_id": "6852184067035696399", "aweme_title": "我做手机这么久 以为占到便宜了 没想到", "aweme_url": "https://www.iesdouyin.com/share/video/6852184067035696399/?region=CN&mid=6852184078524254983&u_code=0&titleType=title", "download_url": "https://www.chanmama.com/awemeDetail/6852184067035696399", "digg_count": 1424, "digg_incr": 1376, "aweme_create_time": 1595398429, "category": 12, "volume": 0, "amount": 0}, "author": {"author_id": "54641453073", "nickname": "常州幻新电子数码商行", "follower_count": 171962}}, {"aweme": {"aweme_id": "6852211575235906823", "aweme_title": "老板，你出汗了。#数据线", "aweme_url": "https://www.iesdouyin.com/share/video/6852211575235906823/?region=CN&mid=6852211677249702669&u_code=0&titleType=title", "download_url": "https://www.chanmama.com/awemeDetail/6852211575235906823", "digg_count": 1344, "digg_incr": 1344, "aweme_create_time": 1595404856, "category": 12, "volume": 101, "amount": 111.10000000000001}, "author": {"author_id": "86938761775", "nickname": "璐竹柒", "follower_count": 0}}, {"aweme": {"aweme_id": "6852155819224550656", "aweme_title": "老板说的对，凡事都要有规矩！#百万开麦 #不负吾爱探索x面 @DOU+小助手", "aweme_url": "https://www.iesdouyin.com/share/video/6852155819224550656/?region=CN&mid=6852155826119936781&u_code=0&titleType=title", "download_url": "https://www.chanmama.com/awemeDetail/6852155819224550656", "digg_count": 1316, "digg_incr": 1316, "aweme_create_time": 1595391852, "category": 12, "volume": 70, "amount": 1393}, "author": {"author_id": "2911134664622760", "nickname": "疯狂的老板（直播中）", "follower_count": 45696}}, {"aweme": {"aweme_id": "6852151721704197389", "aweme_title": "嘴狠赢一时，心宽赢一世。越是成功越是低调，做人记打这三件事！", "aweme_url": "https://www.iesdouyin.com/share/video/6852151721704197389/?region=CN&mid=6850382650083920653&u_code=0&titleType=title", "download_url": "https://www.chanmama.com/awemeDetail/6852151721704197389", "digg_count": 1344, "digg_incr": 1240, "aweme_create_time": 1595390900, "category": 12, "volume": 0, "amount": 0}, "author": {"author_id": "69763950675", "nickname": "一朵气质花", "follower_count": 394986}}, {"aweme": {"aweme_id": "6852251059121851648", "aweme_title": "感谢林老板对胖哥的支持#717抖音奇妙好物市集", "aweme_url": "https://www.iesdouyin.com/share/video/6852251059121851648/?region=CN&mid=6852251086955367175&u_code=4dgib6jc31hc&titleType=title", "download_url": "https://www.chanmama.com/awemeDetail/6852251059121851648", "digg_count": 1693, "digg_incr": 1150, "aweme_create_time": 1595414027, "category": 12, "volume": 0, "amount": 0}, "author": {"author_id": "96261626189", "nickname": "胖哥说电脑", "follower_count": 89837}}, {"aweme": {"aweme_id": "6852199678902111495", "aweme_title": "磁吸数据线", "aweme_url": "https://www.iesdouyin.com/share/video/6852199678902111495/?region=CN&mid=6657458350340623117&u_code=107m7bg5i135&titleType=title", "download_url": "https://www.chanmama.com/awemeDetail/6852199678902111495", "digg_count": 3459, "digg_incr": 1145, "aweme_create_time": 1595402090, "category": 12, "volume": 0, "amount": 0}, "author": {"author_id": "4503672145242434", "nickname": "清爽依然", "follower_count": 911851}}, {"aweme": {"aweme_id": "6852061571473067279", "aweme_title": "是我家#手机壳 型号不全 还是你手机不配 9.9 三个 看完没有你喜欢的 我去你家洗马桶#平价 #抖音好物", "aweme_url": "https://www.iesdouyin.com/share/video/6852061571473067279/?region=CN&mid=6596625429031996168&u_code=0&titleType=title", "download_url": "https://www.chanmama.com/awemeDetail/6852061571473067279", "digg_count": 1132, "digg_incr": 1136, "aweme_create_time": 1595369916, "category": 12, "volume": 79, "amount": 300.2}, "author": {"author_id": "105670984918", "nickname": "万家种草", "follower_count": 3125}}, {"aweme": {"aweme_id": "6852233912085646595", "aweme_title": "收到钥匙扣的小伙伴记得先把上面的一层保护膜撕掉~晚上可能会直播游泳", "aweme_url": "https://www.iesdouyin.com/share/video/6852233912085646595/?region=CN&mid=6852233967371127566&u_code=0&titleType=title", "download_url": "https://www.chanmama.com/awemeDetail/6852233912085646595", "digg_count": 1175, "digg_incr": 1038, "aweme_create_time": 1595410041, "category": 12, "volume": 5, "amount": 60}, "author": {"author_id": "73603140115", "nickname": "边牧贝拉", "follower_count": 263456}}, {"aweme": {"aweme_id": "6852152478570532104", "aweme_title": "这小姐姐声音好好听啊😍！#热门 @抖音小助手", "aweme_url": "https://www.iesdouyin.com/share/video/6852152478570532104/?region=CN&mid=6852152490457811725&u_code=0&titleType=title", "download_url": "https://www.chanmama.com/awemeDetail/6852152478570532104", "digg_count": 1277, "digg_incr": 904, "aweme_create_time": 1595391076, "category": 12, "volume": 0, "amount": 0}, "author": {"author_id": "59085721667", "nickname": "阿伦✨和平精英《搞笑段子》", "follower_count": 654427}}, {"aweme": {"aweme_id": "6852166856455884047", "aweme_title": "不要质疑爱拍风景的人，因为他们心里都收藏着美好。往后余生，山河远阔，多一点取悦自己吧！", "aweme_url": "https://www.iesdouyin.com/share/video/6852166856455884047/?region=CN&mid=6852166842653002510&u_code=2akd6hi9aal7&titleType=title", "download_url": "https://www.chanmama.com/awemeDetail/6852166856455884047", "digg_count": 1225, "digg_incr": 867, "aweme_create_time": 1595394422, "category": 12, "volume": 0, "amount": 0}, "author": {"author_id": "69550469365", "nickname": "全哥（手机摄影）", "follower_count": 74376}}, {"aweme": {"aweme_id": "6852166170053790976", "aweme_title": "多互动的真的有用，一周涨几千人，在5G流量为王的时代，平凡人也可以有不平凡的梦想！一起加油#互宠 #热门", "aweme_url": "https://www.iesdouyin.com/share/video/6852166170053790976/?region=CN&mid=6852166156040653575&u_code=0&titleType=title", "download_url": "https://www.chanmama.com/awemeDetail/6852166170053790976", "digg_count": 1264, "digg_incr": 849, "aweme_create_time": 1595394262, "category": 12, "volume": 0, "amount": 0}, "author": {"author_id": "3773158067548044", "nickname": "苏乐", "follower_count": 110229}}, {"aweme": {"aweme_id": "6852216559327366414", "aweme_title": "三个小时，整整三个小时你知道你女朋友经历了什么了吗！#ikbc#机械键盘", "aweme_url": "https://www.iesdouyin.com/share/video/6852216559327366414/?region=CN&mid=6852216583142640397&u_code=2kf531i7iek5&titleType=title", "download_url": "https://www.chanmama.com/awemeDetail/6852216559327366414", "digg_count": 1262, "digg_incr": 824, "aweme_create_time": 1595405996, "category": 12, "volume": 0, "amount": 0}, "author": {"author_id": "2985885849891758", "nickname": "ikbc", "follower_count": 52308}}, {"aweme": {"aweme_id": "6852149120984042760", "aweme_title": "如何一句话得罪40个人#脑筋急转弯 #搞笑 #冷笑话", "aweme_url": "https://www.iesdouyin.com/share/video/6852149120984042760/?region=CN&mid=6847802571906697997&u_code=0&titleType=title", "download_url": "https://www.chanmama.com/awemeDetail/6852149120984042760", "digg_count": 1141, "digg_incr": 786, "aweme_create_time": 1595390294, "category": 12, "volume": 0, "amount": 0}, "author": {"author_id": "100382301045", "nickname": "阿尔法蛋官方", "follower_count": 172815}}, {"aweme": {"aweme_id": "6852219672868179213", "aweme_title": "最强的国产货#好物推荐 #中国制造 #国货发光", "aweme_url": "https://www.iesdouyin.com/share/video/6852219672868179213/?region=CN&mid=6852219689892891399&u_code=0&titleType=title", "download_url": "https://www.chanmama.com/awemeDetail/6852219672868179213", "digg_count": 1099, "digg_incr": 771, "aweme_create_time": 1595406721, "category": 12, "volume": 0, "amount": 0}, "author": {"author_id": "2629663892451867", "nickname": "中国崛起", "follower_count": 234913}}, {"aweme": {"aweme_id": "6852236828188183808", "aweme_title": "惊呆了！没想到还能这样卖货！！#显卡 #带货王 @DOU+小助手", "aweme_url": "https://www.iesdouyin.com/share/video/6852236828188183808/?region=CN&mid=6852236842486483726&u_code=43c903ch7lim&titleType=title", "download_url": "https://www.chanmama.com/awemeDetail/6852236828188183808", "digg_count": 1155, "digg_incr": 703, "aweme_create_time": 1595410713, "category": 12, "volume": 0, "amount": 0}, "author": {"author_id": "100162752410", "nickname": "铭瑄科技", "follower_count": 54637}}, {"aweme": {"aweme_id": "6852244446248029455", "aweme_title": "这个手机壳笑死我了！帅不帅！#今天你拆快递了么 #手机壳@抖音小助手 @DOU+小助手", "aweme_url": "https://www.iesdouyin.com/share/video/6852244446248029455/?region=CN&mid=6748969558020885261&u_code=47i1acdj1bma&titleType=title", "download_url": "https://www.chanmama.com/awemeDetail/6852244446248029455", "digg_count": 1002, "digg_incr": 701, "aweme_create_time": 1595412487, "category": 12, "volume": 3, "amount": 83.69999999999999}, "author": {"author_id": "62938115043", "nickname": "不是三叁吖🐰", "follower_count": 53835}}, {"aweme": {"aweme_id": "6852239837186034951", "aweme_title": "你知道这个字念什么吗？#数学 #老师的日常 #学习机", "aweme_url": "https://www.iesdouyin.com/share/video/6852239837186034951/?region=CN&mid=6852239864302193422&u_code=0&titleType=title", "download_url": "https://www.chanmama.com/awemeDetail/6852239837186034951", "digg_count": 1201, "digg_incr": 651, "aweme_create_time": 1595411416, "category": 12, "volume": 0, "amount": 0}, "author": {"author_id": "2123903390457901", "nickname": "才华补习班", "follower_count": 311275}}, {"aweme": {"aweme_id": "6852251657284226315", "aweme_title": "我正在直播，快来。@DOU+小助手", "aweme_url": "https://www.iesdouyin.com/share/video/6852251657284226315/?region=CN&mid=6852251716797434637&u_code=0&titleType=title", "download_url": "https://www.chanmama.com/awemeDetail/6852251657284226315", "digg_count": 1801, "digg_incr": 644, "aweme_create_time": 1595414173, "category": 12, "volume": 0, "amount": 0}, "author": {"author_id": "111017844387", "nickname": "浪起传媒（晚上9点直播）", "follower_count": 416050}}, {"aweme": {"aweme_id": "6852243648134778119", "aweme_title": "我学会了给你温柔，给你宽容，给你体贴，给你讨好；却永远也学不会你喜欢的那种样子。#情感 #林俊杰 #钢琴", "aweme_url": "https://www.iesdouyin.com/share/video/6852243648134778119/?region=CN&mid=6852243681173408519&u_code=0&titleType=title", "download_url": "https://www.chanmama.com/awemeDetail/6852243648134778119", "digg_count": 1126, "digg_incr": 608, "aweme_create_time": 1595412302, "category": 12, "volume": 0, "amount": 0}, "author": {"author_id": "59853667269", "nickname": "Kane🎹钢琴老shi", "follower_count": 457267}}, {"aweme": {"aweme_id": "6852126780485029133", "aweme_title": "炸！姐妹手机壳也要同款🤘🏻#iphone11 #苹果手机壳", "aweme_url": "https://www.iesdouyin.com/share/video/6852126780485029133/?region=CN&mid=6841027454149069582&u_code=461mk57lm7gh&titleType=title", "download_url": "https://www.chanmama.com/awemeDetail/6852126780485029133", "digg_count": 2277, "digg_incr": 498, "aweme_create_time": 1595385092, "category": 12, "volume": 1, "amount": 15.8}, "author": {"author_id": "71406112897", "nickname": "saysay", "follower_count": 148628}}, {"aweme": {"aweme_id": "6852188540806204685", "aweme_title": "#媛哥服饰 #十三行韩国老板娘 时仁欧尼知道有人说她40岁生气了 😂😂明明18岁好不好", "aweme_url": "https://www.iesdouyin.com/share/video/6852188540806204685/?region=CN&mid=6816967702591195911&u_code=2g9cfffeefe2&titleType=title", "download_url": "https://www.chanmama.com/awemeDetail/6852188540806204685", "digg_count": 1987, "digg_incr": 394, "aweme_create_time": 1595399473, "category": 12, "volume": 0, "amount": 0}, "author": {"author_id": "2211870115903464", "nickname": "媛哥服饰", "follower_count": 204}}, {"aweme": {"aweme_id": "6852123876114091271", "aweme_title": "今天又是在外面借充电宝忘记还的一天...以后再也不去借了！还是这种方便", "aweme_url": "https://www.iesdouyin.com/share/video/6852123876114091271/?region=CN&mid=6852123949862603527&u_code=jc1blmbfcf1&titleType=title", "download_url": "https://www.chanmama.com/awemeDetail/6852123876114091271", "digg_count": 2475, "digg_incr": 365, "aweme_create_time": 1595391660, "category": 12, "volume": 0, "amount": 0}, "author": {"author_id": "3205814117995979", "nickname": "静香数码", "follower_count": 26650}}, {"aweme": {"aweme_id": "6852280557460573453", "aweme_title": "眉头解不开的结 命中解不开的结#周杰伦 @DOU+小助手 @抖音小助手", "aweme_url": "https://www.iesdouyin.com/share/video/6852280557460573453/?region=CN&mid=6852280594345315086&u_code=45a6gmj0h2h&titleType=title", "download_url": "https://www.chanmama.com/awemeDetail/6852280557460573453", "digg_count": 43889, "digg_incr": 331, "aweme_create_time": 1595420896, "category": 12, "volume": 0, "amount": 0}, "author": {"author_id": "69439509814", "nickname": "寻找周青春", "follower_count": 54215}}, {"aweme": {"aweme_id": "6852124941442190606", "aweme_title": "vivo s6 5g双模手机福利秒杀#全品牌全系列 #感谢抖音感谢抖音平台", "aweme_url": "https://www.iesdouyin.com/share/video/6852124941442190606/?region=CN&mid=6852124951425256206&u_code=0&titleType=title", "download_url": "https://www.chanmama.com/awemeDetail/6852124941442190606", "digg_count": 1543, "digg_incr": 282, "aweme_create_time": 1595384664, "category": 12, "volume": 0, "amount": 0}, "author": {"author_id": "99899694823", "nickname": "新惠发通讯（严选）", "follower_count": 391373}}, {"aweme": {"aweme_id": "6852107102324821263", "aweme_title": "钢化膜的好坏怎么判断#苹果手机钢化膜", "aweme_url": "https://www.iesdouyin.com/share/video/6852107102324821263/?region=CN&mid=6852107096339598087&u_code=461mk57mlha6&titleType=title", "download_url": "https://www.chanmama.com/awemeDetail/6852107102324821263", "digg_count": 10438, "digg_incr": 237, "aweme_create_time": 1595380510, "category": 12, "volume": 4, "amount": 23.2}, "author": {"author_id": "96191906155", "nickname": "小智玩手机", "follower_count": 598399}}]}