{"data": [{"aweme": {"aweme_id": "6852308483522546959", "aweme_title": "时代抛弃你，从不会提前打招呼……", "aweme_url": "https://www.iesdouyin.com/share/video/6852308483522546959/?region=CN&mid=6852308650334456590&u_code=97f0ifb5fhm&titleType=title", "download_url": "https://www.chanmama.com/awemeDetail/6852308483522546959", "digg_count": 253973, "digg_incr": 253165, "aweme_create_time": 1595427397, "category": 13, "volume": 0, "amount": 0}, "author": {"author_id": "71624765219", "nickname": "震哥有料", "follower_count": 206089}}, {"aweme": {"aweme_id": "6852143469352242447", "aweme_title": "你笑了生活自然就甜了🥳#vlog日常 #独居日记 #夏日致青春", "aweme_url": "https://www.iesdouyin.com/share/video/6852143469352242447/?region=CN&mid=6852143480819518215&u_code=0&titleType=title", "download_url": "https://www.chanmama.com/awemeDetail/6852143469352242447", "digg_count": 51739, "digg_incr": 29657, "aweme_create_time": 1595388977, "category": 13, "volume": 27, "amount": 2133}, "author": {"author_id": "2312991064987999", "nickname": "晚安阿紫", "follower_count": 382587}}, {"aweme": {"aweme_id": "6850283291082329352", "aweme_title": "戏精宝宝VS乖宝宝洗澡，这一个步骤不能省略  #热水澡", "aweme_url": "https://www.iesdouyin.com/share/video/6850283291082329352/?region=CN&mid=6850283615675894536&u_code=107m7bg5i135&titleType=title", "download_url": "https://www.chanmama.com/awemeDetail/6850283291082329352", "digg_count": 15742, "digg_incr": 16248, "aweme_create_time": 1595412000, "category": 13, "volume": 0, "amount": 0}, "author": {"author_id": "100373585312", "nickname": "冲鸭油条妈妈！", "follower_count": 816607}}, {"aweme": {"aweme_id": "6852193760101682432", "aweme_title": "#vlog日常 从小到大你最不能接受的食物是什么", "aweme_url": "https://www.iesdouyin.com/share/video/6852193760101682432/?region=CN&mid=6765402631096519427&u_code=0&titleType=title", "download_url": "https://www.chanmama.com/awemeDetail/6852193760101682432", "digg_count": 16978, "digg_incr": 12530, "aweme_create_time": 1595411268, "category": 13, "volume": 1, "amount": 199}, "author": {"author_id": "62651536819", "nickname": "Sweetie甜橋.🐇", "follower_count": 599109}}, {"aweme": {"aweme_id": "6852255941253926157", "aweme_title": "无敌大三明治和富贵一起吃嘛#萌宠 #小香猪 @抖音小助手", "aweme_url": "https://www.iesdouyin.com/share/video/6852255941253926157/?region=CN&mid=6852255966936042247&u_code=0&titleType=title", "download_url": "https://www.chanmama.com/awemeDetail/6852255941253926157", "digg_count": 21032, "digg_incr": 10972, "aweme_create_time": 1595415164, "category": 13, "volume": 16, "amount": 1584}, "author": {"author_id": "3830348447492718", "nickname": "富贵爱睡觉", "follower_count": 982556}}, {"aweme": {"aweme_id": "6852217359684406532", "aweme_title": "空气锅版的#焦糖烤蛋 吃过么？外酥里嫩也太好吃了吧#美食趣胃计划#破壁新饮力", "aweme_url": "https://www.iesdouyin.com/share/video/6852217359684406532/?region=CN&mid=6852217427539790606&u_code=0&titleType=title", "download_url": "https://www.chanmama.com/awemeDetail/6852217359684406532", "digg_count": 27842, "digg_incr": 10030, "aweme_create_time": 1595406188, "category": 13, "volume": 1, "amount": 249}, "author": {"author_id": "4287739571497512", "nickname": "小数做菜", "follower_count": 826478}}, {"aweme": {"aweme_id": "6852101665441451275", "aweme_title": "船长给朋友们分享一下，海洋景色温柔的一面，好朋友们你们喜欢么？点赞评论告诉船长，以后多发一些哪方面的作品？", "aweme_url": "https://www.iesdouyin.com/share/video/6852101665441451275/?region=CN&mid=6852101675780475662&u_code=j730d40cij&titleType=title", "download_url": "https://www.chanmama.com/awemeDetail/6852101665441451275", "digg_count": 12637, "digg_incr": 9534, "aweme_create_time": 1595379256, "category": 13, "volume": 2, "amount": 19.8}, "author": {"author_id": "94698846791", "nickname": "中国船长", "follower_count": 845071}}, {"aweme": {"aweme_id": "6852184661620296975", "aweme_title": "不要延续这段情#岩音乐队 #阿吉18阿哥", "aweme_url": "https://www.iesdouyin.com/share/video/6852184661620296975/?region=CN&mid=6812052553976351501&u_code=45a6gmj0h2h&titleType=title", "download_url": "https://www.chanmama.com/awemeDetail/6852184661620296975", "digg_count": 11402, "digg_incr": 6439, "aweme_create_time": 1595398568, "category": 13, "volume": 0, "amount": 0}, "author": {"author_id": "106185953598", "nickname": "@阿吉18阿哥", "follower_count": 421712}}, {"aweme": {"aweme_id": "6852141497140169998", "aweme_title": "二小姐，来了 #音乐 #唱歌 #最美歌声 #经典老歌 #街头歌手 #现场演唱 @抖音小助手", "aweme_url": "https://www.iesdouyin.com/share/video/6852141497140169998/?region=CN&mid=6852141490282580743&u_code=gcg01jaambg&titleType=title", "download_url": "https://www.chanmama.com/awemeDetail/6852141497140169998", "digg_count": 8702, "digg_incr": 5481, "aweme_create_time": 1595388519, "category": 13, "volume": 0, "amount": 0}, "author": {"author_id": "106034767545", "nickname": "清风（二小姐）", "follower_count": 342548}}, {"aweme": {"aweme_id": "6852189468682652941", "aweme_title": "#榨汁杯  #百万赞演技大赏 老板怎么都不给我发挥的机会！自己就把价格绛下去了~", "aweme_url": "https://www.iesdouyin.com/share/video/6852189468682652941/?region=CN&mid=6852189565772417806&u_code=ml4f6m3mk1f&titleType=title", "download_url": "https://www.chanmama.com/awemeDetail/6852189468682652941", "digg_count": 5345, "digg_incr": 5328, "aweme_create_time": 1595399710, "category": 13, "volume": 460, "amount": 9154}, "author": {"author_id": "68629540339", "nickname": "爱逛电子商务", "follower_count": 213218}}, {"aweme": {"aweme_id": "6852115708621409536", "aweme_title": "全职宝妈忙碌的早上，一家四口，一儿一女，他主外，我主内，夫妻同心齐力断金，一切都在变好，珍惜能跟你柴米油盐的她", "aweme_url": "https://www.iesdouyin.com/share/video/6852115708621409536/?region=CN&mid=6852115718608030472&u_code=0&titleType=title", "download_url": "https://www.chanmama.com/awemeDetail/6852115708621409536", "digg_count": 6303, "digg_incr": 5233, "aweme_create_time": 1595410200, "category": 13, "volume": 2, "amount": 738}, "author": {"author_id": "58619781823", "nickname": "蛋糕麻麻", "follower_count": 887445}}, {"aweme": {"aweme_id": "6852253472864177408", "aweme_title": "适合孩子吃的无油小零食，赶紧收藏！#破壁新饮力 #趣味大比拼 @DOU+小助手", "aweme_url": "https://www.iesdouyin.com/share/video/6852253472864177408/?region=CN&mid=6852253492440550151&u_code=45a6gmj0h2h&titleType=title", "download_url": "https://www.chanmama.com/awemeDetail/6852253472864177408", "digg_count": 6205, "digg_incr": 4950, "aweme_create_time": 1595414589, "category": 13, "volume": 0, "amount": 0}, "author": {"author_id": "94093790709", "nickname": "Hi💛饭", "follower_count": 943185}}, {"aweme": {"aweme_id": "6852166524975729920", "aweme_title": "#减脂 胖并不丢人，怕的是还没有开始就放弃，今天的麦乐鸡超级嫩好吃！#减脂餐 #抖音小助手", "aweme_url": "https://www.iesdouyin.com/share/video/6852166524975729920/?region=CN&mid=6852166524980022029&u_code=0&titleType=title", "download_url": "https://www.chanmama.com/awemeDetail/6852166524975729920", "digg_count": 5183, "digg_incr": 3808, "aweme_create_time": 1595394345, "category": 13, "volume": 2, "amount": 99.8}, "author": {"author_id": "110093741799", "nickname": "大梨呐（记录减脂饮食）", "follower_count": 705002}}, {"aweme": {"aweme_id": "6852075574018510094", "aweme_title": "妈妈千万不要给孩子喝这三种果汁🍹", "aweme_url": "https://www.iesdouyin.com/share/video/6852075574018510094/?region=CN&mid=6852075549020523277&u_code=45a6gmj0h2h&titleType=title", "download_url": "https://www.chanmama.com/awemeDetail/6852075574018510094", "digg_count": 3707, "digg_incr": 3714, "aweme_create_time": 1595373175, "category": 13, "volume": 21, "amount": 1659}, "author": {"author_id": "927635515120279", "nickname": "果蔬生活", "follower_count": 40456}}, {"aweme": {"aweme_id": "6852239202797489421", "aweme_title": "三款好喝的豆浆，从此告别#失眠 #健忘 ，#豆浆 #抖音小助手", "aweme_url": "https://www.iesdouyin.com/share/video/6852239202797489421/?region=CN&mid=6852239230756801294&u_code=0&titleType=title", "download_url": "https://www.chanmama.com/awemeDetail/6852239202797489421", "digg_count": 4127, "digg_incr": 3620, "aweme_create_time": 1595411268, "category": 13, "volume": 0, "amount": 0}, "author": {"author_id": "69469167910", "nickname": "张阳·五谷搭配", "follower_count": 127767}}, {"aweme": {"aweme_id": "6852237100230675712", "aweme_title": "#哈雷的流水账日记  哈雷跟好朋友握手可比跟麻麻握手的态度认真多了😤😤😤", "aweme_url": "https://www.iesdouyin.com/share/video/6852237100230675712/?region=CN&mid=6852237125434346254&u_code=0&titleType=title", "download_url": "https://www.chanmama.com/awemeDetail/6852237100230675712", "digg_count": 4230, "digg_incr": 3554, "aweme_create_time": 1595410777, "category": 13, "volume": 2, "amount": 176}, "author": {"author_id": "78067142653", "nickname": "我的恶霸叫哈雷", "follower_count": 100602}}, {"aweme": {"aweme_id": "6852233433624628495", "aweme_title": "这一届学员难带到想转让😭", "aweme_url": "https://www.iesdouyin.com/share/video/6852233433624628495/?region=CN&mid=6852233480106298125&u_code=0&titleType=title", "download_url": "https://www.chanmama.com/awemeDetail/6852233433624628495", "digg_count": 28794, "digg_incr": 3477, "aweme_create_time": 1595409923, "category": 13, "volume": 0, "amount": 0}, "author": {"author_id": "975963310007415", "nickname": "敏儿教练", "follower_count": 102617}}, {"aweme": {"aweme_id": "6852252464729705742", "aweme_title": "这个方法我只告诉你，不要和其他人说￼，你一定懂我的#趣胃大比拼 #美食趣胃计划", "aweme_url": "https://www.iesdouyin.com/share/video/6852252464729705742/?region=CN&mid=6852252500800621326&u_code=0&titleType=title", "download_url": "https://www.chanmama.com/awemeDetail/6852252464729705742", "digg_count": 5252, "digg_incr": 3166, "aweme_create_time": 1595414355, "category": 13, "volume": 1, "amount": 329}, "author": {"author_id": "60712860312", "nickname": "爸爸的冰箱", "follower_count": 928529}}, {"aweme": {"aweme_id": "6852253347995553024", "aweme_title": "不管如何阻挠，华为早已做好准备，兵来将挡水来土掩，见招拆招，最后华为都将一击制胜", "aweme_url": "https://www.iesdouyin.com/share/video/6852253347995553024/?region=CN&mid=6557267873117506317&u_code=45a6gmj0h2h&titleType=title", "download_url": "https://www.chanmama.com/awemeDetail/6852253347995553024", "digg_count": 3491, "digg_incr": 2905, "aweme_create_time": 1595414560, "category": 13, "volume": 5, "amount": 94}, "author": {"author_id": "100158121882", "nickname": "中华有为", "follower_count": 24626}}, {"aweme": {"aweme_id": "6852044877497257231", "aweme_title": "儿童款晴雨两用伞#我要上热门 #好物推荐 @企业号小助手 @抖音小助手", "aweme_url": "https://www.iesdouyin.com/share/video/6852044877497257231/?region=CN&mid=6852044798824614664&u_code=45a6gmj0h2h&titleType=title", "download_url": "https://www.chanmama.com/awemeDetail/6852044877497257231", "digg_count": 2866, "digg_incr": 2885, "aweme_create_time": 1595366047, "category": 13, "volume": 636, "amount": 14564.4}, "author": {"author_id": "59070632675", "nickname": "晶淘好物", "follower_count": 36297}}, {"aweme": {"aweme_id": "6852239228382874884", "aweme_title": "………………………………🌞🌞🌞", "aweme_url": "https://www.iesdouyin.com/share/video/6852239228382874884/?region=CN&mid=6627383550222011140&u_code=0&titleType=title", "download_url": "https://www.chanmama.com/awemeDetail/6852239228382874884", "digg_count": 4201, "digg_incr": 2608, "aweme_create_time": 1595411280, "category": 13, "volume": 0, "amount": 0}, "author": {"author_id": "103885396997", "nickname": "贵州  冯三妹", "follower_count": 118096}}, {"aweme": {"aweme_id": "6852132074313338112", "aweme_title": "贵阳二小姐，来了@抖音小助手", "aweme_url": "https://www.iesdouyin.com/share/video/6852132074313338112/?region=CN&mid=6852132078130121485&u_code=45a6gmj0h2h&titleType=title", "download_url": "https://www.chanmama.com/awemeDetail/6852132074313338112", "digg_count": 3346, "digg_incr": 2487, "aweme_create_time": 1595386324, "category": 13, "volume": 0, "amount": 0}, "author": {"author_id": "1297064683376120", "nickname": "贵阳二小姐", "follower_count": 327924}}, {"aweme": {"aweme_id": "6852247195291372811", "aweme_title": "男朋友最近简简单单的幸福、就是吃一碗我做的肉酱面#洗碗机", "aweme_url": "https://www.iesdouyin.com/share/video/6852247195291372811/?region=CN&mid=6852247262840818440&u_code=45a6gmj0h2h&titleType=title", "download_url": "https://www.chanmama.com/awemeDetail/6852247195291372811", "digg_count": 5336, "digg_incr": 2482, "aweme_create_time": 1595413135, "category": 13, "volume": 0, "amount": 0}, "author": {"author_id": "86781809455", "nickname": "面包片少女", "follower_count": 720889}}, {"aweme": {"aweme_id": "6852240332021714179", "aweme_title": "据说 它是懒人的福音，看到最后就知道它到底有多强#吸拖一体机 #懒人拖地", "aweme_url": "https://www.iesdouyin.com/share/video/6852240332021714179/?region=CN&mid=6852240501580598030&u_code=74iie3d505e&titleType=title", "download_url": "https://www.chanmama.com/awemeDetail/6852240332021714179", "digg_count": 2349, "digg_incr": 2301, "aweme_create_time": 1595411563, "category": 13, "volume": 0, "amount": 0}, "author": {"author_id": "107738331744", "nickname": "大姨丈评测", "follower_count": 429230}}, {"aweme": {"aweme_id": "6852209626495077645", "aweme_title": "榴莲 那么好吃的东西，为什么不喜欢吃呢 #美食 #美食趣味计划  #九阳萌厨天团", "aweme_url": "https://www.iesdouyin.com/share/video/6852209626495077645/?region=CN&mid=6852209818653051656&u_code=45a6gmj0h2h&titleType=title", "download_url": "https://www.chanmama.com/awemeDetail/6852209626495077645", "digg_count": 2836, "digg_incr": 2260, "aweme_create_time": 1595411720, "category": 13, "volume": 0, "amount": 0}, "author": {"author_id": "2563653280746087", "nickname": "优米的粗食", "follower_count": 434038}}, {"aweme": {"aweme_id": "6852244109143346432", "aweme_title": "#vlog我的日常 生活可爱，万物可爱，闺蜜也可爱❤️", "aweme_url": "https://www.iesdouyin.com/share/video/6852244109143346432/?region=CN&mid=6852244129745832718&u_code=0&titleType=title", "download_url": "https://www.chanmama.com/awemeDetail/6852244109143346432", "digg_count": 2919, "digg_incr": 1849, "aweme_create_time": 1595412409, "category": 13, "volume": 1, "amount": 79}, "author": {"author_id": "3663223086123175", "nickname": "小阿七。", "follower_count": 83912}}, {"aweme": {"aweme_id": "6852211253264305422", "aweme_title": "搬家之后，我家竟然发生了灵异事件 #狗  #搞笑  #灵异事件  #eufy", "aweme_url": "https://www.iesdouyin.com/share/video/6852211253264305422/?region=CN&mid=6852211366489623310&u_code=0&titleType=title", "download_url": "https://www.chanmama.com/awemeDetail/6852211253264305422", "digg_count": 2419, "digg_incr": 1643, "aweme_create_time": 1595415540, "category": 13, "volume": 0, "amount": 0}, "author": {"author_id": "60310586997", "nickname": "大胃一家", "follower_count": 456816}}, {"aweme": {"aweme_id": "6852271805042887948", "aweme_title": "进击的键盘侠之蓝牙音箱#进击的键盘侠 #蓝牙音箱@DOU+小助手", "aweme_url": "https://www.iesdouyin.com/share/video/6852271805042887948/?region=CN&mid=6852271854636993287&u_code=0&titleType=title", "download_url": "https://www.chanmama.com/awemeDetail/6852271805042887948", "digg_count": 2458, "digg_incr": 1563, "aweme_create_time": 1595418863, "category": 13, "volume": 0, "amount": 0}, "author": {"author_id": "60091353803", "nickname": "壹境界研究所", "follower_count": 832160}}, {"aweme": {"aweme_id": "6852241134807239944", "aweme_title": "养猫的宝宝们，告诉我，你们睡觉之前是不是也需要走一套流程#布偶猫 #猫", "aweme_url": "https://www.iesdouyin.com/share/video/6852241134807239944/?region=CN&mid=6843607089181362177&u_code=45a6gmj0h2h&titleType=title", "download_url": "https://www.chanmama.com/awemeDetail/6852241134807239944", "digg_count": 2578, "digg_incr": 1545, "aweme_create_time": 1595411717, "category": 13, "volume": 6, "amount": 414}, "author": {"author_id": "73010310965", "nickname": "有只猫叫大乔", "follower_count": 54756}}, {"aweme": {"aweme_id": "6852163013496081679", "aweme_title": "闺女午饭：胡萝卜土豆炖排骨，青豆炒玉米，南瓜胚芽米饭，感觉买排骨称重时被调包了，五十多一斤的怎么也不是这质量啊", "aweme_url": "https://www.iesdouyin.com/share/video/6852163013496081679/?region=CN&mid=6852163204831906573&u_code=2a110340kf64&titleType=title", "download_url": "https://www.chanmama.com/awemeDetail/6852163013496081679", "digg_count": 3619, "digg_incr": 1528, "aweme_create_time": 1595393527, "category": 13, "volume": 2, "amount": 338}, "author": {"author_id": "78936336847", "nickname": "雨馨妈妈", "follower_count": 283579}}, {"aweme": {"aweme_id": "6852142393991449871", "aweme_title": "那些不抽烟不喝酒的人 都是怎么发泄的呢#vlog日常 #独居日记", "aweme_url": "https://www.iesdouyin.com/share/video/6852142393991449871/?region=CN&mid=6852142411838540557&u_code=0&titleType=title", "download_url": "https://www.chanmama.com/awemeDetail/6852142393991449871", "digg_count": 1947, "digg_incr": 1528, "aweme_create_time": 1595388726, "category": 13, "volume": 0, "amount": 0}, "author": {"author_id": "107751674941", "nickname": "梁饿了", "follower_count": 112927}}, {"aweme": {"aweme_id": "6852240441895570688", "aweme_title": "不要再吃奥尔良烤翅了，试试这款蒜香味烤翅吧！#蒜香鸡翅 #蒸烤一体机", "aweme_url": "https://www.iesdouyin.com/share/video/6852240441895570688/?region=CN&mid=6852240462334855950&u_code=0&titleType=title", "download_url": "https://www.chanmama.com/awemeDetail/6852240441895570688", "digg_count": 1694, "digg_incr": 1526, "aweme_create_time": 1595411555, "category": 13, "volume": 3, "amount": 7497}, "author": {"author_id": "97839466663", "nickname": "小兔教做菜", "follower_count": 764401}}, {"aweme": {"aweme_id": "6852175645422734604", "aweme_title": "自动擦窗机器人，真的解决了高层擦玻璃的难题，代替人工作业更安全，擦的也很干净#科沃斯擦窗机器人#科技改变生活", "aweme_url": "https://www.iesdouyin.com/share/video/6852175645422734604/?region=CN&mid=6779041629702457346&u_code=0&titleType=title", "download_url": "https://www.chanmama.com/awemeDetail/6852175645422734604", "digg_count": 5467, "digg_incr": 1485, "aweme_create_time": 1595402634, "category": 13, "volume": 0, "amount": 0}, "author": {"author_id": "98437549591", "nickname": "可乐kele🌵", "follower_count": 256342}}, {"aweme": {"aweme_id": "6852228592131214607", "aweme_title": "秒杀烤肉店的韩式南瓜粥~做法超简单！#破壁机 #破壁新饮力 #美食分享", "aweme_url": "https://www.iesdouyin.com/share/video/6852228592131214607/?region=CN&mid=6852228605330656014&u_code=0&titleType=title", "download_url": "https://www.chanmama.com/awemeDetail/6852228592131214607", "digg_count": 3099, "digg_incr": 1393, "aweme_create_time": 1595408796, "category": 13, "volume": 0, "amount": 0}, "author": {"author_id": "25976808407805", "nickname": "曾小景的美食日记", "follower_count": 607486}}, {"aweme": {"aweme_id": "6852189748887424270", "aweme_title": "被你安稳的爱着，应该有做任何事的勇气！#美食趣胃计划 #三明治做法 #没安全感", "aweme_url": "https://www.iesdouyin.com/share/video/6852189748887424270/?region=CN&mid=6852189868409162504&u_code=166g85mm61cb&titleType=title", "download_url": "https://www.chanmama.com/awemeDetail/6852189748887424270", "digg_count": 3675, "digg_incr": 1325, "aweme_create_time": 1595408656, "category": 13, "volume": 0, "amount": 0}, "author": {"author_id": "104602848035", "nickname": "灵犀厨房", "follower_count": 817949}}, {"aweme": {"aweme_id": "6852296481974603022", "aweme_title": "关爱健忘症 从你我做起 多一些陪伴吧！#搞笑视频 #段子 #上热门 @抖音小助手@DOU+小助手", "aweme_url": "https://www.iesdouyin.com/share/video/6852296481974603022/?region=CN&mid=6852296530318068493&u_code=11e65mfc1kk9&titleType=title", "download_url": "https://www.chanmama.com/awemeDetail/6852296481974603022", "digg_count": 1359, "digg_incr": 1304, "aweme_create_time": 1595424603, "category": 13, "volume": 0, "amount": 0}, "author": {"author_id": "60526357838", "nickname": "晓杨哥🔥", "follower_count": 20921}}, {"aweme": {"aweme_id": "6852133137481256199", "aweme_title": "如果你把我的作品都看了一遍，还是不喜欢我，那你告诉我不喜欢哪里？我愿意为你而改！😂😂#情火", "aweme_url": "https://www.iesdouyin.com/share/video/6852133137481256199/?region=CN&mid=6852133152782207752&u_code=0&titleType=title", "download_url": "https://www.chanmama.com/awemeDetail/6852133137481256199", "digg_count": 1504, "digg_incr": 1218, "aweme_create_time": 1595386573, "category": 13, "volume": 0, "amount": 0}, "author": {"author_id": "571384178946239", "nickname": "家庭KTV厂家～四妹儿", "follower_count": 71937}}, {"aweme": {"aweme_id": "6852242632542850304", "aweme_title": "如果真的这么难的话，就不要勉强了～#趣胃大比拼 #美食趣胃计划 #破壁新饮力 @DOU+小助手", "aweme_url": "https://www.iesdouyin.com/share/video/6852242632542850304/?region=CN&mid=6852242632703249166&u_code=0&titleType=title", "download_url": "https://www.chanmama.com/awemeDetail/6852242632542850304", "digg_count": 5353, "digg_incr": 1188, "aweme_create_time": 1595412065, "category": 13, "volume": 0, "amount": 0}, "author": {"author_id": "108311557947", "nickname": "一人厨_小斯", "follower_count": 522253}}, {"aweme": {"aweme_id": "6852228942313573639", "aweme_title": "饭店里的玉米汁动了什么手脚才那么好喝？今天带你揭秘~ #玉米汁  #破壁新饮力", "aweme_url": "https://www.iesdouyin.com/share/video/6852228942313573639/?region=CN&mid=6852229032075971335&u_code=0&titleType=title", "download_url": "https://www.chanmama.com/awemeDetail/6852228942313573639", "digg_count": 6339, "digg_incr": 1184, "aweme_create_time": 1595408895, "category": 13, "volume": 1, "amount": 289}, "author": {"author_id": "60396608739", "nickname": "米粒厨房", "follower_count": 761653}}, {"aweme": {"aweme_id": "6852173380318137615", "aweme_title": "@梁红唱歌🎤发了一个抖音短视频，你尽管点开，不好看算我输！", "aweme_url": "https://www.iesdouyin.com/share/video/6852173380318137615/?region=CN&mid=6852173388895537928&u_code=0&titleType=", "download_url": "https://www.chanmama.com/awemeDetail/6852173380318137615", "digg_count": 1932, "digg_incr": 1131, "aweme_create_time": 1595395941, "category": 13, "volume": 0, "amount": 0}, "author": {"author_id": "21620223914964", "nickname": "梁红唱歌🎤", "follower_count": 243127}}, {"aweme": {"aweme_id": "6852180880115485966", "aweme_title": "我不是对每个人都这么好，我的好只留给我的粉丝们，你们也要好好珍惜我哈！😂😂😂😂#伤感情歌", "aweme_url": "https://www.iesdouyin.com/share/video/6852180880115485966/?region=CN&mid=6852180880258059022&u_code=0&titleType=title", "download_url": "https://www.chanmama.com/awemeDetail/6852180880115485966", "digg_count": 1475, "digg_incr": 1074, "aweme_create_time": 1595397689, "category": 13, "volume": 0, "amount": 0}, "author": {"author_id": "571384178946239", "nickname": "家庭KTV厂家～四妹儿", "follower_count": 71937}}, {"aweme": {"aweme_id": "6852229211101367565", "aweme_title": "一个人的晚餐就这么简单 #美食趣胃计划  #一人食  #好物推荐", "aweme_url": "https://www.iesdouyin.com/share/video/6852229211101367565/?region=CN&mid=6852229297286204173&u_code=0&titleType=title", "download_url": "https://www.chanmama.com/awemeDetail/6852229211101367565", "digg_count": 1665, "digg_incr": 1039, "aweme_create_time": 1595408957, "category": 13, "volume": 0, "amount": 0}, "author": {"author_id": "59096091170", "nickname": "王小厨", "follower_count": 243576}}, {"aweme": {"aweme_id": "6852240847115767048", "aweme_title": "人总是经历过一些事情后就偷偷换了一种性格#治愈 @DOU+小助手", "aweme_url": "https://www.iesdouyin.com/share/video/6852240847115767048/?region=CN&mid=6852240865046448909&u_code=3ghh3kbgkj6b&titleType=title", "download_url": "https://www.chanmama.com/awemeDetail/6852240847115767048", "digg_count": 2730, "digg_incr": 1034, "aweme_create_time": 1595411650, "category": 13, "volume": 9, "amount": 1521}, "author": {"author_id": "71662565081", "nickname": "三食而立", "follower_count": 53620}}, {"aweme": {"aweme_id": "6852064542831299848", "aweme_title": "跑步久了你就会发现朋友越来越少，圈子越来越净，留给自己的时间越来越多！#跑步 #自律 #四季运动俱乐部", "aweme_url": "https://www.iesdouyin.com/share/video/6852064542831299848/?region=CN&mid=6851492809766439693&u_code=4dgib6jc31hc&titleType=title", "download_url": "https://www.chanmama.com/awemeDetail/6852064542831299848", "digg_count": 1072, "digg_incr": 1007, "aweme_create_time": 1595370612, "category": 13, "volume": 2, "amount": 336}, "author": {"author_id": "98796883086", "nickname": "军哥【汗水英雄联盟】", "follower_count": 51756}}, {"aweme": {"aweme_id": "6851995655200591104", "aweme_title": "#苏诗丁 #千年之恋", "aweme_url": "https://www.iesdouyin.com/share/video/6851995655200591104/?region=CN&mid=6851995636796017416&u_code=3kdem96968fl&titleType=title", "download_url": "https://www.chanmama.com/awemeDetail/6851995655200591104", "digg_count": 1188, "digg_incr": 1003, "aweme_create_time": 1595354578, "category": 13, "volume": 0, "amount": 0}, "author": {"author_id": "59732184869", "nickname": "最强现场", "follower_count": 50055}}, {"aweme": {"aweme_id": "6852056514065124608", "aweme_title": "事业与家庭的兼顾，在现实的生活中把一个女人逼成了什么样子！#爱情是什么@抖音小助手", "aweme_url": "https://www.iesdouyin.com/share/video/6852056514065124608/?region=CN&mid=6852056408494459656&u_code=0&titleType=title", "download_url": "https://www.chanmama.com/awemeDetail/6852056514065124608", "digg_count": 1410, "digg_incr": 972, "aweme_create_time": 1595368742, "category": 13, "volume": 0, "amount": 0}, "author": {"author_id": "65946214545", "nickname": "💝小晴天💝❤️分享好声音❤️", "follower_count": 226939}}, {"aweme": {"aweme_id": "6852158019980004621", "aweme_title": "安排迎亲的婚车，有什么讲究吗？ #婚车  #备婚  #婚礼车队", "aweme_url": "https://www.iesdouyin.com/share/video/6852158019980004621/?region=CN&mid=6852158114721303304&u_code=0&titleType=title", "download_url": "https://www.chanmama.com/awemeDetail/6852158019980004621", "digg_count": 2382, "digg_incr": 959, "aweme_create_time": 1595392386, "category": 13, "volume": 0, "amount": 0}, "author": {"author_id": "1939179746634391", "nickname": "花园里·婚礼企划", "follower_count": 246222}}, {"aweme": {"aweme_id": "6852144442841828623", "aweme_title": "女人到了一定的年龄，一定要懂的把心情和脾气调成静音模式，然后不动声色的把自己过好！", "aweme_url": "https://www.iesdouyin.com/share/video/6852144442841828623/?region=CN&mid=6818753161365375757&u_code=2jifj950a93b&titleType=title", "download_url": "https://www.chanmama.com/awemeDetail/6852144442841828623", "digg_count": 1422, "digg_incr": 948, "aweme_create_time": 1595389203, "category": 13, "volume": 0, "amount": 0}, "author": {"author_id": "111107280823", "nickname": "河南★凤儿🌹", "follower_count": 51004}}, {"aweme": {"aweme_id": "6852232899480128776", "aweme_title": "松软的甜甜圈教程来啦，简单一学就会，比买的还好吃！小朋友的最爱！", "aweme_url": "https://www.iesdouyin.com/share/video/6852232899480128776/?region=CN&mid=6852233008540699399&u_code=0&titleType=title", "download_url": "https://www.chanmama.com/awemeDetail/6852232899480128776", "digg_count": 1263, "digg_incr": 942, "aweme_create_time": 1595409819, "category": 13, "volume": 0, "amount": 0}, "author": {"author_id": "4107377023400875", "nickname": "巴黎可可（燕子家庭烘焙）", "follower_count": 295926}}, {"aweme": {"aweme_id": "6852143332047605006", "aweme_title": "我妈做完饭就没事干了 剩下的都我们干", "aweme_url": "https://www.iesdouyin.com/share/video/6852143332047605006/?region=CN&mid=6852143344219458312&u_code=2d09bm826f2l&titleType=title", "download_url": "https://www.chanmama.com/awemeDetail/6852143332047605006", "digg_count": 1692, "digg_incr": 939, "aweme_create_time": 1595388947, "category": 13, "volume": 0, "amount": 0}, "author": {"author_id": "104958503756", "nickname": "王赫", "follower_count": 695700}}, {"aweme": {"aweme_id": "6852234968559602948", "aweme_title": "薯片炸鸡柳，外脆里嫩，重点是非油炸，应该不会太胖吧。#破壁新饮力 #在家做个拿手菜", "aweme_url": "https://www.iesdouyin.com/share/video/6852234968559602948/?region=CN&mid=6590607854321797890&u_code=4b44e703l071&titleType=title", "download_url": "https://www.chanmama.com/awemeDetail/6852234968559602948", "digg_count": 5783, "digg_incr": 929, "aweme_create_time": 1595410288, "category": 13, "volume": 0, "amount": 0}, "author": {"author_id": "4481244038704583", "nickname": "肖肖（做饭日常）", "follower_count": 556081}}, {"aweme": {"aweme_id": "6852132393705360644", "aweme_title": "六个半月就给宝宝添加辅食了，紫薯营养丰富，预防便秘，多亏了全自动#辅食机 打的特别细腻，宝宝好吞咽好吸收", "aweme_url": "https://www.iesdouyin.com/share/video/6852132393705360644/?region=CN&mid=6772404846696859659&u_code=1hh9hm44hkdi&titleType=title", "download_url": "https://www.chanmama.com/awemeDetail/6852132393705360644", "digg_count": 1071, "digg_incr": 872, "aweme_create_time": 1595386406, "category": 13, "volume": 33, "amount": 1617}, "author": {"author_id": "694523006551243", "nickname": "十一麻麻", "follower_count": 183193}}, {"aweme": {"aweme_id": "6852152201071037711", "aweme_title": "爱是一种信仰把我带回你的身旁…#信仰 @抖音小助手", "aweme_url": "https://www.iesdouyin.com/share/video/6852152201071037711/?region=CN&mid=6852132956652587783&u_code=2hfje4g0ac6b&titleType=title", "download_url": "https://www.chanmama.com/awemeDetail/6852152201071037711", "digg_count": 1160, "digg_incr": 869, "aweme_create_time": 1595391010, "category": 13, "volume": 0, "amount": 0}, "author": {"author_id": "65358245937", "nickname": "小禾🌻（艾薇）", "follower_count": 56321}}, {"aweme": {"aweme_id": "6852141491557502221", "aweme_title": "这杯#海洋之心 和夏天好配！做一杯气泡水，多一份仪式感。#调酒 #气泡水机", "aweme_url": "https://www.iesdouyin.com/share/video/6852141491557502221/?region=CN&mid=6852141510754863879&u_code=0&titleType=title", "download_url": "https://www.chanmama.com/awemeDetail/6852141491557502221", "digg_count": 1606, "digg_incr": 798, "aweme_create_time": 1595410200, "category": 13, "volume": 0, "amount": 0}, "author": {"author_id": "725310972366935", "nickname": "饮滴乜嘢？", "follower_count": 272653}}, {"aweme": {"aweme_id": "6852212712701824256", "aweme_title": "吃饺子再也不用剁馅了，用它太方便了！", "aweme_url": "https://www.iesdouyin.com/share/video/6852212712701824256/?region=CN&mid=6852212763251608327&u_code=0&titleType=title", "download_url": "https://www.chanmama.com/awemeDetail/6852212712701824256", "digg_count": 11874, "digg_incr": 781, "aweme_create_time": 1595405099, "category": 13, "volume": 3, "amount": 237}, "author": {"author_id": "1015546860550747", "nickname": "庆九家居好物", "follower_count": 319628}}, {"aweme": {"aweme_id": "6852217289312374020", "aweme_title": "懒人营养早餐，简单美味易上手 #美食趣胃计划  #元气早餐  #美食  #早餐@DOU+小助手", "aweme_url": "https://www.iesdouyin.com/share/video/6852217289312374020/?region=CN&mid=6852217485639650061&u_code=0&titleType=title", "download_url": "https://www.chanmama.com/awemeDetail/6852217289312374020", "digg_count": 1071, "digg_incr": 760, "aweme_create_time": 1595406206, "category": 13, "volume": 7, "amount": 546}, "author": {"author_id": "1543359905937038", "nickname": "美食小当家", "follower_count": 749686}}, {"aweme": {"aweme_id": "6852149866315959556", "aweme_title": "这样早上洗漱方便多了！#水龙头 @DOU+小助手", "aweme_url": "https://www.iesdouyin.com/share/video/6852149866315959556/?region=CN&mid=6852149912915086094&u_code=11e65medbjaf&titleType=title", "download_url": "https://www.chanmama.com/awemeDetail/6852149866315959556", "digg_count": 1476, "digg_incr": 746, "aweme_create_time": 1595390474, "category": 13, "volume": 2, "amount": 640}, "author": {"author_id": "2528519921345112", "nickname": "天弘居家卫浴《生产厂商》", "follower_count": 26499}}, {"aweme": {"aweme_id": "6852203201207258379", "aweme_title": "愿岁月可回头#视频点歌音响 15寸大功率#k歌 点歌 家庭娱乐#广场舞 音响", "aweme_url": "https://www.iesdouyin.com/share/video/6852203201207258379/?region=CN&mid=6852203239015107341&u_code=0&titleType=title", "download_url": "https://www.chanmama.com/awemeDetail/6852203201207258379", "digg_count": 1208, "digg_incr": 689, "aweme_create_time": 1595402893, "category": 13, "volume": 0, "amount": 0}, "author": {"author_id": "51385052041", "nickname": "傅氏鑫隆商贸", "follower_count": 285293}}, {"aweme": {"aweme_id": "6852245950912548111", "aweme_title": "想吃#烤肉 了自己在家做，好吃的连土豆都吃光了☺️#空气炸锅烤肉 #美食趣胃计划 @DOU+小助手", "aweme_url": "https://www.iesdouyin.com/share/video/6852245950912548111/?region=CN&mid=6852245969158179592&u_code=0&titleType=title", "download_url": "https://www.chanmama.com/awemeDetail/6852245950912548111", "digg_count": 1072, "digg_incr": 572, "aweme_create_time": 1595412837, "category": 13, "volume": 0, "amount": 0}, "author": {"author_id": "81347152737", "nickname": "爱上做饭的小娘子", "follower_count": 726813}}, {"aweme": {"aweme_id": "6852241033808317704", "aweme_title": "低音炮蓝牙音箱#蓝牙音箱 #低音炮 @抖音小助手", "aweme_url": "https://www.iesdouyin.com/share/video/6852241033808317704/?region=CN&mid=6852241042528406279&u_code=3kdem96968fl&titleType=title", "download_url": "https://www.chanmama.com/awemeDetail/6852241033808317704", "digg_count": 1771, "digg_incr": 278, "aweme_create_time": 1595411694, "category": 13, "volume": 0, "amount": 0}, "author": {"author_id": "4353697969342416", "nickname": "一点妙处精选", "follower_count": 81946}}]}