{"data": [{"aweme": {"aweme_id": "6852264423172705536", "aweme_title": "不用油不用电", "aweme_url": "https://www.iesdouyin.com/share/video/6852264423172705536/?region=CN&mid=6852264798986439435&u_code=0&titleType=title", "download_url": "https://www.chanmama.com/awemeDetail/6852264423172705536", "digg_count": 115381, "digg_incr": 86346, "aweme_create_time": 1595417157, "category": 14, "volume": 0, "amount": 0}, "author": {"author_id": "4503675973536153", "nickname": "濮豫太阳能灯具", "follower_count": 109406}}, {"aweme": {"aweme_id": "6852208439230319884", "aweme_title": "#汽车电器 电瓶修复@胖妞电器售后", "aweme_url": "https://www.iesdouyin.com/share/video/6852208439230319884/?region=CN&mid=6852208494154681095&u_code=3c271f3a6hce&titleType=title", "download_url": "https://www.chanmama.com/awemeDetail/6852208439230319884", "digg_count": 80444, "digg_incr": 17311, "aweme_create_time": 1595404112, "category": 14, "volume": 0, "amount": 0}, "author": {"author_id": "108150011216", "nickname": "胖妞汽车电器", "follower_count": 218619}}, {"aweme": {"aweme_id": "6852245155785886984", "aweme_title": "#小户型卫生间 杂乱不堪？那是你没规划好，这些 #小技巧一定要懂！", "aweme_url": "https://www.iesdouyin.com/share/video/6852245155785886984/?region=CN&mid=6852245411718400782&u_code=107m7bg5i135&titleType=title", "download_url": "https://www.chanmama.com/awemeDetail/6852245155785886984", "digg_count": 9270, "digg_incr": 9219, "aweme_create_time": 1595412707, "category": 14, "volume": 0, "amount": 0}, "author": {"author_id": "109313870285", "nickname": "箭牌设计家", "follower_count": 174536}}, {"aweme": {"aweme_id": "6852020114741677312", "aweme_title": "“昨天发的这个教程又火了，今天再发一次，有这个彩虹灯的一定要看清楚怎么用”#视频最后有惊喜", "aweme_url": "https://www.iesdouyin.com/share/video/6852020114741677312/?region=CN&mid=6852020022626388744&u_code=0&titleType=title", "download_url": "https://www.chanmama.com/awemeDetail/6852020114741677312", "digg_count": 9916, "digg_incr": 7423, "aweme_create_time": 1595360294, "category": 14, "volume": 42, "amount": 2478}, "author": {"author_id": "103600832706", "nickname": "别想太多", "follower_count": 17141}}, {"aweme": {"aweme_id": "6852319352730045711", "aweme_title": "不用油不用电", "aweme_url": "https://www.iesdouyin.com/share/video/6852319352730045711/?region=CN&mid=6852319795170577159&u_code=0&titleType=title", "download_url": "https://www.chanmama.com/awemeDetail/6852319352730045711", "digg_count": 5339, "digg_incr": 5318, "aweme_create_time": 1595429985, "category": 14, "volume": 0, "amount": 0}, "author": {"author_id": "4503675973536153", "nickname": "濮豫太阳能灯具", "follower_count": 109406}}, {"aweme": {"aweme_id": "6852190528608488711", "aweme_title": "一脚蹬白鞋❤️@DOU+小助手", "aweme_url": "https://www.iesdouyin.com/share/video/6852190528608488711/?region=CN&mid=6834803820657216269&u_code=0&titleType=title", "download_url": "https://www.chanmama.com/awemeDetail/6852190528608488711", "digg_count": 27692, "digg_incr": 5175, "aweme_create_time": 1595399936, "category": 14, "volume": 16, "amount": 688.4}, "author": {"author_id": "73748234418", "nickname": "武进区步一样鞋店", "follower_count": 578342}}, {"aweme": {"aweme_id": "6852248420946595084", "aweme_title": "@抖音小助手 @DOU+小助手", "aweme_url": "https://www.iesdouyin.com/share/video/6852248420946595084/?region=CN&mid=6852248448633473805&u_code=lekh3bh654g&titleType=title", "download_url": "https://www.chanmama.com/awemeDetail/6852248420946595084", "digg_count": 7451, "digg_incr": 4824, "aweme_create_time": 1595413420, "category": 14, "volume": 0, "amount": 0}, "author": {"author_id": "72628222556", "nickname": "广州市花都区花东小潘绿箩种植厂", "follower_count": 382473}}, {"aweme": {"aweme_id": "6852170367570644227", "aweme_title": "最喜欢这个老板娘了，动不动就做活动，这样一整套床还包到家里安装好，只要这么一点点，划算#家具#床", "aweme_url": "https://www.iesdouyin.com/share/video/6852170367570644227/?region=CN&mid=6852170416715647751&u_code=9cb465g19c&titleType=title", "download_url": "https://www.chanmama.com/awemeDetail/6852170367570644227", "digg_count": 5397, "digg_incr": 4272, "aweme_create_time": 1595395247, "category": 14, "volume": 0, "amount": 0}, "author": {"author_id": "109006880159", "nickname": "赣州匠心御品家俱城", "follower_count": 269021}}, {"aweme": {"aweme_id": "6852204369996238087", "aweme_title": "#画 画师必备装备！你有吗? @抖音小助手", "aweme_url": "https://www.iesdouyin.com/share/video/6852204369996238087/?region=CN&mid=6852204421943315207&u_code=45a6gmj0h2h&titleType=title", "download_url": "https://www.chanmama.com/awemeDetail/6852204369996238087", "digg_count": 4717, "digg_incr": 3544, "aweme_create_time": 1595403166, "category": 14, "volume": 0, "amount": 0}, "author": {"author_id": "62039861945", "nickname": "一目", "follower_count": 189564}}, {"aweme": {"aweme_id": "6852303882551446799", "aweme_title": "盼了好久终于有个窝了，现代风格，建筑97平米，套内79平米！小套三，一家人足以", "aweme_url": "https://www.iesdouyin.com/share/video/6852303882551446799/?region=CN&mid=6823745381680023565&u_code=97f0ifb5fhm&titleType=title", "download_url": "https://www.chanmama.com/awemeDetail/6852303882551446799", "digg_count": 6536, "digg_incr": 2595, "aweme_create_time": 1595426325, "category": 14, "volume": 0, "amount": 0}, "author": {"author_id": "71898291249", "nickname": "婷妹子", "follower_count": 22152}}, {"aweme": {"aweme_id": "6852147132682571008", "aweme_title": "多功能小手钻，切割，雕刻，钻孔都可以#小工具大用途 #手工diy", "aweme_url": "https://www.iesdouyin.com/share/video/6852147132682571008/?region=CN&mid=6778298328586128136&u_code=45a6gmj0h2h&titleType=title", "download_url": "https://www.chanmama.com/awemeDetail/6852147132682571008", "digg_count": 2587, "digg_incr": 2473, "aweme_create_time": 1595389830, "category": 14, "volume": 0, "amount": 0}, "author": {"author_id": "50529514721", "nickname": "新郑市康达机械销售有限公司", "follower_count": 228740}}, {"aweme": {"aweme_id": "6851971247924923652", "aweme_title": "偷电违法！今年流行这种灯，0电费不拉线，一年不花一分电钱", "aweme_url": "https://www.iesdouyin.com/share/video/6851971247924923652/?region=CN&mid=6851971313632922375&u_code=3la45eicf17e&titleType=title", "download_url": "https://www.chanmama.com/awemeDetail/6851971247924923652", "digg_count": 2048, "digg_incr": 2048, "aweme_create_time": 1595348908, "category": 14, "volume": 2, "amount": 492}, "author": {"author_id": "6424222910", "nickname": "句瑞新媒体", "follower_count": 482529}}, {"aweme": {"aweme_id": "6852212948597755150", "aweme_title": "还以为你喜欢天真无知的妹妹呢 害我装了好久#eva#新世纪福音战士 #maria", "aweme_url": "https://www.iesdouyin.com/share/video/6852212948597755150/?region=CN&mid=6852213055988828935&u_code=45a6gmj0h2h&titleType=title", "download_url": "https://www.chanmama.com/awemeDetail/6852212948597755150", "digg_count": 2593, "digg_incr": 1950, "aweme_create_time": 1595405176, "category": 14, "volume": 0, "amount": 0}, "author": {"author_id": "63467494388", "nickname": "英格瑞玛工业五金板凳公司", "follower_count": 334167}}, {"aweme": {"aweme_id": "6852295759581203720", "aweme_title": "老板千万不要底薪+提成了，这样新人进不来，优秀人才也留不住#人才 #管理 @DOU+小助手 #我要上热门", "aweme_url": "https://www.iesdouyin.com/share/video/6852295759581203720/?region=CN&mid=6787694630579325707&u_code=27l4hkg6gl49&titleType=title", "download_url": "https://www.chanmama.com/awemeDetail/6852295759581203720", "digg_count": 1947, "digg_incr": 1924, "aweme_create_time": 1595424435, "category": 14, "volume": 1, "amount": 199}, "author": {"author_id": "105048560435", "nickname": "广州宏投国际管理咨询有限公司分公司", "follower_count": 82718}}, {"aweme": {"aweme_id": "6852241744206105871", "aweme_title": "#dou出你的健康范 #我的财智之选 #功能沙发 #青菜拼车拼拼拼 @抖音小助手", "aweme_url": "https://www.iesdouyin.com/share/video/6852241744206105871/?region=CN&mid=6852241760715098888&u_code=45a6gmj0h2h&titleType=title", "download_url": "https://www.chanmama.com/awemeDetail/6852241744206105871", "digg_count": 7147, "digg_incr": 1914, "aweme_create_time": 1595411858, "category": 14, "volume": 0, "amount": 0}, "author": {"author_id": "56207623582", "nickname": "麦吉纳", "follower_count": 823140}}, {"aweme": {"aweme_id": "6852189997492178188", "aweme_title": "粉丝们要的全实木北欧餐桌！它来了@好物推荐  @抖音小助手  @我要上热门 #家具 #餐桌椅 #717奇妙好物", "aweme_url": "https://www.iesdouyin.com/share/video/6852189997492178188/?region=CN&mid=6841125305806244616&u_code=45a6gmj0h2h&titleType=title", "download_url": "https://www.chanmama.com/awemeDetail/6852189997492178188", "digg_count": 3096, "digg_incr": 1899, "aweme_create_time": 1595399819, "category": 14, "volume": 0, "amount": 0}, "author": {"author_id": "2559294670645358", "nickname": "抖木家具", "follower_count": 157976}}, {"aweme": {"aweme_id": "6852199426400750856", "aweme_title": "夏天就是要玩水，宝宝的私人泳池安排上了！一键自动充气，简直不要太方便，用完收起来还不占地方#母婴好物", "aweme_url": "https://www.iesdouyin.com/share/video/6852199426400750856/?region=CN&mid=6852199437628885767&u_code=0&titleType=title", "download_url": "https://www.chanmama.com/awemeDetail/6852199426400750856", "digg_count": 8905, "digg_incr": 1791, "aweme_create_time": 1595402007, "category": 14, "volume": 3, "amount": 387}, "author": {"author_id": "3117864116037534", "nickname": "小胖老师🐷", "follower_count": 198786}}, {"aweme": {"aweme_id": "6852263123001478414", "aweme_title": "大白鞋❤️❤️", "aweme_url": "https://www.iesdouyin.com/share/video/6852263123001478414/?region=CN&mid=6752808432358820622&u_code=2jifj950a93b&titleType=title", "download_url": "https://www.chanmama.com/awemeDetail/6852263123001478414", "digg_count": 1759, "digg_incr": 1701, "aweme_create_time": 1595416837, "category": 14, "volume": 0, "amount": 0}, "author": {"author_id": "73748234418", "nickname": "武进区步一样鞋店", "follower_count": 578342}}, {"aweme": {"aweme_id": "6852164447952260352", "aweme_title": "客厅开间只有4米比较窄，所以做了这种电视墙，视觉上拉长会显得空间大一些，家具也都是选的这种简单小巧的#客厅", "aweme_url": "https://www.iesdouyin.com/share/video/6852164447952260352/?region=CN&mid=6838827911760464647&u_code=0&titleType=title", "download_url": "https://www.chanmama.com/awemeDetail/6852164447952260352", "digg_count": 4291, "digg_incr": 1620, "aweme_create_time": 1595393861, "category": 14, "volume": 0, "amount": 0}, "author": {"author_id": "1085973269320851", "nickname": "乔安娜Joanna", "follower_count": 75464}}, {"aweme": {"aweme_id": "6852138932491095303", "aweme_title": "经常有小伙伴问灰色乳胶漆会不会显的家里暗，这是白天不开灯的效果，供参考#太空漫步", "aweme_url": "https://www.iesdouyin.com/share/video/6852138932491095303/?region=CN&mid=6687416007990053639&u_code=107m7bg5i135&titleType=title", "download_url": "https://www.chanmama.com/awemeDetail/6852138932491095303", "digg_count": 3270, "digg_incr": 1499, "aweme_create_time": 1595387922, "category": 14, "volume": 0, "amount": 0}, "author": {"author_id": "61144593246", "nickname": "安然", "follower_count": 15559}}, {"aweme": {"aweme_id": "6852219004078148877", "aweme_title": "窗帘厂家样品特价。#小奶奶窗帘 #窗帘培训 #窗帘厂家自产自销 学", "aweme_url": "https://www.iesdouyin.com/share/video/6852219004078148877/?region=CN&mid=6749731479594535692&u_code=1gb2j865e0l1&titleType=title", "download_url": "https://www.chanmama.com/awemeDetail/6852219004078148877", "digg_count": 1594, "digg_incr": 1439, "aweme_create_time": 1595406566, "category": 14, "volume": 0, "amount": 0}, "author": {"author_id": "101822364129", "nickname": "小奶奶布艺", "follower_count": 84337}}, {"aweme": {"aweme_id": "6852125587214044430", "aweme_title": "#717奇妙好物在这里 #真皮时尚女鞋@DOU+小助手", "aweme_url": "https://www.iesdouyin.com/share/video/6852125587214044430/?region=CN&mid=6852125587113577230&u_code=1h7f30l0i9ha&titleType=title", "download_url": "https://www.chanmama.com/awemeDetail/6852125587214044430", "digg_count": 1879, "digg_incr": 1423, "aweme_create_time": 1595384815, "category": 14, "volume": 34, "amount": 5099.66}, "author": {"author_id": "2418554064090511", "nickname": "俏伊人真皮女鞋", "follower_count": 191666}}, {"aweme": {"aweme_id": "6852149753963089152", "aweme_title": "#夫妻 #好物推荐 这个扶手还真的挺方便的哈！", "aweme_url": "https://www.iesdouyin.com/share/video/6852149753963089152/?region=CN&mid=6852149762672151310&u_code=392lcgmlb7i7&titleType=title", "download_url": "https://www.chanmama.com/awemeDetail/6852149753963089152", "digg_count": 1798, "digg_incr": 1350, "aweme_create_time": 1595390440, "category": 14, "volume": 0, "amount": 0}, "author": {"author_id": "3654374433764302", "nickname": "囤不完的好物", "follower_count": 70145}}, {"aweme": {"aweme_id": "6852247656505330957", "aweme_title": "@北京海贝思影视材料发了一个抖音短视频，你尽管点开，不好看算我输！", "aweme_url": "https://www.iesdouyin.com/share/video/6852247656505330957/?region=CN&mid=6852247684686908168&u_code=2jifj957kd77&titleType=", "download_url": "https://www.chanmama.com/awemeDetail/6852247656505330957", "digg_count": 1789, "digg_incr": 1222, "aweme_create_time": 1595413236, "category": 14, "volume": 5, "amount": 240}, "author": {"author_id": "94013967148", "nickname": "北京海贝思影视材料", "follower_count": 34736}}, {"aweme": {"aweme_id": "6852062895207976207", "aweme_title": "爱美自恋的妈妈们，穿上这一款连衣裙，洋气又显白，秀出你的身材，简直不想离开镜子#时尚妈妈装 #气质连衣裙", "aweme_url": "https://www.iesdouyin.com/share/video/6852062895207976207/?region=CN&mid=6778761513021736973&u_code=45a6h05962j&titleType=title", "download_url": "https://www.chanmama.com/awemeDetail/6852062895207976207", "digg_count": 3157, "digg_incr": 1204, "aweme_create_time": 1595370224, "category": 14, "volume": 0, "amount": 0}, "author": {"author_id": "63625568665", "nickname": "常熟市莫城街道王宝兰服装商行", "follower_count": 78226}}, {"aweme": {"aweme_id": "6852241354093907213", "aweme_title": "可以自己diy的小台灯，爱了爱了 @抖音小助手", "aweme_url": "https://www.iesdouyin.com/share/video/6852241354093907213/?region=CN&mid=6852241464190176014&u_code=0&titleType=title", "download_url": "https://www.chanmama.com/awemeDetail/6852241354093907213", "digg_count": 1469, "digg_incr": 1160, "aweme_create_time": 1595411787, "category": 14, "volume": 1, "amount": 27.8}, "author": {"author_id": "96242969878", "nickname": "小奇文具控", "follower_count": 919537}}, {"aweme": {"aweme_id": "6852264500989644047", "aweme_title": "还真有这么神奇的东东了！？这个悬浮月球灯也太好看了吧！！#高颜值 #种草", "aweme_url": "https://www.iesdouyin.com/share/video/6852264500989644047/?region=CN&mid=6852264506313526029&u_code=0&titleType=title", "download_url": "https://www.chanmama.com/awemeDetail/6852264500989644047", "digg_count": 1555, "digg_incr": 1149, "aweme_create_time": 1595417156, "category": 14, "volume": 0, "amount": 0}, "author": {"author_id": "2766002651411597", "nickname": "大方朱", "follower_count": 489665}}, {"aweme": {"aweme_id": "6851972838375673092", "aweme_title": "开孔切面 测量定位折尺", "aweme_url": "https://www.iesdouyin.com/share/video/6851972838375673092/?region=CN&mid=6842299226601310215&u_code=0&titleType=title", "download_url": "https://www.chanmama.com/awemeDetail/6851972838375673092", "digg_count": 1662, "digg_incr": 1109, "aweme_create_time": 1595349282, "category": 14, "volume": 0, "amount": 0}, "author": {"author_id": "3614782380845838", "nickname": "老铁工具", "follower_count": 486524}}, {"aweme": {"aweme_id": "6852086693898489088", "aweme_title": "#楚乔手工编织沾花惹草材料 @抖音小助手", "aweme_url": "https://www.iesdouyin.com/share/video/6852086693898489088/?region=CN&mid=6852086690664729358&u_code=0&titleType=title", "download_url": "https://www.chanmama.com/awemeDetail/6852086693898489088", "digg_count": 1179, "digg_incr": 1009, "aweme_create_time": 1595375760, "category": 14, "volume": 0, "amount": 0}, "author": {"author_id": "73552590458", "nickname": "细河区亚杰毛线时装", "follower_count": 283991}}, {"aweme": {"aweme_id": "6852162603590929675", "aweme_title": "#地漏", "aweme_url": "https://www.iesdouyin.com/share/video/6852162603590929675/?region=CN&mid=6852162631000787725&u_code=0&titleType=title", "download_url": "https://www.chanmama.com/awemeDetail/6852162603590929675", "digg_count": 1167, "digg_incr": 923, "aweme_create_time": 1595393440, "category": 14, "volume": 0, "amount": 0}, "author": {"author_id": "102591316529", "nickname": "六安匠工装饰", "follower_count": 423126}}, {"aweme": {"aweme_id": "6852240057324129536", "aweme_title": "你们都是怎么保护家里墙面的？#乳胶漆 #好物推荐 #防撞", "aweme_url": "https://www.iesdouyin.com/share/video/6852240057324129536/?region=CN&mid=6743092567639870222&u_code=45a6gmj0h2h&titleType=title", "download_url": "https://www.chanmama.com/awemeDetail/6852240057324129536", "digg_count": 2144, "digg_incr": 902, "aweme_create_time": 1595411466, "category": 14, "volume": 78, "amount": 1552.1999999999998}, "author": {"author_id": "60598989248", "nickname": "趁早", "follower_count": 25995}}, {"aweme": {"aweme_id": "6852242740999146752", "aweme_title": "拆箱中差点看不到各位了，这个穿衣镜媳妇还是很满意的。#穿衣镜 #vlog我的日常 #董jk种草", "aweme_url": "https://www.iesdouyin.com/share/video/6852242740999146752/?region=CN&mid=6830009340976876295&u_code=0&titleType=title", "download_url": "https://www.chanmama.com/awemeDetail/6852242740999146752", "digg_count": 1689, "digg_incr": 881, "aweme_create_time": 1595412090, "category": 14, "volume": 0, "amount": 0}, "author": {"author_id": "3293770897959726", "nickname": "董JK", "follower_count": 282352}}, {"aweme": {"aweme_id": "6852000495351958799", "aweme_title": "#肝火旺 #泻肝火 #养肝护肝 #锻炼小妙招 #健康", "aweme_url": "https://www.iesdouyin.com/share/video/6852000495351958799/?region=CN&mid=6852000438020098824&u_code=0&titleType=title", "download_url": "https://www.chanmama.com/awemeDetail/6852000495351958799", "digg_count": 1046, "digg_incr": 873, "aweme_create_time": 1595355711, "category": 14, "volume": 1, "amount": 48}, "author": {"author_id": "4265707702852848", "nickname": "合泰运动", "follower_count": 324929}}, {"aweme": {"aweme_id": "6852248243485691150", "aweme_title": "什么是精灵球？竟然还可以千变万化？#壁灯 #设计装修 #好物推荐", "aweme_url": "https://www.iesdouyin.com/share/video/6852248243485691150/?region=CN&mid=6852248262485854989&u_code=2kf531i7iek5&titleType=title", "download_url": "https://www.chanmama.com/awemeDetail/6852248243485691150", "digg_count": 1034, "digg_incr": 679, "aweme_create_time": 1595413373, "category": 14, "volume": 9, "amount": 2691}, "author": {"author_id": "109642370504", "nickname": "仙人掌先生", "follower_count": 36673}}, {"aweme": {"aweme_id": "6852242005054000397", "aweme_title": "@日新五金工具发了一个抖音短视频，你尽管点开，不好看算我输！", "aweme_url": "https://www.iesdouyin.com/share/video/6852242005054000397/?region=CN&mid=6852242029856574221&u_code=0&titleType=", "download_url": "https://www.chanmama.com/awemeDetail/6852242005054000397", "digg_count": 1697, "digg_incr": 594, "aweme_create_time": 1595411920, "category": 14, "volume": 7, "amount": 131.6}, "author": {"author_id": "92672803082", "nickname": "日新五金工具", "follower_count": 518818}}, {"aweme": {"aweme_id": "6852194365410987279", "aweme_title": "直径60高低可以调节铁艺电镀磨砂玻璃灯罩底圈厚板亚克力三色变光#灯具 @抖音小助手", "aweme_url": "https://www.iesdouyin.com/share/video/6852194365410987279/?region=CN&mid=6852194366691199758&u_code=1h7f30l0i9ha&titleType=title", "download_url": "https://www.chanmama.com/awemeDetail/6852194365410987279", "digg_count": 1089, "digg_incr": 561, "aweme_create_time": 1595400827, "category": 14, "volume": 0, "amount": 0}, "author": {"author_id": "64231584127", "nickname": "金丽阳咣", "follower_count": 81486}}, {"aweme": {"aweme_id": "6852166090135489799", "aweme_title": "贴梁太危险了", "aweme_url": "https://www.iesdouyin.com/share/video/6852166090135489799/?region=CN&mid=6852166082426424071&u_code=0&titleType=title", "download_url": "https://www.chanmama.com/awemeDetail/6852166090135489799", "digg_count": 1361, "digg_incr": 498, "aweme_create_time": 1595394245, "category": 14, "volume": 0, "amount": 0}, "author": {"author_id": "62870037127", "nickname": "铺砖这点儿事", "follower_count": 497079}}, {"aweme": {"aweme_id": "6852245971670256910", "aweme_title": "1.2米宽阳台这样做好看实用省空间#阳台柜 #储物柜 #洗衣柜", "aweme_url": "https://www.iesdouyin.com/share/video/6852245971670256910/?region=CN&mid=6817761270272362509&u_code=0&titleType=title", "download_url": "https://www.chanmama.com/awemeDetail/6852245971670256910", "digg_count": 1213, "digg_incr": 415, "aweme_create_time": 1595412844, "category": 14, "volume": 0, "amount": 0}, "author": {"author_id": "99421720332", "nickname": "天怡濠庭装饰", "follower_count": 986308}}, {"aweme": {"aweme_id": "6852320122619563264", "aweme_title": "八百里一下就够#吊顶神奇", "aweme_url": "https://www.iesdouyin.com/share/video/6852320122619563264/?region=CN&mid=6852320115875253000&u_code=45a6gmj0h2h&titleType=title", "download_url": "https://www.chanmama.com/awemeDetail/6852320122619563264", "digg_count": 3180, "digg_incr": 284, "aweme_create_time": 1595430108, "category": 14, "volume": 0, "amount": 0}, "author": {"author_id": "109171874096", "nickname": "君君五金工具", "follower_count": 52594}}, {"aweme": {"aweme_id": "6852220267717037320", "aweme_title": "直播间直播测试中 #顶面活线# ##室内装修改水电#  #水电改造#  #家装小课堂#  #水工#", "aweme_url": "https://www.iesdouyin.com/share/video/6852220267717037320/?region=CN&mid=6852220300084448007&u_code=0&titleType=title", "download_url": "https://www.chanmama.com/awemeDetail/6852220267717037320", "digg_count": 1046, "digg_incr": 248, "aweme_create_time": 1595406860, "category": 14, "volume": 0, "amount": 0}, "author": {"author_id": "4503667082205869", "nickname": "林子哥（家装给排水系统探索与实践者）", "follower_count": 125487}}, {"aweme": {"aweme_id": "6852118840067886336", "aweme_title": "@#太阳能小壁灯防雷防雨的 #抖音小助手 #太阳能灯", "aweme_url": "https://www.iesdouyin.com/share/video/6852118840067886336/?region=CN&mid=6852118833193388808&u_code=0&titleType=title", "download_url": "https://www.chanmama.com/awemeDetail/6852118840067886336", "digg_count": 1689, "digg_incr": 219, "aweme_create_time": 1595383243, "category": 14, "volume": 0, "amount": 0}, "author": {"author_id": "4503675973536153", "nickname": "濮豫太阳能灯具", "follower_count": 109406}}]}