{"data": [{"aweme": {"aweme_id": "6852224489929985295", "aweme_title": "中国未来最牛的城市，#涨知识", "aweme_url": "https://www.iesdouyin.com/share/video/6852224489929985295/?region=CN&mid=6852224507122420494&u_code=45a6gmj0h2h&titleType=title", "download_url": "https://www.chanmama.com/awemeDetail/6852224489929985295", "digg_count": 579776, "digg_incr": 143386, "aweme_create_time": 1595407841, "category": 15, "volume": 0, "amount": 0}, "author": {"author_id": "2862747020430237", "nickname": "地形图 何叔", "follower_count": 236872}}, {"aweme": {"aweme_id": "6852232796933623047", "aweme_title": "@君言发了一个抖音短视频，你尽管点开，不好看算我输！", "aweme_url": "https://www.iesdouyin.com/share/video/6852232796933623047/?region=CN&mid=6852232818882317069&u_code=1a2e3igh6db5&titleType=", "download_url": "https://www.chanmama.com/awemeDetail/6852232796933623047", "digg_count": 75280, "digg_incr": 75355, "aweme_create_time": 1595409776, "category": 15, "volume": 0, "amount": 0}, "author": {"author_id": "2154673765102824", "nickname": "君言", "follower_count": 43066}}, {"aweme": {"aweme_id": "6852168342493596935", "aweme_title": "健身健美比的到底是什么？#专业健身联盟 #增肌老炮带你练 @党叔聊减肥 @黑斯娜的健身日常", "aweme_url": "https://www.iesdouyin.com/share/video/6852168342493596935/?region=CN&mid=6852168368204663565&u_code=45a6gmj0h2h&titleType=title", "download_url": "https://www.chanmama.com/awemeDetail/6852168342493596935", "digg_count": 40357, "digg_incr": 40140, "aweme_create_time": 1595394769, "category": 15, "volume": 8, "amount": 792}, "author": {"author_id": "107870685058", "nickname": "凯莉健美训练营", "follower_count": 724722}}, {"aweme": {"aweme_id": "6851966434138967304", "aweme_title": "世间万物，始于心，终于心。 #心学 #智慧@DOU+小助手", "aweme_url": "https://www.iesdouyin.com/share/video/6851966434138967304/?region=CN&mid=6847051892229442311&u_code=0&titleType=title", "download_url": "https://www.chanmama.com/awemeDetail/6851966434138967304", "digg_count": 56540, "digg_incr": 38294, "aweme_create_time": 1595347765, "category": 15, "volume": 358, "amount": 21122}, "author": {"author_id": "1543364513898526", "nickname": "强者思维社", "follower_count": 377710}}, {"aweme": {"aweme_id": "6852285906389339399", "aweme_title": "称得上是相声界的另外半壁江山～#成功学 #大师 #搞笑大师", "aweme_url": "https://www.iesdouyin.com/share/video/6852285906389339399/?region=CN&mid=6852286024824195847&u_code=0&titleType=title", "download_url": "https://www.chanmama.com/awemeDetail/6852285906389339399", "digg_count": 52126, "digg_incr": 32889, "aweme_create_time": 1595422160, "category": 15, "volume": 2, "amount": 59.8}, "author": {"author_id": "1068355357262780", "nickname": "田野-帮中小企业做品牌", "follower_count": 324600}}, {"aweme": {"aweme_id": "6852239037189655816", "aweme_title": "山海经：生化危机（3）#山海经 这个故事比较长需要一共6集", "aweme_url": "https://www.iesdouyin.com/share/video/6852239037189655816/?region=CN&mid=6852239089614244616&u_code=3fba58dk2g05&titleType=title", "download_url": "https://www.chanmama.com/awemeDetail/6852239037189655816", "digg_count": 34022, "digg_incr": 32431, "aweme_create_time": 1595411229, "category": 15, "volume": 3, "amount": 96}, "author": {"author_id": "3988675792481181", "nickname": "文中野", "follower_count": 834309}}, {"aweme": {"aweme_id": "6852036032687328512", "aweme_title": "#灵魂莲华 阿狸、你为何不随我一起来？陌生人、我会带你前往安全的地方、T2传说级", "aweme_url": "https://www.iesdouyin.com/share/video/6852036032687328512/?region=CN&mid=6852035936256068366&u_code=45a6gmj0h2h&titleType=title", "download_url": "https://www.chanmama.com/awemeDetail/6852036032687328512", "digg_count": 20946, "digg_incr": 20402, "aweme_create_time": 1595363998, "category": 15, "volume": 15, "amount": 2625}, "author": {"author_id": "98093125399", "nickname": "英雄联盟PBE🎮", "follower_count": 478390}}, {"aweme": {"aweme_id": "6852154780337343751", "aweme_title": "#大宅门 有这么一个女人，白家不会倒", "aweme_url": "https://www.iesdouyin.com/share/video/6852154780337343751/?region=CN&mid=6852154984822590216&u_code=107m7bg5i135&titleType=title", "download_url": "https://www.chanmama.com/awemeDetail/6852154780337343751", "digg_count": 22018, "digg_incr": 19087, "aweme_create_time": 1595412000, "category": 15, "volume": 0, "amount": 0}, "author": {"author_id": "1569749394002958", "nickname": "人生智囊", "follower_count": 726378}}, {"aweme": {"aweme_id": "6852051107275885824", "aweme_title": "好习惯是从小培养的，让孩子优秀……#识人处事 #人生感悟 #教育孩子 @抖音小助手", "aweme_url": "https://www.iesdouyin.com/share/video/6852051107275885824/?region=CN&mid=6852050996940655368&u_code=2mi1877559i5&titleType=title", "download_url": "https://www.chanmama.com/awemeDetail/6852051107275885824", "digg_count": 17885, "digg_incr": 17495, "aweme_create_time": 1595367487, "category": 15, "volume": 1, "amount": 48}, "author": {"author_id": "93177156555", "nickname": "杰哥夫妻档", "follower_count": 758272}}, {"aweme": {"aweme_id": "6852249864508591360", "aweme_title": "好知识，就要勇于分享。#读书 #职场 #夜航船 #上热门 @抖音小助手@DOU+小助手", "aweme_url": "https://www.iesdouyin.com/share/video/6852249864508591360/?region=CN&mid=6852249925519346439&u_code=0&titleType=title", "download_url": "https://www.chanmama.com/awemeDetail/6852249864508591360", "digg_count": 18113, "digg_incr": 14804, "aweme_create_time": 1595413748, "category": 15, "volume": 336, "amount": 29568}, "author": {"author_id": "3368534913849086", "nickname": "追疯少年孔大爷", "follower_count": 979440}}, {"aweme": {"aweme_id": "6852077825130876160", "aweme_title": "女人要理智看待男人，真正聪明的男人什么样，才是我们要的#富婆 #抖音小助手 #情感 #女性智慧", "aweme_url": "https://www.iesdouyin.com/share/video/6852077825130876160/?region=CN&mid=6852077776548514568&u_code=45a6gmj0h2h&titleType=title", "download_url": "https://www.chanmama.com/awemeDetail/6852077825130876160", "digg_count": 26386, "digg_incr": 14346, "aweme_create_time": 1595373695, "category": 15, "volume": 2, "amount": 796}, "author": {"author_id": "71478799036", "nickname": "玄叶", "follower_count": 185670}}, {"aweme": {"aweme_id": "6852237958636915968", "aweme_title": "他层次比普通3D高不少！#nba #经典nba #科比 #湖人", "aweme_url": "https://www.iesdouyin.com/share/video/6852237958636915968/?region=CN&mid=6852238010474400525&u_code=2kf532ieeedf&titleType=title", "download_url": "https://www.chanmama.com/awemeDetail/6852237958636915968", "digg_count": 14787, "digg_incr": 13473, "aweme_create_time": 1595410976, "category": 15, "volume": 0, "amount": 0}, "author": {"author_id": "59041598377", "nickname": "徐静雨", "follower_count": 820118}}, {"aweme": {"aweme_id": "6852087655455296776", "aweme_title": "#晋武帝 #司马炎 #孙皓 穷兵黩武，屡次对晋朝发动小规模战争，徒耗国力，加速了孙吴的灭亡#三国 #历史", "aweme_url": "https://www.iesdouyin.com/share/video/6852087655455296776/?region=CN&mid=6852087668721912590&u_code=107m7bg5i135&titleType=title", "download_url": "https://www.chanmama.com/awemeDetail/6852087655455296776", "digg_count": 12131, "digg_incr": 12174, "aweme_create_time": 1595375986, "category": 15, "volume": 4, "amount": 348}, "author": {"author_id": "62273926162", "nickname": "育哥", "follower_count": 190243}}, {"aweme": {"aweme_id": "6852040022711962880", "aweme_title": "#灵魂莲华 千珏 有一个空心吊坠、它不见了、你能帮我找到吗？", "aweme_url": "https://www.iesdouyin.com/share/video/6852040022711962880/?region=CN&mid=6852039914238823182&u_code=45a6gmj0h2h&titleType=title", "download_url": "https://www.chanmama.com/awemeDetail/6852040022711962880", "digg_count": 11631, "digg_incr": 11168, "aweme_create_time": 1595364910, "category": 15, "volume": 3, "amount": 525}, "author": {"author_id": "98093125399", "nickname": "英雄联盟PBE🎮", "follower_count": 478390}}, {"aweme": {"aweme_id": "6852233424233614595", "aweme_title": "为什么不直接杀死暗裔而选择封印他们？", "aweme_url": "https://www.iesdouyin.com/share/video/6852233424233614595/?region=CN&mid=6852233483289463565&u_code=6i13hj966af&titleType=title", "download_url": "https://www.chanmama.com/awemeDetail/6852233424233614595", "digg_count": 15589, "digg_incr": 9859, "aweme_create_time": 1595409929, "category": 15, "volume": 0, "amount": 0}, "author": {"author_id": "83634441085", "nickname": "LOL二哈", "follower_count": 985025}}, {"aweme": {"aweme_id": "6852142571699850504", "aweme_title": "#局里新来的年轻人 摊上大事儿了#电视剧岁月 #沧浪之水", "aweme_url": "https://www.iesdouyin.com/share/video/6852142571699850504/?region=CN&mid=6852142724804512526&u_code=15099h1h1gdf&titleType=title", "download_url": "https://www.chanmama.com/awemeDetail/6852142571699850504", "digg_count": 8845, "digg_incr": 8684, "aweme_create_time": 1595388786, "category": 15, "volume": 2, "amount": 66}, "author": {"author_id": "2035938266981437", "nickname": "大力出奇迹佛系剪辑", "follower_count": 419907}}, {"aweme": {"aweme_id": "6852080007569771776", "aweme_title": "#我爱中园 我爱抖爸爸。", "aweme_url": "https://www.iesdouyin.com/share/video/6852080007569771776/?region=CN&mid=6852079951869463303&u_code=j730d40cij&titleType=title", "download_url": "https://www.chanmama.com/awemeDetail/6852080007569771776", "digg_count": 9013, "digg_incr": 8613, "aweme_create_time": 1595374203, "category": 15, "volume": 0, "amount": 0}, "author": {"author_id": "80394897305", "nickname": "明哥小号", "follower_count": 14027}}, {"aweme": {"aweme_id": "6851994094726696200", "aweme_title": "曾经的日不落，海洋帝国！现在只能沦为一个二流国家！（2）", "aweme_url": "https://www.iesdouyin.com/share/video/6851994094726696200/?region=CN&mid=6851994954949036808&u_code=3kdema603i2i&titleType=title", "download_url": "https://www.chanmama.com/awemeDetail/6851994094726696200", "digg_count": 19725, "digg_incr": 8268, "aweme_create_time": 1595412360, "category": 15, "volume": 1, "amount": 178}, "author": {"author_id": "79475831699", "nickname": "九天星辰", "follower_count": 248705}}, {"aweme": {"aweme_id": "6852173551349370119", "aweme_title": "当心美国的狼子野心，国人当自强！ #都来读书", "aweme_url": "https://www.iesdouyin.com/share/video/6852173551349370119/?region=CN&mid=6852173832309263112&u_code=0&titleType=title", "download_url": "https://www.chanmama.com/awemeDetail/6852173551349370119", "digg_count": 15019, "digg_incr": 8034, "aweme_create_time": 1595396007, "category": 15, "volume": 0, "amount": 0}, "author": {"author_id": "77347034070", "nickname": "全球档案馆", "follower_count": 0}}, {"aweme": {"aweme_id": "6852168846011305219", "aweme_title": "崖山海战1：一场战争，让广东第一次站在中国历史舞台中心，数万万汉人，朝南跪地而泣", "aweme_url": "https://www.iesdouyin.com/share/video/6852168846011305219/?region=CN&mid=6852169051544898317&u_code=0&titleType=title", "download_url": "https://www.chanmama.com/awemeDetail/6852168846011305219", "digg_count": 13714, "digg_incr": 7739, "aweme_create_time": 1595394930, "category": 15, "volume": 0, "amount": 0}, "author": {"author_id": "1402624949619219", "nickname": "夜听历史·善曦", "follower_count": 108874}}, {"aweme": {"aweme_id": "6851874605146098952", "aweme_title": "#局里新来的年轻人 男人不能哭哭唧唧的一定要霸气 #电视剧岁月 #沧浪之水", "aweme_url": "https://www.iesdouyin.com/share/video/6851874605146098952/?region=CN&mid=6851874752790186766&u_code=45a6h05962j&titleType=title", "download_url": "https://www.chanmama.com/awemeDetail/6851874605146098952", "digg_count": 7657, "digg_incr": 7470, "aweme_create_time": 1595368860, "category": 15, "volume": 2, "amount": 66}, "author": {"author_id": "2035938266981437", "nickname": "大力出奇迹佛系剪辑", "follower_count": 419907}}, {"aweme": {"aweme_id": "6852177262112951567", "aweme_title": "六个月开始就坚持每天给伊伊读绘本讲故事，培养她的阅读习惯和专注力，现在都能自己安静的看绘本了！", "aweme_url": "https://www.iesdouyin.com/share/video/6852177262112951567/?region=CN&mid=6704830148811852556&u_code=29e686k94ldf&titleType=title", "download_url": "https://www.chanmama.com/awemeDetail/6852177262112951567", "digg_count": 7088, "digg_incr": 6944, "aweme_create_time": 1595396845, "category": 15, "volume": 136, "amount": 7208}, "author": {"author_id": "782472733524158", "nickname": "伊宝贝爱你哦", "follower_count": 107535}}, {"aweme": {"aweme_id": "6852281773666176263", "aweme_title": "世间万物，始于心，终于心，越是困难的时候，越要坚守内心的光明。 #心  #智慧", "aweme_url": "https://www.iesdouyin.com/share/video/6852281773666176263/?region=CN&mid=6852281903480113933&u_code=0&titleType=title", "download_url": "https://www.chanmama.com/awemeDetail/6852281773666176263", "digg_count": 7643, "digg_incr": 6919, "aweme_create_time": 1595421200, "category": 15, "volume": 1, "amount": 59}, "author": {"author_id": "734097124892776", "nickname": "格益读书", "follower_count": 687456}}, {"aweme": {"aweme_id": "6852234374256053504", "aweme_title": "90%的人会读错的字！#学浪计划 #涨知识 #语文 #易错字  @DOU+小助手 #小学语文", "aweme_url": "https://www.iesdouyin.com/share/video/6852234374256053504/?region=CN&mid=6852234386222566151&u_code=258dkkj7ad10&titleType=title", "download_url": "https://www.chanmama.com/awemeDetail/6852234374256053504", "digg_count": 54322, "digg_incr": 6744, "aweme_create_time": 1595410142, "category": 15, "volume": 0, "amount": 0}, "author": {"author_id": "4300911357986640", "nickname": "耐飞语文", "follower_count": 298338}}, {"aweme": {"aweme_id": "6852074065071459587", "aweme_title": "你这么优秀，千万别输在不会说话上。#都来读书 #沟通 #高情商", "aweme_url": "https://www.iesdouyin.com/share/video/6852074065071459587/?region=CN&mid=6852074099983108871&u_code=2m86gb07je92&titleType=title", "download_url": "https://www.chanmama.com/awemeDetail/6852074065071459587", "digg_count": 19964, "digg_incr": 6382, "aweme_create_time": 1595372838, "category": 15, "volume": 0, "amount": 0}, "author": {"author_id": "110924163297", "nickname": "阅生活", "follower_count": 174283}}, {"aweme": {"aweme_id": "6852073330556538125", "aweme_title": "好运带给你#我要上大热门 #创意 #祝福", "aweme_url": "https://www.iesdouyin.com/share/video/6852073330556538125/?region=CN&mid=6804180618054863623&u_code=45a6gmj0h2h&titleType=title", "download_url": "https://www.chanmama.com/awemeDetail/6852073330556538125", "digg_count": 7114, "digg_incr": 6207, "aweme_create_time": 1595372653, "category": 15, "volume": 3, "amount": 29.700000000000003}, "author": {"author_id": "63331444436", "nickname": "诗诗【免费教特效】", "follower_count": 302741}}, {"aweme": {"aweme_id": "6852052382239558927", "aweme_title": "公司亏损千万不要注销#老板 #财税 #商业思维 #会计#创业 #涨 #知识 @抖音小助手", "aweme_url": "https://www.iesdouyin.com/share/video/6852052382239558927/?region=CN&mid=6821900229709662222&u_code=45a6gmj0h2h&titleType=title", "download_url": "https://www.chanmama.com/awemeDetail/6852052382239558927", "digg_count": 6481, "digg_incr": 6151, "aweme_create_time": 1595367784, "category": 15, "volume": 2, "amount": 84}, "author": {"author_id": "73858567345", "nickname": "东莞鸿策", "follower_count": 287379}}, {"aweme": {"aweme_id": "6852282750464986383", "aweme_title": "大数据的“可怕”之处！到底是谁在左右我们的生活？#商业@DOU+小助手", "aweme_url": "https://www.iesdouyin.com/share/video/6852282750464986383/?region=CN&mid=6852282774502525703&u_code=0&titleType=title", "download_url": "https://www.chanmama.com/awemeDetail/6852282750464986383", "digg_count": 8365, "digg_incr": 5960, "aweme_create_time": 1595421405, "category": 15, "volume": 1, "amount": 49.9}, "author": {"author_id": "241516788324029", "nickname": "楠叔夜读", "follower_count": 783855}}, {"aweme": {"aweme_id": "6852246823260753152", "aweme_title": "本以为是学渣，没想到学霸逆袭考上清华，#读书 #思维 #教育 #高考", "aweme_url": "https://www.iesdouyin.com/share/video/6852246823260753152/?region=CN&mid=6852246849383369486&u_code=0&titleType=title", "download_url": "https://www.chanmama.com/awemeDetail/6852246823260753152", "digg_count": 64455, "digg_incr": 5729, "aweme_create_time": 1595413040, "category": 15, "volume": 0, "amount": 0}, "author": {"author_id": "2647274013333038", "nickname": "逆袭思维", "follower_count": 125440}}, {"aweme": {"aweme_id": "6852045437285731599", "aweme_title": "#灵魂莲华 狸女士变身", "aweme_url": "https://www.iesdouyin.com/share/video/6852045437285731599/?region=CN&mid=6843607089181362177&u_code=45a6gmj0h2h&titleType=title", "download_url": "https://www.chanmama.com/awemeDetail/6852045437285731599", "digg_count": 6283, "digg_incr": 5683, "aweme_create_time": 1595366174, "category": 15, "volume": 1, "amount": 175}, "author": {"author_id": "98093125399", "nickname": "英雄联盟PBE🎮", "follower_count": 478390}}, {"aweme": {"aweme_id": "6852158256375270664", "aweme_title": "#老人言受益一生 #学浪计划 #成长充电站 #我的高考记忆", "aweme_url": "https://www.iesdouyin.com/share/video/6852158256375270664/?region=CN&mid=6852158258275257096&u_code=0&titleType=title", "download_url": "https://www.chanmama.com/awemeDetail/6852158256375270664", "digg_count": 6159, "digg_incr": 5673, "aweme_create_time": 1595392421, "category": 15, "volume": 42, "amount": 1512}, "author": {"author_id": "1275064086696976", "nickname": "阿甘阅读会", "follower_count": 649417}}, {"aweme": {"aweme_id": "6851770273344048397", "aweme_title": "上来就玩这招？给你你敢吃吗？ #象棋  #抖音小助手", "aweme_url": "https://www.iesdouyin.com/share/video/6851770273344048397/?region=CN&mid=6851770419767167752&u_code=45a6gmj0h2h&titleType=title", "download_url": "https://www.chanmama.com/awemeDetail/6851770273344048397", "digg_count": 5772, "digg_incr": 5539, "aweme_create_time": 1595386800, "category": 15, "volume": 0, "amount": 0}, "author": {"author_id": "105101172182", "nickname": "大禾象棋", "follower_count": 840515}}, {"aweme": {"aweme_id": "6852159499420192000", "aweme_title": "生命中所有的灿烂，终究都要用寂寞偿还#百年孤独 @抖音上热门 @抖音小助手 #心碎人解忧馆", "aweme_url": "https://www.iesdouyin.com/share/video/6852159499420192000/?region=CN&mid=6846693978336037640&u_code=3d8e041gakc7&titleType=title", "download_url": "https://www.chanmama.com/awemeDetail/6852159499420192000", "digg_count": 5078, "digg_incr": 5062, "aweme_create_time": 1595392709, "category": 15, "volume": 2, "amount": 98}, "author": {"author_id": "93901987642", "nickname": "远方", "follower_count": 241962}}, {"aweme": {"aweme_id": "6852028260088417536", "aweme_title": "#灵魂莲华 锐雯、有一场战斗，我必须赢", "aweme_url": "https://www.iesdouyin.com/share/video/6852028260088417536/?region=CN&mid=6852028169504066311&u_code=15099h1g341c&titleType=title", "download_url": "https://www.chanmama.com/awemeDetail/6852028260088417536", "digg_count": 5399, "digg_incr": 4806, "aweme_create_time": 1595362192, "category": 15, "volume": 1, "amount": 175}, "author": {"author_id": "98093125399", "nickname": "英雄联盟PBE🎮", "follower_count": 478390}}, {"aweme": {"aweme_id": "6852305689700764928", "aweme_title": "如何用一个故事讲明白经济学原理？#商业@DOU+小助手", "aweme_url": "https://www.iesdouyin.com/share/video/6852305689700764928/?region=CN&mid=6852305723226508045&u_code=0&titleType=title", "download_url": "https://www.chanmama.com/awemeDetail/6852305689700764928", "digg_count": 13440, "digg_incr": 4582, "aweme_create_time": 1595426746, "category": 15, "volume": 2, "amount": 96}, "author": {"author_id": "241516788324029", "nickname": "楠叔夜读", "follower_count": 783855}}, {"aweme": {"aweme_id": "6852090254657064192", "aweme_title": "人生很贵，余生很短，开心很重要#郭德纲 #郭德纲语录", "aweme_url": "https://www.iesdouyin.com/share/video/6852090254657064192/?region=CN&mid=6852090229751679758&u_code=j730d40cij&titleType=title", "download_url": "https://www.chanmama.com/awemeDetail/6852090254657064192", "digg_count": 6080, "digg_incr": 4484, "aweme_create_time": 1595376588, "category": 15, "volume": 9, "amount": 252}, "author": {"author_id": "63941747562", "nickname": "德云社", "follower_count": 900075}}, {"aweme": {"aweme_id": "6852156529433431304", "aweme_title": "@幸福忠告发了一个抖音短视频，你尽管点开，不好看算我输！", "aweme_url": "https://www.iesdouyin.com/share/video/6852156529433431304/?region=CN&mid=6852156544142904077&u_code=45a6gmj0h2h&titleType=", "download_url": "https://www.chanmama.com/awemeDetail/6852156529433431304", "digg_count": 4229, "digg_incr": 4128, "aweme_create_time": 1595392019, "category": 15, "volume": 5, "amount": 179}, "author": {"author_id": "2207452409891309", "nickname": "幸福忠告", "follower_count": 81473}}, {"aweme": {"aweme_id": "6852042963380423951", "aweme_title": "#灵魂莲华 卡西欧佩娅、来、让我看看你心中的欲望", "aweme_url": "https://www.iesdouyin.com/share/video/6852042963380423951/?region=CN&mid=6852042867230214925&u_code=jc1blmbfcf1&titleType=title", "download_url": "https://www.chanmama.com/awemeDetail/6852042963380423951", "digg_count": 4443, "digg_incr": 4065, "aweme_create_time": 1595365605, "category": 15, "volume": 1, "amount": 175}, "author": {"author_id": "98093125399", "nickname": "英雄联盟PBE🎮", "follower_count": 478390}}, {"aweme": {"aweme_id": "6852152268154801422", "aweme_title": "#认知 #人性 #智慧 怎样让男人为你付出？", "aweme_url": "https://www.iesdouyin.com/share/video/6852152268154801422/?region=CN&mid=6852152279022291726&u_code=3c271f3a744c&titleType=title", "download_url": "https://www.chanmama.com/awemeDetail/6852152268154801422", "digg_count": 4414, "digg_incr": 3714, "aweme_create_time": 1595391027, "category": 15, "volume": 5, "amount": 1990}, "author": {"author_id": "110650460077", "nickname": "媒婆老高", "follower_count": 409732}}, {"aweme": {"aweme_id": "6852214343124241668", "aweme_title": "别乱睡觉，睡觉改变命运《陈昌文方法》一定要读", "aweme_url": "https://www.iesdouyin.com/share/video/6852214343124241668/?region=CN&mid=6852214410350824206&u_code=0&titleType=title", "download_url": "https://www.chanmama.com/awemeDetail/6852214343124241668", "digg_count": 3780, "digg_incr": 3707, "aweme_create_time": 1595405487, "category": 15, "volume": 4, "amount": 1592}, "author": {"author_id": "111149964022", "nickname": "冯渝渝", "follower_count": 28186}}, {"aweme": {"aweme_id": "6852139361551666447", "aweme_title": "迟来的手臂训练，视频的质量要给大家保证#手臂训练 #健身教学", "aweme_url": "https://www.iesdouyin.com/share/video/6852139361551666447/?region=CN&mid=6852139395261254413&u_code=0&titleType=title", "download_url": "https://www.chanmama.com/awemeDetail/6852139361551666447", "digg_count": 7773, "digg_incr": 3595, "aweme_create_time": 1595388020, "category": 15, "volume": 7, "amount": 627.1999999999999}, "author": {"author_id": "87684537429", "nickname": "鹏翼Link", "follower_count": 517301}}, {"aweme": {"aweme_id": "6852262960123956493", "aweme_title": "我始终坚信，没有比脚更长的路，没有比人更高的山！#vlog #登山 #热门 #自律@DOU+小助手", "aweme_url": "https://www.iesdouyin.com/share/video/6852262960123956493/?region=CN&mid=6852263053367511822&u_code=45a6gmj0h2h&titleType=title", "download_url": "https://www.chanmama.com/awemeDetail/6852262960123956493", "digg_count": 3394, "digg_incr": 3380, "aweme_create_time": 1595416798, "category": 15, "volume": 0, "amount": 0}, "author": {"author_id": "2787973261964349", "nickname": "我是王周", "follower_count": 53839}}, {"aweme": {"aweme_id": "6851955020494163214", "aweme_title": "#大宅门 白老爷子这眼光跟格局真是没得说，看人太准，也懂得放手", "aweme_url": "https://www.iesdouyin.com/share/video/6851955020494163214/?region=CN&mid=6851955369367931656&u_code=2i2e61m71099&titleType=title", "download_url": "https://www.chanmama.com/awemeDetail/6851955020494163214", "digg_count": 4767, "digg_incr": 3370, "aweme_create_time": 1595377800, "category": 15, "volume": 0, "amount": 0}, "author": {"author_id": "1569749394002958", "nickname": "人生智囊", "follower_count": 726378}}, {"aweme": {"aweme_id": "6852299272306576640", "aweme_title": "土建套定额，照个这个套，一个都不会漏，抓紧点赞收藏#工程工程 #工程造价 @DOU+小助手", "aweme_url": "https://www.iesdouyin.com/share/video/6852299272306576640/?region=CN&mid=6852299294368942862&u_code=45a6gmj0h2h&titleType=title", "download_url": "https://www.chanmama.com/awemeDetail/6852299272306576640", "digg_count": 3937, "digg_incr": 3255, "aweme_create_time": 1595425252, "category": 15, "volume": 2, "amount": 10}, "author": {"author_id": "2686842841609047", "nickname": "嘉诚讲造价", "follower_count": 41141}}, {"aweme": {"aweme_id": "6851988997699325192", "aweme_title": "中炮巡河炮的飞刀，业9高手彻底蒙了", "aweme_url": "https://www.iesdouyin.com/share/video/6851988997699325192/?region=CN&mid=6851989652459490061&u_code=2i2e61m71099&titleType=title", "download_url": "https://www.chanmama.com/awemeDetail/6851988997699325192", "digg_count": 3459, "digg_incr": 3210, "aweme_create_time": 1595377800, "category": 15, "volume": 0, "amount": 0}, "author": {"author_id": "103634371504", "nickname": "象棋风繁讲棋", "follower_count": 872782}}, {"aweme": {"aweme_id": "6852138298182356239", "aweme_title": "#育儿 #早教#古诗 和蒙豫姐姐一起快乐学古诗#幼儿手指游戏 #幼儿园 #亲子 @抖音小助手 #热门#幼师", "aweme_url": "https://www.iesdouyin.com/share/video/6852138298182356239/?region=CN&mid=6763161121361939203&u_code=0&titleType=title", "download_url": "https://www.chanmama.com/awemeDetail/6852138298182356239", "digg_count": 6429, "digg_incr": 3136, "aweme_create_time": 1595387773, "category": 15, "volume": 0, "amount": 0}, "author": {"author_id": "993588479527791", "nickname": "蒙豫有约·阅读吧", "follower_count": 141287}}, {"aweme": {"aweme_id": "6852143414058798343", "aweme_title": "#大宅门 有这么一个女人白家不会倒", "aweme_url": "https://www.iesdouyin.com/share/video/6852143414058798343/?region=CN&mid=6852143573941488391&u_code=114be47h8id1&titleType=title", "download_url": "https://www.chanmama.com/awemeDetail/6852143414058798343", "digg_count": 3979, "digg_incr": 3100, "aweme_create_time": 1595403000, "category": 15, "volume": 6, "amount": 178.8}, "author": {"author_id": "1569749394002958", "nickname": "人生智囊", "follower_count": 726378}}, {"aweme": {"aweme_id": "6852262283238739204", "aweme_title": "做产品要讨好消费者。#创业 #涨知识 #企业 #dou出新知 #商业知识  #老板思维 #营销#销售 #情商", "aweme_url": "https://www.iesdouyin.com/share/video/6852262283238739204/?region=CN&mid=6557267873117506317&u_code=107m7bg5i135&titleType=title", "download_url": "https://www.chanmama.com/awemeDetail/6852262283238739204", "digg_count": 6696, "digg_incr": 3075, "aweme_create_time": 1595416645, "category": 15, "volume": 9, "amount": 891}, "author": {"author_id": "2418535083025076", "nickname": "花火混沌商业峰会", "follower_count": 78164}}, {"aweme": {"aweme_id": "6852297895673138432", "aweme_title": "其实，真正爱过的人，是做不了朋友的，一见面就心软 ，一拥抱就会沦陷，多看一眼，就想重新拥有#林徽因@抖音小助手", "aweme_url": "https://www.iesdouyin.com/share/video/6852297895673138432/?region=CN&mid=6850741415543130893&u_code=0&titleType=title", "download_url": "https://www.chanmama.com/awemeDetail/6852297895673138432", "digg_count": 4131, "digg_incr": 3050, "aweme_create_time": 1595424931, "category": 15, "volume": 0, "amount": 0}, "author": {"author_id": "1213452039488208", "nickname": "心灵治愈", "follower_count": 140742}}, {"aweme": {"aweme_id": "6852215174770773262", "aweme_title": "#局里新来的年轻人 关键时刻还是要靠女人#电视剧岁月 #沧浪之水", "aweme_url": "https://www.iesdouyin.com/share/video/6852215174770773262/?region=CN&mid=6852215337606204174&u_code=45a6gmj0h2h&titleType=title", "download_url": "https://www.chanmama.com/awemeDetail/6852215174770773262", "digg_count": 3270, "digg_incr": 3025, "aweme_create_time": 1595419260, "category": 15, "volume": 0, "amount": 0}, "author": {"author_id": "2035938266981437", "nickname": "大力出奇迹佛系剪辑", "follower_count": 419907}}, {"aweme": {"aweme_id": "6852124982781218052", "aweme_title": "如果你经常健忘，难以集中注意力，那么你应该读读这本书#超级记忆书 @DOU+小助手", "aweme_url": "https://www.iesdouyin.com/share/video/6852124982781218052/?region=CN&mid=6852125036385372936&u_code=0&titleType=title", "download_url": "https://www.chanmama.com/awemeDetail/6852124982781218052", "digg_count": 4238, "digg_incr": 3011, "aweme_create_time": 1595385530, "category": 15, "volume": 14, "amount": 1386}, "author": {"author_id": "2189856654244413", "nickname": "樊登带你读书", "follower_count": 206694}}, {"aweme": {"aweme_id": "6851976288903761156", "aweme_title": "小孩成绩差该如何提升 #育儿#记忆 #读书 #我要上热门 @DOU+小助手", "aweme_url": "https://www.iesdouyin.com/share/video/6851976288903761156/?region=CN&mid=6851976934390680328&u_code=0&titleType=title", "download_url": "https://www.chanmama.com/awemeDetail/6851976288903761156", "digg_count": 3025, "digg_incr": 2982, "aweme_create_time": 1595350217, "category": 15, "volume": 22, "amount": 1056}, "author": {"author_id": "1415794067776413", "nickname": "育儿思维", "follower_count": 21501}}, {"aweme": {"aweme_id": "6852213773869059342", "aweme_title": "如何让2-8岁孩子爱上读书呢？幾米力作帮妈妈解决问题#轻知识计划 #学浪计划@DOU+小助手", "aweme_url": "https://www.iesdouyin.com/share/video/6852213773869059342/?region=CN&mid=6852213815946676999&u_code=0&titleType=title", "download_url": "https://www.chanmama.com/awemeDetail/6852213773869059342", "digg_count": 4275, "digg_incr": 2870, "aweme_create_time": 1595405347, "category": 15, "volume": 7, "amount": 623}, "author": {"author_id": "71481725782", "nickname": "亦知家庭教育", "follower_count": 536704}}, {"aweme": {"aweme_id": "6852200439807610120", "aweme_title": "有人之处，就有江湖，就有是非，明确自己的目标，冲出江湖！#姜博士社会学@DOU+小助手", "aweme_url": "https://www.iesdouyin.com/share/video/6852200439807610120/?region=CN&mid=6852200564617480973&u_code=0&titleType=title", "download_url": "https://www.chanmama.com/awemeDetail/6852200439807610120", "digg_count": 6087, "digg_incr": 2841, "aweme_create_time": 1595402268, "category": 15, "volume": 3, "amount": 297}, "author": {"author_id": "448237770669607", "nickname": "姜博士社会学", "follower_count": 178385}}, {"aweme": {"aweme_id": "6852220474349391104", "aweme_title": "#好书推荐 #断舍离 #成长 #读书", "aweme_url": "https://www.iesdouyin.com/share/video/6852220474349391104/?region=CN&mid=6852220521258797831&u_code=166g85mm61cb&titleType=title", "download_url": "https://www.chanmama.com/awemeDetail/6852220474349391104", "digg_count": 3032, "digg_incr": 2772, "aweme_create_time": 1595406906, "category": 15, "volume": 7, "amount": 322}, "author": {"author_id": "3548870141025048", "nickname": "董老師（好书看第①个作品）", "follower_count": 244375}}, {"aweme": {"aweme_id": "6852241325878676750", "aweme_title": "高情商撩哭男友的聊天套路，“会撩”的女人最让男人上瘾#高情商 #情感 #恋爱 @抖音小助手", "aweme_url": "https://www.iesdouyin.com/share/video/6852241325878676750/?region=CN&mid=6839533380393093902&u_code=0&titleType=title", "download_url": "https://www.chanmama.com/awemeDetail/6852241325878676750", "digg_count": 2960, "digg_incr": 2748, "aweme_create_time": 1595411762, "category": 15, "volume": 0, "amount": 0}, "author": {"author_id": "2546073702770973", "nickname": "社交口才", "follower_count": 108340}}, {"aweme": {"aweme_id": "6852258920896007424", "aweme_title": "@商道.发了一个抖音短视频，你尽管点开，不好看算我输！", "aweme_url": "https://www.iesdouyin.com/share/video/6852258920896007424/?region=CN&mid=6852258956618861319&u_code=0&titleType=", "download_url": "https://www.chanmama.com/awemeDetail/6852258920896007424", "digg_count": 3926, "digg_incr": 2678, "aweme_create_time": 1595415857, "category": 15, "volume": 0, "amount": 0}, "author": {"author_id": "3843533883845567", "nickname": "商道.", "follower_count": 150033}}, {"aweme": {"aweme_id": "6852217609471921415", "aweme_title": "今天他只想要一片面包，你却许诺给他一片江山#企业与员工 #抖音热门", "aweme_url": "https://www.iesdouyin.com/share/video/6852217609471921415/?region=CN&mid=6852217720646241038&u_code=45a6gmj0h2h&titleType=title", "download_url": "https://www.chanmama.com/awemeDetail/6852217609471921415", "digg_count": 3170, "digg_incr": 2617, "aweme_create_time": 1595406259, "category": 15, "volume": 0, "amount": 0}, "author": {"author_id": "59112743713", "nickname": "飞扬企源", "follower_count": 21645}}, {"aweme": {"aweme_id": "6852150980633431296", "aweme_title": "近日，泰拳王播求发表动态，赴特种部队当教官，传授泰拳技术！#泰拳 #播求 #最新动态", "aweme_url": "https://www.iesdouyin.com/share/video/6852150980633431296/?region=CN&mid=6852150999248390926&u_code=0&titleType=title", "download_url": "https://www.chanmama.com/awemeDetail/6852150980633431296", "digg_count": 2744, "digg_incr": 2611, "aweme_create_time": 1595390725, "category": 15, "volume": 0, "amount": 0}, "author": {"author_id": "95431877065", "nickname": "用武之地 武林大事件", "follower_count": 612942}}, {"aweme": {"aweme_id": "6852284238243450127", "aweme_title": "#一年级 即将升入二年级，提前背诵数学公式，暑假和我们一起背吧❤️ #一升二 #暑假", "aweme_url": "https://www.iesdouyin.com/share/video/6852284238243450127/?region=CN&mid=6762362881485835015&u_code=1fedcgg157e1&titleType=title", "download_url": "https://www.chanmama.com/awemeDetail/6852284238243450127", "digg_count": 2737, "digg_incr": 2595, "aweme_create_time": 1595421752, "category": 15, "volume": 124, "amount": 3707.6}, "author": {"author_id": "61184578041", "nickname": "妞妞🍼", "follower_count": 579239}}, {"aweme": {"aweme_id": "6852138989131009284", "aweme_title": "绝症？肮脏的渣男撒谎事件#细思极恐 #烧脑 @抖音小助手", "aweme_url": "https://www.iesdouyin.com/share/video/6852138989131009284/?region=CN&mid=6852139026984487693&u_code=107m7bg5i135&titleType=title", "download_url": "https://www.chanmama.com/awemeDetail/6852138989131009284", "digg_count": 5042, "digg_incr": 2551, "aweme_create_time": 1595387942, "category": 15, "volume": 0, "amount": 0}, "author": {"author_id": "3900669179733192", "nickname": "冒险小虎队", "follower_count": 200982}}, {"aweme": {"aweme_id": "6852211891297668355", "aweme_title": "降幂思想求代数式的值 #初中数学  #数学思维  #数学啊数学  #代数式", "aweme_url": "https://www.iesdouyin.com/share/video/6852211891297668355/?region=CN&mid=6852212085133576968&u_code=3f1fdc6g52c9&titleType=title", "download_url": "https://www.chanmama.com/awemeDetail/6852211891297668355", "digg_count": 2623, "digg_incr": 2522, "aweme_create_time": 1595404949, "category": 15, "volume": 0, "amount": 0}, "author": {"author_id": "3988679820579416", "nickname": "娜姐数学(初中数学)", "follower_count": 265192}}, {"aweme": {"aweme_id": "6852103781824449804", "aweme_title": "#看书 #小秘诀 #教育孩子 #书籍 让孩子爱上看书的三点方法@抖音小助手", "aweme_url": "https://www.iesdouyin.com/share/video/6852103781824449804/?region=CN&mid=6580208805194566414&u_code=1b8l27elcie4&titleType=title", "download_url": "https://www.chanmama.com/awemeDetail/6852103781824449804", "digg_count": 5387, "digg_incr": 2499, "aweme_create_time": 1595379748, "category": 15, "volume": 2, "amount": 1960}, "author": {"author_id": "1701690656959069", "nickname": "刘威老师", "follower_count": 361514}}, {"aweme": {"aweme_id": "6852256417248824576", "aweme_title": "六个月开始就坚持每天给伊伊读绘本讲故事，培养她的阅读习惯和专注力，亲子阅读还有助于宝宝全面发展🥰", "aweme_url": "https://www.iesdouyin.com/share/video/6852256417248824576/?region=CN&mid=6823216268926061326&u_code=363d0kkg75jm&titleType=title", "download_url": "https://www.chanmama.com/awemeDetail/6852256417248824576", "digg_count": 3073, "digg_incr": 2485, "aweme_create_time": 1595415274, "category": 15, "volume": 44, "amount": 2332}, "author": {"author_id": "782472733524158", "nickname": "伊宝贝爱你哦", "follower_count": 107535}}, {"aweme": {"aweme_id": "6852147321891720448", "aweme_title": "直接背的申论答案到货了！#2020省考 #2020国考", "aweme_url": "https://www.iesdouyin.com/share/video/6852147321891720448/?region=CN&mid=6852147327101192968&u_code=45a6gmj0h2h&titleType=title", "download_url": "https://www.chanmama.com/awemeDetail/6852147321891720448", "digg_count": 3178, "digg_incr": 2464, "aweme_create_time": 1595389874, "category": 15, "volume": 4, "amount": 312}, "author": {"author_id": "109331766916", "nickname": "公考老师", "follower_count": 213381}}, {"aweme": {"aweme_id": "6852211575235841287", "aweme_title": "#股权激励 一定是对岗不对人！做到指标、考核、回报形成闭环", "aweme_url": "https://www.iesdouyin.com/share/video/6852211575235841287/?region=CN&mid=6852211669767392007&u_code=22e1cb86ckf&titleType=title", "download_url": "https://www.chanmama.com/awemeDetail/6852211575235841287", "digg_count": 4477, "digg_incr": 2461, "aweme_create_time": 1595404856, "category": 15, "volume": 0, "amount": 0}, "author": {"author_id": "10551236944", "nickname": "股权激励每日一讲", "follower_count": 91890}}, {"aweme": {"aweme_id": "6852152636276215043", "aweme_title": "不知到怎么看#人际关系", "aweme_url": "https://www.iesdouyin.com/share/video/6852152636276215043/?region=CN&mid=6790001401767397383&u_code=45a6gmj0h2h&titleType=title", "download_url": "https://www.chanmama.com/awemeDetail/6852152636276215043", "digg_count": 2576, "digg_incr": 2449, "aweme_create_time": 1595391119, "category": 15, "volume": 0, "amount": 0}, "author": {"author_id": "4616547459", "nickname": "Aili创业课堂", "follower_count": 81488}}, {"aweme": {"aweme_id": "6852073388811357454", "aweme_title": "抖音热门音乐#求歌名@抖音小助手", "aweme_url": "https://www.iesdouyin.com/share/video/6852073388811357454/?region=CN&mid=6852073338056067853&u_code=0&titleType=title", "download_url": "https://www.chanmama.com/awemeDetail/6852073388811357454", "digg_count": 5330, "digg_incr": 2447, "aweme_create_time": 1595372667, "category": 15, "volume": 0, "amount": 0}, "author": {"author_id": "93194572121", "nickname": "新乐市康成伟百货店", "follower_count": 129656}}, {"aweme": {"aweme_id": "6852251012506455296", "aweme_title": "结构识图，屋面梁钢筋锚固长度", "aweme_url": "https://www.iesdouyin.com/share/video/6852251012506455296/?region=CN&mid=6607834594899299085&u_code=2d09c07adj07&titleType=title", "download_url": "https://www.chanmama.com/awemeDetail/6852251012506455296", "digg_count": 3053, "digg_incr": 2440, "aweme_create_time": 1595414016, "category": 15, "volume": 0, "amount": 0}, "author": {"author_id": "95571056338", "nickname": "第五元素", "follower_count": 558623}}, {"aweme": {"aweme_id": "6852159581372665103", "aweme_title": "天天换着花样来考我，换着法来整蛊我！这儿子谁要谁拿走！#亲子教育 #阳逻话", "aweme_url": "https://www.iesdouyin.com/share/video/6852159581372665103/?region=CN&mid=6852159579443219207&u_code=21cg28214gk8&titleType=title", "download_url": "https://www.chanmama.com/awemeDetail/6852159581372665103", "digg_count": 2913, "digg_incr": 2436, "aweme_create_time": 1595392728, "category": 15, "volume": 1, "amount": 8.9}, "author": {"author_id": "95580057976", "nickname": "萍果姐", "follower_count": 54467}}, {"aweme": {"aweme_id": "6852280569804442895", "aweme_title": "#肖战 肖战强势回归，你有几分期待？#肖兔兔 #安利肖战", "aweme_url": "https://www.iesdouyin.com/share/video/6852280569804442895/?region=CN&mid=6852280579485240078&u_code=45a6gmj0h2h&titleType=title", "download_url": "https://www.chanmama.com/awemeDetail/6852280569804442895", "digg_count": 4159, "digg_incr": 2431, "aweme_create_time": 1595420897, "category": 15, "volume": 0, "amount": 0}, "author": {"author_id": "1068370957440980", "nickname": "肖战的小飞侠", "follower_count": 20584}}, {"aweme": {"aweme_id": "6852203698177789197", "aweme_title": "如何创造出完美独特的自己！#原则", "aweme_url": "https://www.iesdouyin.com/share/video/6852203698177789197/?region=CN&mid=6852203714250672903&u_code=45a6gmj0h2h&titleType=title", "download_url": "https://www.chanmama.com/awemeDetail/6852203698177789197", "digg_count": 2355, "digg_incr": 2330, "aweme_create_time": 1595403002, "category": 15, "volume": 0, "amount": 0}, "author": {"author_id": "83096557270", "nickname": "《拂尘》", "follower_count": 303558}}, {"aweme": {"aweme_id": "6852153795695119629", "aweme_title": "妈妈不打扮对孩子有影响吗？", "aweme_url": "https://www.iesdouyin.com/share/video/6852153795695119629/?region=CN&mid=6852153810778180365&u_code=45a6gmj0h2h&titleType=title", "download_url": "https://www.chanmama.com/awemeDetail/6852153795695119629", "digg_count": 2869, "digg_incr": 2308, "aweme_create_time": 1595391383, "category": 15, "volume": 0, "amount": 0}, "author": {"author_id": "108053335968", "nickname": "宝贝志愿", "follower_count": 99900}}, {"aweme": {"aweme_id": "6852113418694987022", "aweme_title": "借钱是朋友，索债是冤仇#国学 #国学经典 #老人言 #dou @抖音小助手", "aweme_url": "https://www.iesdouyin.com/share/video/6852113418694987022/?region=CN&mid=6852113412433152781&u_code=2fd091360fhe&titleType=title", "download_url": "https://www.chanmama.com/awemeDetail/6852113418694987022", "digg_count": 2392, "digg_incr": 2237, "aweme_create_time": 1595381982, "category": 15, "volume": 3, "amount": 87}, "author": {"author_id": "1011170803464878", "nickname": "国学明志", "follower_count": 117903}}, {"aweme": {"aweme_id": "6852150571030433039", "aweme_title": "口才对一个人的帮助不是一点半点。#口才", "aweme_url": "https://www.iesdouyin.com/share/video/6852150571030433039/?region=CN&mid=6852150593252133640&u_code=0&titleType=title", "download_url": "https://www.chanmama.com/awemeDetail/6852150571030433039", "digg_count": 3531, "digg_incr": 2165, "aweme_create_time": 1595390630, "category": 15, "volume": 7, "amount": 139.29999999999998}, "author": {"author_id": "105339544730", "nickname": "臭猪一只", "follower_count": 505010}}, {"aweme": {"aweme_id": "6852257330633968909", "aweme_title": "三个令人震撼的小故事（颠覆价值观，一定看看！） #价值观  #人性的弱点", "aweme_url": "https://www.iesdouyin.com/share/video/6852257330633968909/?region=CN&mid=6852257510494391048&u_code=0&titleType=title", "download_url": "https://www.chanmama.com/awemeDetail/6852257330633968909", "digg_count": 4078, "digg_incr": 2102, "aweme_create_time": 1595415504, "category": 15, "volume": 0, "amount": 0}, "author": {"author_id": "311866440034110", "nickname": "小人营销", "follower_count": 667740}}, {"aweme": {"aweme_id": "6852127442954423559", "aweme_title": "#童言无忌 到底能生几个#亲子时光 #说话是一门艺术 #搞笑萌娃 #高清剪辑", "aweme_url": "https://www.iesdouyin.com/share/video/6852127442954423559/?region=CN&mid=6852127456216746765&u_code=himldha1l83&titleType=title", "download_url": "https://www.chanmama.com/awemeDetail/6852127442954423559", "digg_count": 3506, "digg_incr": 2092, "aweme_create_time": 1595385247, "category": 15, "volume": 16, "amount": 576}, "author": {"author_id": "2154654356741367", "nickname": "卡卡动漫", "follower_count": 336324}}, {"aweme": {"aweme_id": "6852255587556805903", "aweme_title": "黄帝曰：人之善忘者，何气使然？岐伯：上气不足，下气有余，肠胃实而心肺虚。虚则营卫留于下，久之不以时上，故善忘也", "aweme_url": "https://www.iesdouyin.com/share/video/6852255587556805903/?region=CN&mid=6722266535441845005&u_code=45a6gmj0h2h&titleType=title", "download_url": "https://www.chanmama.com/awemeDetail/6852255587556805903", "digg_count": 6629, "digg_incr": 2054, "aweme_create_time": 1595415081, "category": 15, "volume": 3, "amount": 135}, "author": {"author_id": "50846683541", "nickname": "有趣的中医", "follower_count": 92430}}, {"aweme": {"aweme_id": "6852158507463085312", "aweme_title": "如果同事经常抓住你工作上的失误，进行放大批斗，告状！他表面上说是为了工作，实际是打压，排挤你！你必须比他更厚黑", "aweme_url": "https://www.iesdouyin.com/share/video/6852158507463085312/?region=CN&mid=6852158539901700872&u_code=1a2e3iefce98&titleType=title", "download_url": "https://www.chanmama.com/awemeDetail/6852158507463085312", "digg_count": 2045, "digg_incr": 2053, "aweme_create_time": 1595392484, "category": 15, "volume": 0, "amount": 0}, "author": {"author_id": "4157463876", "nickname": "天道叔", "follower_count": 43258}}, {"aweme": {"aweme_id": "6852273936311340292", "aweme_title": "申论直接背的答案！结合材料不得高分都难！！！@DOU+小助手 #抖音小助手 #申论干货 #我要上热门", "aweme_url": "https://www.iesdouyin.com/share/video/6852273936311340292/?region=CN&mid=6852273986207157000&u_code=363d0kkf8g79&titleType=title", "download_url": "https://www.chanmama.com/awemeDetail/6852273936311340292", "digg_count": 2071, "digg_incr": 2039, "aweme_create_time": 1595419359, "category": 15, "volume": 12, "amount": 936}, "author": {"author_id": "2418542472343243", "nickname": "公考学姐", "follower_count": 20853}}, {"aweme": {"aweme_id": "6852146861344656654", "aweme_title": "#命转乾坤 #风水 大师口中的孩子被救下，没想到长大了也精通风水术数，难道这就是命？", "aweme_url": "https://www.iesdouyin.com/share/video/6852146861344656654/?region=CN&mid=6852146898686610190&u_code=0&titleType=title", "download_url": "https://www.chanmama.com/awemeDetail/6852146861344656654", "digg_count": 1999, "digg_incr": 2023, "aweme_create_time": 1595389768, "category": 15, "volume": 10, "amount": 380}, "author": {"author_id": "109605455155", "nickname": "影视苏哈哈", "follower_count": 178165}}, {"aweme": {"aweme_id": "6852201001290616071", "aweme_title": "男性工资比女性高三成，高管比例男性占比9成，女人的癞蛤蟆想吃天鹅肉从何而来？#上热门 #脱单 #爱情", "aweme_url": "https://www.iesdouyin.com/share/video/6852201001290616071/?region=CN&mid=6687387479357524743&u_code=455adch37bf4&titleType=title", "download_url": "https://www.chanmama.com/awemeDetail/6852201001290616071", "digg_count": 2501, "digg_incr": 1975, "aweme_create_time": 1595402374, "category": 15, "volume": 0, "amount": 0}, "author": {"author_id": "3548861411629949", "nickname": "情圣王谈恋爱", "follower_count": 330339}}, {"aweme": {"aweme_id": "6852131406672399630", "aweme_title": "一套可以让孩子放下手机的书，让孩子主动探索世界的 #好书", "aweme_url": "https://www.iesdouyin.com/share/video/6852131406672399630/?region=CN&mid=6852131509923842830&u_code=l53274f48ge&titleType=title", "download_url": "https://www.chanmama.com/awemeDetail/6852131406672399630", "digg_count": 2496, "digg_incr": 1916, "aweme_create_time": 1595386189, "category": 15, "volume": 9, "amount": 711}, "author": {"author_id": "1217911263866088", "nickname": "佩老师育儿讲堂", "follower_count": 771502}}, {"aweme": {"aweme_id": "6852075076737633550", "aweme_title": "#热门视频 你的孝心我来帮你MD加油！#正能量 #我的高光一刻", "aweme_url": "https://www.iesdouyin.com/share/video/6852075076737633550/?region=CN&mid=6852075058572151565&u_code=45a6gmj0h2h&titleType=title", "download_url": "https://www.chanmama.com/awemeDetail/6852075076737633550", "digg_count": 2728, "digg_incr": 1912, "aweme_create_time": 1595373059, "category": 15, "volume": 0, "amount": 0}, "author": {"author_id": "2348188474548941", "nickname": "宏运正能量", "follower_count": 255048}}, {"aweme": {"aweme_id": "6852005771874471176", "aweme_title": "善待别人，就是善待自己，结局发人深思#婆媳关系#婚姻家庭 #伤害#家暴@抖音小助手", "aweme_url": "https://www.iesdouyin.com/share/video/6852005771874471176/?region=CN&mid=6852005795417180936&u_code=3he6ad2j2g6j&titleType=title", "download_url": "https://www.chanmama.com/awemeDetail/6852005771874471176", "digg_count": 2554, "digg_incr": 1905, "aweme_create_time": 1595356955, "category": 15, "volume": 0, "amount": 0}, "author": {"author_id": "106772824154", "nickname": "明儒至善", "follower_count": 392345}}, {"aweme": {"aweme_id": "6852153992957627648", "aweme_title": "成就他人就是在成就自己#人生感悟 #思维 #为人处事 #dou出新知", "aweme_url": "https://www.iesdouyin.com/share/video/6852153992957627648/?region=CN&mid=6852154009873156871&u_code=0&titleType=title", "download_url": "https://www.chanmama.com/awemeDetail/6852153992957627648", "digg_count": 2282, "digg_incr": 1896, "aweme_create_time": 1595391427, "category": 15, "volume": 0, "amount": 0}, "author": {"author_id": "3667586581542991", "nickname": "創经验分享", "follower_count": 561759}}, {"aweme": {"aweme_id": "6852081661480406272", "aweme_title": "一定要远离精神控制你的人。#职场pua #精神控制 #成长充电站 #为人处事 @DOU+小助手", "aweme_url": "https://www.iesdouyin.com/share/video/6852081661480406272/?region=CN&mid=6852081615963802382&u_code=0&titleType=title", "download_url": "https://www.chanmama.com/awemeDetail/6852081661480406272", "digg_count": 2885, "digg_incr": 1810, "aweme_create_time": 1595374589, "category": 15, "volume": 6, "amount": 216}, "author": {"author_id": "92535133452", "nickname": "智慧私塾", "follower_count": 942480}}, {"aweme": {"aweme_id": "6852082528065490187", "aweme_title": "学会关键对话，吵遍天下不怕！不管是菜市场大妈，还是欠前不还老大，统统不在话下！#暴躁爷爷", "aweme_url": "https://www.iesdouyin.com/share/video/6852082528065490187/?region=CN&mid=6851894178511817485&u_code=0&titleType=title", "download_url": "https://www.chanmama.com/awemeDetail/6852082528065490187", "digg_count": 2622, "digg_incr": 1806, "aweme_create_time": 1595374806, "category": 15, "volume": 57, "amount": 2565}, "author": {"author_id": "2757220705508635", "nickname": "一书一课精品知识重庆店", "follower_count": 695577}}, {"aweme": {"aweme_id": "6852265167804353805", "aweme_title": "@幸福忠告发了一个抖音短视频，你尽管点开，不好看算我输！", "aweme_url": "https://www.iesdouyin.com/share/video/6852265167804353805/?region=CN&mid=6852265187932703496&u_code=4dgib6jc31hc&titleType=", "download_url": "https://www.chanmama.com/awemeDetail/6852265167804353805", "digg_count": 1806, "digg_incr": 1767, "aweme_create_time": 1595417312, "category": 15, "volume": 1, "amount": 35.8}, "author": {"author_id": "2207452409891309", "nickname": "幸福忠告", "follower_count": 81473}}, {"aweme": {"aweme_id": "6852266602826583311", "aweme_title": "断舍离犹如一次涅槃，痛苦之后便是重生。#断舍离 #好书联盟", "aweme_url": "https://www.iesdouyin.com/share/video/6852266602826583311/?region=CN&mid=6852266606749895431&u_code=24lj60c7kgi7&titleType=title", "download_url": "https://www.chanmama.com/awemeDetail/6852266602826583311", "digg_count": 1982, "digg_incr": 1754, "aweme_create_time": 1595417645, "category": 15, "volume": 1, "amount": 46}, "author": {"author_id": "4353684967007183", "nickname": "智慧读书", "follower_count": 70330}}, {"aweme": {"aweme_id": "6852275342292290816", "aweme_title": "知识改变命运，读书使人进步。#犹太人 #成长充电站 #智慧 #老板 #读书 #教育 @DOU+小助手", "aweme_url": "https://www.iesdouyin.com/share/video/6852275342292290816/?region=CN&mid=6852275371111353095&u_code=0&titleType=title", "download_url": "https://www.chanmama.com/awemeDetail/6852275342292290816", "digg_count": 3487, "digg_incr": 1742, "aweme_create_time": 1595419680, "category": 15, "volume": 3, "amount": 108}, "author": {"author_id": "92535133452", "nickname": "智慧私塾", "follower_count": 942480}}, {"aweme": {"aweme_id": "6852222871796747535", "aweme_title": "声优都是怪物之#户松遥 的一饰N角", "aweme_url": "https://www.iesdouyin.com/share/video/6852222871796747535/?region=CN&mid=6852223082592160525&u_code=107m7bg5i135&titleType=title", "download_url": "https://www.chanmama.com/awemeDetail/6852222871796747535", "digg_count": 2298, "digg_incr": 1734, "aweme_create_time": 1595407464, "category": 15, "volume": 0, "amount": 0}, "author": {"author_id": "105574323610", "nickname": "新东方在线日语", "follower_count": 934414}}, {"aweme": {"aweme_id": "6852191360313855245", "aweme_title": "#晋武帝 #司马炎 后#三国 时代的跌宕起伏只不过从沙场之上逐渐转到了变幻莫测的殿宇之中#历史 #中国通史", "aweme_url": "https://www.iesdouyin.com/share/video/6852191360313855245/?region=CN&mid=6852191393474022151&u_code=m1f8lj1egl3&titleType=title", "download_url": "https://www.chanmama.com/awemeDetail/6852191360313855245", "digg_count": 1777, "digg_incr": 1728, "aweme_create_time": 1595400129, "category": 15, "volume": 0, "amount": 0}, "author": {"author_id": "62273926162", "nickname": "育哥", "follower_count": 190243}}, {"aweme": {"aweme_id": "6852177901471812871", "aweme_title": "你期待的奇妙瞬间是什么时候呢？#凤凰壹力 #阅读 @抖音小助手", "aweme_url": "https://www.iesdouyin.com/share/video/6852177901471812871/?region=CN&mid=6852178021500717832&u_code=45a6gmj0h2h&titleType=title", "download_url": "https://www.chanmama.com/awemeDetail/6852177901471812871", "digg_count": 4063, "digg_incr": 1707, "aweme_create_time": 1595410200, "category": 15, "volume": 0, "amount": 0}, "author": {"author_id": "110223038812", "nickname": "凤凰壹力图书", "follower_count": 46432}}, {"aweme": {"aweme_id": "6852130505895185678", "aweme_title": "兴家二字勤与俭，传家二字耕与读，家和方能万事兴#老人言受益一生的老话#老人言经典选句#国学吉吉#吉吉学堂", "aweme_url": "https://www.iesdouyin.com/share/video/6852130505895185678/?region=CN&mid=6852130513692478215&u_code=1k70em10823k&titleType=title", "download_url": "https://www.chanmama.com/awemeDetail/6852130505895185678", "digg_count": 3212, "digg_incr": 1685, "aweme_create_time": 1595385960, "category": 15, "volume": 0, "amount": 0}, "author": {"author_id": "110936211479", "nickname": "国学吉吉", "follower_count": 606562}}, {"aweme": {"aweme_id": "6852243421118139662", "aweme_title": "在签单后要注意的一点，真的很重要#销售 #销售思维 #客户 #vlog十亿流量扶持计划@DOU+小助手", "aweme_url": "https://www.iesdouyin.com/share/video/6852243421118139662/?region=CN&mid=6589636089407884046&u_code=0&titleType=title", "download_url": "https://www.chanmama.com/awemeDetail/6852243421118139662", "digg_count": 1787, "digg_incr": 1672, "aweme_create_time": 1595412250, "category": 15, "volume": 0, "amount": 0}, "author": {"author_id": "2559303536349439", "nickname": "GY讲销售", "follower_count": 131272}}, {"aweme": {"aweme_id": "6852162931942083843", "aweme_title": "哎呀天气这么热 我们早晚都会熟的😊 #土味情话 #抖音小助手", "aweme_url": "https://www.iesdouyin.com/share/video/6852162931942083843/?region=CN&mid=6852162979392146190&u_code=2a110340kf64&titleType=title", "download_url": "https://www.chanmama.com/awemeDetail/6852162931942083843", "digg_count": 2632, "digg_incr": 1636, "aweme_create_time": 1595393517, "category": 15, "volume": 0, "amount": 0}, "author": {"author_id": "85316957360", "nickname": "安然AR   户外搭讪", "follower_count": 261119}}, {"aweme": {"aweme_id": "6852150838715092237", "aweme_title": "#成长 #好书分享 #断舍离", "aweme_url": "https://www.iesdouyin.com/share/video/6852150838715092237/?region=CN&mid=6818469341945039623&u_code=16gb026gj642&titleType=title", "download_url": "https://www.chanmama.com/awemeDetail/6852150838715092237", "digg_count": 2442, "digg_incr": 1607, "aweme_create_time": 1595390694, "category": 15, "volume": 7, "amount": 322}, "author": {"author_id": "2735192578459070", "nickname": "懂得读书", "follower_count": 299639}}, {"aweme": {"aweme_id": "6852271299050376463", "aweme_title": "😂😂也不知道这么穿，还能不能走回去……#2020一起浪 #登登登登上人生巅峰", "aweme_url": "https://www.iesdouyin.com/share/video/6852271299050376463/?region=CN&mid=6733254398329359107&u_code=24lj60c7kgi7&titleType=title", "download_url": "https://www.chanmama.com/awemeDetail/6852271299050376463", "digg_count": 1599, "digg_incr": 1571, "aweme_create_time": 1595418739, "category": 15, "volume": 58, "amount": 2262}, "author": {"author_id": "3896291299438744", "nickname": "小娇今天皮又痒了", "follower_count": 17044}}, {"aweme": {"aweme_id": "6852243926837988608", "aweme_title": "伟人读17遍，康熙留下107条批注，每晚睡觉前关掉手机阅读，你会发现一件件事，看似遥远，但却无处不在！#权谋", "aweme_url": "https://www.iesdouyin.com/share/video/6852243926837988608/?region=CN&mid=6823377132262001422&u_code=448l6k2l6e71&titleType=title", "download_url": "https://www.chanmama.com/awemeDetail/6852243926837988608", "digg_count": 2463, "digg_incr": 1540, "aweme_create_time": 1595412366, "category": 15, "volume": 2, "amount": 196}, "author": {"author_id": "958422502080936", "nickname": "权谋~城府", "follower_count": 70156}}, {"aweme": {"aweme_id": "6852083808548834560", "aweme_title": "你是个上男人上瘾的女人吗#富婆 #云上大课堂 @抖音小助手", "aweme_url": "https://www.iesdouyin.com/share/video/6852083808548834560/?region=CN&mid=6852083765926300423&u_code=0&titleType=title", "download_url": "https://www.chanmama.com/awemeDetail/6852083808548834560", "digg_count": 1885, "digg_incr": 1504, "aweme_create_time": 1595375088, "category": 15, "volume": 1, "amount": 398}, "author": {"author_id": "105714608612", "nickname": "伍月（早上8点直播）", "follower_count": 363389}}, {"aweme": {"aweme_id": "6852108281226284302", "aweme_title": "#董卿 做人做事，学会三不，福气自然来，你能做到几点……", "aweme_url": "https://www.iesdouyin.com/share/video/6852108281226284302/?region=CN&mid=6847074766890093325&u_code=1h7f30l0i9ha&titleType=title", "download_url": "https://www.chanmama.com/awemeDetail/6852108281226284302", "digg_count": 1847, "digg_incr": 1496, "aweme_create_time": 1595380786, "category": 15, "volume": 0, "amount": 0}, "author": {"author_id": "59199368145", "nickname": "知心", "follower_count": 126722}}, {"aweme": {"aweme_id": "6851965314444348672", "aweme_title": "爸爸，你的丑，跟发型有关吗…#让孩子勇敢做自己 #说出心里话 #爱学习爱生活 #爸爸的小棉袄 #漏风的小棉袄", "aweme_url": "https://www.iesdouyin.com/share/video/6851965314444348672/?region=CN&mid=6851965302520023816&u_code=1210kjlgi6e6&titleType=title", "download_url": "https://www.chanmama.com/awemeDetail/6851965314444348672", "digg_count": 2619, "digg_incr": 1495, "aweme_create_time": 1595347500, "category": 15, "volume": 0, "amount": 0}, "author": {"author_id": "3245393561003296", "nickname": "萌萌哒60帧动漫哟喂暖你", "follower_count": 791384}}, {"aweme": {"aweme_id": "6852152564985761036", "aweme_title": "生活不需要比别人好 但一定要比以前好 要知道你一直在越来越好的路上", "aweme_url": "https://www.iesdouyin.com/share/video/6852152564985761036/?region=CN&mid=6852152614864309005&u_code=0&titleType=title", "download_url": "https://www.chanmama.com/awemeDetail/6852152564985761036", "digg_count": 2397, "digg_incr": 1464, "aweme_create_time": 1595391103, "category": 15, "volume": 0, "amount": 0}, "author": {"author_id": "1121153471485320", "nickname": "王小暖服饰", "follower_count": 101982}}, {"aweme": {"aweme_id": "6852247764684836104", "aweme_title": "分享给，只看的懂数拍子的同学🙈🙈🙈#maria舞蹈", "aweme_url": "https://www.iesdouyin.com/share/video/6852247764684836104/?region=CN&mid=6852247833437850381&u_code=363d0kkf8g79&titleType=title", "download_url": "https://www.chanmama.com/awemeDetail/6852247764684836104", "digg_count": 4506, "digg_incr": 1426, "aweme_create_time": 1595413261, "category": 15, "volume": 0, "amount": 0}, "author": {"author_id": "65309490536", "nickname": "黄冈0713", "follower_count": 622112}}, {"aweme": {"aweme_id": "6851964132816637184", "aweme_title": "95后的小姑娘开奶茶店，开业两个月就收回了成本。#商业智慧 #运营 #营销 #思维", "aweme_url": "https://www.iesdouyin.com/share/video/6851964132816637184/?region=CN&mid=6851964160826166029&u_code=3344bmi5ijdd&titleType=title", "download_url": "https://www.chanmama.com/awemeDetail/6851964132816637184", "digg_count": 1579, "digg_incr": 1412, "aweme_create_time": 1595347224, "category": 15, "volume": 1, "amount": 199}, "author": {"author_id": "2823186733868395", "nickname": "曾阿牛商业", "follower_count": 174597}}, {"aweme": {"aweme_id": "6852244250688589071", "aweme_title": "你觉得今年最适合做什么副业呢？#万万没想到 #成长充电站", "aweme_url": "https://www.iesdouyin.com/share/video/6852244250688589071/?region=CN&mid=6852244265892858631&u_code=0&titleType=title", "download_url": "https://www.chanmama.com/awemeDetail/6852244250688589071", "digg_count": 1411, "digg_incr": 1388, "aweme_create_time": 1595412441, "category": 15, "volume": 0, "amount": 0}, "author": {"author_id": "109301450446", "nickname": "总裁必修课", "follower_count": 232008}}, {"aweme": {"aweme_id": "6852231364998073600", "aweme_title": "男人出轨该不该离婚#思维 #婚姻", "aweme_url": "https://www.iesdouyin.com/share/video/6852231364998073600/?region=CN&mid=6852231447428860685&u_code=1a2e3igh6db5&titleType=title", "download_url": "https://www.chanmama.com/awemeDetail/6852231364998073600", "digg_count": 2608, "digg_incr": 1387, "aweme_create_time": 1595409442, "category": 15, "volume": 0, "amount": 0}, "author": {"author_id": "3847939746694861", "nickname": "志者说", "follower_count": 855023}}, {"aweme": {"aweme_id": "6852237057650134272", "aweme_title": "女人认可他，他就感恩你，你信吗#富婆 #抖音小助手 #热门 #情感 #女性商业智慧 #女性智慧", "aweme_url": "https://www.iesdouyin.com/share/video/6852237057650134272/?region=CN&mid=6852237069962038029&u_code=16gb026gj642&titleType=title", "download_url": "https://www.chanmama.com/awemeDetail/6852237057650134272", "digg_count": 2497, "digg_incr": 1344, "aweme_create_time": 1595410767, "category": 15, "volume": 0, "amount": 0}, "author": {"author_id": "71478799036", "nickname": "玄叶", "follower_count": 185670}}, {"aweme": {"aweme_id": "6852162215869484288", "aweme_title": "天天想着法考我，天天想着法整蛊我。这样的儿子谁要谁拿走！#亲子教育 #阳逻话", "aweme_url": "https://www.iesdouyin.com/share/video/6852162215869484288/?region=CN&mid=6852162211528444680&u_code=39mailf4h3ce&titleType=title", "download_url": "https://www.chanmama.com/awemeDetail/6852162215869484288", "digg_count": 1329, "digg_incr": 1329, "aweme_create_time": 1595393342, "category": 15, "volume": 0, "amount": 0}, "author": {"author_id": "95580057976", "nickname": "萍果姐", "follower_count": 54467}}, {"aweme": {"aweme_id": "6852240892791704840", "aweme_title": "#美女老板 #美女富婆 #陈昌文方法 #陈昌文恋爱宝典 #青菜拼车拼拼拼", "aweme_url": "https://www.iesdouyin.com/share/video/6852240892791704840/?region=CN&mid=6852240923074513677&u_code=21cg28214gk8&titleType=title", "download_url": "https://www.chanmama.com/awemeDetail/6852240892791704840", "digg_count": 5476, "digg_incr": 1312, "aweme_create_time": 1595411661, "category": 15, "volume": 0, "amount": 0}, "author": {"author_id": "1420223040986775", "nickname": "八戒（下午6点直播）", "follower_count": 90050}}, {"aweme": {"aweme_id": "6852174124324850951", "aweme_title": "小山重叠金明灭，鬓云欲度香腮雪。懒起画蛾眉，弄妆梳洗迟。照花前后镜，花面交相映。新帖绣罗襦，双双金鹧鸪。", "aweme_url": "https://www.iesdouyin.com/share/video/6852174124324850951/?region=CN&mid=6852174136119528199&u_code=0&titleType=title", "download_url": "https://www.chanmama.com/awemeDetail/6852174124324850951", "digg_count": 1513, "digg_incr": 1292, "aweme_create_time": 1595396116, "category": 15, "volume": 2, "amount": 179.8}, "author": {"author_id": "67359410732", "nickname": "纵马西风", "follower_count": 187535}}, {"aweme": {"aweme_id": "6852068313153932559", "aweme_title": "有时候能阻止一个人前进的，并不是贫穷而是优越！#思维 #人生感悟 #成长 #dou出新知", "aweme_url": "https://www.iesdouyin.com/share/video/6852068313153932559/?region=CN&mid=6852068274327259917&u_code=0&titleType=title", "download_url": "https://www.chanmama.com/awemeDetail/6852068313153932559", "digg_count": 1571, "digg_incr": 1271, "aweme_create_time": 1595371482, "category": 15, "volume": 0, "amount": 0}, "author": {"author_id": "3667586581542991", "nickname": "創经验分享", "follower_count": 561759}}, {"aweme": {"aweme_id": "6852155720108952846", "aweme_title": "陈昌文方法回答学员提问之，女人怎样更牛#女性智慧 #女性商业智慧", "aweme_url": "https://www.iesdouyin.com/share/video/6852155720108952846/?region=CN&mid=6852155734948776711&u_code=45a6gmj0h2h&titleType=title", "download_url": "https://www.chanmama.com/awemeDetail/6852155720108952846", "digg_count": 9115, "digg_incr": 1270, "aweme_create_time": 1595391831, "category": 15, "volume": 1, "amount": 398}, "author": {"author_id": "101666083130", "nickname": "大优秀💏", "follower_count": 84957}}, {"aweme": {"aweme_id": "6852306430888807695", "aweme_title": "沙雕鸭：遇上了一生之敌 #复读鸭 ！#记得看到最后《三》场面一度混乱@DOU+小助手", "aweme_url": "https://www.iesdouyin.com/share/video/6852306430888807695/?region=CN&mid=6852306439625607950&u_code=0&titleType=title", "download_url": "https://www.chanmama.com/awemeDetail/6852306430888807695", "digg_count": 4002, "digg_incr": 1266, "aweme_create_time": 1595426919, "category": 15, "volume": 0, "amount": 0}, "author": {"author_id": "64117239874", "nickname": "张小维", "follower_count": 35069}}, {"aweme": {"aweme_id": "6852245371326926091", "aweme_title": "女人想长寿，一定要远离什么人呢？#写给女人 #认知 #成长", "aweme_url": "https://www.iesdouyin.com/share/video/6852245371326926091/?region=CN&mid=6852245424071936775&u_code=0&titleType=title", "download_url": "https://www.chanmama.com/awemeDetail/6852245371326926091", "digg_count": 6770, "digg_incr": 1242, "aweme_create_time": 1595412709, "category": 15, "volume": 6, "amount": 228}, "author": {"author_id": "3597237957692740", "nickname": "智慧人生", "follower_count": 237532}}, {"aweme": {"aweme_id": "6852239576828824832", "aweme_title": "我想，世界上没有比我们国家更加人性化和热心肠了的吧#法律 #成长充电站", "aweme_url": "https://www.iesdouyin.com/share/video/6852239576828824832/?region=CN&mid=6852239597855230734&u_code=0&titleType=title", "download_url": "https://www.chanmama.com/awemeDetail/6852239576828824832", "digg_count": 1785, "digg_incr": 1240, "aweme_create_time": 1595411353, "category": 15, "volume": 0, "amount": 0}, "author": {"author_id": "2207452094537863", "nickname": "法律研习社", "follower_count": 966820}}, {"aweme": {"aweme_id": "6852013552853617920", "aweme_title": "@抖书屋发了一个抖音短视频，你尽管点开，不好看算我输！", "aweme_url": "https://www.iesdouyin.com/share/video/6852013552853617920/?region=CN&mid=6705243075075476231&u_code=0&titleType=", "download_url": "https://www.chanmama.com/awemeDetail/6852013552853617920", "digg_count": 1267, "digg_incr": 1202, "aweme_create_time": 1595358761, "category": 15, "volume": 0, "amount": 0}, "author": {"author_id": "109809259498", "nickname": "抖书屋", "follower_count": 309563}}, {"aweme": {"aweme_id": "6852245596506557709", "aweme_title": "#张炘炀  #学霸  #高考 他10岁参加高考至今无人能比 @抖音小助手", "aweme_url": "https://www.iesdouyin.com/share/video/6852245596506557709/?region=CN&mid=6852245904527821581&u_code=0&titleType=title", "download_url": "https://www.chanmama.com/awemeDetail/6852245596506557709", "digg_count": 1502, "digg_incr": 1170, "aweme_create_time": 1595412817, "category": 15, "volume": 0, "amount": 0}, "author": {"author_id": "97100699771", "nickname": "奋斗人生", "follower_count": 707795}}, {"aweme": {"aweme_id": "6852241569706183949", "aweme_title": "人和车一定要靠右行驶，因为菩萨保佑！🙏@抖音小助手", "aweme_url": "https://www.iesdouyin.com/share/video/6852241569706183949/?region=CN&mid=6852241596684258055&u_code=45a6gmj0h2h&titleType=title", "download_url": "https://www.chanmama.com/awemeDetail/6852241569706183949", "digg_count": 2623, "digg_incr": 1160, "aweme_create_time": 1595411819, "category": 15, "volume": 0, "amount": 0}, "author": {"author_id": "2770368657104391", "nickname": "旺旺吠财", "follower_count": 307220}}, {"aweme": {"aweme_id": "6852076183476079880", "aweme_title": "心情不好的时候可以看看这些可爱的兔宝，关注他，每天都有有趣的视频等着你！#生活 @抖音小助手", "aweme_url": "https://www.iesdouyin.com/share/video/6852076183476079880/?region=CN&mid=6768459490620033806&u_code=0&titleType=title", "download_url": "https://www.chanmama.com/awemeDetail/6852076183476079880", "digg_count": 1977, "digg_incr": 1145, "aweme_create_time": 1595373317, "category": 15, "volume": 0, "amount": 0}, "author": {"author_id": "2770368657104391", "nickname": "旺旺吠财", "follower_count": 307220}}, {"aweme": {"aweme_id": "6852164879336410381", "aweme_title": "如果有无痛苦，无副作用，即时见效的#戒烟 方法，你会尝试吗？@DOU+小助手", "aweme_url": "https://www.iesdouyin.com/share/video/6852164879336410381/?region=CN&mid=6852164998077500168&u_code=0&titleType=title", "download_url": "https://www.chanmama.com/awemeDetail/6852164879336410381", "digg_count": 1142, "digg_incr": 1142, "aweme_create_time": 1595395754, "category": 15, "volume": 168, "amount": 6048}, "author": {"author_id": "2598861729172871", "nickname": "樊登职场精选", "follower_count": 437017}}, {"aweme": {"aweme_id": "6852111466280078592", "aweme_title": "你想要一只能学你说话的小鸭子吗？#电商￼￼", "aweme_url": "https://www.iesdouyin.com/share/video/6852111466280078592/?region=CN&mid=6852111459602664200&u_code=43c903ch7lim&titleType=title", "download_url": "https://www.chanmama.com/awemeDetail/6852111466280078592", "digg_count": 1354, "digg_incr": 1137, "aweme_create_time": 1595381526, "category": 15, "volume": 2, "amount": 77.6}, "author": {"author_id": "100406677421", "nickname": "奇葩买家秀 原追风少年", "follower_count": 351562}}, {"aweme": {"aweme_id": "6852290087837863179", "aweme_title": "人心？好一个大义凛然！如果可以，我想跺跺脚，找阎王要个人！", "aweme_url": "https://www.iesdouyin.com/share/video/6852290087837863179/?region=CN&mid=6750904764466203396&u_code=45a6gmj0h2h&titleType=title", "download_url": "https://www.chanmama.com/awemeDetail/6852290087837863179", "digg_count": 2727, "digg_incr": 1130, "aweme_create_time": 1595423119, "category": 15, "volume": 0, "amount": 0}, "author": {"author_id": "2880343770152308", "nickname": "青袖大大💋💋", "follower_count": 25255}}, {"aweme": {"aweme_id": "6852304343270477063", "aweme_title": "当下互联网时代，社交平台就是你能够借力的最大资源#思维格局", "aweme_url": "https://www.iesdouyin.com/share/video/6852304343270477063/?region=CN&mid=6852304396375968520&u_code=0&titleType=title", "download_url": "https://www.chanmama.com/awemeDetail/6852304343270477063", "digg_count": 1393, "digg_incr": 1129, "aweme_create_time": 1595426434, "category": 15, "volume": 1, "amount": 48}, "author": {"author_id": "96408903866", "nickname": "逆境思维", "follower_count": 743816}}, {"aweme": {"aweme_id": "6852069003234381071", "aweme_title": "睡前原谅一切，醒来不问过往，时间从来不语，却回答所有问题。#林徽因#好书分享 #声控语录集", "aweme_url": "https://www.iesdouyin.com/share/video/6852069003234381071/?region=CN&mid=6852068904982956808&u_code=0&titleType=title", "download_url": "https://www.chanmama.com/awemeDetail/6852069003234381071", "digg_count": 1729, "digg_incr": 1108, "aweme_create_time": 1595371642, "category": 15, "volume": 0, "amount": 0}, "author": {"author_id": "110534357664", "nickname": "九月说", "follower_count": 125176}}, {"aweme": {"aweme_id": "6852274550969830671", "aweme_title": "下班后四小时你都干点什么呢？", "aweme_url": "https://www.iesdouyin.com/share/video/6852274550969830671/?region=CN&mid=6852274578610588430&u_code=0&titleType=title", "download_url": "https://www.chanmama.com/awemeDetail/6852274550969830671", "digg_count": 4403, "digg_incr": 1103, "aweme_create_time": 1595419496, "category": 15, "volume": 99, "amount": 3828}, "author": {"author_id": "101327795601", "nickname": "思维逆袭", "follower_count": 141907}}, {"aweme": {"aweme_id": "6852284391104793856", "aweme_title": "高僧段食闭关50多天后的核心开示！#国学 #传统文化 #创业 #正能量 @抖音小助手", "aweme_url": "https://www.iesdouyin.com/share/video/6852284391104793856/?region=CN&mid=6852284432041167623&u_code=mba0j2id499&titleType=title", "download_url": "https://www.chanmama.com/awemeDetail/6852284391104793856", "digg_count": 3093, "digg_incr": 1073, "aweme_create_time": 1595421787, "category": 15, "volume": 0, "amount": 0}, "author": {"author_id": "100292127810", "nickname": "吴松谦（相毅）", "follower_count": 11940}}, {"aweme": {"aweme_id": "6852259109475978504", "aweme_title": "诗情诗魂怎么读 把自己融入其中 就会离它越来越近。 #诗词  #好书联盟", "aweme_url": "https://www.iesdouyin.com/share/video/6852259109475978504/?region=CN&mid=6852259200409242376&u_code=0&titleType=title", "download_url": "https://www.chanmama.com/awemeDetail/6852259109475978504", "digg_count": 1331, "digg_incr": 1066, "aweme_create_time": 1595415917, "category": 15, "volume": 1, "amount": 69}, "author": {"author_id": "575766611638040", "nickname": "诗词Vae", "follower_count": 144816}}, {"aweme": {"aweme_id": "6852090658690174216", "aweme_title": "半残人士过来赶个末班车🙈🙈🙈#maria舞蹈", "aweme_url": "https://www.iesdouyin.com/share/video/6852090658690174216/?region=CN&mid=6852090641539664653&u_code=0&titleType=title", "download_url": "https://www.chanmama.com/awemeDetail/6852090658690174216", "digg_count": 1313, "digg_incr": 1050, "aweme_create_time": 1595376685, "category": 15, "volume": 1, "amount": 199}, "author": {"author_id": "65309490536", "nickname": "黄冈0713", "follower_count": 622112}}, {"aweme": {"aweme_id": "6852272137609284879", "aweme_title": "#读书笔记  到家第一件事就是赶作业，想要作文写得好，好词好句摘抄少不了。如果不知读什么书，先从必读书目开始吧", "aweme_url": "https://www.iesdouyin.com/share/video/6852272137609284879/?region=CN&mid=6850409815068723975&u_code=2b77le3a16lc&titleType=title", "download_url": "https://www.chanmama.com/awemeDetail/6852272137609284879", "digg_count": 1299, "digg_incr": 1045, "aweme_create_time": 1595418934, "category": 15, "volume": 0, "amount": 0}, "author": {"author_id": "1358623447194947", "nickname": "天蝎座小优优", "follower_count": 26345}}, {"aweme": {"aweme_id": "6852227889362996488", "aweme_title": "女人如何收男人的魂，抓住男人的心#女性商业智慧 #陈昌文社群", "aweme_url": "https://www.iesdouyin.com/share/video/6852227889362996488/?region=CN&mid=6852227912436157192&u_code=0&titleType=title", "download_url": "https://www.chanmama.com/awemeDetail/6852227889362996488", "digg_count": 1420, "digg_incr": 1045, "aweme_create_time": 1595408634, "category": 15, "volume": 0, "amount": 0}, "author": {"author_id": "641745105467725", "nickname": "孟母智慧", "follower_count": 212979}}, {"aweme": {"aweme_id": "6852216305324494095", "aweme_title": "空调二次安装，室外机线应该怎么接？小知识，大用处！", "aweme_url": "https://www.iesdouyin.com/share/video/6852216305324494095/?region=CN&mid=6852216351784749837&u_code=0&titleType=title", "download_url": "https://www.chanmama.com/awemeDetail/6852216305324494095", "digg_count": 1589, "digg_incr": 1045, "aweme_create_time": 1595405935, "category": 15, "volume": 10, "amount": 468}, "author": {"author_id": "102543706681", "nickname": "家电维修杨彦朋", "follower_count": 131836}}, {"aweme": {"aweme_id": "6852224847787920640", "aweme_title": "你觉得一个月工资2万高吗？#戴朋飞 #思维 #副业 @戴朋飞的故事", "aweme_url": "https://www.iesdouyin.com/share/video/6852224847787920640/?region=CN&mid=6852224891920370446&u_code=0&titleType=title", "download_url": "https://www.chanmama.com/awemeDetail/6852224847787920640", "digg_count": 1664, "digg_incr": 1034, "aweme_create_time": 1595407924, "category": 15, "volume": 3, "amount": 108}, "author": {"author_id": "100786113011", "nickname": "戴朋飞", "follower_count": 834993}}, {"aweme": {"aweme_id": "6852251966895148288", "aweme_title": "《未来简史》中的经典观点，令人拍案。#读书 #文字", "aweme_url": "https://www.iesdouyin.com/share/video/6852251966895148288/?region=CN&mid=6852251991125625614&u_code=3ghh3kbgkj6b&titleType=title", "download_url": "https://www.chanmama.com/awemeDetail/6852251966895148288", "digg_count": 6477, "digg_incr": 1020, "aweme_create_time": 1595414238, "category": 15, "volume": 5, "amount": 440}, "author": {"author_id": "2031525543289502", "nickname": "金句", "follower_count": 66192}}, {"aweme": {"aweme_id": "6852216855046720776", "aweme_title": "来到这两个字你会想到哪两个字#涨知识了 #汉字博大精深", "aweme_url": "https://www.iesdouyin.com/share/video/6852216855046720776/?region=CN&mid=6852216878371228423&u_code=1g184cmc5edd&titleType=title", "download_url": "https://www.chanmama.com/awemeDetail/6852216855046720776", "digg_count": 2101, "digg_incr": 1006, "aweme_create_time": 1595406065, "category": 15, "volume": 0, "amount": 0}, "author": {"author_id": "61843072531", "nickname": "芥末小知识", "follower_count": 320313}}, {"aweme": {"aweme_id": "6852146460289469710", "aweme_title": "#钱 #挣钱难 @抖音小助手", "aweme_url": "https://www.iesdouyin.com/share/video/6852146460289469710/?region=CN&mid=6852146469386930958&u_code=1g184cmglb3j&titleType=title", "download_url": "https://www.chanmama.com/awemeDetail/6852146460289469710", "digg_count": 2704, "digg_incr": 996, "aweme_create_time": 1595389675, "category": 15, "volume": 0, "amount": 0}, "author": {"author_id": "2770368657104391", "nickname": "旺旺吠财", "follower_count": 307220}}, {"aweme": {"aweme_id": "6852145907027299598", "aweme_title": "一个女人，你如果想要幸福，一定不要嫁给这种毁妻男#爱情 #情感 #女人", "aweme_url": "https://www.iesdouyin.com/share/video/6852145907027299598/?region=CN&mid=6852145932755438343&u_code=0&titleType=title", "download_url": "https://www.chanmama.com/awemeDetail/6852145907027299598", "digg_count": 1160, "digg_incr": 985, "aweme_create_time": 1595389546, "category": 15, "volume": 0, "amount": 0}, "author": {"author_id": "3302550562407837", "nickname": "苏语说", "follower_count": 334678}}, {"aweme": {"aweme_id": "6852261144170663176", "aweme_title": "练字没有捷径，从一年级开始边哭边写，到现在的主动练习，收获满满。含泪播种的人，一定能含笑收获!继续努力!#练字", "aweme_url": "https://www.iesdouyin.com/share/video/6852261144170663176/?region=CN&mid=6852261187544042254&u_code=2jifj957kd77&titleType=title", "download_url": "https://www.chanmama.com/awemeDetail/6852261144170663176", "digg_count": 1503, "digg_incr": 979, "aweme_create_time": 1595416376, "category": 15, "volume": 21, "amount": 394.8}, "author": {"author_id": "98103471720", "nickname": "我爱笑", "follower_count": 40612}}, {"aweme": {"aweme_id": "6852124610142539012", "aweme_title": "数学不会就狂刷题，英语不好就狂背单词，语文不懂就多写多背。5点钟的夜真的很黑，但300分的成绩真的很耀眼#奥数", "aweme_url": "https://www.iesdouyin.com/share/video/6852124610142539012/?region=CN&mid=6804982499945990925&u_code=himldha1l83&titleType=title", "download_url": "https://www.chanmama.com/awemeDetail/6852124610142539012", "digg_count": 2361, "digg_incr": 979, "aweme_create_time": 1595384595, "category": 15, "volume": 9, "amount": 448.2}, "author": {"author_id": "96163479480", "nickname": "上帝的宠儿", "follower_count": 83212}}, {"aweme": {"aweme_id": "6852142985514061064", "aweme_title": "哈佛情商#心理学 @DOU+小助手", "aweme_url": "https://www.iesdouyin.com/share/video/6852142985514061064/?region=CN&mid=6852142994582260488&u_code=gcg01jaambg&titleType=title", "download_url": "https://www.chanmama.com/awemeDetail/6852142985514061064", "digg_count": 2336, "digg_incr": 967, "aweme_create_time": 1595388866, "category": 15, "volume": 0, "amount": 0}, "author": {"author_id": "103249779853", "nickname": "情商修行", "follower_count": 308802}}, {"aweme": {"aweme_id": "6852144358410505480", "aweme_title": "尾数是5的平方计算，学会规律快10倍#暑期充电指南 #学浪计划 #小学数学 @学浪计划", "aweme_url": "https://www.iesdouyin.com/share/video/6852144358410505480/?region=CN&mid=6852144367290157837&u_code=0&titleType=title", "download_url": "https://www.chanmama.com/awemeDetail/6852144358410505480", "digg_count": 1046, "digg_incr": 960, "aweme_create_time": 1595389185, "category": 15, "volume": 0, "amount": 0}, "author": {"author_id": "3452116302563415", "nickname": "数学大王周老师", "follower_count": 406825}}]}