{"data": [{"aweme": {"aweme_id": "6852296773952638221", "aweme_title": "黑色衬衫一套都有帅气十足#我的高光一刻 #男装搭配@DOU+小助手", "aweme_url": "https://www.iesdouyin.com/share/video/6852296773952638221/?region=CN&mid=6824441291406101262&u_code=3ghh3kbgkj6b&titleType=title", "download_url": "https://www.chanmama.com/awemeDetail/6852296773952638221", "digg_count": 39409, "digg_incr": 31560, "aweme_create_time": 1595424671, "category": 2, "volume": 302, "amount": 17153.6}, "author": {"author_id": "2071131463102334", "nickname": "倩倩家服饰", "follower_count": 84667}}, {"aweme": {"aweme_id": "6852141009451765007", "aweme_title": "#金球奖历史首次中断评选 快来看各大球星反应！莱万太难了！#足球 #捧杯挑战 #C罗 #莱万", "aweme_url": "https://www.iesdouyin.com/share/video/6852141009451765007/?region=CN&mid=6852141019614448398&u_code=38l01934708&titleType=title", "download_url": "https://www.chanmama.com/awemeDetail/6852141009451765007", "digg_count": 25595, "digg_incr": 20833, "aweme_create_time": 1595388404, "category": 2, "volume": 0, "amount": 0}, "author": {"author_id": "54296531236", "nickname": "足坛彪小二", "follower_count": 48451}}, {"aweme": {"aweme_id": "6852164818254826767", "aweme_title": "这条牛仔裤还挺🉑️#秋季穿搭", "aweme_url": "https://www.iesdouyin.com/share/video/6852164818254826767/?region=CN&mid=6845843445056097037&u_code=0&titleType=title", "download_url": "https://www.chanmama.com/awemeDetail/6852164818254826767", "digg_count": 63095, "digg_incr": 20568, "aweme_create_time": 1595393948, "category": 2, "volume": 8, "amount": 1032}, "author": {"author_id": "61986754338", "nickname": "致橡树", "follower_count": 581855}}, {"aweme": {"aweme_id": "6852188513559923983", "aweme_title": "有一个爱吃醋的女朋友是什么体验#湖人 #篮球 #吃醋", "aweme_url": "https://www.iesdouyin.com/share/video/6852188513559923983/?region=CN&mid=6852188517653678861&u_code=45a6gmj0h2h&titleType=title", "download_url": "https://www.chanmama.com/awemeDetail/6852188513559923983", "digg_count": 12309, "digg_incr": 12216, "aweme_create_time": 1595399464, "category": 2, "volume": 0, "amount": 0}, "author": {"author_id": "95709158915", "nickname": "一只湖妹", "follower_count": 52548}}, {"aweme": {"aweme_id": "6852241401627823363", "aweme_title": "开着门睡，我是不是要早点回家了？#抖音小助手", "aweme_url": "https://www.iesdouyin.com/share/video/6852241401627823363/?region=CN&mid=6852241517688490759&u_code=22e1cba375g&titleType=title", "download_url": "https://www.chanmama.com/awemeDetail/6852241401627823363", "digg_count": 12426, "digg_incr": 9610, "aweme_create_time": 1595411785, "category": 2, "volume": 0, "amount": 0}, "author": {"author_id": "60296452269", "nickname": "王小二很皮❗️", "follower_count": 435079}}, {"aweme": {"aweme_id": "6852155802321538318", "aweme_title": "男生穿Dk绝对比女生好看#男生穿搭 #穿搭技巧 #每日穿搭分享 @抖音小助手", "aweme_url": "https://www.iesdouyin.com/share/video/6852155802321538318/?region=CN&mid=6852155793953803021&u_code=45a6gmj0h2h&titleType=title", "download_url": "https://www.chanmama.com/awemeDetail/6852155802321538318", "digg_count": 10019, "digg_incr": 7883, "aweme_create_time": 1595391850, "category": 2, "volume": 3, "amount": 164}, "author": {"author_id": "4406489861850382", "nickname": "男神搭配师", "follower_count": 59}}, {"aweme": {"aweme_id": "6852233150538599695", "aweme_title": "揭秘zui大闷包#球鞋 #鞋狗的日常 #鞋王之王 #奥莱之王 #奥特莱斯 #闷包 #手机 #劳力士", "aweme_url": "https://www.iesdouyin.com/share/video/6852233150538599695/?region=CN&mid=6852233184730516237&u_code=45a6gmj0h2h&titleType=title", "download_url": "https://www.chanmama.com/awemeDetail/6852233150538599695", "digg_count": 9349, "digg_incr": 6290, "aweme_create_time": 1595409857, "category": 2, "volume": 0, "amount": 0}, "author": {"author_id": "91757609868", "nickname": "光头哥不光头", "follower_count": 251691}}, {"aweme": {"aweme_id": "6852273648061959432", "aweme_title": "三十六计 走为上策@抖音小助手 @抖音MCN", "aweme_url": "https://www.iesdouyin.com/share/video/6852273648061959432/?region=CN&mid=6852273679561132807&u_code=0&titleType=title", "download_url": "https://www.chanmama.com/awemeDetail/6852273648061959432", "digg_count": 7387, "digg_incr": 4820, "aweme_create_time": 1595419287, "category": 2, "volume": 7, "amount": 343}, "author": {"author_id": "64854863333", "nickname": "江龙", "follower_count": 516817}}, {"aweme": {"aweme_id": "6852321678047841549", "aweme_title": "黑色一套涂鸦T恤加工装裤。好看又便宜。#我的高光一刻 #男装搭配@DOU+小助手", "aweme_url": "https://www.iesdouyin.com/share/video/6852321678047841549/?region=CN&mid=6824441291406101262&u_code=107m7bg5i135&titleType=title", "download_url": "https://www.chanmama.com/awemeDetail/6852321678047841549", "digg_count": 5013, "digg_incr": 4746, "aweme_create_time": 1595430471, "category": 2, "volume": 0, "amount": 0}, "author": {"author_id": "106347681681", "nickname": "张天恩服饰", "follower_count": 89260}}, {"aweme": {"aweme_id": "6852249885719252239", "aweme_title": "野球场这种球你们觉得算犯规吗？", "aweme_url": "https://www.iesdouyin.com/share/video/6852249885719252239/?region=CN&mid=6852249896503053064&u_code=37jee62h06km&titleType=title", "download_url": "https://www.chanmama.com/awemeDetail/6852249885719252239", "digg_count": 4900, "digg_incr": 4417, "aweme_create_time": 1595413754, "category": 2, "volume": 0, "amount": 0}, "author": {"author_id": "69238572649", "nickname": "方良超", "follower_count": 424927}}, {"aweme": {"aweme_id": "6852085016256679183", "aweme_title": "生个儿子吧！可甜可盐的那种，每天都给他穿上漂亮的衣服，从小培养审美力，走到哪里都是羡慕的目光！#童装", "aweme_url": "https://www.iesdouyin.com/share/video/6852085016256679183/?region=CN&mid=6823607698848893703&u_code=j730d40cij&titleType=title", "download_url": "https://www.chanmama.com/awemeDetail/6852085016256679183", "digg_count": 9408, "digg_incr": 4376, "aweme_create_time": 1595375369, "category": 2, "volume": 0, "amount": 0}, "author": {"author_id": "4036999189892899", "nickname": "龙凤潮搭", "follower_count": 450735}}, {"aweme": {"aweme_id": "6852319551909039360", "aweme_title": "喜欢一切从简的东西", "aweme_url": "https://www.iesdouyin.com/share/video/6852319551909039360/?region=CN&mid=6821436630244018952&u_code=3ghh3kbgkj6b&titleType=title", "download_url": "https://www.chanmama.com/awemeDetail/6852319551909039360", "digg_count": 8613, "digg_incr": 4351, "aweme_create_time": 1595429975, "category": 2, "volume": 0, "amount": 0}, "author": {"author_id": "103783495829", "nickname": "郭水晶", "follower_count": 65525}}, {"aweme": {"aweme_id": "6852081791885380871", "aweme_title": "三分长相七分打扮，孩子从小让他尝试不同的衣服，就算长相一般，衣品也可以提高气质和自信#童装搭配 #抖音小助手", "aweme_url": "https://www.iesdouyin.com/share/video/6852081791885380871/?region=CN&mid=6842254333094938626&u_code=0&titleType=title", "download_url": "https://www.chanmama.com/awemeDetail/6852081791885380871", "digg_count": 6091, "digg_incr": 4196, "aweme_create_time": 1595374622, "category": 2, "volume": 229, "amount": 15801}, "author": {"author_id": "2000735625287131", "nickname": "庭悦童装", "follower_count": 33036}}, {"aweme": {"aweme_id": "6852005566101966091", "aweme_title": "一直对穿衬衫的男生没有抵抗力#男装搭配 #高光时刻 #正在直播中@DOU+小助手", "aweme_url": "https://www.iesdouyin.com/share/video/6852005566101966091/?region=CN&mid=6824441291406101262&u_code=3he6ad2j2g6j&titleType=title", "download_url": "https://www.chanmama.com/awemeDetail/6852005566101966091", "digg_count": 4183, "digg_incr": 4087, "aweme_create_time": 1595356984, "category": 2, "volume": 273, "amount": 15506.4}, "author": {"author_id": "2071131463102334", "nickname": "倩倩家服饰", "follower_count": 84667}}, {"aweme": {"aweme_id": "6852139125970177295", "aweme_title": "比你优秀的人比你还要努力，你还有什么资格不去奋斗？#詹姆斯 #训练 #勒布朗詹姆斯 #扣篮 #dou来NBA", "aweme_url": "https://www.iesdouyin.com/share/video/6852139125970177295/?region=CN&mid=6687921562231786254&u_code=44iflga07bi7&titleType=title", "download_url": "https://www.chanmama.com/awemeDetail/6852139125970177295", "digg_count": 4119, "digg_incr": 3852, "aweme_create_time": 1595387965, "category": 2, "volume": 4, "amount": 215}, "author": {"author_id": "395426556022163", "nickname": "蜗壳体育", "follower_count": 46220}}, {"aweme": {"aweme_id": "6852157420366482700", "aweme_title": "看好了 小伙子们，你们的大北二来咯#穿搭 #迷惑行为大赏", "aweme_url": "https://www.iesdouyin.com/share/video/6852157420366482700/?region=CN&mid=6812144532164184840&u_code=45a6gmj0h2h&titleType=title", "download_url": "https://www.chanmama.com/awemeDetail/6852157420366482700", "digg_count": 4187, "digg_incr": 3803, "aweme_create_time": 1595392233, "category": 2, "volume": 2, "amount": 298}, "author": {"author_id": "61435370877", "nickname": "北二出口", "follower_count": 790523}}, {"aweme": {"aweme_id": "6852188400229928205", "aweme_title": "最近有点歌荒，你们有什么好音乐可以让我跳的  #舞蹈@DOU+小助手", "aweme_url": "https://www.iesdouyin.com/share/video/6852188400229928205/?region=CN&mid=6852188515199929095&u_code=0&titleType=title", "download_url": "https://www.chanmama.com/awemeDetail/6852188400229928205", "digg_count": 4462, "digg_incr": 3621, "aweme_create_time": 1595399462, "category": 2, "volume": 0, "amount": 0}, "author": {"author_id": "360259853746685", "nickname": "工藤心仪", "follower_count": 444528}}, {"aweme": {"aweme_id": "6852249578268282127", "aweme_title": "一个人撑伞的日子，别忘了还有EDG陪你啊 #edg #英雄联盟 #撑伞", "aweme_url": "https://www.iesdouyin.com/share/video/6852249578268282127/?region=CN&mid=6852249591329393415&u_code=2d09c07adj07&titleType=title", "download_url": "https://www.chanmama.com/awemeDetail/6852249578268282127", "digg_count": 4466, "digg_incr": 3560, "aweme_create_time": 1595413682, "category": 2, "volume": 9, "amount": 1161}, "author": {"author_id": "85454661945", "nickname": "EDG电子竞技俱乐部", "follower_count": 784691}}, {"aweme": {"aweme_id": "6851973465512103175", "aweme_title": "新款来啦，修身显瘦T恤+休闲风长裤，一套显瘦又显高 #穿搭  #女装新品日", "aweme_url": "https://www.iesdouyin.com/share/video/6851973465512103175/?region=CN&mid=6851973840197667592&u_code=45a6gmj0h2h&titleType=title", "download_url": "https://www.chanmama.com/awemeDetail/6851973465512103175", "digg_count": 3979, "digg_incr": 3387, "aweme_create_time": 1595366580, "category": 2, "volume": 119, "amount": 5938.099999999999}, "author": {"author_id": "99144022204", "nickname": "鑫衣尚女装店", "follower_count": 696240}}, {"aweme": {"aweme_id": "6852151743094983943", "aweme_title": "#传说之下 #bbox  你们要的g爹来了！", "aweme_url": "https://www.iesdouyin.com/share/video/6852151743094983943/?region=CN&mid=6852151747688188679&u_code=45a6gmj0h2h&titleType=title", "download_url": "https://www.chanmama.com/awemeDetail/6852151743094983943", "digg_count": 4357, "digg_incr": 3046, "aweme_create_time": 1595390904, "category": 2, "volume": 2, "amount": 396}, "author": {"author_id": "3702767095650212", "nickname": "泰B~", "follower_count": 159403}}, {"aweme": {"aweme_id": "6852116496412364040", "aweme_title": "不是我吹牛，你的裤装肯定没有我的高级 #穿搭 #乘风破浪的姐姐 #小个子穿搭", "aweme_url": "https://www.iesdouyin.com/share/video/6852116496412364040/?region=CN&mid=6852116496211643144&u_code=0&titleType=title", "download_url": "https://www.chanmama.com/awemeDetail/6852116496412364040", "digg_count": 2925, "digg_incr": 2925, "aweme_create_time": 1595382699, "category": 2, "volume": 115, "amount": 5635}, "author": {"author_id": "272313687215245", "nickname": "兔子穿搭推荐🐰(直播间买)", "follower_count": 42211}}, {"aweme": {"aweme_id": "6852215807456398606", "aweme_title": "进来喝点水吧#五年四班 #搞笑 @五年四班大D哥 @五年四班大海", "aweme_url": "https://www.iesdouyin.com/share/video/6852215807456398606/?region=CN&mid=6852216091671153421&u_code=45a6gmj0h2h&titleType=title", "download_url": "https://www.chanmama.com/awemeDetail/6852215807456398606", "digg_count": 4012, "digg_incr": 2859, "aweme_create_time": 1595405821, "category": 2, "volume": 0, "amount": 0}, "author": {"author_id": "103162899183", "nickname": "新青年五年四班", "follower_count": 484901}}, {"aweme": {"aweme_id": "6852251375158430987", "aweme_title": "@姚全 你说3遍，到底韩德君这球走没走步阿，吹罚的可是国际级裁判闫军#dou来cba", "aweme_url": "https://www.iesdouyin.com/share/video/6852251375158430987/?region=CN&mid=6852251415126035208&u_code=45a6gmj0h2h&titleType=title", "download_url": "https://www.chanmama.com/awemeDetail/6852251375158430987", "digg_count": 3243, "digg_incr": 2749, "aweme_create_time": 1595414107, "category": 2, "volume": 0, "amount": 0}, "author": {"author_id": "95190374027", "nickname": "辽篮球迷后援会", "follower_count": 506681}}, {"aweme": {"aweme_id": "6852157443397471501", "aweme_title": "腿粗屁股大的女生这样穿，老公再也不会说你丑 #穿搭 #小个子穿搭 #乘风破浪的姐姐", "aweme_url": "https://www.iesdouyin.com/share/video/6852157443397471501/?region=CN&mid=6852157429728971533&u_code=0&titleType=title", "download_url": "https://www.chanmama.com/awemeDetail/6852157443397471501", "digg_count": 4580, "digg_incr": 2684, "aweme_create_time": 1595392232, "category": 2, "volume": 15, "amount": 585}, "author": {"author_id": "272313687215245", "nickname": "兔子穿搭推荐🐰(直播间买)", "follower_count": 42211}}, {"aweme": {"aweme_id": "6852051389825223943", "aweme_title": "一套炒鸡便宜，拍一发二，涂鸦Ｔ配暴冰裤", "aweme_url": "https://www.iesdouyin.com/share/video/6852051389825223943/?region=CN&mid=6830859506524752654&u_code=45a6gmj0h2h&titleType=title", "download_url": "https://www.chanmama.com/awemeDetail/6852051389825223943", "digg_count": 6024, "digg_incr": 2677, "aweme_create_time": 1595367565, "category": 2, "volume": 755, "amount": 44565.9}, "author": {"author_id": "610971892333965", "nickname": "龚蚊子服装商行", "follower_count": 198149}}, {"aweme": {"aweme_id": "6852243970018315535", "aweme_title": "人靠衣装马靠鞍，不会穿搭不要酸🍋#精神小伙@DOU+小助手", "aweme_url": "https://www.iesdouyin.com/share/video/6852243970018315535/?region=CN&mid=6852243980018273037&u_code=0&titleType=title", "download_url": "https://www.chanmama.com/awemeDetail/6852243970018315535", "digg_count": 3002, "digg_incr": 2651, "aweme_create_time": 1595412376, "category": 2, "volume": 0, "amount": 0}, "author": {"author_id": "106341587732", "nickname": "你的范爷呀", "follower_count": 149383}}, {"aweme": {"aweme_id": "6852246377636891917", "aweme_title": "自从穿上妈妈给我买的这条五分裤后 隔壁班的女同学天天喊我男神#青菜拼车拼拼拼 #夏季穿搭", "aweme_url": "https://www.iesdouyin.com/share/video/6852246377636891917/?region=CN&mid=6852246429432662798&u_code=29e686k94ldf&titleType=title", "download_url": "https://www.chanmama.com/awemeDetail/6852246377636891917", "digg_count": 2614, "digg_incr": 2578, "aweme_create_time": 1595412945, "category": 2, "volume": 30, "amount": 2250}, "author": {"author_id": "93391090983", "nickname": "九月桂", "follower_count": 18455}}, {"aweme": {"aweme_id": "6852248229745052943", "aweme_title": "你们要的小美来了，剩下看你们了 #上海话@DOU+小助手", "aweme_url": "https://www.iesdouyin.com/share/video/6852248229745052943/?region=CN&mid=6852248245511424782&u_code=20693j448c4e&titleType=title", "download_url": "https://www.chanmama.com/awemeDetail/6852248229745052943", "digg_count": 2973, "digg_incr": 2539, "aweme_create_time": 1595413368, "category": 2, "volume": 0, "amount": 0}, "author": {"author_id": "95113094551", "nickname": "上海小马哥", "follower_count": 207639}}, {"aweme": {"aweme_id": "6852135408516582663", "aweme_title": "#dangerouspeople 这次很遗憾，大家都没有猜中会以什么方式开箱😜😜期待大家下次的脑洞！", "aweme_url": "https://www.iesdouyin.com/share/video/6852135408516582663/?region=CN&mid=6852135490691500814&u_code=0&titleType=title", "download_url": "https://www.chanmama.com/awemeDetail/6852135408516582663", "digg_count": 3857, "digg_incr": 2531, "aweme_create_time": 1595387111, "category": 2, "volume": 1, "amount": 259}, "author": {"author_id": "2994706805424301", "nickname": "DangerousPeople", "follower_count": 137061}}, {"aweme": {"aweme_id": "6852148941232868608", "aweme_title": "大家都是一路人，脑子都缺点啥😂#换装 @DOU+小助手", "aweme_url": "https://www.iesdouyin.com/share/video/6852148941232868608/?region=CN&mid=6852148940717640462&u_code=20g3ifb1immj&titleType=title", "download_url": "https://www.chanmama.com/awemeDetail/6852148941232868608", "digg_count": 2526, "digg_incr": 2514, "aweme_create_time": 1595390251, "category": 2, "volume": 1, "amount": 99}, "author": {"author_id": "3663194303763512", "nickname": "艾瑞克穿什么", "follower_count": 17371}}, {"aweme": {"aweme_id": "6852243756696063239", "aweme_title": "男生如何根据自己的性格选衣服，建议收藏！#性格改变命运 #学生党穿搭@DOU+小助手", "aweme_url": "https://www.iesdouyin.com/share/video/6852243756696063239/?region=CN&mid=6852243781782113031&u_code=448l6k2l6e71&titleType=title", "download_url": "https://www.chanmama.com/awemeDetail/6852243756696063239", "digg_count": 2664, "digg_incr": 2489, "aweme_create_time": 1595412328, "category": 2, "volume": 0, "amount": 0}, "author": {"author_id": "83802847932", "nickname": "华仔穿搭", "follower_count": 446480}}, {"aweme": {"aweme_id": "6852309551639776520", "aweme_title": "贫穷比嘲笑更可怕 我只想搞💰", "aweme_url": "https://www.iesdouyin.com/share/video/6852309551639776520/?region=CN&mid=6824441291406101262&u_code=3ghh3kbgkj6b&titleType=title", "download_url": "https://www.chanmama.com/awemeDetail/6852309551639776520", "digg_count": 2582, "digg_incr": 2399, "aweme_create_time": 1595427647, "category": 2, "volume": 0, "amount": 0}, "author": {"author_id": "81556042931", "nickname": "大脸酥服装工厂（七月宠粉月）", "follower_count": 622003}}, {"aweme": {"aweme_id": "6852197845227818254", "aweme_title": "宝宝们 这款别错过 快来 #爆款", "aweme_url": "https://www.iesdouyin.com/share/video/6852197845227818254/?region=CN&mid=6852197885887433479&u_code=0&titleType=title", "download_url": "https://www.chanmama.com/awemeDetail/6852197845227818254", "digg_count": 2767, "digg_incr": 2332, "aweme_create_time": 1595401639, "category": 2, "volume": 149, "amount": 11771}, "author": {"author_id": "2981464003323774", "nickname": "表妹-艾蒂佳佳服饰", "follower_count": 217523}}, {"aweme": {"aweme_id": "6852248001616891151", "aweme_title": "89年32岁，浙江温州人，经营男装店，擅长男装搭配，不抽烟不喝酒，不嫌弃认识一下，旁边➡️第一排第四个可以找我", "aweme_url": "https://www.iesdouyin.com/share/video/6852248001616891151/?region=CN&mid=6806088779787406087&u_code=363d0kkf8g79&titleType=title", "download_url": "https://www.chanmama.com/awemeDetail/6852248001616891151", "digg_count": 2342, "digg_incr": 2254, "aweme_create_time": 1595413315, "category": 2, "volume": 0, "amount": 0}, "author": {"author_id": "2378991298684196", "nickname": "天颜美服装店", "follower_count": 261760}}, {"aweme": {"aweme_id": "6852002674599021832", "aweme_title": "如果小哥哥说要减肥，你会怎么想？@何枝红  #蜀都街拍", "aweme_url": "https://www.iesdouyin.com/share/video/6852002674599021832/?region=CN&mid=6852006859528866573&u_code=461mk57lm7gh&titleType=title", "download_url": "https://www.chanmama.com/awemeDetail/6852002674599021832", "digg_count": 3262, "digg_incr": 2211, "aweme_create_time": 1595383200, "category": 2, "volume": 0, "amount": 0}, "author": {"author_id": "98477385564", "nickname": "男人装℡", "follower_count": 590319}}, {"aweme": {"aweme_id": "6852146894685162752", "aweme_title": "我这么有趣 谁错过我 都不是我的遗憾", "aweme_url": "https://www.iesdouyin.com/share/video/6852146894685162752/?region=CN&mid=6852146899630279438&u_code=0&titleType=title", "download_url": "https://www.chanmama.com/awemeDetail/6852146894685162752", "digg_count": 3883, "digg_incr": 2201, "aweme_create_time": 1595389774, "category": 2, "volume": 0, "amount": 0}, "author": {"author_id": "61677974636", "nickname": "Ericchan", "follower_count": 175692}}, {"aweme": {"aweme_id": "6852192815686995207", "aweme_title": "新款闺蜜装来了，炒鸡洋气的蓝色上线，长款和短款都有，喜欢的宝宝们快来直播间吧#焕新穿搭秀 @抖音小助手", "aweme_url": "https://www.iesdouyin.com/share/video/6852192815686995207/?region=CN&mid=6828108065494009870&u_code=45a6gmj0h2h&titleType=title", "download_url": "https://www.chanmama.com/awemeDetail/6852192815686995207", "digg_count": 2174, "digg_incr": 2175, "aweme_create_time": 1595400468, "category": 2, "volume": 2, "amount": 118}, "author": {"author_id": "81562983677", "nickname": "文飞服装", "follower_count": 160681}}, {"aweme": {"aweme_id": "6852130360701013262", "aweme_title": "男生其实不喜欢打篮球的女孩 他们喜欢的是打球里好看的女孩", "aweme_url": "https://www.iesdouyin.com/share/video/6852130360701013262/?region=CN&mid=6837461474225736462&u_code=15jlg9fgbgg8&titleType=title", "download_url": "https://www.chanmama.com/awemeDetail/6852130360701013262", "digg_count": 2962, "digg_incr": 2047, "aweme_create_time": 1595385926, "category": 2, "volume": 0, "amount": 0}, "author": {"author_id": "58584023753", "nickname": "欧阳沐", "follower_count": 542800}}, {"aweme": {"aweme_id": "6852143639552904448", "aweme_title": "@二婷衣橱发了一个抖音短视频，你尽管点开，不好看算我输！", "aweme_url": "https://www.iesdouyin.com/share/video/6852143639552904448/?region=CN&mid=6852143640676977415&u_code=45a6gmj0h2h&titleType=", "download_url": "https://www.chanmama.com/awemeDetail/6852143639552904448", "digg_count": 2359, "digg_incr": 2045, "aweme_create_time": 1595389016, "category": 2, "volume": 1, "amount": 89}, "author": {"author_id": "61840835092", "nickname": "二婷衣橱", "follower_count": 306323}}, {"aweme": {"aweme_id": "6852199714297859336", "aweme_title": "#德云社 #郭德纲 讲述#于谦 幽默趣事", "aweme_url": "https://www.iesdouyin.com/share/video/6852199714297859336/?region=CN&mid=6852199785949465352&u_code=0&titleType=title", "download_url": "https://www.chanmama.com/awemeDetail/6852199714297859336", "digg_count": 3254, "digg_incr": 1979, "aweme_create_time": 1595402083, "category": 2, "volume": 1, "amount": 49.8}, "author": {"author_id": "3803940410891870", "nickname": "德云新一度", "follower_count": 527508}}, {"aweme": {"aweme_id": "6852259010612120836", "aweme_title": "他强任他强#尼克杨 #他强任他强 #杨少侠 #dou来NBA", "aweme_url": "https://www.iesdouyin.com/share/video/6852259010612120836/?region=CN&mid=6836151973109041927&u_code=107m7bg5i135&titleType=title", "download_url": "https://www.chanmama.com/awemeDetail/6852259010612120836", "digg_count": 2157, "digg_incr": 1947, "aweme_create_time": 1595415885, "category": 2, "volume": 0, "amount": 0}, "author": {"author_id": "1310209144789115", "nickname": "篮球之王", "follower_count": 14093}}, {"aweme": {"aweme_id": "6852141670809472271", "aweme_title": "看到最后你会忍不住和老大一起笑#科比 #重启新赛", "aweme_url": "https://www.iesdouyin.com/share/video/6852141670809472271/?region=CN&mid=6852141676811537160&u_code=gcg01jaambg&titleType=title", "download_url": "https://www.chanmama.com/awemeDetail/6852141670809472271", "digg_count": 2378, "digg_incr": 1920, "aweme_create_time": 1595388558, "category": 2, "volume": 3, "amount": 87}, "author": {"author_id": "94287868791", "nickname": "KOBE SHOW", "follower_count": 43426}}, {"aweme": {"aweme_id": "6852153299194481927", "aweme_title": "看够了花里胡哨来试试纯色搭配#穿搭 #不负吾爱探索x面 #搭配 #显瘦穿搭", "aweme_url": "https://www.iesdouyin.com/share/video/6852153299194481927/?region=CN&mid=6852153311408311053&u_code=107m7bg5i135&titleType=title", "download_url": "https://www.chanmama.com/awemeDetail/6852153299194481927", "digg_count": 2866, "digg_incr": 1866, "aweme_create_time": 1595391267, "category": 2, "volume": 13, "amount": 2834}, "author": {"author_id": "100372727129", "nickname": "NapLab", "follower_count": 725571}}, {"aweme": {"aweme_id": "6852144098535623951", "aweme_title": "被拒绝了，我还是做回曾经的自己吧#气质穿搭 #每日穿搭分享 #休闲小西装 #成熟型男 @DOU+小助手", "aweme_url": "https://www.iesdouyin.com/share/video/6852144098535623951/?region=CN&mid=6852144105699822343&u_code=4bdm637077de&titleType=title", "download_url": "https://www.chanmama.com/awemeDetail/6852144098535623951", "digg_count": 2836, "digg_incr": 1863, "aweme_create_time": 1595389123, "category": 2, "volume": 0, "amount": 0}, "author": {"author_id": "1450947499533672", "nickname": "气质穿搭学院", "follower_count": 169395}}, {"aweme": {"aweme_id": "6852152294629297422", "aweme_title": "新款格子衬衫，好看好穿不挑人 #格子控 #衬衫控#穿搭#717奇妙好物在这里", "aweme_url": "https://www.iesdouyin.com/share/video/6852152294629297422/?region=CN&mid=6852152356126182152&u_code=107m7bg5i135&titleType=title", "download_url": "https://www.chanmama.com/awemeDetail/6852152294629297422", "digg_count": 4628, "digg_incr": 1836, "aweme_create_time": 1595417400, "category": 2, "volume": 15, "amount": 675}, "author": {"author_id": "3368497525831998", "nickname": "常熟市珍珍屋服装商行", "follower_count": 161808}}, {"aweme": {"aweme_id": "6852204978854006016", "aweme_title": "说了再见……#日常穿搭", "aweme_url": "https://www.iesdouyin.com/share/video/6852204978854006016/?region=CN&mid=6851730460314520333&u_code=455adch37bf4&titleType=title", "download_url": "https://www.chanmama.com/awemeDetail/6852204978854006016", "digg_count": 2127, "digg_incr": 1823, "aweme_create_time": 1595403298, "category": 2, "volume": 3, "amount": 174}, "author": {"author_id": "62471402749", "nickname": "LH_", "follower_count": 157049}}, {"aweme": {"aweme_id": "6852200793848728839", "aweme_title": "暑假必备的中国风套装，适合12-26岁男生！#中国风 #夏季套装 #感谢官方我要上热门", "aweme_url": "https://www.iesdouyin.com/share/video/6852200793848728839/?region=CN&mid=6852200804133161736&u_code=455adch37bf4&titleType=title", "download_url": "https://www.chanmama.com/awemeDetail/6852200793848728839", "digg_count": 2684, "digg_incr": 1819, "aweme_create_time": 1595402325, "category": 2, "volume": 42, "amount": 2581}, "author": {"author_id": "4402074871404947", "nickname": "潮男搭配法则", "follower_count": 46747}}, {"aweme": {"aweme_id": "6852207991727344910", "aweme_title": "让自己快乐快乐这才叫做意义", "aweme_url": "https://www.iesdouyin.com/share/video/6852207991727344910/?region=CN&mid=6847490137983552263&u_code=3f1fdc6g52c9&titleType=title", "download_url": "https://www.chanmama.com/awemeDetail/6852207991727344910", "digg_count": 2311, "digg_incr": 1766, "aweme_create_time": 1595404001, "category": 2, "volume": 31, "amount": 3038}, "author": {"author_id": "58302098460", "nickname": "老饕🍴", "follower_count": 85901}}, {"aweme": {"aweme_id": "6852292945249422606", "aweme_title": "有人说你灵魂有火！PS：最近实在太忙了，更新慢了，见谅！", "aweme_url": "https://www.iesdouyin.com/share/video/6852292945249422606/?region=CN&mid=6852293064501840647&u_code=1a2e3igj481c&titleType=title", "download_url": "https://www.chanmama.com/awemeDetail/6852292945249422606", "digg_count": 2187, "digg_incr": 1738, "aweme_create_time": 1595423805, "category": 2, "volume": 0, "amount": 0}, "author": {"author_id": "975981493891367", "nickname": "贪心", "follower_count": 15954}}, {"aweme": {"aweme_id": "6852053170839997696", "aweme_title": "姐姐大福利来啦！一会儿就要直播喽，火速进入直播间哦！#中老年妈妈装 #时尚穿搭 #上热门 @DOU+小助手", "aweme_url": "https://www.iesdouyin.com/share/video/6852053170839997696/?region=CN&mid=6852053087260117773&u_code=45a6gmj0h2h&titleType=title", "download_url": "https://www.chanmama.com/awemeDetail/6852053170839997696", "digg_count": 2642, "digg_incr": 1734, "aweme_create_time": 1595367967, "category": 2, "volume": 60, "amount": 4239.6}, "author": {"author_id": "93477771909", "nickname": "常熟沈凤服装商行", "follower_count": 46253}}, {"aweme": {"aweme_id": "6852051303300943104", "aweme_title": "工装裤搭配条纹上衣爱了爱了时髦拉风@DOU+小助手", "aweme_url": "https://www.iesdouyin.com/share/video/6852051303300943104/?region=CN&mid=6728780427311565575&u_code=4f9k1f14a4ch&titleType=title", "download_url": "https://www.chanmama.com/awemeDetail/6852051303300943104", "digg_count": 1691, "digg_incr": 1690, "aweme_create_time": 1595367535, "category": 2, "volume": 3, "amount": 157.9}, "author": {"author_id": "4428463501218840", "nickname": "木渎孔凡涛服装", "follower_count": 51028}}, {"aweme": {"aweme_id": "6852090380301700352", "aweme_title": "新款外套来喽#外套 #抖音小助手 #热门", "aweme_url": "https://www.iesdouyin.com/share/video/6852090380301700352/?region=CN&mid=6852090354678631181&u_code=0&titleType=title", "download_url": "https://www.chanmama.com/awemeDetail/6852090380301700352", "digg_count": 1733, "digg_incr": 1687, "aweme_create_time": 1595376618, "category": 2, "volume": 0, "amount": 0}, "author": {"author_id": "3737953565157976", "nickname": "常熟刘玲服装商行", "follower_count": 156029}}, {"aweme": {"aweme_id": "6852318810301582592", "aweme_title": "高弹力修身显瘦九分裤.让你穿出18岁的感觉，你值得拥有！@DOU+小助手", "aweme_url": "https://www.iesdouyin.com/share/video/6852318810301582592/?region=CN&mid=6850659121050454798&u_code=3ghh3kbgkj6b&titleType=title", "download_url": "https://www.chanmama.com/awemeDetail/6852318810301582592", "digg_count": 2377, "digg_incr": 1652, "aweme_create_time": 1595429802, "category": 2, "volume": 0, "amount": 0}, "author": {"author_id": "3298138244256264", "nickname": "唐老六服装商行", "follower_count": 41863}}, {"aweme": {"aweme_id": "6852151988436716800", "aweme_title": "你知道我喜欢喝什么吗 我喜欢呵护你", "aweme_url": "https://www.iesdouyin.com/share/video/6852151988436716800/?region=CN&mid=6845627209114225416&u_code=45a6gmj0h2h&titleType=title", "download_url": "https://www.chanmama.com/awemeDetail/6852151988436716800", "digg_count": 3114, "digg_incr": 1599, "aweme_create_time": 1595390961, "category": 2, "volume": 0, "amount": 0}, "author": {"author_id": "58824941274", "nickname": "QIUQIU", "follower_count": 19921}}, {"aweme": {"aweme_id": "6852234071402138892", "aweme_title": "百搭休闲T恤搭配花苞裙，好看好穿还划算#时尚妈妈装 #中老年穿搭", "aweme_url": "https://www.iesdouyin.com/share/video/6852234071402138892/?region=CN&mid=6852234227400919821&u_code=0&titleType=title", "download_url": "https://www.chanmama.com/awemeDetail/6852234071402138892", "digg_count": 1709, "digg_incr": 1570, "aweme_create_time": 1595410106, "category": 2, "volume": 276, "amount": 10410.7}, "author": {"author_id": "272305232031564", "nickname": "常熟市周以红服装商行", "follower_count": 21115}}, {"aweme": {"aweme_id": "6852194653412838663", "aweme_title": "#变装 表演一个手舞足蹈", "aweme_url": "https://www.iesdouyin.com/share/video/6852194653412838663/?region=CN&mid=6852194673143253774&u_code=45a6gmj0h2h&titleType=title", "download_url": "https://www.chanmama.com/awemeDetail/6852194653412838663", "digg_count": 2277, "digg_incr": 1570, "aweme_create_time": 1595400896, "category": 2, "volume": 0, "amount": 0}, "author": {"author_id": "59880553299", "nickname": "林同学", "follower_count": 492210}}, {"aweme": {"aweme_id": "6852261372441431304", "aweme_title": "太喜欢治愈的蓝色了，穿搭合集安排一波#穿搭#干净男生穿搭 #喝彩变身", "aweme_url": "https://www.iesdouyin.com/share/video/6852261372441431304/?region=CN&mid=6852261388868389639&u_code=2kf531i7iek5&titleType=title", "download_url": "https://www.chanmama.com/awemeDetail/6852261372441431304", "digg_count": 1912, "digg_incr": 1566, "aweme_create_time": 1595416429, "category": 2, "volume": 16, "amount": 928}, "author": {"author_id": "3038667024117335", "nickname": "周星星的穿搭日记", "follower_count": 72470}}, {"aweme": {"aweme_id": "6852314159619624195", "aweme_title": "新款  短袖上衣上市啦！正在直播👉👉👉👉👉", "aweme_url": "https://www.iesdouyin.com/share/video/6852314159619624195/?region=CN&mid=6852314199306701576&u_code=1g184c0jjkh7&titleType=title", "download_url": "https://www.chanmama.com/awemeDetail/6852314159619624195", "digg_count": 1665, "digg_incr": 1563, "aweme_create_time": 1595428728, "category": 2, "volume": 0, "amount": 0}, "author": {"author_id": "3337770389478872", "nickname": "昕梓琳服饰", "follower_count": 491540}}, {"aweme": {"aweme_id": "6852206224100822272", "aweme_title": "锦氨高弹商务休闲西装。商务人士必备单品之一。超薄、超弹、舒适透气还抗皱。大叔型必备#早秋新款", "aweme_url": "https://www.iesdouyin.com/share/video/6852206224100822272/?region=CN&mid=6849620204947917575&u_code=1dlbm8ajil7m&titleType=title", "download_url": "https://www.chanmama.com/awemeDetail/6852206224100822272", "digg_count": 6634, "digg_incr": 1481, "aweme_create_time": 1595403588, "category": 2, "volume": 22, "amount": 10978}, "author": {"author_id": "4366913207018643", "nickname": "雅痞潮叔男装官方", "follower_count": 140525}}, {"aweme": {"aweme_id": "6852166457099308296", "aweme_title": "#窝窝村 小家伙又捣乱抢镜了🤗开心就好对吧❤️#抖音小助手", "aweme_url": "https://www.iesdouyin.com/share/video/6852166457099308296/?region=CN&mid=6846865411733113608&u_code=3j780l7jijh6&titleType=title", "download_url": "https://www.chanmama.com/awemeDetail/6852166457099308296", "digg_count": 2106, "digg_incr": 1471, "aweme_create_time": 1595394330, "category": 2, "volume": 0, "amount": 0}, "author": {"author_id": "96393329712", "nickname": "@酒窝大叔", "follower_count": 466466}}, {"aweme": {"aweme_id": "6852266319535017224", "aweme_title": "去约会这样穿，女性荷尔蒙持续飙升#不负吾爱探索x面 #约会#西装#时尚穿搭#男生穿搭#看我放大大大招", "aweme_url": "https://www.iesdouyin.com/share/video/6852266319535017224/?region=CN&mid=6838917402349161224&u_code=3ghh3kbgkj6b&titleType=title", "download_url": "https://www.chanmama.com/awemeDetail/6852266319535017224", "digg_count": 3031, "digg_incr": 1409, "aweme_create_time": 1595417581, "category": 2, "volume": 8, "amount": 0}, "author": {"author_id": "760501007563431", "nickname": "型男柜", "follower_count": 98230}}, {"aweme": {"aweme_id": "6852248435983240461", "aweme_title": "过了三十的女人这样穿，路上小男生都偷偷回头看你。#乘风破浪的姐姐 #穿搭 #微胖穿搭", "aweme_url": "https://www.iesdouyin.com/share/video/6852248435983240461/?region=CN&mid=6852248453913824008&u_code=0&titleType=title", "download_url": "https://www.chanmama.com/awemeDetail/6852248435983240461", "digg_count": 1392, "digg_incr": 1392, "aweme_create_time": 1595413417, "category": 2, "volume": 77, "amount": 3773}, "author": {"author_id": "272313687215245", "nickname": "兔子穿搭推荐🐰(直播间买)", "follower_count": 42211}}, {"aweme": {"aweme_id": "6852199205478485261", "aweme_title": "18年的夏天真让人怀念啊", "aweme_url": "https://www.iesdouyin.com/share/video/6852199205478485261/?region=CN&mid=6852199318208678669&u_code=4dgib6jc31hc&titleType=title", "download_url": "https://www.chanmama.com/awemeDetail/6852199205478485261", "digg_count": 1954, "digg_incr": 1367, "aweme_create_time": 1595419680, "category": 2, "volume": 21, "amount": 1333}, "author": {"author_id": "4041411693132995", "nickname": "易燃爆穿搭", "follower_count": 34895}}, {"aweme": {"aweme_id": "6852277927082560775", "aweme_title": "我不相信这舞蹈只有女的跳起来才好看，你说呢？大熊", "aweme_url": "https://www.iesdouyin.com/share/video/6852277927082560775/?region=CN&mid=6840781433763203854&u_code=1gb2j861imci&titleType=title", "download_url": "https://www.chanmama.com/awemeDetail/6852277927082560775", "digg_count": 1429, "digg_incr": 1295, "aweme_create_time": 1595420283, "category": 2, "volume": 0, "amount": 0}, "author": {"author_id": "60579411566", "nickname": "静香", "follower_count": 18549}}, {"aweme": {"aweme_id": "6852258642402626829", "aweme_title": "设计师款套装来啰，三颗纽扣牛仔裤裙遇上拼色格子上衣。这样穿美到没朋友！宝宝们：晚上8:00点准时开播.....", "aweme_url": "https://www.iesdouyin.com/share/video/6852258642402626829/?region=CN&mid=6852258667778083592&u_code=45a6gmj0h2h&titleType=title", "download_url": "https://www.chanmama.com/awemeDetail/6852258642402626829", "digg_count": 4483, "digg_incr": 1269, "aweme_create_time": 1595415794, "category": 2, "volume": 0, "amount": 0}, "author": {"author_id": "2739582346737204", "nickname": "碧高作品美学馆", "follower_count": 56580}}, {"aweme": {"aweme_id": "6852312426403089679", "aweme_title": "来吧，展示，男款速干套装，好看又便宜！#上热门 #套装 #男装 @DOU+小助手", "aweme_url": "https://www.iesdouyin.com/share/video/6852312426403089679/?region=CN&mid=6829993200673983240&u_code=4dgib6jc31hc&titleType=title", "download_url": "https://www.chanmama.com/awemeDetail/6852312426403089679", "digg_count": 1260, "digg_incr": 1257, "aweme_create_time": 1595428315, "category": 2, "volume": 0, "amount": 0}, "author": {"author_id": "92704449964", "nickname": "焦点商贸", "follower_count": 51303}}, {"aweme": {"aweme_id": "6852137687764323599", "aweme_title": "珍惜现在，过好余生！@抖音小助手", "aweme_url": "https://www.iesdouyin.com/share/video/6852137687764323599/?region=CN&mid=6852137706601155336&u_code=2kf531i7iek5&titleType=title", "download_url": "https://www.chanmama.com/awemeDetail/6852137687764323599", "digg_count": 1343, "digg_incr": 1248, "aweme_create_time": 1595387631, "category": 2, "volume": 8, "amount": 472}, "author": {"author_id": "82104149867", "nickname": "珍惜～爱跳舞💃", "follower_count": 783390}}, {"aweme": {"aweme_id": "6852056565353106688", "aweme_title": "#男士冰丝内裤买一送一超级划算。6:30直播，欢迎你们来直播间，", "aweme_url": "https://www.iesdouyin.com/share/video/6852056565353106688/?region=CN&mid=6574244894137649934&u_code=0&titleType=title", "download_url": "https://www.chanmama.com/awemeDetail/6852056565353106688", "digg_count": 1453, "digg_incr": 1228, "aweme_create_time": 1595368754, "category": 2, "volume": 0, "amount": 0}, "author": {"author_id": "104795294779", "nickname": "吴三姐", "follower_count": 128689}}, {"aweme": {"aweme_id": "6852273879105228039", "aweme_title": "#速干衣#运动#男装 #套装，我为亲们把关好了，快来吧。#上热门", "aweme_url": "https://www.iesdouyin.com/share/video/6852273879105228039/?region=CN&mid=6852274167224945415&u_code=43c903ch7lim&titleType=title", "download_url": "https://www.chanmama.com/awemeDetail/6852273879105228039", "digg_count": 1241, "digg_incr": 1220, "aweme_create_time": 1595419404, "category": 2, "volume": 0, "amount": 0}, "author": {"author_id": "4441671751962109", "nickname": "沁沁男装私服穿搭", "follower_count": 31427}}, {"aweme": {"aweme_id": "6852274171569802503", "aweme_title": "#二十不惑 之前的炸款，出连衣了，又可以炸街了#三十而已", "aweme_url": "https://www.iesdouyin.com/share/video/6852274171569802503/?region=CN&mid=6836991226521094146&u_code=11e65mfc1kk9&titleType=title", "download_url": "https://www.chanmama.com/awemeDetail/6852274171569802503", "digg_count": 1708, "digg_incr": 1210, "aweme_create_time": 1595419409, "category": 2, "volume": 75, "amount": 5925}, "author": {"author_id": "747310695321646", "nickname": "小九服装工作室·四点等你来看版", "follower_count": 54009}}, {"aweme": {"aweme_id": "6852136889047092495", "aweme_title": "@珍惜～爱跳舞💃💃发了一个抖音短视频，你尽管点开，不好看算我输！", "aweme_url": "https://www.iesdouyin.com/share/video/6852136889047092495/?region=CN&mid=6852137103787690759&u_code=1h7f30l0i9ha&titleType=", "download_url": "https://www.chanmama.com/awemeDetail/6852136889047092495", "digg_count": 1403, "digg_incr": 1202, "aweme_create_time": 1595387464, "category": 2, "volume": 5, "amount": 295}, "author": {"author_id": "4503681731520363", "nickname": "珍惜～爱跳舞💃💃", "follower_count": 521248}}, {"aweme": {"aweme_id": "6852149712334654731", "aweme_title": "感觉夏天快要过去了，你所在地方现在气温多少呢#每日穿搭分享", "aweme_url": "https://www.iesdouyin.com/share/video/6852149712334654731/?region=CN&mid=6852149756479818504&u_code=0&titleType=title", "download_url": "https://www.chanmama.com/awemeDetail/6852149712334654731", "digg_count": 1233, "digg_incr": 1202, "aweme_create_time": 1595390438, "category": 2, "volume": 0, "amount": 0}, "author": {"author_id": "76159775536", "nickname": "男生学穿搭", "follower_count": 589925}}, {"aweme": {"aweme_id": "6852124335986052352", "aweme_title": "现在女孩子光有颜值不行，还要努力，或者有脑也行，这三点能达到两点的都会成功#青菜拼车拼拼拼 #我的高光一刻", "aweme_url": "https://www.iesdouyin.com/share/video/6852124335986052352/?region=CN&mid=6811781347007417092&u_code=3kdem96968fl&titleType=title", "download_url": "https://www.chanmama.com/awemeDetail/6852124335986052352", "digg_count": 1922, "digg_incr": 1188, "aweme_create_time": 1595384522, "category": 2, "volume": 22, "amount": 1870}, "author": {"author_id": "1543314615843748", "nickname": "红依官方账号", "follower_count": 34559}}, {"aweme": {"aweme_id": "6852217841928719628", "aweme_title": "\"你值得一切好的东西，包括被爱被珍惜。\"", "aweme_url": "https://www.iesdouyin.com/share/video/6852217841928719628/?region=CN&mid=6834823965962537742&u_code=45a6gmj0h2h&titleType=title", "download_url": "https://www.chanmama.com/awemeDetail/6852217841928719628", "digg_count": 2248, "digg_incr": 1187, "aweme_create_time": 1595406301, "category": 2, "volume": 0, "amount": 0}, "author": {"author_id": "2436130990200408", "nickname": "大牛马总的迷妹", "follower_count": 286023}}, {"aweme": {"aweme_id": "6852208609690930446", "aweme_title": "今天换风格了，这种风格你可还喜欢？#平价男装 #卖男装滴小可爱 @电商小助手 @抖音小助手", "aweme_url": "https://www.iesdouyin.com/share/video/6852208609690930446/?region=CN&mid=6825157563999570702&u_code=m1f8lj1egl3&titleType=title", "download_url": "https://www.chanmama.com/awemeDetail/6852208609690930446", "digg_count": 1202, "digg_incr": 1159, "aweme_create_time": 1595404145, "category": 2, "volume": 0, "amount": 0}, "author": {"author_id": "64784856424", "nickname": "屋花肉男装", "follower_count": 150253}}, {"aweme": {"aweme_id": "6852041615423327499", "aweme_title": "男款速干套装.我穿的这款男款套装好看吗？#上热门 #套装 @DOU+小助手 @抖音小助手", "aweme_url": "https://www.iesdouyin.com/share/video/6852041615423327499/?region=CN&mid=6837737432323312397&u_code=19fjbl89kf63&titleType=title", "download_url": "https://www.chanmama.com/awemeDetail/6852041615423327499", "digg_count": 1186, "digg_incr": 1144, "aweme_create_time": 1595365386, "category": 2, "volume": 0, "amount": 0}, "author": {"author_id": "1692901699231916", "nickname": "常熟伶俐家服饰", "follower_count": 228201}}, {"aweme": {"aweme_id": "6852252149498252557", "aweme_title": "谁能告诉我这个小姐姐为什么一直回头盯着我看？#大码搭配#穿搭", "aweme_url": "https://www.iesdouyin.com/share/video/6852252149498252557/?region=CN&mid=6852252364385078030&u_code=294bg9d7idcl&titleType=title", "download_url": "https://www.chanmama.com/awemeDetail/6852252149498252557", "digg_count": 1344, "digg_incr": 1117, "aweme_create_time": 1595414297, "category": 2, "volume": 30, "amount": 1170}, "author": {"author_id": "3355299815374103", "nickname": "大熊Ge的日常", "follower_count": 19455}}, {"aweme": {"aweme_id": "6852243809607191808", "aweme_title": "#男生搭配 #穿搭技巧 记住这些公式，黑白灰随便穿", "aweme_url": "https://www.iesdouyin.com/share/video/6852243809607191808/?region=CN&mid=6852243836967226120&u_code=0&titleType=title", "download_url": "https://www.chanmama.com/awemeDetail/6852243809607191808", "digg_count": 2619, "digg_incr": 1110, "aweme_create_time": 1595412339, "category": 2, "volume": 9, "amount": 695}, "author": {"author_id": "111522277399", "nickname": "物空", "follower_count": 473284}}, {"aweme": {"aweme_id": "6852295615997660416", "aweme_title": "就将就将就吧", "aweme_url": "https://www.iesdouyin.com/share/video/6852295615997660416/?region=CN&mid=6842449497558207245&u_code=4dgib6jc31hc&titleType=title", "download_url": "https://www.chanmama.com/awemeDetail/6852295615997660416", "digg_count": 1804, "digg_incr": 1085, "aweme_create_time": 1595424400, "category": 2, "volume": 0, "amount": 0}, "author": {"author_id": "93373133079", "nickname": "念❤️晔", "follower_count": 29808}}, {"aweme": {"aweme_id": "6852289596148043015", "aweme_title": "男款短袖衬衫，三个颜色，可搭配西裤。#上热门 #衬衫控 #上班族 @DOU+小助手", "aweme_url": "https://www.iesdouyin.com/share/video/6852289596148043015/?region=CN&mid=6824441291406101262&u_code=1gb2j861imci&titleType=title", "download_url": "https://www.chanmama.com/awemeDetail/6852289596148043015", "digg_count": 1083, "digg_incr": 1071, "aweme_create_time": 1595423000, "category": 2, "volume": 0, "amount": 0}, "author": {"author_id": "106347681681", "nickname": "张天恩服饰", "follower_count": 89260}}, {"aweme": {"aweme_id": "6852128317747793160", "aweme_title": "#抖音小助手", "aweme_url": "https://www.iesdouyin.com/share/video/6852128317747793160/?region=CN&mid=6845970385628973831&u_code=2akd6hi9aal7&titleType=title", "download_url": "https://www.chanmama.com/awemeDetail/6852128317747793160", "digg_count": 1472, "digg_incr": 1071, "aweme_create_time": 1595385450, "category": 2, "volume": 0, "amount": 0}, "author": {"author_id": "111531304007", "nickname": "上海市闸北区北站街道新魅力服装店", "follower_count": 88038}}, {"aweme": {"aweme_id": "6852288878808780039", "aweme_title": "想要老牛吃嫩草，穿搭一定要显小 #乘风破浪的姐姐 #微胖穿搭 #穿搭", "aweme_url": "https://www.iesdouyin.com/share/video/6852288878808780039/?region=CN&mid=6852288904809843469&u_code=0&titleType=title", "download_url": "https://www.chanmama.com/awemeDetail/6852288878808780039", "digg_count": 1039, "digg_incr": 1039, "aweme_create_time": 1595422833, "category": 2, "volume": 37, "amount": 1763.9}, "author": {"author_id": "272313687215245", "nickname": "兔子穿搭推荐🐰(直播间买)", "follower_count": 42211}}, {"aweme": {"aweme_id": "6852232711147375886", "aweme_title": "傲慢让别人无法来爱你，偏见让你无法去爱别人，那么你该如何去爱呢？#穿搭 #玛莎拉蒂锋芒玩家 @DOU+小助手", "aweme_url": "https://www.iesdouyin.com/share/video/6852232711147375886/?region=CN&mid=6852232716872698637&u_code=0&titleType=title", "download_url": "https://www.chanmama.com/awemeDetail/6852232711147375886", "digg_count": 1062, "digg_incr": 1034, "aweme_create_time": 1595409756, "category": 2, "volume": 9, "amount": 449.09999999999997}, "author": {"author_id": "1679668804074104", "nickname": "木子李服装商行", "follower_count": 127920}}, {"aweme": {"aweme_id": "6852279633317022984", "aweme_title": "我叫朵儿，90后潮汕人在广州做男装，刷到就是缘分，不管你是几零后，不嫌弃的点个赞❤️交个朋友吧@DOU+小助手", "aweme_url": "https://www.iesdouyin.com/share/video/6852279633317022984/?region=CN&mid=6821807839170874119&u_code=491891bc2002&titleType=title", "download_url": "https://www.chanmama.com/awemeDetail/6852279633317022984", "digg_count": 1097, "digg_incr": 1022, "aweme_create_time": 1595420680, "category": 2, "volume": 0, "amount": 0}, "author": {"author_id": "61512456175", "nickname": "达乐潮品男装", "follower_count": 22612}}, {"aweme": {"aweme_id": "6852104617455537416", "aweme_title": "我的骄傲不允许我把这段崩溃的日子告诉别人，只有我自己知道，我和以前判若两人。", "aweme_url": "https://www.iesdouyin.com/share/video/6852104617455537416/?region=CN&mid=6851539620732111624&u_code=2kf531i7iek5&titleType=title", "download_url": "https://www.chanmama.com/awemeDetail/6852104617455537416", "digg_count": 1046, "digg_incr": 1012, "aweme_create_time": 1595379933, "category": 2, "volume": 0, "amount": 0}, "author": {"author_id": "92465117094", "nickname": "优酱酱", "follower_count": 32940}}, {"aweme": {"aweme_id": "6852128292246523149", "aweme_title": "#潮流男装 99男装十件安排！#七天无理由退换", "aweme_url": "https://www.iesdouyin.com/share/video/6852128292246523149/?region=CN&mid=6852128371829197582&u_code=0&titleType=title", "download_url": "https://www.chanmama.com/awemeDetail/6852128292246523149", "digg_count": 1006, "digg_incr": 1007, "aweme_create_time": 1595385463, "category": 2, "volume": 91, "amount": 9009}, "author": {"author_id": "69533692968", "nickname": "瑞安市佳仪鞋行", "follower_count": 9683}}, {"aweme": {"aweme_id": "6852058380194909440", "aweme_title": "海鸥飞翔，伴着海浪声走向海的方向，关注华姐看男装！#热门 #男装 #抖音小助手@DOU+小助手", "aweme_url": "https://www.iesdouyin.com/share/video/6852058380194909440/?region=CN&mid=6806919631191116556&u_code=1h7f30l0i9ha&titleType=title", "download_url": "https://www.chanmama.com/awemeDetail/6852058380194909440", "digg_count": 1121, "digg_incr": 1007, "aweme_create_time": 1595369175, "category": 2, "volume": 0, "amount": 0}, "author": {"author_id": "1253064456809843", "nickname": "华荣永彰男装衣柜1", "follower_count": 45983}}, {"aweme": {"aweme_id": "6852133159157370126", "aweme_title": "内蒙小肥羊董事长给我们向导，低调朴素的爷们儿", "aweme_url": "https://www.iesdouyin.com/share/video/6852133159157370126/?region=CN&mid=6698519596749622030&u_code=1ac8ie1fgm68&titleType=title", "download_url": "https://www.chanmama.com/awemeDetail/6852133159157370126", "digg_count": 1135, "digg_incr": 998, "aweme_create_time": 1595386578, "category": 2, "volume": 1, "amount": 99}, "author": {"author_id": "2946304821437773", "nickname": "花好月圆爱国衫", "follower_count": 148807}}, {"aweme": {"aweme_id": "6852249161090272526", "aweme_title": "#海贼王 爷爷该如何是好！#卡普 @抖音小助手", "aweme_url": "https://www.iesdouyin.com/share/video/6852249161090272526/?region=CN&mid=6852249281567476487&u_code=0&titleType=title", "download_url": "https://www.chanmama.com/awemeDetail/6852249161090272526", "digg_count": 1414, "digg_incr": 994, "aweme_create_time": 1595413604, "category": 2, "volume": 0, "amount": 0}, "author": {"author_id": "663743420177576", "nickname": "海贼王~One Piece（M想）", "follower_count": 275428}}, {"aweme": {"aweme_id": "6852260767056579840", "aweme_title": "到底哪个上车呢😜渠道为王！#工厂一手货", "aweme_url": "https://www.iesdouyin.com/share/video/6852260767056579840/?region=CN&mid=6852260795347585806&u_code=0&titleType=title", "download_url": "https://www.chanmama.com/awemeDetail/6852260767056579840", "digg_count": 1477, "digg_incr": 992, "aweme_create_time": 1595416287, "category": 2, "volume": 44, "amount": 3740}, "author": {"author_id": "106891997211", "nickname": "羽子麦.", "follower_count": 30438}}, {"aweme": {"aweme_id": "6852260764863024392", "aweme_title": "怎么说 说什么 跟谁说#穿搭 #限流", "aweme_url": "https://www.iesdouyin.com/share/video/6852260764863024392/?region=CN&mid=6837046825540061965&u_code=15099g2f9905&titleType=title", "download_url": "https://www.chanmama.com/awemeDetail/6852260764863024392", "digg_count": 1350, "digg_incr": 988, "aweme_create_time": 1595416287, "category": 2, "volume": 495, "amount": 72765}, "author": {"author_id": "57597592177", "nickname": "失踪的腿毛", "follower_count": 14464}}, {"aweme": {"aweme_id": "6852282159009484032", "aweme_title": "来了来了，新款冰丝雪纺衫来啦，轻薄透气，灰色太好看了，搭皮带短裤一套洋气又便宜#穿搭 #女装新品日", "aweme_url": "https://www.iesdouyin.com/share/video/6852282159009484032/?region=CN&mid=6789809885421832972&u_code=4dgib6jc31hc&titleType=title", "download_url": "https://www.chanmama.com/awemeDetail/6852282159009484032", "digg_count": 1674, "digg_incr": 987, "aweme_create_time": 1595421267, "category": 2, "volume": 0, "amount": 0}, "author": {"author_id": "99144022204", "nickname": "鑫衣尚女装店", "follower_count": 696240}}, {"aweme": {"aweme_id": "6852268503517416716", "aweme_title": "整个夏天都要过完了 好像什么事都没有做", "aweme_url": "https://www.iesdouyin.com/share/video/6852268503517416716/?region=CN&mid=6840006534903237390&u_code=1gb2j865e0l1&titleType=title", "download_url": "https://www.chanmama.com/awemeDetail/6852268503517416716", "digg_count": 1279, "digg_incr": 974, "aweme_create_time": 1595418094, "category": 2, "volume": 0, "amount": 0}, "author": {"author_id": "61477835191", "nickname": "没有眉毛的小太阳", "follower_count": 87731}}, {"aweme": {"aweme_id": "6852307033656397070", "aweme_title": "活那么大最好的保命技能就是立即跪下一次不行那就多跪两次#男装搭配 #男装外套 @企业号小助手", "aweme_url": "https://www.iesdouyin.com/share/video/6852307033656397070/?region=CN&mid=6852307052841224973&u_code=107m7bg5i135&titleType=title", "download_url": "https://www.chanmama.com/awemeDetail/6852307033656397070", "digg_count": 3092, "digg_incr": 966, "aweme_create_time": 1595427060, "category": 2, "volume": 0, "amount": 0}, "author": {"author_id": "1204709461870295", "nickname": "吉时语服装有限公司", "follower_count": 27389}}, {"aweme": {"aweme_id": "6852099403365321995", "aweme_title": "让我们飒起来好吗？虽然我老了！但我心没变老！", "aweme_url": "https://www.iesdouyin.com/share/video/6852099403365321995/?region=CN&mid=6852099550505716493&u_code=0&titleType=title", "download_url": "https://www.chanmama.com/awemeDetail/6852099403365321995", "digg_count": 3789, "digg_incr": 953, "aweme_create_time": 1595420100, "category": 2, "volume": 0, "amount": 0}, "author": {"author_id": "64788270476", "nickname": "WEN峰龙", "follower_count": 122446}}, {"aweme": {"aweme_id": "6852251049860943112", "aweme_title": "我以为这种长相只会出现在小说里 #小说男主  #霸道总裁", "aweme_url": "https://www.iesdouyin.com/share/video/6852251049860943112/?region=CN&mid=6852251143913966350&u_code=0&titleType=title", "download_url": "https://www.chanmama.com/awemeDetail/6852251049860943112", "digg_count": 1412, "digg_incr": 940, "aweme_create_time": 1595414043, "category": 2, "volume": 0, "amount": 0}, "author": {"author_id": "800071522458967", "nickname": "就是李叔叔阿", "follower_count": 54237}}, {"aweme": {"aweme_id": "6852135291973651715", "aweme_title": "炒鸡火的西装裤，加了个新颜色，白色，灰色，黑色，面积柔软舒适又洋气，好看#直播 #西装裤 #女装新品日", "aweme_url": "https://www.iesdouyin.com/share/video/6852135291973651715/?region=CN&mid=6691824918092319500&u_code=2jifj950a93b&titleType=title", "download_url": "https://www.chanmama.com/awemeDetail/6852135291973651715", "digg_count": 1514, "digg_incr": 936, "aweme_create_time": 1595387081, "category": 2, "volume": 42, "amount": 2515.7999999999997}, "author": {"author_id": "3491658966280303", "nickname": "赵比比制衣厂", "follower_count": 148281}}, {"aweme": {"aweme_id": "6852277379100904718", "aweme_title": "当精神小伙穿上中国风道袍，整个人都仙气飘飘！#中国风 #夏季套装 #感谢官方我要上热门", "aweme_url": "https://www.iesdouyin.com/share/video/6852277379100904718/?region=CN&mid=6852277387997088525&u_code=4dgib6jc31hc&titleType=title", "download_url": "https://www.chanmama.com/awemeDetail/6852277379100904718", "digg_count": 1052, "digg_incr": 907, "aweme_create_time": 1595420155, "category": 2, "volume": 8, "amount": 208}, "author": {"author_id": "4402074871404947", "nickname": "潮男搭配法则", "follower_count": 46747}}, {"aweme": {"aweme_id": "6852281817228217607", "aweme_title": "有人私信我，让我穿短裤用手劈叉，应战！什么才艺没有，就会劈叉，各种叉，评论区交给你们#劈叉 @抖音小助手", "aweme_url": "https://www.iesdouyin.com/share/video/6852281817228217607/?region=CN&mid=6850775268739631880&u_code=9cb37c8l9k&titleType=title", "download_url": "https://www.chanmama.com/awemeDetail/6852281817228217607", "digg_count": 1028, "digg_incr": 904, "aweme_create_time": 1595421189, "category": 2, "volume": 1, "amount": 88}, "author": {"author_id": "84550075960", "nickname": "健身朝哥", "follower_count": 27230}}, {"aweme": {"aweme_id": "6851965240041573647", "aweme_title": "我的妈妈她不伟大 不是天文学家 不会弹琴书画 但她也不会太差 柴米油盐酱醋茶 支撑起了整个家", "aweme_url": "https://www.iesdouyin.com/share/video/6851965240041573647/?region=CN&mid=6848966594975779598&u_code=2kf531i7iek5&titleType=title", "download_url": "https://www.chanmama.com/awemeDetail/6851965240041573647", "digg_count": 1121, "digg_incr": 885, "aweme_create_time": 1595347483, "category": 2, "volume": 0, "amount": 0}, "author": {"author_id": "4252562158787916", "nickname": "李俊杰", "follower_count": 46048}}, {"aweme": {"aweme_id": "6852230510761069836", "aweme_title": "aj1迪奥搭配来了，想说点什么吗😎#@DOU+小助手 ￼￼￼￼￼￼#穿搭 #运动", "aweme_url": "https://www.iesdouyin.com/share/video/6852230510761069836/?region=CN&mid=6852230572618648328&u_code=0&titleType=title", "download_url": "https://www.chanmama.com/awemeDetail/6852230510761069836", "digg_count": 1601, "digg_incr": 881, "aweme_create_time": 1595409251, "category": 2, "volume": 8, "amount": 825}, "author": {"author_id": "3346533096895484", "nickname": "瘦瘦涛−瘦高个穿搭", "follower_count": 165177}}, {"aweme": {"aweme_id": "6852208453994286344", "aweme_title": "赶快艾特你的#闺蜜 #对象 ，这个夏天一起穿出去，做整条gai最靓的仔！#潮男潮女 #蹦迪神器", "aweme_url": "https://www.iesdouyin.com/share/video/6852208453994286344/?region=CN&mid=6852208466509957902&u_code=3g7mbhkhi8k5&titleType=title", "download_url": "https://www.chanmama.com/awemeDetail/6852208453994286344", "digg_count": 5317, "digg_incr": 875, "aweme_create_time": 1595404109, "category": 2, "volume": 17, "amount": 1343}, "author": {"author_id": "2071131453390990", "nickname": "老狗评测", "follower_count": 273058}}, {"aweme": {"aweme_id": "6852253342928751876", "aweme_title": "黑白灰绝配，那我呢？跟谁配呜呜呜", "aweme_url": "https://www.iesdouyin.com/share/video/6852253342928751876/?region=CN&mid=6841492789587364616&u_code=1gb2j861imci&titleType=title", "download_url": "https://www.chanmama.com/awemeDetail/6852253342928751876", "digg_count": 1503, "digg_incr": 870, "aweme_create_time": 1595414565, "category": 2, "volume": 15, "amount": 2085}, "author": {"author_id": "58670152815", "nickname": "奇趣鱼", "follower_count": 89120}}, {"aweme": {"aweme_id": "6852232045549096207", "aweme_title": "来来来！看我穿红色男款T恤好看嘛？#穿搭 #时尚穿搭 #短袖t恤 #t恤穿搭 @DOU+小助手 @抖音小助手", "aweme_url": "https://www.iesdouyin.com/share/video/6852232045549096207/?region=CN&mid=6841123632597502727&u_code=d3cj7a4d678&titleType=title", "download_url": "https://www.chanmama.com/awemeDetail/6852232045549096207", "digg_count": 1035, "digg_incr": 856, "aweme_create_time": 1595409600, "category": 2, "volume": 44, "amount": 2010}, "author": {"author_id": "1767630773688580", "nickname": "常熟范思侬品牌服饰", "follower_count": 60132}}, {"aweme": {"aweme_id": "6852248710718524680", "aweme_title": "来自Rapper们的潮牌(上)", "aweme_url": "https://www.iesdouyin.com/share/video/6852248710718524680/?region=CN&mid=6852248743585123080&u_code=45a6gmj0h2h&titleType=title", "download_url": "https://www.chanmama.com/awemeDetail/6852248710718524680", "digg_count": 5822, "digg_incr": 847, "aweme_create_time": 1595413481, "category": 2, "volume": 0, "amount": 0}, "author": {"author_id": "25382013325", "nickname": "司令日常种草", "follower_count": 248504}}, {"aweme": {"aweme_id": "6852147208175832334", "aweme_title": "好看又显瘦的牛仔裤，柔软有弹力，谁穿谁好看", "aweme_url": "https://www.iesdouyin.com/share/video/6852147208175832334/?region=CN&mid=6808735259643873287&u_code=294bg9d7idcl&titleType=title", "download_url": "https://www.chanmama.com/awemeDetail/6852147208175832334", "digg_count": 1225, "digg_incr": 830, "aweme_create_time": 1595389849, "category": 2, "volume": 17, "amount": 1173}, "author": {"author_id": "3298163996504663", "nickname": "常熟市阑桂坊服装商行", "follower_count": 218010}}, {"aweme": {"aweme_id": "6852218567136414991", "aweme_title": "#我为广东带货 话不多说，买衣服送小熊，速来，买它！@抖音时尚", "aweme_url": "https://www.iesdouyin.com/share/video/6852218567136414991/?region=CN&mid=6822188102959303431&u_code=1h7f30l0i9ha&titleType=title", "download_url": "https://www.chanmama.com/awemeDetail/6852218567136414991", "digg_count": 1713, "digg_incr": 824, "aweme_create_time": 1595406462, "category": 2, "volume": 18, "amount": 1962}, "author": {"author_id": "4472462856169108", "nickname": "广州万佳小婵-四点直播间等你", "follower_count": 101467}}, {"aweme": {"aweme_id": "6852260742075534606", "aweme_title": "男男生吃土也要买的秋装，最后一套帅的头皮发麻（建议直接购买）#男生穿搭 #穿搭", "aweme_url": "https://www.iesdouyin.com/share/video/6852260742075534606/?region=CN&mid=6852260761986419469&u_code=0&titleType=title", "download_url": "https://www.chanmama.com/awemeDetail/6852260742075534606", "digg_count": 1186, "digg_incr": 800, "aweme_create_time": 1595416282, "category": 2, "volume": 1, "amount": 88}, "author": {"author_id": "610926286613547", "nickname": "打造型男工作坊", "follower_count": 773511}}, {"aweme": {"aweme_id": "6852270351536114952", "aweme_title": "T恤太多了 来点特别的#静哥咯 #国潮#穿搭", "aweme_url": "https://www.iesdouyin.com/share/video/6852270351536114952/?region=CN&mid=6852270370855062286&u_code=0&titleType=title", "download_url": "https://www.chanmama.com/awemeDetail/6852270351536114952", "digg_count": 1268, "digg_incr": 797, "aweme_create_time": 1595418519, "category": 2, "volume": 12, "amount": 1742}, "author": {"author_id": "2154652541920062", "nickname": "这也是静哥咯", "follower_count": 77279}}, {"aweme": {"aweme_id": "6852267615428152583", "aweme_title": "别管自己多大年龄，永远做一个个性随意的自己。￼@黄岛区菲同例外服饰店 #做服装的小姐 #80后", "aweme_url": "https://www.iesdouyin.com/share/video/6852267615428152583/?region=CN&mid=6818483923501370119&u_code=4a7f7e959j2l&titleType=title", "download_url": "https://www.chanmama.com/awemeDetail/6852267615428152583", "digg_count": 2232, "digg_incr": 790, "aweme_create_time": 1595417883, "category": 2, "volume": 0, "amount": 0}, "author": {"author_id": "2137068860879245", "nickname": "文文穿搭", "follower_count": 23321}}, {"aweme": {"aweme_id": "6852150091013295367", "aweme_title": "第一女摇滚#摇滚 @抖音小助手", "aweme_url": "https://www.iesdouyin.com/share/video/6852150091013295367/?region=CN&mid=6852150118649563912&u_code=34ababgdk1fg&titleType=title", "download_url": "https://www.chanmama.com/awemeDetail/6852150091013295367", "digg_count": 1183, "digg_incr": 786, "aweme_create_time": 1595390520, "category": 2, "volume": 5, "amount": 240}, "author": {"author_id": "95991973183", "nickname": "中国摇滚乐与飞", "follower_count": 99330}}, {"aweme": {"aweme_id": "6852078507309239565", "aweme_title": "一套炒鸡便宜，拍一发二，涂鸦Ｔ配暴冰裤", "aweme_url": "https://www.iesdouyin.com/share/video/6852078507309239565/?region=CN&mid=6830859506524752654&u_code=1a2e3igh727k&titleType=title", "download_url": "https://www.chanmama.com/awemeDetail/6852078507309239565", "digg_count": 2660, "digg_incr": 761, "aweme_create_time": 1595373858, "category": 2, "volume": 0, "amount": 0}, "author": {"author_id": "610971892333965", "nickname": "龚蚊子服装商行", "follower_count": 198149}}, {"aweme": {"aweme_id": "6852135360982469895", "aweme_title": "#火影忍者 你的瞳力变弱了佐助？鸣人佐助在博人传彼此彼此！ @抖音小助手", "aweme_url": "https://www.iesdouyin.com/share/video/6852135360982469895/?region=CN&mid=6852135488464227085&u_code=gcg01jaambg&titleType=title", "download_url": "https://www.chanmama.com/awemeDetail/6852135360982469895", "digg_count": 2259, "digg_incr": 742, "aweme_create_time": 1595387107, "category": 2, "volume": 0, "amount": 0}, "author": {"author_id": "95687102804", "nickname": "小柒原创服装工作室", "follower_count": 484929}}, {"aweme": {"aweme_id": "6852152980142116100", "aweme_title": "男生吃土也要买道袍，100左右搞定，胖子穿最帅，建议直接购买#穿搭 #每日穿搭分享 #不负吾爱探索x面", "aweme_url": "https://www.iesdouyin.com/share/video/6852152980142116100/?region=CN&mid=6852153009607150344&u_code=0&titleType=title", "download_url": "https://www.chanmama.com/awemeDetail/6852152980142116100", "digg_count": 1669, "digg_incr": 710, "aweme_create_time": 1595391200, "category": 2, "volume": 7, "amount": 191}, "author": {"author_id": "3082681139856572", "nickname": "潮男私人衣柜", "follower_count": 221844}}, {"aweme": {"aweme_id": "6852139541252410638", "aweme_title": "#猛男舞 够不够猛？#你小宋哥哥", "aweme_url": "https://www.iesdouyin.com/share/video/6852139541252410638/?region=CN&mid=6837500808934853390&u_code=0&titleType=title", "download_url": "https://www.chanmama.com/awemeDetail/6852139541252410638", "digg_count": 1088, "digg_incr": 662, "aweme_create_time": 1595388064, "category": 2, "volume": 0, "amount": 0}, "author": {"author_id": "3487268563329502", "nickname": "宋哥欢乐颂", "follower_count": 268398}}, {"aweme": {"aweme_id": "6851988936114326797", "aweme_title": "想要老牛吃嫩草，穿搭一定要显小#穿搭 #夏季新款@抖音小助手", "aweme_url": "https://www.iesdouyin.com/share/video/6851988936114326797/?region=CN&mid=6851988898617346830&u_code=0&titleType=title", "download_url": "https://www.chanmama.com/awemeDetail/6851988936114326797", "digg_count": 1128, "digg_incr": 657, "aweme_create_time": 1595353019, "category": 2, "volume": 26, "amount": 1274}, "author": {"author_id": "272313687215245", "nickname": "兔子穿搭推荐🐰(直播间买)", "follower_count": 42211}}, {"aweme": {"aweme_id": "6852190939587366152", "aweme_title": "我爱你三千遍 #湖人总冠军 #詹姆斯 #科比 #nba#篮球#球衣女孩 #运动", "aweme_url": "https://www.iesdouyin.com/share/video/6852190939587366152/?region=CN&mid=6833318984549600014&u_code=1gb2j865e0l1&titleType=title", "download_url": "https://www.chanmama.com/awemeDetail/6852190939587366152", "digg_count": 1286, "digg_incr": 634, "aweme_create_time": 1595400031, "category": 2, "volume": 7, "amount": 448}, "author": {"author_id": "3315730416405357", "nickname": "赤木晴子", "follower_count": 301801}}, {"aweme": {"aweme_id": "6852025220983753984", "aweme_title": "视频同款休闲西裤😏46包邮超舒服布料😏#Q爸爸妈妈音@DOU+小助手", "aweme_url": "https://www.iesdouyin.com/share/video/6852025220983753984/?region=CN&mid=6851871918710524686&u_code=1a2e3igh6db5&titleType=title", "download_url": "https://www.chanmama.com/awemeDetail/6852025220983753984", "digg_count": 5753, "digg_incr": 616, "aweme_create_time": 1595361567, "category": 2, "volume": 1, "amount": 46}, "author": {"author_id": "3702803032448847", "nickname": "协仔潮服", "follower_count": 4338}}, {"aweme": {"aweme_id": "6852115458125073672", "aweme_title": "生活总是这样不能叫人处处满意、但我们还要热情地活下去、人活一生值得爱的东西很多、不要因为一个不满意就灰心。", "aweme_url": "https://www.iesdouyin.com/share/video/6852115458125073672/?region=CN&mid=6838841725533522701&u_code=15jlg8gck4f4&titleType=title", "download_url": "https://www.chanmama.com/awemeDetail/6852115458125073672", "digg_count": 1014, "digg_incr": 601, "aweme_create_time": 1595382457, "category": 2, "volume": 1, "amount": 59}, "author": {"author_id": "395444116013709", "nickname": "魅俪芳女装穿搭", "follower_count": 77840}}, {"aweme": {"aweme_id": "6852281935390067975", "aweme_title": "艾特闺蜜让她给你买🤟🏻@Tik-", "aweme_url": "https://www.iesdouyin.com/share/video/6852281935390067975/?region=CN&mid=6832592451316878093&u_code=47i1acdj1bma&titleType=title", "download_url": "https://www.chanmama.com/awemeDetail/6852281935390067975", "digg_count": 1091, "digg_incr": 582, "aweme_create_time": 1595421216, "category": 2, "volume": 19, "amount": 931}, "author": {"author_id": "73806783183", "nickname": "๑猪雯🧸.", "follower_count": 75776}}, {"aweme": {"aweme_id": "6852233641297284365", "aweme_title": "男款反季@DOU+小助手", "aweme_url": "https://www.iesdouyin.com/share/video/6852233641297284365/?region=CN&mid=6824097053049080583&u_code=3j780k823jh9&titleType=title", "download_url": "https://www.chanmama.com/awemeDetail/6852233641297284365", "digg_count": 1103, "digg_incr": 560, "aweme_create_time": 1595409973, "category": 2, "volume": 0, "amount": 0}, "author": {"author_id": "1525760949226221", "nickname": "枣强县大营镇思雨服装店", "follower_count": 53132}}, {"aweme": {"aweme_id": "6852171818602597647", "aweme_title": "把穿搭做成杂志", "aweme_url": "https://www.iesdouyin.com/share/video/6852171818602597647/?region=CN&mid=6753916893087763207&u_code=2c8g7ik8j27&titleType=title", "download_url": "https://www.chanmama.com/awemeDetail/6852171818602597647", "digg_count": 1319, "digg_incr": 512, "aweme_create_time": 1595395577, "category": 2, "volume": 3, "amount": 429}, "author": {"author_id": "62958486585", "nickname": "旺崽很忙💨", "follower_count": 62006}}]}