{"data": [{"aweme": {"aweme_id": "6852151745108348168", "aweme_title": "自己嫁接睫毛，简单方便！能管十五到二十天，DOU+热门", "aweme_url": "https://www.iesdouyin.com/share/video/6852151745108348168/?region=CN&mid=6850773246481337096&u_code=0&titleType=title", "download_url": "https://www.chanmama.com/awemeDetail/6852151745108348168", "digg_count": 99781, "digg_incr": 100615, "aweme_create_time": 1595390905, "category": 3, "volume": 294, "amount": 46452}, "author": {"author_id": "72565486079", "nickname": "时尚达人美妆店", "follower_count": 95830}}, {"aweme": {"aweme_id": "6852167546959858958", "aweme_title": "避尘招亲大会~究竟如何能上位成功！？#周深遇见花西子", "aweme_url": "https://www.iesdouyin.com/share/video/6852167546959858958/?region=CN&mid=6848925583519254530&u_code=107m7bg5i135&titleType=title", "download_url": "https://www.chanmama.com/awemeDetail/6852167546959858958", "digg_count": 100699, "digg_incr": 71262, "aweme_create_time": 1595412000, "category": 3, "volume": 383, "amount": 57067}, "author": {"author_id": "135970908277527", "nickname": "冬夏&安柒", "follower_count": 350071}}, {"aweme": {"aweme_id": "6852160437199424780", "aweme_title": "当我拿出这只口红，在座的谁能说它不绝#不负吾爱探索x面", "aweme_url": "https://www.iesdouyin.com/share/video/6852160437199424780/?region=CN&mid=6847857354411723534&u_code=0&titleType=title", "download_url": "https://www.chanmama.com/awemeDetail/6852160437199424780", "digg_count": 130339, "digg_incr": 53992, "aweme_create_time": 1595392935, "category": 3, "volume": 1676, "amount": 62012}, "author": {"author_id": "62334623829", "nickname": "喝了奶茶不睡觉", "follower_count": 40786}}, {"aweme": {"aweme_id": "6851968875362258189", "aweme_title": "医务人员推荐东西丢人吗？名人可以，网红可以，你可以，我也可以。熬过最长的夜，眼霜来了。别嫌弃它便宜。", "aweme_url": "https://www.iesdouyin.com/share/video/6851968875362258189/?region=CN&mid=6740939192739728136&u_code=0&titleType=title", "download_url": "https://www.chanmama.com/awemeDetail/6851968875362258189", "digg_count": 40493, "digg_incr": 32015, "aweme_create_time": 1595348334, "category": 3, "volume": 292, "amount": 11650.8}, "author": {"author_id": "109923245590", "nickname": "🔥齐哥🔥", "follower_count": 226669}}, {"aweme": {"aweme_id": "6852191375841103119", "aweme_title": "在韩国如何分辨韩国女生和中国女生？#韩国 #发型 #护发 @DOU+小助手", "aweme_url": "https://www.iesdouyin.com/share/video/6852191375841103119/?region=CN&mid=6852191381654342407&u_code=45a6gmj0h2h&titleType=title", "download_url": "https://www.chanmama.com/awemeDetail/6852191375841103119", "digg_count": 26606, "digg_incr": 21200, "aweme_create_time": 1595408100, "category": 3, "volume": 1, "amount": 159}, "author": {"author_id": "66114234123", "nickname": "四儿", "follower_count": 494186}}, {"aweme": {"aweme_id": "6852217091827780878", "aweme_title": "“我俗死了 就喜欢明目张胆的偏爱和温柔对待，态度差别越明显我越开心 最好是任何人都看的出你唯独对我这般”#02", "aweme_url": "https://www.iesdouyin.com/share/video/6852217091827780878/?region=CN&mid=6841913198992575239&u_code=1g184cmc5edd&titleType=title", "download_url": "https://www.chanmama.com/awemeDetail/6852217091827780878", "digg_count": 16435, "digg_incr": 11875, "aweme_create_time": 1595406120, "category": 3, "volume": 27, "amount": 1053}, "author": {"author_id": "106020808390", "nickname": "一个lele", "follower_count": 258287}}, {"aweme": {"aweme_id": "6852109290405203200", "aweme_title": "这老头非要我去相亲  不想在管我了  我是在等那些喜欢我的粉丝  你们一天老公老公的叫  此时此刻你在哪里……", "aweme_url": "https://www.iesdouyin.com/share/video/6852109290405203200/?region=CN&mid=6826132303278885639&u_code=107m7bg5i135&titleType=title", "download_url": "https://www.chanmama.com/awemeDetail/6852109290405203200", "digg_count": 16826, "digg_incr": 10598, "aweme_create_time": 1595381019, "category": 3, "volume": 0, "amount": 0}, "author": {"author_id": "100436179733", "nickname": "二少爷很调皮", "follower_count": 70988}}, {"aweme": {"aweme_id": "6852214860634262784", "aweme_title": "妈妈再也不用担心我染头发伤发质啦～#护发 #情侣日常 #撒狗粮 @DOU+小助手", "aweme_url": "https://www.iesdouyin.com/share/video/6852214860634262784/?region=CN&mid=6852214888966802189&u_code=3f1fdc6g52c9&titleType=title", "download_url": "https://www.chanmama.com/awemeDetail/6852214860634262784", "digg_count": 11040, "digg_incr": 9573, "aweme_create_time": 1595408706, "category": 3, "volume": 0, "amount": 0}, "author": {"author_id": "102940062473", "nickname": "橙橙and小武", "follower_count": 565920}}, {"aweme": {"aweme_id": "6852101665441451275", "aweme_title": "船长给朋友们分享一下，海洋景色温柔的一面，好朋友们你们喜欢么？点赞评论告诉船长，以后多发一些哪方面的作品？", "aweme_url": "https://www.iesdouyin.com/share/video/6852101665441451275/?region=CN&mid=6852101675780475662&u_code=j730d40cij&titleType=title", "download_url": "https://www.chanmama.com/awemeDetail/6852101665441451275", "digg_count": 12637, "digg_incr": 9534, "aweme_create_time": 1595379256, "category": 3, "volume": 2, "amount": 19.8}, "author": {"author_id": "94698846791", "nickname": "中国船长", "follower_count": 845071}}, {"aweme": {"aweme_id": "6852230870783298823", "aweme_title": "小红说：现在\"氧化\"和大白是我的头号\"敌人\"", "aweme_url": "https://www.iesdouyin.com/share/video/6852230870783298823/?region=CN&mid=6852231003105479432&u_code=39cg43bce5mj&titleType=title", "download_url": "https://www.chanmama.com/awemeDetail/6852230870783298823", "digg_count": 8731, "digg_incr": 8731, "aweme_create_time": 1595412276, "category": 3, "volume": 1, "amount": 149}, "author": {"author_id": "62513533723", "nickname": "朕的化妆包", "follower_count": 545232}}, {"aweme": {"aweme_id": "6851966206488890639", "aweme_title": "高领T恤黑色短裤，也太好看了，美爆一条街！！！", "aweme_url": "https://www.iesdouyin.com/share/video/6851966206488890639/?region=CN&mid=6806467448011787016&u_code=45a6gmj0h2h&titleType=title", "download_url": "https://www.chanmama.com/awemeDetail/6851966206488890639", "digg_count": 13654, "digg_incr": 7973, "aweme_create_time": 1595347708, "category": 3, "volume": 2174, "amount": 92462.59999999999}, "author": {"author_id": "60365552841", "nickname": "常熟市服装城陈志君服装商行", "follower_count": 457735}}, {"aweme": {"aweme_id": "6852237956514712840", "aweme_title": "精致的猪猪女孩夏天出门是不允许脱妆的❤️", "aweme_url": "https://www.iesdouyin.com/share/video/6852237956514712840/?region=CN&mid=6852238084222847757&u_code=0&titleType=title", "download_url": "https://www.chanmama.com/awemeDetail/6852237956514712840", "digg_count": 11436, "digg_incr": 7861, "aweme_create_time": 1595418908, "category": 3, "volume": 261, "amount": 20358}, "author": {"author_id": "86021050099", "nickname": "Ellen", "follower_count": 840645}}, {"aweme": {"aweme_id": "6852219228599225614", "aweme_title": "这么秀的化妆刷 一支竟然还不到10快？", "aweme_url": "https://www.iesdouyin.com/share/video/6852219228599225614/?region=CN&mid=6852219267648162567&u_code=45a6gmj0h2h&titleType=title", "download_url": "https://www.chanmama.com/awemeDetail/6852219228599225614", "digg_count": 9522, "digg_incr": 7631, "aweme_create_time": 1595406618, "category": 3, "volume": 14, "amount": 1512}, "author": {"author_id": "59335550631", "nickname": "三岁你干嘛", "follower_count": 380641}}, {"aweme": {"aweme_id": "6852071654022057230", "aweme_title": "谁把这娘们娶回家那算是倒霉了，不信你试试！😂😂😂😂@抖音小助手", "aweme_url": "https://www.iesdouyin.com/share/video/6852071654022057230/?region=CN&mid=6838390066331536136&u_code=45a6gmj0h2h&titleType=title", "download_url": "https://www.chanmama.com/awemeDetail/6852071654022057230", "digg_count": 11089, "digg_incr": 7473, "aweme_create_time": 1595372264, "category": 3, "volume": 0, "amount": 0}, "author": {"author_id": "69600944949", "nickname": "【搞笑大叔】", "follower_count": 307247}}, {"aweme": {"aweme_id": "6852232640129551631", "aweme_title": "别想歪！这是开往幼儿园的车！#幸福感好物", "aweme_url": "https://www.iesdouyin.com/share/video/6852232640129551631/?region=CN&mid=6852232686547798797&u_code=0&titleType=title", "download_url": "https://www.chanmama.com/awemeDetail/6852232640129551631", "digg_count": 9949, "digg_incr": 6284, "aweme_create_time": 1595420214, "category": 3, "volume": 28, "amount": 9212}, "author": {"author_id": "111241983872", "nickname": "周小磕", "follower_count": 804722}}, {"aweme": {"aweme_id": "6852208079027703054", "aweme_title": "感受过一整片黄金+胶原蛋白糊脸上的感觉不？宝藏分享来喽#面膜#紧致提拉", "aweme_url": "https://www.iesdouyin.com/share/video/6852208079027703054/?region=CN&mid=6852208104369687309&u_code=12kd46fiejim&titleType=title", "download_url": "https://www.chanmama.com/awemeDetail/6852208079027703054", "digg_count": 6129, "digg_incr": 6148, "aweme_create_time": 1595411235, "category": 3, "volume": 4, "amount": 512}, "author": {"author_id": "80300666355", "nickname": "二微会化妆", "follower_count": 493902}}, {"aweme": {"aweme_id": "6852175307722460424", "aweme_title": "修容大概就是传说中的无中生有吧！#修容教程 #诗佩妮", "aweme_url": "https://www.iesdouyin.com/share/video/6852175307722460424/?region=CN&mid=6852175330317617933&u_code=45a6gmj0h2h&titleType=title", "download_url": "https://www.chanmama.com/awemeDetail/6852175307722460424", "digg_count": 7365, "digg_incr": 5969, "aweme_create_time": 1595408400, "category": 3, "volume": 0, "amount": 0}, "author": {"author_id": "3522474508816251", "nickname": "李落秋", "follower_count": 473282}}, {"aweme": {"aweme_id": "6852192163057421576", "aweme_title": "我的夏日新宠，冰雾散粉，冰冰凉凉太戳人了#散粉#美妆", "aweme_url": "https://www.iesdouyin.com/share/video/6852192163057421576/?region=CN&mid=6852192283807648520&u_code=107m7bg5i135&titleType=title", "download_url": "https://www.chanmama.com/awemeDetail/6852192163057421576", "digg_count": 6532, "digg_incr": 5752, "aweme_create_time": 1595412000, "category": 3, "volume": 0, "amount": 0}, "author": {"author_id": "104668180307", "nickname": "杨闪闪💕", "follower_count": 505936}}, {"aweme": {"aweme_id": "6852281971607997710", "aweme_title": "姐姐们同款水光肌养成指南get啦！全身水光原来这么简单～夏日还能自带香草冰淇淋甜香！@OLAY身体护理", "aweme_url": "https://www.iesdouyin.com/share/video/6852281971607997710/?region=CN&mid=6852282017897188103&u_code=0&titleType=title", "download_url": "https://www.chanmama.com/awemeDetail/6852281971607997710", "digg_count": 8654, "digg_incr": 5752, "aweme_create_time": 1595425434, "category": 3, "volume": 4, "amount": 279.6}, "author": {"author_id": "79110689635", "nickname": "王欢喜Fancy", "follower_count": 733409}}, {"aweme": {"aweme_id": "6852284230995627268", "aweme_title": "高光修容 一盘多用～使用率超级高！分享几招一起变身名模脸啦！", "aweme_url": "https://www.iesdouyin.com/share/video/6852284230995627268/?region=CN&mid=6852284334906559239&u_code=0&titleType=title", "download_url": "https://www.chanmama.com/awemeDetail/6852284230995627268", "digg_count": 8712, "digg_incr": 5640, "aweme_create_time": 1595424814, "category": 3, "volume": 5, "amount": 895}, "author": {"author_id": "106055313234", "nickname": "小A_Vicky", "follower_count": 856359}}, {"aweme": {"aweme_id": "6852218776746872064", "aweme_title": "丁达尔现象实验现场！微乳渗透科技值得一试#护肤", "aweme_url": "https://www.iesdouyin.com/share/video/6852218776746872064/?region=CN&mid=6852218802466212622&u_code=45a6gmj0h2h&titleType=title", "download_url": "https://www.chanmama.com/awemeDetail/6852218776746872064", "digg_count": 6015, "digg_incr": 5445, "aweme_create_time": 1595410417, "category": 3, "volume": 0, "amount": 0}, "author": {"author_id": "107702440014", "nickname": "尹同学", "follower_count": 462520}}, {"aweme": {"aweme_id": "6852243584435997966", "aweme_title": "骑马舞@企业号小助手", "aweme_url": "https://www.iesdouyin.com/share/video/6852243584435997966/?region=CN&mid=6630781621941635848&u_code=107m7bg5i135&titleType=title", "download_url": "https://www.chanmama.com/awemeDetail/6852243584435997966", "digg_count": 7435, "digg_incr": 5380, "aweme_create_time": 1595412288, "category": 3, "volume": 0, "amount": 0}, "author": {"author_id": "99721905885", "nickname": "凡凡化妆品", "follower_count": 93647}}, {"aweme": {"aweme_id": "6851935257252449540", "aweme_title": "画完修容瘦十斤！新手必须要知道的修容小技巧！ #诗佩妮", "aweme_url": "https://www.iesdouyin.com/share/video/6851935257252449540/?region=CN&mid=6851935537675488007&u_code=107m7bg5i135&titleType=title", "download_url": "https://www.chanmama.com/awemeDetail/6851935257252449540", "digg_count": 6102, "digg_incr": 5375, "aweme_create_time": 1595412000, "category": 3, "volume": 0, "amount": 0}, "author": {"author_id": "62242307512", "nickname": "王开心", "follower_count": 468793}}, {"aweme": {"aweme_id": "6852194560047648012", "aweme_title": "“拍了拍”你的小脸，柠檬唇釉供应商已上线", "aweme_url": "https://www.iesdouyin.com/share/video/6852194560047648012/?region=CN&mid=6850432707039005448&u_code=0&titleType=title", "download_url": "https://www.chanmama.com/awemeDetail/6852194560047648012", "digg_count": 12840, "digg_incr": 5052, "aweme_create_time": 1595404324, "category": 3, "volume": 22, "amount": 1078}, "author": {"author_id": "92202519207", "nickname": "crush🦋", "follower_count": 144863}}, {"aweme": {"aweme_id": "6852093272312024323", "aweme_title": "我要让我女儿懂得长相一般的时候穿衣有品也会很出众，尝试不同风格的衣服来增加气质和自信！#我要上热门 #女童套装", "aweme_url": "https://www.iesdouyin.com/share/video/6852093272312024323/?region=CN&mid=6823947999602658056&u_code=0&titleType=title", "download_url": "https://www.chanmama.com/awemeDetail/6852093272312024323", "digg_count": 11101, "digg_incr": 4374, "aweme_create_time": 1595377303, "category": 3, "volume": 103, "amount": 5665}, "author": {"author_id": "75734830129", "nickname": "雅雅童装", "follower_count": 243648}}, {"aweme": {"aweme_id": "6852192029246541067", "aweme_title": "怎么涂都不出错，colorkey是开挂了嘛！！#哑光唇釉", "aweme_url": "https://www.iesdouyin.com/share/video/6852192029246541067/?region=CN&mid=6843607089181362177&u_code=45a6gmj0h2h&titleType=title", "download_url": "https://www.chanmama.com/awemeDetail/6852192029246541067", "digg_count": 6800, "digg_incr": 3939, "aweme_create_time": 1595411693, "category": 3, "volume": 6, "amount": 294}, "author": {"author_id": "95358109553", "nickname": "种草没呀", "follower_count": 352875}}, {"aweme": {"aweme_id": "6852214335876500751", "aweme_title": "行走的荷尔蒙，让她把持不住的斩女香#香水 #少女收割机", "aweme_url": "https://www.iesdouyin.com/share/video/6852214335876500751/?region=CN&mid=6852214543574141704&u_code=0&titleType=title", "download_url": "https://www.chanmama.com/awemeDetail/6852214335876500751", "digg_count": 3894, "digg_incr": 3894, "aweme_create_time": 1595405477, "category": 3, "volume": 1, "amount": 39}, "author": {"author_id": "3966666434687117", "nickname": "大腕大倦后一瓶19两瓶29", "follower_count": 149919}}, {"aweme": {"aweme_id": "6851875309222989056", "aweme_title": "头发爱出油，有头屑的宝宝可以试试这款头皮按摩膏～真的好用呀！#好物分享 #头皮清洁", "aweme_url": "https://www.iesdouyin.com/share/video/6851875309222989056/?region=CN&mid=6812538880793774082&u_code=0&titleType=title", "download_url": "https://www.chanmama.com/awemeDetail/6851875309222989056", "digg_count": 4045, "digg_incr": 3810, "aweme_create_time": 1595408400, "category": 3, "volume": 6, "amount": 1374}, "author": {"author_id": "59878463347", "nickname": "杜大宝", "follower_count": 329837}}, {"aweme": {"aweme_id": "6852146333898362112", "aweme_title": "这睫毛膏真的真的好用，睫毛短塌的一定要试试！#睫毛精", "aweme_url": "https://www.iesdouyin.com/share/video/6852146333898362112/?region=CN&mid=6841492789587364616&u_code=0&titleType=title", "download_url": "https://www.chanmama.com/awemeDetail/6852146333898362112", "digg_count": 3961, "digg_incr": 3760, "aweme_create_time": 1595389644, "category": 3, "volume": 2, "amount": 118}, "author": {"author_id": "59878463347", "nickname": "杜大宝", "follower_count": 329837}}, {"aweme": {"aweme_id": "6852242500011199752", "aweme_title": "你是空，你是空，色即是空的空空，阿姨姐姐美女们头发太干了，我的拿发膜亲一下，头发特柔顺光滑，越来越漂亮。#抖音", "aweme_url": "https://www.iesdouyin.com/share/video/6852242500011199752/?region=CN&mid=6837003551991253768&u_code=ifc4l7i3106&titleType=title", "download_url": "https://www.chanmama.com/awemeDetail/6852242500011199752", "digg_count": 4021, "digg_incr": 3745, "aweme_create_time": 1595412035, "category": 3, "volume": 16, "amount": 318.4}, "author": {"author_id": "59493899113", "nickname": "Cc无声小哥哥", "follower_count": 670395}}, {"aweme": {"aweme_id": "6852283759014808847", "aweme_title": "冰雾散粉跟夏天真是绝配鸭!!", "aweme_url": "https://www.iesdouyin.com/share/video/6852283759014808847/?region=CN&mid=6835914489540725511&u_code=0&titleType=title", "download_url": "https://www.chanmama.com/awemeDetail/6852283759014808847", "digg_count": 7088, "digg_incr": 3698, "aweme_create_time": 1595421640, "category": 3, "volume": 4, "amount": 520}, "author": {"author_id": "55979450230", "nickname": "侯小西", "follower_count": 809445}}, {"aweme": {"aweme_id": "6852243985700883720", "aweme_title": "52岁的我人老心不老，如果嫌弃就划过，若喜欢就点击右下角白色箭头合拍就能看到我，点个关注加❤我们做朋友吧🙏", "aweme_url": "https://www.iesdouyin.com/share/video/6852243985700883720/?region=CN&mid=6846340690054925069&u_code=45a6gmj0h2h&titleType=title", "download_url": "https://www.chanmama.com/awemeDetail/6852243985700883720", "digg_count": 3787, "digg_incr": 3562, "aweme_create_time": 1595412381, "category": 3, "volume": 0, "amount": 0}, "author": {"author_id": "97872135928", "nickname": "白开水有点甜💦68年11月🐒🐒", "follower_count": 172859}}, {"aweme": {"aweme_id": "6852199730508729612", "aweme_title": "东京夏天的热，都不是撒一把孜然就能解决的 #vlog日常@DOU+小助手", "aweme_url": "https://www.iesdouyin.com/share/video/6852199730508729612/?region=CN&mid=6852199826923637512&u_code=3f1fdc6g52c9&titleType=title", "download_url": "https://www.chanmama.com/awemeDetail/6852199730508729612", "digg_count": 4177, "digg_incr": 3466, "aweme_create_time": 1595408686, "category": 3, "volume": 19, "amount": 1121}, "author": {"author_id": "93959272641", "nickname": "哎呀陈哥（东京）", "follower_count": 397927}}, {"aweme": {"aweme_id": "6852199265163414799", "aweme_title": "百年修炼 只想入人间梦一场#仿妆#青蛇", "aweme_url": "https://www.iesdouyin.com/share/video/6852199265163414799/?region=CN&mid=6801397063407061768&u_code=45a6gmj0h2h&titleType=title", "download_url": "https://www.chanmama.com/awemeDetail/6852199265163414799", "digg_count": 3981, "digg_incr": 3456, "aweme_create_time": 1595409342, "category": 3, "volume": 0, "amount": 0}, "author": {"author_id": "14053855655", "nickname": "安娇娇baby", "follower_count": 699130}}, {"aweme": {"aweme_id": "6852107815511739655", "aweme_title": "奔四的我经常使用的补水保湿大法，亲测有效，可以试试哦#美容护肤 #补水保湿 #即败家又省钱 @抖音小助手", "aweme_url": "https://www.iesdouyin.com/share/video/6852107815511739655/?region=CN&mid=6740061453610420996&u_code=3aj03358ik5c&titleType=title", "download_url": "https://www.chanmama.com/awemeDetail/6852107815511739655", "digg_count": 3282, "digg_incr": 3287, "aweme_create_time": 1595380678, "category": 3, "volume": 23, "amount": 1035}, "author": {"author_id": "3421293926692392", "nickname": "美熹护肤品", "follower_count": 32938}}, {"aweme": {"aweme_id": "6852204841155038472", "aweme_title": "高山植物精萃，石斛提取物真有这么强大？看了你就知道了！#护肤 #面膜#国货", "aweme_url": "https://www.iesdouyin.com/share/video/6852204841155038472/?region=CN&mid=6852205209809521416&u_code=45a6gmj0h2h&titleType=title", "download_url": "https://www.chanmama.com/awemeDetail/6852204841155038472", "digg_count": 3197, "digg_incr": 3234, "aweme_create_time": 1595413113, "category": 3, "volume": 0, "amount": 0}, "author": {"author_id": "106217839495", "nickname": "冰冰学姐", "follower_count": 662027}}, {"aweme": {"aweme_id": "6852263185513286926", "aweme_title": "你们说我该怎么收拾她？", "aweme_url": "https://www.iesdouyin.com/share/video/6852263185513286926/?region=CN&mid=6852263279080213255&u_code=0&titleType=title", "download_url": "https://www.chanmama.com/awemeDetail/6852263185513286926", "digg_count": 7078, "digg_incr": 3009, "aweme_create_time": 1595416867, "category": 3, "volume": 2, "amount": 99.8}, "author": {"author_id": "103965463202", "nickname": "江梦梦", "follower_count": 352202}}, {"aweme": {"aweme_id": "6852187400307838208", "aweme_title": "“我会陪你很久很久  是我会  不是我想”#我的高光一刻 #神仙眼影", "aweme_url": "https://www.iesdouyin.com/share/video/6852187400307838208/?region=CN&mid=6833750769473309453&u_code=0&titleType=title", "download_url": "https://www.chanmama.com/awemeDetail/6852187400307838208", "digg_count": 3897, "digg_incr": 2891, "aweme_create_time": 1595399206, "category": 3, "volume": 203, "amount": 5075}, "author": {"author_id": "540571296087187", "nickname": "花伦野作", "follower_count": 53121}}, {"aweme": {"aweme_id": "6852240521734278411", "aweme_title": "你喜欢温柔眼线还是狼系眼线呢", "aweme_url": "https://www.iesdouyin.com/share/video/6852240521734278411/?region=CN&mid=6852240690127457031&u_code=0&titleType=title", "download_url": "https://www.chanmama.com/awemeDetail/6852240521734278411", "digg_count": 3037, "digg_incr": 2875, "aweme_create_time": 1595411607, "category": 3, "volume": 4, "amount": 236}, "author": {"author_id": "56949069424", "nickname": "✨ 周人青✨", "follower_count": 179397}}, {"aweme": {"aweme_id": "6851742525691055375", "aweme_title": "圣雪兰美白精华…试试", "aweme_url": "https://www.iesdouyin.com/share/video/6851742525691055375/?region=CN&mid=6851742520255908616&u_code=0&titleType=title", "download_url": "https://www.chanmama.com/awemeDetail/6851742525691055375", "digg_count": 4217, "digg_incr": 2735, "aweme_create_time": 1595408400, "category": 3, "volume": 13, "amount": 1287}, "author": {"author_id": "84412490493", "nickname": "护肤 问莫嫡", "follower_count": 959323}}, {"aweme": {"aweme_id": "6852240315525369103", "aweme_title": "正做着饭，老公头也不回的出去，竟然是……", "aweme_url": "https://www.iesdouyin.com/share/video/6852240315525369103/?region=CN&mid=6852240346223512333&u_code=45a6gmj0h2h&titleType=title", "download_url": "https://www.chanmama.com/awemeDetail/6852240315525369103", "digg_count": 3951, "digg_incr": 2661, "aweme_create_time": 1595411525, "category": 3, "volume": 0, "amount": 0}, "author": {"author_id": "55823155536", "nickname": "大美双", "follower_count": 662980}}, {"aweme": {"aweme_id": "6852241217305005327", "aweme_title": "#热门 #抖音短剧 #连续剧 #剧情推理 #情感短剧", "aweme_url": "https://www.iesdouyin.com/share/video/6852241217305005327/?region=CN&mid=6730108657062644491&u_code=22e1cba375g&titleType=title", "download_url": "https://www.chanmama.com/awemeDetail/6852241217305005327", "digg_count": 3917, "digg_incr": 2653, "aweme_create_time": 1595411735, "category": 3, "volume": 0, "amount": 0}, "author": {"author_id": "2757182636691228", "nickname": "宏楠", "follower_count": 271428}}, {"aweme": {"aweme_id": "6852217212653112583", "aweme_title": "#泡泡玛特 #Ahava 来给你们#种草 今天又是预言家蹦蹦#拆盲盒@DOU+小助手", "aweme_url": "https://www.iesdouyin.com/share/video/6852217212653112583/?region=CN&mid=6852217229895797518&u_code=0&titleType=title", "download_url": "https://www.chanmama.com/awemeDetail/6852217212653112583", "digg_count": 4100, "digg_incr": 2635, "aweme_create_time": 1595406148, "category": 3, "volume": 13, "amount": 1274}, "author": {"author_id": "60413421034", "nickname": "蹦蹦のtoybox", "follower_count": 107671}}, {"aweme": {"aweme_id": "6852178070250556672", "aweme_title": "发现用腮红化妆 元气粉嫩值upup#高清 #无滤镜无美颜 #苹果原相机 #腮红", "aweme_url": "https://www.iesdouyin.com/share/video/6852178070250556672/?region=CN&mid=6852178069952760584&u_code=0&titleType=title", "download_url": "https://www.chanmama.com/awemeDetail/6852178070250556672", "digg_count": 2736, "digg_incr": 2600, "aweme_create_time": 1595410200, "category": 3, "volume": 7, "amount": 623}, "author": {"author_id": "55458139885", "nickname": "苏婆SUPERYUYING", "follower_count": 310602}}, {"aweme": {"aweme_id": "6852184641579814144", "aweme_title": "新手也可以轻松掌握的眼线笔，真的绝了#美妆 #眼线笔 #不晕妆", "aweme_url": "https://www.iesdouyin.com/share/video/6852184641579814144/?region=CN&mid=6852184650819898125&u_code=45a6gmj0h2h&titleType=title", "download_url": "https://www.chanmama.com/awemeDetail/6852184641579814144", "digg_count": 2682, "digg_incr": 2561, "aweme_create_time": 1595412000, "category": 3, "volume": 0, "amount": 0}, "author": {"author_id": "53450953633", "nickname": "秋小妹", "follower_count": 202574}}, {"aweme": {"aweme_id": "6852243017089305871", "aweme_title": "男生变帅的福音？帅哥懒人的秘密？我可都招了啊～ #男生 #素颜霜", "aweme_url": "https://www.iesdouyin.com/share/video/6852243017089305871/?region=CN&mid=6852243060105939725&u_code=0&titleType=title", "download_url": "https://www.chanmama.com/awemeDetail/6852243017089305871", "digg_count": 2554, "digg_incr": 2479, "aweme_create_time": 1595412154, "category": 3, "volume": 3, "amount": 209.39999999999998}, "author": {"author_id": "2299823318113547", "nickname": "安达Anda", "follower_count": 118396}}, {"aweme": {"aweme_id": "6852233123942468877", "aweme_title": "有什么东西是你出门必带的呢？#高光发膜 #免洗发膜 #燕窝发膜 @DOU+小助手", "aweme_url": "https://www.iesdouyin.com/share/video/6852233123942468877/?region=CN&mid=6852233163155376904&u_code=29e686k94ldf&titleType=title", "download_url": "https://www.chanmama.com/awemeDetail/6852233123942468877", "digg_count": 3626, "digg_incr": 2467, "aweme_create_time": 1595413229, "category": 3, "volume": 1, "amount": 159}, "author": {"author_id": "71373103766", "nickname": "Ying", "follower_count": 354110}}, {"aweme": {"aweme_id": "6852249582705839368", "aweme_title": "大家有见过洗脸刘海一根都没有湿的小姐姐嘛！？ #卸妆  #街访", "aweme_url": "https://www.iesdouyin.com/share/video/6852249582705839368/?region=CN&mid=6852249681016195847&u_code=0&titleType=title", "download_url": "https://www.chanmama.com/awemeDetail/6852249582705839368", "digg_count": 10676, "digg_incr": 2451, "aweme_create_time": 1595413700, "category": 3, "volume": 1, "amount": 79}, "author": {"author_id": "3900692712928891", "nickname": "爆改突击队", "follower_count": 580146}}, {"aweme": {"aweme_id": "6852207505423060236", "aweme_title": "屈臣氏的闺蜜真的没有骗我，自从用了这个#洗面奶 ，皮肤像剥了壳的鸡蛋，超爱", "aweme_url": "https://www.iesdouyin.com/share/video/6852207505423060236/?region=CN&mid=6819669479694699278&u_code=0&titleType=title", "download_url": "https://www.chanmama.com/awemeDetail/6852207505423060236", "digg_count": 2165, "digg_incr": 2283, "aweme_create_time": 1595403895, "category": 3, "volume": 0, "amount": 0}, "author": {"author_id": "501010419691821", "nickname": "美妆师🌟婷婷", "follower_count": 0}}, {"aweme": {"aweme_id": "6852227408444083464", "aweme_title": "#真我 #香水福利 #香水控 #美妆 #美妆 @抖音小助手 @璟媛贸易", "aweme_url": "https://www.iesdouyin.com/share/video/6852227408444083464/?region=CN&mid=6852227420645526286&u_code=0&titleType=title", "download_url": "https://www.chanmama.com/awemeDetail/6852227408444083464", "digg_count": 2283, "digg_incr": 2275, "aweme_create_time": 1595408522, "category": 3, "volume": 25, "amount": 997.5}, "author": {"author_id": "2968306807220083", "nickname": "南京熙智贸易", "follower_count": 90465}}, {"aweme": {"aweme_id": "6852241023477746951", "aweme_title": "来试个sai#小黑镜", "aweme_url": "https://www.iesdouyin.com/share/video/6852241023477746951/?region=CN&mid=6847830762424339208&u_code=0&titleType=title", "download_url": "https://www.chanmama.com/awemeDetail/6852241023477746951", "digg_count": 11033, "digg_incr": 2240, "aweme_create_time": 1595411691, "category": 3, "volume": 12, "amount": 588}, "author": {"author_id": "62793294788", "nickname": "我想再睡九分钟", "follower_count": 115044}}, {"aweme": {"aweme_id": "6852280729829739791", "aweme_title": "想找一个人帮我开车，男生最好，年龄不限，要能吃苦，(不谈感情)我喝酒你喝奶，在漆黑的夜里聊聊曾经与过往#等你", "aweme_url": "https://www.iesdouyin.com/share/video/6852280729829739791/?region=CN&mid=6852280744443005709&u_code=45a6gmj0h2h&titleType=title", "download_url": "https://www.chanmama.com/awemeDetail/6852280729829739791", "digg_count": 2340, "digg_incr": 2235, "aweme_create_time": 1595420935, "category": 3, "volume": 0, "amount": 0}, "author": {"author_id": "95471157450", "nickname": "奔跑的🏃‍♀️兰姐", "follower_count": 11185}}, {"aweme": {"aweme_id": "6852241348880321792", "aweme_title": "只要开始就不算晚 开心的向25岁迈进 自律的生活 我来了～！#vlog日常", "aweme_url": "https://www.iesdouyin.com/share/video/6852241348880321792/?region=CN&mid=6852241369654774536&u_code=22e1cba375g&titleType=title", "download_url": "https://www.chanmama.com/awemeDetail/6852241348880321792", "digg_count": 3018, "digg_incr": 2170, "aweme_create_time": 1595411766, "category": 3, "volume": 0, "amount": 0}, "author": {"author_id": "83444669518", "nickname": "我在上网冲浪中", "follower_count": 544371}}, {"aweme": {"aweme_id": "6852242616550034691", "aweme_title": "天天对着空调吹，面膜必须安排起来！#面膜 @抖音小助手", "aweme_url": "https://www.iesdouyin.com/share/video/6852242616550034691/?region=CN&mid=6852242694752996104&u_code=0&titleType=title", "download_url": "https://www.chanmama.com/awemeDetail/6852242616550034691", "digg_count": 2139, "digg_incr": 2140, "aweme_create_time": 1595412069, "category": 3, "volume": 0, "amount": 0}, "author": {"author_id": "98428052213", "nickname": "仙炸橙汁儿", "follower_count": 318215}}, {"aweme": {"aweme_id": "6852195009471532302", "aweme_title": "你为什么那么白？你凭什么那么白？！？！#养肤粉底液", "aweme_url": "https://www.iesdouyin.com/share/video/6852195009471532302/?region=CN&mid=6852195057227877133&u_code=0&titleType=title", "download_url": "https://www.chanmama.com/awemeDetail/6852195009471532302", "digg_count": 8839, "digg_incr": 2074, "aweme_create_time": 1595408405, "category": 3, "volume": 12, "amount": 1416}, "author": {"author_id": "57712892750", "nickname": "Sooki莹莹孙（30号回天津）", "follower_count": 737269}}, {"aweme": {"aweme_id": "6851872477447064847", "aweme_title": "最后一个太真实了#变装", "aweme_url": "https://www.iesdouyin.com/share/video/6851872477447064847/?region=CN&mid=6851872495973321479&u_code=45a6gmj0h2h&titleType=title", "download_url": "https://www.chanmama.com/awemeDetail/6851872477447064847", "digg_count": 3859, "digg_incr": 2061, "aweme_create_time": 1595407631, "category": 3, "volume": 4, "amount": 436}, "author": {"author_id": "3240991404076829", "nickname": "杨盛Xià", "follower_count": 579158}}, {"aweme": {"aweme_id": "6852286835972951309", "aweme_title": "不拽也得拽", "aweme_url": "https://www.iesdouyin.com/share/video/6852286835972951309/?region=CN&mid=6348632858881428225&u_code=0&titleType=title", "download_url": "https://www.chanmama.com/awemeDetail/6852286835972951309", "digg_count": 3451, "digg_incr": 2058, "aweme_create_time": 1595422357, "category": 3, "volume": 55, "amount": 2744.5}, "author": {"author_id": "84912772078", "nickname": "SUTAW734-", "follower_count": 204253}}, {"aweme": {"aweme_id": "6852249733646355725", "aweme_title": "护肤品不吸收？不用怕 干货在这里！#美容仪 #护肤美容", "aweme_url": "https://www.iesdouyin.com/share/video/6852249733646355725/?region=CN&mid=6852249779842386702&u_code=37jee62h06km&titleType=title", "download_url": "https://www.chanmama.com/awemeDetail/6852249733646355725", "digg_count": 2005, "digg_incr": 2022, "aweme_create_time": 1595413719, "category": 3, "volume": 0, "amount": 0}, "author": {"author_id": "97259817840", "nickname": "蛋挞小少女Zoe", "follower_count": 605781}}, {"aweme": {"aweme_id": "6852162241098222851", "aweme_title": "晚上九点直播带货！#加油", "aweme_url": "https://www.iesdouyin.com/share/video/6852162241098222851/?region=CN&mid=6852162267879181070&u_code=1ld7cl49iddb&titleType=title", "download_url": "https://www.chanmama.com/awemeDetail/6852162241098222851", "digg_count": 1830, "digg_incr": 1830, "aweme_create_time": 1595393355, "category": 3, "volume": 0, "amount": 0}, "author": {"author_id": "94975508912", "nickname": "正能量、大海", "follower_count": 480864}}, {"aweme": {"aweme_id": "6852265788091485455", "aweme_title": "#白发#养发#回归黑发#防脱生发#感谢抖音 @抖音小助手 @DOU+小助手", "aweme_url": "https://www.iesdouyin.com/share/video/6852265788091485455/?region=CN&mid=6849886280235354894&u_code=2a10me0am8l7&titleType=title", "download_url": "https://www.chanmama.com/awemeDetail/6852265788091485455", "digg_count": 1801, "digg_incr": 1801, "aweme_create_time": 1595417456, "category": 3, "volume": 120, "amount": 9000}, "author": {"author_id": "1345414148390951", "nickname": "轩仔-护发养发", "follower_count": 15087}}, {"aweme": {"aweme_id": "6852149863526845710", "aweme_title": "大型防晒现场，宝们各取所需#防晒  #好物推荐", "aweme_url": "https://www.iesdouyin.com/share/video/6852149863526845710/?region=CN&mid=6852150030514932488&u_code=0&titleType=title", "download_url": "https://www.chanmama.com/awemeDetail/6852149863526845710", "digg_count": 2399, "digg_incr": 1791, "aweme_create_time": 1595390486, "category": 3, "volume": 3, "amount": 177}, "author": {"author_id": "83176170455324", "nickname": "灰色鹿_", "follower_count": 848495}}, {"aweme": {"aweme_id": "6852212383906073870", "aweme_title": "小红说：现在\"氧化\"和大白是我的头号\"敌人\"", "aweme_url": "https://www.iesdouyin.com/share/video/6852212383906073870/?region=CN&mid=6852212429843057421&u_code=2426lj28j59i&titleType=title", "download_url": "https://www.chanmama.com/awemeDetail/6852212383906073870", "digg_count": 1752, "digg_incr": 1752, "aweme_create_time": 1595405024, "category": 3, "volume": 1, "amount": 149}, "author": {"author_id": "62513533723", "nickname": "朕的化妆包", "follower_count": 545232}}, {"aweme": {"aweme_id": "6852292467039980804", "aweme_title": "你们说黑色款好看，但是夏天想要更清爽一点，于是我就又搭了一组浅色给你们#晶石猫眼 #透色美甲 #亮片美甲教程", "aweme_url": "https://www.iesdouyin.com/share/video/6852292467039980804/?region=CN&mid=6852292525605047047&u_code=45a6gmj0h2h&titleType=title", "download_url": "https://www.chanmama.com/awemeDetail/6852292467039980804", "digg_count": 2012, "digg_incr": 1740, "aweme_create_time": 1595423673, "category": 3, "volume": 0, "amount": 0}, "author": {"author_id": "391064765597563", "nickname": "暮色罗格美甲", "follower_count": 95352}}, {"aweme": {"aweme_id": "6852141064913030412", "aweme_title": "辣妹子吃醋咯，自从女儿出生后她失宠了，现在女儿头长了，说我总给女儿头发洗的柔顺光滑，今天我也用发膜给你洗一次。", "aweme_url": "https://www.iesdouyin.com/share/video/6852141064913030412/?region=CN&mid=6561031505396091655&u_code=12aicg5jh1d9&titleType=title", "download_url": "https://www.chanmama.com/awemeDetail/6852141064913030412", "digg_count": 2691, "digg_incr": 1731, "aweme_create_time": 1595388425, "category": 3, "volume": 43, "amount": 855.6999999999999}, "author": {"author_id": "1288249534842587", "nickname": "猪猪兄弟(甄选)", "follower_count": 95953}}, {"aweme": {"aweme_id": "6852192570106318095", "aweme_title": "#改善 #拇外翻 #听说发第二遍会火", "aweme_url": "https://www.iesdouyin.com/share/video/6852192570106318095/?region=CN&mid=6852192568659577608&u_code=45a6gmj0h2h&titleType=title", "download_url": "https://www.chanmama.com/awemeDetail/6852192570106318095", "digg_count": 6428, "digg_incr": 1678, "aweme_create_time": 1595400409, "category": 3, "volume": 351, "amount": 14004.9}, "author": {"author_id": "4248137442540207", "nickname": "大头健康助手", "follower_count": 61708}}, {"aweme": {"aweme_id": "6852242575554841860", "aweme_title": "首席星际探险管@黄明昊Justin 超你发射wink信号💘#橘朵女孩 接收到来自小贾的无限引力了么🤩", "aweme_url": "https://www.iesdouyin.com/share/video/6852242575554841860/?region=CN&mid=6852242632404486919&u_code=45a6gmj0h2h&titleType=title", "download_url": "https://www.chanmama.com/awemeDetail/6852242575554841860", "digg_count": 4816, "digg_incr": 1674, "aweme_create_time": 1595412059, "category": 3, "volume": 3, "amount": 209.39999999999998}, "author": {"author_id": "106112579114", "nickname": "Judydoll橘朵", "follower_count": 53383}}, {"aweme": {"aweme_id": "6852156751324744967", "aweme_title": "夏日控油宝藏，大油皮，学生党宝宝们给我冲啊！！", "aweme_url": "https://www.iesdouyin.com/share/video/6852156751324744967/?region=CN&mid=6852156861605481224&u_code=0&titleType=title", "download_url": "https://www.chanmama.com/awemeDetail/6852156751324744967", "digg_count": 1725, "digg_incr": 1667, "aweme_create_time": 1595412000, "category": 3, "volume": 0, "amount": 0}, "author": {"author_id": "62312187519", "nickname": "苏酸辣", "follower_count": 127695}}, {"aweme": {"aweme_id": "6852133428230360334", "aweme_title": "#护肤 #瓜分流量 你不舍得花也会有人替你花，女人一定要对自己好一点，正在直播", "aweme_url": "https://www.iesdouyin.com/share/video/6852133428230360334/?region=CN&mid=6852133430265350926&u_code=294bg9d7idcl&titleType=title", "download_url": "https://www.chanmama.com/awemeDetail/6852133428230360334", "digg_count": 1867, "digg_incr": 1657, "aweme_create_time": 1595386640, "category": 3, "volume": 28, "amount": 277.2}, "author": {"author_id": "3232212545452157", "nickname": "官泉电子商务", "follower_count": 36003}}, {"aweme": {"aweme_id": "6851792244026952960", "aweme_title": "原来国风和日漫是这种关系！看完真的惊呆了！#仿妆 #充能计划 #cos #海贼王", "aweme_url": "https://www.iesdouyin.com/share/video/6851792244026952960/?region=CN&mid=6843607089181362177&u_code=0&titleType=title", "download_url": "https://www.chanmama.com/awemeDetail/6851792244026952960", "digg_count": 4574, "digg_incr": 1637, "aweme_create_time": 1595412000, "category": 3, "volume": 0, "amount": 0}, "author": {"author_id": "67636847575", "nickname": "颜哥Ayan🐒", "follower_count": 593586}}, {"aweme": {"aweme_id": "6852294701358353677", "aweme_title": "简单又美腻的汉服发型教程，手残党也能学会！#汉服发型 #原创国风计划 #青菜拼车拼拼拼#汉服 @抖音小助手", "aweme_url": "https://www.iesdouyin.com/share/video/6852294701358353677/?region=CN&mid=6802745965250873352&u_code=3ghh3kbgkj6b&titleType=title", "download_url": "https://www.chanmama.com/awemeDetail/6852294701358353677", "digg_count": 2644, "digg_incr": 1635, "aweme_create_time": 1595424189, "category": 3, "volume": 3, "amount": 44.97}, "author": {"author_id": "85280233571", "nickname": "包包包子", "follower_count": 62841}}, {"aweme": {"aweme_id": "6852138935523511563", "aweme_title": "续航久 颜值高 清洁力强，四种模式活动价一支百来块，买它就对了！#电动牙刷", "aweme_url": "https://www.iesdouyin.com/share/video/6852138935523511563/?region=CN&mid=6852139112351238919&u_code=45a6gmj0h2h&titleType=title", "download_url": "https://www.chanmama.com/awemeDetail/6852138935523511563", "digg_count": 12948, "digg_incr": 1632, "aweme_create_time": 1595390155, "category": 3, "volume": 6, "amount": 1194}, "author": {"author_id": "74033474962", "nickname": "小小太阳花", "follower_count": 226270}}, {"aweme": {"aweme_id": "6852107642618400013", "aweme_title": "男孩子可以没💰，也可以不帅，但是一定要白白净净的！这样才能找到漂亮女盆友😊", "aweme_url": "https://www.iesdouyin.com/share/video/6852107642618400013/?region=CN&mid=6852107626537437966&u_code=0&titleType=title", "download_url": "https://www.chanmama.com/awemeDetail/6852107642618400013", "digg_count": 21467, "digg_incr": 1630, "aweme_create_time": 1595380638, "category": 3, "volume": 127, "amount": 5067.3}, "author": {"author_id": "2981504366944144", "nickname": "陈小语", "follower_count": 26897}}, {"aweme": {"aweme_id": "6852246321366093056", "aweme_title": "#原相机  夏天不脱妆的小步骤", "aweme_url": "https://www.iesdouyin.com/share/video/6852246321366093056/?region=CN&mid=6843774888277576461&u_code=29e686k94ldf&titleType=title", "download_url": "https://www.chanmama.com/awemeDetail/6852246321366093056", "digg_count": 2177, "digg_incr": 1627, "aweme_create_time": 1595412924, "category": 3, "volume": 0, "amount": 0}, "author": {"author_id": "64188473604", "nickname": "雁女", "follower_count": 267510}}, {"aweme": {"aweme_id": "6852138026252930307", "aweme_title": "续航久 颜值高  清洁力强，四种模式活动价一支百来块，买它就对了！#电动牙刷", "aweme_url": "https://www.iesdouyin.com/share/video/6852138026252930307/?region=CN&mid=6852138484388334349&u_code=45a6gmj0h2h&titleType=title", "download_url": "https://www.chanmama.com/awemeDetail/6852138026252930307", "digg_count": 10714, "digg_incr": 1617, "aweme_create_time": 1595390497, "category": 3, "volume": 6, "amount": 1194}, "author": {"author_id": "2207431544017952", "nickname": "茜茜精挑细选", "follower_count": 178683}}, {"aweme": {"aweme_id": "6852152574242458880", "aweme_title": "你好拽哦！拽到从来不给我点一个赞！#maria", "aweme_url": "https://www.iesdouyin.com/share/video/6852152574242458880/?region=CN&mid=6843607089181362177&u_code=0&titleType=title", "download_url": "https://www.chanmama.com/awemeDetail/6852152574242458880", "digg_count": 1677, "digg_incr": 1599, "aweme_create_time": 1595391097, "category": 3, "volume": 0, "amount": 0}, "author": {"author_id": "111170496914", "nickname": "鱼小妍", "follower_count": 564378}}, {"aweme": {"aweme_id": "6852198219254893827", "aweme_title": "天呐！这个绿色也太好看太高级了吧，不亏是出了三年还受欢迎的经典款#种草", "aweme_url": "https://www.iesdouyin.com/share/video/6852198219254893827/?region=CN&mid=6852198413342231310&u_code=45a6gmj0h2h&titleType=title", "download_url": "https://www.chanmama.com/awemeDetail/6852198219254893827", "digg_count": 2131, "digg_incr": 1553, "aweme_create_time": 1595408585, "category": 3, "volume": 8, "amount": 2152}, "author": {"author_id": "2862767482089239", "nickname": "是仙女吖", "follower_count": 161853}}, {"aweme": {"aweme_id": "6852307535634894087", "aweme_title": "我刚刚又直播过了哦……海绵代替喷枪效果反正就是这么拍……#美甲彩绘 #喷枪美甲 #美甲 #渐变美甲 #美甲", "aweme_url": "https://www.iesdouyin.com/share/video/6852307535634894087/?region=CN&mid=6852307558880791310&u_code=45a6gmj0h2h&titleType=title", "download_url": "https://www.chanmama.com/awemeDetail/6852307535634894087", "digg_count": 2670, "digg_incr": 1529, "aweme_create_time": 1595427178, "category": 3, "volume": 6, "amount": 77.4}, "author": {"author_id": "63236355033", "nickname": "韵姐", "follower_count": 30385}}, {"aweme": {"aweme_id": "6852240357460069639", "aweme_title": "车厘子果冻唇的养成法 #唇釉试色", "aweme_url": "https://www.iesdouyin.com/share/video/6852240357460069639/?region=CN&mid=6852240382667934471&u_code=45a6gmj0h2h&titleType=title", "download_url": "https://www.chanmama.com/awemeDetail/6852240357460069639", "digg_count": 59751, "digg_incr": 1505, "aweme_create_time": 1595411537, "category": 3, "volume": 1, "amount": 69}, "author": {"author_id": "1116721654545598", "nickname": "野性你煊哥", "follower_count": 45061}}, {"aweme": {"aweme_id": "6852117687758310668", "aweme_title": "还有妹妹以为面霜真的可以代替眼霜吗？#眼霜 #好物分享", "aweme_url": "https://www.iesdouyin.com/share/video/6852117687758310668/?region=CN&mid=6852117738572368654&u_code=0&titleType=title", "download_url": "https://www.chanmama.com/awemeDetail/6852117687758310668", "digg_count": 1550, "digg_incr": 1441, "aweme_create_time": 1595387689, "category": 3, "volume": 0, "amount": 0}, "author": {"author_id": "96923374582", "nickname": "邹新新", "follower_count": 404729}}, {"aweme": {"aweme_id": "6852224277203258638", "aweme_title": "自从用了这款高光发膜后，理发店头发护理费都省了 已经从枯草渣变成丝绸锦♥️", "aweme_url": "https://www.iesdouyin.com/share/video/6852224277203258638/?region=CN&mid=6852224291971386119&u_code=0&titleType=title", "download_url": "https://www.chanmama.com/awemeDetail/6852224277203258638", "digg_count": 16953, "digg_incr": 1438, "aweme_create_time": 1595407793, "category": 3, "volume": 0, "amount": 0}, "author": {"author_id": "63232938255", "nickname": "张小贱", "follower_count": 139048}}, {"aweme": {"aweme_id": "6852143499068935435", "aweme_title": "精致少女必备~美白面膜囤起来！！！", "aweme_url": "https://www.iesdouyin.com/share/video/6852143499068935435/?region=CN&mid=6852143575220718344&u_code=0&titleType=title", "download_url": "https://www.chanmama.com/awemeDetail/6852143499068935435", "digg_count": 2000, "digg_incr": 1432, "aweme_create_time": 1595412000, "category": 3, "volume": 10, "amount": 799}, "author": {"author_id": "63259638916", "nickname": "小石榴的好物分享", "follower_count": 954506}}, {"aweme": {"aweme_id": "6852206669540166927", "aweme_title": "生气真的会让女生变老变丑吗？听听研发师怎么说！@抖音小助手 #衰老 #变老 #变丑", "aweme_url": "https://www.iesdouyin.com/share/video/6852206669540166927/?region=CN&mid=6852206684765899527&u_code=107m7bg5i135&titleType=title", "download_url": "https://www.chanmama.com/awemeDetail/6852206669540166927", "digg_count": 2048, "digg_incr": 1389, "aweme_create_time": 1595412000, "category": 3, "volume": 7, "amount": 553}, "author": {"author_id": "399828084336552", "nickname": "师哥颜究院", "follower_count": 99243}}, {"aweme": {"aweme_id": "6852196031434673412", "aweme_title": "每次不舒服，都有陈先生在旁边伺候着😝现在还多了一位小棉袄", "aweme_url": "https://www.iesdouyin.com/share/video/6852196031434673412/?region=CN&mid=6852196083528600328&u_code=0&titleType=title", "download_url": "https://www.chanmama.com/awemeDetail/6852196031434673412", "digg_count": 1926, "digg_incr": 1381, "aweme_create_time": 1595410723, "category": 3, "volume": 0, "amount": 0}, "author": {"author_id": "56716766899", "nickname": "晓露妈妈", "follower_count": 136064}}, {"aweme": {"aweme_id": "6852201600212143360", "aweme_title": "颜值即王道！今日份金碧辉煌小金柱～#试色试色 #种草", "aweme_url": "https://www.iesdouyin.com/share/video/6852201600212143360/?region=CN&mid=6740155015295483912&u_code=1g184c0jjkh7&titleType=title", "download_url": "https://www.chanmama.com/awemeDetail/6852201600212143360", "digg_count": 1337, "digg_incr": 1339, "aweme_create_time": 1595402511, "category": 3, "volume": 2, "amount": 118}, "author": {"author_id": "96586939850", "nickname": "可可很美味", "follower_count": 21299}}, {"aweme": {"aweme_id": "6851874513517432072", "aweme_title": "夏天吃火锅也能持妆的秘密是？？ #散粉", "aweme_url": "https://www.iesdouyin.com/share/video/6851874513517432072/?region=CN&mid=6851874644140641037&u_code=0&titleType=title", "download_url": "https://www.chanmama.com/awemeDetail/6851874513517432072", "digg_count": 2831, "digg_incr": 1328, "aweme_create_time": 1595412195, "category": 3, "volume": 0, "amount": 0}, "author": {"author_id": "96087020064", "nickname": "韩子豪zh", "follower_count": 838320}}, {"aweme": {"aweme_id": "6852156404271287552", "aweme_title": "我们这些已到中年的女人，应该早早懂得，亲属随缘，不要高估了你与他人的关系……", "aweme_url": "https://www.iesdouyin.com/share/video/6852156404271287552/?region=CN&mid=6543519450186910477&u_code=0&titleType=title", "download_url": "https://www.chanmama.com/awemeDetail/6852156404271287552", "digg_count": 1316, "digg_incr": 1316, "aweme_create_time": 1595391989, "category": 3, "volume": 1, "amount": 128}, "author": {"author_id": "64559219960", "nickname": "清迈辣妈服装设计", "follower_count": 624292}}, {"aweme": {"aweme_id": "6852231516177616136", "aweme_title": "大家一般看的线型灯发光面在外面，今天分享见光不见灯的线型灯实景，喜欢的留言下期分享具体施工", "aweme_url": "https://www.iesdouyin.com/share/video/6852231516177616136/?region=CN&mid=6852231526092983047&u_code=1a2e3igh6db5&titleType=title", "download_url": "https://www.chanmama.com/awemeDetail/6852231516177616136", "digg_count": 2552, "digg_incr": 1308, "aweme_create_time": 1595409478, "category": 3, "volume": 0, "amount": 0}, "author": {"author_id": "66656194860", "nickname": "JM西顿照明", "follower_count": 62701}}, {"aweme": {"aweme_id": "6852229612731108621", "aweme_title": "快用空瓶了！夏天用它简直太舒服啦～ #控油去豆喷雾  #抖音好物发现节", "aweme_url": "https://www.iesdouyin.com/share/video/6852229612731108621/?region=CN&mid=6852229631375264520&u_code=0&titleType=title", "download_url": "https://www.chanmama.com/awemeDetail/6852229612731108621", "digg_count": 1319, "digg_incr": 1296, "aweme_create_time": 1595409035, "category": 3, "volume": 0, "amount": 0}, "author": {"author_id": "110802604463", "nickname": "种草小学妹", "follower_count": 140542}}, {"aweme": {"aweme_id": "6852162132759350541", "aweme_title": "#御泥坊洗面奶 #御men洁面液 #优惠券 #测评 #御泥坊 #男士洗面奶 哪个女生不喜欢清清爽爽的男孩子呢？", "aweme_url": "https://www.iesdouyin.com/share/video/6852162132759350541/?region=CN&mid=6852162131258067726&u_code=45a6gmj0h2h&titleType=title", "download_url": "https://www.chanmama.com/awemeDetail/6852162132759350541", "digg_count": 2492, "digg_incr": 1281, "aweme_create_time": 1595393324, "category": 3, "volume": 27, "amount": 1347.3}, "author": {"author_id": "3966635297491304", "nickname": "小仙女驾到", "follower_count": 59850}}, {"aweme": {"aweme_id": "6851393931226123534", "aweme_title": "每一个雷霆嘎巴哈拉少美少女都应该拥有这个#nuface #微电流美容仪 #格式科普", "aweme_url": "https://www.iesdouyin.com/share/video/6851393931226123534/?region=CN&mid=6851393972024150797&u_code=0&titleType=title", "download_url": "https://www.chanmama.com/awemeDetail/6851393931226123534", "digg_count": 1755, "digg_incr": 1273, "aweme_create_time": 1595386800, "category": 3, "volume": 0, "amount": 0}, "author": {"author_id": "75179181036", "nickname": "熙格儿", "follower_count": 243821}}, {"aweme": {"aweme_id": "6852128059575897348", "aweme_title": "送你三句话“活着就是胜利”“赚钱只是游戏”“健康才是目的”#两个世界", "aweme_url": "https://www.iesdouyin.com/share/video/6852128059575897348/?region=CN&mid=6852128086515878663&u_code=43c903ch7lim&titleType=title", "download_url": "https://www.chanmama.com/awemeDetail/6852128059575897348", "digg_count": 1270, "digg_incr": 1270, "aweme_create_time": 1595385398, "category": 3, "volume": 0, "amount": 0}, "author": {"author_id": "6788291376", "nickname": "🎀丢丢", "follower_count": 25976}}, {"aweme": {"aweme_id": "6852239724262804736", "aweme_title": "夏天的包里怎么能少了这个补妆神器呢？#看我放大大大招 @抖音小助手", "aweme_url": "https://www.iesdouyin.com/share/video/6852239724262804736/?region=CN&mid=6852239780722379533&u_code=0&titleType=title", "download_url": "https://www.chanmama.com/awemeDetail/6852239724262804736", "digg_count": 1264, "digg_incr": 1249, "aweme_create_time": 1595417656, "category": 3, "volume": 0, "amount": 0}, "author": {"author_id": "56933005629", "nickname": "仙子的仙✨", "follower_count": 416184}}, {"aweme": {"aweme_id": "6852123186608295175", "aweme_title": "一学就会！记住这个教程，解决80%的眼妆难题。￼#化妆前化妆后 #眼影 @DOU+小助手", "aweme_url": "https://www.iesdouyin.com/share/video/6852123186608295175/?region=CN&mid=6779041629702457346&u_code=0&titleType=title", "download_url": "https://www.chanmama.com/awemeDetail/6852123186608295175", "digg_count": 1835, "digg_incr": 1248, "aweme_create_time": 1595384256, "category": 3, "volume": 40, "amount": 1560}, "author": {"author_id": "70952452512", "nickname": "关小爷", "follower_count": 22760}}, {"aweme": {"aweme_id": "6852206764666948879", "aweme_title": "为了打折都这么拼了吗？", "aweme_url": "https://www.iesdouyin.com/share/video/6852206764666948879/?region=CN&mid=6852206772153879309&u_code=0&titleType=title", "download_url": "https://www.chanmama.com/awemeDetail/6852206764666948879", "digg_count": 1233, "digg_incr": 1242, "aweme_create_time": 1595403714, "category": 3, "volume": 0, "amount": 0}, "author": {"author_id": "2370141648589160", "nickname": "刘开欣", "follower_count": 36844}}, {"aweme": {"aweme_id": "6852189462210891021", "aweme_title": "婆婆当着儿媳妇面这样对自己的亲闺女（没事找事的小姑子）#婆媳 @抖音小助手 @DOU+小助手 @我要上热门！", "aweme_url": "https://www.iesdouyin.com/share/video/6852189462210891021/?region=CN&mid=6848053515152050957&u_code=0&titleType=title", "download_url": "https://www.chanmama.com/awemeDetail/6852189462210891021", "digg_count": 5263, "digg_incr": 1233, "aweme_create_time": 1595399687, "category": 3, "volume": 0, "amount": 0}, "author": {"author_id": "716529928254595", "nickname": "筱春吖", "follower_count": 122750}}, {"aweme": {"aweme_id": "6852244595271601419", "aweme_title": "太超值了呀 爱了姐妹们~ 收到的时候满满一大包#电动牙刷 #mole电动牙刷", "aweme_url": "https://www.iesdouyin.com/share/video/6852244595271601419/?region=CN&mid=6852244770098924296&u_code=0&titleType=title", "download_url": "https://www.chanmama.com/awemeDetail/6852244595271601419", "digg_count": 1235, "digg_incr": 1227, "aweme_create_time": 1595412556, "category": 3, "volume": 0, "amount": 0}, "author": {"author_id": "1173929960420488", "nickname": "梦想开火箭", "follower_count": 153777}}, {"aweme": {"aweme_id": "6852158238633397511", "aweme_title": "@p图先生发了一个抖音短视频，你尽管点开，不好看算我输！", "aweme_url": "https://www.iesdouyin.com/share/video/6852158238633397511/?region=CN&mid=6852158235181337357&u_code=2jifj950a93b&titleType=", "download_url": "https://www.chanmama.com/awemeDetail/6852158238633397511", "digg_count": 1219, "digg_incr": 1206, "aweme_create_time": 1595392417, "category": 3, "volume": 0, "amount": 0}, "author": {"author_id": "60461052305", "nickname": "p图先生", "follower_count": 260453}}, {"aweme": {"aweme_id": "6852259548997192963", "aweme_title": "我要做个白白的精致的男孩，因为我还没女朋友！#一白遮百丑果然是真的 @抖音小助手", "aweme_url": "https://www.iesdouyin.com/share/video/6852259548997192963/?region=CN&mid=6852259675644463886&u_code=2b77l4keabhe&titleType=title", "download_url": "https://www.chanmama.com/awemeDetail/6852259548997192963", "digg_count": 1196, "digg_incr": 1196, "aweme_create_time": 1595416010, "category": 3, "volume": 1, "amount": 0}, "author": {"author_id": "54738242040", "nickname": "宝鸡新坪百货", "follower_count": 1012}}, {"aweme": {"aweme_id": "6852164932914433284", "aweme_title": "你黑名单里有多少人？😂😂😂😂", "aweme_url": "https://www.iesdouyin.com/share/video/6852164932914433284/?region=CN&mid=6828108065494009870&u_code=0&titleType=title", "download_url": "https://www.chanmama.com/awemeDetail/6852164932914433284", "digg_count": 1414, "digg_incr": 1195, "aweme_create_time": 1595393981, "category": 3, "volume": 0, "amount": 0}, "author": {"author_id": "76479717560", "nickname": "🔥黛蒙【沙洋】每晚8点播", "follower_count": 229855}}, {"aweme": {"aweme_id": "6852210669085920512", "aweme_title": "直播中，美容院闺蜜推荐的精华液，用完之后效果简直太赞👍了", "aweme_url": "https://www.iesdouyin.com/share/video/6852210669085920512/?region=CN&mid=6852210876173126413&u_code=0&titleType=title", "download_url": "https://www.chanmama.com/awemeDetail/6852210669085920512", "digg_count": 1192, "digg_incr": 1192, "aweme_create_time": 1595404648, "category": 3, "volume": 0, "amount": 0}, "author": {"author_id": "65999438767", "nickname": "正在直播（0️⃣毛孔的小可爱）", "follower_count": 27157}}, {"aweme": {"aweme_id": "6852163274511813900", "aweme_title": "#美甲 #美甲教程 #ins美甲 #网红美甲 谁还不会来打我😂", "aweme_url": "https://www.iesdouyin.com/share/video/6852163274511813900/?region=CN&mid=6852163365393943310&u_code=0&titleType=title", "download_url": "https://www.chanmama.com/awemeDetail/6852163274511813900", "digg_count": 1165, "digg_incr": 1165, "aweme_create_time": 1595393596, "category": 3, "volume": 2, "amount": 37.6}, "author": {"author_id": "65947545802", "nickname": "紫苏🧡是个白羊座", "follower_count": 875351}}, {"aweme": {"aweme_id": "6852154563449867533", "aweme_title": "超强定型专业", "aweme_url": "https://www.iesdouyin.com/share/video/6852154563449867533/?region=CN&mid=6848436662431680526&u_code=0&titleType=title", "download_url": "https://www.chanmama.com/awemeDetail/6852154563449867533", "digg_count": 1658, "digg_incr": 1162, "aweme_create_time": 1595391569, "category": 3, "volume": 6, "amount": 179.39999999999998}, "author": {"author_id": "58936132667", "nickname": "罗定市Jimmy理发店", "follower_count": 121128}}, {"aweme": {"aweme_id": "6852217903555677455", "aweme_title": "好不好用试过才知道，工厂直接发货，您只需轻点下方链接就有专人送货上门#三色口红#不掉色", "aweme_url": "https://www.iesdouyin.com/share/video/6852217903555677455/?region=CN&mid=6852217913018338062&u_code=m1f8lj1egl3&titleType=title", "download_url": "https://www.chanmama.com/awemeDetail/6852217903555677455", "digg_count": 1162, "digg_incr": 1149, "aweme_create_time": 1595406308, "category": 3, "volume": 0, "amount": 0}, "author": {"author_id": "2594463501005181", "nickname": "无极县周原百货店", "follower_count": 24449}}, {"aweme": {"aweme_id": "6852219241526021391", "aweme_title": "亲爱的宝贝们 感谢您的支持 永远爱你们#感谢宝贝们的支持和关注 @抖音小助手", "aweme_url": "https://www.iesdouyin.com/share/video/6852219241526021391/?region=CN&mid=6852146410683812621&u_code=45a6gmj0h2h&titleType=title", "download_url": "https://www.chanmama.com/awemeDetail/6852219241526021391", "digg_count": 2573, "digg_incr": 1131, "aweme_create_time": 1595406619, "category": 3, "volume": 0, "amount": 0}, "author": {"author_id": "92498495574", "nickname": "六人舞美艺术服装", "follower_count": 216356}}, {"aweme": {"aweme_id": "6852069566273686795", "aweme_title": "#脱发 #掉发#白发 #推广小助手 #作品推广 @抖音小助手 @电商小助手", "aweme_url": "https://www.iesdouyin.com/share/video/6852069566273686795/?region=CN&mid=6816700932999858952&u_code=1fedc58edfg9&titleType=title", "download_url": "https://www.chanmama.com/awemeDetail/6852069566273686795", "digg_count": 1125, "digg_incr": 1125, "aweme_create_time": 1595371798, "category": 3, "volume": 0, "amount": 0}, "author": {"author_id": "88799194570", "nickname": "那美化妆品", "follower_count": 12867}}, {"aweme": {"aweme_id": "6852231118125616384", "aweme_title": "@浈妹儿发了一个抖音短视频，你尽管点开，不好看算我输！", "aweme_url": "https://www.iesdouyin.com/share/video/6852231118125616384/?region=CN&mid=6833333388301503239&u_code=0&titleType=", "download_url": "https://www.chanmama.com/awemeDetail/6852231118125616384", "digg_count": 1561, "digg_incr": 1055, "aweme_create_time": 1595409384, "category": 3, "volume": 0, "amount": 0}, "author": {"author_id": "65338869567", "nickname": "浈妹儿", "follower_count": 616132}}, {"aweme": {"aweme_id": "6852244173202935054", "aweme_title": "我老公终于肯出镜居然是为了去黑头你们还不为他鼓掌️吗哈哈哈#黑头 #护肤", "aweme_url": "https://www.iesdouyin.com/share/video/6852244173202935054/?region=CN&mid=6852244210650041096&u_code=0&titleType=title", "download_url": "https://www.chanmama.com/awemeDetail/6852244173202935054", "digg_count": 1550, "digg_incr": 1019, "aweme_create_time": 1595412425, "category": 3, "volume": 32, "amount": 2848}, "author": {"author_id": "96155891426", "nickname": "暖阿姨来了", "follower_count": 311779}}, {"aweme": {"aweme_id": "6852125816218766600", "aweme_title": "难道我是最后一个知道这个水好用的？#平价 #HBN #护肤", "aweme_url": "https://www.iesdouyin.com/share/video/6852125816218766600/?region=CN&mid=6852125838998031118&u_code=0&titleType=title", "download_url": "https://www.chanmama.com/awemeDetail/6852125816218766600", "digg_count": 1563, "digg_incr": 1010, "aweme_create_time": 1595391911, "category": 3, "volume": 21, "amount": 2604}, "author": {"author_id": "3548837872149102", "nickname": "大珊的气味宇宙", "follower_count": 387135}}, {"aweme": {"aweme_id": "6852197644278713611", "aweme_title": "学生党也能买得起的大牌电动牙刷来咯~#usmile电动牙刷 #好物推荐 #平价", "aweme_url": "https://www.iesdouyin.com/share/video/6852197644278713611/?region=CN&mid=6852197817244175118&u_code=0&titleType=title", "download_url": "https://www.chanmama.com/awemeDetail/6852197644278713611", "digg_count": 3065, "digg_incr": 1010, "aweme_create_time": 1595408903, "category": 3, "volume": 12, "amount": 2148}, "author": {"author_id": "3795163242572203", "nickname": "全糖飞冰", "follower_count": 131418}}, {"aweme": {"aweme_id": "6852133198265060616", "aweme_title": "#爱的膜力转圈圈#补水保湿#焕白  今天安利你们两款超级好用的面膜哦👍👍👍@京东美妆", "aweme_url": "https://www.iesdouyin.com/share/video/6852133198265060616/?region=CN&mid=6688157608689273603&u_code=0&titleType=title", "download_url": "https://www.chanmama.com/awemeDetail/6852133198265060616", "digg_count": 1010, "digg_incr": 1007, "aweme_create_time": 1595386586, "category": 3, "volume": 0, "amount": 0}, "author": {"author_id": "71880856555", "nickname": "燃燃用生命爱大牛牛", "follower_count": 108426}}, {"aweme": {"aweme_id": "6852220798619503872", "aweme_title": "好看的眼妆来咯#汉服 #眼妆 #教程", "aweme_url": "https://www.iesdouyin.com/share/video/6852220798619503872/?region=CN&mid=6848510844633615117&u_code=2kf531i7iek5&titleType=title", "download_url": "https://www.chanmama.com/awemeDetail/6852220798619503872", "digg_count": 1655, "digg_incr": 1006, "aweme_create_time": 1595406981, "category": 3, "volume": 15, "amount": 285}, "author": {"author_id": "1763254898537147", "nickname": "一只小小雪", "follower_count": 72338}}, {"aweme": {"aweme_id": "6852201142823259400", "aweme_title": "这样奢侈的生活，太过分了…#吵架#护肤", "aweme_url": "https://www.iesdouyin.com/share/video/6852201142823259400/?region=CN&mid=6852201157776182029&u_code=455adch37bf4&titleType=title", "download_url": "https://www.chanmama.com/awemeDetail/6852201142823259400", "digg_count": 2427, "digg_incr": 985, "aweme_create_time": 1595402407, "category": 3, "volume": 39, "amount": 2691}, "author": {"author_id": "4384471728010446", "nickname": "苏苏直播超宠粉", "follower_count": 413102}}, {"aweme": {"aweme_id": "6852212740069559559", "aweme_title": "“记得刚认识的时候嘛，我们能从早上聊到晚上”#仙女恩家", "aweme_url": "https://www.iesdouyin.com/share/video/6852212740069559559/?region=CN&mid=6837057010081794830&u_code=2egb27d2me15&titleType=title", "download_url": "https://www.chanmama.com/awemeDetail/6852212740069559559", "digg_count": 1633, "digg_incr": 984, "aweme_create_time": 1595405107, "category": 3, "volume": 36, "amount": 1796.3999999999999}, "author": {"author_id": "96001222897", "nickname": "鬼鬼", "follower_count": 41969}}, {"aweme": {"aweme_id": "6852116778324102415", "aweme_title": "我们村里都上山去，有的就出不来了，我刚刚到山顶，拍下这一段视频留个纪念", "aweme_url": "https://www.iesdouyin.com/share/video/6852116778324102415/?region=CN&mid=6852116769956481806&u_code=0&titleType=title", "download_url": "https://www.chanmama.com/awemeDetail/6852116778324102415", "digg_count": 1122, "digg_incr": 970, "aweme_create_time": 1595382763, "category": 3, "volume": 0, "amount": 0}, "author": {"author_id": "84032805219", "nickname": "有你真好《传递正能量》", "follower_count": 193313}}, {"aweme": {"aweme_id": "6852221609420279054", "aweme_title": "皮肤问题，靠这瓶carry全场#天猫超级品牌日 #无惧敏感就要专业", "aweme_url": "https://www.iesdouyin.com/share/video/6852221609420279054/?region=CN&mid=6852221737829206792&u_code=0&titleType=title", "download_url": "https://www.chanmama.com/awemeDetail/6852221609420279054", "digg_count": 29254, "digg_incr": 967, "aweme_create_time": 1595412004, "category": 3, "volume": 0, "amount": 0}, "author": {"author_id": "58938489665", "nickname": "_阿NiuNiu", "follower_count": 375102}}, {"aweme": {"aweme_id": "6852321385545534720", "aweme_title": "#化妆教程 还有mm不会画下睫毛么（狗头）跟着我学真的超简单", "aweme_url": "https://www.iesdouyin.com/share/video/6852321385545534720/?region=CN&mid=6852321386598615821&u_code=0&titleType=title", "download_url": "https://www.chanmama.com/awemeDetail/6852321385545534720", "digg_count": 1938, "digg_incr": 960, "aweme_create_time": 1595430402, "category": 3, "volume": 0, "amount": 0}, "author": {"author_id": "63821117414", "nickname": "莫名其妙琪", "follower_count": 43819}}, {"aweme": {"aweme_id": "6851847213027511552", "aweme_title": "少女肌的秘密想不想知道？那还不点进来康康#nuface@飞天小敏警", "aweme_url": "https://www.iesdouyin.com/share/video/6851847213027511552/?region=CN&mid=6851847341293439751&u_code=0&titleType=title", "download_url": "https://www.chanmama.com/awemeDetail/6851847213027511552", "digg_count": 3150, "digg_incr": 951, "aweme_create_time": 1595412993, "category": 3, "volume": 0, "amount": 0}, "author": {"author_id": "104728911424", "nickname": "徐某某", "follower_count": 743710}}, {"aweme": {"aweme_id": "6852218444851531023", "aweme_title": "既然不能做天生的水煮鸡蛋女孩～那就靠后天的努力吧～～～#做精致美妆博主@DOU+小助手", "aweme_url": "https://www.iesdouyin.com/share/video/6852218444851531023/?region=CN&mid=6779086582050736129&u_code=0&titleType=title", "download_url": "https://www.chanmama.com/awemeDetail/6852218444851531023", "digg_count": 1420, "digg_incr": 949, "aweme_create_time": 1595408483, "category": 3, "volume": 0, "amount": 0}, "author": {"author_id": "98175454380", "nickname": "NN会有猫的", "follower_count": 515444}}, {"aweme": {"aweme_id": "6852090853616291085", "aweme_title": "感谢闺蜜推荐，护士熬夜老的太快，现在皮肤白了亮了，毛孔不见了，班淡了#毛孔粗大 #去黄提亮 #皮肤粗糙", "aweme_url": "https://www.iesdouyin.com/share/video/6852090853616291085/?region=CN&mid=6668501816524671751&u_code=11e65medbjaf&titleType=title", "download_url": "https://www.chanmama.com/awemeDetail/6852090853616291085", "digg_count": 1367, "digg_incr": 947, "aweme_create_time": 1595376730, "category": 3, "volume": 6, "amount": 534}, "author": {"author_id": "73850199285", "nickname": "韩敬楠日化品网店", "follower_count": 14621}}, {"aweme": {"aweme_id": "6852219005839641870", "aweme_title": "#无美颜无滤镜 花西子蜜粉全线测评 看完就不纠结了吧", "aweme_url": "https://www.iesdouyin.com/share/video/6852219005839641870/?region=CN&mid=6852219139789015821&u_code=0&titleType=title", "download_url": "https://www.chanmama.com/awemeDetail/6852219005839641870", "digg_count": 1458, "digg_incr": 913, "aweme_create_time": 1595407642, "category": 3, "volume": 5, "amount": 895}, "author": {"author_id": "59827310627", "nickname": "辣辣的敏敏", "follower_count": 481624}}, {"aweme": {"aweme_id": "6852267312930671883", "aweme_title": "温柔的红豆砂金  这款操作简单耐看  男朋友都爱的颜色腻#热门美甲 #网红甲 #2020美甲款式 #", "aweme_url": "https://www.iesdouyin.com/share/video/6852267312930671883/?region=CN&mid=6847745709240748039&u_code=2kf531i7iek5&titleType=title", "download_url": "https://www.chanmama.com/awemeDetail/6852267312930671883", "digg_count": 1415, "digg_incr": 908, "aweme_create_time": 1595417817, "category": 3, "volume": 1, "amount": 28.8}, "author": {"author_id": "88600311009", "nickname": "UU-创动", "follower_count": 52649}}, {"aweme": {"aweme_id": "6852168492733467912", "aweme_title": "花天价买了件旗袍，老公说我穿上不好看，我等一下化个妆再传上来看看好不好看。好了，化妆去。", "aweme_url": "https://www.iesdouyin.com/share/video/6852168492733467912/?region=CN&mid=6724415394716748552&u_code=0&titleType=title", "download_url": "https://www.chanmama.com/awemeDetail/6852168492733467912", "digg_count": 1115, "digg_incr": 899, "aweme_create_time": 1595394812, "category": 3, "volume": 0, "amount": 0}, "author": {"author_id": "105220573098", "nickname": "我是秋哥呀", "follower_count": 383618}}, {"aweme": {"aweme_id": "6852120158786309391", "aweme_title": "十点直播分享化妆技巧，#小助手带我上热门", "aweme_url": "https://www.iesdouyin.com/share/video/6852120158786309391/?region=CN&mid=6841065768541555469&u_code=0&titleType=title", "download_url": "https://www.chanmama.com/awemeDetail/6852120158786309391", "digg_count": 1074, "digg_incr": 896, "aweme_create_time": 1595383550, "category": 3, "volume": 0, "amount": 0}, "author": {"author_id": "102760525393", "nickname": "爱莱熙彩妆护肤.", "follower_count": 278462}}, {"aweme": {"aweme_id": "6851964342930312462", "aweme_title": "视频同款套盒", "aweme_url": "https://www.iesdouyin.com/share/video/6851964342930312462/?region=CN&mid=6851964354598816519&u_code=43c903ch7lim&titleType=title", "download_url": "https://www.chanmama.com/awemeDetail/6851964342930312462", "digg_count": 1444, "digg_incr": 896, "aweme_create_time": 1595347276, "category": 3, "volume": 18, "amount": 2484}, "author": {"author_id": "1472981667949224", "nickname": "李喜梅妹妹🌹", "follower_count": 255027}}, {"aweme": {"aweme_id": "6852140410874187022", "aweme_title": "#健身 #运动 #减脂 #蛋白粉 这就是我说蛋白粉没有营养的原因。🙄别杠我了，谢谢。😂", "aweme_url": "https://www.iesdouyin.com/share/video/6852140410874187022/?region=CN&mid=6852140420504259335&u_code=294bg9d7idcl&titleType=title", "download_url": "https://www.chanmama.com/awemeDetail/6852140410874187022", "digg_count": 1236, "digg_incr": 884, "aweme_create_time": 1595388266, "category": 3, "volume": 0, "amount": 0}, "author": {"author_id": "70394371861", "nickname": "健身老炮儿-刘杨", "follower_count": 34113}}, {"aweme": {"aweme_id": "6852000495351958799", "aweme_title": "#肝火旺 #泻肝火 #养肝护肝 #锻炼小妙招 #健康", "aweme_url": "https://www.iesdouyin.com/share/video/6852000495351958799/?region=CN&mid=6852000438020098824&u_code=0&titleType=title", "download_url": "https://www.chanmama.com/awemeDetail/6852000495351958799", "digg_count": 1046, "digg_incr": 873, "aweme_create_time": 1595355711, "category": 3, "volume": 1, "amount": 48}, "author": {"author_id": "4265707702852848", "nickname": "合泰运动", "follower_count": 321918}}, {"aweme": {"aweme_id": "6852171974916050191", "aweme_title": "如何看待说自己喜欢肌肉男的健身小姐姐？昨天去试了试，跟想象的不一样！#健身 #健身女神 @抖音小助手", "aweme_url": "https://www.iesdouyin.com/share/video/6852171974916050191/?region=CN&mid=6852171971086633742&u_code=0&titleType=title", "download_url": "https://www.chanmama.com/awemeDetail/6852171974916050191", "digg_count": 1028, "digg_incr": 860, "aweme_create_time": 1595395614, "category": 3, "volume": 0, "amount": 0}, "author": {"author_id": "94535822603", "nickname": "最壮体能教练LG", "follower_count": 119244}}, {"aweme": {"aweme_id": "6852150260467354894", "aweme_title": "都说夏日苦，唯有你最甜 #神仙妆容一键get", "aweme_url": "https://www.iesdouyin.com/share/video/6852150260467354894/?region=CN&mid=6852150390734179080&u_code=0&titleType=title", "download_url": "https://www.chanmama.com/awemeDetail/6852150260467354894", "digg_count": 1061, "digg_incr": 853, "aweme_create_time": 1595390579, "category": 3, "volume": 0, "amount": 0}, "author": {"author_id": "58657487303", "nickname": "温甜", "follower_count": 283684}}, {"aweme": {"aweme_id": "6852250253266013440", "aweme_title": "永远不要跟别人解释你自己，不要在意他人评论，不要活在别人眼里，做人不需要人人解释，只求自己问心无愧@抖音小助手", "aweme_url": "https://www.iesdouyin.com/share/video/6852250253266013440/?region=CN&mid=6852250247473793800&u_code=45a6gmj0h2h&titleType=title", "download_url": "https://www.chanmama.com/awemeDetail/6852250253266013440", "digg_count": 2392, "digg_incr": 845, "aweme_create_time": 1595413839, "category": 3, "volume": 0, "amount": 0}, "author": {"author_id": "101095277120", "nickname": "民间格格", "follower_count": 80141}}, {"aweme": {"aweme_id": "6851823959122529550", "aweme_title": "#试色试色 ʸᵒᵘ ᵖʳᵒᵗᵉᶜᵗ ᵗʰᵉ ʷᵒʳˡᵈ, ᴵ ᵖʳᵒᵗᵉᶜᵗ ʸᵒᵘ.", "aweme_url": "https://www.iesdouyin.com/share/video/6851823959122529550/?region=CN&mid=6846641931670407944&u_code=0&titleType=title", "download_url": "https://www.chanmama.com/awemeDetail/6851823959122529550", "digg_count": 1297, "digg_incr": 844, "aweme_create_time": 1595410200, "category": 3, "volume": 8, "amount": 279.2}, "author": {"author_id": "61982436855", "nickname": "智爽子子", "follower_count": 336114}}, {"aweme": {"aweme_id": "6852244552816872719", "aweme_title": "被粉丝摁头种草！博主生涯惨遭危机？#种草#护肤 #精华  @种草小助手", "aweme_url": "https://www.iesdouyin.com/share/video/6852244552816872719/?region=CN&mid=6852244611621325582&u_code=0&titleType=title", "download_url": "https://www.chanmama.com/awemeDetail/6852244552816872719", "digg_count": 1553, "digg_incr": 831, "aweme_create_time": 1595412512, "category": 3, "volume": 0, "amount": 0}, "author": {"author_id": "92317830750", "nickname": "水果味的喵哥", "follower_count": 595140}}, {"aweme": {"aweme_id": "6852238808189095181", "aweme_title": "#单眼皮 听有人说我画眼线很嚣张，今天斗胆当回拽姐#化妆", "aweme_url": "https://www.iesdouyin.com/share/video/6852238808189095181/?region=CN&mid=6818799602003823368&u_code=1gb2j861imci&titleType=title", "download_url": "https://www.chanmama.com/awemeDetail/6852238808189095181", "digg_count": 1109, "digg_incr": 812, "aweme_create_time": 1595411176, "category": 3, "volume": 1, "amount": 49}, "author": {"author_id": "58294228312", "nickname": "四野馬", "follower_count": 55945}}, {"aweme": {"aweme_id": "6852102083026488587", "aweme_title": "为你的肌肤点亮镁光灯，散发出闪耀光芒！#张庭 #tst", "aweme_url": "https://www.iesdouyin.com/share/video/6852102083026488587/?region=CN&mid=6852102106325748488&u_code=0&titleType=title", "download_url": "https://www.chanmama.com/awemeDetail/6852102083026488587", "digg_count": 1109, "digg_incr": 811, "aweme_create_time": 1595379352, "category": 3, "volume": 0, "amount": 0}, "author": {"author_id": "104552972394", "nickname": "TST庭秘密官方", "follower_count": 284344}}, {"aweme": {"aweme_id": "6852227319856254216", "aweme_title": "难道有人还不知道这个简易挂耳染嘛？2秒变女团，还不赶紧GET! #挂耳染#女团", "aweme_url": "https://www.iesdouyin.com/share/video/6852227319856254216/?region=CN&mid=6852227423916821256&u_code=0&titleType=title", "download_url": "https://www.chanmama.com/awemeDetail/6852227319856254216", "digg_count": 1740, "digg_incr": 804, "aweme_create_time": 1595408521, "category": 3, "volume": 0, "amount": 0}, "author": {"author_id": "1094758074424956", "nickname": "温小盒儿", "follower_count": 202368}}]}