{"data": [{"aweme": {"aweme_id": "6852157268536855811", "aweme_title": "快喊你姐妹给你做！！绑起来头发蓬蓬太可爱啦#diy #手工 #闺蜜@DOU+小助手", "aweme_url": "https://www.iesdouyin.com/share/video/6852157268536855811/?region=CN&mid=6838821104258583310&u_code=0&titleType=title", "download_url": "https://www.chanmama.com/awemeDetail/6852157268536855811", "digg_count": 278229, "digg_incr": 172697, "aweme_create_time": 1595392197, "category": 4, "volume": 4017, "amount": 63870.3}, "author": {"author_id": "69436265853", "nickname": "憨憨的一天", "follower_count": 25457}}, {"aweme": {"aweme_id": "6852137657829575951", "aweme_title": "#文玩#砍价 #潘家园 #朱砂 我只在乎过程@DOU+小助手", "aweme_url": "https://www.iesdouyin.com/share/video/6852137657829575951/?region=CN&mid=6852137670685035278&u_code=3jh2fhej157g&titleType=title", "download_url": "https://www.chanmama.com/awemeDetail/6852137657829575951", "digg_count": 87866, "digg_incr": 88298, "aweme_create_time": 1595387624, "category": 4, "volume": 152, "amount": 19456}, "author": {"author_id": "61291122251", "nickname": "祝融珍品珠宝", "follower_count": 35807}}, {"aweme": {"aweme_id": "6852250685073902848", "aweme_title": "#包包 有些包包网图看起来平平无奇 可当你收到货的时候，真香～#上热门🔥 @抖音小助手 #褶皱包", "aweme_url": "https://www.iesdouyin.com/share/video/6852250685073902848/?region=CN&mid=6852250840955521799&u_code=0&titleType=title", "download_url": "https://www.chanmama.com/awemeDetail/6852250685073902848", "digg_count": 366252, "digg_incr": 80481, "aweme_create_time": 1595413940, "category": 4, "volume": 38, "amount": 1706.2}, "author": {"author_id": "3953474854466888", "nickname": "包包达人就是我啦", "follower_count": 143041}}, {"aweme": {"aweme_id": "6852245154330447119", "aweme_title": "古人把鹿喻作禄，福禄！希望瓷片的精美可以继续流传下去。#手艺 #工艺 #鉴赏 #匠心匠人", "aweme_url": "https://www.iesdouyin.com/share/video/6852245154330447119/?region=CN&mid=6836717558373025805&u_code=20693j448c4e&titleType=title", "download_url": "https://www.chanmama.com/awemeDetail/6852245154330447119", "digg_count": 66776, "digg_incr": 26279, "aweme_create_time": 1595412652, "category": 4, "volume": 0, "amount": 0}, "author": {"author_id": "109349108747", "nickname": "上善堂手工联盟", "follower_count": 81511}}, {"aweme": {"aweme_id": "6852146482649337103", "aweme_title": "一生所爱#青菜拼车拼拼拼", "aweme_url": "https://www.iesdouyin.com/share/video/6852146482649337103/?region=CN&mid=6798870813249866509&u_code=1g184cmglb3j&titleType=title", "download_url": "https://www.chanmama.com/awemeDetail/6852146482649337103", "digg_count": 31666, "digg_incr": 25556, "aweme_create_time": 1595389679, "category": 4, "volume": 21, "amount": 4116}, "author": {"author_id": "927587037621692", "nickname": "博爱县沐沐百货店", "follower_count": 442284}}, {"aweme": {"aweme_id": "6852263837513698567", "aweme_title": "放弃很容易，但坚持一定很酷！⛽️#手艺人 #复古项链控@DOU+小助手", "aweme_url": "https://www.iesdouyin.com/share/video/6852263837513698567/?region=CN&mid=6852263849211480846&u_code=0&titleType=title", "download_url": "https://www.chanmama.com/awemeDetail/6852263837513698567", "digg_count": 48490, "digg_incr": 20939, "aweme_create_time": 1595417003, "category": 4, "volume": 21, "amount": 3318}, "author": {"author_id": "88647307845", "nickname": "清野集.", "follower_count": 306873}}, {"aweme": {"aweme_id": "6852173476057320712", "aweme_title": "生活就是这样别人只看结果，自己独撑过程努力向前#感谢抖音 #dou➕上热门 #我要上热门 @DOU+小助手", "aweme_url": "https://www.iesdouyin.com/share/video/6852173476057320712/?region=CN&mid=6852173504970345224&u_code=1mjebmjmcf16&titleType=title", "download_url": "https://www.chanmama.com/awemeDetail/6852173476057320712", "digg_count": 25136, "digg_incr": 20591, "aweme_create_time": 1595395965, "category": 4, "volume": 0, "amount": 0}, "author": {"author_id": "60527909450", "nickname": "六安市奇美服装店", "follower_count": 284905}}, {"aweme": {"aweme_id": "6852238721081756942", "aweme_title": "做手工银饰是个体力活 趁现在还做的动 多做点 等将来老了就做不动了", "aweme_url": "https://www.iesdouyin.com/share/video/6852238721081756942/?region=CN&mid=6852238830641203982&u_code=45a6gmj0h2h&titleType=title", "download_url": "https://www.chanmama.com/awemeDetail/6852238721081756942", "digg_count": 18915, "digg_incr": 18826, "aweme_create_time": 1595411175, "category": 4, "volume": 16, "amount": 1568}, "author": {"author_id": "3597217042269486", "nickname": "金银细工", "follower_count": 22481}}, {"aweme": {"aweme_id": "6852279071657839887", "aweme_title": "听说看视频的都是才子？接招！上联:看了 穿了 看穿了#回力帆布鞋", "aweme_url": "https://www.iesdouyin.com/share/video/6852279071657839887/?region=CN&mid=6852279081070791437&u_code=0&titleType=title", "download_url": "https://www.chanmama.com/awemeDetail/6852279071657839887", "digg_count": 56661, "digg_incr": 16256, "aweme_create_time": 1595420549, "category": 4, "volume": 310, "amount": 42780}, "author": {"author_id": "95429312019", "nickname": "路家搭配师", "follower_count": 206173}}, {"aweme": {"aweme_id": "6852153355410754816", "aweme_title": "参加弟弟的聚会，老阿姨扮嫩秘籍#黎蓓露极简护肤#@DOU+小助手", "aweme_url": "https://www.iesdouyin.com/share/video/6852153355410754816/?region=CN&mid=6852153371689159438&u_code=0&titleType=title", "download_url": "https://www.chanmama.com/awemeDetail/6852153355410754816", "digg_count": 44217, "digg_incr": 13795, "aweme_create_time": 1595391279, "category": 4, "volume": 11, "amount": 1859}, "author": {"author_id": "104733277565", "nickname": "芒果姐姐🥭", "follower_count": 313606}}, {"aweme": {"aweme_id": "6852229290818342159", "aweme_title": "懂得感恩的人永远是最美的，你说对吗？#dou艺计划", "aweme_url": "https://www.iesdouyin.com/share/video/6852229290818342159/?region=CN&mid=6852229345637829384&u_code=45a6gmj0h2h&titleType=title", "download_url": "https://www.chanmama.com/awemeDetail/6852229290818342159", "digg_count": 13450, "digg_incr": 13326, "aweme_create_time": 1595408959, "category": 4, "volume": 0, "amount": 0}, "author": {"author_id": "2651657771157539", "nickname": "苗山里的银匠（匠林风华）", "follower_count": 20744}}, {"aweme": {"aweme_id": "6852057935170915599", "aweme_title": "#喝彩变身 @嘉士伯啤酒 @DOU+小助手", "aweme_url": "https://www.iesdouyin.com/share/video/6852057935170915599/?region=CN&mid=6639638553435310855&u_code=45a6gmj0h2h&titleType=title", "download_url": "https://www.chanmama.com/awemeDetail/6852057935170915599", "digg_count": 16237, "digg_incr": 10561, "aweme_create_time": 1595369069, "category": 4, "volume": 0, "amount": 0}, "author": {"author_id": "62363730124", "nickname": "91年的羊羊羊", "follower_count": 16099}}, {"aweme": {"aweme_id": "6852244951577808128", "aweme_title": "费九牛二虎之才退给生产厂家，怎么不到三天又回来了，瞧着朗贝不堪的样子，我的心软了，摊上没心没肺的媳妇命苦#爱", "aweme_url": "https://www.iesdouyin.com/share/video/6852244951577808128/?region=CN&mid=6844163597451741960&u_code=45a6gmj0h2h&titleType=title", "download_url": "https://www.chanmama.com/awemeDetail/6852244951577808128", "digg_count": 16439, "digg_incr": 10475, "aweme_create_time": 1595412610, "category": 4, "volume": 0, "amount": 0}, "author": {"author_id": "61267861511", "nickname": "麦兜丹", "follower_count": 310304}}, {"aweme": {"aweme_id": "6852101665441451275", "aweme_title": "船长给朋友们分享一下，海洋景色温柔的一面，好朋友们你们喜欢么？点赞评论告诉船长，以后多发一些哪方面的作品？", "aweme_url": "https://www.iesdouyin.com/share/video/6852101665441451275/?region=CN&mid=6852101675780475662&u_code=j730d40cij&titleType=title", "download_url": "https://www.chanmama.com/awemeDetail/6852101665441451275", "digg_count": 12637, "digg_incr": 9534, "aweme_create_time": 1595379256, "category": 4, "volume": 2, "amount": 19.8}, "author": {"author_id": "94698846791", "nickname": "中国船长", "follower_count": 845071}}, {"aweme": {"aweme_id": "6852183912274283789", "aweme_title": "别人卖248，咱我自产自销卖比他们便宜一半，你说贵了，头层牛皮的温州鞋，温州鞋差真心好，#头层牛皮 #工厂", "aweme_url": "https://www.iesdouyin.com/share/video/6852183912274283789/?region=CN&mid=6849199719919454990&u_code=18j756ijd1ie&titleType=title", "download_url": "https://www.chanmama.com/awemeDetail/6852183912274283789", "digg_count": 10422, "digg_incr": 9020, "aweme_create_time": 1595398404, "category": 4, "volume": 275, "amount": 35200}, "author": {"author_id": "65661537888", "nickname": "韩7女鞋", "follower_count": 53243}}, {"aweme": {"aweme_id": "6852096945691921671", "aweme_title": "#穿搭博主 #女人帅起来 你们要的发带链接来啦", "aweme_url": "https://www.iesdouyin.com/share/video/6852096945691921671/?region=CN&mid=6852096909742885645&u_code=45a6h0857l7&titleType=title", "download_url": "https://www.chanmama.com/awemeDetail/6852096945691921671", "digg_count": 12358, "digg_incr": 8577, "aweme_create_time": 1595378148, "category": 4, "volume": 0, "amount": 0}, "author": {"author_id": "909990481109324", "nickname": "AMY", "follower_count": 82466}}, {"aweme": {"aweme_id": "6852149974378073357", "aweme_title": "软底软面四季豆豆鞋，俏皮减龄款#企业号夏日团购节 #看我放大大大招 #抖音小助手 @DOU+小助手", "aweme_url": "https://www.iesdouyin.com/share/video/6852149974378073357/?region=CN&mid=6852149993533410061&u_code=45a6gmj0h2h&titleType=title", "download_url": "https://www.chanmama.com/awemeDetail/6852149974378073357", "digg_count": 9579, "digg_incr": 8311, "aweme_create_time": 1595390493, "category": 4, "volume": 32, "amount": 4640}, "author": {"author_id": "1486160872349582", "nickname": "耐娇莉鞋业", "follower_count": 151299}}, {"aweme": {"aweme_id": "6852157550977240320", "aweme_title": "民族风套装太好看了，百看不厌三个颜色，微胖妈妈夏天一定要备起来哦#中老年穿搭 #大码搭配 #我要上热门", "aweme_url": "https://www.iesdouyin.com/share/video/6852157550977240320/?region=CN&mid=6852157540235889421&u_code=a447c2m8m8c&titleType=title", "download_url": "https://www.chanmama.com/awemeDetail/6852157550977240320", "digg_count": 8023, "digg_incr": 8002, "aweme_create_time": 1595392256, "category": 4, "volume": 383, "amount": 22597}, "author": {"author_id": "101563512155", "nickname": "鑫晴优品服饰", "follower_count": 269457}}, {"aweme": {"aweme_id": "6852235151481507087", "aweme_title": "艾特你老婆，让她来接你回家#腿", "aweme_url": "https://www.iesdouyin.com/share/video/6852235151481507087/?region=CN&mid=6848807658934553352&u_code=14dehkhkf9i3&titleType=title", "download_url": "https://www.chanmama.com/awemeDetail/6852235151481507087", "digg_count": 10992, "digg_incr": 7864, "aweme_create_time": 1595410323, "category": 4, "volume": 0, "amount": 0}, "author": {"author_id": "106103407385", "nickname": "林海学姐", "follower_count": 222485}}, {"aweme": {"aweme_id": "6852138463186226444", "aweme_title": "终于被我找到赵思露同款啦！别在衣服 头发上超级可爱～", "aweme_url": "https://www.iesdouyin.com/share/video/6852138463186226444/?region=CN&mid=6839627774203431687&u_code=gcg01jaambg&titleType=title", "download_url": "https://www.chanmama.com/awemeDetail/6852138463186226444", "digg_count": 7862, "digg_incr": 7180, "aweme_create_time": 1595387819, "category": 4, "volume": 15, "amount": 162}, "author": {"author_id": "659322765052904", "nickname": "是你仔", "follower_count": 33655}}, {"aweme": {"aweme_id": "6852123197324709133", "aweme_title": "你们要的绿色来了，气质百搭很好看哦 #包包  #女包  @DOU+小助手", "aweme_url": "https://www.iesdouyin.com/share/video/6852123197324709133/?region=CN&mid=6852123276794645262&u_code=0&titleType=title", "download_url": "https://www.chanmama.com/awemeDetail/6852123197324709133", "digg_count": 6945, "digg_incr": 6751, "aweme_create_time": 1595384277, "category": 4, "volume": 454, "amount": 19930.6}, "author": {"author_id": "81449833359", "nickname": "顺赢箱包厂", "follower_count": 185417}}, {"aweme": {"aweme_id": "6852240200110820619", "aweme_title": "比较喜欢透明加铆钉的鞋子，感觉特有个性。#高跟鞋", "aweme_url": "https://www.iesdouyin.com/share/video/6852240200110820619/?region=CN&mid=6840216802572634120&u_code=45a6gmj0h2h&titleType=title", "download_url": "https://www.chanmama.com/awemeDetail/6852240200110820619", "digg_count": 9482, "digg_incr": 6442, "aweme_create_time": 1595411507, "category": 4, "volume": 0, "amount": 0}, "author": {"author_id": "109037250902", "nickname": "女王足迹", "follower_count": 249256}}, {"aweme": {"aweme_id": "6852244653098519816", "aweme_title": "一脚蹬白鞋，美的事物总是令人心动❤️@DOU+小助手", "aweme_url": "https://www.iesdouyin.com/share/video/6852244653098519816/?region=CN&mid=6789522999931980556&u_code=0&titleType=title", "download_url": "https://www.chanmama.com/awemeDetail/6852244653098519816", "digg_count": 33700, "digg_incr": 6330, "aweme_create_time": 1595412537, "category": 4, "volume": 313, "amount": 12488.7}, "author": {"author_id": "73748234418", "nickname": "武进区步一样鞋店", "follower_count": 578295}}, {"aweme": {"aweme_id": "6852134331134135556", "aweme_title": "#手工 夹心四股辫 播种和收获不在一个季节，中间隔着一段“坚持”的成长。@抖音小助手", "aweme_url": "https://www.iesdouyin.com/share/video/6852134331134135556/?region=CN&mid=6848806170933594125&u_code=16gb026ifh3i&titleType=title", "download_url": "https://www.chanmama.com/awemeDetail/6852134331134135556", "digg_count": 7630, "digg_incr": 5917, "aweme_create_time": 1595386857, "category": 4, "volume": 12, "amount": 108}, "author": {"author_id": "109690447687", "nickname": "玲珑宝儿77|手工编绳", "follower_count": 515721}}, {"aweme": {"aweme_id": "6852273611282091268", "aweme_title": "一直喜欢中性风，终于做出来个又A又飒凤冠。要蹲的，已上架，链接引路进去翻。#簪娘出簪 #汉服发型#凤冠#手工", "aweme_url": "https://www.iesdouyin.com/share/video/6852273611282091268/?region=CN&mid=6844026498127923982&u_code=20693j457fma&titleType=title", "download_url": "https://www.chanmama.com/awemeDetail/6852273611282091268", "digg_count": 5782, "digg_incr": 5719, "aweme_create_time": 1595419283, "category": 4, "volume": 0, "amount": 0}, "author": {"author_id": "99278895044", "nickname": "清风女公子-掌柜簪娘", "follower_count": 30261}}, {"aweme": {"aweme_id": "6852190528608488711", "aweme_title": "一脚蹬白鞋❤️@DOU+小助手", "aweme_url": "https://www.iesdouyin.com/share/video/6852190528608488711/?region=CN&mid=6834803820657216269&u_code=0&titleType=title", "download_url": "https://www.chanmama.com/awemeDetail/6852190528608488711", "digg_count": 27692, "digg_incr": 5175, "aweme_create_time": 1595399936, "category": 4, "volume": 16, "amount": 688.4}, "author": {"author_id": "73748234418", "nickname": "武进区步一样鞋店", "follower_count": 578295}}, {"aweme": {"aweme_id": "6852067188493290760", "aweme_title": "生活就像跑步，一边崩溃，一边坚持，熬过去回头看，爽😊……#坚持#跑步#超级丹 @抖音小助手", "aweme_url": "https://www.iesdouyin.com/share/video/6852067188493290760/?region=CN&mid=6851688643006925575&u_code=0&titleType=title", "download_url": "https://www.chanmama.com/awemeDetail/6852067188493290760", "digg_count": 5961, "digg_incr": 4930, "aweme_create_time": 1595371225, "category": 4, "volume": 8, "amount": 1987}, "author": {"author_id": "58899944183", "nickname": "丹", "follower_count": 127360}}, {"aweme": {"aweme_id": "6852247497277033741", "aweme_title": "我真是个善良的小姑娘#情侣手链 #情侣好物 #小红绳 #好物推荐", "aweme_url": "https://www.iesdouyin.com/share/video/6852247497277033741/?region=CN&mid=6850033095664601863&u_code=107m7bg5i135&titleType=title", "download_url": "https://www.chanmama.com/awemeDetail/6852247497277033741", "digg_count": 7009, "digg_incr": 4808, "aweme_create_time": 1595413199, "category": 4, "volume": 15, "amount": 444}, "author": {"author_id": "65946937567", "nickname": "小林同学的好物分享", "follower_count": 200421}}, {"aweme": {"aweme_id": "6852123828240256263", "aweme_title": "这么好的身材，每天也要吃饭吗？ #闺蜜  #街拍  #穿搭", "aweme_url": "https://www.iesdouyin.com/share/video/6852123828240256263/?region=CN&mid=6852123897052007182&u_code=461mk57lm7gh&titleType=title", "download_url": "https://www.chanmama.com/awemeDetail/6852123828240256263", "digg_count": 6094, "digg_incr": 4799, "aweme_create_time": 1595384423, "category": 4, "volume": 2, "amount": 290}, "author": {"author_id": "4248141129596568", "nickname": "时尚美人榜", "follower_count": 756602}}, {"aweme": {"aweme_id": "6852254373825826055", "aweme_title": "#演技派 #抖音小助手 #三十而已 三十岁的人，面对的现实生活，要正面迎战！", "aweme_url": "https://www.iesdouyin.com/share/video/6852254373825826055/?region=CN&mid=6851359302884526855&u_code=2djligh9bcf8&titleType=title", "download_url": "https://www.chanmama.com/awemeDetail/6852254373825826055", "digg_count": 6334, "digg_incr": 4708, "aweme_create_time": 1595414800, "category": 4, "volume": 4, "amount": 199.6}, "author": {"author_id": "14907004584", "nickname": "演员 李洋", "follower_count": 465370}}, {"aweme": {"aweme_id": "6852111047743048971", "aweme_title": "时尚精致手提小方包，刺绣设计更显高级，包身立体，皮质柔软#开箱 #我要上热门 #包包 #抖音小助手", "aweme_url": "https://www.iesdouyin.com/share/video/6852111047743048971/?region=CN&mid=6840781433763203854&u_code=13h2b53bja72&titleType=title", "download_url": "https://www.chanmama.com/awemeDetail/6852111047743048971", "digg_count": 4973, "digg_incr": 4596, "aweme_create_time": 1595381438, "category": 4, "volume": 43, "amount": 2141.4}, "author": {"author_id": "782487148569932", "nickname": "Lisa的包", "follower_count": 208188}}, {"aweme": {"aweme_id": "6852055262086335744", "aweme_title": "养了八年的珍珠蚌，今天终于打开了妖紫，爷爷说看到此视频的三天之内必有大运好事连连！", "aweme_url": "https://www.iesdouyin.com/share/video/6852055262086335744/?region=CN&mid=6852055136873827086&u_code=45a6gmj0h2h&titleType=title", "download_url": "https://www.chanmama.com/awemeDetail/6852055262086335744", "digg_count": 4570, "digg_incr": 4575, "aweme_create_time": 1595368451, "category": 4, "volume": 2, "amount": 636}, "author": {"author_id": "3157429105475388", "nickname": "冰玉相随", "follower_count": 6115}}, {"aweme": {"aweme_id": "6852259307463970059", "aweme_title": "#充能计划 #jk制服 给VIP的专属福利，限定款思慕也在路上了@奶茶熊工作室 联名限定款真香", "aweme_url": "https://www.iesdouyin.com/share/video/6852259307463970059/?region=CN&mid=6852259348060965639&u_code=13h2aj54faba&titleType=title", "download_url": "https://www.chanmama.com/awemeDetail/6852259307463970059", "digg_count": 4648, "digg_incr": 4480, "aweme_create_time": 1595415953, "category": 4, "volume": 10, "amount": 790}, "author": {"author_id": "111466868509", "nickname": "宅的屋（每周五周六晚20点直播）", "follower_count": 90347}}, {"aweme": {"aweme_id": "6851901973562690824", "aweme_title": "#海贼王 四位重力操控者~第二位，马哈拜斯！@抖音小助手", "aweme_url": "https://www.iesdouyin.com/share/video/6851901973562690824/?region=CN&mid=6851902092290837262&u_code=3570h56gkhe7&titleType=title", "download_url": "https://www.chanmama.com/awemeDetail/6851901973562690824", "digg_count": 5625, "digg_incr": 4231, "aweme_create_time": 1595389560, "category": 4, "volume": 0, "amount": 0}, "author": {"author_id": "663743420177576", "nickname": "海贼王~One Piece（M想）", "follower_count": 275428}}, {"aweme": {"aweme_id": "6852202653473082639", "aweme_title": "不要因自己身材不好而限制自己穿衣风格#微胖穿搭 #吊带裤", "aweme_url": "https://www.iesdouyin.com/share/video/6852202653473082639/?region=CN&mid=6835162658958822152&u_code=455adch37bf4&titleType=title", "download_url": "https://www.chanmama.com/awemeDetail/6852202653473082639", "digg_count": 9890, "digg_incr": 3767, "aweme_create_time": 1595402757, "category": 4, "volume": 10, "amount": 550}, "author": {"author_id": "110669977061", "nickname": "156高的粗腿苏苏", "follower_count": 79178}}, {"aweme": {"aweme_id": "6852273082330074375", "aweme_title": "有人说快60岁的人了，天天不是蹦就是跑也不收心。人这一辈子最大的财富是活着，我要做到人老心不老，活出精彩的自己", "aweme_url": "https://www.iesdouyin.com/share/video/6852273082330074375/?region=CN&mid=6843043821224676110&u_code=40mi33g1ca33&titleType=title", "download_url": "https://www.chanmama.com/awemeDetail/6852273082330074375", "digg_count": 4962, "digg_incr": 3587, "aweme_create_time": 1595419155, "category": 4, "volume": 10, "amount": 188.2}, "author": {"author_id": "99594945364", "nickname": "静在它香", "follower_count": 38097}}, {"aweme": {"aweme_id": "6852240527081934084", "aweme_title": "时尚柔软菱格流苏小方包，上身气质百搭，空间够用，精致潮流#开箱 #我要上热门 #包包#抖音小助手", "aweme_url": "https://www.iesdouyin.com/share/video/6852240527081934084/?region=CN&mid=6844355877806623496&u_code=74iie3d505e&titleType=title", "download_url": "https://www.chanmama.com/awemeDetail/6852240527081934084", "digg_count": 9063, "digg_incr": 3562, "aweme_create_time": 1595411583, "category": 4, "volume": 90, "amount": 4491}, "author": {"author_id": "782487148569932", "nickname": "Lisa的包", "follower_count": 208188}}, {"aweme": {"aweme_id": "6852248101206461704", "aweme_title": "有小姐姐想看我做发冠那么来咯掐丝发冠#原创手作 #古风发饰 #手工#发簪原创 #汉服发饰 #发簪 #汉服配饰", "aweme_url": "https://www.iesdouyin.com/share/video/6852248101206461704/?region=CN&mid=6812961051539507976&u_code=4ck64f55cadh&titleType=title", "download_url": "https://www.chanmama.com/awemeDetail/6852248101206461704", "digg_count": 15174, "digg_incr": 3348, "aweme_create_time": 1595413347, "category": 4, "volume": 0, "amount": 0}, "author": {"author_id": "92430179493", "nickname": "团紫", "follower_count": 36341}}, {"aweme": {"aweme_id": "6852243140603088136", "aweme_title": "百搭气质小方包加了手提柄和绣线，宽肩带背上很舒服哦#包包 #平价 #包包推荐 #包包搭配 #穿搭 #我要上热门", "aweme_url": "https://www.iesdouyin.com/share/video/6852243140603088136/?region=CN&mid=6762043274732571399&u_code=0&titleType=title", "download_url": "https://www.chanmama.com/awemeDetail/6852243140603088136", "digg_count": 3388, "digg_incr": 3276, "aweme_create_time": 1595412184, "category": 4, "volume": 15, "amount": 747}, "author": {"author_id": "734096323517812", "nickname": "艾米兔", "follower_count": 289917}}, {"aweme": {"aweme_id": "6852318925590465805", "aweme_title": "像不像看到大白菜时候疯狂下单的你   #淡水珍珠#我是簪娘你是簪郎么", "aweme_url": "https://www.iesdouyin.com/share/video/6852318925590465805/?region=CN&mid=6852319130849315592&u_code=3ghh3kbgkj6b&titleType=title", "download_url": "https://www.chanmama.com/awemeDetail/6852318925590465805", "digg_count": 3370, "digg_incr": 3269, "aweme_create_time": 1595429879, "category": 4, "volume": 26, "amount": 257.40000000000003}, "author": {"author_id": "4147004469677448", "nickname": "🍑小屁是簪郎", "follower_count": 54608}}, {"aweme": {"aweme_id": "6852041725901278479", "aweme_title": "喜欢饰品的宝宝们记得关注我哦#抖音直播 #好物推荐 #耳环 @DOU+小助手 @抖音小助手", "aweme_url": "https://www.iesdouyin.com/share/video/6852041725901278479/?region=CN&mid=6824793994652813319&u_code=1gkkb6aaf37h&titleType=title", "download_url": "https://www.chanmama.com/awemeDetail/6852041725901278479", "digg_count": 4119, "digg_incr": 3197, "aweme_create_time": 1595365315, "category": 4, "volume": 0, "amount": 0}, "author": {"author_id": "99118725484", "nickname": "玲姐姐首饰", "follower_count": 271899}}, {"aweme": {"aweme_id": "6852258212779953419", "aweme_title": "搭裤子好看、搭裙子也好看，可盐可甜可女人。", "aweme_url": "https://www.iesdouyin.com/share/video/6852258212779953419/?region=CN&mid=6852258256643984141&u_code=3ghh3kbgkj6b&titleType=title", "download_url": "https://www.chanmama.com/awemeDetail/6852258212779953419", "digg_count": 4141, "digg_incr": 3179, "aweme_create_time": 1595415699, "category": 4, "volume": 50, "amount": 8000}, "author": {"author_id": "71579669307", "nickname": "桐乡市石门艾微儿皮鞋厂", "follower_count": 603553}}, {"aweme": {"aweme_id": "6852169362560830723", "aweme_title": "新款时尚百搭流行绣线小方包，搭配猪大肠手提带，这款包包你爱了吗#开箱 #包包#我要上热门 #闺蜜", "aweme_url": "https://www.iesdouyin.com/share/video/6852169362560830723/?region=CN&mid=6844355877806623496&u_code=2a110340kf64&titleType=title", "download_url": "https://www.chanmama.com/awemeDetail/6852169362560830723", "digg_count": 3602, "digg_incr": 3160, "aweme_create_time": 1595395013, "category": 4, "volume": 19, "amount": 910.1}, "author": {"author_id": "782487148569932", "nickname": "Lisa的包", "follower_count": 208188}}, {"aweme": {"aweme_id": "6852150216632765710", "aweme_title": "帽子分享又来啦 大多数都很平价 质量也🉑️#安利", "aweme_url": "https://www.iesdouyin.com/share/video/6852150216632765710/?region=CN&mid=6852150239936269070&u_code=20g3ifb1immj&titleType=title", "download_url": "https://www.chanmama.com/awemeDetail/6852150216632765710", "digg_count": 3161, "digg_incr": 2757, "aweme_create_time": 1595390549, "category": 4, "volume": 5, "amount": 145}, "author": {"author_id": "51205291323", "nickname": "闫", "follower_count": 194567}}, {"aweme": {"aweme_id": "6852241621539491084", "aweme_title": "腰带可不只是用来扎紧裤子，更多用法一起看看#穿搭 #腰带 #显瘦穿搭", "aweme_url": "https://www.iesdouyin.com/share/video/6852241621539491084/?region=CN&mid=6852241681383754503&u_code=0&titleType=title", "download_url": "https://www.chanmama.com/awemeDetail/6852241621539491084", "digg_count": 5139, "digg_incr": 2627, "aweme_create_time": 1595411837, "category": 4, "volume": 0, "amount": 0}, "author": {"author_id": "12799708517684", "nickname": "花花的穿搭实验室", "follower_count": 339503}}, {"aweme": {"aweme_id": "6852149700015967488", "aweme_title": "#女人 #情感 #solo出道谁最nata #不负吾爱探索x面 #网红饰品 #wo的高能瞬间 @DOU+小助手", "aweme_url": "https://www.iesdouyin.com/share/video/6852149700015967488/?region=CN&mid=6852149714538564359&u_code=0&titleType=title", "download_url": "https://www.chanmama.com/awemeDetail/6852149700015967488", "digg_count": 2508, "digg_incr": 2464, "aweme_create_time": 1595390428, "category": 4, "volume": 0, "amount": 0}, "author": {"author_id": "3896303028802699", "nickname": "颜瑟饰品", "follower_count": 292891}}, {"aweme": {"aweme_id": "6852041193748974862", "aweme_title": "我喜欢💕增高休闲鞋，一穿增高六厘米#实惠又百搭#心动❤️的你6点直播间见#717奇妙好物在这里@抖音小助手", "aweme_url": "https://www.iesdouyin.com/share/video/6852041193748974862/?region=CN&mid=6766098884994550536&u_code=1jab869mmlgb&titleType=title", "download_url": "https://www.chanmama.com/awemeDetail/6852041193748974862", "digg_count": 2427, "digg_incr": 2424, "aweme_create_time": 1595365209, "category": 4, "volume": 94, "amount": 6486}, "author": {"author_id": "101922526016", "nickname": "常熟市飞飞鞋业商行", "follower_count": 200070}}, {"aweme": {"aweme_id": "6852152858423446788", "aweme_title": "#我负责分享你负责欣赏 #70后女人 #丝巾新花样 #精致女人", "aweme_url": "https://www.iesdouyin.com/share/video/6852152858423446788/?region=CN&mid=6507102079159536398&u_code=45a6gmj0h2h&titleType=title", "download_url": "https://www.chanmama.com/awemeDetail/6852152858423446788", "digg_count": 2833, "digg_incr": 2417, "aweme_create_time": 1595391171, "category": 4, "volume": 3, "amount": 297}, "author": {"author_id": "69512394130", "nickname": "爱笑的华姐服饰搭配", "follower_count": 270139}}, {"aweme": {"aweme_id": "6852148271444495616", "aweme_title": "你们要的平安扣禁步来啦✨50厘米长 腰间配饰、马面 宋制超可 12根🥕即可拥有包油#我是簪娘你是簪郎么", "aweme_url": "https://www.iesdouyin.com/share/video/6852148271444495616/?region=CN&mid=6842238496380324622&u_code=45a6gmj0h2h&titleType=title", "download_url": "https://www.chanmama.com/awemeDetail/6852148271444495616", "digg_count": 3178, "digg_incr": 2366, "aweme_create_time": 1595390100, "category": 4, "volume": 81, "amount": 1043.28}, "author": {"author_id": "74779628003", "nickname": "十三月凉手工坊🍑", "follower_count": 43046}}, {"aweme": {"aweme_id": "6852150596888284424", "aweme_title": "她说得不错，可我偏要勉强！#充能计划 #jk制服 #jk", "aweme_url": "https://www.iesdouyin.com/share/video/6852150596888284424/?region=CN&mid=6632842355101666062&u_code=45a6gmj0h2h&titleType=title", "download_url": "https://www.chanmama.com/awemeDetail/6852150596888284424", "digg_count": 2471, "digg_incr": 2351, "aweme_create_time": 1595390638, "category": 4, "volume": 3, "amount": 564}, "author": {"author_id": "60433455828", "nickname": "奇迹馋馋", "follower_count": 161248}}, {"aweme": {"aweme_id": "6852119857899506955", "aweme_title": "79米八件套，阿姨不是生气，是风了！你们不来了解一下嘛#我要上热门 #好物推荐 #男鞋 @DOU+小助手", "aweme_url": "https://www.iesdouyin.com/share/video/6852119857899506955/?region=CN&mid=6852119898186271502&u_code=l53274f48ge&titleType=title", "download_url": "https://www.chanmama.com/awemeDetail/6852119857899506955", "digg_count": 2237, "digg_incr": 2242, "aweme_create_time": 1595383488, "category": 4, "volume": 500, "amount": 39500}, "author": {"author_id": "3861120751512727", "nickname": "马哥鞋工厂", "follower_count": 34285}}, {"aweme": {"aweme_id": "6852253096664452355", "aweme_title": "这波真的被易烊千玺种草了#好物分享 #好物推荐 #潮流风向标 #穿搭 #易烊千玺", "aweme_url": "https://www.iesdouyin.com/share/video/6852253096664452355/?region=CN&mid=6798052413760326414&u_code=45a6gmj0h2h&titleType=title", "download_url": "https://www.chanmama.com/awemeDetail/6852253096664452355", "digg_count": 2535, "digg_incr": 2210, "aweme_create_time": 1595414508, "category": 4, "volume": 2, "amount": 1050}, "author": {"author_id": "413040252567044", "nickname": "桦林", "follower_count": 61510}}, {"aweme": {"aweme_id": "6852124529339206925", "aweme_title": "#火山泥沐浴乳 点👆👆车车领100绻！无*~效~*你*~就~*退！", "aweme_url": "https://www.iesdouyin.com/share/video/6852124529339206925/?region=CN&mid=6852124533638400775&u_code=1m9jjic54hdh&titleType=title", "download_url": "https://www.chanmama.com/awemeDetail/6852124529339206925", "digg_count": 2211, "digg_incr": 2208, "aweme_create_time": 1595384569, "category": 4, "volume": 1026, "amount": 30907.400000000005}, "author": {"author_id": "3491660872548608", "nickname": "沛萱雨网络", "follower_count": 12971}}, {"aweme": {"aweme_id": "6852275653014736143", "aweme_title": "我听到对胖女孩最有恶意的话就是：“她们🈶️味？！”谁说的？！我们一样可以精致到不行", "aweme_url": "https://www.iesdouyin.com/share/video/6852275653014736143/?region=CN&mid=6772032699646479116&u_code=3ghh3kbgkj6b&titleType=title", "download_url": "https://www.chanmama.com/awemeDetail/6852275653014736143", "digg_count": 8659, "digg_incr": 2200, "aweme_create_time": 1595419752, "category": 4, "volume": 4, "amount": 612}, "author": {"author_id": "2246991497134926", "nickname": "肉肉林", "follower_count": 60991}}, {"aweme": {"aweme_id": "6852122400511790350", "aweme_title": "宝宝超喜欢的小猪包包外套，方便出行，品质保证，宝宝爱穿 #儿童外套 #童装", "aweme_url": "https://www.iesdouyin.com/share/video/6852122400511790350/?region=CN&mid=6852122478723042061&u_code=45a6gmj0h2h&titleType=title", "download_url": "https://www.chanmama.com/awemeDetail/6852122400511790350", "digg_count": 2293, "digg_incr": 2165, "aweme_create_time": 1595384091, "category": 4, "volume": 186, "amount": 5561.4}, "author": {"author_id": "3175011058976519", "nickname": "简槑精品童装", "follower_count": 242571}}, {"aweme": {"aweme_id": "6852133190447009038", "aweme_title": "#护肤 #瓜分流量 爱老公不如好好爱自己，正在直播", "aweme_url": "https://www.iesdouyin.com/share/video/6852133190447009038/?region=CN&mid=6852133203537644296&u_code=0&titleType=title", "download_url": "https://www.chanmama.com/awemeDetail/6852133190447009038", "digg_count": 2170, "digg_incr": 2148, "aweme_create_time": 1595386585, "category": 4, "volume": 0, "amount": 0}, "author": {"author_id": "1314610369005876", "nickname": "官泉电子商务商行", "follower_count": 124362}}, {"aweme": {"aweme_id": "6852095036344028416", "aweme_title": "床上喜欢侧睡的女人，说的是你吗？#女人 #情感 #直播 #青菜拼车拼拼拼 #不负吾爱探索x面 @DOU+小助手", "aweme_url": "https://www.iesdouyin.com/share/video/6852095036344028416/?region=CN&mid=6852095095982787336&u_code=0&titleType=title", "download_url": "https://www.chanmama.com/awemeDetail/6852095036344028416", "digg_count": 2179, "digg_incr": 2134, "aweme_create_time": 1595377702, "category": 4, "volume": 0, "amount": 0}, "author": {"author_id": "3896303028802699", "nickname": "颜瑟饰品", "follower_count": 292891}}, {"aweme": {"aweme_id": "6852286856852147470", "aweme_title": "宝宝们开播了#时尚包包", "aweme_url": "https://www.iesdouyin.com/share/video/6852286856852147470/?region=CN&mid=6847608129711098638&u_code=107m7bg5i135&titleType=title", "download_url": "https://www.chanmama.com/awemeDetail/6852286856852147470", "digg_count": 2121, "digg_incr": 2095, "aweme_create_time": 1595422362, "category": 4, "volume": 91, "amount": 3630.9}, "author": {"author_id": "2101899688938877", "nickname": "侣行箱包皮具", "follower_count": 58149}}, {"aweme": {"aweme_id": "6852246061768117507", "aweme_title": "萨迪克教你手臂超级组，祝你手臂尽快突破45#健身教学 #手臂", "aweme_url": "https://www.iesdouyin.com/share/video/6852246061768117507/?region=CN&mid=6772234874674759682&u_code=45a6gmj0h2h&titleType=title", "download_url": "https://www.chanmama.com/awemeDetail/6852246061768117507", "digg_count": 2821, "digg_incr": 2091, "aweme_create_time": 1595412871, "category": 4, "volume": 0, "amount": 0}, "author": {"author_id": "3584002906666860", "nickname": "氮泵健身", "follower_count": 309097}}, {"aweme": {"aweme_id": "6852089701839473932", "aweme_title": "影响我们人生的绝不仅仅是环境，其实是心态在控制个人的行动和思想。同时，心态也决定了一个人的视野、事业和成就。", "aweme_url": "https://www.iesdouyin.com/share/video/6852089701839473932/?region=CN&mid=6818504695859432200&u_code=0&titleType=title", "download_url": "https://www.chanmama.com/awemeDetail/6852089701839473932", "digg_count": 2365, "digg_incr": 2086, "aweme_create_time": 1595376473, "category": 4, "volume": 5, "amount": 450}, "author": {"author_id": "63660857880", "nickname": "靓丽饰品", "follower_count": 131321}}, {"aweme": {"aweme_id": "6852045559751068940", "aweme_title": "搭配裤子优雅干练，搭配裙子更是温柔有女人味。@DOU+小助手", "aweme_url": "https://www.iesdouyin.com/share/video/6852045559751068940/?region=CN&mid=6852045757667625735&u_code=45a6gmj0h2h&titleType=title", "download_url": "https://www.chanmama.com/awemeDetail/6852045559751068940", "digg_count": 2084, "digg_incr": 2073, "aweme_create_time": 1595366284, "category": 4, "volume": 67, "amount": 10720}, "author": {"author_id": "71579669307", "nickname": "桐乡市石门艾微儿皮鞋厂", "follower_count": 603553}}, {"aweme": {"aweme_id": "6852164700285750535", "aweme_title": "#舒适透气养脚不累脚 #软底软面穿上超舒服 #感谢抖音平台 #感谢抖音小助手", "aweme_url": "https://www.iesdouyin.com/share/video/6852164700285750535/?region=CN&mid=6852164703411768072&u_code=3f1fdc6d9eai&titleType=title", "download_url": "https://www.chanmama.com/awemeDetail/6852164700285750535", "digg_count": 2191, "digg_incr": 2045, "aweme_create_time": 1595393921, "category": 4, "volume": 127, "amount": 8877.300000000001}, "author": {"author_id": "1297060050248804", "nickname": "好奕娜女鞋", "follower_count": 84475}}, {"aweme": {"aweme_id": "6852161726767484163", "aweme_title": "都说第二遍会更🔥#第二遍第二遍第二遍 #假发 #同城热门 #717奇妙好物在这里 @DOU+小助手", "aweme_url": "https://www.iesdouyin.com/share/video/6852161726767484163/?region=CN&mid=6592927467382508291&u_code=45a6gmj0h2h&titleType=title", "download_url": "https://www.chanmama.com/awemeDetail/6852161726767484163", "digg_count": 8829, "digg_incr": 1992, "aweme_create_time": 1595393235, "category": 4, "volume": 11, "amount": 968}, "author": {"author_id": "2576891486407453", "nickname": "婷子假发", "follower_count": 184348}}, {"aweme": {"aweme_id": "6852268223119904003", "aweme_title": "精致时尚立体小方包，双肩带设计，背法更多，上身更百搭，#开箱 #我要上热门 #好物 #包包 #抖音小助手", "aweme_url": "https://www.iesdouyin.com/share/video/6852268223119904003/?region=CN&mid=6846665087630035720&u_code=45a6gmj0h2h&titleType=title", "download_url": "https://www.chanmama.com/awemeDetail/6852268223119904003", "digg_count": 2376, "digg_incr": 1959, "aweme_create_time": 1595418029, "category": 4, "volume": 29, "amount": 1444.1999999999998}, "author": {"author_id": "782487148569932", "nickname": "Lisa的包", "follower_count": 208188}}, {"aweme": {"aweme_id": "6852061891083242755", "aweme_title": "松糕底帆布面料，内增高小白鞋舒适百搭，真好看#时尚穿搭 #哎呦喂你鞋真好看", "aweme_url": "https://www.iesdouyin.com/share/video/6852061891083242755/?region=CN&mid=6658964336083815182&u_code=1dbh7c3hig57&titleType=title", "download_url": "https://www.chanmama.com/awemeDetail/6852061891083242755", "digg_count": 2599, "digg_incr": 1937, "aweme_create_time": 1595370021, "category": 4, "volume": 149, "amount": 8791}, "author": {"author_id": "1543351377596468", "nickname": "佳美鞋业", "follower_count": 90355}}, {"aweme": {"aweme_id": "6852042571049487631", "aweme_title": "10人8突这个说法没有错！错的是你不敢面对自己有腰突！大把的膏药和不停的按摩针灸推拿！最后熬到要手术！#锻炼", "aweme_url": "https://www.iesdouyin.com/share/video/6852042571049487631/?region=CN&mid=6838586200094608136&u_code=1gkkb5dlmg0b&titleType=title", "download_url": "https://www.chanmama.com/awemeDetail/6852042571049487631", "digg_count": 2578, "digg_incr": 1932, "aweme_create_time": 1595365513, "category": 4, "volume": 12, "amount": 358.79999999999995}, "author": {"author_id": "3443266723512524", "nickname": "桐爬馆", "follower_count": 531121}}, {"aweme": {"aweme_id": "6852237120212339983", "aweme_title": "保护非物质文化遗产，其实就是保护非遗手艺，因为手艺只能学习传承下去。#民俗守艺人", "aweme_url": "https://www.iesdouyin.com/share/video/6852237120212339983/?region=CN&mid=6852237124318989069&u_code=107m7bg5i135&titleType=title", "download_url": "https://www.chanmama.com/awemeDetail/6852237120212339983", "digg_count": 3848, "digg_incr": 1908, "aweme_create_time": 1595410781, "category": 4, "volume": 0, "amount": 0}, "author": {"author_id": "153567339230332", "nickname": "黔银技穹（匠林风华)", "follower_count": 28446}}, {"aweme": {"aweme_id": "6852118756932472077", "aweme_title": "13年实体，9年电商。老公负责线上某宝某猫。我负责专卖店和直播。分工明确，目标一致。你很优秀，我也不差😋", "aweme_url": "https://www.iesdouyin.com/share/video/6852118756932472077/?region=CN&mid=6852118774619867911&u_code=3kdem96968fl&titleType=title", "download_url": "https://www.chanmama.com/awemeDetail/6852118756932472077", "digg_count": 1834, "digg_incr": 1829, "aweme_create_time": 1595383224, "category": 4, "volume": 21, "amount": 1470}, "author": {"author_id": "61659154995", "nickname": "人本-帆布鞋（上午10点开播）", "follower_count": 265892}}, {"aweme": {"aweme_id": "6852237450882993419", "aweme_title": "我怀疑你不会打字不然你打个宝贝试试#ihush独角兽", "aweme_url": "https://www.iesdouyin.com/share/video/6852237450882993419/?region=CN&mid=6832198752925780749&u_code=45a6gmj0h2h&titleType=title", "download_url": "https://www.chanmama.com/awemeDetail/6852237450882993419", "digg_count": 2658, "digg_incr": 1773, "aweme_create_time": 1595410867, "category": 4, "volume": 0, "amount": 0}, "author": {"author_id": "104835906141", "nickname": "是小梅梅阿", "follower_count": 214950}}, {"aweme": {"aweme_id": "6852059072351554823", "aweme_title": "发现一个长腿小哥哥！@麦渣  #蜀都街拍", "aweme_url": "https://www.iesdouyin.com/share/video/6852059072351554823/?region=CN&mid=6852059099140541192&u_code=20g3ifb1immj&titleType=title", "download_url": "https://www.chanmama.com/awemeDetail/6852059072351554823", "digg_count": 3010, "digg_incr": 1763, "aweme_create_time": 1595390400, "category": 4, "volume": 3, "amount": 747}, "author": {"author_id": "377822715325183", "nickname": "男人帮℡", "follower_count": 314660}}, {"aweme": {"aweme_id": "6852236970312174848", "aweme_title": "喜欢饰品的宝宝们记得关注我哦#抖音直播 #好物推荐 #耳环 @DOU+小助手 @抖音小助手", "aweme_url": "https://www.iesdouyin.com/share/video/6852236970312174848/?region=CN&mid=6852236981347371789&u_code=a447c2m8m8c&titleType=title", "download_url": "https://www.chanmama.com/awemeDetail/6852236970312174848", "digg_count": 2097, "digg_incr": 1735, "aweme_create_time": 1595410747, "category": 4, "volume": 3, "amount": 191.7}, "author": {"author_id": "99118725484", "nickname": "玲姐姐首饰", "follower_count": 271899}}, {"aweme": {"aweme_id": "6852162756662136079", "aweme_title": "@小阿橘发了一个抖音短视频，你尽管点开，不好看算我输！", "aweme_url": "https://www.iesdouyin.com/share/video/6852162756662136079/?region=CN&mid=6750586616458251019&u_code=107m7bg5i135&titleType=", "download_url": "https://www.chanmama.com/awemeDetail/6852162756662136079", "digg_count": 3186, "digg_incr": 1729, "aweme_create_time": 1595393468, "category": 4, "volume": 52, "amount": 2334.7999999999997}, "author": {"author_id": "111235541900", "nickname": "小阿橘", "follower_count": 42059}}, {"aweme": {"aweme_id": "6852063615978130700", "aweme_title": "#百变围巾教程", "aweme_url": "https://www.iesdouyin.com/share/video/6852063615978130700/?region=CN&mid=6827393455178697479&u_code=1ld7dalfa490&titleType=title", "download_url": "https://www.chanmama.com/awemeDetail/6852063615978130700", "digg_count": 2548, "digg_incr": 1728, "aweme_create_time": 1595370418, "category": 4, "volume": 0, "amount": 0}, "author": {"author_id": "15308850487", "nickname": "轻纱飞舞", "follower_count": 507439}}, {"aweme": {"aweme_id": "6852229331113086223", "aweme_title": "无耳洞的仙女们看过来，再也不用挑挑选选了#好物推荐 @抖音小助手", "aweme_url": "https://www.iesdouyin.com/share/video/6852229331113086223/?region=CN&mid=6852229347420850951&u_code=45a6gmj0h2h&titleType=title", "download_url": "https://www.chanmama.com/awemeDetail/6852229331113086223", "digg_count": 3676, "digg_incr": 1720, "aweme_create_time": 1595408968, "category": 4, "volume": 2, "amount": 29.6}, "author": {"author_id": "1895149374547837", "nickname": "少女心精选好物", "follower_count": 326837}}, {"aweme": {"aweme_id": "6852236088434560271", "aweme_title": "中国旗袍文化艺术～余俊善导师#文艺汇演", "aweme_url": "https://www.iesdouyin.com/share/video/6852236088434560271/?region=CN&mid=6846332976499510030&u_code=0&titleType=title", "download_url": "https://www.chanmama.com/awemeDetail/6852236088434560271", "digg_count": 2699, "digg_incr": 1718, "aweme_create_time": 1595410541, "category": 4, "volume": 0, "amount": 0}, "author": {"author_id": "92052724002", "nickname": "俊善旗袍美学商务", "follower_count": 143653}}, {"aweme": {"aweme_id": "6852245502210149632", "aweme_title": "听说打出“我真的”会暴露你的缺点#158小个子穿搭 #包包合集 @抖音小助手", "aweme_url": "https://www.iesdouyin.com/share/video/6852245502210149632/?region=CN&mid=6847358140393589512&u_code=107m7bg5i135&titleType=title", "download_url": "https://www.chanmama.com/awemeDetail/6852245502210149632", "digg_count": 2376, "digg_incr": 1612, "aweme_create_time": 1595412733, "category": 4, "volume": 0, "amount": 0}, "author": {"author_id": "83781724060", "nickname": "木酱小小", "follower_count": 70299}}, {"aweme": {"aweme_id": "6852224065097190668", "aweme_title": "闽南大姨跟外甥女曼宁的日常对怼@抖音小助手 #闽南语", "aweme_url": "https://www.iesdouyin.com/share/video/6852224065097190668/?region=CN&mid=6852224118297840392&u_code=0&titleType=title", "download_url": "https://www.chanmama.com/awemeDetail/6852224065097190668", "digg_count": 1919, "digg_incr": 1597, "aweme_create_time": 1595407750, "category": 4, "volume": 0, "amount": 0}, "author": {"author_id": "96304590408", "nickname": "萍萍美容店", "follower_count": 108238}}, {"aweme": {"aweme_id": "6852027666254564615", "aweme_title": "人生短短几十年谁能与我相伴……", "aweme_url": "https://www.iesdouyin.com/share/video/6852027666254564615/?region=CN&mid=6852027742012099336&u_code=0&titleType=title", "download_url": "https://www.chanmama.com/awemeDetail/6852027666254564615", "digg_count": 1831, "digg_incr": 1579, "aweme_create_time": 1595362073, "category": 4, "volume": 9, "amount": 143.1}, "author": {"author_id": "60935739445", "nickname": "二郎╰_╯，【勇往直前】", "follower_count": 360299}}, {"aweme": {"aweme_id": "6852057049396694279", "aweme_title": "#真人编发 这上面两边都是三股编发。然后合并发型漂亮就出来，有适合你的吗？如果你不会私下留言…。@抖音小助手", "aweme_url": "https://www.iesdouyin.com/share/video/6852057049396694279/?region=CN&mid=6664909143947643656&u_code=45a6h05962j&titleType=title", "download_url": "https://www.chanmama.com/awemeDetail/6852057049396694279", "digg_count": 2300, "digg_incr": 1576, "aweme_create_time": 1595368872, "category": 4, "volume": 0, "amount": 0}, "author": {"author_id": "97080882327", "nickname": "活着自然美💐🌾🌾🌴", "follower_count": 96051}}, {"aweme": {"aweme_id": "6852257916867677443", "aweme_title": "阿姨家这么多好鞋，都是夏秋款 你们不了解一下嘛？#我要上热门 #好物推荐", "aweme_url": "https://www.iesdouyin.com/share/video/6852257916867677443/?region=CN&mid=6852257949050866439&u_code=45a6gmj0h2h&titleType=title", "download_url": "https://www.chanmama.com/awemeDetail/6852257916867677443", "digg_count": 4717, "digg_incr": 1572, "aweme_create_time": 1595415630, "category": 4, "volume": 11, "amount": 869}, "author": {"author_id": "3861120751512727", "nickname": "马哥鞋工厂", "follower_count": 34285}}, {"aweme": {"aweme_id": "6852289791535353088", "aweme_title": "人逢喜事精神爽。最近大家阅读理解有待提高。#十二星座 #脱单 #复合 #财富 #桃花运 #星座", "aweme_url": "https://www.iesdouyin.com/share/video/6852289791535353088/?region=CN&mid=6830649363182651394&u_code=45a6gmj0h2h&titleType=title", "download_url": "https://www.chanmama.com/awemeDetail/6852289791535353088", "digg_count": 3338, "digg_incr": 1560, "aweme_create_time": 1595423044, "category": 4, "volume": 0, "amount": 0}, "author": {"author_id": "2387778474618055", "nickname": "贪吃女巫", "follower_count": 53607}}, {"aweme": {"aweme_id": "6852310213521837312", "aweme_title": "豪横#热门 #热门推荐 #抖音小助手 #抓夹 #饰品 #乘风破浪的好物", "aweme_url": "https://www.iesdouyin.com/share/video/6852310213521837312/?region=CN&mid=6852310240076040967&u_code=45a6gmj0h2h&titleType=title", "download_url": "https://www.chanmama.com/awemeDetail/6852310213521837312", "digg_count": 2229, "digg_incr": 1548, "aweme_create_time": 1595427800, "category": 4, "volume": 0, "amount": 0}, "author": {"author_id": "87268322237", "nickname": "台州睿益服饰贸易有限公司", "follower_count": 263643}}, {"aweme": {"aweme_id": "6852250794213854471", "aweme_title": "胖MM看过来❕❕#大码女装 ❗️是130斤穿到210斤的哦~#每日穿搭 #点头像进直播间正在直播 😘", "aweme_url": "https://www.iesdouyin.com/share/video/6852250794213854471/?region=CN&mid=6852250806691957511&u_code=0&titleType=title", "download_url": "https://www.chanmama.com/awemeDetail/6852250794213854471", "digg_count": 1745, "digg_incr": 1545, "aweme_create_time": 1595413966, "category": 4, "volume": 44, "amount": 3916}, "author": {"author_id": "61565833606", "nickname": "心美美●今晚7点直播", "follower_count": 582660}}, {"aweme": {"aweme_id": "6852263564045044992", "aweme_title": "分享实体店入的宝藏裙子和最喜欢的jk制服的穿搭 拥有这双鞋等于拥有六双#lo娘 #jk #穿搭", "aweme_url": "https://www.iesdouyin.com/share/video/6852263564045044992/?region=CN&mid=6825891937397033736&u_code=107m7bg5i135&titleType=title", "download_url": "https://www.chanmama.com/awemeDetail/6852263564045044992", "digg_count": 2138, "digg_incr": 1542, "aweme_create_time": 1595416938, "category": 4, "volume": 4, "amount": 792}, "author": {"author_id": "58768199436", "nickname": "菜菜的咸鱼", "follower_count": 72656}}, {"aweme": {"aweme_id": "6852112061581774088", "aweme_title": "不要说我头发 哈哈正在直播", "aweme_url": "https://www.iesdouyin.com/share/video/6852112061581774088/?region=CN&mid=6852112309188299533&u_code=20693k09d2ia&titleType=title", "download_url": "https://www.chanmama.com/awemeDetail/6852112061581774088", "digg_count": 1521, "digg_incr": 1529, "aweme_create_time": 1595381724, "category": 4, "volume": 812, "amount": 8038.8}, "author": {"author_id": "96049627140", "nickname": "LH981482027", "follower_count": 193061}}, {"aweme": {"aweme_id": "6852127910359321869", "aweme_title": "气质比年龄重要！微笑比颜值重要！健康比身材重要！不管你现在什么境界！心态最重要！！#心中有曲自然嗨", "aweme_url": "https://www.iesdouyin.com/share/video/6852127910359321869/?region=CN&mid=6825747959267822344&u_code=l53274f48ge&titleType=title", "download_url": "https://www.chanmama.com/awemeDetail/6852127910359321869", "digg_count": 2215, "digg_incr": 1526, "aweme_create_time": 1595385356, "category": 4, "volume": 0, "amount": 0}, "author": {"author_id": "99504204596", "nickname": "刘丹个性服饰", "follower_count": 328288}}, {"aweme": {"aweme_id": "6852036772730293517", "aweme_title": "夏季🌴清凉舒适网纱牛筋底单鞋、上脚舒适又时尚#哎呦喂你鞋真好看 #软底软面穿上超舒服 #抖音爸爸让我火一次", "aweme_url": "https://www.iesdouyin.com/share/video/6852036772730293517/?region=CN&mid=6826080736643189512&u_code=22j00j0k3kb6&titleType=title", "download_url": "https://www.chanmama.com/awemeDetail/6852036772730293517", "digg_count": 1549, "digg_incr": 1525, "aweme_create_time": 1595364192, "category": 4, "volume": 60, "amount": 3540}, "author": {"author_id": "4371311178036280", "nickname": "海广鞋业", "follower_count": 72674}}, {"aweme": {"aweme_id": "6852181370383387915", "aweme_title": "#抖爸爸抖音小助手#懒人鞋🌈穿出不一样的人生，让你的生活充满五颜色……", "aweme_url": "https://www.iesdouyin.com/share/video/6852181370383387915/?region=CN&mid=6851942988122983182&u_code=43c903ch7lim&titleType=title", "download_url": "https://www.chanmama.com/awemeDetail/6852181370383387915", "digg_count": 1495, "digg_incr": 1500, "aweme_create_time": 1595397810, "category": 4, "volume": 157, "amount": 2480.6}, "author": {"author_id": "1068320096259687", "nickname": "常熟市悦享派鞋业商行", "follower_count": 15641}}, {"aweme": {"aweme_id": "6852267546792561927", "aweme_title": "提前开箱尼克坦克，24号发，真香还是倒闭？内藏彩蛋 #抖音球鞋测评", "aweme_url": "https://www.iesdouyin.com/share/video/6852267546792561927/?region=CN&mid=6852267567844068109&u_code=1ac8ie0j17b7&titleType=title", "download_url": "https://www.chanmama.com/awemeDetail/6852267546792561927", "digg_count": 1566, "digg_incr": 1448, "aweme_create_time": 1595417867, "category": 4, "volume": 0, "amount": 0}, "author": {"author_id": "99444873599", "nickname": "潮座", "follower_count": 89578}}, {"aweme": {"aweme_id": "6852153934916668672", "aweme_title": "喜欢饰品的宝宝们记得关注我哦#抖音直播 #好物推荐 #耳环 @DOU+小助手 @抖音小助手", "aweme_url": "https://www.iesdouyin.com/share/video/6852153934916668672/?region=CN&mid=6852153934947699463&u_code=20693k09d2ia&titleType=title", "download_url": "https://www.chanmama.com/awemeDetail/6852153934916668672", "digg_count": 1515, "digg_incr": 1445, "aweme_create_time": 1595391413, "category": 4, "volume": 0, "amount": 0}, "author": {"author_id": "99118725484", "nickname": "玲姐姐首饰", "follower_count": 271899}}, {"aweme": {"aweme_id": "6852140126735191307", "aweme_title": "下午一点直播间开课讲解沁心开衫下面28花。大家关注我。每天更新钩针视频教程和直播课程", "aweme_url": "https://www.iesdouyin.com/share/video/6852140126735191307/?region=CN&mid=6852140230582700808&u_code=45a6gmj0h2h&titleType=title", "download_url": "https://www.chanmama.com/awemeDetail/6852140126735191307", "digg_count": 2533, "digg_incr": 1438, "aweme_create_time": 1595388207, "category": 4, "volume": 1, "amount": 26}, "author": {"author_id": "79593442651", "nickname": "清风的梦想编织", "follower_count": 57822}}, {"aweme": {"aweme_id": "6852154677321157896", "aweme_title": "远方的朋友只能发快递了，顺丰到家5斤装省内200包邮，外省230包邮！", "aweme_url": "https://www.iesdouyin.com/share/video/6852154677321157896/?region=CN&mid=6852154673105832718&u_code=0&titleType=title", "download_url": "https://www.chanmama.com/awemeDetail/6852154677321157896", "digg_count": 1952, "digg_incr": 1427, "aweme_create_time": 1595391588, "category": 4, "volume": 2, "amount": 399.8}, "author": {"author_id": "84622712924", "nickname": "冯氏珍禽养殖", "follower_count": 295582}}, {"aweme": {"aweme_id": "6852127724908154126", "aweme_title": "“快让你男朋友给你安排，这个真的可以承包一整天的快乐😍”#甜甜的恋爱 #比心 #礼物 @DOU+小助手", "aweme_url": "https://www.iesdouyin.com/share/video/6852127724908154126/?region=CN&mid=6831869934357678855&u_code=11e65medbjaf&titleType=title", "download_url": "https://www.chanmama.com/awemeDetail/6852127724908154126", "digg_count": 1544, "digg_incr": 1411, "aweme_create_time": 1595385312, "category": 4, "volume": 4, "amount": 79.6}, "author": {"author_id": "4318524424850116", "nickname": "别睡太早", "follower_count": 10419}}, {"aweme": {"aweme_id": "6852274666468347136", "aweme_title": "19.9🥕可以拥有哪些貌美发饰？还包车马哦#汉服配饰 #种草 #簪娘 #充能计划 #原创国风计划 #汉服", "aweme_url": "https://www.iesdouyin.com/share/video/6852274666468347136/?region=CN&mid=6797617786945275917&u_code=0&titleType=title", "download_url": "https://www.chanmama.com/awemeDetail/6852274666468347136", "digg_count": 1756, "digg_incr": 1408, "aweme_create_time": 1595419523, "category": 4, "volume": 29, "amount": 577.0999999999999}, "author": {"author_id": "171121274261604", "nickname": "汉服配饰安利（不要连zan👍）", "follower_count": 25271}}, {"aweme": {"aweme_id": "6852222221977423119", "aweme_title": "一个礼拜上了3⃣️款包，一款卖了3W个，一款8Q个，一款5Q个…这几天陆续出货，让你们久等了，感恩❤️", "aweme_url": "https://www.iesdouyin.com/share/video/6852222221977423119/?region=CN&mid=6847797710196935437&u_code=43m3f0ik36f2&titleType=title", "download_url": "https://www.chanmama.com/awemeDetail/6852222221977423119", "digg_count": 4741, "digg_incr": 1382, "aweme_create_time": 1595407313, "category": 4, "volume": 0, "amount": 0}, "author": {"author_id": "103462487275", "nickname": "银奕服饰旗舰店", "follower_count": 96438}}, {"aweme": {"aweme_id": "6852194384339848462", "aweme_title": "很喜欢的一句话:“低质量的社交，不如高质量的独处，爱我者我惜之，负我者我弃之，圈子虽小，干净就好", "aweme_url": "https://www.iesdouyin.com/share/video/6852194384339848462/?region=CN&mid=6846727014084315917&u_code=0&titleType=title", "download_url": "https://www.chanmama.com/awemeDetail/6852194384339848462", "digg_count": 1656, "digg_incr": 1364, "aweme_create_time": 1595400833, "category": 4, "volume": 0, "amount": 0}, "author": {"author_id": "100650611131", "nickname": "一路芬芳（小芳）", "follower_count": 198351}}, {"aweme": {"aweme_id": "6851964334713752845", "aweme_title": "阿姨真的很生气，这么好的鞋没人要，倒计时最后几天了。#我要上热门 #好物推荐 #男鞋 @DOU+小助手", "aweme_url": "https://www.iesdouyin.com/share/video/6851964334713752845/?region=CN&mid=6851964417563757325&u_code=49b30kid4fd3&titleType=title", "download_url": "https://www.chanmama.com/awemeDetail/6851964334713752845", "digg_count": 1588, "digg_incr": 1335, "aweme_create_time": 1595347293, "category": 4, "volume": 238, "amount": 20944}, "author": {"author_id": "3861120751512727", "nickname": "马哥鞋工厂", "follower_count": 34285}}, {"aweme": {"aweme_id": "6852270129170877709", "aweme_title": "#饰品搭配 #直播带货 @DOU+小助手", "aweme_url": "https://www.iesdouyin.com/share/video/6852270129170877709/?region=CN&mid=6819905793396067079&u_code=0&titleType=title", "download_url": "https://www.chanmama.com/awemeDetail/6852270129170877709", "digg_count": 3713, "digg_incr": 1329, "aweme_create_time": 1595418467, "category": 4, "volume": 0, "amount": 0}, "author": {"author_id": "81021740970", "nickname": "Mbox·轻奢配饰", "follower_count": 150734}}, {"aweme": {"aweme_id": "6852241640657046799", "aweme_title": "注定被#男人 宠爱一生的五大生肖女，做梦都会被笑醒！有你吗？#耳环控 #饰品搭配 @DOU+小助手 #女人", "aweme_url": "https://www.iesdouyin.com/share/video/6852241640657046799/?region=CN&mid=6852241644629019406&u_code=0&titleType=title", "download_url": "https://www.chanmama.com/awemeDetail/6852241640657046799", "digg_count": 1562, "digg_incr": 1321, "aweme_create_time": 1595411834, "category": 4, "volume": 0, "amount": 0}, "author": {"author_id": "1468561459251939", "nickname": "格格时尚饰品", "follower_count": 169483}}, {"aweme": {"aweme_id": "6852206418850860302", "aweme_title": "腰突的，腰肌劳损的，颈椎不舒服的，还有健身锻炼的，我们相聚在一起，为了未来的健康爬起来。", "aweme_url": "https://www.iesdouyin.com/share/video/6852206418850860302/?region=CN&mid=6555243045854710541&u_code=1dlbm8ajil7m&titleType=title", "download_url": "https://www.chanmama.com/awemeDetail/6852206418850860302", "digg_count": 2232, "digg_incr": 1317, "aweme_create_time": 1595403635, "category": 4, "volume": 2, "amount": 59.8}, "author": {"author_id": "3909509328928940", "nickname": "甜蜜姐", "follower_count": 168065}}, {"aweme": {"aweme_id": "6852156404271287552", "aweme_title": "我们这些已到中年的女人，应该早早懂得，亲属随缘，不要高估了你与他人的关系……", "aweme_url": "https://www.iesdouyin.com/share/video/6852156404271287552/?region=CN&mid=6543519450186910477&u_code=0&titleType=title", "download_url": "https://www.chanmama.com/awemeDetail/6852156404271287552", "digg_count": 1316, "digg_incr": 1316, "aweme_create_time": 1595391989, "category": 4, "volume": 1, "amount": 128}, "author": {"author_id": "64559219960", "nickname": "清迈辣妈服装设计", "follower_count": 624292}}, {"aweme": {"aweme_id": "6852240358647106830", "aweme_title": "三层独立大空间 小包包大胃王  气质又百搭#包包推荐 #穿搭 #官方大大我要热门 @DOU+小助手", "aweme_url": "https://www.iesdouyin.com/share/video/6852240358647106830/?region=CN&mid=6852240386535377677&u_code=0&titleType=title", "download_url": "https://www.chanmama.com/awemeDetail/6852240358647106830", "digg_count": 1450, "digg_incr": 1296, "aweme_create_time": 1595411537, "category": 4, "volume": 0, "amount": 0}, "author": {"author_id": "105520696689", "nickname": "诚特箱包厂", "follower_count": 145754}}, {"aweme": {"aweme_id": "6852153498650381575", "aweme_title": "笑起来就是好天气 #穿搭", "aweme_url": "https://www.iesdouyin.com/share/video/6852153498650381575/?region=CN&mid=6852153519038925581&u_code=0&titleType=title", "download_url": "https://www.chanmama.com/awemeDetail/6852153498650381575", "digg_count": 1492, "digg_incr": 1286, "aweme_create_time": 1595391314, "category": 4, "volume": 10, "amount": 219}, "author": {"author_id": "106072449839", "nickname": "长颈姑姑 7月28日晚7点直播", "follower_count": 367539}}, {"aweme": {"aweme_id": "6852056565353106688", "aweme_title": "#男士冰丝内裤买一送一超级划算。6:30直播，欢迎你们来直播间，", "aweme_url": "https://www.iesdouyin.com/share/video/6852056565353106688/?region=CN&mid=6574244894137649934&u_code=0&titleType=title", "download_url": "https://www.chanmama.com/awemeDetail/6852056565353106688", "digg_count": 1453, "digg_incr": 1228, "aweme_create_time": 1595368754, "category": 4, "volume": 0, "amount": 0}, "author": {"author_id": "104795294779", "nickname": "吴三姐", "follower_count": 128689}}, {"aweme": {"aweme_id": "6852290592009981191", "aweme_title": "珍珠抓夹来咯！#不要限流我要上热门 #热门推荐 #抓夹 @DOU+小助手 @抖音小助手", "aweme_url": "https://www.iesdouyin.com/share/video/6852290592009981191/?region=CN&mid=6852290612448807687&u_code=1b8l27elcie4&titleType=title", "download_url": "https://www.chanmama.com/awemeDetail/6852290592009981191", "digg_count": 2278, "digg_incr": 1228, "aweme_create_time": 1595423232, "category": 4, "volume": 0, "amount": 0}, "author": {"author_id": "3051863896231335", "nickname": "KissMud童鞋旗舰店", "follower_count": 77560}}, {"aweme": {"aweme_id": "6852300362695576844", "aweme_title": "一不小心，小店出了二十万个单价，谢谢大家支持❤️#感谢官方@DOU+小助手", "aweme_url": "https://www.iesdouyin.com/share/video/6852300362695576844/?region=CN&mid=6852300402596367117&u_code=0&titleType=title", "download_url": "https://www.chanmama.com/awemeDetail/6852300362695576844", "digg_count": 1239, "digg_incr": 1219, "aweme_create_time": 1595425511, "category": 4, "volume": 73, "amount": 722.7}, "author": {"author_id": "553756134221603", "nickname": "小甜甜精选", "follower_count": 28810}}, {"aweme": {"aweme_id": "6852098422447541516", "aweme_title": "你的另一半喜欢你长发还是短发？#假发 #同城热门 #717奇妙好物在这里 #我要上推荐 @DOU+小助手", "aweme_url": "https://www.iesdouyin.com/share/video/6852098422447541516/?region=CN&mid=6592927467382508291&u_code=45a6gmj0h2h&titleType=title", "download_url": "https://www.chanmama.com/awemeDetail/6852098422447541516", "digg_count": 3996, "digg_incr": 1197, "aweme_create_time": 1595378501, "category": 4, "volume": 8, "amount": 704}, "author": {"author_id": "2576891486407453", "nickname": "婷子假发", "follower_count": 184348}}, {"aweme": {"aweme_id": "6852251910381063432", "aweme_title": "#超软超舒服#舒适透气养脚 #防滑耐磨底 #不累脚不急脚 #感谢抖音小助小手 #真皮女鞋 🔥", "aweme_url": "https://www.iesdouyin.com/share/video/6852251910381063432/?region=CN&mid=6799815481064246023&u_code=15099g2f9905&titleType=title", "download_url": "https://www.chanmama.com/awemeDetail/6852251910381063432", "digg_count": 1284, "digg_incr": 1191, "aweme_create_time": 1595414226, "category": 4, "volume": 57, "amount": 5073}, "author": {"author_id": "3737993270273486", "nickname": "维妮真皮女鞋", "follower_count": 49179}}, {"aweme": {"aweme_id": "6851965025616219407", "aweme_title": "#锦绣南歌 歌歌子的日常发型来啦，全真发 超简单 盘它", "aweme_url": "https://www.iesdouyin.com/share/video/6851965025616219407/?region=CN&mid=6851965002569108237&u_code=0&titleType=title", "download_url": "https://www.chanmama.com/awemeDetail/6851965025616219407", "digg_count": 1819, "digg_incr": 1185, "aweme_create_time": 1595347433, "category": 4, "volume": 1, "amount": 6}, "author": {"author_id": "58494634372", "nickname": "唐唐一小只", "follower_count": 201806}}, {"aweme": {"aweme_id": "6852154483821088015", "aweme_title": "多行善多积德。#禅语录 #打坐 #冥想 #星月菩提", "aweme_url": "https://www.iesdouyin.com/share/video/6852154483821088015/?region=CN&mid=6607643631719287566&u_code=2hfje4g0ac6b&titleType=title", "download_url": "https://www.chanmama.com/awemeDetail/6852154483821088015", "digg_count": 1955, "digg_incr": 1176, "aweme_create_time": 1595391541, "category": 4, "volume": 0, "amount": 0}, "author": {"author_id": "76220561272", "nickname": "妙如意", "follower_count": 31175}}, {"aweme": {"aweme_id": "6852202084578675968", "aweme_title": "你品，你细品#古镇沙雕娘们", "aweme_url": "https://www.iesdouyin.com/share/video/6852202084578675968/?region=CN&mid=6852202089591261959&u_code=43c903ch7lim&titleType=title", "download_url": "https://www.chanmama.com/awemeDetail/6852202084578675968", "digg_count": 1472, "digg_incr": 1175, "aweme_create_time": 1595402624, "category": 4, "volume": 0, "amount": 0}, "author": {"author_id": "91506406239", "nickname": "江沈洋", "follower_count": 57860}}, {"aweme": {"aweme_id": "6852124110575668493", "aweme_title": "爱如蝴蝶飞一共就32步四个方向跳，背面来了你们可以秀起来了！#广场舞 @抖音小助手", "aweme_url": "https://www.iesdouyin.com/share/video/6852124110575668493/?region=CN&mid=6851382992420408071&u_code=0&titleType=title", "download_url": "https://www.chanmama.com/awemeDetail/6852124110575668493", "digg_count": 1386, "digg_incr": 1159, "aweme_create_time": 1595384471, "category": 4, "volume": 0, "amount": 0}, "author": {"author_id": "67921977389", "nickname": "舞衣恋裳商贸部", "follower_count": 272175}}, {"aweme": {"aweme_id": "6852192199250087181", "aweme_title": "努力和上进，不是为了做给别人看，是为了不辜负自己，不辜负此生#抖音爸爸我要上热门 #连衣裙 @DOU+小助手", "aweme_url": "https://www.iesdouyin.com/share/video/6852192199250087181/?region=CN&mid=6852192215813393166&u_code=45a6gmj0h2h&titleType=title", "download_url": "https://www.chanmama.com/awemeDetail/6852192199250087181", "digg_count": 2309, "digg_incr": 1158, "aweme_create_time": 1595400324, "category": 4, "volume": 12, "amount": 828}, "author": {"author_id": "4019453393643966", "nickname": "宇儿轻奢穿搭", "follower_count": 82753}}, {"aweme": {"aweme_id": "6852265254085201165", "aweme_title": "耳线加新款式啦#很哇噻的女人", "aweme_url": "https://www.iesdouyin.com/share/video/6852265254085201165/?region=CN&mid=6852265276591835912&u_code=3kdem96968fl&titleType=title", "download_url": "https://www.chanmama.com/awemeDetail/6852265254085201165", "digg_count": 1207, "digg_incr": 1152, "aweme_create_time": 1595417332, "category": 4, "volume": 73, "amount": 1452.6999999999998}, "author": {"author_id": "61306797353", "nickname": "蜜芽严选", "follower_count": 655059}}, {"aweme": {"aweme_id": "6852217198337985807", "aweme_title": "#ihush 生完孩子有好几年没打扮过自己了，趁着孩子睡着了偷偷画个妆，原来我还有这么好看的一面", "aweme_url": "https://www.iesdouyin.com/share/video/6852217198337985807/?region=CN&mid=6707651007674845186&u_code=294bg9d7idcl&titleType=title", "download_url": "https://www.chanmama.com/awemeDetail/6852217198337985807", "digg_count": 1440, "digg_incr": 1151, "aweme_create_time": 1595406143, "category": 4, "volume": 0, "amount": 0}, "author": {"author_id": "90071137471", "nickname": "范丞丞女朋友", "follower_count": 86210}}, {"aweme": {"aweme_id": "6852054533615406351", "aweme_title": "我们都在猜测对方，是否会想自己，都在期待着对方先主动，于是我们各怀心事，渐行渐远……#女包 @DOU+小助手", "aweme_url": "https://www.iesdouyin.com/share/video/6852054533615406351/?region=CN&mid=6852054394091883271&u_code=0&titleType=title", "download_url": "https://www.chanmama.com/awemeDetail/6852054533615406351", "digg_count": 2591, "digg_incr": 1134, "aweme_create_time": 1595368282, "category": 4, "volume": 4, "amount": 792}, "author": {"author_id": "85580733974", "nickname": "株洲潮元素", "follower_count": 42775}}, {"aweme": {"aweme_id": "6852269612449500420", "aweme_title": "耳饰五对只需10.8，艾特你家闺蜜#耳饰 #闺蜜 #好物推荐 #平价 #直播 #网红饰品 #种草", "aweme_url": "https://www.iesdouyin.com/share/video/6852269612449500420/?region=CN&mid=6844102974784931854&u_code=1g184c0jjkh7&titleType=title", "download_url": "https://www.chanmama.com/awemeDetail/6852269612449500420", "digg_count": 1198, "digg_incr": 1126, "aweme_create_time": 1595418352, "category": 4, "volume": 1, "amount": 10.8}, "author": {"author_id": "2559297707585341", "nickname": "超甜好物集", "follower_count": 26045}}, {"aweme": {"aweme_id": "6852140237343231239", "aweme_title": "女人永远不要把情绪写在脸上，那样会让关心你的人难过，讨厌你的人笑话，把自己活成谜才是女人最高境界@抖音小助手", "aweme_url": "https://www.iesdouyin.com/share/video/6852140237343231239/?region=CN&mid=6652989890772437764&u_code=0&titleType=title", "download_url": "https://www.chanmama.com/awemeDetail/6852140237343231239", "digg_count": 1330, "digg_incr": 1112, "aweme_create_time": 1595388226, "category": 4, "volume": 0, "amount": 0}, "author": {"author_id": "100650611131", "nickname": "一路芬芳（小芳）", "follower_count": 198351}}, {"aweme": {"aweme_id": "6852058844403698951", "aweme_title": "丝垂飘逸淸凉一夏#d0u十抖音小助手@DOU+小助手", "aweme_url": "https://www.iesdouyin.com/share/video/6852058844403698951/?region=CN&mid=6742105706226256653&u_code=0&titleType=title", "download_url": "https://www.chanmama.com/awemeDetail/6852058844403698951", "digg_count": 1376, "digg_incr": 1080, "aweme_create_time": 1595369289, "category": 4, "volume": 159, "amount": 8121}, "author": {"author_id": "237137928141934", "nickname": "马红服装商行", "follower_count": 35991}}, {"aweme": {"aweme_id": "6852143258995412236", "aweme_title": "#福利 #粉丝 #学生 这个包包我手工做了整整三天，被针扎了2次 气哭1次！有缘热门见！@抖音星探家", "aweme_url": "https://www.iesdouyin.com/share/video/6852143258995412236/?region=CN&mid=6852143302867766029&u_code=0&titleType=title", "download_url": "https://www.chanmama.com/awemeDetail/6852143258995412236", "digg_count": 1370, "digg_incr": 1065, "aweme_create_time": 1595388937, "category": 4, "volume": 0, "amount": 0}, "author": {"author_id": "1855595298166371", "nickname": "赵美丽开箱", "follower_count": 406184}}, {"aweme": {"aweme_id": "6852258833302097152", "aweme_title": "镇店之宝，炒鸡爆款来袭#饰品 #项链#正在直播中请点头像进入", "aweme_url": "https://www.iesdouyin.com/share/video/6852258833302097152/?region=CN&mid=6852258838775646983&u_code=himlcidlj02&titleType=title", "download_url": "https://www.chanmama.com/awemeDetail/6852258833302097152", "digg_count": 1069, "digg_incr": 1061, "aweme_create_time": 1595415836, "category": 4, "volume": 84, "amount": 1663.2}, "author": {"author_id": "66402836646", "nickname": "白菜家", "follower_count": 141755}}, {"aweme": {"aweme_id": "6852210081241500940", "aweme_title": "时尚精致手提斜挎大容量包包，皮质柔软细腻，包身立体，同时容量在线#开箱 #包包 #我要上热门 #好物", "aweme_url": "https://www.iesdouyin.com/share/video/6852210081241500940/?region=CN&mid=6833506548744997645&u_code=43c903ch7lim&titleType=title", "download_url": "https://www.chanmama.com/awemeDetail/6852210081241500940", "digg_count": 1506, "digg_incr": 1054, "aweme_create_time": 1595404494, "category": 4, "volume": 14, "amount": 642.6}, "author": {"author_id": "782487148569932", "nickname": "Lisa的包", "follower_count": 208188}}, {"aweme": {"aweme_id": "6852100825590910219", "aweme_title": "小爱心项链 直播中#很哇噻的女人", "aweme_url": "https://www.iesdouyin.com/share/video/6852100825590910219/?region=CN&mid=6852100845096307463&u_code=3c271e3k78id&titleType=title", "download_url": "https://www.chanmama.com/awemeDetail/6852100825590910219", "digg_count": 1077, "digg_incr": 1054, "aweme_create_time": 1595379061, "category": 4, "volume": 230, "amount": 4577}, "author": {"author_id": "61306797353", "nickname": "蜜芽严选", "follower_count": 655059}}, {"aweme": {"aweme_id": "6852120417281330444", "aweme_title": "#爱情 #关系 史上最风流最强大的女皇帝叶卡捷琳娜二世（42）", "aweme_url": "https://www.iesdouyin.com/share/video/6852120417281330444/?region=CN&mid=6852120520385628942&u_code=0&titleType=title", "download_url": "https://www.chanmama.com/awemeDetail/6852120417281330444", "digg_count": 1156, "digg_incr": 1045, "aweme_create_time": 1595383619, "category": 4, "volume": 1, "amount": 78}, "author": {"author_id": "109040986801", "nickname": "梅说爱情故事", "follower_count": 435147}}, {"aweme": {"aweme_id": "6852214293421772046", "aweme_title": "#墨镜 一带，谁都不爱~ 这无处安放的魅力", "aweme_url": "https://www.iesdouyin.com/share/video/6852214293421772046/?region=CN&mid=6852214742950447886&u_code=0&titleType=title", "download_url": "https://www.chanmama.com/awemeDetail/6852214293421772046", "digg_count": 2070, "digg_incr": 1034, "aweme_create_time": 1595405568, "category": 4, "volume": 4, "amount": 119.60000000000002}, "author": {"author_id": "2541704928038175", "nickname": "景东东", "follower_count": 5434}}, {"aweme": {"aweme_id": "6852264003016740103", "aweme_title": "#bjyx 听说喜欢一个人会中毒！那么喜欢两个人是不是就毒入骨髓了？那个陈Sir可以拉我去给顾医生确定一下吗？", "aweme_url": "https://www.iesdouyin.com/share/video/6852264003016740103/?region=CN&mid=6848291871932861198&u_code=3ghh3kbgkj6b&titleType=title", "download_url": "https://www.chanmama.com/awemeDetail/6852264003016740103", "digg_count": 2140, "digg_incr": 1019, "aweme_create_time": 1595417042, "category": 4, "volume": 94, "amount": 2801.2000000000003}, "author": {"author_id": "111270818772", "nickname": "王奶膘✨的肖兔子🐰.", "follower_count": 22969}}, {"aweme": {"aweme_id": "6852249999091207437", "aweme_title": "每次要推一个单品，一定要看到工厂或者品牌主理人，对产品把控好才能长久。#雨哥家", "aweme_url": "https://www.iesdouyin.com/share/video/6852249999091207437/?region=CN&mid=6852250104615783182&u_code=107m7bg5i135&titleType=title", "download_url": "https://www.chanmama.com/awemeDetail/6852249999091207437", "digg_count": 3652, "digg_incr": 1010, "aweme_create_time": 1595413796, "category": 4, "volume": 0, "amount": 0}, "author": {"author_id": "92179474783", "nickname": "雨哥家", "follower_count": 476278}}, {"aweme": {"aweme_id": "6852285010074963208", "aweme_title": "手机党电脑党一定要有的防蓝光眼镜 #热门  @DOU+小助手  #防蓝光眼镜", "aweme_url": "https://www.iesdouyin.com/share/video/6852285010074963208/?region=CN&mid=6852285106070080264&u_code=0&titleType=title", "download_url": "https://www.chanmama.com/awemeDetail/6852285010074963208", "digg_count": 1024, "digg_incr": 1006, "aweme_create_time": 1595421951, "category": 4, "volume": 78, "amount": 3112.2}, "author": {"author_id": "3614823189323183", "nickname": "临清罗视眼镜有限公司", "follower_count": 0}}, {"aweme": {"aweme_id": "6852288786303438093", "aweme_title": "红白拼色设计，简约而不简单，容量也在线 还有两根肩带哦#女包 #平价 #包包搭配 #搭配 #我要上热门", "aweme_url": "https://www.iesdouyin.com/share/video/6852288786303438093/?region=CN&mid=6847901572018522887&u_code=0&titleType=title", "download_url": "https://www.chanmama.com/awemeDetail/6852288786303438093", "digg_count": 1062, "digg_incr": 1004, "aweme_create_time": 1595422811, "category": 4, "volume": 2, "amount": 95.8}, "author": {"author_id": "734096323517812", "nickname": "艾米兔", "follower_count": 289917}}, {"aweme": {"aweme_id": "6852245731730836736", "aweme_title": "超让人心动的蝴蝶结发夹～#少女心 #蝴蝶结发夹 #上热门", "aweme_url": "https://www.iesdouyin.com/share/video/6852245731730836736/?region=CN&mid=6852245743927937806&u_code=0&titleType=title", "download_url": "https://www.chanmama.com/awemeDetail/6852245731730836736", "digg_count": 1376, "digg_incr": 1004, "aweme_create_time": 1595412786, "category": 4, "volume": 1, "amount": 8.9}, "author": {"author_id": "1288252039378030", "nickname": "贫民窟女孩好物", "follower_count": 520274}}, {"aweme": {"aweme_id": "6852184603873086720", "aweme_title": "投可短  雪可流  发型绝不能乱  碎发神器来了  出门游玩必备#我要上热门", "aweme_url": "https://www.iesdouyin.com/share/video/6852184603873086720/?region=CN&mid=6848436762310608910&u_code=2d09bm826f2l&titleType=title", "download_url": "https://www.chanmama.com/awemeDetail/6852184603873086720", "digg_count": 1002, "digg_incr": 1003, "aweme_create_time": 1595398554, "category": 4, "volume": 403, "amount": 3989.7000000000003}, "author": {"author_id": "60261884128", "nickname": "年麻严选", "follower_count": 71944}}, {"aweme": {"aweme_id": "6852061633141804288", "aweme_title": "姐妹们，防晒披肩穿起来！点头像正在直播👉", "aweme_url": "https://www.iesdouyin.com/share/video/6852061633141804288/?region=CN&mid=6852061504234179336&u_code=1dbh7c3hig57&titleType=title", "download_url": "https://www.chanmama.com/awemeDetail/6852061633141804288", "digg_count": 2068, "digg_incr": 1001, "aweme_create_time": 1595369930, "category": 4, "volume": 107, "amount": 5283}, "author": {"author_id": "1578532566736478", "nickname": "常熟市语曦服饰商行", "follower_count": 165572}}, {"aweme": {"aweme_id": "6852120223017979147", "aweme_title": "加一个丝巾搭配，立马气质提升N个度 # 丝巾搭配@DOU+小助手", "aweme_url": "https://www.iesdouyin.com/share/video/6852120223017979147/?region=CN&mid=6852120373148830471&u_code=0&titleType=title", "download_url": "https://www.chanmama.com/awemeDetail/6852120223017979147", "digg_count": 2429, "digg_incr": 985, "aweme_create_time": 1595390820, "category": 4, "volume": 97, "amount": 6693}, "author": {"author_id": "84468679395", "nickname": "小呆家衣橱", "follower_count": 63010}}, {"aweme": {"aweme_id": "6852229613620333836", "aweme_title": "阿姨家鞋子真的很不错，一双不到20米，你们还在犹豫什么？#七天无理由退换 #我要上热门 #好物推荐 #男鞋", "aweme_url": "https://www.iesdouyin.com/share/video/6852229613620333836/?region=CN&mid=6852229653462076173&u_code=2g9cfffeefe2&titleType=title", "download_url": "https://www.chanmama.com/awemeDetail/6852229613620333836", "digg_count": 1606, "digg_incr": 981, "aweme_create_time": 1595409041, "category": 4, "volume": 40, "amount": 3160}, "author": {"author_id": "3861120751512727", "nickname": "马哥鞋工厂", "follower_count": 34285}}, {"aweme": {"aweme_id": "6852142656882052365", "aweme_title": "#生肖 佩戴十二生肖吊坠 福旺财旺运势旺", "aweme_url": "https://www.iesdouyin.com/share/video/6852142656882052365/?region=CN&mid=6779069012354533378&u_code=0&titleType=title", "download_url": "https://www.chanmama.com/awemeDetail/6852142656882052365", "digg_count": 1229, "digg_incr": 980, "aweme_create_time": 1595388789, "category": 4, "volume": 0, "amount": 0}, "author": {"author_id": "923209047474607", "nickname": "梵鑫漫媞567", "follower_count": 308175}}, {"aweme": {"aweme_id": "6852244289586531584", "aweme_title": "不喜欢我你喜欢什么 喜之郎么？", "aweme_url": "https://www.iesdouyin.com/share/video/6852244289586531584/?region=CN&mid=6852244306875435789&u_code=0&titleType=title", "download_url": "https://www.chanmama.com/awemeDetail/6852244289586531584", "digg_count": 1202, "digg_incr": 977, "aweme_create_time": 1595412451, "category": 4, "volume": 0, "amount": 0}, "author": {"author_id": "4094213393746556", "nickname": "七囍带汽", "follower_count": 214303}}, {"aweme": {"aweme_id": "6852258278701944064", "aweme_title": "喜欢它转动的样子，你读懂了什么？#砍价 #这个视频有点料", "aweme_url": "https://www.iesdouyin.com/share/video/6852258278701944064/?region=CN&mid=6852258295680387847&u_code=0&titleType=title", "download_url": "https://www.chanmama.com/awemeDetail/6852258278701944064", "digg_count": 1999, "digg_incr": 970, "aweme_create_time": 1595415708, "category": 4, "volume": 6, "amount": 168}, "author": {"author_id": "817627917474503", "nickname": "荔尚珠宝", "follower_count": 163622}}, {"aweme": {"aweme_id": "6852155777273171214", "aweme_title": "快快快扶我起来", "aweme_url": "https://www.iesdouyin.com/share/video/6852155777273171214/?region=CN&mid=6852155783468059406&u_code=0&titleType=title", "download_url": "https://www.chanmama.com/awemeDetail/6852155777273171214", "digg_count": 2139, "digg_incr": 962, "aweme_create_time": 1595391844, "category": 4, "volume": 1, "amount": 159.9}, "author": {"author_id": "72906075044", "nickname": "何必须✨", "follower_count": 106362}}, {"aweme": {"aweme_id": "6852130451176328456", "aweme_title": "去哪不重要，重要的是去呀。@抖音小助手", "aweme_url": "https://www.iesdouyin.com/share/video/6852130451176328456/?region=CN&mid=6729790133257702158&u_code=0&titleType=title", "download_url": "https://www.chanmama.com/awemeDetail/6852130451176328456", "digg_count": 1075, "digg_incr": 950, "aweme_create_time": 1595385947, "category": 4, "volume": 1, "amount": 140}, "author": {"author_id": "81303669786", "nickname": "钱有有的服装店", "follower_count": 110633}}, {"aweme": {"aweme_id": "6852138488825974023", "aweme_title": "留三分贪财好色 以防与世俗格格不入", "aweme_url": "https://www.iesdouyin.com/share/video/6852138488825974023/?region=CN&mid=6852138489421597453&u_code=0&titleType=title", "download_url": "https://www.chanmama.com/awemeDetail/6852138488825974023", "digg_count": 2379, "digg_incr": 901, "aweme_create_time": 1595387819, "category": 4, "volume": 2, "amount": 256}, "author": {"author_id": "104734974704", "nickname": "哈纳女鞋", "follower_count": 129601}}, {"aweme": {"aweme_id": "6852216134427577611", "aweme_title": "每个人的作品里，不一定写的是自己的真实生活和情感经历，但一定藏着ta的生活态度，人生品味，以及心之所向和所愿！", "aweme_url": "https://www.iesdouyin.com/share/video/6852216134427577611/?region=CN&mid=6813523831529966350&u_code=m1f8lj1egl3&titleType=title", "download_url": "https://www.chanmama.com/awemeDetail/6852216134427577611", "digg_count": 1112, "digg_incr": 886, "aweme_create_time": 1595405903, "category": 4, "volume": 0, "amount": 0}, "author": {"author_id": "95131831693", "nickname": "珍惜拥有鞋业", "follower_count": 78947}}, {"aweme": {"aweme_id": "6852120525494390016", "aweme_title": "都说纯手工超贵根本买不起？一个手镯要做几天时间，卖几百块真的贵吗？#手镯 #纯银", "aweme_url": "https://www.iesdouyin.com/share/video/6852120525494390016/?region=CN&mid=6852120527427898125&u_code=0&titleType=title", "download_url": "https://www.chanmama.com/awemeDetail/6852120525494390016", "digg_count": 1371, "digg_incr": 873, "aweme_create_time": 1595383635, "category": 4, "volume": 0, "amount": 0}, "author": {"author_id": "2475732967365027", "nickname": "苗族银饰大师(奇人匠心)", "follower_count": 142496}}, {"aweme": {"aweme_id": "6852280390338563336", "aweme_title": "老铁们，医院啥都挺好，就是WIFE有点慢，勿念#球鞋 #修鞋", "aweme_url": "https://www.iesdouyin.com/share/video/6852280390338563336/?region=CN&mid=6852280490897246990&u_code=4dgib6jc31hc&titleType=title", "download_url": "https://www.chanmama.com/awemeDetail/6852280390338563336", "digg_count": 1021, "digg_incr": 871, "aweme_create_time": 1595420876, "category": 4, "volume": 9, "amount": 531}, "author": {"author_id": "111629750619", "nickname": "红勤修鞋服务部", "follower_count": 65109}}, {"aweme": {"aweme_id": "6852156494482377998", "aweme_title": "抖音是个公众平台，我们每个人都有资格用抖音记录生活，不喜欢的可以划过？不需要你用语言来攻击谁，金钱是身外之物啊", "aweme_url": "https://www.iesdouyin.com/share/video/6852156494482377998/?region=CN&mid=6846865411733113608&u_code=2hfje4g0ac6b&titleType=title", "download_url": "https://www.chanmama.com/awemeDetail/6852156494482377998", "digg_count": 1305, "digg_incr": 849, "aweme_create_time": 1595392011, "category": 4, "volume": 0, "amount": 0}, "author": {"author_id": "76546908276", "nickname": "汪怀英红木家具", "follower_count": 95939}}, {"aweme": {"aweme_id": "6852302357238189320", "aweme_title": "稀有磷灰石手链来工厂拿货!  @DOU+小助手   #磷灰石手链", "aweme_url": "https://www.iesdouyin.com/share/video/6852302357238189320/?region=CN&mid=6852302548888800008&u_code=0&titleType=title", "download_url": "https://www.chanmama.com/awemeDetail/6852302357238189320", "digg_count": 1113, "digg_incr": 845, "aweme_create_time": 1595425999, "category": 4, "volume": 0, "amount": 0}, "author": {"author_id": "84867972352", "nickname": "宝石专家", "follower_count": 838439}}, {"aweme": {"aweme_id": "6852159160105127168", "aweme_title": "把期望降低，把依赖变少，会过的更好 #烟管裤", "aweme_url": "https://www.iesdouyin.com/share/video/6852159160105127168/?region=CN&mid=6852159149464881927&u_code=2jifj950a93b&titleType=title", "download_url": "https://www.chanmama.com/awemeDetail/6852159160105127168", "digg_count": 1185, "digg_incr": 842, "aweme_create_time": 1595392630, "category": 4, "volume": 82, "amount": 4510}, "author": {"author_id": "1165107050329511", "nickname": "徐静家好物推荐", "follower_count": 33555}}, {"aweme": {"aweme_id": "6852301625160224015", "aweme_title": "小熊系列#少女心 #饰品 @抖音小助手", "aweme_url": "https://www.iesdouyin.com/share/video/6852301625160224015/?region=CN&mid=6852301623186672398&u_code=1g184c0jjkh7&titleType=title", "download_url": "https://www.chanmama.com/awemeDetail/6852301625160224015", "digg_count": 1321, "digg_incr": 840, "aweme_create_time": 1595425800, "category": 4, "volume": 0, "amount": 0}, "author": {"author_id": "2405334169694675", "nickname": "少女心手册", "follower_count": 82579}}, {"aweme": {"aweme_id": "6852239138138115336", "aweme_title": "#广场舞基本步 #简单四步 #口令教学 #练习后卡", "aweme_url": "https://www.iesdouyin.com/share/video/6852239138138115336/?region=CN&mid=6852239153120283400&u_code=0&titleType=title", "download_url": "https://www.chanmama.com/awemeDetail/6852239138138115336", "digg_count": 1184, "digg_incr": 835, "aweme_create_time": 1595411252, "category": 4, "volume": 0, "amount": 0}, "author": {"author_id": "95184975291", "nickname": "香香曳舞翠翠898", "follower_count": 195909}}, {"aweme": {"aweme_id": "6852290224953789704", "aweme_title": "夏天穿裙子不戴项链，是没有灵魂的#时尚穿搭 #搭配技巧 #抖音小助手 #热门", "aweme_url": "https://www.iesdouyin.com/share/video/6852290224953789704/?region=CN&mid=6852290234744982279&u_code=46bhc2bfca1h&titleType=title", "download_url": "https://www.chanmama.com/awemeDetail/6852290224953789704", "digg_count": 1004, "digg_incr": 822, "aweme_create_time": 1595423146, "category": 4, "volume": 0, "amount": 0}, "author": {"author_id": "98211914848", "nickname": "扶绥一间指尖坊银饰", "follower_count": 220271}}, {"aweme": {"aweme_id": "6852052427168910599", "aweme_title": "见到好看的小姐姐，总忍不住多看两眼@晓晓Niko @WEN🌈  #蜀都街拍", "aweme_url": "https://www.iesdouyin.com/share/video/6852052427168910599/?region=CN&mid=6852052413994978061&u_code=0&titleType=title", "download_url": "https://www.chanmama.com/awemeDetail/6852052427168910599", "digg_count": 1130, "digg_incr": 814, "aweme_create_time": 1595390400, "category": 4, "volume": 1, "amount": 94}, "author": {"author_id": "641712275601504", "nickname": "蜀美人", "follower_count": 147064}}, {"aweme": {"aweme_id": "6852251781263592716", "aweme_title": "从来没见过这么嘴硬的鸭子#复读鸭", "aweme_url": "https://www.iesdouyin.com/share/video/6852251781263592716/?region=CN&mid=6852251823902935816&u_code=0&titleType=title", "download_url": "https://www.chanmama.com/awemeDetail/6852251781263592716", "digg_count": 1289, "digg_incr": 808, "aweme_create_time": 1595414202, "category": 4, "volume": 0, "amount": 0}, "author": {"author_id": "707706395039428", "nickname": "猛男大测评", "follower_count": 517988}}, {"aweme": {"aweme_id": "6852295968864341259", "aweme_title": "当你一直喝同一款奶茶总有一天会腻！外表只能决定是否在一起，而内在才能决定是否走得长远#内在 @DOU+小助手", "aweme_url": "https://www.iesdouyin.com/share/video/6852295968864341259/?region=CN&mid=6799799845969267469&u_code=43c903ch7lim&titleType=title", "download_url": "https://www.chanmama.com/awemeDetail/6852295968864341259", "digg_count": 1257, "digg_incr": 786, "aweme_create_time": 1595424488, "category": 4, "volume": 5, "amount": 114}, "author": {"author_id": "3087056463732471", "nickname": "钟奕黎", "follower_count": 77756}}, {"aweme": {"aweme_id": "6852268252219952397", "aweme_title": "#休闲服饰 #棉麻女装 #中老年女装 #大码女装 #青菜拼车拼拼拼", "aweme_url": "https://www.iesdouyin.com/share/video/6852268252219952397/?region=CN&mid=6852268274999429901&u_code=491891bc2002&titleType=title", "download_url": "https://www.chanmama.com/awemeDetail/6852268252219952397", "digg_count": 1789, "digg_incr": 737, "aweme_create_time": 1595418031, "category": 4, "volume": 0, "amount": 0}, "author": {"author_id": "97522018577", "nickname": "添衣棉麻服饰", "follower_count": 987728}}, {"aweme": {"aweme_id": "6852229032843562253", "aweme_title": "凹造型 洗脸的时候都能用 好看又实用#发箍 #看我放大大大招 @抖音小助手", "aweme_url": "https://www.iesdouyin.com/share/video/6852229032843562253/?region=CN&mid=6852229052942994184&u_code=0&titleType=title", "download_url": "https://www.chanmama.com/awemeDetail/6852229032843562253", "digg_count": 1052, "digg_incr": 735, "aweme_create_time": 1595408900, "category": 4, "volume": 0, "amount": 0}, "author": {"author_id": "3575255576347228", "nickname": "女生知识", "follower_count": 942816}}, {"aweme": {"aweme_id": "6852148664232676621", "aweme_title": "老板发话咯！赶紧的哦...正在#直播 #拉杆箱 #出门必备", "aweme_url": "https://www.iesdouyin.com/share/video/6852148664232676621/?region=CN&mid=6852148677122034439&u_code=11e65medbjaf&titleType=title", "download_url": "https://www.chanmama.com/awemeDetail/6852148664232676621", "digg_count": 1220, "digg_incr": 720, "aweme_create_time": 1595390188, "category": 4, "volume": 14, "amount": 490}, "author": {"author_id": "96754231378", "nickname": "勇哥电子商务", "follower_count": 42809}}, {"aweme": {"aweme_id": "6852156496973778191", "aweme_title": "远方的朋友只能顺丰到家了！广东5斤装200元包邮，外省230包邮，欢迎下单！", "aweme_url": "https://www.iesdouyin.com/share/video/6852156496973778191/?region=CN&mid=6845243742296050439&u_code=0&titleType=title", "download_url": "https://www.chanmama.com/awemeDetail/6852156496973778191", "digg_count": 1309, "digg_incr": 703, "aweme_create_time": 1595392010, "category": 4, "volume": 0, "amount": 0}, "author": {"author_id": "73586715742", "nickname": "冯氏珍禽养殖场", "follower_count": 336572}}, {"aweme": {"aweme_id": "6852149860032990477", "aweme_title": "#抖音小助手 #直播中 #直播有好货 #档口实拍 #围巾系法 又一波福利来了！、小助理急了！", "aweme_url": "https://www.iesdouyin.com/share/video/6852149860032990477/?region=CN&mid=6852149874171906830&u_code=40d0b0j1ie4m&titleType=title", "download_url": "https://www.chanmama.com/awemeDetail/6852149860032990477", "digg_count": 1677, "digg_incr": 692, "aweme_create_time": 1595390466, "category": 4, "volume": 12, "amount": 238.68}, "author": {"author_id": "101874884784", "nickname": "億木子王老大", "follower_count": 65967}}, {"aweme": {"aweme_id": "6852230469929471232", "aweme_title": "女强人的礼物", "aweme_url": "https://www.iesdouyin.com/share/video/6852230469929471232/?region=CN&mid=6852230491244907271&u_code=0&titleType=title", "download_url": "https://www.chanmama.com/awemeDetail/6852230469929471232", "digg_count": 1266, "digg_incr": 684, "aweme_create_time": 1595409233, "category": 4, "volume": 0, "amount": 0}, "author": {"author_id": "66353374795", "nickname": "山东省夏天银饰工作室", "follower_count": 903415}}, {"aweme": {"aweme_id": "6852262371235302670", "aweme_title": "网红#小白鞋  增高显瘦  质量好便宜又舒服#爆款来袭 #好物分享 @DOU+小助手", "aweme_url": "https://www.iesdouyin.com/share/video/6852262371235302670/?region=CN&mid=6852262399736187655&u_code=0&titleType=title", "download_url": "https://www.chanmama.com/awemeDetail/6852262371235302670", "digg_count": 15995, "digg_incr": 681, "aweme_create_time": 1595416661, "category": 4, "volume": 5, "amount": 199.5}, "author": {"author_id": "206359681567102", "nickname": "卡美拉女鞋", "follower_count": 575952}}]}