{"data": [{"aweme": {"aweme_id": "6852229789269462272", "aweme_title": "我愿意一生为你追寻#艺术 #马蒂尼油画棒 #梦境油画棒", "aweme_url": "https://www.iesdouyin.com/share/video/6852229789269462272/?region=CN&mid=6845591148816354055&u_code=26534da41dj7&titleType=title", "download_url": "https://www.chanmama.com/awemeDetail/6852229789269462272", "digg_count": 153536, "digg_incr": 62719, "aweme_create_time": 1595409075, "category": 5, "volume": 19, "amount": 380}, "author": {"author_id": "85515536813", "nickname": "泽瑞", "follower_count": 50183}}, {"aweme": {"aweme_id": "6852118755049213191", "aweme_title": "十个牛津梳，二百支棉签，一个盘发器，一个按摩梳，9块9包由浮力#语音互动 #717奇妙好物在这里 #义乌", "aweme_url": "https://www.iesdouyin.com/share/video/6852118755049213191/?region=CN&mid=6852118748208777997&u_code=461mk57lm7gh&titleType=title", "download_url": "https://www.chanmama.com/awemeDetail/6852118755049213191", "digg_count": 34163, "digg_incr": 34350, "aweme_create_time": 1595383224, "category": 5, "volume": 1409, "amount": 13949.1}, "author": {"author_id": "103996993813", "nickname": "小笨闯义乌", "follower_count": 196838}}, {"aweme": {"aweme_id": "6852120032500043023", "aweme_title": "磕着眼睛了，妈妈很心疼你！没办法你要学会独立，才能生存，以后的路终究你要自己走下去@抖音小助手", "aweme_url": "https://www.iesdouyin.com/share/video/6852120032500043023/?region=CN&mid=6737619073745898253&u_code=0&titleType=title", "download_url": "https://www.chanmama.com/awemeDetail/6852120032500043023", "digg_count": 21587, "digg_incr": 21461, "aweme_create_time": 1595383540, "category": 5, "volume": 4, "amount": 119.6}, "author": {"author_id": "958399549812238", "nickname": "涵@姐弟加油", "follower_count": 102927}}, {"aweme": {"aweme_id": "6852147435716824334", "aweme_title": "简单的事情重复做，会出现什么结局？#手工皂 #解压 @抖音小助手", "aweme_url": "https://www.iesdouyin.com/share/video/6852147435716824334/?region=CN&mid=6852147467149003534&u_code=20g3ifb1immj&titleType=title", "download_url": "https://www.chanmama.com/awemeDetail/6852147435716824334", "digg_count": 85535, "digg_incr": 21270, "aweme_create_time": 1595389902, "category": 5, "volume": 45, "amount": 2475}, "author": {"author_id": "945229166558766", "nickname": "杨雯心皂集", "follower_count": 602330}}, {"aweme": {"aweme_id": "6852166596127902976", "aweme_title": "#流体画 #流体画艺术#流体达人 一切加油。", "aweme_url": "https://www.iesdouyin.com/share/video/6852166596127902976/?region=CN&mid=6643674187422501646&u_code=0&titleType=title", "download_url": "https://www.chanmama.com/awemeDetail/6852166596127902976", "digg_count": 42748, "digg_incr": 20575, "aweme_create_time": 1595394361, "category": 5, "volume": 19, "amount": 144.4}, "author": {"author_id": "60187678854", "nickname": "走召哥哥教流体画", "follower_count": 125648}}, {"aweme": {"aweme_id": "6852227349690305804", "aweme_title": "耐高温易清洗砂锅～十几一个入股不亏", "aweme_url": "https://www.iesdouyin.com/share/video/6852227349690305804/?region=CN&mid=6852227397576608520&u_code=45a6gmj0h2h&titleType=title", "download_url": "https://www.chanmama.com/awemeDetail/6852227349690305804", "digg_count": 19015, "digg_incr": 19467, "aweme_create_time": 1595408515, "category": 5, "volume": 120, "amount": 1788}, "author": {"author_id": "166764939319960", "nickname": "老李严选", "follower_count": 34304}}, {"aweme": {"aweme_id": "6852007416494640397", "aweme_title": "高级色系的玻璃水杯 #好物推存 @DOU+小助手", "aweme_url": "https://www.iesdouyin.com/share/video/6852007416494640397/?region=CN&mid=6852012137443838727&u_code=2m86gb07je92&titleType=title", "download_url": "https://www.chanmama.com/awemeDetail/6852007416494640397", "digg_count": 17226, "digg_incr": 17211, "aweme_create_time": 1595372880, "category": 5, "volume": 153, "amount": 1514.7}, "author": {"author_id": "993582363980109", "nickname": "英子严选", "follower_count": 261161}}, {"aweme": {"aweme_id": "6852106811680607503", "aweme_title": "世间美好事物很多，一壶茶一段情，学会珍惜与付出～", "aweme_url": "https://www.iesdouyin.com/share/video/6852106811680607503/?region=CN&mid=6852106856001751816&u_code=0&titleType=title", "download_url": "https://www.chanmama.com/awemeDetail/6852106811680607503", "digg_count": 41141, "digg_incr": 15303, "aweme_create_time": 1595380443, "category": 5, "volume": 0, "amount": 0}, "author": {"author_id": "108728829829", "nickname": "世纪茶具", "follower_count": 108599}}, {"aweme": {"aweme_id": "6852236994257407240", "aweme_title": "转一转，龙凤呈祥，品，细品！", "aweme_url": "https://www.iesdouyin.com/share/video/6852236994257407240/?region=CN&mid=6830727341892045581&u_code=16gb026gj642&titleType=title", "download_url": "https://www.chanmama.com/awemeDetail/6852236994257407240", "digg_count": 12025, "digg_incr": 11824, "aweme_create_time": 1595410762, "category": 5, "volume": 0, "amount": 0}, "author": {"author_id": "1239876974951355", "nickname": "德化太豪陶瓷有限公司", "follower_count": 142344}}, {"aweme": {"aweme_id": "6852314519755181327", "aweme_title": "历史上最完美的男人之一！", "aweme_url": "https://www.iesdouyin.com/share/video/6852314519755181327/?region=CN&mid=6828494416253782791&u_code=45a6gmj0h2h&titleType=title", "download_url": "https://www.chanmama.com/awemeDetail/6852314519755181327", "digg_count": 19304, "digg_incr": 10855, "aweme_create_time": 1595428803, "category": 5, "volume": 0, "amount": 0}, "author": {"author_id": "63526724161", "nickname": "草沐灰", "follower_count": 25573}}, {"aweme": {"aweme_id": "6852235033139285255", "aweme_title": "这样的棕垫现在居然还在卖？ @老爸评测  #甲醛棕垫", "aweme_url": "https://www.iesdouyin.com/share/video/6852235033139285255/?region=CN&mid=6852235134725671687&u_code=0&titleType=title", "download_url": "https://www.chanmama.com/awemeDetail/6852235033139285255", "digg_count": 10632, "digg_incr": 8373, "aweme_create_time": 1595410314, "category": 5, "volume": 0, "amount": 0}, "author": {"author_id": "62355179193", "nickname": "老爸享测", "follower_count": 122064}}, {"aweme": {"aweme_id": "6852229938737630472", "aweme_title": "十把牛筋梳，二百支棉签，两个盘发器，一个按摩梳，9块9包由#717奇妙好物在这里 #语音互动 #义乌 #梳子", "aweme_url": "https://www.iesdouyin.com/share/video/6852229938737630472/?region=CN&mid=6852229954072300301&u_code=22e1cb86ckf&titleType=title", "download_url": "https://www.chanmama.com/awemeDetail/6852229938737630472", "digg_count": 7255, "digg_incr": 7118, "aweme_create_time": 1595409111, "category": 5, "volume": 0, "amount": 0}, "author": {"author_id": "103996993813", "nickname": "小笨闯义乌", "follower_count": 196838}}, {"aweme": {"aweme_id": "6852157045076937998", "aweme_title": "常用的放前面，不常用的放后面，镜子后面还能放，容量惊了！带灯化妆更美啦！#收纳 #717奇妙好物在这里", "aweme_url": "https://www.iesdouyin.com/share/video/6852157045076937998/?region=CN&mid=6829492432447523591&u_code=0&titleType=title", "download_url": "https://www.chanmama.com/awemeDetail/6852157045076937998", "digg_count": 25946, "digg_incr": 6061, "aweme_create_time": 1595392139, "category": 5, "volume": 2, "amount": 158}, "author": {"author_id": "66523103620", "nickname": "Miko的小生活", "follower_count": 39301}}, {"aweme": {"aweme_id": "6852126207048273164", "aweme_title": "证件照编发#编发 #今日发型 #编发教程", "aweme_url": "https://www.iesdouyin.com/share/video/6852126207048273164/?region=CN&mid=6843607089181362177&u_code=45a6gmj0h2h&titleType=title", "download_url": "https://www.chanmama.com/awemeDetail/6852126207048273164", "digg_count": 13917, "digg_incr": 5872, "aweme_create_time": 1595384967, "category": 5, "volume": 6, "amount": 179.39999999999998}, "author": {"author_id": "3689568391401564", "nickname": "静静哎", "follower_count": 436709}}, {"aweme": {"aweme_id": "6852219156859751680", "aweme_title": "打嗝都是水蜜桃味儿der口腔喷雾，呼吸一口仙气～#海草计划", "aweme_url": "https://www.iesdouyin.com/share/video/6852219156859751680/?region=CN&mid=6852219199386143495&u_code=1a2e3igh6db5&titleType=title", "download_url": "https://www.chanmama.com/awemeDetail/6852219156859751680", "digg_count": 7734, "digg_incr": 5820, "aweme_create_time": 1595410039, "category": 5, "volume": 0, "amount": 0}, "author": {"author_id": "98194561103", "nickname": "奈奈Nikii", "follower_count": 866358}}, {"aweme": {"aweme_id": "6852231825335586062", "aweme_title": "㊗一帆风顺#好运@抖音小助手", "aweme_url": "https://www.iesdouyin.com/share/video/6852231825335586062/?region=CN&mid=6696389909613136653&u_code=45a6gmj0h2h&titleType=title", "download_url": "https://www.chanmama.com/awemeDetail/6852231825335586062", "digg_count": 11108, "digg_incr": 4796, "aweme_create_time": 1595409550, "category": 5, "volume": 0, "amount": 0}, "author": {"author_id": "59220513895", "nickname": "军令如山💖写字", "follower_count": 351607}}, {"aweme": {"aweme_id": "6852094778817907980", "aweme_title": "用纸大户看过来，我终于等到活冻了💰19.9一大提，还是保湿纸特柔软，太赞了👍#可心柔纸巾", "aweme_url": "https://www.iesdouyin.com/share/video/6852094778817907980/?region=CN&mid=6836723177658255368&u_code=0&titleType=title", "download_url": "https://www.chanmama.com/awemeDetail/6852094778817907980", "digg_count": 9109, "digg_incr": 4726, "aweme_create_time": 1595377653, "category": 5, "volume": 942, "amount": 18745.8}, "author": {"author_id": "64251813642", "nickname": "龙凤胎🌸贝贝", "follower_count": 87905}}, {"aweme": {"aweme_id": "6852242386337156360", "aweme_title": "下雨天出门的秘密武器居然是这个？我感觉自己是雨中贵族！ #雨伞   #下雨天", "aweme_url": "https://www.iesdouyin.com/share/video/6852242386337156360/?region=CN&mid=6852242459876182791&u_code=0&titleType=title", "download_url": "https://www.chanmama.com/awemeDetail/6852242386337156360", "digg_count": 14696, "digg_incr": 4621, "aweme_create_time": 1595412019, "category": 5, "volume": 4, "amount": 111.6}, "author": {"author_id": "76874936305", "nickname": "小鹿就酱", "follower_count": 832407}}, {"aweme": {"aweme_id": "6852086065340124427", "aweme_title": "#抖音正能量传播 #手机剪辑 #科瑞哥#热门 @抖音小助手 色狼遇上武功妹", "aweme_url": "https://www.iesdouyin.com/share/video/6852086065340124427/?region=CN&mid=6852086096923233037&u_code=0&titleType=title", "download_url": "https://www.chanmama.com/awemeDetail/6852086065340124427", "digg_count": 8116, "digg_incr": 4534, "aweme_create_time": 1595375628, "category": 5, "volume": 0, "amount": 0}, "author": {"author_id": "3320150880951864", "nickname": "科瑞哥", "follower_count": 118043}}, {"aweme": {"aweme_id": "6852254109463039240", "aweme_title": "我喜欢你♡", "aweme_url": "https://www.iesdouyin.com/share/video/6852254109463039240/?region=CN&mid=6758703981725600519&u_code=0&titleType=title", "download_url": "https://www.chanmama.com/awemeDetail/6852254109463039240", "digg_count": 8540, "digg_incr": 4527, "aweme_create_time": 1595414738, "category": 5, "volume": 2, "amount": 25.6}, "author": {"author_id": "975975670875198", "nickname": "英小文", "follower_count": 820656}}, {"aweme": {"aweme_id": "6852144670584179975", "aweme_title": "宝宝第一口水果蛋羹这样做，香甜软嫩入口即化，便秘宝宝可以多吃，可爱的卡通造型也会给宝宝增加食欲哦#宝宝辅食", "aweme_url": "https://www.iesdouyin.com/share/video/6852144670584179975/?region=CN&mid=6755667560164771841&u_code=0&titleType=title", "download_url": "https://www.chanmama.com/awemeDetail/6852144670584179975", "digg_count": 8006, "digg_incr": 4434, "aweme_create_time": 1595389258, "category": 5, "volume": 25, "amount": 997.5}, "author": {"author_id": "93339754087", "nickname": "小小杨妈咪", "follower_count": 294303}}, {"aweme": {"aweme_id": "6852211829834403084", "aweme_title": "你好，请给我开一下门", "aweme_url": "https://www.iesdouyin.com/share/video/6852211829834403084/?region=CN&mid=6834636782206716680&u_code=22e1cb86ckf&titleType=title", "download_url": "https://www.chanmama.com/awemeDetail/6852211829834403084", "digg_count": 5282, "digg_incr": 4194, "aweme_create_time": 1595404902, "category": 5, "volume": 0, "amount": 0}, "author": {"author_id": "4503659405701644", "nickname": "四个孩子的全职妈妈", "follower_count": 559557}}, {"aweme": {"aweme_id": "6852164673450642702", "aweme_title": "@阔喵🐱狂躁开箱发了一个抖音短视频，你尽管点开，不好看算我输！", "aweme_url": "https://www.iesdouyin.com/share/video/6852164673450642702/?region=CN&mid=6852164694392752904&u_code=45a6gmj0h2h&titleType=", "download_url": "https://www.chanmama.com/awemeDetail/6852164673450642702", "digg_count": 5265, "digg_incr": 4012, "aweme_create_time": 1595393915, "category": 5, "volume": 41, "amount": 1143.8999999999999}, "author": {"author_id": "103378630943", "nickname": "阔喵🐱狂躁开箱", "follower_count": 689942}}, {"aweme": {"aweme_id": "6852183475622038791", "aweme_title": "愿相爱的人都有未来，我爱你不问归期。#热门音乐 @DOU+小助手", "aweme_url": "https://www.iesdouyin.com/share/video/6852183475622038791/?region=CN&mid=6852183579024608014&u_code=0&titleType=title", "download_url": "https://www.chanmama.com/awemeDetail/6852183475622038791", "digg_count": 3882, "digg_incr": 3894, "aweme_create_time": 1595398315, "category": 5, "volume": 181, "amount": 1791.9}, "author": {"author_id": "2106307447631960", "nickname": "唐贝餐具", "follower_count": 321033}}, {"aweme": {"aweme_id": "6852132297760574724", "aweme_title": "婚前：哪里有男的洗衣服的🥰婚后：哪里有男的不洗衣服的😭", "aweme_url": "https://www.iesdouyin.com/share/video/6852132297760574724/?region=CN&mid=6851791437923732231&u_code=e9jhk7ac0k1&titleType=title", "download_url": "https://www.chanmama.com/awemeDetail/6852132297760574724", "digg_count": 6065, "digg_incr": 3659, "aweme_create_time": 1595386383, "category": 5, "volume": 0, "amount": 0}, "author": {"author_id": "98748058749", "nickname": "火哥", "follower_count": 985453}}, {"aweme": {"aweme_id": "6852307784017415427", "aweme_title": "60秒，带你认识中国  #中国 #涨知识", "aweme_url": "https://www.iesdouyin.com/share/video/6852307784017415427/?region=CN&mid=6826902170303367944&u_code=0&titleType=title", "download_url": "https://www.chanmama.com/awemeDetail/6852307784017415427", "digg_count": 13547, "digg_incr": 3620, "aweme_create_time": 1595427241, "category": 5, "volume": 0, "amount": 0}, "author": {"author_id": "3689566242607912", "nickname": "抚沐", "follower_count": 793562}}, {"aweme": {"aweme_id": "6852276880565914895", "aweme_title": "你们第一眼会想到哪两个字？", "aweme_url": "https://www.iesdouyin.com/share/video/6852276880565914895/?region=CN&mid=6795729752965352200&u_code=0&titleType=title", "download_url": "https://www.chanmama.com/awemeDetail/6852276880565914895", "digg_count": 5224, "digg_incr": 3577, "aweme_create_time": 1595420038, "category": 5, "volume": 0, "amount": 0}, "author": {"author_id": "3795161102680931", "nickname": "阿卿", "follower_count": 332899}}, {"aweme": {"aweme_id": "6852131287323446536", "aweme_title": "你还这样写吴字吗？", "aweme_url": "https://www.iesdouyin.com/share/video/6852131287323446536/?region=CN&mid=6852131335097158413&u_code=l53274f48ge&titleType=title", "download_url": "https://www.chanmama.com/awemeDetail/6852131287323446536", "digg_count": 4762, "digg_incr": 3531, "aweme_create_time": 1595386150, "category": 5, "volume": 4, "amount": 159.6}, "author": {"author_id": "102254890803", "nickname": "夏天练字", "follower_count": 932790}}, {"aweme": {"aweme_id": "6852138975591746830", "aweme_title": "我去扒日本邻居的浴室了！超多秘密！！", "aweme_url": "https://www.iesdouyin.com/share/video/6852138975591746830/?region=CN&mid=6852139269260823309&u_code=0&titleType=title", "download_url": "https://www.chanmama.com/awemeDetail/6852138975591746830", "digg_count": 10825, "digg_incr": 3309, "aweme_create_time": 1595411940, "category": 5, "volume": 47, "amount": 3525}, "author": {"author_id": "2044740138441531", "nickname": "王大妙儿", "follower_count": 579620}}, {"aweme": {"aweme_id": "6852239870107094286", "aweme_title": "数字写行书#感谢抖音", "aweme_url": "https://www.iesdouyin.com/share/video/6852239870107094286/?region=CN&mid=6852239885034687239&u_code=22e1cba375g&titleType=title", "download_url": "https://www.chanmama.com/awemeDetail/6852239870107094286", "digg_count": 4330, "digg_incr": 3234, "aweme_create_time": 1595411423, "category": 5, "volume": 0, "amount": 0}, "author": {"author_id": "102254890803", "nickname": "夏天练字", "follower_count": 932790}}, {"aweme": {"aweme_id": "6852174276016082190", "aweme_title": "人海茫茫遇到了@猪猪兄弟 ，朋友们猪哥让我倒垃圾，看看这抽拉式垃圾袋，我太难了@DOU+小助手", "aweme_url": "https://www.iesdouyin.com/share/video/6852174276016082190/?region=CN&mid=6710794344611253006&u_code=1377j8jeb1ge&titleType=title", "download_url": "https://www.chanmama.com/awemeDetail/6852174276016082190", "digg_count": 3701, "digg_incr": 3197, "aweme_create_time": 1595396151, "category": 5, "volume": 5, "amount": 49.5}, "author": {"author_id": "59493899113", "nickname": "Cc无声小哥哥", "follower_count": 670395}}, {"aweme": {"aweme_id": "6852083426447625483", "aweme_title": "绝对让女生一闻就爱上的男生自然体香！！男生必看！！@DOU+小助手", "aweme_url": "https://www.iesdouyin.com/share/video/6852083426447625483/?region=CN&mid=6850643213426985736&u_code=1m9jje5jm7l1&titleType=title", "download_url": "https://www.chanmama.com/awemeDetail/6852083426447625483", "digg_count": 3167, "digg_incr": 3167, "aweme_create_time": 1595375013, "category": 5, "volume": 194, "amount": 7740.599999999999}, "author": {"author_id": "109458037587", "nickname": "快乐的小番薯", "follower_count": 107063}}, {"aweme": {"aweme_id": "6852155043722824974", "aweme_title": "我们一家人都在用的老虎膏给大家推荐，也是顾客回购最多的，小黄车直接下单就可以", "aweme_url": "https://www.iesdouyin.com/share/video/6852155043722824974/?region=CN&mid=6852155050421127943&u_code=jc1blmbfcf1&titleType=title", "download_url": "https://www.chanmama.com/awemeDetail/6852155043722824974", "digg_count": 3574, "digg_incr": 3098, "aweme_create_time": 1595391673, "category": 5, "volume": 51, "amount": 9180}, "author": {"author_id": "59123406125", "nickname": "抚丢商行", "follower_count": 308260}}, {"aweme": {"aweme_id": "6852221300186811656", "aweme_title": "“如果有一天，我带你去听周杰伦的演唱会。那么你对我来说，一定很重要……”#周杰伦 @抖音小助手", "aweme_url": "https://www.iesdouyin.com/share/video/6852221300186811656/?region=CN&mid=6852221315080932103&u_code=45a6gmj0h2h&titleType=title", "download_url": "https://www.chanmama.com/awemeDetail/6852221300186811656", "digg_count": 9754, "digg_incr": 3095, "aweme_create_time": 1595407099, "category": 5, "volume": 14, "amount": 966}, "author": {"author_id": "60691801821", "nickname": "周杰伦音乐汇", "follower_count": 367648}}, {"aweme": {"aweme_id": "6852234990281886988", "aweme_title": "麻辣鱼块就是有点费辣椒 #美食趣胃计划  #美食  @抖音星探家", "aweme_url": "https://www.iesdouyin.com/share/video/6852234990281886988/?region=CN&mid=6852235168581765896&u_code=14dehkhkf9i3&titleType=title", "download_url": "https://www.chanmama.com/awemeDetail/6852234990281886988", "digg_count": 4045, "digg_incr": 3023, "aweme_create_time": 1595410320, "category": 5, "volume": 0, "amount": 0}, "author": {"author_id": "103294355616", "nickname": "老薛的晚餐", "follower_count": 408070}}, {"aweme": {"aweme_id": "6852101994807659776", "aweme_title": "回娘家看到#婆婆  居然用这块毛巾洗脸，我也是醉了，抖音里方法教她洗，结果……#翻新 #家居好物 @抖音小助手", "aweme_url": "https://www.iesdouyin.com/share/video/6852101994807659776/?region=CN&mid=6852101972309347079&u_code=1a2e3iefce98&titleType=title", "download_url": "https://www.chanmama.com/awemeDetail/6852101994807659776", "digg_count": 2962, "digg_incr": 2940, "aweme_create_time": 1595379321, "category": 5, "volume": 6, "amount": 288}, "author": {"author_id": "60351116814", "nickname": "潇然百货", "follower_count": 203196}}, {"aweme": {"aweme_id": "6852104240903539983", "aweme_title": "北方喝茶也越来越讲究了，可以从一套茶具上体现", "aweme_url": "https://www.iesdouyin.com/share/video/6852104240903539983/?region=CN&mid=6849914717801138952&u_code=0&titleType=title", "download_url": "https://www.chanmama.com/awemeDetail/6852104240903539983", "digg_count": 22500, "digg_incr": 2863, "aweme_create_time": 1595379844, "category": 5, "volume": 0, "amount": 0}, "author": {"author_id": "108728829829", "nickname": "世纪茶具", "follower_count": 108599}}, {"aweme": {"aweme_id": "6852183263792991488", "aweme_title": "拼手速！！！！！！！", "aweme_url": "https://www.iesdouyin.com/share/video/6852183263792991488/?region=CN&mid=6852183271825181454&u_code=0&titleType=title", "download_url": "https://www.chanmama.com/awemeDetail/6852183263792991488", "digg_count": 2392, "digg_incr": 2472, "aweme_create_time": 1595398242, "category": 5, "volume": 89, "amount": 5331.099999999999}, "author": {"author_id": "70687509050", "nickname": "包佳欣", "follower_count": 55291}}, {"aweme": {"aweme_id": "6852054169302437134", "aweme_title": "#看我放大大大招 #青菜拼车拼拼拼 #不负吾爱探索x面 #洗碗巾  吓死宝宝啊！太难了！", "aweme_url": "https://www.iesdouyin.com/share/video/6852054169302437134/?region=CN&mid=6852054073177279240&u_code=45a6gmj0h2h&titleType=title", "download_url": "https://www.chanmama.com/awemeDetail/6852054169302437134", "digg_count": 2429, "digg_incr": 2439, "aweme_create_time": 1595368206, "category": 5, "volume": 1439, "amount": 14246.1}, "author": {"author_id": "3861124331868656", "nickname": "义乌市迎莱电子商务", "follower_count": 30708}}, {"aweme": {"aweme_id": "6852214752240880911", "aweme_title": "一岁半了，什么都还不会，但我们很坚强，一定会努力做康复，康复之路虽很长，但必须坚持！", "aweme_url": "https://www.iesdouyin.com/share/video/6852214752240880911/?region=CN&mid=6834400101675304974&u_code=1g184cmc5edd&titleType=title", "download_url": "https://www.chanmama.com/awemeDetail/6852214752240880911", "digg_count": 2816, "digg_incr": 2350, "aweme_create_time": 1595405574, "category": 5, "volume": 13, "amount": 128.70000000000002}, "author": {"author_id": "104273206332", "nickname": "记录我们的点点滴滴", "follower_count": 202998}}, {"aweme": {"aweme_id": "6852180077162040584", "aweme_title": "我爸妈又忙着收拾呢", "aweme_url": "https://www.iesdouyin.com/share/video/6852180077162040584/?region=CN&mid=6852180087761029902&u_code=jc1blmbfcf1&titleType=title", "download_url": "https://www.chanmama.com/awemeDetail/6852180077162040584", "digg_count": 3304, "digg_incr": 2293, "aweme_create_time": 1595397502, "category": 5, "volume": 40, "amount": 1192}, "author": {"author_id": "104958503756", "nickname": "王赫", "follower_count": 695734}}, {"aweme": {"aweme_id": "6852219435013459203", "aweme_title": "你烤的吐司为什么总是不满模？学会这些技巧，新手也能轻松成功#烘焙 #吐司面包", "aweme_url": "https://www.iesdouyin.com/share/video/6852219435013459203/?region=CN&mid=6852219610226625293&u_code=48edh642jlcb&titleType=title", "download_url": "https://www.chanmama.com/awemeDetail/6852219435013459203", "digg_count": 3230, "digg_incr": 2262, "aweme_create_time": 1595406672, "category": 5, "volume": 31, "amount": 604.5}, "author": {"author_id": "12793731619559", "nickname": "二姐(小烤拉烘焙)", "follower_count": 346770}}, {"aweme": {"aweme_id": "6852124529339206925", "aweme_title": "#火山泥沐浴乳 点👆👆车车领100绻！无*~效~*你*~就~*退！", "aweme_url": "https://www.iesdouyin.com/share/video/6852124529339206925/?region=CN&mid=6852124533638400775&u_code=1m9jjic54hdh&titleType=title", "download_url": "https://www.chanmama.com/awemeDetail/6852124529339206925", "digg_count": 2211, "digg_incr": 2208, "aweme_create_time": 1595384569, "category": 5, "volume": 1026, "amount": 30907.400000000005}, "author": {"author_id": "3491660872548608", "nickname": "沛萱雨网络", "follower_count": 12971}}, {"aweme": {"aweme_id": "6852186647145024783", "aweme_title": "#从前那个少年 #香氛洗衣液 #我的沙雕同事 #正在直播中请点头像进入 🤣🤣想买个飞机怎么办", "aweme_url": "https://www.iesdouyin.com/share/video/6852186647145024783/?region=CN&mid=6852186662874319630&u_code=1mjebmjmcf16&titleType=title", "download_url": "https://www.chanmama.com/awemeDetail/6852186647145024783", "digg_count": 2282, "digg_incr": 2207, "aweme_create_time": 1595399030, "category": 5, "volume": 69, "amount": 2622}, "author": {"author_id": "101502872831", "nickname": "姬长乐河南娃一起创业", "follower_count": 767751}}, {"aweme": {"aweme_id": "6852125769620131072", "aweme_title": "430mm是什么感觉？⬇️get到！", "aweme_url": "https://www.iesdouyin.com/share/video/6852125769620131072/?region=CN&mid=6852125804147641096&u_code=0&titleType=title", "download_url": "https://www.chanmama.com/awemeDetail/6852125769620131072", "digg_count": 2107, "digg_incr": 2101, "aweme_create_time": 1595384861, "category": 5, "volume": 0, "amount": 0}, "author": {"author_id": "96489786768", "nickname": "自由点Freemore", "follower_count": 108312}}, {"aweme": {"aweme_id": "6852293051780517135", "aweme_title": "@DOU+小助手 @抖音小助手", "aweme_url": "https://www.iesdouyin.com/share/video/6852293051780517135/?region=CN&mid=6852293064925498119&u_code=1a2e3igj481c&titleType=title", "download_url": "https://www.chanmama.com/awemeDetail/6852293051780517135", "digg_count": 2389, "digg_incr": 2016, "aweme_create_time": 1595423804, "category": 5, "volume": 0, "amount": 0}, "author": {"author_id": "62235745471", "nickname": "熹金电子商务有限公司", "follower_count": 340479}}, {"aweme": {"aweme_id": "6852311524313206020", "aweme_title": "夏天用的颜值超高的冷水壶，把手得劲，耐高温低温，超棒！ #冷水壶 #好物推荐", "aweme_url": "https://www.iesdouyin.com/share/video/6852311524313206020/?region=CN&mid=6852311817097628429&u_code=0&titleType=title", "download_url": "https://www.chanmama.com/awemeDetail/6852311524313206020", "digg_count": 3168, "digg_incr": 1992, "aweme_create_time": 1595428170, "category": 5, "volume": 0, "amount": 0}, "author": {"author_id": "64639536588", "nickname": "种草丛", "follower_count": 401318}}, {"aweme": {"aweme_id": "6852242500111912199", "aweme_title": "这些盲盒你一定没见过#少女心 #闺蜜 #开箱视频", "aweme_url": "https://www.iesdouyin.com/share/video/6852242500111912199/?region=CN&mid=6852242516872383239&u_code=20693j448c4e&titleType=title", "download_url": "https://www.chanmama.com/awemeDetail/6852242500111912199", "digg_count": 2391, "digg_incr": 1911, "aweme_create_time": 1595412035, "category": 5, "volume": 0, "amount": 0}, "author": {"author_id": "107666860279", "nickname": "阿唐的宝贝", "follower_count": 620813}}, {"aweme": {"aweme_id": "6852234961492167943", "aweme_title": "男吃虾女吃蟹，想吃姜葱炒蟹吗？快@对象吧#美食趣胃计划 #吃在广东 @抖音星探家", "aweme_url": "https://www.iesdouyin.com/share/video/6852234961492167943/?region=CN&mid=6852234982082284296&u_code=4b44e703l071&titleType=title", "download_url": "https://www.chanmama.com/awemeDetail/6852234961492167943", "digg_count": 2249, "digg_incr": 1901, "aweme_create_time": 1595410280, "category": 5, "volume": 0, "amount": 0}, "author": {"author_id": "98740483330", "nickname": "饿渔记", "follower_count": 387594}}, {"aweme": {"aweme_id": "6852242828618157319", "aweme_title": "学书法的，赶紧安排上这条gai上最靓的“包包”，买它！买它！#书法 @抖音小助手", "aweme_url": "https://www.iesdouyin.com/share/video/6852242828618157319/?region=CN&mid=6498578943831116558&u_code=45a6gmj0h2h&titleType=title", "download_url": "https://www.chanmama.com/awemeDetail/6852242828618157319", "digg_count": 3209, "digg_incr": 1846, "aweme_create_time": 1595412112, "category": 5, "volume": 15, "amount": 1020}, "author": {"author_id": "60329529989", "nickname": "书法系少女", "follower_count": 25408}}, {"aweme": {"aweme_id": "6852280483850603779", "aweme_title": "提出问题比解决问题更重要。#健康 #王东岳 @抖音小助手", "aweme_url": "https://www.iesdouyin.com/share/video/6852280483850603779/?region=CN&mid=6852280533830224647&u_code=107m7bg5i135&titleType=title", "download_url": "https://www.chanmama.com/awemeDetail/6852280483850603779", "digg_count": 2140, "digg_incr": 1815, "aweme_create_time": 1595420883, "category": 5, "volume": 0, "amount": 0}, "author": {"author_id": "103867680661", "nickname": "王东岳讲堂", "follower_count": 72515}}, {"aweme": {"aweme_id": "6852216686037224719", "aweme_title": "只要你水性好，会“玩”水，可以和我做朋友，我们一起好好的玩耍#水彩花卉#没骨画水彩 #充能计划 #水彩教程", "aweme_url": "https://www.iesdouyin.com/share/video/6852216686037224719/?region=CN&mid=6745826319206124302&u_code=0&titleType=title", "download_url": "https://www.chanmama.com/awemeDetail/6852216686037224719", "digg_count": 1790, "digg_incr": 1758, "aweme_create_time": 1595406024, "category": 5, "volume": 0, "amount": 0}, "author": {"author_id": "99728741120", "nickname": "张炜爱水彩", "follower_count": 111188}}, {"aweme": {"aweme_id": "6852062995741183232", "aweme_title": "不管以后我们成为什么样的关系，你都将成为我生命中的一部分", "aweme_url": "https://www.iesdouyin.com/share/video/6852062995741183232/?region=CN&mid=6852062885984619271&u_code=16gb026ifh3i&titleType=title", "download_url": "https://www.chanmama.com/awemeDetail/6852062995741183232", "digg_count": 2170, "digg_incr": 1733, "aweme_create_time": 1595370245, "category": 5, "volume": 0, "amount": 0}, "author": {"author_id": "56162899314", "nickname": "辉哥", "follower_count": 384109}}, {"aweme": {"aweme_id": "6852152876630953224", "aweme_title": "你想这样摆盘上桌？还是冻成西瓜冰棍来吃？ #厨房里的江湖  #吃西瓜我们是认真的   同样是西瓜，感觉不一样。", "aweme_url": "https://www.iesdouyin.com/share/video/6852152876630953224/?region=CN&mid=6845086828639291399&u_code=45a6gmj0h2h&titleType=title", "download_url": "https://www.chanmama.com/awemeDetail/6852152876630953224", "digg_count": 2220, "digg_incr": 1721, "aweme_create_time": 1595391169, "category": 5, "volume": 25, "amount": 247.5}, "author": {"author_id": "98524497655", "nickname": "邻邻好物", "follower_count": 28310}}, {"aweme": {"aweme_id": "6852200911373110532", "aweme_title": "每次洗澡都提醒麻麻别偷看，谁稀罕看你呀不用我帮忙我才清闲呢 😪", "aweme_url": "https://www.iesdouyin.com/share/video/6852200911373110532/?region=CN&mid=6621333707418667780&u_code=0&titleType=title", "download_url": "https://www.chanmama.com/awemeDetail/6852200911373110532", "digg_count": 1910, "digg_incr": 1706, "aweme_create_time": 1595402387, "category": 5, "volume": 0, "amount": 0}, "author": {"author_id": "4503676973630371", "nickname": "我爱咖啡加牛奶", "follower_count": 467730}}, {"aweme": {"aweme_id": "6852285678663879936", "aweme_title": "用心做好纸，服务千万家#卫生纸", "aweme_url": "https://www.iesdouyin.com/share/video/6852285678663879936/?region=CN&mid=6769909329005923079&u_code=24lj5cbdkc8c&titleType=title", "download_url": "https://www.chanmama.com/awemeDetail/6852285678663879936", "digg_count": 1700, "digg_incr": 1700, "aweme_create_time": 1595422087, "category": 5, "volume": 10, "amount": 188.9}, "author": {"author_id": "1486185274550285", "nickname": "米饭🍚干三碗", "follower_count": 32702}}, {"aweme": {"aweme_id": "6852191982740180231", "aweme_title": "十个牛筋梳，二百个棉签，两个盘发器，一个按摩梳，浮力9.9包由，#717奇妙好物在这里 #语音互动 #义乌", "aweme_url": "https://www.iesdouyin.com/share/video/6852191982740180231/?region=CN&mid=6852191991888268046&u_code=45a6gmj0h2h&titleType=title", "download_url": "https://www.chanmama.com/awemeDetail/6852191982740180231", "digg_count": 2157, "digg_incr": 1693, "aweme_create_time": 1595400274, "category": 5, "volume": 0, "amount": 0}, "author": {"author_id": "103996993813", "nickname": "小笨闯义乌", "follower_count": 196838}}, {"aweme": {"aweme_id": "6852182575998422272", "aweme_title": "这么可爱的芝士奶酪给你咬一口要不要#雪玲妃 #芝士皂 @抖音小助手", "aweme_url": "https://www.iesdouyin.com/share/video/6852182575998422272/?region=CN&mid=6777979783180503816&u_code=0&titleType=title", "download_url": "https://www.chanmama.com/awemeDetail/6852182575998422272", "digg_count": 1677, "digg_incr": 1617, "aweme_create_time": 1595398082, "category": 5, "volume": 0, "amount": 0}, "author": {"author_id": "85792623242", "nickname": "NIANAN.", "follower_count": 160575}}, {"aweme": {"aweme_id": "6852170576430157071", "aweme_title": "三伏正当时，排寒正当时，我正在直播间分享#点击头像进来把#三伏灸#健康", "aweme_url": "https://www.iesdouyin.com/share/video/6852170576430157071/?region=CN&mid=6852170573276007182&u_code=31kkd10207k7&titleType=title", "download_url": "https://www.chanmama.com/awemeDetail/6852170576430157071", "digg_count": 1589, "digg_incr": 1589, "aweme_create_time": 1595395288, "category": 5, "volume": 67, "amount": 3216}, "author": {"author_id": "96823544072", "nickname": "冰婷爱生活", "follower_count": 110147}}, {"aweme": {"aweme_id": "6852147195488128256", "aweme_title": "有人每天晚上跟你说晚安吗？", "aweme_url": "https://www.iesdouyin.com/share/video/6852147195488128256/?region=CN&mid=6805130248423574279&u_code=45a6gmj0h2h&titleType=title", "download_url": "https://www.chanmama.com/awemeDetail/6852147195488128256", "digg_count": 2638, "digg_incr": 1583, "aweme_create_time": 1595389845, "category": 5, "volume": 0, "amount": 0}, "author": {"author_id": "96928445296", "nickname": "阿么", "follower_count": 570882}}, {"aweme": {"aweme_id": "6852153120429067520", "aweme_title": "很干净的四句话，终身受用。#人生感悟", "aweme_url": "https://www.iesdouyin.com/share/video/6852153120429067520/?region=CN&mid=6852153131665541895&u_code=107m7bg5i135&titleType=title", "download_url": "https://www.chanmama.com/awemeDetail/6852153120429067520", "digg_count": 2778, "digg_incr": 1575, "aweme_create_time": 1595391224, "category": 5, "volume": 0, "amount": 0}, "author": {"author_id": "2748419083084679", "nickname": "庆海书法", "follower_count": 800003}}, {"aweme": {"aweme_id": "6852203982639664396", "aweme_title": "如果再给我一次机会，衣帽间我一定要封闭的，带门的。#717奇妙好物在这里 #收纳", "aweme_url": "https://www.iesdouyin.com/share/video/6852203982639664396/?region=CN&mid=6754299138084472833&u_code=0&titleType=title", "download_url": "https://www.chanmama.com/awemeDetail/6852203982639664396", "digg_count": 2207, "digg_incr": 1546, "aweme_create_time": 1595403075, "category": 5, "volume": 2, "amount": 67.8}, "author": {"author_id": "101132250393", "nickname": "you哩", "follower_count": 497462}}, {"aweme": {"aweme_id": "6852146464836128014", "aweme_title": "喜欢吃花甲的小朋友有福音了！大叔教你做好吃的香辣粉丝花甲 #抖音美食精选", "aweme_url": "https://www.iesdouyin.com/share/video/6852146464836128014/?region=CN&mid=6852146548315409166&u_code=0&titleType=title", "download_url": "https://www.chanmama.com/awemeDetail/6852146464836128014", "digg_count": 1915, "digg_incr": 1511, "aweme_create_time": 1595389693, "category": 5, "volume": 0, "amount": 0}, "author": {"author_id": "96696426598", "nickname": "大叔美食分享", "follower_count": 408240}}, {"aweme": {"aweme_id": "6852090505652636928", "aweme_title": "白糖加洗衣粉还有这样的神器，翻新#太神奇了不信你试试 #受教了 #感谢抖音小助手", "aweme_url": "https://www.iesdouyin.com/share/video/6852090505652636928/?region=CN&mid=6771994100523731720&u_code=j730d40cij&titleType=title", "download_url": "https://www.chanmama.com/awemeDetail/6852090505652636928", "digg_count": 3447, "digg_incr": 1503, "aweme_create_time": 1595376647, "category": 5, "volume": 0, "amount": 0}, "author": {"author_id": "113998619223928", "nickname": "阳山泉第九分店", "follower_count": 19302}}, {"aweme": {"aweme_id": "6852247565727960331", "aweme_title": "夏天做个晚饭真不容易 #小海星的日常  #美食  @DOU+小助手", "aweme_url": "https://www.iesdouyin.com/share/video/6852247565727960331/?region=CN&mid=6852247765632797453&u_code=0&titleType=title", "download_url": "https://www.chanmama.com/awemeDetail/6852247565727960331", "digg_count": 2605, "digg_incr": 1502, "aweme_create_time": 1595413249, "category": 5, "volume": 0, "amount": 0}, "author": {"author_id": "61565996364", "nickname": "小小小海星", "follower_count": 119943}}, {"aweme": {"aweme_id": "6852129720138566927", "aweme_title": "#江南小镇的日常  水蜜桃的季节来啦！", "aweme_url": "https://www.iesdouyin.com/share/video/6852129720138566927/?region=CN&mid=6845960422315920142&u_code=0&titleType=title", "download_url": "https://www.chanmama.com/awemeDetail/6852129720138566927", "digg_count": 1958, "digg_incr": 1499, "aweme_create_time": 1595385776, "category": 5, "volume": 1, "amount": 680}, "author": {"author_id": "85248432527", "nickname": "南街壶娘", "follower_count": 585910}}, {"aweme": {"aweme_id": "6852074037552647438", "aweme_title": "凡事看的太透人间便无趣了，该来的都会来，该走的也都会走，别抗拒，别挽留，太注重细节的人注定不会太快乐……", "aweme_url": "https://www.iesdouyin.com/share/video/6852074037552647438/?region=CN&mid=6837399346539957005&u_code=0&titleType=title", "download_url": "https://www.chanmama.com/awemeDetail/6852074037552647438", "digg_count": 2037, "digg_incr": 1487, "aweme_create_time": 1595372818, "category": 5, "volume": 0, "amount": 0}, "author": {"author_id": "92996101601", "nickname": "伊人", "follower_count": 109028}}, {"aweme": {"aweme_id": "6852142368641125647", "aweme_title": "帮你们组装好了哦！#717奇妙好物在这里 #我要上热门 #好物 #囤货 #笔 #地摊 @DOU+小助手", "aweme_url": "https://www.iesdouyin.com/share/video/6852142368641125647/?region=CN&mid=6605751928464870158&u_code=0&titleType=title", "download_url": "https://www.chanmama.com/awemeDetail/6852142368641125647", "digg_count": 1492, "digg_incr": 1485, "aweme_create_time": 1595388721, "category": 5, "volume": 12, "amount": 118.80000000000001}, "author": {"author_id": "61909312463", "nickname": "彩蛋带你扫好货", "follower_count": 36727}}, {"aweme": {"aweme_id": "6852239274981477640", "aweme_title": "这个可能是我吃过zui好吃的#照烧鸡腿饭 了，一碗不用10块，可盐可甜超入味的那种#盖饭 #美食趣胃计划", "aweme_url": "https://www.iesdouyin.com/share/video/6852239274981477640/?region=CN&mid=6780890680077076494&u_code=0&titleType=title", "download_url": "https://www.chanmama.com/awemeDetail/6852239274981477640", "digg_count": 1683, "digg_incr": 1479, "aweme_create_time": 1595411284, "category": 5, "volume": 0, "amount": 0}, "author": {"author_id": "111427026378", "nickname": "慧大妞美食日记", "follower_count": 663634}}, {"aweme": {"aweme_id": "6852143781345561870", "aweme_title": "#桌面改造  #收纳整理 姐妹！一起来diy吧！桌面小物件终于有地方放了~", "aweme_url": "https://www.iesdouyin.com/share/video/6852143781345561870/?region=CN&mid=6852143869833038599&u_code=0&titleType=title", "download_url": "https://www.chanmama.com/awemeDetail/6852143781345561870", "digg_count": 2048, "digg_incr": 1469, "aweme_create_time": 1595389070, "category": 5, "volume": 1, "amount": 6.9}, "author": {"author_id": "106631847954", "nickname": "是喵小酱呀", "follower_count": 104471}}, {"aweme": {"aweme_id": "6852109730794458376", "aweme_title": "偷偷告诉我这是什么花？#简笔画 #学浪计划 #儿童简笔画 #画花", "aweme_url": "https://www.iesdouyin.com/share/video/6852109730794458376/?region=CN&mid=6820297624004855816&u_code=0&titleType=title", "download_url": "https://www.chanmama.com/awemeDetail/6852109730794458376", "digg_count": 1707, "digg_incr": 1440, "aweme_create_time": 1595381123, "category": 5, "volume": 0, "amount": 0}, "author": {"author_id": "101125952002", "nickname": "虾米爱画画", "follower_count": 578923}}, {"aweme": {"aweme_id": "6852140461449088271", "aweme_title": "当你感到很累的时候，不妨停下来，问问自己到底想要什么#抖音小助手", "aweme_url": "https://www.iesdouyin.com/share/video/6852140461449088271/?region=CN&mid=6838424342175484686&u_code=0&titleType=title", "download_url": "https://www.chanmama.com/awemeDetail/6852140461449088271", "digg_count": 1903, "digg_incr": 1381, "aweme_create_time": 1595388276, "category": 5, "volume": 6, "amount": 828}, "author": {"author_id": "76152634595", "nickname": "莫墨", "follower_count": 816563}}, {"aweme": {"aweme_id": "6852230699269852430", "aweme_title": "论快递，谁能多得过我？#vlog日常 #开箱", "aweme_url": "https://www.iesdouyin.com/share/video/6852230699269852430/?region=CN&mid=6852230747718175495&u_code=2kf532ici866&titleType=title", "download_url": "https://www.chanmama.com/awemeDetail/6852230699269852430", "digg_count": 2918, "digg_incr": 1324, "aweme_create_time": 1595409288, "category": 5, "volume": 0, "amount": 0}, "author": {"author_id": "2625276830287876", "nickname": "乃提的美肤日记", "follower_count": 751453}}, {"aweme": {"aweme_id": "6852139173936205070", "aweme_title": "教你画向日葵🌻暑期网课招生中……向着阳光好好爱自己#一起学画画 #创意美术 #向日葵", "aweme_url": "https://www.iesdouyin.com/share/video/6852139173936205070/?region=CN&mid=6852139180932205320&u_code=2g9cfgh93e12&titleType=title", "download_url": "https://www.chanmama.com/awemeDetail/6852139173936205070", "digg_count": 2689, "digg_incr": 1283, "aweme_create_time": 1595387978, "category": 5, "volume": 5, "amount": 25}, "author": {"author_id": "64369587598", "nickname": "玉蝶小仙", "follower_count": 570537}}, {"aweme": {"aweme_id": "6852250696201325831", "aweme_title": "对不起，我们来晚了，让你们文具盒买贵了。 #717奇妙好物在这里  #文具盒", "aweme_url": "https://www.iesdouyin.com/share/video/6852250696201325831/?region=CN&mid=6852250789529176839&u_code=2jifj950a93b&titleType=title", "download_url": "https://www.chanmama.com/awemeDetail/6852250696201325831", "digg_count": 1257, "digg_incr": 1275, "aweme_create_time": 1595413961, "category": 5, "volume": 197, "amount": 1950.3000000000002}, "author": {"author_id": "3953485557533955", "nickname": "小李为您找优品", "follower_count": 59548}}, {"aweme": {"aweme_id": "6852252679339576583", "aweme_title": "家不在多大，干净就好，人不在多，温馨就好#热门 @DOU+小助手", "aweme_url": "https://www.iesdouyin.com/share/video/6852252679339576583/?region=CN&mid=6852252711306808072&u_code=3kdem96968fl&titleType=title", "download_url": "https://www.chanmama.com/awemeDetail/6852252679339576583", "digg_count": 1442, "digg_incr": 1271, "aweme_create_time": 1595414405, "category": 5, "volume": 1, "amount": 59}, "author": {"author_id": "86006429519", "nickname": "萌儿妈妈", "follower_count": 29055}}, {"aweme": {"aweme_id": "6852121629787524355", "aweme_title": "夏日炎炎，用泡泡膜做一幅清爽的丝瓜吧。#少儿创意美术 #幼儿园手工 #亲子手工 #废物利用@抖音小助手", "aweme_url": "https://www.iesdouyin.com/share/video/6852121629787524355/?region=CN&mid=6852121674045770509&u_code=461mk57lm7gh&titleType=title", "download_url": "https://www.chanmama.com/awemeDetail/6852121629787524355", "digg_count": 2562, "digg_incr": 1262, "aweme_create_time": 1595383901, "category": 5, "volume": 5, "amount": 190}, "author": {"author_id": "61123683047", "nickname": "告白", "follower_count": 446372}}, {"aweme": {"aweme_id": "6852080784371698952", "aweme_title": "以后和脏衣服说拜拜，再也不也用扔衣服了，开心#洗衣服 #居家好物 #宝宝用品", "aweme_url": "https://www.iesdouyin.com/share/video/6852080784371698952/?region=CN&mid=6852080720509225741&u_code=1ac8if0ha6ek&titleType=title", "download_url": "https://www.chanmama.com/awemeDetail/6852080784371698952", "digg_count": 4230, "digg_incr": 1247, "aweme_create_time": 1595374387, "category": 5, "volume": 499, "amount": 23952}, "author": {"author_id": "562538651089838", "nickname": "彬宝麻麻", "follower_count": 9925}}, {"aweme": {"aweme_id": "6852285727561108751", "aweme_title": "“卧久者，行哔远，伏久者，飞必高”这句话你怎么理解？#手写 #处世哲学 @抖音小助手", "aweme_url": "https://www.iesdouyin.com/share/video/6852285727561108751/?region=CN&mid=6852285745147726600&u_code=24lj60c7kgi7&titleType=title", "download_url": "https://www.chanmama.com/awemeDetail/6852285727561108751", "digg_count": 1274, "digg_incr": 1235, "aweme_create_time": 1595422099, "category": 5, "volume": 0, "amount": 0}, "author": {"author_id": "3768779344456611", "nickname": "段公子写字", "follower_count": 83522}}, {"aweme": {"aweme_id": "6852242745013161224", "aweme_title": "有没有粉丝宝宝知道变色荧光笔的更多用途，快到评论区告诉我吧 @抖音小助手", "aweme_url": "https://www.iesdouyin.com/share/video/6852242745013161224/?region=CN&mid=6852242832506227463&u_code=15099g2f9905&titleType=title", "download_url": "https://www.chanmama.com/awemeDetail/6852242745013161224", "digg_count": 1671, "digg_incr": 1215, "aweme_create_time": 1595412107, "category": 5, "volume": 0, "amount": 0}, "author": {"author_id": "99818074059", "nickname": "小奇的少女心", "follower_count": 35387}}, {"aweme": {"aweme_id": "6852144547590327566", "aweme_title": "#多特瑞 玫瑰胶原蛋白肽即将上市，想冻龄、逆龄、想由内而外变美的你有福啦！#胶原蛋白肽@DOU+小助手", "aweme_url": "https://www.iesdouyin.com/share/video/6852144547590327566/?region=CN&mid=6852144564132727565&u_code=3kdem96968fl&titleType=title", "download_url": "https://www.chanmama.com/awemeDetail/6852144547590327566", "digg_count": 1199, "digg_incr": 1199, "aweme_create_time": 1595389229, "category": 5, "volume": 0, "amount": 0}, "author": {"author_id": "97118441413", "nickname": "娜娜的芳香世界", "follower_count": 14482}}, {"aweme": {"aweme_id": "6852151180584389895", "aweme_title": "虽然没有双臂，可是我在用我的双脚不停地努力着，任何时候都在提醒自己抱怨没有用，一切靠自己#抖音小助手", "aweme_url": "https://www.iesdouyin.com/share/video/6852151180584389895/?region=CN&mid=6852151195700595469&u_code=0&titleType=title", "download_url": "https://www.chanmama.com/awemeDetail/6852151180584389895", "digg_count": 1401, "digg_incr": 1141, "aweme_create_time": 1595390774, "category": 5, "volume": 5, "amount": 79.5}, "author": {"author_id": "3795125821513755", "nickname": "无臂杨莉", "follower_count": 397537}}, {"aweme": {"aweme_id": "6852273131965385998", "aweme_title": "仙气十足的一节课～#少儿美术 #创意美术", "aweme_url": "https://www.iesdouyin.com/share/video/6852273131965385998/?region=CN&mid=6848510844633615117&u_code=3kdem96968fl&titleType=title", "download_url": "https://www.chanmama.com/awemeDetail/6852273131965385998", "digg_count": 1695, "digg_incr": 1120, "aweme_create_time": 1595419167, "category": 5, "volume": 0, "amount": 0}, "author": {"author_id": "62477713450", "nickname": "寻绘美育🌸师资培训", "follower_count": 86942}}, {"aweme": {"aweme_id": "6852188882365091076", "aweme_title": "老公今晚有约、让我陪同、你们说这身怎么样、火速评论等待大家消息", "aweme_url": "https://www.iesdouyin.com/share/video/6852188882365091076/?region=CN&mid=6797175502404356878&u_code=0&titleType=title", "download_url": "https://www.chanmama.com/awemeDetail/6852188882365091076", "digg_count": 1890, "digg_incr": 1118, "aweme_create_time": 1595399596, "category": 5, "volume": 0, "amount": 0}, "author": {"author_id": "4503621482295460", "nickname": "明扬博博小萝莉", "follower_count": 914077}}, {"aweme": {"aweme_id": "6852051789395561735", "aweme_title": "我算是最真实最良心的测评博主了吧？@DOU+小助手 #董剥皮 #测评测评 #打假", "aweme_url": "https://www.iesdouyin.com/share/video/6852051789395561735/?region=CN&mid=6852051695904557832&u_code=0&titleType=title", "download_url": "https://www.chanmama.com/awemeDetail/6852051789395561735", "digg_count": 1326, "digg_incr": 1116, "aweme_create_time": 1595367655, "category": 5, "volume": 61, "amount": 786.9}, "author": {"author_id": "2018355304218126", "nickname": "董剥皮", "follower_count": 104695}}, {"aweme": {"aweme_id": "6852214460044578061", "aweme_title": "排骨汤这样做，一锅不够喝@抖音星探家 @抖音小助手  @DOU+小助手", "aweme_url": "https://www.iesdouyin.com/share/video/6852214460044578061/?region=CN&mid=6764885727294622467&u_code=0&titleType=title", "download_url": "https://www.chanmama.com/awemeDetail/6852214460044578061", "digg_count": 1503, "digg_incr": 1116, "aweme_create_time": 1595405507, "category": 5, "volume": 1, "amount": 108}, "author": {"author_id": "100780916095928", "nickname": "菜菜美食记", "follower_count": 552608}}, {"aweme": {"aweme_id": "6852110734055279886", "aweme_title": "#爱官方爱热门 #乘风破浪的好物 #沥水篮", "aweme_url": "https://www.iesdouyin.com/share/video/6852110734055279886/?region=CN&mid=6536905627234241287&u_code=45a6gmj0h2h&titleType=title", "download_url": "https://www.chanmama.com/awemeDetail/6852110734055279886", "digg_count": 5245, "digg_incr": 1097, "aweme_create_time": 1595381357, "category": 5, "volume": 410, "amount": 4059}, "author": {"author_id": "74412939769", "nickname": "兄弟小商品", "follower_count": 42391}}, {"aweme": {"aweme_id": "6852311422282566926", "aweme_title": "来自@飞乐鸟 的彩铅纸，上色很棒呀，彩铅零基础教程～草莓@DOU+小助手 #彩铅画", "aweme_url": "https://www.iesdouyin.com/share/video/6852311422282566926/?region=CN&mid=6679662293124385548&u_code=340gif99llia&titleType=title", "download_url": "https://www.chanmama.com/awemeDetail/6852311422282566926", "digg_count": 1771, "digg_incr": 1084, "aweme_create_time": 1595428083, "category": 5, "volume": 0, "amount": 0}, "author": {"author_id": "106077546083", "nickname": "可柒的彩铅画", "follower_count": 77225}}, {"aweme": {"aweme_id": "6852135708308622592", "aweme_title": "这首歌真的很好听", "aweme_url": "https://www.iesdouyin.com/share/video/6852135708308622592/?region=CN&mid=6852136090669681422&u_code=0&titleType=title", "download_url": "https://www.chanmama.com/awemeDetail/6852135708308622592", "digg_count": 1321, "digg_incr": 1079, "aweme_create_time": 1595387190, "category": 5, "volume": 0, "amount": 0}, "author": {"author_id": "83824614157", "nickname": "开心丽姐", "follower_count": 859201}}, {"aweme": {"aweme_id": "6852151900146535687", "aweme_title": "定价多少为好，反正超过1000是没人买的。#荷花#团扇#国画#宜兴宜兴 #夏天#创作人计划@DOU+小助手", "aweme_url": "https://www.iesdouyin.com/share/video/6852151900146535687/?region=CN&mid=6852151934628055816&u_code=19fjbl89kf63&titleType=title", "download_url": "https://www.chanmama.com/awemeDetail/6852151900146535687", "digg_count": 1515, "digg_incr": 1077, "aweme_create_time": 1595390941, "category": 5, "volume": 1, "amount": 25}, "author": {"author_id": "93513972219", "nickname": "水墨阳羡", "follower_count": 41872}}, {"aweme": {"aweme_id": "6852220316073069827", "aweme_title": "你烤的吐司为什么总是不满模？学会这些技巧，新手也能轻松成功#烘焙 #吐司面包", "aweme_url": "https://www.iesdouyin.com/share/video/6852220316073069827/?region=CN&mid=6852220447031855886&u_code=0&titleType=title", "download_url": "https://www.chanmama.com/awemeDetail/6852220316073069827", "digg_count": 1508, "digg_incr": 1057, "aweme_create_time": 1595406877, "category": 5, "volume": 18, "amount": 351}, "author": {"author_id": "12793731619559", "nickname": "二姐(小烤拉烘焙)", "follower_count": 346770}}, {"aweme": {"aweme_id": "6852139769653120271", "aweme_title": "出门带上它，特别方便哦。#水杯 #好物推荐", "aweme_url": "https://www.iesdouyin.com/share/video/6852139769653120271/?region=CN&mid=6627253943682468621&u_code=2hfje4g0ac6b&titleType=title", "download_url": "https://www.chanmama.com/awemeDetail/6852139769653120271", "digg_count": 1547, "digg_incr": 1053, "aweme_create_time": 1595388115, "category": 5, "volume": 22, "amount": 569.8}, "author": {"author_id": "108725733507", "nickname": "小阿七", "follower_count": 158940}}, {"aweme": {"aweme_id": "6852189976969432335", "aweme_title": "北上广深早看腻了，看看中部非省会城市的排名吧。#洛阳#襄阳#宜昌#衡阳#芜湖#赣州#南阳#岳阳#常德#许昌", "aweme_url": "https://www.iesdouyin.com/share/video/6852189976969432335/?region=CN&mid=6805572911341390599&u_code=1h7f30l0i9ha&titleType=title", "download_url": "https://www.chanmama.com/awemeDetail/6852189976969432335", "digg_count": 1405, "digg_incr": 1044, "aweme_create_time": 1595399806, "category": 5, "volume": 2, "amount": 37.8}, "author": {"author_id": "4182142514629582", "nickname": "萌叔的城市TOP10", "follower_count": 39755}}, {"aweme": {"aweme_id": "6852237369496718600", "aweme_title": "其实我是耐看型的那一种，不信你看，越看越好看。", "aweme_url": "https://www.iesdouyin.com/share/video/6852237369496718600/?region=CN&mid=6802751112995736328&u_code=1gb2j861imci&titleType=title", "download_url": "https://www.chanmama.com/awemeDetail/6852237369496718600", "digg_count": 1439, "digg_incr": 1026, "aweme_create_time": 1595410841, "category": 5, "volume": 0, "amount": 0}, "author": {"author_id": "104954193965", "nickname": "小燕子", "follower_count": 306361}}, {"aweme": {"aweme_id": "6852103677843426574", "aweme_title": "#青菜拼车拼拼拼 #喝彩变身 #不负吾爱探索x面 #洗碗棉@DOU+小助手  吓懵圈了，实在不行人也送！", "aweme_url": "https://www.iesdouyin.com/share/video/6852103677843426574/?region=CN&mid=6852103660768430855&u_code=43c903ch7lim&titleType=title", "download_url": "https://www.chanmama.com/awemeDetail/6852103677843426574", "digg_count": 1539, "digg_incr": 1014, "aweme_create_time": 1595379715, "category": 5, "volume": 0, "amount": 0}, "author": {"author_id": "3861124331868656", "nickname": "义乌市迎莱电子商务", "follower_count": 30708}}, {"aweme": {"aweme_id": "6852305802204630279", "aweme_title": "#格斗术 #dou上热门 任何动作的威胁。只要你的手能碰到男人最脆弱的地方。那么你80%可以有挣脱的机会。", "aweme_url": "https://www.iesdouyin.com/share/video/6852305802204630279/?region=CN&mid=6845196198731680526&u_code=2jifj957kd77&titleType=title", "download_url": "https://www.chanmama.com/awemeDetail/6852305802204630279", "digg_count": 1095, "digg_incr": 1011, "aweme_create_time": 1595426774, "category": 5, "volume": 0, "amount": 0}, "author": {"author_id": "100577890840", "nickname": "男子格斗术", "follower_count": 88027}}, {"aweme": {"aweme_id": "6852147373196561675", "aweme_title": "12345我要丢垃圾去咯！我们家垃圾袋厚度够，够环保@抖音小助手", "aweme_url": "https://www.iesdouyin.com/share/video/6852147373196561675/?region=CN&mid=6844773311390418951&u_code=2jifj950a93b&titleType=title", "download_url": "https://www.chanmama.com/awemeDetail/6852147373196561675", "digg_count": 1447, "digg_incr": 983, "aweme_create_time": 1595389893, "category": 5, "volume": 2, "amount": 19.8}, "author": {"author_id": "1288249534842587", "nickname": "猪猪兄弟(甄选)", "follower_count": 95953}}, {"aweme": {"aweme_id": "6852143619399339268", "aweme_title": "你好运营商动作素材来了，你敢用我的玩法吗？ #csgo #手速", "aweme_url": "https://www.iesdouyin.com/share/video/6852143619399339268/?region=CN&mid=6852143664450308877&u_code=45a6gmj0h2h&titleType=title", "download_url": "https://www.chanmama.com/awemeDetail/6852143619399339268", "digg_count": 2250, "digg_incr": 981, "aweme_create_time": 1595389020, "category": 5, "volume": 4, "amount": 159.6}, "author": {"author_id": "96698670855", "nickname": "一个人玩梳子", "follower_count": 526588}}, {"aweme": {"aweme_id": "6852128501437369615", "aweme_title": "爱是给予不是索取 爱你的人 怎么爱你都爱不够 不爱你的人 怎么付出 都不会被珍惜", "aweme_url": "https://www.iesdouyin.com/share/video/6852128501437369615/?region=CN&mid=6852128496840362759&u_code=0&titleType=title", "download_url": "https://www.chanmama.com/awemeDetail/6852128501437369615", "digg_count": 1306, "digg_incr": 976, "aweme_create_time": 1595385492, "category": 5, "volume": 0, "amount": 0}, "author": {"author_id": "56162899314", "nickname": "辉哥", "follower_count": 384109}}, {"aweme": {"aweme_id": "6852095731214470407", "aweme_title": "关注我一起学习建筑水电预埋，", "aweme_url": "https://www.iesdouyin.com/share/video/6852095731214470407/?region=CN&mid=6697334049930775300&u_code=0&titleType=title", "download_url": "https://www.chanmama.com/awemeDetail/6852095731214470407", "digg_count": 1368, "digg_incr": 971, "aweme_create_time": 1595377866, "category": 5, "volume": 0, "amount": 0}, "author": {"author_id": "111280977458", "nickname": "精致预埋", "follower_count": 191660}}, {"aweme": {"aweme_id": "6852250898987601167", "aweme_title": "跟我去打篮球吧 我赢对面男生 你赢对面男生的女朋友#187cm #篮球生#篮球 @DOU+小助手", "aweme_url": "https://www.iesdouyin.com/share/video/6852250898987601167/?region=CN&mid=6813909832815430412&u_code=2kf531i7iek5&titleType=title", "download_url": "https://www.chanmama.com/awemeDetail/6852250898987601167", "digg_count": 1279, "digg_incr": 958, "aweme_create_time": 1595413995, "category": 5, "volume": 1, "amount": 49}, "author": {"author_id": "64510384192", "nickname": "振宇有点懒", "follower_count": 18287}}, {"aweme": {"aweme_id": "6852252101024746756", "aweme_title": "回复之前评论区的质疑，今天谈谈大午集团对企业的定义和产品的定位#管理 #企业管理 @抖音小助手", "aweme_url": "https://www.iesdouyin.com/share/video/6852252101024746756/?region=CN&mid=6852252162358102791&u_code=3kdem96968fl&titleType=title", "download_url": "https://www.chanmama.com/awemeDetail/6852252101024746756", "digg_count": 1066, "digg_incr": 878, "aweme_create_time": 1595414276, "category": 5, "volume": 1, "amount": 29.9}, "author": {"author_id": "4155807062308776", "nickname": "大午传承", "follower_count": 35168}}, {"aweme": {"aweme_id": "6852244798250765582", "aweme_title": "蚂蚁上树肉末粉丝，好吃做起来简单， #抖音美食精选  #美食教程", "aweme_url": "https://www.iesdouyin.com/share/video/6852244798250765582/?region=CN&mid=6852244879939013384&u_code=0&titleType=title", "download_url": "https://www.chanmama.com/awemeDetail/6852244798250765582", "digg_count": 1410, "digg_incr": 877, "aweme_create_time": 1595412585, "category": 5, "volume": 0, "amount": 0}, "author": {"author_id": "96696426598", "nickname": "大叔美食分享", "follower_count": 408240}}, {"aweme": {"aweme_id": "6852097029548543247", "aweme_title": "世界上最难受的四个字，你知道是什么吗？#感谢官方感谢热门 #画画", "aweme_url": "https://www.iesdouyin.com/share/video/6852097029548543247/?region=CN&mid=6852096979888114440&u_code=0&titleType=title", "download_url": "https://www.chanmama.com/awemeDetail/6852097029548543247", "digg_count": 1132, "digg_incr": 857, "aweme_create_time": 1595378165, "category": 5, "volume": 2, "amount": 21.6}, "author": {"author_id": "108636609953", "nickname": "芸琪简笔画", "follower_count": 946617}}, {"aweme": {"aweme_id": "6852157619159764237", "aweme_title": "遇到这样的机会就要囤货#合金筷子 #抖音小助手 #我要上热门", "aweme_url": "https://www.iesdouyin.com/share/video/6852157619159764237/?region=CN&mid=6852157614646692615&u_code=0&titleType=title", "download_url": "https://www.chanmama.com/awemeDetail/6852157619159764237", "digg_count": 1010, "digg_incr": 857, "aweme_create_time": 1595392273, "category": 5, "volume": 77, "amount": 762.3000000000001}, "author": {"author_id": "69888836196", "nickname": "抖速新哥百货工厂", "follower_count": 851937}}, {"aweme": {"aweme_id": "6852163131557416196", "aweme_title": "海浪主题手帐来啦#手帐本 #手账 #手帐日常", "aweme_url": "https://www.iesdouyin.com/share/video/6852163131557416196/?region=CN&mid=6830699449170397966&u_code=0&titleType=title", "download_url": "https://www.chanmama.com/awemeDetail/6852163131557416196", "digg_count": 1376, "digg_incr": 851, "aweme_create_time": 1595393563, "category": 5, "volume": 0, "amount": 0}, "author": {"author_id": "101561696314", "nickname": "少女心课代表", "follower_count": 351930}}, {"aweme": {"aweme_id": "6852060599187180808", "aweme_title": "@会飞的小虫子🐛发了一个抖音短视频，你尽管点开，不好看算我输！", "aweme_url": "https://www.iesdouyin.com/share/video/6852060599187180808/?region=CN&mid=6852060574939941645&u_code=3kdem96968fl&titleType=", "download_url": "https://www.chanmama.com/awemeDetail/6852060599187180808", "digg_count": 1007, "digg_incr": 850, "aweme_create_time": 1595369695, "category": 5, "volume": 68, "amount": 1291.32}, "author": {"author_id": "1859991160501079", "nickname": "会飞的小虫子🐛", "follower_count": 85750}}, {"aweme": {"aweme_id": "6852111088226487567", "aweme_title": "灰兔子下崽了，下了八个，八个颜色都不一样，您品您细品，哈哈哈，#做毛笔的老爷爷", "aweme_url": "https://www.iesdouyin.com/share/video/6852111088226487567/?region=CN&mid=6824821690737199880&u_code=0&titleType=title", "download_url": "https://www.chanmama.com/awemeDetail/6852111088226487567", "digg_count": 1226, "digg_incr": 842, "aweme_create_time": 1595381438, "category": 5, "volume": 8, "amount": 408}, "author": {"author_id": "93377888065", "nickname": "做毛笔的老爷爷", "follower_count": 148295}}, {"aweme": {"aweme_id": "6852272596407307534", "aweme_title": "闲着没事的也可以测着玩玩", "aweme_url": "https://www.iesdouyin.com/share/video/6852272596407307534/?region=CN&mid=6852272613377772295&u_code=2c8g7ik8j27&titleType=title", "download_url": "https://www.chanmama.com/awemeDetail/6852272596407307534", "digg_count": 1457, "digg_incr": 812, "aweme_create_time": 1595419042, "category": 5, "volume": 0, "amount": 0}, "author": {"author_id": "97479759195", "nickname": "唐润白酒哥", "follower_count": 12863}}, {"aweme": {"aweme_id": "6852209560980081935", "aweme_title": "终于出太阳啦！最美不是下雨天 而是与你撑伞游过的乐园#雨伞 #雨过就会心晴", "aweme_url": "https://www.iesdouyin.com/share/video/6852209560980081935/?region=CN&mid=6723095591426984705&u_code=0&titleType=title", "download_url": "https://www.chanmama.com/awemeDetail/6852209560980081935", "digg_count": 1739, "digg_incr": 802, "aweme_create_time": 1595404365, "category": 5, "volume": 1, "amount": 116}, "author": {"author_id": "3066050208", "nickname": "Hello Kitty乐园", "follower_count": 268174}}, {"aweme": {"aweme_id": "6852163504061811983", "aweme_title": "最近老有人说你一个老板就那么闲吗？每天发抖音，我要告诉你，该工作时我在工作，该休息时，我也没闲着，拍视频写文案", "aweme_url": "https://www.iesdouyin.com/share/video/6852163504061811983/?region=CN&mid=6643291734639905544&u_code=1ac8ie1fgm68&titleType=title", "download_url": "https://www.chanmama.com/awemeDetail/6852163504061811983", "digg_count": 1191, "digg_incr": 764, "aweme_create_time": 1595393642, "category": 5, "volume": 1, "amount": 29.7}, "author": {"author_id": "3126606601661307", "nickname": "东莞市远扬纸业有限公司", "follower_count": 80061}}, {"aweme": {"aweme_id": "6852244053250116864", "aweme_title": "坐着睡觉舒服吗？出差旅行、办公室午睡同事羡慕坏了#我捡到宝了 #u型枕 #坐着睡觉你行么", "aweme_url": "https://www.iesdouyin.com/share/video/6852244053250116864/?region=CN&mid=6852244069570104077&u_code=0&titleType=title", "download_url": "https://www.chanmama.com/awemeDetail/6852244053250116864", "digg_count": 1156, "digg_incr": 753, "aweme_create_time": 1595412396, "category": 5, "volume": 0, "amount": 0}, "author": {"author_id": "94992667248", "nickname": "手残也要买", "follower_count": 864161}}, {"aweme": {"aweme_id": "6852276448611372302", "aweme_title": "你知道什么是“登”“登”“登”？#书法 #九成宫 #抖音小助手", "aweme_url": "https://www.iesdouyin.com/share/video/6852276448611372302/?region=CN&mid=6852276476369292039&u_code=294bg9d7idcl&titleType=title", "download_url": "https://www.chanmama.com/awemeDetail/6852276448611372302", "digg_count": 1111, "digg_incr": 752, "aweme_create_time": 1595419939, "category": 5, "volume": 2, "amount": 46}, "author": {"author_id": "3716002646603932", "nickname": "九万者也", "follower_count": 61415}}, {"aweme": {"aweme_id": "6852265699952332047", "aweme_title": "可软可硬的全支撑旅行#u型枕 ，可坐着睡觉，不会伤脖子#717奇妙好物在这里", "aweme_url": "https://www.iesdouyin.com/share/video/6852265699952332047/?region=CN&mid=6852265773319080711&u_code=0&titleType=title", "download_url": "https://www.chanmama.com/awemeDetail/6852265699952332047", "digg_count": 1219, "digg_incr": 692, "aweme_create_time": 1595417435, "category": 5, "volume": 0, "amount": 0}, "author": {"author_id": "96089881161", "nickname": "京内科技馆", "follower_count": 934814}}, {"aweme": {"aweme_id": "6852144680587611400", "aweme_title": "宝宝吃辅食好几个月了，整理了一些好用不贵的辅食工具，特别是这#辅食锅 今天只要9.9！要知道我之前入49米！", "aweme_url": "https://www.iesdouyin.com/share/video/6852144680587611400/?region=CN&mid=6827684762220890887&u_code=1gb2j861imci&titleType=title", "download_url": "https://www.chanmama.com/awemeDetail/6852144680587611400", "digg_count": 1369, "digg_incr": 679, "aweme_create_time": 1595389261, "category": 5, "volume": 3, "amount": 29.67}, "author": {"author_id": "606573353775725", "nickname": "八宝妈🍀", "follower_count": 16371}}, {"aweme": {"aweme_id": "6852149952802573581", "aweme_title": "好的练字方法收益一生，事半功倍！", "aweme_url": "https://www.iesdouyin.com/share/video/6852149952802573581/?region=CN&mid=6852149970380835592&u_code=0&titleType=title", "download_url": "https://www.chanmama.com/awemeDetail/6852149952802573581", "digg_count": 1417, "digg_incr": 668, "aweme_create_time": 1595390488, "category": 5, "volume": 0, "amount": 0}, "author": {"author_id": "102254890803", "nickname": "夏天练字", "follower_count": 932790}}]}