{"data": [{"aweme": {"aweme_id": "6852188179668143375", "aweme_title": "我想成为你的夏日限定 #谈恋爱吗 #夏天 #泡泡机 @DOU+小助手", "aweme_url": "https://www.iesdouyin.com/share/video/6852188179668143375/?region=CN&mid=6851845281143655176&u_code=2j8l4dk9ak4b&titleType=title", "download_url": "https://www.chanmama.com/awemeDetail/6852188179668143375", "digg_count": 222715, "digg_incr": 133065, "aweme_create_time": 1595399387, "category": 6, "volume": 90, "amount": 3141}, "author": {"author_id": "61113767205", "nickname": "Eva🛹", "follower_count": 56013}}, {"aweme": {"aweme_id": "6852173742425066752", "aweme_title": "如果只用一个词形容科比，你会用什么来形容科比。#科比 #重启新赛季 #dou来nba", "aweme_url": "https://www.iesdouyin.com/share/video/6852173742425066752/?region=CN&mid=6852173745789291278&u_code=1mjebmjmcf16&titleType=title", "download_url": "https://www.chanmama.com/awemeDetail/6852173742425066752", "digg_count": 35107, "digg_incr": 33516, "aweme_create_time": 1595396025, "category": 6, "volume": 3, "amount": 110.69999999999999}, "author": {"author_id": "11479029163", "nickname": "篮球🏀部落", "follower_count": 313870}}, {"aweme": {"aweme_id": "6852294071692627215", "aweme_title": "这是一条出逃必备的jk制服小裙子#充能计划 #jk制服 #贩梦日记 #jk @DOU+小助手", "aweme_url": "https://www.iesdouyin.com/share/video/6852294071692627215/?region=CN&mid=6852294093901810439&u_code=3ghh3kbgkj6b&titleType=title", "download_url": "https://www.chanmama.com/awemeDetail/6852294071692627215", "digg_count": 60620, "digg_incr": 14570, "aweme_create_time": 1595424041, "category": 6, "volume": 0, "amount": 0}, "author": {"author_id": "2809987801298227", "nickname": "樱桃泡泡JK制服馆", "follower_count": 33277}}, {"aweme": {"aweme_id": "6852124301810846976", "aweme_title": "只要胆子够大，就没有撩不到的妞🧐#甜甜的恋爱 #礼物", "aweme_url": "https://www.iesdouyin.com/share/video/6852124301810846976/?region=CN&mid=6838518831309572872&u_code=0&titleType=title", "download_url": "https://www.chanmama.com/awemeDetail/6852124301810846976", "digg_count": 14074, "digg_incr": 12615, "aweme_create_time": 1595384514, "category": 6, "volume": 281, "amount": 10454.699999999999}, "author": {"author_id": "2576908635085296", "nickname": "猫仙人💕", "follower_count": 8119}}, {"aweme": {"aweme_id": "6852120065727302920", "aweme_title": "网红套装爆单中🔥定单超出预期，面料特种面料，需排单安排发货，感谢大家的理解和支持#感谢抖音平台", "aweme_url": "https://www.iesdouyin.com/share/video/6852120065727302920/?region=CN&mid=6846155979579558664&u_code=0&titleType=title", "download_url": "https://www.chanmama.com/awemeDetail/6852120065727302920", "digg_count": 18403, "digg_incr": 12149, "aweme_create_time": 1595383529, "category": 6, "volume": 1646, "amount": 95468}, "author": {"author_id": "64196654214", "nickname": "潮妈穿搭", "follower_count": 86857}}, {"aweme": {"aweme_id": "6852190073681661199", "aweme_title": "生个女儿吧，可盐可甜的那种，每天打扮的漂漂亮亮的，到哪都能吸引别人羡慕的眼光#童装#我要上热门@DOU+小助手", "aweme_url": "https://www.iesdouyin.com/share/video/6852190073681661199/?region=CN&mid=6823152141700958989&u_code=0&titleType=title", "download_url": "https://www.chanmama.com/awemeDetail/6852190073681661199", "digg_count": 13145, "digg_incr": 10773, "aweme_create_time": 1595399828, "category": 6, "volume": 0, "amount": 0}, "author": {"author_id": "76695781209", "nickname": "萌依汇童装", "follower_count": 36566}}, {"aweme": {"aweme_id": "6852242563164933384", "aweme_title": "非常开心再次入围白玉兰奖！#伍六七 #伍六七之最强发型师 #看我放大大大招 @伍六七", "aweme_url": "https://www.iesdouyin.com/share/video/6852242563164933384/?region=CN&mid=6852242573005343495&u_code=0&titleType=title", "download_url": "https://www.chanmama.com/awemeDetail/6852242563164933384", "digg_count": 13099, "digg_incr": 9858, "aweme_create_time": 1595412050, "category": 6, "volume": 1, "amount": 29}, "author": {"author_id": "62937341789", "nickname": "啊哈娱乐", "follower_count": 402343}}, {"aweme": {"aweme_id": "6852101665441451275", "aweme_title": "船长给朋友们分享一下，海洋景色温柔的一面，好朋友们你们喜欢么？点赞评论告诉船长，以后多发一些哪方面的作品？", "aweme_url": "https://www.iesdouyin.com/share/video/6852101665441451275/?region=CN&mid=6852101675780475662&u_code=j730d40cij&titleType=title", "download_url": "https://www.chanmama.com/awemeDetail/6852101665441451275", "digg_count": 12637, "digg_incr": 9534, "aweme_create_time": 1595379256, "category": 6, "volume": 2, "amount": 19.8}, "author": {"author_id": "94698846791", "nickname": "中国船长", "follower_count": 845071}}, {"aweme": {"aweme_id": "6851966206488890639", "aweme_title": "高领T恤黑色短裤，也太好看了，美爆一条街！！！", "aweme_url": "https://www.iesdouyin.com/share/video/6851966206488890639/?region=CN&mid=6806467448011787016&u_code=45a6gmj0h2h&titleType=title", "download_url": "https://www.chanmama.com/awemeDetail/6851966206488890639", "digg_count": 13654, "digg_incr": 7973, "aweme_create_time": 1595347708, "category": 6, "volume": 2174, "amount": 92462.59999999999}, "author": {"author_id": "60365552841", "nickname": "常熟市服装城陈志君服装商行", "follower_count": 457735}}, {"aweme": {"aweme_id": "6852115332409068807", "aweme_title": "新交的女朋友很可爱，很羞涩，舔糖的一瞬间心动了💓。马上带回家#情侣 #女朋友 #礼物 #手枪棒棒糖", "aweme_url": "https://www.iesdouyin.com/share/video/6852115332409068807/?region=CN&mid=6838518831309572872&u_code=0&titleType=title", "download_url": "https://www.chanmama.com/awemeDetail/6852115332409068807", "digg_count": 6452, "digg_incr": 6703, "aweme_create_time": 1595382427, "category": 6, "volume": 97, "amount": 2415.2999999999997}, "author": {"author_id": "3839125359692062", "nickname": "阿狸的百宝屋", "follower_count": 103181}}, {"aweme": {"aweme_id": "6852152134998265088", "aweme_title": "@DOU+小助手 @抖音小助手", "aweme_url": "https://www.iesdouyin.com/share/video/6852152134998265088/?region=CN&mid=6852152127390108423&u_code=0&titleType=title", "download_url": "https://www.chanmama.com/awemeDetail/6852152134998265088", "digg_count": 7157, "digg_incr": 5877, "aweme_create_time": 1595390995, "category": 6, "volume": 1279, "amount": 12662.1}, "author": {"author_id": "62235745471", "nickname": "熹金电子商务有限公司", "follower_count": 340593}}, {"aweme": {"aweme_id": "6852098118348016903", "aweme_title": "女孩子应该给她穿不同风格的衣服，从小培养她的气质，长大后她会更自信##汉服 #我要上热门 #中国风", "aweme_url": "https://www.iesdouyin.com/share/video/6852098118348016903/?region=CN&mid=6827795124127861518&u_code=0&titleType=title", "download_url": "https://www.chanmama.com/awemeDetail/6852098118348016903", "digg_count": 6825, "digg_incr": 5444, "aweme_create_time": 1595378421, "category": 6, "volume": 0, "amount": 0}, "author": {"author_id": "104707733549", "nickname": "织里七七家童装", "follower_count": 148289}}, {"aweme": {"aweme_id": "6852183484732017920", "aweme_title": "只要胆子够大，就没有撩不到的妞🧐#礼物 #甜甜的恋爱", "aweme_url": "https://www.iesdouyin.com/share/video/6852183484732017920/?region=CN&mid=6838518831309572872&u_code=0&titleType=title", "download_url": "https://www.chanmama.com/awemeDetail/6852183484732017920", "digg_count": 5566, "digg_incr": 5370, "aweme_create_time": 1595398293, "category": 6, "volume": 119, "amount": 4420.8}, "author": {"author_id": "2576908635085296", "nickname": "猫仙人💕", "follower_count": 8119}}, {"aweme": {"aweme_id": "6852085303218294023", "aweme_title": "9.9米锁骨项链！钛钢材质！不掉色#好看又便宜 #经济又实惠 #饰品搭配 #项链 #饰品首饰", "aweme_url": "https://www.iesdouyin.com/share/video/6852085303218294023/?region=CN&mid=6807835019558521611&u_code=461mk57mlda1&titleType=title", "download_url": "https://www.chanmama.com/awemeDetail/6852085303218294023", "digg_count": 4780, "digg_incr": 4802, "aweme_create_time": 1595375439, "category": 6, "volume": 0, "amount": 0}, "author": {"author_id": "2370175732289315", "nickname": "义乌市刘科围巾（6点开播有惊喜)", "follower_count": 365163}}, {"aweme": {"aweme_id": "6852134910988209420", "aweme_title": "夏天就爱给宝宝穿这种小吊带，不怕热不怕卷边肚子受凉，换尿不湿也方便，还搭配袜子，好看舒服又吸汗💕#带娃", "aweme_url": "https://www.iesdouyin.com/share/video/6852134910988209420/?region=CN&mid=6832705284624993037&u_code=45a6gmj0h2h&titleType=title", "download_url": "https://www.chanmama.com/awemeDetail/6852134910988209420", "digg_count": 8064, "digg_incr": 4698, "aweme_create_time": 1595386992, "category": 6, "volume": 9, "amount": 269.09999999999997}, "author": {"author_id": "60696552074", "nickname": "哈尼酱· 👑", "follower_count": 43279}}, {"aweme": {"aweme_id": "6852253896094567683", "aweme_title": "泡泡枪没水了？？教你一招轻松解决！#泡泡枪 #种草", "aweme_url": "https://www.iesdouyin.com/share/video/6852253896094567683/?region=CN&mid=6580208805194566414&u_code=3ghh3kbgkj6b&titleType=title", "download_url": "https://www.chanmama.com/awemeDetail/6852253896094567683", "digg_count": 5584, "digg_incr": 4676, "aweme_create_time": 1595414694, "category": 6, "volume": 4, "amount": 180}, "author": {"author_id": "108631695054", "nickname": "小喵的日常", "follower_count": 86661}}, {"aweme": {"aweme_id": "6852176071136267527", "aweme_title": "听说百分之八十的人打出“ccc”都是冲冲冲，不信你试试#jk", "aweme_url": "https://www.iesdouyin.com/share/video/6852176071136267527/?region=CN&mid=6832576744701119239&u_code=0&titleType=title", "download_url": "https://www.chanmama.com/awemeDetail/6852176071136267527", "digg_count": 5584, "digg_incr": 4496, "aweme_create_time": 1595396569, "category": 6, "volume": 0, "amount": 0}, "author": {"author_id": "70796759711", "nickname": "阿九Ajiu🍥", "follower_count": 474774}}, {"aweme": {"aweme_id": "6852182801056369928", "aweme_title": "曝光所有男生的秘密……#学生党", "aweme_url": "https://www.iesdouyin.com/share/video/6852182801056369928/?region=CN&mid=6852182822762089224&u_code=4a7f7e959j2l&titleType=title", "download_url": "https://www.chanmama.com/awemeDetail/6852182801056369928", "digg_count": 5373, "digg_incr": 4223, "aweme_create_time": 1595398136, "category": 6, "volume": 0, "amount": 0}, "author": {"author_id": "3504895160760264", "nickname": "一起玩太空沙", "follower_count": 181288}}, {"aweme": {"aweme_id": "6851978875036077327", "aweme_title": "沙雕鸭：遇上了一生之敌 #复读鸭 ！《二》场面一度混乱@DOU+小助手", "aweme_url": "https://www.iesdouyin.com/share/video/6851978875036077327/?region=CN&mid=6851978828290525965&u_code=0&titleType=title", "download_url": "https://www.chanmama.com/awemeDetail/6851978875036077327", "digg_count": 14026, "digg_incr": 3349, "aweme_create_time": 1595350664, "category": 6, "volume": 60, "amount": 2340}, "author": {"author_id": "64117239874", "nickname": "张小维", "follower_count": 35073}}, {"aweme": {"aweme_id": "6852228998475402496", "aweme_title": "@DOU+小助手 @抖音小助手", "aweme_url": "https://www.iesdouyin.com/share/video/6852228998475402496/?region=CN&mid=6852229010282384136&u_code=107m7bg5i135&titleType=title", "download_url": "https://www.chanmama.com/awemeDetail/6852228998475402496", "digg_count": 3814, "digg_incr": 3298, "aweme_create_time": 1595408891, "category": 6, "volume": 0, "amount": 0}, "author": {"author_id": "62235745471", "nickname": "熹金电子商务有限公司", "follower_count": 340593}}, {"aweme": {"aweme_id": "6851914377885404423", "aweme_title": "一耳光下去清醒了 #单鞋  #童鞋  #dou十小助手", "aweme_url": "https://www.iesdouyin.com/share/video/6851914377885404423/?region=CN&mid=6851914558660299533&u_code=0&titleType=title", "download_url": "https://www.chanmama.com/awemeDetail/6851914377885404423", "digg_count": 3149, "digg_incr": 3159, "aweme_create_time": 1595374200, "category": 6, "volume": 381, "amount": 9525}, "author": {"author_id": "1437793934123587", "nickname": "台州卡勒商贸有限公司", "follower_count": 416521}}, {"aweme": {"aweme_id": "6852247663253982479", "aweme_title": "#楚乔手工编织贵夫人马甲材料包 @抖音小助手", "aweme_url": "https://www.iesdouyin.com/share/video/6852247663253982479/?region=CN&mid=6852247680161286919&u_code=29e686k94ldf&titleType=title", "download_url": "https://www.chanmama.com/awemeDetail/6852247663253982479", "digg_count": 3294, "digg_incr": 3019, "aweme_create_time": 1595413236, "category": 6, "volume": 2, "amount": 118}, "author": {"author_id": "73552590458", "nickname": "细河区亚杰毛线时装", "follower_count": 283991}}, {"aweme": {"aweme_id": "6852189418086780167", "aweme_title": "新交的女朋友很可爱，很羞涩，舔糖的一瞬间心动了💓。马上带回家#情侣 #女朋友 #礼物 #手枪棒棒糖", "aweme_url": "https://www.iesdouyin.com/share/video/6852189418086780167/?region=CN&mid=6838518831309572872&u_code=45a6gmj0h2h&titleType=title", "download_url": "https://www.chanmama.com/awemeDetail/6852189418086780167", "digg_count": 2862, "digg_incr": 3016, "aweme_create_time": 1595399677, "category": 6, "volume": 43, "amount": 1070.7}, "author": {"author_id": "3839125359692062", "nickname": "阿狸的百宝屋", "follower_count": 103181}}, {"aweme": {"aweme_id": "6852200439807610120", "aweme_title": "有人之处，就有江湖，就有是非，明确自己的目标，冲出江湖！#姜博士社会学@DOU+小助手", "aweme_url": "https://www.iesdouyin.com/share/video/6852200439807610120/?region=CN&mid=6852200564617480973&u_code=0&titleType=title", "download_url": "https://www.chanmama.com/awemeDetail/6852200439807610120", "digg_count": 6085, "digg_incr": 2841, "aweme_create_time": 1595402268, "category": 6, "volume": 3, "amount": 297}, "author": {"author_id": "448237770669607", "nickname": "姜博士社会学", "follower_count": 178376}}, {"aweme": {"aweme_id": "6852241171540872463", "aweme_title": "不会点物理知识都玩不了积木了#乐高 #礼物 #好物推荐 #积木 #测评 #物理 #科普 #国货发光", "aweme_url": "https://www.iesdouyin.com/share/video/6852241171540872463/?region=CN&mid=6852241215598185223&u_code=0&titleType=title", "download_url": "https://www.chanmama.com/awemeDetail/6852241171540872463", "digg_count": 6337, "digg_incr": 2778, "aweme_create_time": 1595411725, "category": 6, "volume": 62, "amount": 1178}, "author": {"author_id": "2590073465079757", "nickname": "积木啊喂🤔", "follower_count": 110645}}, {"aweme": {"aweme_id": "6852192722523065607", "aweme_title": "妈呀，猜猜是谁😂#反季羽绒服 #直播 #童装 #羽绒服 #反季清仓 #服装", "aweme_url": "https://www.iesdouyin.com/share/video/6852192722523065607/?region=CN&mid=6775793823634163715&u_code=45a6gmj0h2h&titleType=title", "download_url": "https://www.chanmama.com/awemeDetail/6852192722523065607", "digg_count": 2771, "digg_incr": 2716, "aweme_create_time": 1595400446, "category": 6, "volume": 3, "amount": 465}, "author": {"author_id": "61154921375", "nickname": "图图小象服饰（每天中午10点开播）", "follower_count": 229096}}, {"aweme": {"aweme_id": "6852051389825223943", "aweme_title": "一套炒鸡便宜，拍一发二，涂鸦Ｔ配暴冰裤", "aweme_url": "https://www.iesdouyin.com/share/video/6852051389825223943/?region=CN&mid=6830859506524752654&u_code=45a6gmj0h2h&titleType=title", "download_url": "https://www.chanmama.com/awemeDetail/6852051389825223943", "digg_count": 6024, "digg_incr": 2677, "aweme_create_time": 1595367565, "category": 6, "volume": 755, "amount": 44565.9}, "author": {"author_id": "610971892333965", "nickname": "龚蚊子服装商行", "follower_count": 198160}}, {"aweme": {"aweme_id": "6852168003837054223", "aweme_title": "@DOU+小助手 @抖音小助手", "aweme_url": "https://www.iesdouyin.com/share/video/6852168003837054223/?region=CN&mid=6852168002134182670&u_code=45a6gmj0h2h&titleType=title", "download_url": "https://www.chanmama.com/awemeDetail/6852168003837054223", "digg_count": 3292, "digg_incr": 2478, "aweme_create_time": 1595394689, "category": 6, "volume": 620, "amount": 6138}, "author": {"author_id": "62235745471", "nickname": "熹金电子商务有限公司", "follower_count": 340593}}, {"aweme": {"aweme_id": "6852110985533197582", "aweme_title": "辛苦是必然的，幸福却是双倍的，你是我这辈子最好的礼物，陪你长大护你周全  #好孕", "aweme_url": "https://www.iesdouyin.com/share/video/6852110985533197582/?region=CN&mid=6852111075119385358&u_code=0&titleType=title", "download_url": "https://www.chanmama.com/awemeDetail/6852110985533197582", "digg_count": 3142, "digg_incr": 2404, "aweme_create_time": 1595381436, "category": 6, "volume": 4, "amount": 232}, "author": {"author_id": "2000730809444188", "nickname": "xiaoai孕妇装", "follower_count": 113241}}, {"aweme": {"aweme_id": "6852154873870404875", "aweme_title": "#太意外了 #青菜拼车拼拼拼 #小鱼破壳 #孵化 #新生命 🙄总觉得差了点啥，你们说差在哪儿？", "aweme_url": "https://www.iesdouyin.com/share/video/6852154873870404875/?region=CN&mid=6686684386353482508&u_code=45a6gmj0h2h&titleType=title", "download_url": "https://www.chanmama.com/awemeDetail/6852154873870404875", "digg_count": 4060, "digg_incr": 2381, "aweme_create_time": 1595391641, "category": 6, "volume": 7, "amount": 294}, "author": {"author_id": "59181562166", "nickname": "养鱼说鱼花鹦鹉", "follower_count": 849448}}, {"aweme": {"aweme_id": "6852177551952071940", "aweme_title": "藏好了没有啊，宝宝在哪儿？哎呀，妈妈怎么找不到你呀？#vlog萌宠日常 #泰迪#狗狗", "aweme_url": "https://www.iesdouyin.com/share/video/6852177551952071940/?region=CN&mid=6837649588795820813&u_code=0&titleType=title", "download_url": "https://www.chanmama.com/awemeDetail/6852177551952071940", "digg_count": 4924, "digg_incr": 2369, "aweme_create_time": 1595396922, "category": 6, "volume": 2, "amount": 43.8}, "author": {"author_id": "70882190271", "nickname": "天天哆哆🌺小泰迪☘️", "follower_count": 105740}}, {"aweme": {"aweme_id": "6852124529339206925", "aweme_title": "#火山泥沐浴乳 点👆👆车车领100绻！无*~效~*你*~就~*退！", "aweme_url": "https://www.iesdouyin.com/share/video/6852124529339206925/?region=CN&mid=6852124533638400775&u_code=1m9jjic54hdh&titleType=title", "download_url": "https://www.chanmama.com/awemeDetail/6852124529339206925", "digg_count": 2211, "digg_incr": 2208, "aweme_create_time": 1595384569, "category": 6, "volume": 1026, "amount": 30907.400000000005}, "author": {"author_id": "3491660872548608", "nickname": "沛萱雨网络", "follower_count": 12971}}, {"aweme": {"aweme_id": "6852115081979874575", "aweme_title": "我终于也有理发娃娃了！还是新款！也叫#百变发宝 #hairdooz #宅物 #充能计划 #盲盒 #拆盒", "aweme_url": "https://www.iesdouyin.com/share/video/6852115081979874575/?region=CN&mid=6852115092637862669&u_code=461mk57lm7gh&titleType=title", "download_url": "https://www.chanmama.com/awemeDetail/6852115081979874575", "digg_count": 2352, "digg_incr": 2196, "aweme_create_time": 1595382368, "category": 6, "volume": 4, "amount": 319.6}, "author": {"author_id": "101194361301", "nickname": "koko茵", "follower_count": 66173}}, {"aweme": {"aweme_id": "6852302018531298560", "aweme_title": "只要胆子够大，就没有撩不到的妞🧐#礼物 #甜甜的恋爱", "aweme_url": "https://www.iesdouyin.com/share/video/6852302018531298560/?region=CN&mid=6838518831309572872&u_code=0&titleType=title", "download_url": "https://www.chanmama.com/awemeDetail/6852302018531298560", "digg_count": 2231, "digg_incr": 2132, "aweme_create_time": 1595425891, "category": 6, "volume": 4, "amount": 99.6}, "author": {"author_id": "2576908635085296", "nickname": "猫仙人💕", "follower_count": 8119}}, {"aweme": {"aweme_id": "6852179730154720520", "aweme_title": "一天这么多时间，能不能空出一秒来想我一下 #独角兽  #毛绒玩具  #抖音小助手@DOU+小助手", "aweme_url": "https://www.iesdouyin.com/share/video/6852179730154720520/?region=CN&mid=6852179841182124807&u_code=0&titleType=title", "download_url": "https://www.chanmama.com/awemeDetail/6852179730154720520", "digg_count": 2141, "digg_incr": 2088, "aweme_create_time": 1595397442, "category": 6, "volume": 0, "amount": 0}, "author": {"author_id": "681306720570359", "nickname": "暖暖姐姐毛绒玩具", "follower_count": 64256}}, {"aweme": {"aweme_id": "6852151432443972864", "aweme_title": "给大家大概介绍这款真煮厨房吧，还有问题的宝宝们看过来啦！#迷你厨房", "aweme_url": "https://www.iesdouyin.com/share/video/6852151432443972864/?region=CN&mid=6852151431818939149&u_code=20g3ifb1immj&titleType=title", "download_url": "https://www.chanmama.com/awemeDetail/6852151432443972864", "digg_count": 2966, "digg_incr": 2086, "aweme_create_time": 1595390831, "category": 6, "volume": 11, "amount": 418}, "author": {"author_id": "329445349527227", "nickname": "玩具大王国", "follower_count": 329818}}, {"aweme": {"aweme_id": "6852187908380691726", "aweme_title": "爸爸教孩子：生活中充满变数，强健体魄、掌握求生技能，才能无所畏惧，从容应对！#补钙", "aweme_url": "https://www.iesdouyin.com/share/video/6852187908380691726/?region=CN&mid=6852187932041464583&u_code=107m7bg5i135&titleType=title", "download_url": "https://www.chanmama.com/awemeDetail/6852187908380691726", "digg_count": 3554, "digg_incr": 1992, "aweme_create_time": 1595412000, "category": 6, "volume": 6, "amount": 1254}, "author": {"author_id": "80143096818", "nickname": "森林麻麻", "follower_count": 846967}}, {"aweme": {"aweme_id": "6852222144609389837", "aweme_title": "鸭鸭快来看，马桶在抽烟！！#马桶 #整蛊 #鸭鸭", "aweme_url": "https://www.iesdouyin.com/share/video/6852222144609389837/?region=CN&mid=6852222148292676365&u_code=45f5590i1bdj&titleType=title", "download_url": "https://www.chanmama.com/awemeDetail/6852222144609389837", "digg_count": 5011, "digg_incr": 1989, "aweme_create_time": 1595407297, "category": 6, "volume": 0, "amount": 0}, "author": {"author_id": "1138700715305907", "nickname": "大葱鸭", "follower_count": 860547}}, {"aweme": {"aweme_id": "6852243226636668173", "aweme_title": "花了1000块！五盒第7弹荣耀版！超稀有#奥特曼卡片连中！霸气！#奥特曼卡牌", "aweme_url": "https://www.iesdouyin.com/share/video/6852243226636668173/?region=CN&mid=6852243374481754893&u_code=32h9k4aekmcm&titleType=title", "download_url": "https://www.chanmama.com/awemeDetail/6852243226636668173", "digg_count": 2891, "digg_incr": 1966, "aweme_create_time": 1595412219, "category": 6, "volume": 0, "amount": 0}, "author": {"author_id": "76497026965", "nickname": "奥特曼卡片柚子爸", "follower_count": 445409}}, {"aweme": {"aweme_id": "6852167666497588487", "aweme_title": "#婴儿衣服搭配 长袖汉服连体，纯棉，蝴蝶🦋飞飞@抖音小助手 #汉服", "aweme_url": "https://www.iesdouyin.com/share/video/6852167666497588487/?region=CN&mid=6780562885937842958&u_code=45a6gmj0h2h&titleType=title", "download_url": "https://www.chanmama.com/awemeDetail/6852167666497588487", "digg_count": 2383, "digg_incr": 1944, "aweme_create_time": 1595394612, "category": 6, "volume": 0, "amount": 0}, "author": {"author_id": "62678493287", "nickname": "咖啦熊婴幼儿服饰", "follower_count": 229121}}, {"aweme": {"aweme_id": "6852086773489782030", "aweme_title": "女孩子就应该尝试不同风格的衣服，从小培养她的衣品，长大后她会更自信#中国风#我要上热门 #汉服@DOU+小助手", "aweme_url": "https://www.iesdouyin.com/share/video/6852086773489782030/?region=CN&mid=6827795124127861518&u_code=3kdem96968fl&titleType=title", "download_url": "https://www.chanmama.com/awemeDetail/6852086773489782030", "digg_count": 1923, "digg_incr": 1925, "aweme_create_time": 1595375780, "category": 6, "volume": 0, "amount": 0}, "author": {"author_id": "104707733549", "nickname": "织里七七家童装", "follower_count": 148289}}, {"aweme": {"aweme_id": "6851992440505683211", "aweme_title": "奶瓶太可爱了，防摔套还带温感功能，水温超过42度立刻变色，玻璃材质安全无毒，非常适合新手爸妈#带娃好物", "aweme_url": "https://www.iesdouyin.com/share/video/6851992440505683211/?region=CN&mid=6789184458198715144&u_code=45a6gmj0h2h&titleType=title", "download_url": "https://www.chanmama.com/awemeDetail/6851992440505683211", "digg_count": 4369, "digg_incr": 1877, "aweme_create_time": 1595353888, "category": 6, "volume": 46, "amount": 915.4}, "author": {"author_id": "95966428766", "nickname": "二胎宝妈慧敏", "follower_count": 138342}}, {"aweme": {"aweme_id": "6852215120412626183", "aweme_title": "鸭鸭爱说话，鸭鸭爱唱歌，怎么会有人不爱鸭鸭？#复读鸭@老板的饮料", "aweme_url": "https://www.iesdouyin.com/share/video/6852215120412626183/?region=CN&mid=6852215251870452487&u_code=0&titleType=title", "download_url": "https://www.chanmama.com/awemeDetail/6852215120412626183", "digg_count": 2429, "digg_incr": 1861, "aweme_create_time": 1595405681, "category": 6, "volume": 0, "amount": 0}, "author": {"author_id": "1209072236374100", "nickname": "橙子玩具屋(24小时不打烊）", "follower_count": 292403}}, {"aweme": {"aweme_id": "6852155385759993103", "aweme_title": "幸运的人一生都在被童年治愈，不幸的人一生都在治愈童年，精神的给予远比物质的富足来的更重要@DOU+小助手", "aweme_url": "https://www.iesdouyin.com/share/video/6852155385759993103/?region=CN&mid=6596625429031996168&u_code=jc1blmbfcf1&titleType=title", "download_url": "https://www.chanmama.com/awemeDetail/6852155385759993103", "digg_count": 2377, "digg_incr": 1840, "aweme_create_time": 1595391751, "category": 6, "volume": 561, "amount": 33099}, "author": {"author_id": "65519993409", "nickname": "婷婷和小浠·Kids", "follower_count": 172688}}, {"aweme": {"aweme_id": "6852101752783785220", "aweme_title": "正在直播中…9⃣️.9⃣️两个.这款你们买贵了吗？", "aweme_url": "https://www.iesdouyin.com/share/video/6852101752783785220/?region=CN&mid=6852101773746850573&u_code=m1f8lj1egl3&titleType=title", "download_url": "https://www.chanmama.com/awemeDetail/6852101752783785220", "digg_count": 1759, "digg_incr": 1778, "aweme_create_time": 1595379277, "category": 6, "volume": 0, "amount": 0}, "author": {"author_id": "96880862176", "nickname": "艳子团购馆【早晨6点开播到中午12点", "follower_count": 152400}}, {"aweme": {"aweme_id": "6852134982887001359", "aweme_title": "几千块的积木确实不好拼，但泰姬陵城堡拼出来的那一刻太满足了#手工diy #礼物", "aweme_url": "https://www.iesdouyin.com/share/video/6852134982887001359/?region=CN&mid=6852134985907079949&u_code=0&titleType=title", "download_url": "https://www.chanmama.com/awemeDetail/6852134982887001359", "digg_count": 15276, "digg_incr": 1696, "aweme_create_time": 1595387001, "category": 6, "volume": 1, "amount": 95.6}, "author": {"author_id": "60788475841", "nickname": "恋爱情侣菌", "follower_count": 739212}}, {"aweme": {"aweme_id": "6852102056128433422", "aweme_title": "这款拼图你们喜欢吗?喜欢的进来看看#抖音小助手 #企业号", "aweme_url": "https://www.iesdouyin.com/share/video/6852102056128433422/?region=CN&mid=6852102142547757831&u_code=j731aca904&titleType=title", "download_url": "https://www.chanmama.com/awemeDetail/6852102056128433422", "digg_count": 1674, "digg_incr": 1679, "aweme_create_time": 1595379362, "category": 6, "volume": 0, "amount": 0}, "author": {"author_id": "96049627140", "nickname": "LH981482027", "follower_count": 193049}}, {"aweme": {"aweme_id": "6852142222045940992", "aweme_title": "@全浸Kaoki Coach老高发了一个抖音短视频，你尽管点开，不好看算我输！", "aweme_url": "https://www.iesdouyin.com/share/video/6852142222045940992/?region=CN&mid=6802365198603651073&u_code=2hfje4g0ac6b&titleType=", "download_url": "https://www.chanmama.com/awemeDetail/6852142222045940992", "digg_count": 1955, "digg_incr": 1660, "aweme_create_time": 1595388686, "category": 6, "volume": 7, "amount": 322}, "author": {"author_id": "92969412057", "nickname": "全浸Kaoki Coach老高", "follower_count": 164262}}, {"aweme": {"aweme_id": "6852135387389840644", "aweme_title": "当年兜里没有这个，都不好意思出门玩😂#一起回忆小时候 #8090后 #童年", "aweme_url": "https://www.iesdouyin.com/share/video/6852135387389840644/?region=CN&mid=6852135453005499149&u_code=0&titleType=title", "download_url": "https://www.chanmama.com/awemeDetail/6852135387389840644", "digg_count": 2669, "digg_incr": 1586, "aweme_create_time": 1595387103, "category": 6, "volume": 1, "amount": 18.1}, "author": {"author_id": "85378410297", "nickname": "踏入童年（二哥）", "follower_count": 527516}}, {"aweme": {"aweme_id": "6852260725268729088", "aweme_title": "@DOU+小助手 @抖音小助手 #717抖音奇妙好物市集", "aweme_url": "https://www.iesdouyin.com/share/video/6852260725268729088/?region=CN&mid=6852260744419953422&u_code=2jifj957kd77&titleType=title", "download_url": "https://www.chanmama.com/awemeDetail/6852260725268729088", "digg_count": 1597, "digg_incr": 1532, "aweme_create_time": 1595416277, "category": 6, "volume": 340, "amount": 3366}, "author": {"author_id": "62235745471", "nickname": "熹金电子商务有限公司", "follower_count": 340593}}, {"aweme": {"aweme_id": "6852100697060592903", "aweme_title": "未来属于那些相信梦想，并愿意为之付诸行动的人 #梦想  #猪小屁  #抖音小助手", "aweme_url": "https://www.iesdouyin.com/share/video/6852100697060592903/?region=CN&mid=6852100767441259277&u_code=0&titleType=title", "download_url": "https://www.chanmama.com/awemeDetail/6852100697060592903", "digg_count": 1571, "digg_incr": 1527, "aweme_create_time": 1595379043, "category": 6, "volume": 0, "amount": 0}, "author": {"author_id": "681306720570359", "nickname": "暖暖姐姐毛绒玩具", "follower_count": 64256}}, {"aweme": {"aweme_id": "6852218221668355343", "aweme_title": "两只可爱的小狮子，大家有没有觉得金色的那只特别眼熟？ #抖音小助手", "aweme_url": "https://www.iesdouyin.com/share/video/6852218221668355343/?region=CN&mid=6852218243302591246&u_code=6i13hj95keb&titleType=title", "download_url": "https://www.chanmama.com/awemeDetail/6852218221668355343", "digg_count": 2450, "digg_incr": 1510, "aweme_create_time": 1595406382, "category": 6, "volume": 0, "amount": 0}, "author": {"author_id": "106323811121", "nickname": "萌叔爱搜罗 ", "follower_count": 778253}}, {"aweme": {"aweme_id": "6852245074156293383", "aweme_title": "打出“我喜欢”一直点下去，听说会暴露自己喜欢的人嗷 #jk制服 #充能计划", "aweme_url": "https://www.iesdouyin.com/share/video/6852245074156293383/?region=CN&mid=6825794273586498318&u_code=2g9cfffeefe2&titleType=title", "download_url": "https://www.chanmama.com/awemeDetail/6852245074156293383", "digg_count": 1834, "digg_incr": 1446, "aweme_create_time": 1595412635, "category": 6, "volume": 0, "amount": 0}, "author": {"author_id": "75457606544", "nickname": "宝贝渊渊🐻", "follower_count": 78033}}, {"aweme": {"aweme_id": "6852280125992488205", "aweme_title": "#假面骑士 #开箱    深夜开箱-电王拼装  包的太好了！", "aweme_url": "https://www.iesdouyin.com/share/video/6852280125992488205/?region=CN&mid=6842655156677790478&u_code=2i2e61m5470e&titleType=title", "download_url": "https://www.chanmama.com/awemeDetail/6852280125992488205", "digg_count": 2223, "digg_incr": 1407, "aweme_create_time": 1595420795, "category": 6, "volume": 0, "amount": 0}, "author": {"author_id": "110264164325", "nickname": "拆蛋包", "follower_count": 49594}}, {"aweme": {"aweme_id": "6852244609536380160", "aweme_title": "400多一本的My First Book太贵？它的完美平替我给你们找到了～#育儿教育 @DOU+小助手", "aweme_url": "https://www.iesdouyin.com/share/video/6852244609536380160/?region=CN&mid=6852244641752861454&u_code=0&titleType=title", "download_url": "https://www.chanmama.com/awemeDetail/6852244609536380160", "digg_count": 2189, "digg_incr": 1384, "aweme_create_time": 1595412525, "category": 6, "volume": 97, "amount": 9603}, "author": {"author_id": "106523677263", "nickname": "安安妈妈", "follower_count": 313246}}, {"aweme": {"aweme_id": "6852249198172179720", "aweme_title": "这个仲夏 一定要和闺蜜出去玩 然后 拍好多好多的照片#lolita #闺蜜 @抖音小助手", "aweme_url": "https://www.iesdouyin.com/share/video/6852249198172179720/?region=CN&mid=6644458162399218439&u_code=363d0kkf8g79&titleType=title", "download_url": "https://www.chanmama.com/awemeDetail/6852249198172179720", "digg_count": 2039, "digg_incr": 1351, "aweme_create_time": 1595413595, "category": 6, "volume": 0, "amount": 0}, "author": {"author_id": "70181951529", "nickname": "澈里里！", "follower_count": 660679}}, {"aweme": {"aweme_id": "6852261400258137357", "aweme_title": "爱吃海带的朋友关注一下@DOU+小助手", "aweme_url": "https://www.iesdouyin.com/share/video/6852261400258137357/?region=CN&mid=6852261449977400072&u_code=4dgib6jc31hc&titleType=title", "download_url": "https://www.chanmama.com/awemeDetail/6852261400258137357", "digg_count": 1382, "digg_incr": 1351, "aweme_create_time": 1595416435, "category": 6, "volume": 232, "amount": 4616.799999999999}, "author": {"author_id": "76049885129", "nickname": "阿明国际", "follower_count": 23807}}, {"aweme": {"aweme_id": "6852096703265262848", "aweme_title": "生个女儿吧，可甜可盐的那种，给她打扮的漂漂亮亮的，到哪都能吸引别人羡慕的目光#我要上热门#童装#女童#女童汉服", "aweme_url": "https://www.iesdouyin.com/share/video/6852096703265262848/?region=CN&mid=6848750854716132103&u_code=0&titleType=title", "download_url": "https://www.chanmama.com/awemeDetail/6852096703265262848", "digg_count": 1367, "digg_incr": 1321, "aweme_create_time": 1595378089, "category": 6, "volume": 45, "amount": 3006}, "author": {"author_id": "14561136503", "nickname": "萌小象童装", "follower_count": 52669}}, {"aweme": {"aweme_id": "6852150634636954893", "aweme_title": "秘密通道原来是蹦迪场所#动画 #动漫 #搞笑 #蹦迪#我要上热门#热门#卡通秀场 #充能计划#轻漫计划", "aweme_url": "https://www.iesdouyin.com/share/video/6852150634636954893/?region=CN&mid=6852150667495213832&u_code=0&titleType=title", "download_url": "https://www.chanmama.com/awemeDetail/6852150634636954893", "digg_count": 1584, "digg_incr": 1307, "aweme_create_time": 1595390647, "category": 6, "volume": 0, "amount": 0}, "author": {"author_id": "254709231008632", "nickname": "卡通秀场（CartoonShow）", "follower_count": 118889}}, {"aweme": {"aweme_id": "6852246316060314883", "aweme_title": "你连小裙子都不穿，那你穿什么？穿山甲吗？#充能计划 #lolita", "aweme_url": "https://www.iesdouyin.com/share/video/6852246316060314883/?region=CN&mid=6729375372342725383&u_code=0&titleType=title", "download_url": "https://www.chanmama.com/awemeDetail/6852246316060314883", "digg_count": 2675, "digg_incr": 1280, "aweme_create_time": 1595412930, "category": 6, "volume": 8, "amount": 202}, "author": {"author_id": "106270925554", "nickname": "樱洛芙lolita", "follower_count": 103347}}, {"aweme": {"aweme_id": "6852300572532444431", "aweme_title": "“最盛大的浪漫是终其一生的专注” #不知姓名的c #女朋友", "aweme_url": "https://www.iesdouyin.com/share/video/6852300572532444431/?region=CN&mid=6852300598990457614&u_code=0&titleType=title", "download_url": "https://www.chanmama.com/awemeDetail/6852300572532444431", "digg_count": 1391, "digg_incr": 1258, "aweme_create_time": 1595425555, "category": 6, "volume": 0, "amount": 0}, "author": {"author_id": "71605245149", "nickname": "不知姓名的C", "follower_count": 41309}}, {"aweme": {"aweme_id": "6852180514732772623", "aweme_title": "夏天就是要穿上美美的小裙子去和姐妹约会、逛街、吃冰呀~ #vlog日常", "aweme_url": "https://www.iesdouyin.com/share/video/6852180514732772623/?region=CN&mid=6678465720948476686&u_code=0&titleType=title", "download_url": "https://www.chanmama.com/awemeDetail/6852180514732772623", "digg_count": 1633, "digg_incr": 1246, "aweme_create_time": 1595410200, "category": 6, "volume": 1, "amount": 139}, "author": {"author_id": "101078583862", "nickname": "阿辰一米八.W", "follower_count": 317366}}, {"aweme": {"aweme_id": "6852157783345761551", "aweme_title": "不要问我借钱啦，大家都是同样的年纪，你没钱，我就会有吗？#短裙 #jk制服 #推荐 @抖音小助手", "aweme_url": "https://www.iesdouyin.com/share/video/6852157783345761551/?region=CN&mid=6849201438040869645&u_code=0&titleType=title", "download_url": "https://www.chanmama.com/awemeDetail/6852157783345761551", "digg_count": 1240, "digg_incr": 1240, "aweme_create_time": 1595392309, "category": 6, "volume": 3, "amount": 234}, "author": {"author_id": "69466045052", "nickname": "川岛松子_", "follower_count": 104024}}, {"aweme": {"aweme_id": "6852056565353106688", "aweme_title": "#男士冰丝内裤买一送一超级划算。6:30直播，欢迎你们来直播间，", "aweme_url": "https://www.iesdouyin.com/share/video/6852056565353106688/?region=CN&mid=6574244894137649934&u_code=0&titleType=title", "download_url": "https://www.chanmama.com/awemeDetail/6852056565353106688", "digg_count": 1453, "digg_incr": 1228, "aweme_create_time": 1595368754, "category": 6, "volume": 0, "amount": 0}, "author": {"author_id": "104795294779", "nickname": "吴三姐", "follower_count": 128689}}, {"aweme": {"aweme_id": "6852186333633318156", "aweme_title": "宝宝爱玩遥控器吗？给他这个试一试？", "aweme_url": "https://www.iesdouyin.com/share/video/6852186333633318156/?region=CN&mid=6852186372040919822&u_code=0&titleType=title", "download_url": "https://www.chanmama.com/awemeDetail/6852186333633318156", "digg_count": 1823, "digg_incr": 1211, "aweme_create_time": 1595398966, "category": 6, "volume": 82, "amount": 2378}, "author": {"author_id": "690121316515565", "nickname": "钒钒麻麻", "follower_count": 219141}}, {"aweme": {"aweme_id": "6852217759267409166", "aweme_title": "给宝宝煲粥，这款胚芽米不得不说#宝宝胚芽米", "aweme_url": "https://www.iesdouyin.com/share/video/6852217759267409166/?region=CN&mid=6852217873290545933&u_code=0&titleType=title", "download_url": "https://www.chanmama.com/awemeDetail/6852217759267409166", "digg_count": 1450, "digg_incr": 1178, "aweme_create_time": 1595406275, "category": 6, "volume": 4, "amount": 191.2}, "author": {"author_id": "329491872483032", "nickname": "育儿大师姐", "follower_count": 335777}}, {"aweme": {"aweme_id": "6852075766876802319", "aweme_title": "用奶油洗了脸了💋💋💋", "aweme_url": "https://www.iesdouyin.com/share/video/6852075766876802319/?region=CN&mid=6544193706420144903&u_code=1h7f30l0i9ha&titleType=title", "download_url": "https://www.chanmama.com/awemeDetail/6852075766876802319", "digg_count": 1338, "digg_incr": 1178, "aweme_create_time": 1595373232, "category": 6, "volume": 0, "amount": 0}, "author": {"author_id": "4503615901934184", "nickname": "闫帅和丸子头", "follower_count": 513110}}, {"aweme": {"aweme_id": "6852174398095461639", "aweme_title": "大学毕业的最难过的大概就是，有些同学这辈子都应该不会再见面了。@DOU+小助手 #jk", "aweme_url": "https://www.iesdouyin.com/share/video/6852174398095461639/?region=CN&mid=6818910354283694862&u_code=0&titleType=title", "download_url": "https://www.chanmama.com/awemeDetail/6852174398095461639", "digg_count": 1352, "digg_incr": 1143, "aweme_create_time": 1595396180, "category": 6, "volume": 4, "amount": 80}, "author": {"author_id": "93307295021", "nickname": "「佐逆·子」", "follower_count": 242770}}, {"aweme": {"aweme_id": "6852249586199760143", "aweme_title": "#jk格裙 #jk制服 #恋爱禁行时 尺码表来啦", "aweme_url": "https://www.iesdouyin.com/share/video/6852249586199760143/?region=CN&mid=6585061783990438670&u_code=2jifj950a93b&titleType=title", "download_url": "https://www.chanmama.com/awemeDetail/6852249586199760143", "digg_count": 1335, "digg_incr": 1132, "aweme_create_time": 1595413684, "category": 6, "volume": 47, "amount": 47}, "author": {"author_id": "110154525053", "nickname": "荧鲤之森原创设计", "follower_count": 19971}}, {"aweme": {"aweme_id": "6851980148598787332", "aweme_title": "老师们要的地面胸腰训练视频来了！想要学习更多教学，请点击下方🛒购物车！#看我放大大大招", "aweme_url": "https://www.iesdouyin.com/share/video/6851980148598787332/?region=CN&mid=6851980262302108424&u_code=1h7f30l0i9ha&titleType=title", "download_url": "https://www.chanmama.com/awemeDetail/6851980148598787332", "digg_count": 1579, "digg_incr": 1122, "aweme_create_time": 1595350999, "category": 6, "volume": 15, "amount": 148.5}, "author": {"author_id": "53436429760", "nickname": "正合飞舞团", "follower_count": 98268}}, {"aweme": {"aweme_id": "6852133594241043724", "aweme_title": "#儿童防晒上脸初体验#测评 好不好用你们自己看@抖音小助手", "aweme_url": "https://www.iesdouyin.com/share/video/6852133594241043724/?region=CN&mid=6852134122690136840&u_code=0&titleType=title", "download_url": "https://www.chanmama.com/awemeDetail/6852133594241043724", "digg_count": 3762, "digg_incr": 1121, "aweme_create_time": 1595386793, "category": 6, "volume": 35, "amount": 2730}, "author": {"author_id": "101486150764", "nickname": "萌仓探物", "follower_count": 687037}}, {"aweme": {"aweme_id": "6852202492600634624", "aweme_title": "快艾特你对象给你买￼￼#买家秀 #电商", "aweme_url": "https://www.iesdouyin.com/share/video/6852202492600634624/?region=CN&mid=6852202501359274765&u_code=0&titleType=title", "download_url": "https://www.chanmama.com/awemeDetail/6852202492600634624", "digg_count": 1474, "digg_incr": 1110, "aweme_create_time": 1595402720, "category": 6, "volume": 1, "amount": 49.9}, "author": {"author_id": "100406677421", "nickname": "奇葩买家秀 原追风少年", "follower_count": 351562}}, {"aweme": {"aweme_id": "6852253174753955083", "aweme_title": "#假吃 #声控 泡芙鸡蛋，哈哈哈😁", "aweme_url": "https://www.iesdouyin.com/share/video/6852253174753955083/?region=CN&mid=6852253230685342477&u_code=3kdem96968fl&titleType=title", "download_url": "https://www.chanmama.com/awemeDetail/6852253174753955083", "digg_count": 1852, "digg_incr": 1106, "aweme_create_time": 1595414527, "category": 6, "volume": 0, "amount": 0}, "author": {"author_id": "82176518797", "nickname": "小Q", "follower_count": 40000}}, {"aweme": {"aweme_id": "6852262614148353295", "aweme_title": "生个女儿吧 可甜可甜的那种 穿美美的衣服。拍美美的照片#骗你生女儿 #童装 #抖音小助手 #热门", "aweme_url": "https://www.iesdouyin.com/share/video/6852262614148353295/?region=CN&mid=6852262618905086734&u_code=0&titleType=title", "download_url": "https://www.chanmama.com/awemeDetail/6852262614148353295", "digg_count": 1074, "digg_incr": 1071, "aweme_create_time": 1595416717, "category": 6, "volume": 0, "amount": 0}, "author": {"author_id": "94003408100", "nickname": "织里沐沐家童装", "follower_count": 22662}}, {"aweme": {"aweme_id": "6852179538982538500", "aweme_title": "#待产 已经到安排上了最贵的手环、现在就等宝宝发动了、建议大家产褥垫一定要多准备点、用的地方很多#求发动", "aweme_url": "https://www.iesdouyin.com/share/video/6852179538982538500/?region=CN&mid=6851686346973514509&u_code=0&titleType=title", "download_url": "https://www.chanmama.com/awemeDetail/6852179538982538500", "digg_count": 1340, "digg_incr": 1068, "aweme_create_time": 1595397384, "category": 6, "volume": 101, "amount": 2312.8999999999996}, "author": {"author_id": "1640123040269192", "nickname": "孕妈😍燕宝", "follower_count": 26157}}, {"aweme": {"aweme_id": "6852164001254755595", "aweme_title": "#孩子#成长 你知道家里孩子脾气暴躁的原因吗？妈妈也需要被宠爱#亲子#爸爸妈妈@抖音小助手", "aweme_url": "https://www.iesdouyin.com/share/video/6852164001254755595/?region=CN&mid=6626577014956493571&u_code=0&titleType=title", "download_url": "https://www.chanmama.com/awemeDetail/6852164001254755595", "digg_count": 3354, "digg_incr": 1068, "aweme_create_time": 1595393765, "category": 6, "volume": 29, "amount": 435}, "author": {"author_id": "945174501134557", "nickname": "园长妈妈", "follower_count": 733384}}, {"aweme": {"aweme_id": "6852060998648466695", "aweme_title": "1380度烧制五天五夜，今天终于开窖了，爷爷说，刷到此视频的朋友，三天之内，必走大运，好事连连！#茶具", "aweme_url": "https://www.iesdouyin.com/share/video/6852060998648466695/?region=CN&mid=6852060913193782030&u_code=107m7bg5i135&titleType=title", "download_url": "https://www.chanmama.com/awemeDetail/6852060998648466695", "digg_count": 11512, "digg_incr": 1040, "aweme_create_time": 1595369787, "category": 6, "volume": 0, "amount": 0}, "author": {"author_id": "111591890598", "nickname": "非遗传承人", "follower_count": 25131}}, {"aweme": {"aweme_id": "6852121343484251395", "aweme_title": "进产房一定要带的四样东西~", "aweme_url": "https://www.iesdouyin.com/share/video/6852121343484251395/?region=CN&mid=6852121366674688776&u_code=461mk57lm7gh&titleType=title", "download_url": "https://www.chanmama.com/awemeDetail/6852121343484251395", "digg_count": 7623, "digg_incr": 1038, "aweme_create_time": 1595383834, "category": 6, "volume": 2, "amount": 178}, "author": {"author_id": "100475209747", "nickname": "兔子i美丽", "follower_count": 19879}}, {"aweme": {"aweme_id": "6852142575697153293", "aweme_title": "没错，我爱的就是你。#热门 @DOU+小助手 @抖音小助手", "aweme_url": "https://www.iesdouyin.com/share/video/6852142575697153293/?region=CN&mid=6852142589617949448&u_code=0&titleType=title", "download_url": "https://www.chanmama.com/awemeDetail/6852142575697153293", "digg_count": 6690, "digg_incr": 1014, "aweme_create_time": 1595388770, "category": 6, "volume": 58, "amount": 2262}, "author": {"author_id": "712096802415936", "nickname": "丫丫毛绒玩具", "follower_count": 249188}}, {"aweme": {"aweme_id": "6852080751509343500", "aweme_title": "#外出神器  方便，卫生，还有多种用处", "aweme_url": "https://www.iesdouyin.com/share/video/6852080751509343500/?region=CN&mid=6852080757683374861&u_code=2akd6hi9aal7&titleType=title", "download_url": "https://www.chanmama.com/awemeDetail/6852080751509343500", "digg_count": 1010, "digg_incr": 1005, "aweme_create_time": 1595374394, "category": 6, "volume": 0, "amount": 0}, "author": {"author_id": "103618653922", "nickname": "王芊茉啊💅", "follower_count": 2008}}, {"aweme": {"aweme_id": "6852243252037324044", "aweme_title": "据说只有天才，才能只剩一颗棋子，而且刚好在正中间位置，你看懂了吗😉#矮油物趣 #烧脑 @抖音小助手", "aweme_url": "https://www.iesdouyin.com/share/video/6852243252037324044/?region=CN&mid=6852243301878319885&u_code=0&titleType=title", "download_url": "https://www.chanmama.com/awemeDetail/6852243252037324044", "digg_count": 3408, "digg_incr": 1003, "aweme_create_time": 1595412216, "category": 6, "volume": 0, "amount": 0}, "author": {"author_id": "294305426318215", "nickname": "矮油物趣", "follower_count": 551476}}, {"aweme": {"aweme_id": "6852061633141804288", "aweme_title": "姐妹们，防晒披肩穿起来！点头像正在直播👉", "aweme_url": "https://www.iesdouyin.com/share/video/6852061633141804288/?region=CN&mid=6852061504234179336&u_code=1dbh7c3hig57&titleType=title", "download_url": "https://www.chanmama.com/awemeDetail/6852061633141804288", "digg_count": 2068, "digg_incr": 1001, "aweme_create_time": 1595369930, "category": 6, "volume": 107, "amount": 5283}, "author": {"author_id": "1578532566736478", "nickname": "常熟市语曦服饰商行", "follower_count": 165572}}, {"aweme": {"aweme_id": "6852152596296191236", "aweme_title": "宝宝6个月以后可以加果泥了，这几种水果吃了好处多多哦", "aweme_url": "https://www.iesdouyin.com/share/video/6852152596296191236/?region=CN&mid=6852152651207953160&u_code=1jab86a0l66l&titleType=title", "download_url": "https://www.chanmama.com/awemeDetail/6852152596296191236", "digg_count": 3781, "digg_incr": 992, "aweme_create_time": 1595391110, "category": 6, "volume": 4, "amount": 27.6}, "author": {"author_id": "259133859432840", "nickname": "无忧妈妈养仔记", "follower_count": 94046}}, {"aweme": {"aweme_id": "6852092933806624015", "aweme_title": "来看一下他们都带了些什么给你的爸比😜未来还会有什么只有我们想不到，没有他们做不到👍#肖战公仔", "aweme_url": "https://www.iesdouyin.com/share/video/6852092933806624015/?region=CN&mid=6838106125326387982&u_code=45a6gmj0h2h&titleType=title", "download_url": "https://www.chanmama.com/awemeDetail/6852092933806624015", "digg_count": 2547, "digg_incr": 989, "aweme_create_time": 1595377212, "category": 6, "volume": 2, "amount": 79.8}, "author": {"author_id": "104576311441", "nickname": "肖可爱壁纸屋", "follower_count": 18129}}, {"aweme": {"aweme_id": "6852162967182560527", "aweme_title": "#充能计划 #jk制服 两件还送名扎噢！", "aweme_url": "https://www.iesdouyin.com/share/video/6852162967182560527/?region=CN&mid=6631716917805583117&u_code=2c8g7ik8j27&titleType=title", "download_url": "https://www.chanmama.com/awemeDetail/6852162967182560527", "digg_count": 1279, "digg_incr": 988, "aweme_create_time": 1595393516, "category": 6, "volume": 2, "amount": 118}, "author": {"author_id": "111466868509", "nickname": "宅的屋（每周五周六晚20点直播）", "follower_count": 90347}}, {"aweme": {"aweme_id": "6852073793070845199", "aweme_title": "唱一首歌给你们听💕💕💕", "aweme_url": "https://www.iesdouyin.com/share/video/6852073793070845199/?region=CN&mid=6852073969038658308&u_code=e9jhk78fh19&titleType=title", "download_url": "https://www.chanmama.com/awemeDetail/6852073793070845199", "digg_count": 2213, "digg_incr": 962, "aweme_create_time": 1595372774, "category": 6, "volume": 0, "amount": 0}, "author": {"author_id": "4503615901934184", "nickname": "闫帅和丸子头", "follower_count": 513110}}, {"aweme": {"aweme_id": "6852188673337789703", "aweme_title": "不用颜料的绘画本，让孩子画一整天#热门推荐 #绘画 #抖音小助手 #好物推荐 #dou上热门", "aweme_url": "https://www.iesdouyin.com/share/video/6852188673337789703/?region=CN&mid=6815523623491848974&u_code=m1f8lj1egl3&titleType=title", "download_url": "https://www.chanmama.com/awemeDetail/6852188673337789703", "digg_count": 1014, "digg_incr": 955, "aweme_create_time": 1595399504, "category": 6, "volume": 5, "amount": 49.5}, "author": {"author_id": "2471293741701965", "nickname": "爱萌商贸有限公司", "follower_count": 160526}}, {"aweme": {"aweme_id": "6852111935547215104", "aweme_title": "老公花了一顿早饭💰入了这个，我这套其实还是欣怡穿的，真的是亲子互动的好玩具啊，以后一定要带着娃去室外玩耍", "aweme_url": "https://www.iesdouyin.com/share/video/6852111935547215104/?region=CN&mid=6822433438214228744&u_code=0&titleType=title", "download_url": "https://www.chanmama.com/awemeDetail/6852111935547215104", "digg_count": 1215, "digg_incr": 951, "aweme_create_time": 1595381635, "category": 6, "volume": 28, "amount": 837.1999999999999}, "author": {"author_id": "2141495976013885", "nickname": "欣怡妈妈", "follower_count": 254216}}, {"aweme": {"aweme_id": "6852173220326526219", "aweme_title": "婆婆给买的中国风衣服，买的时候我说不好看，没想到穿起来还挺帅😁第二套还半价，一下买了两套😬", "aweme_url": "https://www.iesdouyin.com/share/video/6852173220326526219/?region=CN&mid=6846545263402732301&u_code=1gb2j865e0l1&titleType=title", "download_url": "https://www.chanmama.com/awemeDetail/6852173220326526219", "digg_count": 1477, "digg_incr": 938, "aweme_create_time": 1595395912, "category": 6, "volume": 1, "amount": 26.8}, "author": {"author_id": "60502219255", "nickname": "射手座的睿睿呀♐", "follower_count": 28061}}, {"aweme": {"aweme_id": "6852179897067080973", "aweme_title": "老公给宝宝买了一群小鸡，可把儿子高兴坏了😂从早上玩到现在，不哭不闹，终于解放了我的双手😂#母婴 #玩具", "aweme_url": "https://www.iesdouyin.com/share/video/6852179897067080973/?region=CN&mid=6852179907171207944&u_code=0&titleType=title", "download_url": "https://www.chanmama.com/awemeDetail/6852179897067080973", "digg_count": 1025, "digg_incr": 930, "aweme_create_time": 1595397460, "category": 6, "volume": 151, "amount": 1508.49}, "author": {"author_id": "111195372623", "nickname": "圩圩麻麻", "follower_count": 269525}}, {"aweme": {"aweme_id": "6852153632368905487", "aweme_title": "是时候展现真正的技术了！@抖音小助手 答应我一定要看到最后，有惊喜哦！#看我放大大大招", "aweme_url": "https://www.iesdouyin.com/share/video/6852153632368905487/?region=CN&mid=6852153643254352647&u_code=0&titleType=title", "download_url": "https://www.chanmama.com/awemeDetail/6852153632368905487", "digg_count": 1409, "digg_incr": 914, "aweme_create_time": 1595391343, "category": 6, "volume": 2, "amount": 33.8}, "author": {"author_id": "1587314341196899", "nickname": "玩具达人钰儿", "follower_count": 718917}}, {"aweme": {"aweme_id": "6852239903170907406", "aweme_title": "闺蜜收到这个一定很开心吧~嘿嘿#礼物 #闺蜜 @DOU+小助手", "aweme_url": "https://www.iesdouyin.com/share/video/6852239903170907406/?region=CN&mid=6852239994187205389&u_code=0&titleType=title", "download_url": "https://www.chanmama.com/awemeDetail/6852239903170907406", "digg_count": 1216, "digg_incr": 880, "aweme_create_time": 1595411448, "category": 6, "volume": 0, "amount": 0}, "author": {"author_id": "2647214188402974", "nickname": "安利一波少女心", "follower_count": 193853}}, {"aweme": {"aweme_id": "6852234105988467983", "aweme_title": "大宝喜欢拿我手机拍照，一拍就是几百张！赶紧给她安排了这款#数码相机 高清摄像，功能强大，超赞👍", "aweme_url": "https://www.iesdouyin.com/share/video/6852234105988467983/?region=CN&mid=6852234123965139719&u_code=0&titleType=title", "download_url": "https://www.chanmama.com/awemeDetail/6852234105988467983", "digg_count": 1575, "digg_incr": 878, "aweme_create_time": 1595410080, "category": 6, "volume": 0, "amount": 0}, "author": {"author_id": "329445349527227", "nickname": "玩具大王国", "follower_count": 329818}}, {"aweme": {"aweme_id": "6852236768796839176", "aweme_title": "老公给宝宝买了一群鸡，可把儿子高兴坏了😂从中午玩到现在，不哭不闹，终于解放了我的双手😂#直播进", "aweme_url": "https://www.iesdouyin.com/share/video/6852236768796839176/?region=CN&mid=6852201725340764936&u_code=0&titleType=title", "download_url": "https://www.chanmama.com/awemeDetail/6852236768796839176", "digg_count": 1256, "digg_incr": 876, "aweme_create_time": 1595410701, "category": 6, "volume": 117, "amount": 1168.83}, "author": {"author_id": "108058473109", "nickname": "蹦蹦妈", "follower_count": 160937}}, {"aweme": {"aweme_id": "6852303551922703620", "aweme_title": "全家人最统一的衣服是啥！透气、吸汗、柔软、凉快，还不会贴身上 #睡衣家居服", "aweme_url": "https://www.iesdouyin.com/share/video/6852303551922703620/?region=CN&mid=6852303776238717704&u_code=0&titleType=title", "download_url": "https://www.chanmama.com/awemeDetail/6852303551922703620", "digg_count": 1350, "digg_incr": 870, "aweme_create_time": 1595426297, "category": 6, "volume": 10, "amount": 399}, "author": {"author_id": "64639536588", "nickname": "种草丛", "follower_count": 401318}}, {"aweme": {"aweme_id": "6852275239468944644", "aweme_title": "#花嫁 #lo裙lo裙 #底层lo娘 #lolita洋装  看到#盗图 请艾特我", "aweme_url": "https://www.iesdouyin.com/share/video/6852275239468944644/?region=CN&mid=6852275271496633102&u_code=24lj60c7kgi7&titleType=title", "download_url": "https://www.chanmama.com/awemeDetail/6852275239468944644", "digg_count": 1209, "digg_incr": 861, "aweme_create_time": 1595419662, "category": 6, "volume": 0, "amount": 0}, "author": {"author_id": "71105576676", "nickname": "半糖甜心原创设计", "follower_count": 16394}}, {"aweme": {"aweme_id": "6852175359702568192", "aweme_title": "我就说了一句你爸爸不辛苦，然后就好凶的反驳我😓😓@我是婷妈妈吖", "aweme_url": "https://www.iesdouyin.com/share/video/6852175359702568192/?region=CN&mid=6852175622790515463&u_code=0&titleType=title", "download_url": "https://www.chanmama.com/awemeDetail/6852175359702568192", "digg_count": 1002, "digg_incr": 844, "aweme_create_time": 1595396425, "category": 6, "volume": 2, "amount": 17.8}, "author": {"author_id": "4503693866629837", "nickname": "王梓婷小朋友", "follower_count": 193222}}, {"aweme": {"aweme_id": "6852235567980137742", "aweme_title": "漫威谁最有钱？钢铁侠100亿，黑豹90万亿，而他能用所有电子货币#复仇者联盟4 #漫威 #钢铁侠", "aweme_url": "https://www.iesdouyin.com/share/video/6852235567980137742/?region=CN&mid=6852235614532717320&u_code=0&titleType=title", "download_url": "https://www.chanmama.com/awemeDetail/6852235567980137742", "digg_count": 1190, "digg_incr": 806, "aweme_create_time": 1595410421, "category": 6, "volume": 0, "amount": 0}, "author": {"author_id": "3544453920074119", "nickname": "星莱聊漫威", "follower_count": 157785}}, {"aweme": {"aweme_id": "6852206297291492622", "aweme_title": "米乐五个月的时间老公给她买了这个玩具，就这样跟着爬爬娃学，玩了一天居然就会爬了，把我和婆婆都激动坏了😂", "aweme_url": "https://www.iesdouyin.com/share/video/6852206297291492622/?region=CN&mid=6623765294596754183&u_code=0&titleType=title", "download_url": "https://www.chanmama.com/awemeDetail/6852206297291492622", "digg_count": 3687, "digg_incr": 803, "aweme_create_time": 1595403607, "category": 6, "volume": 3, "amount": 75}, "author": {"author_id": "26000189827149", "nickname": "米乐麻麻🌟", "follower_count": 115392}}, {"aweme": {"aweme_id": "6852243918185090311", "aweme_title": "超可爱的贴纸！被妈妈发现了也不怕！快叫上你的小姐妹一起安排起来！ #贴纸", "aweme_url": "https://www.iesdouyin.com/share/video/6852243918185090311/?region=CN&mid=6714829858192640775&u_code=0&titleType=title", "download_url": "https://www.chanmama.com/awemeDetail/6852243918185090311", "digg_count": 1217, "digg_incr": 792, "aweme_create_time": 1595412365, "category": 6, "volume": 1, "amount": 9.9}, "author": {"author_id": "3997471019116059", "nickname": "学生党好物优选", "follower_count": 170824}}, {"aweme": {"aweme_id": "6852236536625319168", "aweme_title": "#肖战 今天给战战穿哪套衣服呀。1还是2还是3。都好可爱呀#小飞侠", "aweme_url": "https://www.iesdouyin.com/share/video/6852236536625319168/?region=CN&mid=6852127731778472717&u_code=0&titleType=title", "download_url": "https://www.chanmama.com/awemeDetail/6852236536625319168", "digg_count": 1323, "digg_incr": 769, "aweme_create_time": 1595410645, "category": 6, "volume": 0, "amount": 0}, "author": {"author_id": "111017824976", "nickname": "肖战情报社", "follower_count": 210658}}, {"aweme": {"aweme_id": "6852236229811948808", "aweme_title": "漫威谁最有钱？钢铁侠100亿，黑豹90万亿，而他能用所有电子货币#复仇者联盟4 #漫威 #钢铁侠", "aweme_url": "https://www.iesdouyin.com/share/video/6852236229811948808/?region=CN&mid=6852236263844596488&u_code=0&titleType=title", "download_url": "https://www.chanmama.com/awemeDetail/6852236229811948808", "digg_count": 1135, "digg_incr": 765, "aweme_create_time": 1595410576, "category": 6, "volume": 0, "amount": 0}, "author": {"author_id": "3544453920074119", "nickname": "星莱聊漫威", "follower_count": 157785}}, {"aweme": {"aweme_id": "6852078507309239565", "aweme_title": "一套炒鸡便宜，拍一发二，涂鸦Ｔ配暴冰裤", "aweme_url": "https://www.iesdouyin.com/share/video/6852078507309239565/?region=CN&mid=6830859506524752654&u_code=1a2e3igh727k&titleType=title", "download_url": "https://www.chanmama.com/awemeDetail/6852078507309239565", "digg_count": 2660, "digg_incr": 761, "aweme_create_time": 1595373858, "category": 6, "volume": 0, "amount": 0}, "author": {"author_id": "610971892333965", "nickname": "龚蚊子服装商行", "follower_count": 198160}}, {"aweme": {"aweme_id": "6852151972808740108", "aweme_title": "整天爬上爬下乱蹦乱跳的，背上衣服一下就湿，多亏了这个吸汗巾，湿了就换不用洗那么多衣服", "aweme_url": "https://www.iesdouyin.com/share/video/6852151972808740108/?region=CN&mid=6845204675206122247&u_code=0&titleType=title", "download_url": "https://www.chanmama.com/awemeDetail/6852151972808740108", "digg_count": 1140, "digg_incr": 760, "aweme_create_time": 1595390965, "category": 6, "volume": 0, "amount": 0}, "author": {"author_id": "135960515590270", "nickname": "大航小昊", "follower_count": 770872}}, {"aweme": {"aweme_id": "6852272196245556493", "aweme_title": "甜心兔~我要的爱，只在你身上存在，要不是你，不会哭得笑得像个小孩 #兔子抱枕", "aweme_url": "https://www.iesdouyin.com/share/video/6852272196245556493/?region=CN&mid=6852272281532615432&u_code=0&titleType=title", "download_url": "https://www.chanmama.com/awemeDetail/6852272196245556493", "digg_count": 1006, "digg_incr": 752, "aweme_create_time": 1595418967, "category": 6, "volume": 0, "amount": 0}, "author": {"author_id": "75644858429", "nickname": "米小美玩具", "follower_count": 191111}}, {"aweme": {"aweme_id": "6852140742454889736", "aweme_title": "#闺蜜 #小恐龙 这个暑假你会体重下降，身高增长，脸上的痘痘消失，成绩稳步上升，喜欢的人也会喜欢你", "aweme_url": "https://www.iesdouyin.com/share/video/6852140742454889736/?region=CN&mid=6842943189440006152&u_code=0&titleType=title", "download_url": "https://www.chanmama.com/awemeDetail/6852140742454889736", "digg_count": 1390, "digg_incr": 741, "aweme_create_time": 1595388343, "category": 6, "volume": 147, "amount": 2793}, "author": {"author_id": "26030248565900", "nickname": "小小的田螺", "follower_count": 7813}}, {"aweme": {"aweme_id": "6852281786806979853", "aweme_title": "夏天一起玩滋水枪吧#好玩的玩具 #每日亲子陪伴", "aweme_url": "https://www.iesdouyin.com/share/video/6852281786806979853/?region=CN&mid=6852281831392348942&u_code=0&titleType=title", "download_url": "https://www.chanmama.com/awemeDetail/6852281786806979853", "digg_count": 2077, "digg_incr": 740, "aweme_create_time": 1595421182, "category": 6, "volume": 0, "amount": 0}, "author": {"author_id": "87083194492", "nickname": "礼物种草君", "follower_count": 51715}}, {"aweme": {"aweme_id": "6852202676613090560", "aweme_title": "使生活如此美丽的，是我们藏起来的真诚和童心。#vlog日常", "aweme_url": "https://www.iesdouyin.com/share/video/6852202676613090560/?region=CN&mid=6852202701283969800&u_code=0&titleType=title", "download_url": "https://www.chanmama.com/awemeDetail/6852202676613090560", "digg_count": 1161, "digg_incr": 687, "aweme_create_time": 1595402762, "category": 6, "volume": 1, "amount": 58}, "author": {"author_id": "74776159422", "nickname": "Demon大王", "follower_count": 256875}}, {"aweme": {"aweme_id": "6852226877352856847", "aweme_title": "营养又美味的小肉饼#宝宝辅食分享", "aweme_url": "https://www.iesdouyin.com/share/video/6852226877352856847/?region=CN&mid=6852226898966104846&u_code=0&titleType=title", "download_url": "https://www.chanmama.com/awemeDetail/6852226877352856847", "digg_count": 1323, "digg_incr": 652, "aweme_create_time": 1595408397, "category": 6, "volume": 0, "amount": 0}, "author": {"author_id": "57854470982", "nickname": "三月妈咪-辅食育儿", "follower_count": 808068}}, {"aweme": {"aweme_id": "6852066743305702663", "aweme_title": "坦克在战场上翻车，后果是很严重的#战地5 #游戏 #射击游戏 @DOU+小助手", "aweme_url": "https://www.iesdouyin.com/share/video/6852066743305702663/?region=CN&mid=6852066704592243463&u_code=42621fdhdilc&titleType=title", "download_url": "https://www.chanmama.com/awemeDetail/6852066743305702663", "digg_count": 2522, "digg_incr": 629, "aweme_create_time": 1595371123, "category": 6, "volume": 2, "amount": 16}, "author": {"author_id": "102854989543", "nickname": "趣多玩", "follower_count": 34682}}, {"aweme": {"aweme_id": "6852220537024941325", "aweme_title": "史莱姆解压：超美银河🌌液态玻璃假水系列，超优惠哦#解压 #声控 #好物", "aweme_url": "https://www.iesdouyin.com/share/video/6852220537024941325/?region=CN&mid=6852220572584479495&u_code=3kdem96968fl&titleType=title", "download_url": "https://www.chanmama.com/awemeDetail/6852220537024941325", "digg_count": 1674, "digg_incr": 622, "aweme_create_time": 1595406923, "category": 6, "volume": 0, "amount": 0}, "author": {"author_id": "2704408480347037", "nickname": "解压小白Turn", "follower_count": 64153}}, {"aweme": {"aweme_id": "6852147467757128973", "aweme_title": "18年我姐怀米奇时买的裙子，中途好几位好友拿去穿过，卸货时都是皮夹克，20年又穿我身上了，这次还是皮夹克😄", "aweme_url": "https://www.iesdouyin.com/share/video/6852147467757128973/?region=CN&mid=6829875644713765645&u_code=2g9cfffeefe2&titleType=title", "download_url": "https://www.chanmama.com/awemeDetail/6852147467757128973", "digg_count": 1617, "digg_incr": 612, "aweme_create_time": 1595389909, "category": 6, "volume": 0, "amount": 0}, "author": {"author_id": "4503700043503199", "nickname": "🙊是俞果果", "follower_count": 12370}}, {"aweme": {"aweme_id": "6851824288853413131", "aweme_title": "酷炫拉风的机甲鞋，穿上它，绝对帅！不帅你打我~！#福建好物DouShop#童鞋@DOU+小助手", "aweme_url": "https://www.iesdouyin.com/share/video/6851824288853413131/?region=CN&mid=6851824510388226823&u_code=45a6h05962j&titleType=title", "download_url": "https://www.chanmama.com/awemeDetail/6851824288853413131", "digg_count": 2385, "digg_incr": 601, "aweme_create_time": 1595368800, "category": 6, "volume": 25, "amount": 1450}, "author": {"author_id": "99243560849", "nickname": "丘特熊", "follower_count": 51155}}, {"aweme": {"aweme_id": "6852240871249726734", "aweme_title": "外国有蹭别人婚礼的吗？#斯坦李 #复仇者联盟 #钢铁侠 #无敌浩克 #美国队长", "aweme_url": "https://www.iesdouyin.com/share/video/6852240871249726734/?region=CN&mid=6852240967488064264&u_code=45a6gmj0h2h&titleType=title", "download_url": "https://www.chanmama.com/awemeDetail/6852240871249726734", "digg_count": 13081, "digg_incr": 581, "aweme_create_time": 1595411672, "category": 6, "volume": 0, "amount": 0}, "author": {"author_id": "98250047377", "nickname": "MORSTORM魔力风暴", "follower_count": 267420}}, {"aweme": {"aweme_id": "6852133900899077383", "aweme_title": "推迟17天生的#米妮，月子26天，闺女吃了睡 睡了吃，一天抱你不超过一小时，现在已经有10斤了。#月子26天", "aweme_url": "https://www.iesdouyin.com/share/video/6852133900899077383/?region=CN&mid=6827384612847667982&u_code=2c8g7ik8j27&titleType=title", "download_url": "https://www.chanmama.com/awemeDetail/6852133900899077383", "digg_count": 1743, "digg_incr": 566, "aweme_create_time": 1595386750, "category": 6, "volume": 6, "amount": 358.79999999999995}, "author": {"author_id": "1767627293982840", "nickname": "果冉妈咪", "follower_count": 27375}}, {"aweme": {"aweme_id": "6852291323710409991", "aweme_title": "遥控飞行类，从小孩到成人都为之迷恋，能给您带来无限欢乐，热爱飞行的看过来吧", "aweme_url": "https://www.iesdouyin.com/share/video/6852291323710409991/?region=CN&mid=6852291804080917255&u_code=37jee62h06km&titleType=title", "download_url": "https://www.chanmama.com/awemeDetail/6852291323710409991", "digg_count": 6277, "digg_incr": 559, "aweme_create_time": 1595423417, "category": 6, "volume": 8, "amount": 214.4}, "author": {"author_id": "68032748739", "nickname": "义乌库存街", "follower_count": 25573}}, {"aweme": {"aweme_id": "6852219199809490191", "aweme_title": "下午没事，女儿不在。玩个变装秀！我衣柜里的亲子装真的多到挤不下！！！❤️#温柔风穿搭", "aweme_url": "https://www.iesdouyin.com/share/video/6852219199809490191/?region=CN&mid=6848562532787243783&u_code=0&titleType=title", "download_url": "https://www.chanmama.com/awemeDetail/6852219199809490191", "digg_count": 1895, "digg_incr": 544, "aweme_create_time": 1595406609, "category": 6, "volume": 55, "amount": 2365}, "author": {"author_id": "14693625012", "nickname": "草莓南瓜", "follower_count": 585850}}, {"aweme": {"aweme_id": "6852239475196579083", "aweme_title": "见证#闺蜜 感情的时候到了，#平价 的#毛绒玩具 你爱了吗？", "aweme_url": "https://www.iesdouyin.com/share/video/6852239475196579083/?region=CN&mid=6846691830181579534&u_code=0&titleType=title", "download_url": "https://www.chanmama.com/awemeDetail/6852239475196579083", "digg_count": 1104, "digg_incr": 527, "aweme_create_time": 1595411337, "category": 6, "volume": 0, "amount": 0}, "author": {"author_id": "1613674883328109", "nickname": "六子", "follower_count": 361969}}]}