{"data": [{"aweme": {"aweme_id": "6851965469352643854", "aweme_title": "#现挖现发新鲜到家 #支持农民 #农民不易 #助农行动", "aweme_url": "https://www.iesdouyin.com/share/video/6851965469352643854/?region=CN&mid=6851965471751736072&u_code=0&titleType=title", "download_url": "https://www.chanmama.com/awemeDetail/6851965469352643854", "digg_count": 147054, "digg_incr": 147090, "aweme_create_time": 1595347540, "category": 7, "volume": 4397, "amount": 43530.3}, "author": {"author_id": "1675285404059028", "nickname": "❤乐开心", "follower_count": 740131}}, {"aweme": {"aweme_id": "6852233057424985351", "aweme_title": "哥哥姐姐来攀枝花我请你吃芒果#攀枝花彩虹芒果 #直播#川货dou起来", "aweme_url": "https://www.iesdouyin.com/share/video/6852233057424985351/?region=CN&mid=6852233136558951175&u_code=0&titleType=title", "download_url": "https://www.chanmama.com/awemeDetail/6852233057424985351", "digg_count": 77943, "digg_incr": 73105, "aweme_create_time": 1595409852, "category": 7, "volume": 43, "amount": 722.4}, "author": {"author_id": "1750053821360640", "nickname": "一方水土水果", "follower_count": 134789}}, {"aweme": {"aweme_id": "6852245839478279431", "aweme_title": "想不到吧！医生也是有援军的！ #沙布列发酵果汁 #轻漫计划 #动漫 #充能计划", "aweme_url": "https://www.iesdouyin.com/share/video/6852245839478279431/?region=CN&mid=6852245949247736589&u_code=9h9femb99c7&titleType=title", "download_url": "https://www.chanmama.com/awemeDetail/6852245839478279431", "digg_count": 90917, "digg_incr": 40716, "aweme_create_time": 1595412828, "category": 7, "volume": 23, "amount": 414}, "author": {"author_id": "57641278581", "nickname": "美尼尔动画君", "follower_count": 838754}}, {"aweme": {"aweme_id": "6852138054203903246", "aweme_title": "#饮料 这么好的#金桔百香果茶集美们 冲鸭~#夏天的味道", "aweme_url": "https://www.iesdouyin.com/share/video/6852138054203903246/?region=CN&mid=6852138139184843528&u_code=0&titleType=title", "download_url": "https://www.chanmama.com/awemeDetail/6852138054203903246", "digg_count": 39777, "digg_incr": 39852, "aweme_create_time": 1595387735, "category": 7, "volume": 5237, "amount": 87981.6}, "author": {"author_id": "2422962102480055", "nickname": "小阳哥", "follower_count": 336068}}, {"aweme": {"aweme_id": "6852201126855445760", "aweme_title": "四川脱骨李值得你们喜欢#直播 #美食", "aweme_url": "https://www.iesdouyin.com/share/video/6852201126855445760/?region=CN&mid=6852201143464971015&u_code=455adch37bf4&titleType=title", "download_url": "https://www.chanmama.com/awemeDetail/6852201126855445760", "digg_count": 49520, "digg_incr": 37522, "aweme_create_time": 1595402401, "category": 7, "volume": 152, "amount": 4544.8}, "author": {"author_id": "2207436268645383", "nickname": "阔腾百味货", "follower_count": 68669}}, {"aweme": {"aweme_id": "6852300344286792973", "aweme_title": "三个人从校园到婚纱，最后一刻却……#沐小北 #礼物 #看我放大大大招", "aweme_url": "https://www.iesdouyin.com/share/video/6852300344286792973/?region=CN&mid=6852300377123982093&u_code=97f0ifb5fhm&titleType=title", "download_url": "https://www.chanmama.com/awemeDetail/6852300344286792973", "digg_count": 69069, "digg_incr": 37169, "aweme_create_time": 1595425503, "category": 7, "volume": 0, "amount": 0}, "author": {"author_id": "131577712483375", "nickname": "沐小北手工铺。", "follower_count": 60452}}, {"aweme": {"aweme_id": "6852171154627562765", "aweme_title": "暑假告别手残党！你也能做出比KFC还好吃的葡式蛋挞！#蛋挞 #一口解锁暑假快落 #甜品 #看我放大大大招", "aweme_url": "https://www.iesdouyin.com/share/video/6852171154627562765/?region=CN&mid=6852171181026495239&u_code=45a6gmj0h2h&titleType=title", "download_url": "https://www.chanmama.com/awemeDetail/6852171154627562765", "digg_count": 59996, "digg_incr": 35793, "aweme_create_time": 1595395424, "category": 7, "volume": 158, "amount": 2496.4}, "author": {"author_id": "58297269748", "nickname": "Cream羊", "follower_count": 462628}}, {"aweme": {"aweme_id": "6852166929784884487", "aweme_title": "#好喝的 金桔百香果茶来咯~集美们速度安排上啦 #幸福感爆棚", "aweme_url": "https://www.iesdouyin.com/share/video/6852166929784884487/?region=CN&mid=6852167038203382542&u_code=0&titleType=title", "download_url": "https://www.chanmama.com/awemeDetail/6852166929784884487", "digg_count": 61041, "digg_incr": 31742, "aweme_create_time": 1595394466, "category": 7, "volume": 2105, "amount": 35364}, "author": {"author_id": "2422962102480055", "nickname": "小阳哥", "follower_count": 336068}}, {"aweme": {"aweme_id": "6852219667474369806", "aweme_title": "#看我放大大大招 #我的高光一刻 #不负吾爱探索x面", "aweme_url": "https://www.iesdouyin.com/share/video/6852219667474369806/?region=CN&mid=6852219702916565774&u_code=0&titleType=title", "download_url": "https://www.chanmama.com/awemeDetail/6852219667474369806", "digg_count": 27079, "digg_incr": 27133, "aweme_create_time": 1595406720, "category": 7, "volume": 1445, "amount": 143055}, "author": {"author_id": "52577107478", "nickname": "闫家达水产品经营部", "follower_count": 189661}}, {"aweme": {"aweme_id": "6852250073158520079", "aweme_title": "这是我们新疆塔克拉玛干沙漠的黑枸杞，花青素特别高，既能美容养颜，姐你喜欢吗", "aweme_url": "https://www.iesdouyin.com/share/video/6852250073158520079/?region=CN&mid=6852250084349168392&u_code=107m7bg5i135&titleType=title", "download_url": "https://www.chanmama.com/awemeDetail/6852250073158520079", "digg_count": 35721, "digg_incr": 27039, "aweme_create_time": 1595413797, "category": 7, "volume": 14, "amount": 756}, "author": {"author_id": "83444729932", "nickname": "杰晶水果农场", "follower_count": 56840}}, {"aweme": {"aweme_id": "6852195789481970957", "aweme_title": "助力河南特产销往全国各地####助农 @抖音小助手", "aweme_url": "https://www.iesdouyin.com/share/video/6852195789481970957/?region=CN&mid=6852195801045666567&u_code=2mi17mkd4mem&titleType=title", "download_url": "https://www.chanmama.com/awemeDetail/6852195789481970957", "digg_count": 23555, "digg_incr": 20635, "aweme_create_time": 1595401160, "category": 7, "volume": 0, "amount": 0}, "author": {"author_id": "65691550049", "nickname": "农村姑嫂", "follower_count": 826981}}, {"aweme": {"aweme_id": "6852309111917317383", "aweme_title": "好神奇，就这一小片竟然是一盘菜？#看我放大大大招 #全民dou爱吃", "aweme_url": "https://www.iesdouyin.com/share/video/6852309111917317383/?region=CN&mid=6852309136852814606&u_code=0&titleType=title", "download_url": "https://www.chanmama.com/awemeDetail/6852309111917317383", "digg_count": 35858, "digg_incr": 20127, "aweme_create_time": 1595427544, "category": 7, "volume": 277, "amount": 11052.3}, "author": {"author_id": "3575267387259444", "nickname": "金庆海鲜产地直发", "follower_count": 576128}}, {"aweme": {"aweme_id": "6852268659004443919", "aweme_title": "手工制作的牛奶拉丝，你吃过吗？#看我放大大大招 #老味道 #一口解锁暑假快落 @DOU+小助手", "aweme_url": "https://www.iesdouyin.com/share/video/6852268659004443919/?region=CN&mid=6852268679237782286&u_code=1jab86a0l66l&titleType=title", "download_url": "https://www.chanmama.com/awemeDetail/6852268659004443919", "digg_count": 30782, "digg_incr": 17247, "aweme_create_time": 1595418124, "category": 7, "volume": 0, "amount": 0}, "author": {"author_id": "98216128444", "nickname": "邹大花", "follower_count": 63698}}, {"aweme": {"aweme_id": "6852241204667600141", "aweme_title": "葡萄干还有很多#葡萄干 #喝彩变身 #不负吾爱探索x面 @DOU+小助手", "aweme_url": "https://www.iesdouyin.com/share/video/6852241204667600141/?region=CN&mid=6852241226444311304&u_code=0&titleType=title", "download_url": "https://www.chanmama.com/awemeDetail/6852241204667600141", "digg_count": 15733, "digg_incr": 15733, "aweme_create_time": 1595411734, "category": 7, "volume": 167, "amount": 3306.6}, "author": {"author_id": "76189391338", "nickname": "鑫盛铭果新疆特产", "follower_count": 230259}}, {"aweme": {"aweme_id": "6852220231071452419", "aweme_title": "夏日必备蒙圈口服液！来喽！搞一波！", "aweme_url": "https://www.iesdouyin.com/share/video/6852220231071452419/?region=CN&mid=6852220529894492941&u_code=0&titleType=title", "download_url": "https://www.chanmama.com/awemeDetail/6852220231071452419", "digg_count": 16551, "digg_incr": 14280, "aweme_create_time": 1595406879, "category": 7, "volume": 4066, "amount": 300884}, "author": {"author_id": "536193930638503", "nickname": "泾河号民百货", "follower_count": 12313}}, {"aweme": {"aweme_id": "6852242561512361230", "aweme_title": "当你女友是你上司时…这下该怎么办😨#办公室 #女朋友 #鸭脖", "aweme_url": "https://www.iesdouyin.com/share/video/6852242561512361230/?region=CN&mid=6852242598586419976&u_code=20693j448c4e&titleType=title", "download_url": "https://www.chanmama.com/awemeDetail/6852242561512361230", "digg_count": 31551, "digg_incr": 13564, "aweme_create_time": 1595412050, "category": 7, "volume": 28, "amount": 277.2}, "author": {"author_id": "4054644356022845", "nickname": "淇淇与他", "follower_count": 386961}}, {"aweme": {"aweme_id": "6852087832341761295", "aweme_title": "这个顾客真是挑剔，太难了！#果农不易 #搞笑@DOU+小助手", "aweme_url": "https://www.iesdouyin.com/share/video/6852087832341761295/?region=CN&mid=6803589023325063949&u_code=107m7bg5i135&titleType=title", "download_url": "https://www.chanmama.com/awemeDetail/6852087832341761295", "digg_count": 17284, "digg_incr": 13350, "aweme_create_time": 1595376025, "category": 7, "volume": 394, "amount": 15720.599999999999}, "author": {"author_id": "75770274254", "nickname": "杨队长", "follower_count": 821850}}, {"aweme": {"aweme_id": "6852240458790259982", "aweme_title": "孩子受伤十年来，最辛苦的人就是我老伴！今天我下厨，准备一起向幸福出发！#热门 @抖音小助手", "aweme_url": "https://www.iesdouyin.com/share/video/6852240458790259982/?region=CN&mid=6729516365591497485&u_code=74iie3d505e&titleType=title", "download_url": "https://www.chanmama.com/awemeDetail/6852240458790259982", "digg_count": 14661, "digg_incr": 12857, "aweme_create_time": 1595411560, "category": 7, "volume": 0, "amount": 0}, "author": {"author_id": "110954722440", "nickname": "友叔", "follower_count": 472459}}, {"aweme": {"aweme_id": "6852214904837967119", "aweme_title": "给大家发的大蒜都是经过精挑细选的，都是亲自把关，都是有售后质量保障的#助农 @DOU+小助手", "aweme_url": "https://www.iesdouyin.com/share/video/6852214904837967119/?region=CN&mid=6852214942989716238&u_code=1g184cmc5edd&titleType=title", "download_url": "https://www.chanmama.com/awemeDetail/6852214904837967119", "digg_count": 12978, "digg_incr": 12774, "aweme_create_time": 1595405609, "category": 7, "volume": 91, "amount": 1264.9}, "author": {"author_id": "2823198800099870", "nickname": "无臂小魏", "follower_count": 39149}}, {"aweme": {"aweme_id": "6852124301810846976", "aweme_title": "只要胆子够大，就没有撩不到的妞🧐#甜甜的恋爱 #礼物", "aweme_url": "https://www.iesdouyin.com/share/video/6852124301810846976/?region=CN&mid=6838518831309572872&u_code=0&titleType=title", "download_url": "https://www.chanmama.com/awemeDetail/6852124301810846976", "digg_count": 14074, "digg_incr": 12615, "aweme_create_time": 1595384514, "category": 7, "volume": 281, "amount": 10454.699999999999}, "author": {"author_id": "2576908635085296", "nickname": "猫仙人💕", "follower_count": 8119}}, {"aweme": {"aweme_id": "6852147147186490631", "aweme_title": "今天来到沙地蜜薯的产地。#助农@抖音小助手", "aweme_url": "https://www.iesdouyin.com/share/video/6852147147186490631/?region=CN&mid=6852147159640918797&u_code=8b2gemk4bae&titleType=title", "download_url": "https://www.chanmama.com/awemeDetail/6852147147186490631", "digg_count": 12451, "digg_incr": 12451, "aweme_create_time": 1595389835, "category": 7, "volume": 0, "amount": 0}, "author": {"author_id": "65691550049", "nickname": "农村姑嫂", "follower_count": 826981}}, {"aweme": {"aweme_id": "6852139005631286541", "aweme_title": "还是这个味的好吃", "aweme_url": "https://www.iesdouyin.com/share/video/6852139005631286541/?region=CN&mid=6852139003400014606&u_code=107m7bg5i135&titleType=title", "download_url": "https://www.chanmama.com/awemeDetail/6852139005631286541", "digg_count": 13101, "digg_incr": 12345, "aweme_create_time": 1595387939, "category": 7, "volume": 453, "amount": 17214}, "author": {"author_id": "104958503756", "nickname": "王赫", "follower_count": 695734}}, {"aweme": {"aweme_id": "6852212104309640455", "aweme_title": "反蹭饭6 小胖万万没想到 @DOU+小助手  #乡村美食", "aweme_url": "https://www.iesdouyin.com/share/video/6852212104309640455/?region=CN&mid=6852212231871253262&u_code=18j756icml6m&titleType=title", "download_url": "https://www.chanmama.com/awemeDetail/6852212104309640455", "digg_count": 14701, "digg_incr": 11831, "aweme_create_time": 1595404980, "category": 7, "volume": 474, "amount": 11281.2}, "author": {"author_id": "606584290159476", "nickname": "湘村饭菜", "follower_count": 37134}}, {"aweme": {"aweme_id": "6852217729601047823", "aweme_title": "生病一年多来，走上抖音平台只有一个目的，就是希望能活下去，能得到更多好心人的支持，开播带货，为了医药费", "aweme_url": "https://www.iesdouyin.com/share/video/6852217729601047823/?region=CN&mid=6632254418341333764&u_code=45a6gmj0h2h&titleType=title", "download_url": "https://www.chanmama.com/awemeDetail/6852217729601047823", "digg_count": 17888, "digg_incr": 11418, "aweme_create_time": 1595406267, "category": 7, "volume": 109, "amount": 5014}, "author": {"author_id": "99427627578", "nickname": "施诗", "follower_count": 167555}}, {"aweme": {"aweme_id": "6852216532404079884", "aweme_title": "#看我放大大大招 #717抖音嗨吃节 #青菜拼车拼拼拼", "aweme_url": "https://www.iesdouyin.com/share/video/6852216532404079884/?region=CN&mid=6852216577253985038&u_code=45a6gmj0h2h&titleType=title", "download_url": "https://www.chanmama.com/awemeDetail/6852216532404079884", "digg_count": 10454, "digg_incr": 10484, "aweme_create_time": 1595405997, "category": 7, "volume": 1585, "amount": 31541.499999999996}, "author": {"author_id": "111124683778", "nickname": "阿美海鲜", "follower_count": 467503}}, {"aweme": {"aweme_id": "6852252862483860748", "aweme_title": "硒砂瓜熟了……#中卫硒砂瓜", "aweme_url": "https://www.iesdouyin.com/share/video/6852252862483860748/?region=CN&mid=6852253012921240327&u_code=0&titleType=title", "download_url": "https://www.chanmama.com/awemeDetail/6852252862483860748", "digg_count": 29848, "digg_incr": 10482, "aweme_create_time": 1595414454, "category": 7, "volume": 1, "amount": 41.8}, "author": {"author_id": "3034301910746352", "nickname": "助农先锋优选（塞上映戈）", "follower_count": 882846}}, {"aweme": {"aweme_id": "6852195982973603087", "aweme_title": "我爱你，就像风走万里，不问归期#正能量电商", "aweme_url": "https://www.iesdouyin.com/share/video/6852195982973603087/?region=CN&mid=6831865665507707655&u_code=0&titleType=title", "download_url": "https://www.chanmama.com/awemeDetail/6852195982973603087", "digg_count": 15038, "digg_incr": 10194, "aweme_create_time": 1595401209, "category": 7, "volume": 53, "amount": 3704.7000000000003}, "author": {"author_id": "58905739697", "nickname": "任长亮（正能量电商）", "follower_count": 155192}}, {"aweme": {"aweme_id": "6852173035747790095", "aweme_title": "我们家吃腊肉一般是白切，三块腊肉一碗饭，这种腊肉炒着吃有点浪费", "aweme_url": "https://www.iesdouyin.com/share/video/6852173035747790095/?region=CN&mid=6852173028500327181&u_code=45a6gmj0h2h&titleType=title", "download_url": "https://www.chanmama.com/awemeDetail/6852173035747790095", "digg_count": 452016, "digg_incr": 9498, "aweme_create_time": 1595395861, "category": 7, "volume": 290, "amount": 52200}, "author": {"author_id": "2576911038951821", "nickname": "贵锦农家腊肉", "follower_count": 456256}}, {"aweme": {"aweme_id": "6852148232940768526", "aweme_title": "煮了这么一大锅", "aweme_url": "https://www.iesdouyin.com/share/video/6852148232940768526/?region=CN&mid=6852148253463497479&u_code=20g3ifb1immj&titleType=title", "download_url": "https://www.chanmama.com/awemeDetail/6852148232940768526", "digg_count": 9643, "digg_incr": 9161, "aweme_create_time": 1595390087, "category": 7, "volume": 441, "amount": 15346.8}, "author": {"author_id": "104958503756", "nickname": "王赫", "follower_count": 695734}}, {"aweme": {"aweme_id": "6852312553649868047", "aweme_title": "短裤看都没有看 不好看吗？#每日分享穿搭 #看我放大大大招@DOU+小助手", "aweme_url": "https://www.iesdouyin.com/share/video/6852312553649868047/?region=CN&mid=6828108065494009870&u_code=0&titleType=title", "download_url": "https://www.chanmama.com/awemeDetail/6852312553649868047", "digg_count": 19505, "digg_incr": 8260, "aweme_create_time": 1595428345, "category": 7, "volume": 8, "amount": 520}, "author": {"author_id": "59690141385", "nickname": "鑫良服装商行", "follower_count": 794427}}, {"aweme": {"aweme_id": "6852170530037042439", "aweme_title": "打篮球就喝#佳得乐 ，三分准到离谱。", "aweme_url": "https://www.iesdouyin.com/share/video/6852170530037042439/?region=CN&mid=6852170637260229384&u_code=1jab869mmlgb&titleType=title", "download_url": "https://www.chanmama.com/awemeDetail/6852170530037042439", "digg_count": 9556, "digg_incr": 8091, "aweme_create_time": 1595397409, "category": 7, "volume": 18, "amount": 358.2}, "author": {"author_id": "96547865970", "nickname": "Ray-周锐", "follower_count": 327565}}, {"aweme": {"aweme_id": "6852240683223223560", "aweme_title": "半夜竟敢吃零食，结尾看我咋收拾他😏", "aweme_url": "https://www.iesdouyin.com/share/video/6852240683223223560/?region=CN&mid=6852240699413302023&u_code=0&titleType=title", "download_url": "https://www.chanmama.com/awemeDetail/6852240683223223560", "digg_count": 9413, "digg_incr": 7768, "aweme_create_time": 1595411612, "category": 7, "volume": 10, "amount": 350}, "author": {"author_id": "219539312215252", "nickname": "爱笑的🍊", "follower_count": 132353}}, {"aweme": {"aweme_id": "6852107715397963016", "aweme_title": "快来给泡菜姐姐评论吧", "aweme_url": "https://www.iesdouyin.com/share/video/6852107715397963016/?region=CN&mid=6852108009972878094&u_code=3aj03358ik5c&titleType=title", "download_url": "https://www.chanmama.com/awemeDetail/6852107715397963016", "digg_count": 24288, "digg_incr": 7575, "aweme_create_time": 1595380725, "category": 7, "volume": 10, "amount": 360}, "author": {"author_id": "96000241730", "nickname": "顺子韩食坊", "follower_count": 908698}}, {"aweme": {"aweme_id": "6852129971020860683", "aweme_title": "今天姥姥做了过年才吃到的糯米果子，又焦又酥，太好吃了#美食趣胃计划@DOU+小助手", "aweme_url": "https://www.iesdouyin.com/share/video/6852129971020860683/?region=CN&mid=6852130024133905159&u_code=j26jd40jeb3&titleType=title", "download_url": "https://www.chanmama.com/awemeDetail/6852129971020860683", "digg_count": 6974, "digg_incr": 6974, "aweme_create_time": 1595385842, "category": 7, "volume": 1, "amount": 5.8}, "author": {"author_id": "3021096796032429", "nickname": "小浩和姥姥", "follower_count": 987207}}, {"aweme": {"aweme_id": "6852119404575051008", "aweme_title": "甲方再原谅我一次！", "aweme_url": "https://www.iesdouyin.com/share/video/6852119404575051008/?region=CN&mid=6852119392778144525&u_code=26534da41dj7&titleType=title", "download_url": "https://www.chanmama.com/awemeDetail/6852119404575051008", "digg_count": 7523, "digg_incr": 6670, "aweme_create_time": 1595383374, "category": 7, "volume": 15, "amount": 298.5}, "author": {"author_id": "95366861846", "nickname": "健身王Sir", "follower_count": 451635}}, {"aweme": {"aweme_id": "6852267856449522947", "aweme_title": "地里刚刚挖的新鲜生姜", "aweme_url": "https://www.iesdouyin.com/share/video/6852267856449522947/?region=CN&mid=6852267899651246861&u_code=48edh643hih9&titleType=title", "download_url": "https://www.chanmama.com/awemeDetail/6852267856449522947", "digg_count": 7130, "digg_incr": 6569, "aweme_create_time": 1595417942, "category": 7, "volume": 7, "amount": 181.29999999999998}, "author": {"author_id": "110450538649", "nickname": "常鲜森", "follower_count": 79187}}, {"aweme": {"aweme_id": "6852165081099259136", "aweme_title": "这两天物流都更新了，但是还是慢一点，我们也在催快递公司，感谢大家理解，下午直播摘枸杞@明珠丫头侣行", "aweme_url": "https://www.iesdouyin.com/share/video/6852165081099259136/?region=CN&mid=6852165472389958403&u_code=4bdm637077de&titleType=title", "download_url": "https://www.chanmama.com/awemeDetail/6852165081099259136", "digg_count": 7851, "digg_incr": 6034, "aweme_create_time": 1595394032, "category": 7, "volume": 6, "amount": 419.40000000000003}, "author": {"author_id": "4503651028209108", "nickname": "刘波8670明珠旅行", "follower_count": 384334}}, {"aweme": {"aweme_id": "6852195074441235712", "aweme_title": "#青菜拼车拼拼拼 #不负吾爱探索x面 #喝彩变身 #糖果", "aweme_url": "https://www.iesdouyin.com/share/video/6852195074441235712/?region=CN&mid=6852195084448926472&u_code=45a6gmj0h2h&titleType=title", "download_url": "https://www.chanmama.com/awemeDetail/6852195074441235712", "digg_count": 7465, "digg_incr": 5944, "aweme_create_time": 1595400992, "category": 7, "volume": 31, "amount": 1178}, "author": {"author_id": "2612059918578224", "nickname": "赣榆区海头镇王程玲海鲜经营部", "follower_count": 396392}}, {"aweme": {"aweme_id": "6852189977745427712", "aweme_title": "“聪明的人已经打开了链接”#恋爱神器", "aweme_url": "https://www.iesdouyin.com/share/video/6852189977745427712/?region=CN&mid=6852189984066898695&u_code=45a6gmj0h2h&titleType=title", "download_url": "https://www.chanmama.com/awemeDetail/6852189977745427712", "digg_count": 5804, "digg_incr": 5717, "aweme_create_time": 1595399806, "category": 7, "volume": 63, "amount": 1883.6999999999998}, "author": {"author_id": "1468584475504192", "nickname": "沙雕沙雕沙雕", "follower_count": 321375}}, {"aweme": {"aweme_id": "6852138104447323407", "aweme_title": "#烟台暖哥 姐姐我舍不得都吃了，等姐姐来烟台吃最大的", "aweme_url": "https://www.iesdouyin.com/share/video/6852138104447323407/?region=CN&mid=6698636272291973901&u_code=0&titleType=title", "download_url": "https://www.chanmama.com/awemeDetail/6852138104447323407", "digg_count": 6699, "digg_incr": 5624, "aweme_create_time": 1595387728, "category": 7, "volume": 1, "amount": 63.9}, "author": {"author_id": "98902224598", "nickname": "暖哥商城", "follower_count": 134743}}, {"aweme": {"aweme_id": "6852277837605506308", "aweme_title": "都是老乡从小吃到大的，老乡你们评评理到底脆不脆#河南 #方便面 @抖音小助手", "aweme_url": "https://www.iesdouyin.com/share/video/6852277837605506308/?region=CN&mid=6618734069624605447&u_code=0&titleType=title", "download_url": "https://www.chanmama.com/awemeDetail/6852277837605506308", "digg_count": 5446, "digg_incr": 5500, "aweme_create_time": 1595420268, "category": 7, "volume": 68, "amount": 2244}, "author": {"author_id": "98457310421", "nickname": "小短腿儿欧尼", "follower_count": 28774}}, {"aweme": {"aweme_id": "6852183484732017920", "aweme_title": "只要胆子够大，就没有撩不到的妞🧐#礼物 #甜甜的恋爱", "aweme_url": "https://www.iesdouyin.com/share/video/6852183484732017920/?region=CN&mid=6838518831309572872&u_code=0&titleType=title", "download_url": "https://www.chanmama.com/awemeDetail/6852183484732017920", "digg_count": 5566, "digg_incr": 5370, "aweme_create_time": 1595398293, "category": 7, "volume": 119, "amount": 4420.8}, "author": {"author_id": "2576908635085296", "nickname": "猫仙人💕", "follower_count": 8119}}, {"aweme": {"aweme_id": "6852115676920909070", "aweme_title": "早餐吃辣椒拌粉，精神一天！ #美食推荐官  #农村美食", "aweme_url": "https://www.iesdouyin.com/share/video/6852115676920909070/?region=CN&mid=6852115769191762701&u_code=himldha1l83&titleType=title", "download_url": "https://www.chanmama.com/awemeDetail/6852115676920909070", "digg_count": 5883, "digg_incr": 5250, "aweme_create_time": 1595382529, "category": 7, "volume": 8, "amount": 182.4}, "author": {"author_id": "101332800948", "nickname": "小江农社", "follower_count": 640245}}, {"aweme": {"aweme_id": "6852136831698423053", "aweme_title": "@颜一不老日记日用品", "aweme_url": "https://www.iesdouyin.com/share/video/6852136831698423053/?region=CN&mid=6849289081583618829&u_code=2i2e61m8lfea&titleType=title", "download_url": "https://www.chanmama.com/awemeDetail/6852136831698423053", "digg_count": 6710, "digg_incr": 5058, "aweme_create_time": 1595387433, "category": 7, "volume": 2, "amount": 19.76}, "author": {"author_id": "3478474922142883", "nickname": "颜一不老日记日用品店", "follower_count": 477209}}, {"aweme": {"aweme_id": "6852086300946746635", "aweme_title": "下雨天摆摊买个包子配点家乡特产霉豆腐填饱肚子，生活太多苦风刺痛我的骨，默默承受，我绝不会认输，大家愿意为我加油", "aweme_url": "https://www.iesdouyin.com/share/video/6852086300946746635/?region=CN&mid=6725263148762598147&u_code=45a6h0857l7&titleType=title", "download_url": "https://www.chanmama.com/awemeDetail/6852086300946746635", "digg_count": 5766, "digg_incr": 4873, "aweme_create_time": 1595375683, "category": 7, "volume": 25, "amount": 622.5}, "author": {"author_id": "2229451096860440", "nickname": "坚强的益香", "follower_count": 341853}}, {"aweme": {"aweme_id": "6852199335921274112", "aweme_title": "今天掉了十个粉丝  别让我知道你们是谁  不然我一定把你们求回来！！ @抖音小助手 #美食趣胃计划", "aweme_url": "https://www.iesdouyin.com/share/video/6852199335921274112/?region=CN&mid=6852199341860424455&u_code=26534da41dj7&titleType=title", "download_url": "https://www.chanmama.com/awemeDetail/6852199335921274112", "digg_count": 5414, "digg_incr": 4844, "aweme_create_time": 1595410261, "category": 7, "volume": 0, "amount": 0}, "author": {"author_id": "2493280517632712", "nickname": "柚子の食", "follower_count": 364472}}, {"aweme": {"aweme_id": "6852242454544993543", "aweme_title": "#冬阴功 #鳜鱼", "aweme_url": "https://www.iesdouyin.com/share/video/6852242454544993543/?region=CN&mid=6852242478486031112&u_code=0&titleType=title", "download_url": "https://www.chanmama.com/awemeDetail/6852242454544993543", "digg_count": 6574, "digg_incr": 4827, "aweme_create_time": 1595412025, "category": 7, "volume": 10, "amount": 460}, "author": {"author_id": "63679498071", "nickname": "Lookocherry.大徐", "follower_count": 892087}}, {"aweme": {"aweme_id": "6852184290516585742", "aweme_title": "缘分让我和老公在广东相识，自由恋爱，如今结婚12年。若不是儿子女儿都身患残疾。我想我们是世界上最幸福的一对夫妻", "aweme_url": "https://www.iesdouyin.com/share/video/6852184290516585742/?region=CN&mid=6838915836732820231&u_code=13h2b53k6g30&titleType=title", "download_url": "https://www.chanmama.com/awemeDetail/6852184290516585742", "digg_count": 7121, "digg_incr": 4731, "aweme_create_time": 1595398483, "category": 7, "volume": 0, "amount": 0}, "author": {"author_id": "68866940223", "nickname": "圆圆", "follower_count": 388913}}, {"aweme": {"aweme_id": "6852152750835387659", "aweme_title": "温州粉干 #米粉 可凉拌可炒可煮 #厂家直发  @DOU+小助手", "aweme_url": "https://www.iesdouyin.com/share/video/6852152750835387659/?region=CN&mid=6852152940954766088&u_code=45a6gmj0h2h&titleType=title", "download_url": "https://www.chanmama.com/awemeDetail/6852152750835387659", "digg_count": 4938, "digg_incr": 4653, "aweme_create_time": 1595391180, "category": 7, "volume": 1357, "amount": 23069}, "author": {"author_id": "4402064725119406", "nickname": "恩泉干货美食", "follower_count": 39673}}, {"aweme": {"aweme_id": "6852180360868957453", "aweme_title": "#抖音有好货 #热门  扇贝肉来咯～又鲜又美味", "aweme_url": "https://www.iesdouyin.com/share/video/6852180360868957453/?region=CN&mid=6852180373725219591&u_code=jc1blmbfcf1&titleType=title", "download_url": "https://www.chanmama.com/awemeDetail/6852180360868957453", "digg_count": 4562, "digg_incr": 4500, "aweme_create_time": 1595397568, "category": 7, "volume": 392, "amount": 38808}, "author": {"author_id": "110811900536", "nickname": "天悦海鲜经营部", "follower_count": 763661}}, {"aweme": {"aweme_id": "6852289805687033103", "aweme_title": "一个月了，切了无数个石榴  浪费的还没有卖出去的多，一箱十几块还不太好卖#全民dou爱吃 #看我放大大大招", "aweme_url": "https://www.iesdouyin.com/share/video/6852289805687033103/?region=CN&mid=6770603568270658312&u_code=0&titleType=title", "download_url": "https://www.chanmama.com/awemeDetail/6852289805687033103", "digg_count": 4518, "digg_incr": 4407, "aweme_create_time": 1595423048, "category": 7, "volume": 0, "amount": 0}, "author": {"author_id": "59601434590", "nickname": "杰品严选", "follower_count": 116783}}, {"aweme": {"aweme_id": "6851885685301890318", "aweme_title": "三伏泡脚养生 #三伏养生  #养生泡脚  #中医悦姐姐", "aweme_url": "https://www.iesdouyin.com/share/video/6851885685301890318/?region=CN&mid=6851885782932687629&u_code=0&titleType=title", "download_url": "https://www.chanmama.com/awemeDetail/6851885685301890318", "digg_count": 4672, "digg_incr": 4318, "aweme_create_time": 1595370120, "category": 7, "volume": 6, "amount": 358.79999999999995}, "author": {"author_id": "2915554617724104", "nickname": "悦姐姐谈养生", "follower_count": 495720}}, {"aweme": {"aweme_id": "6852185016907205891", "aweme_title": "糖醋蒜是夏天必备的开胃神器，爽脆、开胃....#美食趣胃计划 @DOU+小助手", "aweme_url": "https://www.iesdouyin.com/share/video/6852185016907205891/?region=CN&mid=6852185055708728072&u_code=0&titleType=title", "download_url": "https://www.chanmama.com/awemeDetail/6852185016907205891", "digg_count": 4802, "digg_incr": 4278, "aweme_create_time": 1595398660, "category": 7, "volume": 400, "amount": 10000}, "author": {"author_id": "60443482320", "nickname": "肥猫手工美食", "follower_count": 349542}}, {"aweme": {"aweme_id": "6852111722916990208", "aweme_title": "高考后 第14天早餐：蔬菜粒炒杂粮面#元气早餐 #趣胃大比拼 #美食推荐官 #杂粮面@DOU+小助手", "aweme_url": "https://www.iesdouyin.com/share/video/6852111722916990208/?region=CN&mid=6844102974784931854&u_code=45a6gmj0h2h&titleType=title", "download_url": "https://www.chanmama.com/awemeDetail/6852111722916990208", "digg_count": 8118, "digg_incr": 4155, "aweme_create_time": 1595381586, "category": 7, "volume": 0, "amount": 0}, "author": {"author_id": "66116515339", "nickname": "高三妈妈", "follower_count": 217379}}, {"aweme": {"aweme_id": "6852104173878643982", "aweme_title": "傻傻的我，容易感动，也容易满足，没有脑子，也不长记性，看起来很精，其实很傻，我不美，但我善良#女人#80后", "aweme_url": "https://www.iesdouyin.com/share/video/6852104173878643982/?region=CN&mid=6618091071333206797&u_code=4f9k1g14gf3a&titleType=title", "download_url": "https://www.chanmama.com/awemeDetail/6852104173878643982", "digg_count": 7675, "digg_incr": 4154, "aweme_create_time": 1595379830, "category": 7, "volume": 0, "amount": 0}, "author": {"author_id": "99593800583", "nickname": "晶晶", "follower_count": 366665}}, {"aweme": {"aweme_id": "6852145755486965000", "aweme_title": "你们买东西的时候有遇到过这样的老板吗？也太....#摆地摊 #情侣 #717奇妙好物在这里", "aweme_url": "https://www.iesdouyin.com/share/video/6852145755486965000/?region=CN&mid=6852145771479862030&u_code=0&titleType=title", "download_url": "https://www.chanmama.com/awemeDetail/6852145755486965000", "digg_count": 4138, "digg_incr": 4140, "aweme_create_time": 1595389510, "category": 7, "volume": 0, "amount": 0}, "author": {"author_id": "96896739328", "nickname": "厦门盼盼食品", "follower_count": 48806}}, {"aweme": {"aweme_id": "6852225309165571339", "aweme_title": "把努力当成一种习惯，而不是三分热度。坚持才是王道！加油！💪#记录生活 #努力奋斗 @小龙父亲", "aweme_url": "https://www.iesdouyin.com/share/video/6852225309165571339/?region=CN&mid=6440985210891799310&u_code=2egb28c8alic&titleType=title", "download_url": "https://www.chanmama.com/awemeDetail/6852225309165571339", "digg_count": 9658, "digg_incr": 4102, "aweme_create_time": 1595408040, "category": 7, "volume": 79, "amount": 1571.31}, "author": {"author_id": "1587318174000683", "nickname": "小龙先生🌿", "follower_count": 759110}}, {"aweme": {"aweme_id": "6852153399752887552", "aweme_title": "#带娃内心戏 #青菜拼车拼拼拼 #不负吾爱探索x面 #糖果", "aweme_url": "https://www.iesdouyin.com/share/video/6852153399752887552/?region=CN&mid=6852153406174661383&u_code=107m7bg5i135&titleType=title", "download_url": "https://www.chanmama.com/awemeDetail/6852153399752887552", "digg_count": 5428, "digg_incr": 4100, "aweme_create_time": 1595391289, "category": 7, "volume": 20, "amount": 760}, "author": {"author_id": "2612059918578224", "nickname": "赣榆区海头镇王程玲海鲜经营部", "follower_count": 396392}}, {"aweme": {"aweme_id": "6851840872800144647", "aweme_title": "孩子出息了👍🏻  #泡小燕  #曼基康矮脚", "aweme_url": "https://www.iesdouyin.com/share/video/6851840872800144647/?region=CN&mid=6584253904052030215&u_code=107m7bg5i135&titleType=title", "download_url": "https://www.chanmama.com/awemeDetail/6851840872800144647", "digg_count": 6134, "digg_incr": 4043, "aweme_create_time": 1595412000, "category": 7, "volume": 7, "amount": 546}, "author": {"author_id": "79802171285", "nickname": "水蜜桃的记事本", "follower_count": 399660}}, {"aweme": {"aweme_id": "6852135948654841095", "aweme_title": "我竟然不知道，小馒头虽然小，但是比大馒头有营养。#特色烧烤 #饭囧姐妹 #美食趣胃计划", "aweme_url": "https://www.iesdouyin.com/share/video/6852135948654841095/?region=CN&mid=6852135969554959111&u_code=0&titleType=title", "download_url": "https://www.chanmama.com/awemeDetail/6852135948654841095", "digg_count": 5445, "digg_incr": 3990, "aweme_create_time": 1595387227, "category": 7, "volume": 10, "amount": 148}, "author": {"author_id": "88788498483", "nickname": "饭囧姐妹", "follower_count": 285123}}, {"aweme": {"aweme_id": "6852246661872291083", "aweme_title": "#影视剪辑 #娱乐 #wwe #巨石强森", "aweme_url": "https://www.iesdouyin.com/share/video/6852246661872291083/?region=CN&mid=6852246713907088136&u_code=20693j448c4e&titleType=title", "download_url": "https://www.chanmama.com/awemeDetail/6852246661872291083", "digg_count": 4194, "digg_incr": 3959, "aweme_create_time": 1595413010, "category": 7, "volume": 0, "amount": 0}, "author": {"author_id": "1789630632966412", "nickname": "巨石强森", "follower_count": 16254}}, {"aweme": {"aweme_id": "6852177888217664781", "aweme_title": "爸爸一早气妈妈 妈妈做了一大锅炒扇贝肉 就让爸爸吃辣椒 哈哈哈@DOU+小助手", "aweme_url": "https://www.iesdouyin.com/share/video/6852177888217664781/?region=CN&mid=6852177889941949197&u_code=0&titleType=title", "download_url": "https://www.chanmama.com/awemeDetail/6852177888217664781", "digg_count": 4594, "digg_incr": 3920, "aweme_create_time": 1595396992, "category": 7, "volume": 0, "amount": 0}, "author": {"author_id": "96000241730", "nickname": "顺子韩食坊", "follower_count": 908698}}, {"aweme": {"aweme_id": "6852230915200961804", "aweme_title": "人这一生，遇见对你好的人，很容易！遇见一直对你好的人，太难了……", "aweme_url": "https://www.iesdouyin.com/share/video/6852230915200961804/?region=CN&mid=6751690955260463884&u_code=45a6gmj0h2h&titleType=title", "download_url": "https://www.chanmama.com/awemeDetail/6852230915200961804", "digg_count": 5671, "digg_incr": 3919, "aweme_create_time": 1595409344, "category": 7, "volume": 5, "amount": 29.5}, "author": {"author_id": "56813500654", "nickname": "十月麻麻", "follower_count": 552611}}, {"aweme": {"aweme_id": "6852188800207162631", "aweme_title": "走遍全国，只为好吃的水果😋我一直在路上  加油！", "aweme_url": "https://www.iesdouyin.com/share/video/6852188800207162631/?region=CN&mid=6852188829613312775&u_code=0&titleType=title", "download_url": "https://www.chanmama.com/awemeDetail/6852188800207162631", "digg_count": 4586, "digg_incr": 3884, "aweme_create_time": 1595399533, "category": 7, "volume": 360, "amount": 8928}, "author": {"author_id": "95921998276", "nickname": "小芒宁", "follower_count": 651432}}, {"aweme": {"aweme_id": "6852193778782997768", "aweme_title": "#职场  #dou是演技派 来看看另类的职场pua", "aweme_url": "https://www.iesdouyin.com/share/video/6852193778782997768/?region=CN&mid=6852193897498561287&u_code=45a6gmj0h2h&titleType=title", "download_url": "https://www.chanmama.com/awemeDetail/6852193778782997768", "digg_count": 5584, "digg_incr": 3875, "aweme_create_time": 1595410459, "category": 7, "volume": 0, "amount": 0}, "author": {"author_id": "53979845458", "nickname": "西维西师傅", "follower_count": 420952}}, {"aweme": {"aweme_id": "6852245908524977411", "aweme_title": "这样的黑布林您一天能吃几个？#秒杀 #黑布林 #抖音小助手 #直播@DOU+小助手", "aweme_url": "https://www.iesdouyin.com/share/video/6852245908524977411/?region=CN&mid=6852245950619044621&u_code=2h61m986hl9h&titleType=title", "download_url": "https://www.chanmama.com/awemeDetail/6852245908524977411", "digg_count": 7147, "digg_incr": 3858, "aweme_create_time": 1595412835, "category": 7, "volume": 393, "amount": 3890.7000000000003}, "author": {"author_id": "3900661192734092", "nickname": "冠霖水果", "follower_count": 411444}}, {"aweme": {"aweme_id": "6852221230263700751", "aweme_title": "今年29岁，5年前一场大伙。因挽救一条生命，却落*下病根，班*长鼓励我直播，播了5天挣了15块#加油加油", "aweme_url": "https://www.iesdouyin.com/share/video/6852221230263700751/?region=CN&mid=6810346378766650123&u_code=45a6gmj0h2h&titleType=title", "download_url": "https://www.chanmama.com/awemeDetail/6852221230263700751", "digg_count": 4021, "digg_incr": 3856, "aweme_create_time": 1595407082, "category": 7, "volume": 4, "amount": 272}, "author": {"author_id": "3856719026073604", "nickname": "纯之源蜂蜜店", "follower_count": 71943}}, {"aweme": {"aweme_id": "6852190309833559310", "aweme_title": "爷爷一辈子和黄土地为伴，深知粮食珍贵，那个年代舍不得吃鲜玉米，直到现在也是，糯甜鲜嫩黑玉米，你们喜欢吗？", "aweme_url": "https://www.iesdouyin.com/share/video/6852190309833559310/?region=CN&mid=6600970562929953550&u_code=2k5aaj09mab6&titleType=title", "download_url": "https://www.chanmama.com/awemeDetail/6852190309833559310", "digg_count": 3825, "digg_incr": 3825, "aweme_create_time": 1595399884, "category": 7, "volume": 30, "amount": 1494}, "author": {"author_id": "61890713420", "nickname": "佳园琴优选", "follower_count": 298538}}, {"aweme": {"aweme_id": "6852141592757701895", "aweme_title": "还能包上馅做", "aweme_url": "https://www.iesdouyin.com/share/video/6852141592757701895/?region=CN&mid=6852141610479323912&u_code=gcg01jaambg&titleType=title", "download_url": "https://www.chanmama.com/awemeDetail/6852141592757701895", "digg_count": 4404, "digg_incr": 3810, "aweme_create_time": 1595388541, "category": 7, "volume": 98, "amount": 3616.2}, "author": {"author_id": "104958503756", "nickname": "王赫", "follower_count": 695734}}, {"aweme": {"aweme_id": "6851973369101946119", "aweme_title": "#暖哥烟台滴 我听说小姐姐都馋哭了，这可咋哄哄呢", "aweme_url": "https://www.iesdouyin.com/share/video/6851973369101946119/?region=CN&mid=6571321158883347207&u_code=2c8g8i4ghec&titleType=title", "download_url": "https://www.chanmama.com/awemeDetail/6851973369101946119", "digg_count": 4447, "digg_incr": 3780, "aweme_create_time": 1595349383, "category": 7, "volume": 1, "amount": 63.9}, "author": {"author_id": "4503697857309131", "nickname": "正能量暖哥", "follower_count": 256875}}, {"aweme": {"aweme_id": "6852179392802671885", "aweme_title": "家里来个女同学", "aweme_url": "https://www.iesdouyin.com/share/video/6852179392802671885/?region=CN&mid=6852179446543321869&u_code=107m7bg5i135&titleType=title", "download_url": "https://www.chanmama.com/awemeDetail/6852179392802671885", "digg_count": 4601, "digg_incr": 3760, "aweme_create_time": 1595397343, "category": 7, "volume": 98, "amount": 3724}, "author": {"author_id": "104958503756", "nickname": "王赫", "follower_count": 695734}}, {"aweme": {"aweme_id": "6852137352249265416", "aweme_title": "看饿的扣1#挑战全网吃饭最香 #脆皮五花肉 @DOU+小助手", "aweme_url": "https://www.iesdouyin.com/share/video/6852137352249265416/?region=CN&mid=6852137370654542606&u_code=45a6gmj0h2h&titleType=title", "download_url": "https://www.chanmama.com/awemeDetail/6852137352249265416", "digg_count": 20849, "digg_incr": 3758, "aweme_create_time": 1595387554, "category": 7, "volume": 23, "amount": 1035}, "author": {"author_id": "56076606973", "nickname": "毛脸叔叔", "follower_count": 647313}}, {"aweme": {"aweme_id": "6852302995707759886", "aweme_title": "好神奇，就这一小片压缩海带，竟然泡了一大盘！#全民dou爱吃 #看我放大大大招", "aweme_url": "https://www.iesdouyin.com/share/video/6852302995707759886/?region=CN&mid=6852303003685292807&u_code=0&titleType=title", "download_url": "https://www.chanmama.com/awemeDetail/6852302995707759886", "digg_count": 4068, "digg_incr": 3710, "aweme_create_time": 1595426120, "category": 7, "volume": 565, "amount": 22543.5}, "author": {"author_id": "3575267387259444", "nickname": "金庆海鲜产地直发", "follower_count": 576128}}, {"aweme": {"aweme_id": "6852231161155013896", "aweme_title": "#大美妞 宗馥莉首谈“婚恋观”，我比较务实，不会幻想男演员随缘......#抖音小助手", "aweme_url": "https://www.iesdouyin.com/share/video/6852231161155013896/?region=CN&mid=6852231181380307719&u_code=39cg4d6mdh5j&titleType=title", "download_url": "https://www.chanmama.com/awemeDetail/6852231161155013896", "digg_count": 4366, "digg_incr": 3561, "aweme_create_time": 1595409396, "category": 7, "volume": 0, "amount": 0}, "author": {"author_id": "71576330749", "nickname": "大美妞wahaha", "follower_count": 66425}}, {"aweme": {"aweme_id": "6852260703584128263", "aweme_title": "隔空吃牛轧蛋卷可还行？感觉能尝着味！", "aweme_url": "https://www.iesdouyin.com/share/video/6852260703584128263/?region=CN&mid=6852260821306084109&u_code=0&titleType=title", "download_url": "https://www.chanmama.com/awemeDetail/6852260703584128263", "digg_count": 7816, "digg_incr": 3539, "aweme_create_time": 1595416288, "category": 7, "volume": 0, "amount": 0}, "author": {"author_id": "110265633467", "nickname": "小酒蜗日常", "follower_count": 846639}}, {"aweme": {"aweme_id": "6852216673961790727", "aweme_title": "#河南人 不让喝偷着喝，是不是某成色？远在他乡的你是否也想念家乡的味道", "aweme_url": "https://www.iesdouyin.com/share/video/6852216673961790727/?region=CN&mid=6852216780358781710&u_code=45a6gmj0h2h&titleType=title", "download_url": "https://www.chanmama.com/awemeDetail/6852216673961790727", "digg_count": 3612, "digg_incr": 3528, "aweme_create_time": 1595406043, "category": 7, "volume": 187, "amount": 5011.6}, "author": {"author_id": "69537132943", "nickname": "乡音农特产", "follower_count": 56336}}, {"aweme": {"aweme_id": "6852291720525204744", "aweme_title": "天天和一群老人在一起摆摊。很多朋友说我丢人，远离我，嫌弃我，我不偷不抢赚良心钱，就像奶奶的菜一样干净", "aweme_url": "https://www.iesdouyin.com/share/video/6852291720525204744/?region=CN&mid=6746162769277733640&u_code=37jee62h06km&titleType=title", "download_url": "https://www.chanmama.com/awemeDetail/6852291720525204744", "digg_count": 11584, "digg_incr": 3496, "aweme_create_time": 1595423494, "category": 7, "volume": 7, "amount": 476}, "author": {"author_id": "3913913511203080", "nickname": "甜蜜姐~~", "follower_count": 62855}}, {"aweme": {"aweme_id": "6852238354759699719", "aweme_title": "酸辣虾配面条，我能吃一大碗！#美食趣胃计划", "aweme_url": "https://www.iesdouyin.com/share/video/6852238354759699719/?region=CN&mid=6845864977228712718&u_code=363d0kkf8g79&titleType=title", "download_url": "https://www.chanmama.com/awemeDetail/6852238354759699719", "digg_count": 5031, "digg_incr": 3428, "aweme_create_time": 1595411071, "category": 7, "volume": 3, "amount": 101.69999999999999}, "author": {"author_id": "80928644412", "nickname": "二文的日常", "follower_count": 830891}}, {"aweme": {"aweme_id": "6852060838908448014", "aweme_title": "大人孩子抢着吃😄  吃牛排有利人体增强力量和增强免疫力，延缓衰老，不长肉肉🔥🔥早上7点直播间打卡…", "aweme_url": "https://www.iesdouyin.com/share/video/6852060838908448014/?region=CN&mid=6852060797183478536&u_code=107m7bg5i135&titleType=title", "download_url": "https://www.chanmama.com/awemeDetail/6852060838908448014", "digg_count": 3596, "digg_incr": 3378, "aweme_create_time": 1595369751, "category": 7, "volume": 0, "amount": 0}, "author": {"author_id": "60345890514", "nickname": "眼镜妹【小师妹团队】", "follower_count": 284165}}, {"aweme": {"aweme_id": "6852182398046604552", "aweme_title": "感谢🙏大家的支持，谢谢你们！下午两点半左右直播间见，爱你们么么哒#香酥小黄鱼 #从来没吃过这么好吃的东西", "aweme_url": "https://www.iesdouyin.com/share/video/6852182398046604552/?region=CN&mid=6852182448185395982&u_code=4a7f7e959j2l&titleType=title", "download_url": "https://www.chanmama.com/awemeDetail/6852182398046604552", "digg_count": 3448, "digg_incr": 3375, "aweme_create_time": 1595398051, "category": 7, "volume": 0, "amount": 0}, "author": {"author_id": "1560951331753704", "nickname": "小丽海鲜", "follower_count": 90185}}, {"aweme": {"aweme_id": "6852149481098497295", "aweme_title": "助农宁夏硒砂瓜，走进千家万户#中卫硒砂瓜熟了 #dou为宁夏代言 @抖音小助手", "aweme_url": "https://www.iesdouyin.com/share/video/6852149481098497295/?region=CN&mid=6852149480125516552&u_code=20g3ifb1immj&titleType=title", "download_url": "https://www.chanmama.com/awemeDetail/6852149481098497295", "digg_count": 4632, "digg_incr": 3332, "aweme_create_time": 1595390376, "category": 7, "volume": 107, "amount": 4697.3}, "author": {"author_id": "206321282726412", "nickname": "一礼优选特产", "follower_count": 17692}}, {"aweme": {"aweme_id": "6852213804315528463", "aweme_title": "黄瓜吃不完，做点开胃小咸菜@抖音小助手", "aweme_url": "https://www.iesdouyin.com/share/video/6852213804315528463/?region=CN&mid=6852213825547143950&u_code=45a6h092l05&titleType=title", "download_url": "https://www.chanmama.com/awemeDetail/6852213804315528463", "digg_count": 4810, "digg_incr": 3267, "aweme_create_time": 1595405353, "category": 7, "volume": 0, "amount": 0}, "author": {"author_id": "1323432415335652", "nickname": "贝贝她大妈", "follower_count": 476659}}, {"aweme": {"aweme_id": "6852214190615072007", "aweme_title": "减脂期早晨的安排。#专业健身联盟 #健身", "aweme_url": "https://www.iesdouyin.com/share/video/6852214190615072007/?region=CN&mid=6852214224387902222&u_code=0&titleType=title", "download_url": "https://www.chanmama.com/awemeDetail/6852214190615072007", "digg_count": 3416, "digg_incr": 3239, "aweme_create_time": 1595405444, "category": 7, "volume": 0, "amount": 0}, "author": {"author_id": "51162428982", "nickname": "蔡锐佳Tai", "follower_count": 120358}}, {"aweme": {"aweme_id": "6852232114893589772", "aweme_title": "请给你会烧开水的姐妹看！男朋友也行，反正他都说多喝热水。", "aweme_url": "https://www.iesdouyin.com/share/video/6852232114893589772/?region=CN&mid=6818827055090780936&u_code=0&titleType=title", "download_url": "https://www.chanmama.com/awemeDetail/6852232114893589772", "digg_count": 3946, "digg_incr": 3189, "aweme_create_time": 1595409624, "category": 7, "volume": 66, "amount": 448.8}, "author": {"author_id": "3671957135698909", "nickname": "小草的低卡零食屋", "follower_count": 66231}}, {"aweme": {"aweme_id": "6852182789224238336", "aweme_title": "说带孩子不累的,只有两种人,第一种人不带孩子,站着说话不腰疼,第二种人就是没良心的#新手宝妈", "aweme_url": "https://www.iesdouyin.com/share/video/6852182789224238336/?region=CN&mid=6837651486441982727&u_code=0&titleType=title", "download_url": "https://www.chanmama.com/awemeDetail/6852182789224238336", "digg_count": 3085, "digg_incr": 3082, "aweme_create_time": 1595398132, "category": 7, "volume": 0, "amount": 0}, "author": {"author_id": "105129161338", "nickname": "和美芬姐食品", "follower_count": 142265}}, {"aweme": {"aweme_id": "6852121805705022720", "aweme_title": "缓解更年期最有效的方法就是补充雌激素，现象不严重无需药补食补即可，再调节心情饮食睡眠适当运动就可以安全渡过！", "aweme_url": "https://www.iesdouyin.com/share/video/6852121805705022720/?region=CN&mid=6852121836159798029&u_code=461mk57lm7gh&titleType=title", "download_url": "https://www.chanmama.com/awemeDetail/6852121805705022720", "digg_count": 3637, "digg_incr": 3066, "aweme_create_time": 1595383933, "category": 7, "volume": 17, "amount": 848.3}, "author": {"author_id": "104429689869", "nickname": "红衣 沈老师（每天下午三点直播）", "follower_count": 508988}}, {"aweme": {"aweme_id": "6852280457908866307", "aweme_title": "还好说是给孩子们吃的，不然又被说乱花💰了，有好多口味我儿子也吃不过来，我就先吃点", "aweme_url": "https://www.iesdouyin.com/share/video/6852280457908866307/?region=CN&mid=6852280502192294664&u_code=107m7bg5i135&titleType=title", "download_url": "https://www.chanmama.com/awemeDetail/6852280457908866307", "digg_count": 4898, "digg_incr": 3047, "aweme_create_time": 1595420878, "category": 7, "volume": 1, "amount": 39.8}, "author": {"author_id": "1974361401079987", "nickname": "龙凤夫妇❤️", "follower_count": 88800}}, {"aweme": {"aweme_id": "6852239874448297230", "aweme_title": "给我一瓶牛奶，还你一盘无敌美味的#咖喱鸡 #趣胃大比拼", "aweme_url": "https://www.iesdouyin.com/share/video/6852239874448297230/?region=CN&mid=6852239978311748366&u_code=22e1cba375g&titleType=title", "download_url": "https://www.chanmama.com/awemeDetail/6852239874448297230", "digg_count": 5414, "digg_incr": 3002, "aweme_create_time": 1595411441, "category": 7, "volume": 41, "amount": 803.6}, "author": {"author_id": "106068694487", "nickname": "华哥的美食", "follower_count": 798740}}, {"aweme": {"aweme_id": "6852103489263242496", "aweme_title": "刚从地里挖的土豆，来给你们走两步😃😃😃#商洛市首届5g网络直播大赛", "aweme_url": "https://www.iesdouyin.com/share/video/6852103489263242496/?region=CN&mid=6852103462902418190&u_code=45a6gmj0h2h&titleType=title", "download_url": "https://www.chanmama.com/awemeDetail/6852103489263242496", "digg_count": 3530, "digg_incr": 2994, "aweme_create_time": 1595379669, "category": 7, "volume": 0, "amount": 0}, "author": {"author_id": "69528123556", "nickname": "萌 萌", "follower_count": 705249}}, {"aweme": {"aweme_id": "6852256660321291524", "aweme_title": "陕西临潼沙土地板栗红薯，包面，包甜。#红薯 #我要上热门 #717奇妙好物在这里", "aweme_url": "https://www.iesdouyin.com/share/video/6852256660321291524/?region=CN&mid=6748247261597141774&u_code=3ghh3kbgkj6b&titleType=title", "download_url": "https://www.chanmama.com/awemeDetail/6852256660321291524", "digg_count": 7138, "digg_incr": 2994, "aweme_create_time": 1595415338, "category": 7, "volume": 97, "amount": 1639.3}, "author": {"author_id": "3034246657355181", "nickname": "农人果蔬", "follower_count": 52727}}, {"aweme": {"aweme_id": "6852192845189713159", "aweme_title": "我是四川的我为家乡代言，来我家香肠腊肉管够，有喜欢吃的赶紧来，可以@朋友一起来#美食趣胃计划 #特产 #家乡", "aweme_url": "https://www.iesdouyin.com/share/video/6852192845189713159/?region=CN&mid=6852192898532854541&u_code=45a6gmj0h2h&titleType=title", "download_url": "https://www.chanmama.com/awemeDetail/6852192845189713159", "digg_count": 3540, "digg_incr": 2955, "aweme_create_time": 1595400484, "category": 7, "volume": 1, "amount": 188}, "author": {"author_id": "82006768289", "nickname": "良香好物", "follower_count": 51366}}, {"aweme": {"aweme_id": "6852284392220511503", "aweme_title": "第二批新鲜腌制出缸的七彩泡椒开罐了，酱香味十足，广西人的最爱，有喜欢吃的朋友吗？#七彩泡椒@DOU+小助手", "aweme_url": "https://www.iesdouyin.com/share/video/6852284392220511503/?region=CN&mid=6850045724806449928&u_code=0&titleType=title", "download_url": "https://www.chanmama.com/awemeDetail/6852284392220511503", "digg_count": 3012, "digg_incr": 2932, "aweme_create_time": 1595421787, "category": 7, "volume": 160, "amount": 4128}, "author": {"author_id": "101372702283", "nickname": "灵山春晟经营部.", "follower_count": 36707}}, {"aweme": {"aweme_id": "6852266118346853644", "aweme_title": "凉拌面皮怎么拌更好吃呢？#河南老乡 #河南特产 #面皮", "aweme_url": "https://www.iesdouyin.com/share/video/6852266118346853644/?region=CN&mid=6852266163703991047&u_code=3ghh3kbgkj6b&titleType=title", "download_url": "https://www.chanmama.com/awemeDetail/6852266118346853644", "digg_count": 3300, "digg_incr": 2912, "aweme_create_time": 1595417539, "category": 7, "volume": 250, "amount": 4750}, "author": {"author_id": "68053812319", "nickname": "悦悦妈严选特产店", "follower_count": 34915}}, {"aweme": {"aweme_id": "6851378587296091400", "aweme_title": "简直就是当代职场作报告的真实写照 #星猫文创  @我叫星猫  @星猫广场", "aweme_url": "https://www.iesdouyin.com/share/video/6851378587296091400/?region=CN&mid=6851378646217689864&u_code=3ghh3kbgkj6b&titleType=title", "download_url": "https://www.chanmama.com/awemeDetail/6851378587296091400", "digg_count": 2847, "digg_incr": 2846, "aweme_create_time": 1595377800, "category": 7, "volume": 0, "amount": 0}, "author": {"author_id": "62799741605", "nickname": "星猫文创", "follower_count": 35036}}, {"aweme": {"aweme_id": "6852227152776006912", "aweme_title": "吐鲁番的葡萄干很多人都知道，吃过很多无核白葡萄干，那你们喜欢吃绿香妃葡萄干吗？#绿香妃葡萄干 #新疆特产", "aweme_url": "https://www.iesdouyin.com/share/video/6852227152776006912/?region=CN&mid=6838841725533522701&u_code=45a6gmj0h2h&titleType=title", "download_url": "https://www.chanmama.com/awemeDetail/6852227152776006912", "digg_count": 2838, "digg_incr": 2823, "aweme_create_time": 1595408461, "category": 7, "volume": 0, "amount": 0}, "author": {"author_id": "96213916570", "nickname": "重庆幺妹干果", "follower_count": 11869}}, {"aweme": {"aweme_id": "6852243879551388943", "aweme_title": "生在海边，长在海边，希望把最优质，最实惠的海鲜，带给喜欢吃海鲜的您！", "aweme_url": "https://www.iesdouyin.com/share/video/6852243879551388943/?region=CN&mid=6852243914468936462&u_code=22e1cb95a82&titleType=title", "download_url": "https://www.chanmama.com/awemeDetail/6852243879551388943", "digg_count": 6472, "digg_incr": 2816, "aweme_create_time": 1595412355, "category": 7, "volume": 78, "amount": 7722}, "author": {"author_id": "3161793361622488", "nickname": "李加亮海产品经营部", "follower_count": 795486}}, {"aweme": {"aweme_id": "6852134902398192896", "aweme_title": "民勤，取自人民勤劳之意！这里的人们最主要的两件事，就是治沙和种地，农作物主要以沙漠蜜瓜为主。#沙漠 #蜜瓜", "aweme_url": "https://www.iesdouyin.com/share/video/6852134902398192896/?region=CN&mid=6557267873117506317&u_code=0&titleType=title", "download_url": "https://www.chanmama.com/awemeDetail/6852134902398192896", "digg_count": 3379, "digg_incr": 2754, "aweme_create_time": 1595386982, "category": 7, "volume": 64, "amount": 1600}, "author": {"author_id": "4498856289241997", "nickname": "陕西张悟农", "follower_count": 111165}}, {"aweme": {"aweme_id": "6852096500374244623", "aweme_title": "脾胃虚弱怎么办？教你一招调理#中医养生 #食疗养生", "aweme_url": "https://www.iesdouyin.com/share/video/6852096500374244623/?region=CN&mid=6852096460960402190&u_code=j730d40cij&titleType=title", "download_url": "https://www.chanmama.com/awemeDetail/6852096500374244623", "digg_count": 3315, "digg_incr": 2748, "aweme_create_time": 1595378042, "category": 7, "volume": 35, "amount": 1046.5}, "author": {"author_id": "870465339132112", "nickname": "中医陈琦医生", "follower_count": 492449}}, {"aweme": {"aweme_id": "6852301474639219976", "aweme_title": "大凯特又熟了，头发全白了的奶奶鼻子红红的，不想让我们看出来。今年太难了！果多人少花很少就买攀枝花大芒果#助农", "aweme_url": "https://www.iesdouyin.com/share/video/6852301474639219976/?region=CN&mid=6852301499390495495&u_code=0&titleType=title", "download_url": "https://www.chanmama.com/awemeDetail/6852301474639219976", "digg_count": 4207, "digg_incr": 2743, "aweme_create_time": 1595425766, "category": 7, "volume": 349, "amount": 10435.1}, "author": {"author_id": "100369231224", "nickname": "于泡泡", "follower_count": 390307}}, {"aweme": {"aweme_id": "6852241118579526912", "aweme_title": "@沁溢霖茶叶发了一个抖音短视频，你尽管点开，不好看算我输！", "aweme_url": "https://www.iesdouyin.com/share/video/6852241118579526912/?region=CN&mid=6681794657606978317&u_code=45a6gmj0h2h&titleType=", "download_url": "https://www.chanmama.com/awemeDetail/6852241118579526912", "digg_count": 3671, "digg_incr": 2735, "aweme_create_time": 1595411712, "category": 7, "volume": 0, "amount": 0}, "author": {"author_id": "73603678113", "nickname": "沁溢霖茶叶", "follower_count": 85449}}, {"aweme": {"aweme_id": "6852247333665524992", "aweme_title": "生在海边，长在海边，希望把最优质，最实惠的海鲜，带给喜欢吃海鲜的您！", "aweme_url": "https://www.iesdouyin.com/share/video/6852247333665524992/?region=CN&mid=6852247367043812103&u_code=107m7bg5i135&titleType=title", "download_url": "https://www.chanmama.com/awemeDetail/6852247333665524992", "digg_count": 2796, "digg_incr": 2733, "aweme_create_time": 1595413159, "category": 7, "volume": 60, "amount": 5940}, "author": {"author_id": "3161793361622488", "nickname": "李加亮海产品经营部", "follower_count": 795486}}, {"aweme": {"aweme_id": "6852278355589451021", "aweme_title": "雪媚娘大福是现做现发，产量有限，不接急单~ #吃播  #美食  #美食趣胃计划", "aweme_url": "https://www.iesdouyin.com/share/video/6852278355589451021/?region=CN&mid=6852278502982404871&u_code=0&titleType=title", "download_url": "https://www.chanmama.com/awemeDetail/6852278355589451021", "digg_count": 3777, "digg_incr": 2671, "aweme_create_time": 1595420404, "category": 7, "volume": 52, "amount": 5148}, "author": {"author_id": "83169777038877", "nickname": "小乔的食光", "follower_count": 329432}}, {"aweme": {"aweme_id": "6852261394096606477", "aweme_title": "每天闹铃一响我就要起床做熏鸡，#地毯式搜索大哥 大哥我不想在努力了。@DOU+小助手 @抖音小助手", "aweme_url": "https://www.iesdouyin.com/share/video/6852261394096606477/?region=CN&mid=6848903008617515789&u_code=45a6gmj0h2h&titleType=title", "download_url": "https://www.chanmama.com/awemeDetail/6852261394096606477", "digg_count": 2861, "digg_incr": 2621, "aweme_create_time": 1595416434, "category": 7, "volume": 0, "amount": 0}, "author": {"author_id": "84037897968", "nickname": "浩然堠堌熏鸡", "follower_count": 65300}}, {"aweme": {"aweme_id": "6852179266906426639", "aweme_title": "自从入手这个水杯，连口哨都吹的好听了呢！#超大水杯 @DOU+小助手", "aweme_url": "https://www.iesdouyin.com/share/video/6852179266906426639/?region=CN&mid=6852179287471459079&u_code=0&titleType=title", "download_url": "https://www.chanmama.com/awemeDetail/6852179266906426639", "digg_count": 2622, "digg_incr": 2549, "aweme_create_time": 1595397311, "category": 7, "volume": 273, "amount": 8162.7}, "author": {"author_id": "78149423586", "nickname": "和谐三妹严选好物（杯子全力发货中）", "follower_count": 270318}}, {"aweme": {"aweme_id": "6852273189104504079", "aweme_title": "排骨炖粉皮#吃货#粉皮#排骨", "aweme_url": "https://www.iesdouyin.com/share/video/6852273189104504079/?region=CN&mid=6852273208767630093&u_code=3ghh3kbgkj6b&titleType=title", "download_url": "https://www.chanmama.com/awemeDetail/6852273189104504079", "digg_count": 4786, "digg_incr": 2511, "aweme_create_time": 1595419179, "category": 7, "volume": 0, "amount": 0}, "author": {"author_id": "63836551190", "nickname": "爱吃辣的李格子", "follower_count": 94082}}, {"aweme": {"aweme_id": "6852237856807718159", "aweme_title": "正宗五常稻花香大米的特征米粒细长而且有腹白粒身有纹路煮出的饭有米香味而且有光亮不粘锅#五常大米稻花香", "aweme_url": "https://www.iesdouyin.com/share/video/6852237856807718159/?region=CN&mid=6852237864736541454&u_code=0&titleType=title", "download_url": "https://www.chanmama.com/awemeDetail/6852237856807718159", "digg_count": 8217, "digg_incr": 2482, "aweme_create_time": 1595410953, "category": 7, "volume": 0, "amount": 0}, "author": {"author_id": "417427107621742", "nickname": "五常市大陈五常大米（米妹儿）", "follower_count": 126621}}, {"aweme": {"aweme_id": "6852228536971955470", "aweme_title": "看似简单的东西，也需要很多步骤，我们做得还不够好，继续努力#717抖音奇妙好物市集", "aweme_url": "https://www.iesdouyin.com/share/video/6852228536971955470/?region=CN&mid=6852228567200271111&u_code=0&titleType=title", "download_url": "https://www.chanmama.com/awemeDetail/6852228536971955470", "digg_count": 2663, "digg_incr": 2464, "aweme_create_time": 1595408784, "category": 7, "volume": 737, "amount": 18277.600000000002}, "author": {"author_id": "3416932005449980", "nickname": "果小蒙", "follower_count": 704189}}, {"aweme": {"aweme_id": "6852139879028002048", "aweme_title": "有喜欢大凉山脆红李赶快哦，脆甜爽口，价格美丽，火热预售8月五号前发货……#购物分享 #助农", "aweme_url": "https://www.iesdouyin.com/share/video/6852139879028002048/?region=CN&mid=6828143574249458440&u_code=2i2e61m8lfea&titleType=title", "download_url": "https://www.chanmama.com/awemeDetail/6852139879028002048", "digg_count": 3019, "digg_incr": 2457, "aweme_create_time": 1595388146, "category": 7, "volume": 26, "amount": 774.8000000000001}, "author": {"author_id": "77374488173", "nickname": "小张 哥", "follower_count": 523403}}, {"aweme": {"aweme_id": "6852198613485882637", "aweme_title": "忘崽牛奶搭配咖啡冻，也太好喝了吧！ #趣胃大比拼  #美食趣胃计划  @抖音美食@DOU+小助手", "aweme_url": "https://www.iesdouyin.com/share/video/6852198613485882637/?region=CN&mid=6852198656615959309&u_code=455adch37bf4&titleType=title", "download_url": "https://www.chanmama.com/awemeDetail/6852198613485882637", "digg_count": 6867, "digg_incr": 2445, "aweme_create_time": 1595401829, "category": 7, "volume": 15, "amount": 88.5}, "author": {"author_id": "4503675496286015", "nickname": "果汁皇后", "follower_count": 355479}}, {"aweme": {"aweme_id": "6852102703712062732", "aweme_title": "你知道吗海带不是等成熟了才收割的 😊", "aweme_url": "https://www.iesdouyin.com/share/video/6852102703712062732/?region=CN&mid=6544952673429359363&u_code=1a2e3iefce98&titleType=title", "download_url": "https://www.chanmama.com/awemeDetail/6852102703712062732", "digg_count": 2524, "digg_incr": 2439, "aweme_create_time": 1595379495, "category": 7, "volume": 23, "amount": 897}, "author": {"author_id": "2506493448954072", "nickname": "小海凤在奋斗", "follower_count": 226051}}]}