{"data": [{"aweme": {"aweme_id": "6852234550571961614", "aweme_title": "今日份冰爽特辑来啦，麻酱凉皮味的冰淇淋要试试吗 #vlog日常", "aweme_url": "https://www.iesdouyin.com/share/video/6852234550571961614/?region=CN&mid=6852234672094268174&u_code=45a6gmj0h2h&titleType=title", "download_url": "https://www.chanmama.com/awemeDetail/6852234550571961614", "digg_count": 35706, "digg_incr": 31607, "aweme_create_time": 1595410200, "category": 8, "volume": 10, "amount": 1570}, "author": {"author_id": "62187517415", "nickname": "是郭雨妍", "follower_count": 621343}}, {"aweme": {"aweme_id": "6852252131831893262", "aweme_title": "打球时一双好袜子真的很重要 性价比更高更接地气的国产实战袜分享 #种草", "aweme_url": "https://www.iesdouyin.com/share/video/6852252131831893262/?region=CN&mid=6852252233246313224&u_code=4f9k1g16d2a8&titleType=title", "download_url": "https://www.chanmama.com/awemeDetail/6852252131831893262", "digg_count": 36280, "digg_incr": 23082, "aweme_create_time": 1595414294, "category": 8, "volume": 154, "amount": 2926}, "author": {"author_id": "769275651174589", "nickname": "-动感光哥", "follower_count": 634651}}, {"aweme": {"aweme_id": "6852152469779238158", "aweme_title": "@肖颖 家教严格", "aweme_url": "https://www.iesdouyin.com/share/video/6852152469779238158/?region=CN&mid=6727500073430682380&u_code=1jab86a0l66l&titleType=title", "download_url": "https://www.chanmama.com/awemeDetail/6852152469779238158", "digg_count": 23174, "digg_incr": 21228, "aweme_create_time": 1595391074, "category": 8, "volume": 2, "amount": 178}, "author": {"author_id": "83150231873", "nickname": "7号唐日辉呀", "follower_count": 811118}}, {"aweme": {"aweme_id": "6852243577838324999", "aweme_title": "要么反应快，要么敲脑袋！@野球帝 #野球帝courtman", "aweme_url": "https://www.iesdouyin.com/share/video/6852243577838324999/?region=CN&mid=6852243757648169742&u_code=107m7bg5i135&titleType=title", "download_url": "https://www.chanmama.com/awemeDetail/6852243577838324999", "digg_count": 21465, "digg_incr": 17580, "aweme_create_time": 1595412302, "category": 8, "volume": 4, "amount": 428}, "author": {"author_id": "102799952979", "nickname": "男孩子的快乐", "follower_count": 456415}}, {"aweme": {"aweme_id": "6852173215872060676", "aweme_title": "太惊险了，出手就没有想着收回。", "aweme_url": "https://www.iesdouyin.com/share/video/6852173215872060676/?region=CN&mid=6835876535887464462&u_code=45a6gmj0h2h&titleType=title", "download_url": "https://www.chanmama.com/awemeDetail/6852173215872060676", "digg_count": 373582, "digg_incr": 15655, "aweme_create_time": 1595395910, "category": 8, "volume": 0, "amount": 0}, "author": {"author_id": "4503698121929087", "nickname": "小姜爱户外", "follower_count": 140760}}, {"aweme": {"aweme_id": "6851465411565767944", "aweme_title": "有了这个电动浮板，你就是泳池里最靓的仔！", "aweme_url": "https://www.iesdouyin.com/share/video/6851465411565767944/?region=CN&mid=6851465432034036494&u_code=455adch37bf4&titleType=title", "download_url": "https://www.chanmama.com/awemeDetail/6851465411565767944", "digg_count": 19763, "digg_incr": 15635, "aweme_create_time": 1595404800, "category": 8, "volume": 4, "amount": 5596}, "author": {"author_id": "75082632898", "nickname": "发烧门诊室", "follower_count": 858674}}, {"aweme": {"aweme_id": "6852142971224165640", "aweme_title": "开髋一字马？你还有希望#专业健身联盟 #瘦腿", "aweme_url": "https://www.iesdouyin.com/share/video/6852142971224165640/?region=CN&mid=6852143075325217549&u_code=0&titleType=title", "download_url": "https://www.chanmama.com/awemeDetail/6852142971224165640", "digg_count": 19976, "digg_incr": 13237, "aweme_create_time": 1595388880, "category": 8, "volume": 3, "amount": 234}, "author": {"author_id": "3390524896582547", "nickname": "Rosie的瑜伽乐园", "follower_count": 838000}}, {"aweme": {"aweme_id": "6852061349401398543", "aweme_title": "32步🔥《都来发》简单舞步 适合初学者#爱跳舞爱生活@抖音小助手 🔥🔥🔥", "aweme_url": "https://www.iesdouyin.com/share/video/6852061349401398543/?region=CN&mid=6845901851494845197&u_code=1dbh7c3hig57&titleType=title", "download_url": "https://www.chanmama.com/awemeDetail/6852061349401398543", "digg_count": 18886, "digg_incr": 12911, "aweme_create_time": 1595369863, "category": 8, "volume": 2, "amount": 138}, "author": {"author_id": "98903207453", "nickname": "遇见你是我的缘🍒", "follower_count": 240047}}, {"aweme": {"aweme_id": "6852236936304758024", "aweme_title": "阿马的态度，感觉我以后再也不能多管闲事了 #野球帝courtman  @野球帝", "aweme_url": "https://www.iesdouyin.com/share/video/6852236936304758024/?region=CN&mid=6852237286256462606&u_code=107m7bg5i135&titleType=title", "download_url": "https://www.chanmama.com/awemeDetail/6852236936304758024", "digg_count": 13061, "digg_incr": 10625, "aweme_create_time": 1595410800, "category": 8, "volume": 0, "amount": 0}, "author": {"author_id": "64705054080", "nickname": "风一样的男子🏀郭小洋", "follower_count": 332231}}, {"aweme": {"aweme_id": "6852161746770119950", "aweme_title": "多威战神适合竞速，短距离间歇来几组，贼得劲", "aweme_url": "https://www.iesdouyin.com/share/video/6852161746770119950/?region=CN&mid=6852161835484171021&u_code=0&titleType=title", "download_url": "https://www.chanmama.com/awemeDetail/6852161746770119950", "digg_count": 10207, "digg_incr": 9328, "aweme_create_time": 1595393257, "category": 8, "volume": 3, "amount": 687}, "author": {"author_id": "70266198636", "nickname": "Jelly兔耳朵", "follower_count": 225520}}, {"aweme": {"aweme_id": "6852243903509220619", "aweme_title": "超级巨物上岸，老规矩。见大鱼，点个攒吧", "aweme_url": "https://www.iesdouyin.com/share/video/6852243903509220619/?region=CN&mid=6852243959197584142&u_code=3869629bcfg4&titleType=title", "download_url": "https://www.chanmama.com/awemeDetail/6852243903509220619", "digg_count": 13606, "digg_incr": 8492, "aweme_create_time": 1595412368, "category": 8, "volume": 0, "amount": 0}, "author": {"author_id": "101258340818", "nickname": "艺师傅教你钓鱼", "follower_count": 473874}}, {"aweme": {"aweme_id": "6852217159192530184", "aweme_title": "我听过最zha的分手理由：你怎么大小眼。#专业健身联盟 #面部按摩手法", "aweme_url": "https://www.iesdouyin.com/share/video/6852217159192530184/?region=CN&mid=6852217297122233101&u_code=0&titleType=title", "download_url": "https://www.chanmama.com/awemeDetail/6852217159192530184", "digg_count": 7561, "digg_incr": 7013, "aweme_create_time": 1595406157, "category": 8, "volume": 0, "amount": 0}, "author": {"author_id": "3390524896582547", "nickname": "Rosie的瑜伽乐园", "follower_count": 838000}}, {"aweme": {"aweme_id": "6852147670270741773", "aweme_title": "钓鱼人摊上这样的老婆也是醉了#钓鱼人 #深圳钓鱼 #钓鱼趣事 #海钓 #我要上热门", "aweme_url": "https://www.iesdouyin.com/share/video/6852147670270741773/?region=CN&mid=6852147696112388877&u_code=20g3ifb1immj&titleType=title", "download_url": "https://www.chanmama.com/awemeDetail/6852147670270741773", "digg_count": 11987, "digg_incr": 6918, "aweme_create_time": 1595389956, "category": 8, "volume": 2, "amount": 118}, "author": {"author_id": "62918440674", "nickname": "深圳信昌行渔具", "follower_count": 11541}}, {"aweme": {"aweme_id": "6852152682191260941", "aweme_title": "@沙家浜物語晴发了一个抖音短视频，你尽管点开，不好看算我输！", "aweme_url": "https://www.iesdouyin.com/share/video/6852152682191260941/?region=CN&mid=6811602089362426636&u_code=0&titleType=", "download_url": "https://www.chanmama.com/awemeDetail/6852152682191260941", "digg_count": 14645, "digg_incr": 6708, "aweme_create_time": 1595391123, "category": 8, "volume": 25, "amount": 1475}, "author": {"author_id": "68841148283", "nickname": "沙家浜物語晴", "follower_count": 961430}}, {"aweme": {"aweme_id": "6852157126773722368", "aweme_title": "重复的日子里 做自己就好 做自己最好 #宝妈", "aweme_url": "https://www.iesdouyin.com/share/video/6852157126773722368/?region=CN&mid=6830740389545167629&u_code=45a6gmj0h2h&titleType=title", "download_url": "https://www.chanmama.com/awemeDetail/6852157126773722368", "digg_count": 23668, "digg_incr": 6593, "aweme_create_time": 1595392157, "category": 8, "volume": 1, "amount": 188}, "author": {"author_id": "55142488271", "nickname": "Mrs. Chen 🌴", "follower_count": 72382}}, {"aweme": {"aweme_id": "6852218322075782400", "aweme_title": "@沙家浜物語晴发了一个抖音短视频，你尽管点开，不好看算我输！", "aweme_url": "https://www.iesdouyin.com/share/video/6852218322075782400/?region=CN&mid=6722840531262589699&u_code=0&titleType=", "download_url": "https://www.chanmama.com/awemeDetail/6852218322075782400", "digg_count": 11081, "digg_incr": 5897, "aweme_create_time": 1595406405, "category": 8, "volume": 15, "amount": 885}, "author": {"author_id": "68841148283", "nickname": "沙家浜物語晴", "follower_count": 961430}}, {"aweme": {"aweme_id": "6852154967361342727", "aweme_title": "这是用来主动找对抗的脚步#保罗乔治 #篮球", "aweme_url": "https://www.iesdouyin.com/share/video/6852154967361342727/?region=CN&mid=6852154972076051208&u_code=jc1blmbfcf1&titleType=title", "download_url": "https://www.chanmama.com/awemeDetail/6852154967361342727", "digg_count": 7743, "digg_incr": 5631, "aweme_create_time": 1595391655, "category": 8, "volume": 1, "amount": 399}, "author": {"author_id": "108365468344", "nickname": "Micah Lancaster 迈卡", "follower_count": 479769}}, {"aweme": {"aweme_id": "6852247753536343304", "aweme_title": "#减肥  #专业健身联盟核心力量这么差，你减不了肥#大体重", "aweme_url": "https://www.iesdouyin.com/share/video/6852247753536343304/?region=CN&mid=6852247813527587597&u_code=0&titleType=title", "download_url": "https://www.chanmama.com/awemeDetail/6852247753536343304", "digg_count": 7549, "digg_incr": 5501, "aweme_create_time": 1595413266, "category": 8, "volume": 0, "amount": 0}, "author": {"author_id": "1103531536554798", "nickname": "凌子淼（减肥研究员）", "follower_count": 292746}}, {"aweme": {"aweme_id": "6852110861964758284", "aweme_title": "一个动作30次的热身你木有听错#专业健身联盟 #臀部训练 #翘臀不粗腿 #健身", "aweme_url": "https://www.iesdouyin.com/share/video/6852110861964758284/?region=CN&mid=6768369931789536003&u_code=0&titleType=title", "download_url": "https://www.chanmama.com/awemeDetail/6852110861964758284", "digg_count": 5437, "digg_incr": 5067, "aweme_create_time": 1595381395, "category": 8, "volume": 0, "amount": 0}, "author": {"author_id": "74392780920", "nickname": "帽子Sina", "follower_count": 929983}}, {"aweme": {"aweme_id": "6852128668802616591", "aweme_title": "今天分享两组公认有效期腹训练 每个三组 每组20  瘦腿瘦肚子", "aweme_url": "https://www.iesdouyin.com/share/video/6852128668802616591/?region=CN&mid=6852128665774394126&u_code=0&titleType=title", "download_url": "https://www.chanmama.com/awemeDetail/6852128668802616591", "digg_count": 10826, "digg_incr": 5035, "aweme_create_time": 1595385531, "category": 8, "volume": 0, "amount": 0}, "author": {"author_id": "71596074383", "nickname": "kateNan  今天下午八点直播", "follower_count": 204212}}, {"aweme": {"aweme_id": "6852067188493290760", "aweme_title": "生活就像跑步，一边崩溃，一边坚持，熬过去回头看，爽😊……#坚持#跑步#超级丹 @抖音小助手", "aweme_url": "https://www.iesdouyin.com/share/video/6852067188493290760/?region=CN&mid=6851688643006925575&u_code=0&titleType=title", "download_url": "https://www.chanmama.com/awemeDetail/6852067188493290760", "digg_count": 5961, "digg_incr": 4930, "aweme_create_time": 1595371225, "category": 8, "volume": 8, "amount": 1987}, "author": {"author_id": "58899944183", "nickname": "丹", "follower_count": 127360}}, {"aweme": {"aweme_id": "6852142260503448843", "aweme_title": "有一群健身兄弟太棒了！#健身 #兄弟 #精神氮泵", "aweme_url": "https://www.iesdouyin.com/share/video/6852142260503448843/?region=CN&mid=6848408929332906759&u_code=229590fh13g7&titleType=title", "download_url": "https://www.chanmama.com/awemeDetail/6852142260503448843", "digg_count": 5435, "digg_incr": 4674, "aweme_create_time": 1595388703, "category": 8, "volume": 170, "amount": 10030}, "author": {"author_id": "3584002906666860", "nickname": "氮泵健身", "follower_count": 309097}}, {"aweme": {"aweme_id": "6852152866728135936", "aweme_title": "#拔刀术 #源氏  今天给大家表演一个源氏格挡.时代永远不会变的@DOU+小助手", "aweme_url": "https://www.iesdouyin.com/share/video/6852152866728135936/?region=CN&mid=6852152885390150407&u_code=45a6gmj0h2h&titleType=title", "download_url": "https://www.chanmama.com/awemeDetail/6852152866728135936", "digg_count": 24675, "digg_incr": 3882, "aweme_create_time": 1595391165, "category": 8, "volume": 1, "amount": 160}, "author": {"author_id": "3372916531802787", "nickname": "奉武体育文化", "follower_count": 168129}}, {"aweme": {"aweme_id": "6852195921975921932", "aweme_title": "😭摇不中一直喝🍺#酒桌游戏 六色🎲盅⬆️⬆️⬆️", "aweme_url": "https://www.iesdouyin.com/share/video/6852195921975921932/?region=CN&mid=6852195958156004103&u_code=21cg28213cc0&titleType=title", "download_url": "https://www.chanmama.com/awemeDetail/6852195921975921932", "digg_count": 10075, "digg_incr": 3761, "aweme_create_time": 1595401198, "category": 8, "volume": 0, "amount": 0}, "author": {"author_id": "553743837311592", "nickname": "好玩金刚本周六晚7点直播", "follower_count": 913886}}, {"aweme": {"aweme_id": "6852147458156285191", "aweme_title": "最简单的婉儿z字起飞方式 还有人不会吗 ？ #仙霖婉儿  #教学  #干货", "aweme_url": "https://www.iesdouyin.com/share/video/6852147458156285191/?region=CN&mid=6852147539643616007&u_code=3344bdh9d5g5&titleType=title", "download_url": "https://www.chanmama.com/awemeDetail/6852147458156285191", "digg_count": 3187, "digg_incr": 3187, "aweme_create_time": 1595389923, "category": 8, "volume": 4, "amount": 76}, "author": {"author_id": "111034113632", "nickname": "仙霖〖世界婉儿〗", "follower_count": 392432}}, {"aweme": {"aweme_id": "6852246107800505600", "aweme_title": "#抖音垂钓季 其实咋说呢，越来越发现添加剂这玩意儿，只要能用就行。", "aweme_url": "https://www.iesdouyin.com/share/video/6852246107800505600/?region=CN&mid=6852246133944044296&u_code=45a6gmj0h2h&titleType=title", "download_url": "https://www.chanmama.com/awemeDetail/6852246107800505600", "digg_count": 4067, "digg_incr": 3047, "aweme_create_time": 1595412874, "category": 8, "volume": 0, "amount": 0}, "author": {"author_id": "101759897543", "nickname": "高飞仕黑坑江湖", "follower_count": 478096}}, {"aweme": {"aweme_id": "6852075630129990916", "aweme_title": "越来越喜欢一个人独处，宁愿一个人发呆，也不愿与任何人联系……#运动 #自律 @抖音小助手", "aweme_url": "https://www.iesdouyin.com/share/video/6852075630129990916/?region=CN&mid=6852075664934193928&u_code=1ac8if0ha6ek&titleType=title", "download_url": "https://www.chanmama.com/awemeDetail/6852075630129990916", "digg_count": 3141, "digg_incr": 3018, "aweme_create_time": 1595373204, "category": 8, "volume": 16, "amount": 944}, "author": {"author_id": "93106991771", "nickname": "辫子奕", "follower_count": 180506}}, {"aweme": {"aweme_id": "6852100361822489856", "aweme_title": "#曳步舞0基础教学 #曳浪58步 @抖音小助手", "aweme_url": "https://www.iesdouyin.com/share/video/6852100361822489856/?region=CN&mid=6852100336272427790&u_code=45a6gmj0h2h&titleType=title", "download_url": "https://www.chanmama.com/awemeDetail/6852100361822489856", "digg_count": 5478, "digg_incr": 2789, "aweme_create_time": 1595378941, "category": 8, "volume": 0, "amount": 0}, "author": {"author_id": "93514330439", "nickname": "小黄人曳步舞", "follower_count": 618390}}, {"aweme": {"aweme_id": "6852077726308879631", "aweme_title": "@沙家浜物語晴发了一个抖音短视频，你尽管点开，不好看算我输！", "aweme_url": "https://www.iesdouyin.com/share/video/6852077726308879631/?region=CN&mid=6837949808255503111&u_code=0&titleType=", "download_url": "https://www.chanmama.com/awemeDetail/6852077726308879631", "digg_count": 3170, "digg_incr": 2611, "aweme_create_time": 1595373673, "category": 8, "volume": 11, "amount": 319}, "author": {"author_id": "68841148283", "nickname": "沙家浜物語晴", "follower_count": 961430}}, {"aweme": {"aweme_id": "6852046099683822862", "aweme_title": "￼每天100个，坚持15天，你会发现腋窝打了。副乳没有了，腰细了臀翘了腿也瘦了，核心力量增强了#直播", "aweme_url": "https://www.iesdouyin.com/share/video/6852046099683822862/?region=CN&mid=6755667560164771841&u_code=0&titleType=title", "download_url": "https://www.chanmama.com/awemeDetail/6852046099683822862", "digg_count": 6896, "digg_incr": 2513, "aweme_create_time": 1595366341, "category": 8, "volume": 1, "amount": 108}, "author": {"author_id": "74825776076", "nickname": "辣妈瑜伽", "follower_count": 375983}}, {"aweme": {"aweme_id": "6852138025854536973", "aweme_title": "发光不是太阳的权利 你也可以#打篮球的女生 #校园", "aweme_url": "https://www.iesdouyin.com/share/video/6852138025854536973/?region=CN&mid=6706376207044250376&u_code=114be47h8id1&titleType=title", "download_url": "https://www.chanmama.com/awemeDetail/6852138025854536973", "digg_count": 2872, "digg_incr": 2371, "aweme_create_time": 1595387711, "category": 8, "volume": 0, "amount": 0}, "author": {"author_id": "76458353007", "nickname": "肥肥想扣篮", "follower_count": 85982}}, {"aweme": {"aweme_id": "6852245668581412096", "aweme_title": "裁判：得按我这标准跳知道不？跳的比我差的，全部给差评😎😎😎😎#拉丁舞", "aweme_url": "https://www.iesdouyin.com/share/video/6852245668581412096/?region=CN&mid=6852245685476018951&u_code=107m7bg5i135&titleType=title", "download_url": "https://www.chanmama.com/awemeDetail/6852245668581412096", "digg_count": 3364, "digg_incr": 2362, "aweme_create_time": 1595412771, "category": 8, "volume": 0, "amount": 0}, "author": {"author_id": "69783488653", "nickname": "港龙舞蹈", "follower_count": 703503}}, {"aweme": {"aweme_id": "6852145302665760011", "aweme_title": "你们觉得哪一款吃得xiang？#斯凯奇女鞋 #斯凯奇熊猫鞋@企业号小助手", "aweme_url": "https://www.iesdouyin.com/share/video/6852145302665760011/?region=CN&mid=6852145467690683149&u_code=3bfc9jhbael8&titleType=title", "download_url": "https://www.chanmama.com/awemeDetail/6852145302665760011", "digg_count": 4597, "digg_incr": 2306, "aweme_create_time": 1595389440, "category": 8, "volume": 5, "amount": 1695}, "author": {"author_id": "3491681579045024", "nickname": "斯凯奇官方专卖店", "follower_count": 117175}}, {"aweme": {"aweme_id": "6852157652454231311", "aweme_title": "#女生的秘密 free it for summer姐妹们", "aweme_url": "https://www.iesdouyin.com/share/video/6852157652454231311/?region=CN&mid=6852157657495685895&u_code=27l4hlf2k4hk&titleType=title", "download_url": "https://www.chanmama.com/awemeDetail/6852157652454231311", "digg_count": 2985, "digg_incr": 2268, "aweme_create_time": 1595392279, "category": 8, "volume": 1, "amount": 168}, "author": {"author_id": "3073888198342987", "nickname": "小水水iii", "follower_count": 167171}}, {"aweme": {"aweme_id": "6852208427830201600", "aweme_title": "办公室虽然已经被我搞这么乱了，但是吃东西还得罚@别赖了马师傅！ #野球帝courtman", "aweme_url": "https://www.iesdouyin.com/share/video/6852208427830201600/?region=CN&mid=6852208441499781896&u_code=3i111ka81fcl&titleType=title", "download_url": "https://www.chanmama.com/awemeDetail/6852208427830201600", "digg_count": 2171, "digg_incr": 2171, "aweme_create_time": 1595404101, "category": 8, "volume": 0, "amount": 0}, "author": {"author_id": "95684018806", "nickname": "正趣果", "follower_count": 55814}}, {"aweme": {"aweme_id": "6852181975156002051", "aweme_title": "这一套走出去 回头率超高 宝宝们 千万别错过#爆款", "aweme_url": "https://www.iesdouyin.com/share/video/6852181975156002051/?region=CN&mid=6852182017786792717&u_code=0&titleType=title", "download_url": "https://www.chanmama.com/awemeDetail/6852181975156002051", "digg_count": 3141, "digg_incr": 2072, "aweme_create_time": 1595397952, "category": 8, "volume": 264, "amount": 28776}, "author": {"author_id": "2981464003323774", "nickname": "表妹-艾蒂佳佳服饰", "follower_count": 217524}}, {"aweme": {"aweme_id": "6852245733299490059", "aweme_title": "我努力奔跑，只为追逐那个曾经的自己。#扣篮 #skylab", "aweme_url": "https://www.iesdouyin.com/share/video/6852245733299490059/?region=CN&mid=6827809239809968910&u_code=3m6gciam02ae&titleType=title", "download_url": "https://www.chanmama.com/awemeDetail/6852245733299490059", "digg_count": 2337, "digg_incr": 2029, "aweme_create_time": 1595412794, "category": 8, "volume": 2, "amount": 146}, "author": {"author_id": "100550697628", "nickname": "AirChina 许文皓", "follower_count": 43222}}, {"aweme": {"aweme_id": "6852186470208277774", "aweme_title": "我没事，我溜达！", "aweme_url": "https://www.iesdouyin.com/share/video/6852186470208277774/?region=CN&mid=6852186476071979789&u_code=0&titleType=title", "download_url": "https://www.chanmama.com/awemeDetail/6852186470208277774", "digg_count": 2311, "digg_incr": 1890, "aweme_create_time": 1595398990, "category": 8, "volume": 1, "amount": 158}, "author": {"author_id": "81846956884", "nickname": "吴悠morefree", "follower_count": 742628}}, {"aweme": {"aweme_id": "6852207455548525832", "aweme_title": "20年前在想40岁还能穿上👙吗？现在在想 那20年后呢#70后 #健身", "aweme_url": "https://www.iesdouyin.com/share/video/6852207455548525832/?region=CN&mid=6812255623938329358&u_code=0&titleType=title", "download_url": "https://www.chanmama.com/awemeDetail/6852207455548525832", "digg_count": 1885, "digg_incr": 1755, "aweme_create_time": 1595403877, "category": 8, "volume": 0, "amount": 0}, "author": {"author_id": "104938895103", "nickname": "慢姐", "follower_count": 123831}}, {"aweme": {"aweme_id": "6852144109340118287", "aweme_title": "一定要看到最后，有惊喜有红包！！！#秒杀 #套装两件套 #工厂生活 #男生穿搭 #dou #不负吾爱探索x面", "aweme_url": "https://www.iesdouyin.com/share/video/6852144109340118287/?region=CN&mid=6851390925483019021&u_code=2hfje4g0ac6b&titleType=title", "download_url": "https://www.chanmama.com/awemeDetail/6852144109340118287", "digg_count": 1759, "digg_incr": 1746, "aweme_create_time": 1595389126, "category": 8, "volume": 7, "amount": 139.29999999999998}, "author": {"author_id": "940799402977422", "nickname": "图姐服装生产工厂", "follower_count": 11694}}, {"aweme": {"aweme_id": "6852191951236713731", "aweme_title": "水桶腰？侧腰、小腹赘肉多？准备好哑铃，跟我做这套计划！#瘦腰 #瘦肚子 #马甲线 #水桶腰", "aweme_url": "https://www.iesdouyin.com/share/video/6852191951236713731/?region=CN&mid=6852192017628302093&u_code=45a6gmj0h2h&titleType=title", "download_url": "https://www.chanmama.com/awemeDetail/6852191951236713731", "digg_count": 3257, "digg_incr": 1713, "aweme_create_time": 1595400274, "category": 8, "volume": 0, "amount": 0}, "author": {"author_id": "1046339959664030", "nickname": "带你练出马甲线的小楠哥", "follower_count": 288689}}, {"aweme": {"aweme_id": "6852239916705795332", "aweme_title": "珍珠耳环真美#七月好运 #百万开麦 #青菜拼车拼拼拼 #玛莎拉蒂锋芒玩家 #不负吾爱探索x面 @DOU+小助手", "aweme_url": "https://www.iesdouyin.com/share/video/6852239916705795332/?region=CN&mid=6841830253430721294&u_code=0&titleType=title", "download_url": "https://www.chanmama.com/awemeDetail/6852239916705795332", "digg_count": 1982, "digg_incr": 1662, "aweme_create_time": 1595411440, "category": 8, "volume": 0, "amount": 0}, "author": {"author_id": "694516898079092", "nickname": "百合欧韩饰品", "follower_count": 30615}}, {"aweme": {"aweme_id": "6852104760691068173", "aweme_title": "只要努力，没有学不会的/", "aweme_url": "https://www.iesdouyin.com/share/video/6852104760691068173/?region=CN&mid=6852104751274904333&u_code=0&titleType=title", "download_url": "https://www.chanmama.com/awemeDetail/6852104760691068173", "digg_count": 1869, "digg_incr": 1615, "aweme_create_time": 1595379967, "category": 8, "volume": 3, "amount": 177}, "author": {"author_id": "68087992757", "nickname": "山妹她爸", "follower_count": 271400}}, {"aweme": {"aweme_id": "6852198832273476879", "aweme_title": "千万别跟着我练，我怕你小pp太好看！臀部紧致提升能让视觉上腿长10cm哦～#蜜桃臀打卡 #蜜桃臀#膝盖不内扣", "aweme_url": "https://www.iesdouyin.com/share/video/6852198832273476879/?region=CN&mid=6769475564454595341&u_code=455adch37bf4&titleType=title", "download_url": "https://www.chanmama.com/awemeDetail/6852198832273476879", "digg_count": 2109, "digg_incr": 1581, "aweme_create_time": 1595401867, "category": 8, "volume": 13, "amount": 728}, "author": {"author_id": "95914803398", "nickname": "猫小咪居家健身（重庆）", "follower_count": 841732}}, {"aweme": {"aweme_id": "6852115347080875279", "aweme_title": "接下来会更新混养池怎么钓大鲤鱼哦#鲤鱼", "aweme_url": "https://www.iesdouyin.com/share/video/6852115347080875279/?region=CN&mid=6852115342136347406&u_code=461mk57lm7gh&titleType=title", "download_url": "https://www.chanmama.com/awemeDetail/6852115347080875279", "digg_count": 2234, "digg_incr": 1550, "aweme_create_time": 1595382429, "category": 8, "volume": 17, "amount": 285.6}, "author": {"author_id": "106882806578", "nickname": "上海美人鱼钓具", "follower_count": 57642}}, {"aweme": {"aweme_id": "6852189956127984910", "aweme_title": "#潮流男鞋 之前买贵了的可以退了，我们家88米八双 发发发#好物推荐 #抖音热门", "aweme_url": "https://www.iesdouyin.com/share/video/6852189956127984910/?region=CN&mid=6852190052957588231&u_code=0&titleType=title", "download_url": "https://www.chanmama.com/awemeDetail/6852189956127984910", "digg_count": 1534, "digg_incr": 1534, "aweme_create_time": 1595399823, "category": 8, "volume": 0, "amount": 0}, "author": {"author_id": "69533692968", "nickname": "瑞安市佳仪鞋行", "follower_count": 9683}}, {"aweme": {"aweme_id": "6852280823324970248", "aweme_title": "钓鱼人统计：你是抽芙蓉王还是利群orR不抽烟？#钓鱼技巧", "aweme_url": "https://www.iesdouyin.com/share/video/6852280823324970248/?region=CN&mid=6852281334575467271&u_code=11e65mfc1kk9&titleType=title", "download_url": "https://www.chanmama.com/awemeDetail/6852280823324970248", "digg_count": 1640, "digg_incr": 1494, "aweme_create_time": 1595421070, "category": 8, "volume": 68, "amount": 1353.1999999999998}, "author": {"author_id": "71595965312", "nickname": "中发渔具", "follower_count": 87875}}, {"aweme": {"aweme_id": "6852076756682263820", "aweme_title": "早安，晨练开始！练好肩和背，这个夏天想穿啥就穿啥#减脂塑形 #练肩 #练背", "aweme_url": "https://www.iesdouyin.com/share/video/6852076756682263820/?region=CN&mid=6852076790177909512&u_code=0&titleType=title", "download_url": "https://www.chanmama.com/awemeDetail/6852076756682263820", "digg_count": 5129, "digg_incr": 1490, "aweme_create_time": 1595373465, "category": 8, "volume": 25, "amount": 450}, "author": {"author_id": "760488903327491", "nickname": "北京瑞意汇生网络技术", "follower_count": 124129}}, {"aweme": {"aweme_id": "6852089433139793156", "aweme_title": "女人一定要独立，经济的独立是从身材的自律开始的，不放弃自己，想得到的都会随之而来。", "aweme_url": "https://www.iesdouyin.com/share/video/6852089433139793156/?region=CN&mid=6852089446003706632&u_code=45a6gmj0h2h&titleType=title", "download_url": "https://www.chanmama.com/awemeDetail/6852089433139793156", "digg_count": 3544, "digg_incr": 1380, "aweme_create_time": 1595376411, "category": 8, "volume": 43, "amount": 808.4}, "author": {"author_id": "106574520777", "nickname": "白鸽瑜伽（早上6：30直播）", "follower_count": 930389}}, {"aweme": {"aweme_id": "6852227554493943040", "aweme_title": "挑战万物皆可变音箱，结局我裂开了！#蓝牙音箱", "aweme_url": "https://www.iesdouyin.com/share/video/6852227554493943040/?region=CN&mid=6852227597972359949&u_code=0&titleType=title", "download_url": "https://www.chanmama.com/awemeDetail/6852227554493943040", "digg_count": 1899, "digg_incr": 1305, "aweme_create_time": 1595408559, "category": 8, "volume": 0, "amount": 0}, "author": {"author_id": "60803313664", "nickname": "贰哥搞机", "follower_count": 360977}}, {"aweme": {"aweme_id": "6852158540799331587", "aweme_title": "在家怎么高效减脂？这几个动作帮助你。", "aweme_url": "https://www.iesdouyin.com/share/video/6852158540799331587/?region=CN&mid=6842033967399537416&u_code=0&titleType=title", "download_url": "https://www.chanmama.com/awemeDetail/6852158540799331587", "digg_count": 1885, "digg_incr": 1300, "aweme_create_time": 1595392494, "category": 8, "volume": 0, "amount": 0}, "author": {"author_id": "3597200509117668", "nickname": "阿刚健身教学", "follower_count": 950508}}, {"aweme": {"aweme_id": "6852056565353106688", "aweme_title": "#男士冰丝内裤买一送一超级划算。6:30直播，欢迎你们来直播间，", "aweme_url": "https://www.iesdouyin.com/share/video/6852056565353106688/?region=CN&mid=6574244894137649934&u_code=0&titleType=title", "download_url": "https://www.chanmama.com/awemeDetail/6852056565353106688", "digg_count": 1453, "digg_incr": 1228, "aweme_create_time": 1595368754, "category": 8, "volume": 0, "amount": 0}, "author": {"author_id": "104795294779", "nickname": "吴三姐", "follower_count": 128689}}, {"aweme": {"aweme_id": "6852312287122918671", "aweme_title": "长期坚持跑步，会让你遇见最好的自己#跑步", "aweme_url": "https://www.iesdouyin.com/share/video/6852312287122918671/?region=CN&mid=6852312293762534158&u_code=0&titleType=title", "download_url": "https://www.chanmama.com/awemeDetail/6852312287122918671", "digg_count": 3320, "digg_incr": 1185, "aweme_create_time": 1595428283, "category": 8, "volume": 0, "amount": 0}, "author": {"author_id": "110257045981", "nickname": "跑步天地", "follower_count": 70460}}, {"aweme": {"aweme_id": "6852219204364471564", "aweme_title": "若一切都已云烟成雨，我能否变成淤泥，再一次的沾染你…", "aweme_url": "https://www.iesdouyin.com/share/video/6852219204364471564/?region=CN&mid=6795522762850175752&u_code=45a6gmj0h2h&titleType=title", "download_url": "https://www.chanmama.com/awemeDetail/6852219204364471564", "digg_count": 2655, "digg_incr": 1178, "aweme_create_time": 1595406618, "category": 8, "volume": 0, "amount": 0}, "author": {"author_id": "60535493242", "nickname": "灿灿", "follower_count": 304484}}, {"aweme": {"aweme_id": "6852257749879835918", "aweme_title": "#抖音球鞋测评 抗扭片其实不是抗扭作用？选鞋别跟风，按需选择才重要", "aweme_url": "https://www.iesdouyin.com/share/video/6852257749879835918/?region=CN&mid=6852257788593261325&u_code=0&titleType=title", "download_url": "https://www.chanmama.com/awemeDetail/6852257749879835918", "digg_count": 1317, "digg_incr": 1169, "aweme_create_time": 1595415585, "category": 8, "volume": 0, "amount": 0}, "author": {"author_id": "101158461570", "nickname": "WEN鞋评", "follower_count": 210827}}, {"aweme": {"aweme_id": "6852126978758184192", "aweme_title": "开始喜欢朱莉这个角色，喜欢请关注我，给您更多精彩视频.#三哥 #朱莉 #戏精 #热门 #dou出新知 #搞笑", "aweme_url": "https://www.iesdouyin.com/share/video/6852126978758184192/?region=CN&mid=6851771249891347208&u_code=3kdem96968fl&titleType=title", "download_url": "https://www.chanmama.com/awemeDetail/6852126978758184192", "digg_count": 1182, "digg_incr": 1165, "aweme_create_time": 1595385137, "category": 8, "volume": 0, "amount": 0}, "author": {"author_id": "99083453314", "nickname": "潮搭鞋服VAYM安益玛", "follower_count": 2380}}, {"aweme": {"aweme_id": "6852056424768408835", "aweme_title": "手臂粗壮、还有拜拜肉，在家跟我做这套计划！#瘦手臂 #瘦胳膊 #拜拜肉", "aweme_url": "https://www.iesdouyin.com/share/video/6852056424768408835/?region=CN&mid=6852056476819852039&u_code=1h7f30l0i9ha&titleType=title", "download_url": "https://www.chanmama.com/awemeDetail/6852056424768408835", "digg_count": 1281, "digg_incr": 1158, "aweme_create_time": 1595368761, "category": 8, "volume": 18, "amount": 630}, "author": {"author_id": "1046339959664030", "nickname": "带你练出马甲线的小楠哥", "follower_count": 288689}}, {"aweme": {"aweme_id": "6852066002142776584", "aweme_title": "恰恰基本步加手势练习@抖音小助手 @DOU+小助手", "aweme_url": "https://www.iesdouyin.com/share/video/6852066002142776584/?region=CN&mid=6831739931820362503&u_code=0&titleType=title", "download_url": "https://www.chanmama.com/awemeDetail/6852066002142776584", "digg_count": 1404, "digg_incr": 1140, "aweme_create_time": 1595370949, "category": 8, "volume": 0, "amount": 0}, "author": {"author_id": "62319652366", "nickname": "轩～", "follower_count": 311328}}, {"aweme": {"aweme_id": "6852204727522905357", "aweme_title": "手机全新出院👊🏻 板子即将换新", "aweme_url": "https://www.iesdouyin.com/share/video/6852204727522905357/?region=CN&mid=6852204738868546311&u_code=2g9cfffeefe2&titleType=title", "download_url": "https://www.chanmama.com/awemeDetail/6852204727522905357", "digg_count": 1835, "digg_incr": 1095, "aweme_create_time": 1595403241, "category": 8, "volume": 0, "amount": 0}, "author": {"author_id": "72688032363", "nickname": "Bzyyy滑板教学", "follower_count": 80104}}, {"aweme": {"aweme_id": "6852249832845790472", "aweme_title": "女人再漂亮 也得回学会浪￼￼😂一副苦瓜脸 谁见都不爽 内心得有爱 脸上得有光 灵魂得有趣 身体得倍棒", "aweme_url": "https://www.iesdouyin.com/share/video/6852249832845790472/?region=CN&mid=6848174657820969735&u_code=0&titleType=title", "download_url": "https://www.chanmama.com/awemeDetail/6852249832845790472", "digg_count": 1267, "digg_incr": 1088, "aweme_create_time": 1595413743, "category": 8, "volume": 0, "amount": 0}, "author": {"author_id": "83926582025", "nickname": "林妹妹❤️跳舞", "follower_count": 666551}}, {"aweme": {"aweme_id": "6852284202054962447", "aweme_title": "#肩部训练计划#直角肩 5个动作改善塌肩窄肩，练就完美直角肩！@抖音小助手", "aweme_url": "https://www.iesdouyin.com/share/video/6852284202054962447/?region=CN&mid=6846158452448905992&u_code=0&titleType=title", "download_url": "https://www.chanmama.com/awemeDetail/6852284202054962447", "digg_count": 2040, "digg_incr": 1058, "aweme_create_time": 1595421743, "category": 8, "volume": 0, "amount": 0}, "author": {"author_id": "307459161339492", "nickname": "大师姐", "follower_count": 300822}}, {"aweme": {"aweme_id": "6852244571838106894", "aweme_title": "MAX钓大鱼的要点给你们总结好了，赶紧去搏击属于你的大物吧！@李大本事钓鱼 #钓鱼 #钓大鱼", "aweme_url": "https://www.iesdouyin.com/share/video/6852244571838106894/?region=CN&mid=6852244608739560199&u_code=0&titleType=title", "download_url": "https://www.chanmama.com/awemeDetail/6852244571838106894", "digg_count": 1309, "digg_incr": 1054, "aweme_create_time": 1595412518, "category": 8, "volume": 0, "amount": 0}, "author": {"author_id": "69382154764", "nickname": "一味钓鱼说", "follower_count": 193713}}, {"aweme": {"aweme_id": "6852280609012763918", "aweme_title": "Bleedy内线", "aweme_url": "https://www.iesdouyin.com/share/video/6852280609012763918/?region=CN&mid=6701482517268302603&u_code=0&titleType=title", "download_url": "https://www.chanmama.com/awemeDetail/6852280609012763918", "digg_count": 1383, "digg_incr": 1029, "aweme_create_time": 1595420908, "category": 8, "volume": 2, "amount": 298}, "author": {"author_id": "81846956884", "nickname": "吴悠morefree", "follower_count": 742628}}, {"aweme": {"aweme_id": "6852299356998094088", "aweme_title": "神猴式、鸽子式后弯、后髋展不开请这样练，摆正髋，腹部要延展，呼气向后伸展。#热门 #健身瑜伽@抖音小助手", "aweme_url": "https://www.iesdouyin.com/share/video/6852299356998094088/?region=CN&mid=6852299384638425870&u_code=45a6gmj0h2h&titleType=title", "download_url": "https://www.chanmama.com/awemeDetail/6852299356998094088", "digg_count": 2882, "digg_incr": 1026, "aweme_create_time": 1595425273, "category": 8, "volume": 0, "amount": 0}, "author": {"author_id": "99823432945", "nickname": "莫琳美人瑜", "follower_count": 21045}}, {"aweme": {"aweme_id": "6852240400321744141", "aweme_title": "外观朴实无华的让人不以为这是双正代 #野球帝courtman @野球帝", "aweme_url": "https://www.iesdouyin.com/share/video/6852240400321744141/?region=CN&mid=6852240528675851022&u_code=jc1bl0ci45d&titleType=title", "download_url": "https://www.chanmama.com/awemeDetail/6852240400321744141", "digg_count": 1595, "digg_incr": 1022, "aweme_create_time": 1595411562, "category": 8, "volume": 0, "amount": 0}, "author": {"author_id": "78284177340", "nickname": "胖哥球鞋故事", "follower_count": 60668}}, {"aweme": {"aweme_id": "6852167939190279439", "aweme_title": "马甲线塑形练习，收紧腹部，腰背挺直，呼气发力侧抬腿，吸气还原，每组20个三组", "aweme_url": "https://www.iesdouyin.com/share/video/6852167939190279439/?region=CN&mid=6850235428813949709&u_code=0&titleType=title", "download_url": "https://www.chanmama.com/awemeDetail/6852167939190279439", "digg_count": 1711, "digg_incr": 1012, "aweme_create_time": 1595394674, "category": 8, "volume": 0, "amount": 0}, "author": {"author_id": "88856857098", "nickname": "罪恶天使", "follower_count": 216760}}, {"aweme": {"aweme_id": "6852105459663392008", "aweme_title": "补充四、麻将是可以不吃不喝。#跑步 #抖音 #飞比特隐形腰包", "aweme_url": "https://www.iesdouyin.com/share/video/6852105459663392008/?region=CN&mid=6840785364577848072&u_code=294bg9d7idcl&titleType=title", "download_url": "https://www.chanmama.com/awemeDetail/6852105459663392008", "digg_count": 1442, "digg_incr": 1011, "aweme_create_time": 1595380129, "category": 8, "volume": 2, "amount": 388}, "author": {"author_id": "95419624789", "nickname": "F恩慧🏃‍♀️爱跑步", "follower_count": 69953}}, {"aweme": {"aweme_id": "6852064542831299848", "aweme_title": "跑步久了你就会发现朋友越来越少，圈子越来越净，留给自己的时间越来越多！#跑步 #自律 #四季运动俱乐部", "aweme_url": "https://www.iesdouyin.com/share/video/6852064542831299848/?region=CN&mid=6851492809766439693&u_code=4dgib6jc31hc&titleType=title", "download_url": "https://www.chanmama.com/awemeDetail/6852064542831299848", "digg_count": 1072, "digg_incr": 1007, "aweme_create_time": 1595370612, "category": 8, "volume": 2, "amount": 336}, "author": {"author_id": "98796883086", "nickname": "军哥【汗水英雄联盟】", "follower_count": 51756}}, {"aweme": {"aweme_id": "6852092662019886349", "aweme_title": "那谁亲点的《北江美》来了，快来签收吧", "aweme_url": "https://www.iesdouyin.com/share/video/6852092662019886349/?region=CN&mid=6839634928549464839&u_code=0&titleType=title", "download_url": "https://www.chanmama.com/awemeDetail/6852092662019886349", "digg_count": 1107, "digg_incr": 968, "aweme_create_time": 1595377151, "category": 8, "volume": 0, "amount": 0}, "author": {"author_id": "83926582025", "nickname": "林妹妹❤️跳舞", "follower_count": 666551}}, {"aweme": {"aweme_id": "6852160865022577927", "aweme_title": "该说不说的，感谢我大哥@准者体育 的鞋子，其实还有好几双#篮球鞋 呢哈哈！", "aweme_url": "https://www.iesdouyin.com/share/video/6852160865022577927/?region=CN&mid=6828438284851497741&u_code=0&titleType=title", "download_url": "https://www.chanmama.com/awemeDetail/6852160865022577927", "digg_count": 1059, "digg_incr": 954, "aweme_create_time": 1595393029, "category": 8, "volume": 0, "amount": 0}, "author": {"author_id": "85517991575", "nickname": "叫我泓霖就行", "follower_count": 314422}}, {"aweme": {"aweme_id": "6852119057613753600", "aweme_title": "自己研发水下直播设备，抖音唯一的潜水直播？希望创作出更精彩的视频&直播，来回报每一个关注我的粉丝！@抖音直播", "aweme_url": "https://www.iesdouyin.com/share/video/6852119057613753600/?region=CN&mid=6852119076186131208&u_code=0&titleType=title", "download_url": "https://www.chanmama.com/awemeDetail/6852119057613753600", "digg_count": 1581, "digg_incr": 941, "aweme_create_time": 1595383293, "category": 8, "volume": 0, "amount": 0}, "author": {"author_id": "96454341077", "nickname": "三亚赏金猎人🏝️海岛生活", "follower_count": 138363}}, {"aweme": {"aweme_id": "6852076046422969600", "aweme_title": "@💞拾指紧扣💞发了一个抖音短视频，你尽管点开，不好看算我输！", "aweme_url": "https://www.iesdouyin.com/share/video/6852076046422969600/?region=CN&mid=6845082952552942339&u_code=0&titleType=", "download_url": "https://www.chanmama.com/awemeDetail/6852076046422969600", "digg_count": 1141, "digg_incr": 918, "aweme_create_time": 1595373299, "category": 8, "volume": 0, "amount": 0}, "author": {"author_id": "110185102586", "nickname": "💞拾指紧扣💞", "follower_count": 611092}}, {"aweme": {"aweme_id": "6852109827464809739", "aweme_title": "这个新赛季莫兰特速度好像更快了，你们觉得呢 #莫兰特 #重启新赛季", "aweme_url": "https://www.iesdouyin.com/share/video/6852109827464809739/?region=CN&mid=6852109867231054600&u_code=0&titleType=title", "download_url": "https://www.chanmama.com/awemeDetail/6852109827464809739", "digg_count": 1103, "digg_incr": 897, "aweme_create_time": 1595381154, "category": 8, "volume": 1, "amount": 8}, "author": {"author_id": "102225474928", "nickname": "贾·莫兰特中文网", "follower_count": 140022}}, {"aweme": {"aweme_id": "6851442285251480839", "aweme_title": "#美人计塑身衣 30天极速瘦腿法！小仙女们赶紧连起来！ #瘦腿", "aweme_url": "https://www.iesdouyin.com/share/video/6851442285251480839/?region=CN&mid=6851442386515495694&u_code=24lj60d0ji8b&titleType=title", "download_url": "https://www.chanmama.com/awemeDetail/6851442285251480839", "digg_count": 1011, "digg_incr": 897, "aweme_create_time": 1595384100, "category": 8, "volume": 0, "amount": 0}, "author": {"author_id": "153534384846171", "nickname": "美人计", "follower_count": 12745}}, {"aweme": {"aweme_id": "6852158279959760143", "aweme_title": "新手跳绳减肥的必备训练方案，只需28天，给自己一个机会改变，快一起跳起来吧#跳绳 #减肥 #跳绳减肥打卡", "aweme_url": "https://www.iesdouyin.com/share/video/6852158279959760143/?region=CN&mid=6685637878225046280&u_code=2kf531i7iek5&titleType=title", "download_url": "https://www.chanmama.com/awemeDetail/6852158279959760143", "digg_count": 1518, "digg_incr": 872, "aweme_create_time": 1595392425, "category": 8, "volume": 4, "amount": 151.2}, "author": {"author_id": "97119928326", "nickname": "奔跑的兔几", "follower_count": 22542}}, {"aweme": {"aweme_id": "6852246691920366863", "aweme_title": "你穿运动拖鞋遇到过这些问题吗？#准者篮球训练营 #篮球#拖鞋", "aweme_url": "https://www.iesdouyin.com/share/video/6852246691920366863/?region=CN&mid=6852246706084416269&u_code=2g9cfffeefe2&titleType=title", "download_url": "https://www.chanmama.com/awemeDetail/6852246691920366863", "digg_count": 1112, "digg_incr": 870, "aweme_create_time": 1595413010, "category": 8, "volume": 4, "amount": 276}, "author": {"author_id": "59122039447", "nickname": "深读篮球", "follower_count": 82645}}, {"aweme": {"aweme_id": "6852200406458600719", "aweme_title": "日常训练后#背卡 油腻，#运动服装搭配", "aweme_url": "https://www.iesdouyin.com/share/video/6852200406458600719/?region=CN&mid=6542401919461034756&u_code=4dgib6jc31hc&titleType=title", "download_url": "https://www.chanmama.com/awemeDetail/6852200406458600719", "digg_count": 1492, "digg_incr": 856, "aweme_create_time": 1595402234, "category": 8, "volume": 0, "amount": 0}, "author": {"author_id": "60870896206", "nickname": "跳皮筋的奔波霸", "follower_count": 95202}}, {"aweme": {"aweme_id": "6852250698197765391", "aweme_title": "塌肩窄肩穿衣不好看 想要成为行走的衣架子吗？以下4个动作打造完美#直角肩 #肩部训练 #抖音小助手", "aweme_url": "https://www.iesdouyin.com/share/video/6852250698197765391/?region=CN&mid=6823532177620978439&u_code=0&titleType=title", "download_url": "https://www.chanmama.com/awemeDetail/6852250698197765391", "digg_count": 1361, "digg_incr": 805, "aweme_create_time": 1595413943, "category": 8, "volume": 0, "amount": 0}, "author": {"author_id": "83974104606", "nickname": "娟儿👄", "follower_count": 428302}}, {"aweme": {"aweme_id": "6852076729171758343", "aweme_title": "女孩都应该有个舞蹈梦，不是吗？#拉丁舞#气质这一块 #形体练习#舞配舞服", "aweme_url": "https://www.iesdouyin.com/share/video/6852076729171758343/?region=CN&mid=6844482528745720583&u_code=0&titleType=title", "download_url": "https://www.chanmama.com/awemeDetail/6852076729171758343", "digg_count": 1033, "digg_incr": 797, "aweme_create_time": 1595373444, "category": 8, "volume": 0, "amount": 0}, "author": {"author_id": "66730780377", "nickname": "新梦想lina舞蹈", "follower_count": 858203}}, {"aweme": {"aweme_id": "6852260000295865615", "aweme_title": "#练胸", "aweme_url": "https://www.iesdouyin.com/share/video/6852260000295865615/?region=CN&mid=6841543803753548552&u_code=24lj60c7kgi7&titleType=title", "download_url": "https://www.chanmama.com/awemeDetail/6852260000295865615", "digg_count": 1072, "digg_incr": 793, "aweme_create_time": 1595416108, "category": 8, "volume": 24, "amount": 696}, "author": {"author_id": "105267979564", "nickname": "阿祥", "follower_count": 52715}}, {"aweme": {"aweme_id": "6852267265321094408", "aweme_title": "男生胸部肥大怎么办呢？#专业健身联盟 #减肥 #胸肌训练", "aweme_url": "https://www.iesdouyin.com/share/video/6852267265321094408/?region=CN&mid=6830993986610629390&u_code=0&titleType=title", "download_url": "https://www.chanmama.com/awemeDetail/6852267265321094408", "digg_count": 1514, "digg_incr": 787, "aweme_create_time": 1595417801, "category": 8, "volume": 6, "amount": 179.39999999999998}, "author": {"author_id": "71986983999", "nickname": "其名为坤爱健身", "follower_count": 858776}}, {"aweme": {"aweme_id": "6852289204404210944", "aweme_title": "【瘦腿必备】总有人问腿为什么越练越粗？因为拉伸放松肌肉不到位！这一套动作给你漫画腿！@抖音小助手", "aweme_url": "https://www.iesdouyin.com/share/video/6852289204404210944/?region=CN&mid=6803657494175681288&u_code=27l4hkg6gl49&titleType=title", "download_url": "https://www.chanmama.com/awemeDetail/6852289204404210944", "digg_count": 1199, "digg_incr": 776, "aweme_create_time": 1595422908, "category": 8, "volume": 2, "amount": 39.2}, "author": {"author_id": "60554551402", "nickname": "爱琳健身日志", "follower_count": 42410}}, {"aweme": {"aweme_id": "6852231182852115716", "aweme_title": "怎么负重练出爆满结实的腹肌呢？", "aweme_url": "https://www.iesdouyin.com/share/video/6852231182852115716/?region=CN&mid=6843607089181362177&u_code=0&titleType=title", "download_url": "https://www.chanmama.com/awemeDetail/6852231182852115716", "digg_count": 1406, "digg_incr": 773, "aweme_create_time": 1595409407, "category": 8, "volume": 0, "amount": 0}, "author": {"author_id": "3597200509117668", "nickname": "阿刚健身教学", "follower_count": 950508}}, {"aweme": {"aweme_id": "6852086641473899776", "aweme_title": "三天不打 上房揭瓦 我想被全网吊打一下 把所认识的街健大神艾特出来 同框一下试试？#街头健身#最强俯卧撑", "aweme_url": "https://www.iesdouyin.com/share/video/6852086641473899776/?region=CN&mid=6852086611979602696&u_code=0&titleType=title", "download_url": "https://www.chanmama.com/awemeDetail/6852086641473899776", "digg_count": 1104, "digg_incr": 731, "aweme_create_time": 1595375747, "category": 8, "volume": 0, "amount": 0}, "author": {"author_id": "80753407428", "nickname": "大师兄HC", "follower_count": 186966}}, {"aweme": {"aweme_id": "6852185110603697415", "aweme_title": "放假啦！暑假不能出去旅游，只能一天天在小区里晃荡#变形鞋 #两用轮滑鞋", "aweme_url": "https://www.iesdouyin.com/share/video/6852185110603697415/?region=CN&mid=6811094421375813633&u_code=0&titleType=title", "download_url": "https://www.chanmama.com/awemeDetail/6852185110603697415", "digg_count": 1398, "digg_incr": 718, "aweme_create_time": 1595398674, "category": 8, "volume": 0, "amount": 0}, "author": {"author_id": "94506659391", "nickname": "良角变形鞋", "follower_count": 413805}}, {"aweme": {"aweme_id": "6852241734886296839", "aweme_title": "垂钓之前必须要打个小窝#钓鱼 @抖音小助手", "aweme_url": "https://www.iesdouyin.com/share/video/6852241734886296839/?region=CN&mid=6843277342475814926&u_code=0&titleType=title", "download_url": "https://www.chanmama.com/awemeDetail/6852241734886296839", "digg_count": 2021, "digg_incr": 712, "aweme_create_time": 1595411857, "category": 8, "volume": 0, "amount": 0}, "author": {"author_id": "66863313649", "nickname": "渔猎江湖", "follower_count": 101378}}, {"aweme": {"aweme_id": "6852219996295220483", "aweme_title": "拔草节下大雨，玩一把童年的游戏，想玩儿的家人都来吧，太爽了。关注牛姐直播间下午5点开播，咱们不见不散", "aweme_url": "https://www.iesdouyin.com/share/video/6852219996295220483/?region=CN&mid=6695880762484755211&u_code=0&titleType=title", "download_url": "https://www.chanmama.com/awemeDetail/6852219996295220483", "digg_count": 1560, "digg_incr": 710, "aweme_create_time": 1595406803, "category": 8, "volume": 0, "amount": 0}, "author": {"author_id": "63525601857", "nickname": "牛姐平顶山", "follower_count": 210761}}, {"aweme": {"aweme_id": "6852174133925530888", "aweme_title": "姐说干就干，平均四分57秒跑完30公里，加油全马330看齐#丹丹必胜 #抖音小助手@DOU+小助手", "aweme_url": "https://www.iesdouyin.com/share/video/6852174133925530888/?region=CN&mid=0&u_code=2c8g7ik8j27&titleType=title", "download_url": "https://www.chanmama.com/awemeDetail/6852174133925530888", "digg_count": 1104, "digg_incr": 709, "aweme_create_time": 1595396118, "category": 8, "volume": 2, "amount": 478}, "author": {"author_id": "63251122522", "nickname": "丹丹必胜❤️", "follower_count": 31270}}, {"aweme": {"aweme_id": "6852255687456689422", "aweme_title": "32步（公牛和母牛）背面@抖音小助手", "aweme_url": "https://www.iesdouyin.com/share/video/6852255687456689422/?region=CN&mid=6847799794392648456&u_code=45a6gmj0h2h&titleType=title", "download_url": "https://www.chanmama.com/awemeDetail/6852255687456689422", "digg_count": 3126, "digg_incr": 703, "aweme_create_time": 1595415106, "category": 8, "volume": 0, "amount": 0}, "author": {"author_id": "102187270512", "nickname": "真", "follower_count": 67466}}, {"aweme": {"aweme_id": "6852245486540197123", "aweme_title": "跑步膝盖前侧疼痛治疗#膝盖保护 @抖音小助手", "aweme_url": "https://www.iesdouyin.com/share/video/6852245486540197123/?region=CN&mid=6852245530681215751&u_code=0&titleType=title", "download_url": "https://www.chanmama.com/awemeDetail/6852245486540197123", "digg_count": 1202, "digg_incr": 666, "aweme_create_time": 1595412737, "category": 8, "volume": 1, "amount": 38}, "author": {"author_id": "131533132020635", "nickname": "马拉松-解黄桥", "follower_count": 46640}}, {"aweme": {"aweme_id": "6852231379590171904", "aweme_title": "抱还是BAO？@DOU+小助手", "aweme_url": "https://www.iesdouyin.com/share/video/6852231379590171904/?region=CN&mid=6852231401119419144&u_code=2kf531i7iek5&titleType=title", "download_url": "https://www.chanmama.com/awemeDetail/6852231379590171904", "digg_count": 1603, "digg_incr": 638, "aweme_create_time": 1595409445, "category": 8, "volume": 2, "amount": 17.8}, "author": {"author_id": "101315674835", "nickname": "欧陆环球好物严选", "follower_count": 28271}}, {"aweme": {"aweme_id": "6852145056695012608", "aweme_title": "#举重 #奥运冠军 #吕小军 #大別山 #转训 #后蹲 #210公斤 #一组五个 #练组", "aweme_url": "https://www.iesdouyin.com/share/video/6852145056695012608/?region=CN&mid=6852145075854576398&u_code=2hfje4g0ac6b&titleType=title", "download_url": "https://www.chanmama.com/awemeDetail/6852145056695012608", "digg_count": 1574, "digg_incr": 637, "aweme_create_time": 1595389346, "category": 8, "volume": 0, "amount": 0}, "author": {"author_id": "110576593198", "nickname": "LUXIAOJUNBARBELL", "follower_count": 27735}}, {"aweme": {"aweme_id": "6852226945569017101", "aweme_title": "#热门@抖音小助手", "aweme_url": "https://www.iesdouyin.com/share/video/6852226945569017101/?region=CN&mid=6848507093926890253&u_code=43c903ch7lim&titleType=title", "download_url": "https://www.chanmama.com/awemeDetail/6852226945569017101", "digg_count": 1005, "digg_incr": 633, "aweme_create_time": 1595408422, "category": 8, "volume": 0, "amount": 0}, "author": {"author_id": "74854075648", "nickname": "绿袖子", "follower_count": 63489}}, {"aweme": {"aweme_id": "6852309282277395720", "aweme_title": "30天每天100个俯卧撑，会有什么变化呢？#专业健身联盟 #俯卧撑 #练出好身材", "aweme_url": "https://www.iesdouyin.com/share/video/6852309282277395720/?region=CN&mid=6564750431715592967&u_code=0&titleType=title", "download_url": "https://www.chanmama.com/awemeDetail/6852309282277395720", "digg_count": 1205, "digg_incr": 624, "aweme_create_time": 1595427584, "category": 8, "volume": 0, "amount": 0}, "author": {"author_id": "71986983999", "nickname": "其名为坤爱健身", "follower_count": 858776}}, {"aweme": {"aweme_id": "6852094977963461888", "aweme_title": "接上两个视频一起 肩背拉伸合集来啦#运动前后拉伸动作 #抖音小助手", "aweme_url": "https://www.iesdouyin.com/share/video/6852094977963461888/?region=CN&mid=6852094957960858381&u_code=0&titleType=title", "download_url": "https://www.chanmama.com/awemeDetail/6852094977963461888", "digg_count": 1010, "digg_incr": 619, "aweme_create_time": 1595377688, "category": 8, "volume": 0, "amount": 0}, "author": {"author_id": "83974104606", "nickname": "娟儿👄", "follower_count": 428302}}, {"aweme": {"aweme_id": "6852234499812625664", "aweme_title": "你怎么爱自己 就是在教别人怎么爱你😘#瑜伽习练手册 @抖音小助手", "aweme_url": "https://www.iesdouyin.com/share/video/6852234499812625664/?region=CN&mid=6852234520704715528&u_code=258dkkj7ad10&titleType=title", "download_url": "https://www.chanmama.com/awemeDetail/6852234499812625664", "digg_count": 2437, "digg_incr": 614, "aweme_create_time": 1595410171, "category": 8, "volume": 0, "amount": 0}, "author": {"author_id": "98467884412", "nickname": "万聚彩妆瑜伽人", "follower_count": 762471}}, {"aweme": {"aweme_id": "6852278952921255175", "aweme_title": "#鱼竿渔具 #抖音小助手 #抖音小店#五定位鱼竿 五定位鱼竿钓鱼实用方便@DOU+小助手", "aweme_url": "https://www.iesdouyin.com/share/video/6852278952921255175/?region=CN&mid=6723445012618627844&u_code=24lj60c7kgi7&titleType=title", "download_url": "https://www.chanmama.com/awemeDetail/6852278952921255175", "digg_count": 1291, "digg_incr": 532, "aweme_create_time": 1595420522, "category": 8, "volume": 0, "amount": 0}, "author": {"author_id": "109399008549", "nickname": "紫霞钓鱼用品经销处", "follower_count": 70078}}, {"aweme": {"aweme_id": "6852272766008167687", "aweme_title": "#很安全的方法 当你的肩部和核心力量足够，穿越就会很轻松。从最简单的开始。@抖音小助手", "aweme_url": "https://www.iesdouyin.com/share/video/6852272766008167687/?region=CN&mid=6852272773936089870&u_code=2jifj957kd77&titleType=title", "download_url": "https://www.chanmama.com/awemeDetail/6852272766008167687", "digg_count": 1256, "digg_incr": 483, "aweme_create_time": 1595419081, "category": 8, "volume": 1, "amount": 23.9}, "author": {"author_id": "107950474399", "nickname": "瑜伽健身阿茂", "follower_count": 52206}}, {"aweme": {"aweme_id": "6852078025819933952", "aweme_title": "早安！晨练习惯养成Day1:紧致塑形瘦全身#减脂塑形 #哑铃", "aweme_url": "https://www.iesdouyin.com/share/video/6852078025819933952/?region=CN&mid=6852077968211102472&u_code=2akd6hi9aal7&titleType=title", "download_url": "https://www.chanmama.com/awemeDetail/6852078025819933952", "digg_count": 1428, "digg_incr": 440, "aweme_create_time": 1595373742, "category": 8, "volume": 0, "amount": 0}, "author": {"author_id": "104953350893", "nickname": "我爱举铁的小姐姐们", "follower_count": 31372}}]}