{"data": [{"aweme": {"aweme_id": "6852089365913521423", "aweme_title": "创意电视机纸巾盒", "aweme_url": "https://www.iesdouyin.com/share/video/6852089365913521423/?region=CN&mid=6703019061732821773&u_code=0&titleType=title", "download_url": "https://www.chanmama.com/awemeDetail/6852089365913521423", "digg_count": 31632, "digg_incr": 31637, "aweme_create_time": 1595376382, "category": 9, "volume": 8036, "amount": 159916.4}, "author": {"author_id": "1103533282964163", "nickname": "亮子带你拿好货", "follower_count": 124486}}, {"aweme": {"aweme_id": "6852092805200809216", "aweme_title": "#我要上热门 #717奇妙好物在这里 趁着老板下班了，去拍的", "aweme_url": "https://www.iesdouyin.com/share/video/6852092805200809216/?region=CN&mid=6852092764445133581&u_code=0&titleType=title", "download_url": "https://www.chanmama.com/awemeDetail/6852092805200809216", "digg_count": 31850, "digg_incr": 30481, "aweme_create_time": 1595377182, "category": 9, "volume": 4713, "amount": 46658.700000000004}, "author": {"author_id": "76105493454", "nickname": "小晨带你扫库存", "follower_count": 476461}}, {"aweme": {"aweme_id": "6851971446923611396", "aweme_title": "#创意  电视机纸巾盒 #我要上热门  @抖音小助手", "aweme_url": "https://www.iesdouyin.com/share/video/6851971446923611396/?region=CN&mid=6851972069211540231&u_code=0&titleType=title", "download_url": "https://www.chanmama.com/awemeDetail/6851971446923611396", "digg_count": 15310, "digg_incr": 15406, "aweme_create_time": 1595369100, "category": 9, "volume": 3916, "amount": 77928.4}, "author": {"author_id": "1103533282964163", "nickname": "亮子带你拿好货", "follower_count": 124486}}, {"aweme": {"aweme_id": "6852223395770174734", "aweme_title": "女儿说，唱就要唱的有仪势感😄😅#戏精 #逗比母女 #感谢支持 @DOU+小助手 @欢乐记忆✨", "aweme_url": "https://www.iesdouyin.com/share/video/6852223395770174734/?region=CN&mid=6776152150226569991&u_code=45a6gmj0h2h&titleType=title", "download_url": "https://www.chanmama.com/awemeDetail/6852223395770174734", "digg_count": 12723, "digg_incr": 8550, "aweme_create_time": 1595407587, "category": 9, "volume": 0, "amount": 0}, "author": {"author_id": "61747104667", "nickname": "董事长", "follower_count": 334587}}, {"aweme": {"aweme_id": "6852234523774700812", "aweme_title": "因为这门手艺只属于中国的传承和骄傲，我会把他好好的传承下去#民俗守艺人", "aweme_url": "https://www.iesdouyin.com/share/video/6852234523774700812/?region=CN&mid=6852234571958848270&u_code=258dkkj7ad10&titleType=title", "download_url": "https://www.chanmama.com/awemeDetail/6852234523774700812", "digg_count": 7644, "digg_incr": 7514, "aweme_create_time": 1595410185, "category": 9, "volume": 0, "amount": 0}, "author": {"author_id": "206343915438429", "nickname": "蜀染寻伞（匠林风华）", "follower_count": 62942}}, {"aweme": {"aweme_id": "6852263730223271171", "aweme_title": "#汉服 #古风雨伞 回廊一寸相思地，落月成孤倚。背灯和月就花阴，已是十年踪迹十年心。", "aweme_url": "https://www.iesdouyin.com/share/video/6852263730223271171/?region=CN&mid=6684950347493985037&u_code=0&titleType=title", "download_url": "https://www.chanmama.com/awemeDetail/6852263730223271171", "digg_count": 13043, "digg_incr": 6531, "aweme_create_time": 1595416983, "category": 9, "volume": 0, "amount": 0}, "author": {"author_id": "3434494206417819", "nickname": "雨天汉服安利", "follower_count": 35388}}, {"aweme": {"aweme_id": "6852126309657709824", "aweme_title": "#我要上热门 #717奇妙好物在这里 老吸水了！", "aweme_url": "https://www.iesdouyin.com/share/video/6852126309657709824/?region=CN&mid=6852126299058965256&u_code=0&titleType=title", "download_url": "https://www.chanmama.com/awemeDetail/6852126309657709824", "digg_count": 8581, "digg_incr": 6483, "aweme_create_time": 1595384982, "category": 9, "volume": 136, "amount": 1346.4}, "author": {"author_id": "76105493454", "nickname": "小晨带你扫库存", "follower_count": 476461}}, {"aweme": {"aweme_id": "6852188280172203279", "aweme_title": "涛哥今天新买了一个挂钟，瞅了半天总感觉有点不对劲🤨咱也不敢说咱也不敢问！你们瞅出哪里有问题了吗？@抖音小助手", "aweme_url": "https://www.iesdouyin.com/share/video/6852188280172203279/?region=CN&mid=6852188289735150343&u_code=0&titleType=title", "download_url": "https://www.chanmama.com/awemeDetail/6852188280172203279", "digg_count": 9388, "digg_incr": 5609, "aweme_create_time": 1595399410, "category": 9, "volume": 16, "amount": 316.8}, "author": {"author_id": "79940881061", "nickname": "麦兜兜", "follower_count": 533958}}, {"aweme": {"aweme_id": "6852231825335586062", "aweme_title": "㊗一帆风顺#好运@抖音小助手", "aweme_url": "https://www.iesdouyin.com/share/video/6852231825335586062/?region=CN&mid=6696389909613136653&u_code=45a6gmj0h2h&titleType=title", "download_url": "https://www.chanmama.com/awemeDetail/6852231825335586062", "digg_count": 11108, "digg_incr": 4796, "aweme_create_time": 1595409550, "category": 9, "volume": 0, "amount": 0}, "author": {"author_id": "59220513895", "nickname": "军令如山💖写字", "follower_count": 351607}}, {"aweme": {"aweme_id": "6852147636535921933", "aweme_title": "夜光开关贴，再也不用开好几次才开对开关了，家里有老人的特别实用#抖音有好货", "aweme_url": "https://www.iesdouyin.com/share/video/6852147636535921933/?region=CN&mid=6852147647315282695&u_code=20g3ifb1immj&titleType=title", "download_url": "https://www.chanmama.com/awemeDetail/6852147636535921933", "digg_count": 10701, "digg_incr": 3945, "aweme_create_time": 1595389948, "category": 9, "volume": 3, "amount": 20.700000000000003}, "author": {"author_id": "3016664231188248", "nickname": "懒猫生活好物", "follower_count": 22423}}, {"aweme": {"aweme_id": "6852201422642105611", "aweme_title": "本打算买个几千的沙发就可以了，老板叫了我一声靓女我就迷失了自己，M了套3W的沙发，让原本不富裕的我雪上加霜了！", "aweme_url": "https://www.iesdouyin.com/share/video/6852201422642105611/?region=CN&mid=6852201477836114701&u_code=45a6gmj0h2h&titleType=title", "download_url": "https://www.chanmama.com/awemeDetail/6852201422642105611", "digg_count": 6665, "digg_incr": 3823, "aweme_create_time": 1595402481, "category": 9, "volume": 12, "amount": 276}, "author": {"author_id": "2546075307351731", "nickname": "林姐姐家", "follower_count": 69249}}, {"aweme": {"aweme_id": "6852055528068205824", "aweme_title": "#我要上热门 #717奇妙好物在这里 3号笑什么？", "aweme_url": "https://www.iesdouyin.com/share/video/6852055528068205824/?region=CN&mid=6852055394928298766&u_code=0&titleType=title", "download_url": "https://www.chanmama.com/awemeDetail/6852055528068205824", "digg_count": 4235, "digg_incr": 3562, "aweme_create_time": 1595368512, "category": 9, "volume": 288, "amount": 2851.2000000000003}, "author": {"author_id": "76105493454", "nickname": "小晨带你扫库存", "follower_count": 476461}}, {"aweme": {"aweme_id": "6852117088471960847", "aweme_title": "这条沙发垫就不多说了，看我和粉丝的反复回购就知道了👍🏻需要沙发垫的宝贝们可以自取了#沙发垫", "aweme_url": "https://www.iesdouyin.com/share/video/6852117088471960847/?region=CN&mid=6842974939016891149&u_code=1gkkb5dcdgbg&titleType=title", "download_url": "https://www.chanmama.com/awemeDetail/6852117088471960847", "digg_count": 4439, "digg_incr": 3360, "aweme_create_time": 1595382834, "category": 9, "volume": 24, "amount": 475.20000000000005}, "author": {"author_id": "342662603354927", "nickname": "米饭儿🍚", "follower_count": 70661}}, {"aweme": {"aweme_id": "6852222491130137868", "aweme_title": "高弹力短袖配冰丝麻裤裙，胖瘦都好穿，正在直播👉👉👉👉👉", "aweme_url": "https://www.iesdouyin.com/share/video/6852222491130137868/?region=CN&mid=6852222532808887047&u_code=107m7bg5i135&titleType=title", "download_url": "https://www.chanmama.com/awemeDetail/6852222491130137868", "digg_count": 4448, "digg_incr": 3311, "aweme_create_time": 1595407384, "category": 9, "volume": 103, "amount": 6077}, "author": {"author_id": "3337770389478872", "nickname": "昕梓琳服饰", "follower_count": 491867}}, {"aweme": {"aweme_id": "6852274994865556743", "aweme_title": "双人枕十字绣，1.8米大枕头#十字绣枕头 #十字绣教程 #十字绣起针 #十字绣抱枕 #手工十字绣 @抖音小助手", "aweme_url": "https://www.iesdouyin.com/share/video/6852274994865556743/?region=CN&mid=6807747957543176205&u_code=45a6gmj0h2h&titleType=title", "download_url": "https://www.chanmama.com/awemeDetail/6852274994865556743", "digg_count": 10532, "digg_incr": 3297, "aweme_create_time": 1595419600, "category": 9, "volume": 0, "amount": 0}, "author": {"author_id": "3368538104687999", "nickname": "针情十字绣", "follower_count": 63803}}, {"aweme": {"aweme_id": "6852257704908541199", "aweme_title": "儿子结婚的时候也要装饰成这样，太喜庆了", "aweme_url": "https://www.iesdouyin.com/share/video/6852257704908541199/?region=CN&mid=6549071137400326925&u_code=3570h56hjl23&titleType=title", "download_url": "https://www.chanmama.com/awemeDetail/6852257704908541199", "digg_count": 13295, "digg_incr": 3230, "aweme_create_time": 1595415574, "category": 9, "volume": 0, "amount": 0}, "author": {"author_id": "659347850133741", "nickname": "迷迭香家饰", "follower_count": 27981}}, {"aweme": {"aweme_id": "6852153608440401167", "aweme_title": "太阳花😀😀彩虹没种出来😀", "aweme_url": "https://www.iesdouyin.com/share/video/6852153608440401167/?region=CN&mid=6838149901730204430&u_code=45a6gmj0h2h&titleType=title", "download_url": "https://www.chanmama.com/awemeDetail/6852153608440401167", "digg_count": 5888, "digg_incr": 3213, "aweme_create_time": 1595391337, "category": 9, "volume": 0, "amount": 0}, "author": {"author_id": "93365974194", "nickname": "篱笆养花（养花种菜教学）", "follower_count": 440680}}, {"aweme": {"aweme_id": "6852039885004590351", "aweme_title": "人活着 总有看不惯你的人#卖货能手#夏凉被#好物推荐#床上用品#四件套#直播#感谢抖音@DOU+小助手", "aweme_url": "https://www.iesdouyin.com/share/video/6852039885004590351/?region=CN&mid=6844296173298207502&u_code=0&titleType=title", "download_url": "https://www.chanmama.com/awemeDetail/6852039885004590351", "digg_count": 3218, "digg_incr": 3018, "aweme_create_time": 1595364892, "category": 9, "volume": 0, "amount": 0}, "author": {"author_id": "2563694680374039", "nickname": "通州区平潮镇觉度家纺店", "follower_count": 128713}}, {"aweme": {"aweme_id": "6852109902253427975", "aweme_title": "我家花园夏天是百花齐放的时候，种对品种每天都有花赏，平时不买化妆品和衣服的我把钱都买了花😂#花漾庭院", "aweme_url": "https://www.iesdouyin.com/share/video/6852109902253427975/?region=CN&mid=6686008991979408135&u_code=4fjegc84jmcj&titleType=title", "download_url": "https://www.chanmama.com/awemeDetail/6852109902253427975", "digg_count": 3626, "digg_incr": 2507, "aweme_create_time": 1595381164, "category": 9, "volume": 2, "amount": 85.6}, "author": {"author_id": "13855231453", "nickname": "微微的花草世界", "follower_count": 463796}}, {"aweme": {"aweme_id": "6852074397025504520", "aweme_title": "要想留住男人的心，得先留住男人的眼球#婚姻家庭 #婚姻修复 #情感主播 #索靖棠@DOU+小助手", "aweme_url": "https://www.iesdouyin.com/share/video/6852074397025504520/?region=CN&mid=6677821758940121859&u_code=2fmi0l8b4kkh&titleType=title", "download_url": "https://www.chanmama.com/awemeDetail/6852074397025504520", "digg_count": 3185, "digg_incr": 2451, "aweme_create_time": 1595372901, "category": 9, "volume": 0, "amount": 0}, "author": {"author_id": "99798664165", "nickname": "索靖棠（福慧棠&情感直播间）", "follower_count": 709711}}, {"aweme": {"aweme_id": "6852159444210470157", "aweme_title": "挑战全网最好看的窗帘，截图你最喜欢哪个 #窗帘  #装修  @抖音小助手", "aweme_url": "https://www.iesdouyin.com/share/video/6852159444210470157/?region=CN&mid=6852159524007512846&u_code=3d8e041gakc7&titleType=title", "download_url": "https://www.chanmama.com/awemeDetail/6852159444210470157", "digg_count": 3059, "digg_incr": 2450, "aweme_create_time": 1595392718, "category": 9, "volume": 0, "amount": 0}, "author": {"author_id": "74982778851", "nickname": "长安锦布络·窗帘", "follower_count": 199174}}, {"aweme": {"aweme_id": "6852206235119275264", "aweme_title": "别嫌我墨迹，没有小助手只能一天一集。明天找好朋友帮我拍😂，不然没有那个感觉", "aweme_url": "https://www.iesdouyin.com/share/video/6852206235119275264/?region=CN&mid=6814009043590318082&u_code=1dlbm8ajil7m&titleType=title", "download_url": "https://www.chanmama.com/awemeDetail/6852206235119275264", "digg_count": 2897, "digg_incr": 2333, "aweme_create_time": 1595403591, "category": 9, "volume": 1, "amount": 40}, "author": {"author_id": "70861681743", "nickname": "👶你的可爱小馒头", "follower_count": 98272}}, {"aweme": {"aweme_id": "6852158177824230669", "aweme_title": "月季“夏洛特女郎”两米了", "aweme_url": "https://www.iesdouyin.com/share/video/6852158177824230669/?region=CN&mid=6852158496130272013&u_code=0&titleType=title", "download_url": "https://www.chanmama.com/awemeDetail/6852158177824230669", "digg_count": 7482, "digg_incr": 2317, "aweme_create_time": 1595392474, "category": 9, "volume": 16, "amount": 204.8}, "author": {"author_id": "53455047756", "nickname": "朝阳君的花园", "follower_count": 852649}}, {"aweme": {"aweme_id": "6852244800649858318", "aweme_title": "鬼知道我拍了多少遍😭，那位留言的大哥，你买吗？#乳胶枕", "aweme_url": "https://www.iesdouyin.com/share/video/6852244800649858318/?region=CN&mid=6766886311996689166&u_code=0&titleType=title", "download_url": "https://www.chanmama.com/awemeDetail/6852244800649858318", "digg_count": 2653, "digg_incr": 2268, "aweme_create_time": 1595412571, "category": 9, "volume": 0, "amount": 0}, "author": {"author_id": "87078001132", "nickname": "傻丫头", "follower_count": 300745}}, {"aweme": {"aweme_id": "6852127442954423559", "aweme_title": "#童言无忌 到底能生几个#亲子时光 #说话是一门艺术 #搞笑萌娃 #高清剪辑", "aweme_url": "https://www.iesdouyin.com/share/video/6852127442954423559/?region=CN&mid=6852127456216746765&u_code=himldha1l83&titleType=title", "download_url": "https://www.chanmama.com/awemeDetail/6852127442954423559", "digg_count": 3506, "digg_incr": 2092, "aweme_create_time": 1595385247, "category": 9, "volume": 16, "amount": 576}, "author": {"author_id": "2154654356741367", "nickname": "卡卡动漫", "follower_count": 336324}}, {"aweme": {"aweme_id": "6852201792495815950", "aweme_title": "老公当初坚持的大理石背景墙 果然好看 不得不说男人的眼光还是大气#电视背景墙 #装修", "aweme_url": "https://www.iesdouyin.com/share/video/6852201792495815950/?region=CN&mid=6852201804281744142&u_code=0&titleType=title", "download_url": "https://www.chanmama.com/awemeDetail/6852201792495815950", "digg_count": 3274, "digg_incr": 1891, "aweme_create_time": 1595402558, "category": 9, "volume": 0, "amount": 0}, "author": {"author_id": "60305595891", "nickname": "💕王小姐", "follower_count": 280325}}, {"aweme": {"aweme_id": "6852263123001478414", "aweme_title": "大白鞋❤️❤️", "aweme_url": "https://www.iesdouyin.com/share/video/6852263123001478414/?region=CN&mid=6752808432358820622&u_code=2jifj950a93b&titleType=title", "download_url": "https://www.chanmama.com/awemeDetail/6852263123001478414", "digg_count": 1759, "digg_incr": 1701, "aweme_create_time": 1595416837, "category": 9, "volume": 0, "amount": 0}, "author": {"author_id": "73748234418", "nickname": "武进区步一样鞋店", "follower_count": 578342}}, {"aweme": {"aweme_id": "6852134193699228943", "aweme_title": "我们拼命赚钱没时间，最终又用钱买时间，停下来思考@抖音小助手 #茶生活@DOU+小助手", "aweme_url": "https://www.iesdouyin.com/share/video/6852134193699228943/?region=CN&mid=6841555171073051399&u_code=0&titleType=title", "download_url": "https://www.chanmama.com/awemeDetail/6852134193699228943", "digg_count": 2047, "digg_incr": 1537, "aweme_create_time": 1595386817, "category": 9, "volume": 0, "amount": 0}, "author": {"author_id": "77409134639", "nickname": "轩椽阁香道", "follower_count": 197393}}, {"aweme": {"aweme_id": "6852197751489301760", "aweme_title": "视频同款床单", "aweme_url": "https://www.iesdouyin.com/share/video/6852197751489301760/?region=CN&mid=6851829729075415821&u_code=294bg9d7idcl&titleType=title", "download_url": "https://www.chanmama.com/awemeDetail/6852197751489301760", "digg_count": 1727, "digg_incr": 1525, "aweme_create_time": 1595401615, "category": 9, "volume": 42, "amount": 541.8000000000001}, "author": {"author_id": "105864749676", "nickname": "一刀～进直播间选款", "follower_count": 71567}}, {"aweme": {"aweme_id": "6852098362594905359", "aweme_title": "在最美的年纪  穿最美的旗袍@DOU+小助手 #旗袍#旗袍控#盛夏国风秀#时尚穿搭", "aweme_url": "https://www.iesdouyin.com/share/video/6852098362594905359/?region=CN&mid=6529480771701803783&u_code=0&titleType=title", "download_url": "https://www.chanmama.com/awemeDetail/6852098362594905359", "digg_count": 3966, "digg_incr": 1382, "aweme_create_time": 1595378476, "category": 9, "volume": 4, "amount": 396}, "author": {"author_id": "2009542553008631", "nickname": "琦贝迩旗袍", "follower_count": 234268}}, {"aweme": {"aweme_id": "6852218376887012612", "aweme_title": "最不后悔的是这间卧室做了榻榻米，即可以收纳也节省空间！而且还好看！#榻榻米 #好物推荐 #卧室", "aweme_url": "https://www.iesdouyin.com/share/video/6852218376887012612/?region=CN&mid=6819129443391785736&u_code=0&titleType=title", "download_url": "https://www.chanmama.com/awemeDetail/6852218376887012612", "digg_count": 2413, "digg_incr": 1359, "aweme_create_time": 1595406426, "category": 9, "volume": 8, "amount": 152}, "author": {"author_id": "101899144357", "nickname": "小仙", "follower_count": 346371}}, {"aweme": {"aweme_id": "6852163539096931595", "aweme_title": "单片免拆磁控百叶百叶，不需要改变原来的窗户，直接安装，简单方便，隔热防晒，防尘防水#西晒@DOU+小助手", "aweme_url": "https://www.iesdouyin.com/share/video/6852163539096931595/?region=CN&mid=6847745709240748039&u_code=3j780l7jijh6&titleType=title", "download_url": "https://www.chanmama.com/awemeDetail/6852163539096931595", "digg_count": 3836, "digg_incr": 1343, "aweme_create_time": 1595393657, "category": 9, "volume": 0, "amount": 0}, "author": {"author_id": "98055281406", "nickname": "美耐特家居", "follower_count": 133241}}, {"aweme": {"aweme_id": "6852111157478640909", "aweme_title": "来了个大宝贝，窗帘只要3块9，需要的宝宝赶紧上车。", "aweme_url": "https://www.iesdouyin.com/share/video/6852111157478640909/?region=CN&mid=6852111139896101645&u_code=0&titleType=title", "download_url": "https://www.chanmama.com/awemeDetail/6852111157478640909", "digg_count": 1290, "digg_incr": 1294, "aweme_create_time": 1595381456, "category": 9, "volume": 527, "amount": 2055.2999999999997}, "author": {"author_id": "88212431830", "nickname": "烤鱼哥", "follower_count": 95652}}, {"aweme": {"aweme_id": "6852251119809318156", "aweme_title": "免架子型110x20cm仿古一体瓦#新农村建设", "aweme_url": "https://www.iesdouyin.com/share/video/6852251119809318156/?region=CN&mid=6852251157403159304&u_code=43c903ch7lim&titleType=title", "download_url": "https://www.chanmama.com/awemeDetail/6852251119809318156", "digg_count": 1772, "digg_incr": 1178, "aweme_create_time": 1595414048, "category": 9, "volume": 0, "amount": 0}, "author": {"author_id": "85322619000", "nickname": "临沂东起建材", "follower_count": 51501}}, {"aweme": {"aweme_id": "6852176239625571598", "aweme_title": "切记切记~入户垫要丝圈材质；厨房要PU材质；房间要毛绒材质；卫生间要硅藻泥材质~#地垫 #软装@DOU+小助手", "aweme_url": "https://www.iesdouyin.com/share/video/6852176239625571598/?region=CN&mid=6852176240372173581&u_code=1gb2j865e0l1&titleType=title", "download_url": "https://www.chanmama.com/awemeDetail/6852176239625571598", "digg_count": 1815, "digg_incr": 1171, "aweme_create_time": 1595396608, "category": 9, "volume": 1, "amount": 20}, "author": {"author_id": "64789648482", "nickname": "梦梦-Dream", "follower_count": 39060}}, {"aweme": {"aweme_id": "6852199169382288640", "aweme_title": "我是你遇见最美的女人 呵呵😄#青菜拼车拼拼拼 @DOU+小助手", "aweme_url": "https://www.iesdouyin.com/share/video/6852199169382288640/?region=CN&mid=6852003251693308679&u_code=0&titleType=title", "download_url": "https://www.chanmama.com/awemeDetail/6852199169382288640", "digg_count": 1142, "digg_incr": 1068, "aweme_create_time": 1595401946, "category": 9, "volume": 1, "amount": 168}, "author": {"author_id": "93349520962", "nickname": "爱居家纺", "follower_count": 163684}}, {"aweme": {"aweme_id": "6852284232253951235", "aweme_title": "冰丝麻裙裤套装上市啦！正在直播👉👉👉👉👉", "aweme_url": "https://www.iesdouyin.com/share/video/6852284232253951235/?region=CN&mid=6852284270811187976&u_code=294bg9d7idcl&titleType=title", "download_url": "https://www.chanmama.com/awemeDetail/6852284232253951235", "digg_count": 1176, "digg_incr": 1066, "aweme_create_time": 1595421757, "category": 9, "volume": 28, "amount": 1652}, "author": {"author_id": "3337770389478872", "nickname": "昕梓琳服饰", "follower_count": 491867}}, {"aweme": {"aweme_id": "6852145694443195662", "aweme_title": "惊喜多多", "aweme_url": "https://www.iesdouyin.com/share/video/6852145694443195662/?region=CN&mid=6852145698818149133&u_code=0&titleType=title", "download_url": "https://www.chanmama.com/awemeDetail/6852145694443195662", "digg_count": 1045, "digg_incr": 1045, "aweme_create_time": 1595389497, "category": 9, "volume": 94, "amount": 9306}, "author": {"author_id": "1486152353190027", "nickname": "南通梦绕家纺有限公司", "follower_count": 182938}}, {"aweme": {"aweme_id": "6852243825075817739", "aweme_title": "没钱再赚，失恋再谈，见好就收，往事随风。这才是一个男人该有的样子。 #茶巾", "aweme_url": "https://www.iesdouyin.com/share/video/6852243825075817739/?region=CN&mid=6852243995121224462&u_code=45a6gmj0h2h&titleType=title", "download_url": "https://www.chanmama.com/awemeDetail/6852243825075817739", "digg_count": 2780, "digg_incr": 977, "aweme_create_time": 1595412380, "category": 9, "volume": 0, "amount": 0}, "author": {"author_id": "3267382103247844", "nickname": "慢城茶具", "follower_count": 84773}}, {"aweme": {"aweme_id": "6852191189160987908", "aweme_title": "儿童被，今晚直播间9点开抢#青菜拼车拼拼拼 #抖爸爸热门分享@DOU+小助手", "aweme_url": "https://www.iesdouyin.com/share/video/6852191189160987908/?region=CN&mid=6847745709240748039&u_code=2akd6hi9aal7&titleType=title", "download_url": "https://www.chanmama.com/awemeDetail/6852191189160987908", "digg_count": 1595, "digg_incr": 956, "aweme_create_time": 1595400096, "category": 9, "volume": 3, "amount": 140.7}, "author": {"author_id": "98101394075", "nickname": "嫣樊童趣婴童用品厂家", "follower_count": 42291}}, {"aweme": {"aweme_id": "6852216987913833742", "aweme_title": "想看动画片又不想听话姐俩一天得抖几回😂，家人们要的袜子的链接来了10双17.9，袜底是棉的质量不错", "aweme_url": "https://www.iesdouyin.com/share/video/6852216987913833742/?region=CN&mid=6852217267313511171&u_code=3j780k823jh9&titleType=title", "download_url": "https://www.chanmama.com/awemeDetail/6852216987913833742", "digg_count": 1260, "digg_incr": 921, "aweme_create_time": 1595406117, "category": 9, "volume": 1, "amount": 17.9}, "author": {"author_id": "4503658874421252", "nickname": "渠熙掌柜百货店", "follower_count": 376685}}, {"aweme": {"aweme_id": "6852175087551024392", "aweme_title": "最美的串", "aweme_url": "https://www.iesdouyin.com/share/video/6852175087551024392/?region=CN&mid=6852175106194656008&u_code=0&titleType=title", "download_url": "https://www.chanmama.com/awemeDetail/6852175087551024392", "digg_count": 3314, "digg_incr": 909, "aweme_create_time": 1595396340, "category": 9, "volume": 0, "amount": 0}, "author": {"author_id": "104628751140", "nickname": "琳琳 木艺", "follower_count": 338270}}, {"aweme": {"aweme_id": "6852205667168685316", "aweme_title": "没有华丽语言🥰只有好听的歌曲🌹#老歌", "aweme_url": "https://www.iesdouyin.com/share/video/6852205667168685316/?region=CN&mid=6852205708927388423&u_code=0&titleType=title", "download_url": "https://www.chanmama.com/awemeDetail/6852205667168685316", "digg_count": 1481, "digg_incr": 892, "aweme_create_time": 1595403467, "category": 9, "volume": 0, "amount": 0}, "author": {"author_id": "59098393596", "nickname": "梅梅", "follower_count": 390495}}, {"aweme": {"aweme_id": "6852223439688715524", "aweme_title": "听说你们都想住我家？看了这些，还想住吗？#卧室 #公主房 #飘窗@DOU+小助手", "aweme_url": "https://www.iesdouyin.com/share/video/6852223439688715524/?region=CN&mid=6852223488724372237&u_code=0&titleType=title", "download_url": "https://www.chanmama.com/awemeDetail/6852223439688715524", "digg_count": 1084, "digg_incr": 871, "aweme_create_time": 1595407605, "category": 9, "volume": 1, "amount": 118}, "author": {"author_id": "59753132229", "nickname": "33酱", "follower_count": 252588}}, {"aweme": {"aweme_id": "6852292080811674894", "aweme_title": "看我穿衣服上身的样子 是不是像极了你 不对 说不定 你穿着还没我好看", "aweme_url": "https://www.iesdouyin.com/share/video/6852292080811674894/?region=CN&mid=6824441291406101262&u_code=0&titleType=title", "download_url": "https://www.chanmama.com/awemeDetail/6852292080811674894", "digg_count": 1215, "digg_incr": 850, "aweme_create_time": 1595423578, "category": 9, "volume": 0, "amount": 0}, "author": {"author_id": "81556042931", "nickname": "大脸酥服装工厂（七月宠粉月）", "follower_count": 621999}}, {"aweme": {"aweme_id": "6852233529883905287", "aweme_title": "家里床垫又贵又白 建议大家都铺上床垫保护套 不仅保护床垫 取下来可以直接机洗 防尘防螨防滑很好用的", "aweme_url": "https://www.iesdouyin.com/share/video/6852233529883905287/?region=CN&mid=6760927935697258498&u_code=0&titleType=title", "download_url": "https://www.chanmama.com/awemeDetail/6852233529883905287", "digg_count": 1652, "digg_incr": 760, "aweme_create_time": 1595409947, "category": 9, "volume": 0, "amount": 0}, "author": {"author_id": "95658844681", "nickname": "🍒TiTis.", "follower_count": 524683}}, {"aweme": {"aweme_id": "6852155359755341056", "aweme_title": "#农业 大田作物如何省工省力还能增产呢？试试它吧！#绿陇缓释氮 #尿素追肥 #种植 #玉米 @抖音小助手", "aweme_url": "https://www.iesdouyin.com/share/video/6852155359755341056/?region=CN&mid=6852155373383338759&u_code=0&titleType=title", "download_url": "https://www.chanmama.com/awemeDetail/6852155359755341056", "digg_count": 1358, "digg_incr": 751, "aweme_create_time": 1595391745, "category": 9, "volume": 0, "amount": 0}, "author": {"author_id": "100455702664", "nickname": "绿陇农业课堂", "follower_count": 521458}}, {"aweme": {"aweme_id": "6852168168358677767", "aweme_title": "钱包什么样子，生活就是什么样子🤔#不负吾爱探索x面", "aweme_url": "https://www.iesdouyin.com/share/video/6852168168358677767/?region=CN&mid=6852168168115309320&u_code=0&titleType=title", "download_url": "https://www.chanmama.com/awemeDetail/6852168168358677767", "digg_count": 1064, "digg_incr": 727, "aweme_create_time": 1595394729, "category": 9, "volume": 0, "amount": 0}, "author": {"author_id": "107658302181", "nickname": "美家美实体家纺", "follower_count": 865808}}, {"aweme": {"aweme_id": "6852074502973574414", "aweme_title": "#我要上热门 #支持抖音传播正能量 #传送正能量 #励志演讲 #历害了我的国", "aweme_url": "https://www.iesdouyin.com/share/video/6852074502973574414/?region=CN&mid=6852074481670753038&u_code=0&titleType=title", "download_url": "https://www.chanmama.com/awemeDetail/6852074502973574414", "digg_count": 1221, "digg_incr": 681, "aweme_create_time": 1595372926, "category": 9, "volume": 68, "amount": 673.2}, "author": {"author_id": "111374264013", "nickname": "阿杰", "follower_count": 199076}}, {"aweme": {"aweme_id": "6852272020063898880", "aweme_title": "闺蜜从日本带回来得小东西真的太好用了，这个夏天就靠它了，用完整个人都滑滑的！！！", "aweme_url": "https://www.iesdouyin.com/share/video/6852272020063898880/?region=CN&mid=6744269503720524557&u_code=1ac8ie0j17b7&titleType=title", "download_url": "https://www.chanmama.com/awemeDetail/6852272020063898880", "digg_count": 1108, "digg_incr": 681, "aweme_create_time": 1595418907, "category": 9, "volume": 0, "amount": 0}, "author": {"author_id": "2088671566903454", "nickname": "小五很调皮", "follower_count": 15661}}, {"aweme": {"aweme_id": "6852264448925682944", "aweme_title": "房间走进来的瞬间很温馨舒适，我的床头背景墙是用灰蓝色艺术漆，其它是浅灰色，没有吊顶，只有飘窗吊顶预留了窗帘盒。", "aweme_url": "https://www.iesdouyin.com/share/video/6852264448925682944/?region=CN&mid=6852264475488242445&u_code=0&titleType=title", "download_url": "https://www.chanmama.com/awemeDetail/6852264448925682944", "digg_count": 1459, "digg_incr": 662, "aweme_create_time": 1595417144, "category": 9, "volume": 0, "amount": 0}, "author": {"author_id": "72868998420", "nickname": "萍儿", "follower_count": 370126}}, {"aweme": {"aweme_id": "6852174997943848199", "aweme_title": "#富贵竹 花语：花开富贵，竹报平安。今天来我直播间秒10支装富贵竹18.8米包邮到家。一年四季好运绵绵", "aweme_url": "https://www.iesdouyin.com/share/video/6852174997943848199/?region=CN&mid=6852174997373356813&u_code=1ac8ie1fgm68&titleType=title", "download_url": "https://www.chanmama.com/awemeDetail/6852174997943848199", "digg_count": 1162, "digg_incr": 648, "aweme_create_time": 1595396319, "category": 9, "volume": 2, "amount": 37.6}, "author": {"author_id": "74157358153", "nickname": "云南花之都鲜花", "follower_count": 69445}}, {"aweme": {"aweme_id": "6852252247905029390", "aweme_title": "不串门 不玩牌 喜欢把家里收拾的干干净净 ，做一日三餐  简简单单的生活挺好😉", "aweme_url": "https://www.iesdouyin.com/share/video/6852252247905029390/?region=CN&mid=6852252261146757896&u_code=0&titleType=title", "download_url": "https://www.chanmama.com/awemeDetail/6852252247905029390", "digg_count": 1187, "digg_incr": 618, "aweme_create_time": 1595414305, "category": 9, "volume": 1, "amount": 188}, "author": {"author_id": "107658302181", "nickname": "美家美实体家纺", "follower_count": 865808}}, {"aweme": {"aweme_id": "6852198766154353935", "aweme_title": "#宝宝 #周岁 虽然没去影楼给你拍周岁照，但是我给你的爱一点不比别人少，用心记录你的成长#生日快乐", "aweme_url": "https://www.iesdouyin.com/share/video/6852198766154353935/?region=CN&mid=6744597337945148167&u_code=294bg9d7idcl&titleType=title", "download_url": "https://www.chanmama.com/awemeDetail/6852198766154353935", "digg_count": 1567, "digg_incr": 604, "aweme_create_time": 1595401852, "category": 9, "volume": 7, "amount": 209.65}, "author": {"author_id": "85534906914", "nickname": "定制大魔王", "follower_count": 38707}}, {"aweme": {"aweme_id": "6852150386233478414", "aweme_title": "旅行手枕，让睡觉不再胡思乱想，爱的拥抱#我要上热门 #种草 #星选好物@DOU+小助手", "aweme_url": "https://www.iesdouyin.com/share/video/6852150386233478414/?region=CN&mid=6842853315475146765&u_code=20g3ifb1immj&titleType=title", "download_url": "https://www.chanmama.com/awemeDetail/6852150386233478414", "digg_count": 6925, "digg_incr": 421, "aweme_create_time": 1595390589, "category": 9, "volume": 0, "amount": 0}, "author": {"author_id": "105152955379", "nickname": "龙创尤品", "follower_count": 192359}}, {"aweme": {"aweme_id": "6852112491275750660", "aweme_title": "三双里没有拖鞋，太喜欢了，吃土也要来一组", "aweme_url": "https://www.iesdouyin.com/share/video/6852112491275750660/?region=CN&mid=6852112540244462350&u_code=3kdem96968fl&titleType=title", "download_url": "https://www.chanmama.com/awemeDetail/6852112491275750660", "digg_count": 1411, "digg_incr": 361, "aweme_create_time": 1595381775, "category": 9, "volume": 9, "amount": 801}, "author": {"author_id": "2242591756649149", "nickname": "五匹马鞋业", "follower_count": 22049}}, {"aweme": {"aweme_id": "6852129444350446848", "aweme_title": "夏天的蕾丝吊带❤️姐妹换了换了", "aweme_url": "https://www.iesdouyin.com/share/video/6852129444350446848/?region=CN&mid=6852129435555646216&u_code=2jifj950a93b&titleType=title", "download_url": "https://www.chanmama.com/awemeDetail/6852129444350446848", "digg_count": 1121, "digg_incr": 334, "aweme_create_time": 1595385711, "category": 9, "volume": 4, "amount": 316}, "author": {"author_id": "75705421086", "nickname": "小个子教搭配677", "follower_count": 48743}}, {"aweme": {"aweme_id": "6852180300991171855", "aweme_title": "#礼物 #情侣 #闺蜜 上个做手模的视频火了，大家都要制作方法和材料连接，好的安排～～", "aweme_url": "https://www.iesdouyin.com/share/video/6852180300991171855/?region=CN&mid=6670018088613710599&u_code=0&titleType=title", "download_url": "https://www.chanmama.com/awemeDetail/6852180300991171855", "digg_count": 1229, "digg_incr": 316, "aweme_create_time": 1595397552, "category": 9, "volume": 0, "amount": 0}, "author": {"author_id": "66587195875", "nickname": "米多妈吖手工礼品", "follower_count": 383902}}, {"aweme": {"aweme_id": "6852159236617686285", "aweme_title": "差0.5米就要上蓝牌#dou是好车 #dou来评车", "aweme_url": "https://www.iesdouyin.com/share/video/6852159236617686285/?region=CN&mid=6852159226689719053&u_code=2kf531i7iek5&titleType=title", "download_url": "https://www.chanmama.com/awemeDetail/6852159236617686285", "digg_count": 1897, "digg_incr": 291, "aweme_create_time": 1595392649, "category": 9, "volume": 72, "amount": 1065.6000000000001}, "author": {"author_id": "71239609522", "nickname": "车圈小K🚗", "follower_count": 37138}}, {"aweme": {"aweme_id": "6852274906420350208", "aweme_title": "#常刮地筋#百病不侵！大家赶紧行动起来吧#养肝 #护肝 提升 #睡眠 质量#健康#坚持 #上热门🔥 #抖音小", "aweme_url": "https://www.iesdouyin.com/share/video/6852274906420350208/?region=CN&mid=6850935141968579341&u_code=294bg9d7idcl&titleType=title", "download_url": "https://www.chanmama.com/awemeDetail/6852274906420350208", "digg_count": 1509, "digg_incr": 257, "aweme_create_time": 1595419579, "category": 9, "volume": 0, "amount": 0}, "author": {"author_id": "1983161624439470", "nickname": "家秀爱运动", "follower_count": 62991}}]}