{"data": [{"aweme": {"aweme_id": "6852612402341612812", "aweme_title": "你们喜欢的扎染卫衣，快来@男朋友or闺蜜一起穿去炸街吧#穿搭#搭配 #你好火星 #青菜拼车拼拼拼", "aweme_url": "https://www.iesdouyin.com/share/video/6852612402341612812/?region=CN&mid=6852612442745572110&u_code=0&titleType=title", "download_url": "https://www.chanmama.com/awemeDetail/6852612402341612812", "digg_count": 87348, "digg_incr": 74040, "aweme_create_time": 1595498165, "category": 1, "volume": 1147, "amount": 90613}, "author": {"author_id": "94603861752", "nickname": "松本丧丧", "follower_count": 780474}}, {"aweme": {"aweme_id": "6852430331182599439", "aweme_title": "天丝阔腿牛仔裤，夏天冰冰凉。你喜欢吗？#牛仔裤 @DOU+小助手", "aweme_url": "https://www.iesdouyin.com/share/video/6852430331182599439/?region=CN&mid=6749133270979939086&u_code=0&titleType=title", "download_url": "https://www.chanmama.com/awemeDetail/6852430331182599439", "digg_count": 145779, "digg_incr": 68871, "aweme_create_time": 1595455776, "category": 1, "volume": 10694, "amount": 640570.6}, "author": {"author_id": "659328408748520", "nickname": "淑度女装服饰", "follower_count": 458652}}, {"aweme": {"aweme_id": "6852622462732045568", "aweme_title": "冰丝牛仔裤…真在徝播…点头相来挑选…", "aweme_url": "https://www.iesdouyin.com/share/video/6852622462732045568/?region=CN&mid=6852622460588739336&u_code=2djlifleemi4&titleType=title", "download_url": "https://www.chanmama.com/awemeDetail/6852622462732045568", "digg_count": 66944, "digg_incr": 67197, "aweme_create_time": 1595500501, "category": 1, "volume": 903, "amount": 17969.699999999997}, "author": {"author_id": "91655446074", "nickname": "淇淇（", "follower_count": 476805}}, {"aweme": {"aweme_id": "6852628245507050752", "aweme_title": "长大以后才知道公主配的是王总，王子从的是富婆，而骑士一直在送外卖的路上，夏天的羽绒服短袖价麦还有人不信的", "aweme_url": "https://www.iesdouyin.com/share/video/6852628245507050752/?region=CN&mid=6852628261680188168&u_code=0&titleType=title", "download_url": "https://www.chanmama.com/awemeDetail/6852628245507050752", "digg_count": 40540, "digg_incr": 36111, "aweme_create_time": 1595501848, "category": 1, "volume": 0, "amount": 0}, "author": {"author_id": "62423451256", "nickname": "优迪沃直播带货羽绒服工厂", "follower_count": 106037}}, {"aweme": {"aweme_id": "6852529696391892239", "aweme_title": "是不是你们！！事后草真的是全天下最难过的事了！#国王与夜莺jk #充能计划 #jk #jk制服", "aweme_url": "https://www.iesdouyin.com/share/video/6852529696391892239/?region=CN&mid=6852529682357816071&u_code=143k31akahb5&titleType=title", "download_url": "https://www.chanmama.com/awemeDetail/6852529696391892239", "digg_count": 43501, "digg_incr": 33973, "aweme_create_time": 1595478902, "category": 1, "volume": 0, "amount": 0}, "author": {"author_id": "4160165301192670", "nickname": "国王与夜莺JK制服", "follower_count": 256741}}, {"aweme": {"aweme_id": "6852624642746764544", "aweme_title": "王炸版型！我们也可以出道了妈妈呀！#显瘦穿搭 #微胖穿搭", "aweme_url": "https://www.iesdouyin.com/share/video/6852624642746764544/?region=CN&mid=6852624662033419016&u_code=0&titleType=title", "download_url": "https://www.chanmama.com/awemeDetail/6852624642746764544", "digg_count": 38637, "digg_incr": 32339, "aweme_create_time": 1595501009, "category": 1, "volume": 0, "amount": 0}, "author": {"author_id": "92565634227", "nickname": "飞天胖女警晚八点直播～", "follower_count": 281491}}, {"aweme": {"aweme_id": "6852526885792943363", "aweme_title": "害…姐妹们…你们搞得我膨胀了…这jennie风可不是谁都可🤣#你好火星 #测评穿搭 #jennie露背西装", "aweme_url": "https://www.iesdouyin.com/share/video/6852526885792943363/?region=CN&mid=6852526923559144199&u_code=97f0ifd2me1&titleType=title", "download_url": "https://www.chanmama.com/awemeDetail/6852526885792943363", "digg_count": 43751, "digg_incr": 31741, "aweme_create_time": 1595478256, "category": 1, "volume": 25, "amount": 3032.1}, "author": {"author_id": "3196990248466125", "nickname": "荔枝不甜", "follower_count": 227519}}, {"aweme": {"aweme_id": "6852610803342789902", "aweme_title": "变心是一种本能，而忠诚是一种选择。#婚姻  #七年之痒", "aweme_url": "https://www.iesdouyin.com/share/video/6852610803342789902/?region=CN&mid=6852610849534774023&u_code=45a6gmj0h2h&titleType=title", "download_url": "https://www.chanmama.com/awemeDetail/6852610803342789902", "digg_count": 50584, "digg_incr": 29532, "aweme_create_time": 1595497788, "category": 1, "volume": 0, "amount": 0}, "author": {"author_id": "110274853097", "nickname": "曹婷婷", "follower_count": 916690}}, {"aweme": {"aweme_id": "6852686521045175567", "aweme_title": "修身显瘦拼色露肩小衫，面料舒服透气，很有特色的荷叶边设计，搭配裙子好洋气，美美哒", "aweme_url": "https://www.iesdouyin.com/share/video/6852686521045175567/?region=CN&mid=6835815971031239437&u_code=0&titleType=title", "download_url": "https://www.chanmama.com/awemeDetail/6852686521045175567", "digg_count": 42933, "digg_incr": 28422, "aweme_create_time": 1595515416, "category": 1, "volume": 0, "amount": 0}, "author": {"author_id": "1662066375530312", "nickname": "吴小声女装", "follower_count": 541232}}, {"aweme": {"aweme_id": "6852637520430222600", "aweme_title": "快去试试！我这是离潮人更进一步了吗？#穿搭 #宋妍霏 #小个子穿搭 #潮流合伙人", "aweme_url": "https://www.iesdouyin.com/share/video/6852637520430222600/?region=CN&mid=6852637521487170317&u_code=0&titleType=title", "download_url": "https://www.chanmama.com/awemeDetail/6852637520430222600", "digg_count": 29356, "digg_incr": 14257, "aweme_create_time": 1595504008, "category": 1, "volume": 52, "amount": 3607}, "author": {"author_id": "83045339238", "nickname": "阿lin拯救花（晚八点直播）", "follower_count": 312413}}, {"aweme": {"aweme_id": "6852587908386262285", "aweme_title": "不回消息很正常，你看哪个美女她不忙 #腿", "aweme_url": "https://www.iesdouyin.com/share/video/6852587908386262285/?region=CN&mid=6852587987579030285&u_code=0&titleType=title", "download_url": "https://www.chanmama.com/awemeDetail/6852587908386262285", "digg_count": 25091, "digg_incr": 12812, "aweme_create_time": 1595499900, "category": 1, "volume": 5, "amount": 350.95}, "author": {"author_id": "874865590542196", "nickname": "芒果大娘", "follower_count": 148711}}, {"aweme": {"aweme_id": "6852641722028150029", "aweme_title": "友友们 这次的新品有你心动的款吗？#微胖女孩 #穿搭 @抖音小助手", "aweme_url": "https://www.iesdouyin.com/share/video/6852641722028150029/?region=CN&mid=6852641733944675085&u_code=0&titleType=title", "download_url": "https://www.chanmama.com/awemeDetail/6852641722028150029", "digg_count": 37558, "digg_incr": 10514, "aweme_create_time": 1595504986, "category": 1, "volume": 0, "amount": 0}, "author": {"author_id": "59076009221", "nickname": "欧欧欧欧欧欧耶", "follower_count": 398504}}, {"aweme": {"aweme_id": "6852631811235859719", "aweme_title": "猫姐工作室上班，今天兴趣不小心测试一下腰，这比例#日常穿搭", "aweme_url": "https://www.iesdouyin.com/share/video/6852631811235859719/?region=CN&mid=6519742438695930627&u_code=3ghh3kbgkj6b&titleType=title", "download_url": "https://www.chanmama.com/awemeDetail/6852631811235859719", "digg_count": 11098, "digg_incr": 10425, "aweme_create_time": 1595502679, "category": 1, "volume": 0, "amount": 0}, "author": {"author_id": "66869249991", "nickname": "猫姐", "follower_count": 553437}}, {"aweme": {"aweme_id": "6852611860504644877", "aweme_title": "奶七分享短上衣第一期#120斤 #162cm #好物推荐", "aweme_url": "https://www.iesdouyin.com/share/video/6852611860504644877/?region=CN&mid=6852611895091170061&u_code=0&titleType=title", "download_url": "https://www.chanmama.com/awemeDetail/6852611860504644877", "digg_count": 22156, "digg_incr": 10177, "aweme_create_time": 1595498034, "category": 1, "volume": 23, "amount": 1404}, "author": {"author_id": "2453755788796988", "nickname": "也是奶七", "follower_count": 165473}}, {"aweme": {"aweme_id": "6852651972709960963", "aweme_title": "努力不是为了超越别人，而是给自己一个更好的明天。美好的东西是要靠脚踏实地的去争取…@被宠坏de天使👼小号", "aweme_url": "https://www.iesdouyin.com/share/video/6852651972709960963/?region=CN&mid=6644433485492652808&u_code=0&titleType=title", "download_url": "https://www.chanmama.com/awemeDetail/6852651972709960963", "digg_count": 11834, "digg_incr": 9993, "aweme_create_time": 1595507376, "category": 1, "volume": 1, "amount": 119}, "author": {"author_id": "100255753609", "nickname": "ts5793", "follower_count": 276819}}, {"aweme": {"aweme_id": "6852209542256758024", "aweme_title": "生活不需要比别人过得好 但一定比以前过得好 是的 一直在越来越好的路上", "aweme_url": "https://www.iesdouyin.com/share/video/6852209542256758024/?region=CN&mid=6852209664659753741&u_code=0&titleType=title", "download_url": "https://www.chanmama.com/awemeDetail/6852209542256758024", "digg_count": 33552, "digg_incr": 9655, "aweme_create_time": 1595469600, "category": 1, "volume": 0, "amount": 0}, "author": {"author_id": "82828852085", "nickname": "Xulu徐露", "follower_count": 127627}}, {"aweme": {"aweme_id": "6852645742314605831", "aweme_title": "真在值播.点头像进来跳选", "aweme_url": "https://www.iesdouyin.com/share/video/6852645742314605831/?region=CN&mid=6852645751965977352&u_code=2cdek40c6i85&titleType=title", "download_url": "https://www.chanmama.com/awemeDetail/6852645742314605831", "digg_count": 9575, "digg_incr": 9586, "aweme_create_time": 1595505922, "category": 1, "volume": 108, "amount": 745.2}, "author": {"author_id": "3663205752643948", "nickname": "木〽️子", "follower_count": 307149}}, {"aweme": {"aweme_id": "6852502279447153933", "aweme_title": "有人喜欢你的裙子 有人喜欢你的短头发 但是没有人告诉你 你觉得舒服的样子我都喜欢", "aweme_url": "https://www.iesdouyin.com/share/video/6852502279447153933/?region=CN&mid=6844373411381463821&u_code=0&titleType=title", "download_url": "https://www.chanmama.com/awemeDetail/6852502279447153933", "digg_count": 9898, "digg_incr": 9319, "aweme_create_time": 1595472521, "category": 1, "volume": 64, "amount": 6143.36}, "author": {"author_id": "105637887531", "nickname": "广州兜兜私人定制", "follower_count": 129671}}, {"aweme": {"aweme_id": "6852627311490026756", "aweme_title": "有没有姐妹想穿裙子又想穿裤子，那这条裙裤了解一下#穿搭 #搭配 #青菜拼车拼拼拼 #你好火星", "aweme_url": "https://www.iesdouyin.com/share/video/6852627311490026756/?region=CN&mid=6852627365630200584&u_code=0&titleType=title", "download_url": "https://www.chanmama.com/awemeDetail/6852627311490026756", "digg_count": 12098, "digg_incr": 9278, "aweme_create_time": 1595501634, "category": 1, "volume": 66, "amount": 5874}, "author": {"author_id": "94603861752", "nickname": "松本丧丧", "follower_count": 780474}}, {"aweme": {"aweme_id": "6852474099210472711", "aweme_title": "不要和往事过不去，因为它已经过去。不要和现实过不去，因为你还要过下去。￼#情感 #连衣裙 #气质穿搭 #女装", "aweme_url": "https://www.iesdouyin.com/share/video/6852474099210472711/?region=CN&mid=6852474083888679687&u_code=0&titleType=title", "download_url": "https://www.chanmama.com/awemeDetail/6852474099210472711", "digg_count": 12193, "digg_incr": 9233, "aweme_create_time": 1595465961, "category": 1, "volume": 349, "amount": 56223.9}, "author": {"author_id": "3759980678490910", "nickname": "飞姐定制", "follower_count": 303908}}, {"aweme": {"aweme_id": "6852578656284314880", "aweme_title": "希望你不会梦到我#你好火星", "aweme_url": "https://www.iesdouyin.com/share/video/6852578656284314880/?region=CN&mid=6852578663415384839&u_code=3he6ad2l035k&titleType=title", "download_url": "https://www.chanmama.com/awemeDetail/6852578656284314880", "digg_count": 12577, "digg_incr": 9230, "aweme_create_time": 1595490302, "category": 1, "volume": 1, "amount": 138}, "author": {"author_id": "70250020175", "nickname": "你的小老虎", "follower_count": 387723}}, {"aweme": {"aweme_id": "6852534721411370248", "aweme_title": "上幼儿园真的好烦每天都要很早的起床 但是我不去的话 园长就要给妈妈打电话 说我不去幼儿园 男孩子都在哭#身材", "aweme_url": "https://www.iesdouyin.com/share/video/6852534721411370248/?region=CN&mid=6848489470778854158&u_code=0&titleType=title", "download_url": "https://www.chanmama.com/awemeDetail/6852534721411370248", "digg_count": 12170, "digg_incr": 9119, "aweme_create_time": 1595480074, "category": 1, "volume": 91, "amount": 6279}, "author": {"author_id": "57605199385", "nickname": "Liuwanyi", "follower_count": 89951}}, {"aweme": {"aweme_id": "6852635008822217999", "aweme_title": "显高又遮p 确实不错哈😎#乘风破浪的好物 #抖音小助手 #测评 #穿搭 #你好火星 #显瘦穿搭", "aweme_url": "https://www.iesdouyin.com/share/video/6852635008822217999/?region=CN&mid=6852635034499713805&u_code=0&titleType=title", "download_url": "https://www.chanmama.com/awemeDetail/6852635008822217999", "digg_count": 17144, "digg_incr": 9098, "aweme_create_time": 1595503422, "category": 1, "volume": 74, "amount": 4666}, "author": {"author_id": "171143859551715", "nickname": "毛酱来啦7.27上新", "follower_count": 143898}}, {"aweme": {"aweme_id": "6852502776526785807", "aweme_title": "#今日穿搭ootd #看我放大大大招 拿捏的很到位的西装半身裙，晚上六点来直播间看细节", "aweme_url": "https://www.iesdouyin.com/share/video/6852502776526785807/?region=CN&mid=6852502783795497742&u_code=3ghh3kbgkj6b&titleType=title", "download_url": "https://www.chanmama.com/awemeDetail/6852502776526785807", "digg_count": 8724, "digg_incr": 8688, "aweme_create_time": 1595472635, "category": 1, "volume": 0, "amount": 0}, "author": {"author_id": "3720335169689528", "nickname": "二宇的小跟班（18:00直播", "follower_count": 18261}}, {"aweme": {"aweme_id": "6852652106889923840", "aweme_title": "呵呵,其实女人哪里是老虎啊。你可以让她变成老虎吃了你，也可以让她变成你的小猫…变成什么？主要是看你的格局和水平", "aweme_url": "https://www.iesdouyin.com/share/video/6852652106889923840/?region=CN&mid=6851746160294628110&u_code=0&titleType=title", "download_url": "https://www.chanmama.com/awemeDetail/6852652106889923840", "digg_count": 8885, "digg_incr": 8143, "aweme_create_time": 1595507403, "category": 1, "volume": 0, "amount": 0}, "author": {"author_id": "105915748407", "nickname": "王茜🌹（63年玉兔）", "follower_count": 448060}}, {"aweme": {"aweme_id": "6852609254235360527", "aweme_title": "平价好穿的粉格，我不允许你们不心动！穿上它一起当甜妹！", "aweme_url": "https://www.iesdouyin.com/share/video/6852609254235360527/?region=CN&mid=6851880922921749262&u_code=0&titleType=title", "download_url": "https://www.chanmama.com/awemeDetail/6852609254235360527", "digg_count": 16103, "digg_incr": 8140, "aweme_create_time": 1595497426, "category": 1, "volume": 53, "amount": 954}, "author": {"author_id": "65893862689", "nickname": "草莓味的豌豆苗", "follower_count": 124865}}, {"aweme": {"aweme_id": "6852635341468273923", "aweme_title": "别再叫我胖子了，你看我的腰多细呀！小蛮腰已经1尺8了！感觉自己又帅又美！#抖音小助手 #塑身衣", "aweme_url": "https://www.iesdouyin.com/share/video/6852635341468273923/?region=CN&mid=6805044716934400775&u_code=304j03ea1k56&titleType=title", "download_url": "https://www.chanmama.com/awemeDetail/6852635341468273923", "digg_count": 11052, "digg_incr": 7723, "aweme_create_time": 1595503504, "category": 1, "volume": 0, "amount": 0}, "author": {"author_id": "93931791588", "nickname": "安迪商贸中心", "follower_count": 576956}}, {"aweme": {"aweme_id": "6852575145861680391", "aweme_title": "浮世三千，吾爱有三，日月与香雪迟，日为朝月为暮，香雪迟为朝朝暮暮——云中境#汉服", "aweme_url": "https://www.iesdouyin.com/share/video/6852575145861680391/?region=CN&mid=6848933590290877192&u_code=0&titleType=title", "download_url": "https://www.chanmama.com/awemeDetail/6852575145861680391", "digg_count": 9079, "digg_incr": 7086, "aweme_create_time": 1595489486, "category": 1, "volume": 24, "amount": 1200}, "author": {"author_id": "64203197322", "nickname": "清欢纪原创汉服", "follower_count": 119518}}, {"aweme": {"aweme_id": "6852648136431734031", "aweme_title": "冰丝牛仔裤…真在徝播…点头相来挑选…", "aweme_url": "https://www.iesdouyin.com/share/video/6852648136431734031/?region=CN&mid=6852648148500073229&u_code=3clj87i0jl6f&titleType=title", "download_url": "https://www.chanmama.com/awemeDetail/6852648136431734031", "digg_count": 7022, "digg_incr": 7014, "aweme_create_time": 1595506478, "category": 1, "volume": 21, "amount": 417.9}, "author": {"author_id": "91655446074", "nickname": "淇淇（", "follower_count": 476797}}, {"aweme": {"aweme_id": "6852633206202567951", "aweme_title": "不笑运气会变差，一笑嘴巴又好大#换装 #穿搭", "aweme_url": "https://www.iesdouyin.com/share/video/6852633206202567951/?region=CN&mid=6852633212640889614&u_code=432e84l9m61e&titleType=title", "download_url": "https://www.chanmama.com/awemeDetail/6852633206202567951", "digg_count": 14097, "digg_incr": 6903, "aweme_create_time": 1595503002, "category": 1, "volume": 0, "amount": 0}, "author": {"author_id": "58060986351", "nickname": "叫我韩璐（今晚7.30直播）", "follower_count": 609005}}, {"aweme": {"aweme_id": "6852613893890542848", "aweme_title": "“在喜欢你这件事上我真的做到了不遗余力”#00后 #暗恋 #恋爱 #短发#推荐 @抖音小助手 @林呱瓜同学", "aweme_url": "https://www.iesdouyin.com/share/video/6852613893890542848/?region=CN&mid=6847816874311338766&u_code=0&titleType=title", "download_url": "https://www.chanmama.com/awemeDetail/6852613893890542848", "digg_count": 7874, "digg_incr": 6814, "aweme_create_time": 1595498506, "category": 1, "volume": 0, "amount": 0}, "author": {"author_id": "60135550864", "nickname": "白日梦想呱", "follower_count": 159029}}, {"aweme": {"aweme_id": "6852594800814771471", "aweme_title": "@珍惜～爱跳舞💃💃发了一个抖音短视频，你尽管点开，不好看算我输！", "aweme_url": "https://www.iesdouyin.com/share/video/6852594800814771471/?region=CN&mid=6852595148463803148&u_code=45a6gmj0h2h&titleType=", "download_url": "https://www.chanmama.com/awemeDetail/6852594800814771471", "digg_count": 7639, "digg_incr": 6799, "aweme_create_time": 1595494086, "category": 1, "volume": 2, "amount": 118}, "author": {"author_id": "4503681731520363", "nickname": "珍惜～爱跳舞💃💃", "follower_count": 521248}}, {"aweme": {"aweme_id": "6852571207015910670", "aweme_title": "女人的快乐真的很简单 穿一件新衣服 化一个精致的妆 拍一个美好的视频可以开心一天#你好火星 #广州带货主播", "aweme_url": "https://www.iesdouyin.com/share/video/6852571207015910670/?region=CN&mid=6778770093485590529&u_code=0&titleType=title", "download_url": "https://www.chanmama.com/awemeDetail/6852571207015910670", "digg_count": 8943, "digg_incr": 6734, "aweme_create_time": 1595488569, "category": 1, "volume": 685, "amount": 26715}, "author": {"author_id": "51527697722", "nickname": "仙女定制.糖果家", "follower_count": 53219}}, {"aweme": {"aweme_id": "6852431298716273920", "aweme_title": "以后你成家了，要第一爱你的妻子，第二爱你的孩子，第三再爱我和爸爸，我不会争风吃醋，我会和你一起爱那个姑娘💋", "aweme_url": "https://www.iesdouyin.com/share/video/6852431298716273920/?region=CN&mid=6849262185416706829&u_code=0&titleType=title", "download_url": "https://www.chanmama.com/awemeDetail/6852431298716273920", "digg_count": 6681, "digg_incr": 6697, "aweme_create_time": 1595456000, "category": 1, "volume": 3, "amount": 390}, "author": {"author_id": "62752408273", "nickname": "邹平市韩店镇潮流阁服装店", "follower_count": 130656}}, {"aweme": {"aweme_id": "6852511132750515459", "aweme_title": "开始了", "aweme_url": "https://www.iesdouyin.com/share/video/6852511132750515459/?region=CN&mid=6852511178313173767&u_code=0&titleType=title", "download_url": "https://www.chanmama.com/awemeDetail/6852511132750515459", "digg_count": 6827, "digg_incr": 6487, "aweme_create_time": 1595474589, "category": 1, "volume": 0, "amount": 0}, "author": {"author_id": "60317454540", "nickname": "良叔是个沙雕", "follower_count": 489851}}, {"aweme": {"aweme_id": "6852612013177228558", "aweme_title": "经典vans怎么搭（束脚裤篇）#穿搭 #显瘦穿搭 @抖音小助手", "aweme_url": "https://www.iesdouyin.com/share/video/6852612013177228558/?region=CN&mid=6759971775645354765&u_code=0&titleType=title", "download_url": "https://www.chanmama.com/awemeDetail/6852612013177228558", "digg_count": 8197, "digg_incr": 6183, "aweme_create_time": 1595498076, "category": 1, "volume": 0, "amount": 0}, "author": {"author_id": "12799708517684", "nickname": "花花的穿搭实验室", "follower_count": 339822}}, {"aweme": {"aweme_id": "6852478445855771911", "aweme_title": "#源头实力厂家 #717秒物 #浙江服饰风尚节 #高端女装设计 #精品女装 @抖音小助手", "aweme_url": "https://www.iesdouyin.com/share/video/6852478445855771911/?region=CN&mid=6851364299185703687&u_code=0&titleType=title", "download_url": "https://www.chanmama.com/awemeDetail/6852478445855771911", "digg_count": 21353, "digg_incr": 6159, "aweme_create_time": 1595466973, "category": 1, "volume": 5, "amount": 975}, "author": {"author_id": "96752577862", "nickname": "杭州风野女装", "follower_count": 212851}}, {"aweme": {"aweme_id": "6852507370665299213", "aweme_title": "你们心心念念的百变小樱同款穿搭来咯~ #穿搭  #百变小樱", "aweme_url": "https://www.iesdouyin.com/share/video/6852507370665299213/?region=CN&mid=6852507465968257805&u_code=0&titleType=title", "download_url": "https://www.chanmama.com/awemeDetail/6852507370665299213", "digg_count": 6721, "digg_incr": 6135, "aweme_create_time": 1595473725, "category": 1, "volume": 0, "amount": 0}, "author": {"author_id": "3759946307209710", "nickname": "优大大日记（🍑udd up）", "follower_count": 341726}}, {"aweme": {"aweme_id": "6852523474146037005", "aweme_title": "原来圆圆脸也可以装成熟", "aweme_url": "https://www.iesdouyin.com/share/video/6852523474146037005/?region=CN&mid=6826703782018599694&u_code=97f0ifd2me1&titleType=title", "download_url": "https://www.chanmama.com/awemeDetail/6852523474146037005", "digg_count": 7395, "digg_incr": 6099, "aweme_create_time": 1595477455, "category": 1, "volume": 7, "amount": 686}, "author": {"author_id": "2295377640040715", "nickname": "小月", "follower_count": 261650}}, {"aweme": {"aweme_id": "6852603883538222339", "aweme_title": "这个黑色防晒衫太太太🉑️了吧！#微胖穿搭 #显瘦穿搭 #测评穿搭", "aweme_url": "https://www.iesdouyin.com/share/video/6852603883538222339/?region=CN&mid=6852603933102656270&u_code=45a6gmj0h2h&titleType=title", "download_url": "https://www.chanmama.com/awemeDetail/6852603883538222339", "digg_count": 7981, "digg_incr": 5963, "aweme_create_time": 1595496181, "category": 1, "volume": 10, "amount": 1490}, "author": {"author_id": "4182181368041678", "nickname": "我不想承认自己胖", "follower_count": 328866}}, {"aweme": {"aweme_id": "6852619339154214144", "aweme_title": "‘她6点就起床 8点过5才到学校 她故意迟到 假装在走廊刚好碰到’", "aweme_url": "https://www.iesdouyin.com/share/video/6852619339154214144/?region=CN&mid=6848966594975779598&u_code=0&titleType=title", "download_url": "https://www.chanmama.com/awemeDetail/6852619339154214144", "digg_count": 10743, "digg_incr": 5890, "aweme_create_time": 1595499774, "category": 1, "volume": 22, "amount": 2178}, "author": {"author_id": "69988554238", "nickname": "浅川酒一", "follower_count": 220463}}, {"aweme": {"aweme_id": "6852677030249630976", "aweme_title": "#旱冰舞 #背面 #健身操 明天再给大家完整版@DOU+小助手", "aweme_url": "https://www.iesdouyin.com/share/video/6852677030249630976/?region=CN&mid=6850696109963152136&u_code=0&titleType=title", "download_url": "https://www.chanmama.com/awemeDetail/6852677030249630976", "digg_count": 7025, "digg_incr": 5858, "aweme_create_time": 1595513206, "category": 1, "volume": 0, "amount": 0}, "author": {"author_id": "58255032690", "nickname": "东莞新伦服装搭配", "follower_count": 700604}}, {"aweme": {"aweme_id": "6852506570933210376", "aweme_title": "《哥哥的亲疙蛋》好听的调调怎么能少得了村姑呢😃", "aweme_url": "https://www.iesdouyin.com/share/video/6852506570933210376/?region=CN&mid=6848507093926890253&u_code=0&titleType=title", "download_url": "https://www.chanmama.com/awemeDetail/6852506570933210376", "digg_count": 6759, "digg_incr": 5846, "aweme_create_time": 1595473520, "category": 1, "volume": 3, "amount": 264}, "author": {"author_id": "87176531871", "nickname": "山西运城心语", "follower_count": 141107}}, {"aweme": {"aweme_id": "6852627181462490382", "aweme_title": "主要不是衣服大不大卖的问题 就是想翘翘jio了😃 #微胖女孩 #穿搭", "aweme_url": "https://www.iesdouyin.com/share/video/6852627181462490382/?region=CN&mid=6852627279512980231&u_code=0&titleType=title", "download_url": "https://www.chanmama.com/awemeDetail/6852627181462490382", "digg_count": 7146, "digg_incr": 5777, "aweme_create_time": 1595508951, "category": 1, "volume": 0, "amount": 0}, "author": {"author_id": "59076009221", "nickname": "欧欧欧欧欧欧耶", "follower_count": 398504}}, {"aweme": {"aweme_id": "6852609078124924175", "aweme_title": "世界之大，无奇不有，热爱自己所热爱~#国王与夜莺jk #充能计划 #jk #jk制服", "aweme_url": "https://www.iesdouyin.com/share/video/6852609078124924175/?region=CN&mid=6852609094596299534&u_code=107m7bg5i135&titleType=title", "download_url": "https://www.chanmama.com/awemeDetail/6852609078124924175", "digg_count": 9441, "digg_incr": 5722, "aweme_create_time": 1595497385, "category": 1, "volume": 0, "amount": 0}, "author": {"author_id": "4160165301192670", "nickname": "国王与夜莺JK制服", "follower_count": 256741}}, {"aweme": {"aweme_id": "6852611814455266575", "aweme_title": "反季羊绒大衣特卖😄#双面呢大衣羊绒大衣 #反季特卖 #抖音小助手", "aweme_url": "https://www.iesdouyin.com/share/video/6852611814455266575/?region=CN&mid=6852611832834706189&u_code=0&titleType=title", "download_url": "https://www.chanmama.com/awemeDetail/6852611814455266575", "digg_count": 5589, "digg_incr": 5615, "aweme_create_time": 1595498022, "category": 1, "volume": 16, "amount": 5248}, "author": {"author_id": "59641075296", "nickname": "大麦家", "follower_count": 36437}}, {"aweme": {"aweme_id": "6852607334959631623", "aweme_title": "这个夏天，点点滴滴记录我的衬衫情节～点击头像进直播间，参与新款尽情秒团活动#秒团行动ing #你好火星", "aweme_url": "https://www.iesdouyin.com/share/video/6852607334959631623/?region=CN&mid=6845034126468827917&u_code=0&titleType=title", "download_url": "https://www.chanmama.com/awemeDetail/6852607334959631623", "digg_count": 5594, "digg_incr": 5581, "aweme_create_time": 1595496980, "category": 1, "volume": 147, "amount": 16023}, "author": {"author_id": "105158581793", "nickname": "小鱼鱼服装搭配", "follower_count": 746850}}, {"aweme": {"aweme_id": "6852491882891709696", "aweme_title": "没有对比就没有我们的目标这款太美了#穿搭 #女装新品日 #你好火星 @我要上热门 @DOU+小助手", "aweme_url": "https://www.iesdouyin.com/share/video/6852491882891709696/?region=CN&mid=6852491871290198798&u_code=39cg4e7jc9mg&titleType=title", "download_url": "https://www.chanmama.com/awemeDetail/6852491882891709696", "digg_count": 5364, "digg_incr": 5414, "aweme_create_time": 1595470099, "category": 1, "volume": 250, "amount": 16294}, "author": {"author_id": "97223506995", "nickname": "常熟密码服饰有限公司", "follower_count": 389970}}, {"aweme": {"aweme_id": "6852577330515152143", "aweme_title": "穿好看的衣服见想见的人！", "aweme_url": "https://www.iesdouyin.com/share/video/6852577330515152143/?region=CN&mid=6730492380425931524&u_code=0&titleType=title", "download_url": "https://www.chanmama.com/awemeDetail/6852577330515152143", "digg_count": 9473, "digg_incr": 5362, "aweme_create_time": 1595489993, "category": 1, "volume": 8, "amount": 559.2}, "author": {"author_id": "97256159556", "nickname": "保定叶美服饰", "follower_count": 170147}}, {"aweme": {"aweme_id": "6852506987666738444", "aweme_title": "她来了她来了 #你好火星", "aweme_url": "https://www.iesdouyin.com/share/video/6852506987666738444/?region=CN&mid=6852243642178947854&u_code=31b2lfcf6hhb&titleType=title", "download_url": "https://www.chanmama.com/awemeDetail/6852506987666738444", "digg_count": 6313, "digg_incr": 5330, "aweme_create_time": 1595473625, "category": 1, "volume": 2, "amount": 118}, "author": {"author_id": "4305278887794491", "nickname": "大牛街拍", "follower_count": 178926}}, {"aweme": {"aweme_id": "6852613373285158156", "aweme_title": "今天也是喜欢小裙子的一天！#jk @布丁熊原创Jk制服 布丁熊家的忠爱粉就是我！", "aweme_url": "https://www.iesdouyin.com/share/video/6852613373285158156/?region=CN&mid=6743779206666128132&u_code=45a6gmj0h2h&titleType=title", "download_url": "https://www.chanmama.com/awemeDetail/6852613373285158156", "digg_count": 6856, "digg_incr": 5268, "aweme_create_time": 1595498390, "category": 1, "volume": 6, "amount": 474}, "author": {"author_id": "58382310085", "nickname": "谦之之_", "follower_count": 266856}}, {"aweme": {"aweme_id": "6852598715123764493", "aweme_title": "千万不要学会P图 #汉服自拍", "aweme_url": "https://www.iesdouyin.com/share/video/6852598715123764493/?region=CN&mid=6840216802572634120&u_code=0&titleType=title", "download_url": "https://www.chanmama.com/awemeDetail/6852598715123764493", "digg_count": 7871, "digg_incr": 5223, "aweme_create_time": 1595494973, "category": 1, "volume": 0, "amount": 0}, "author": {"author_id": "93399707310", "nickname": "夏夏子", "follower_count": 149064}}, {"aweme": {"aweme_id": "6852630889302592772", "aweme_title": "不好意思打扰了", "aweme_url": "https://www.iesdouyin.com/share/video/6852630889302592772/?region=CN&mid=6823949206794259207&u_code=4ck64f55c0ba&titleType=title", "download_url": "https://www.chanmama.com/awemeDetail/6852630889302592772", "digg_count": 5460, "digg_incr": 5050, "aweme_create_time": 1595502468, "category": 1, "volume": 0, "amount": 0}, "author": {"author_id": "86775517836", "nickname": "bearbybear熊熊", "follower_count": 617409}}, {"aweme": {"aweme_id": "6852650984641023243", "aweme_title": "新款上市啦！太漂亮啦！胖瘦都好穿！正在直播👉👉👉👉👉", "aweme_url": "https://www.iesdouyin.com/share/video/6852650984641023243/?region=CN&mid=6852651027796216590&u_code=3a95b6llhjj0&titleType=title", "download_url": "https://www.chanmama.com/awemeDetail/6852650984641023243", "digg_count": 5136, "digg_incr": 4996, "aweme_create_time": 1595507146, "category": 1, "volume": 8, "amount": 472}, "author": {"author_id": "3337770389478872", "nickname": "昕梓琳服饰", "follower_count": 492714}}, {"aweme": {"aweme_id": "6852542163750849807", "aweme_title": "你们喜欢的样子这个小姐姐都有#穿搭#超a", "aweme_url": "https://www.iesdouyin.com/share/video/6852542163750849807/?region=CN&mid=6852542162786093838&u_code=0&titleType=title", "download_url": "https://www.chanmama.com/awemeDetail/6852542163750849807", "digg_count": 5288, "digg_incr": 4978, "aweme_create_time": 1595481805, "category": 1, "volume": 0, "amount": 0}, "author": {"author_id": "52225700117", "nickname": "EZ14的种草机", "follower_count": 380774}}, {"aweme": {"aweme_id": "6852538566514314511", "aweme_title": "对格子吊带裙套装毫无抵抗力！显瘦又时尚，腿粗肚子大的集美们也可以轻松驾驭哦～#135斤微胖穿搭 #显瘦穿搭", "aweme_url": "https://www.iesdouyin.com/share/video/6852538566514314511/?region=CN&mid=6852538561796049671&u_code=0&titleType=title", "download_url": "https://www.chanmama.com/awemeDetail/6852538566514314511", "digg_count": 9616, "digg_incr": 4898, "aweme_create_time": 1595480967, "category": 1, "volume": 0, "amount": 0}, "author": {"author_id": "66408364402", "nickname": "130斤的西西", "follower_count": 190134}}, {"aweme": {"aweme_id": "6852620690923851008", "aweme_title": "学生党一定要收藏的，一家百元三套店铺！", "aweme_url": "https://www.iesdouyin.com/share/video/6852620690923851008/?region=CN&mid=6838524516295985927&u_code=2djlifleemi4&titleType=title", "download_url": "https://www.chanmama.com/awemeDetail/6852620690923851008", "digg_count": 4918, "digg_incr": 4867, "aweme_create_time": 1595500089, "category": 1, "volume": 18, "amount": 329.72}, "author": {"author_id": "113980473101768", "nickname": "小飞侠呀", "follower_count": 23547}}, {"aweme": {"aweme_id": "6852569744869051655", "aweme_title": "还要感谢很多喜欢我的朋友啦 #穿搭  @抖音小助手  @圆圆不胖", "aweme_url": "https://www.iesdouyin.com/share/video/6852569744869051655/?region=CN&mid=6852570091985439502&u_code=0&titleType=title", "download_url": "https://www.chanmama.com/awemeDetail/6852569744869051655", "digg_count": 6169, "digg_incr": 4832, "aweme_create_time": 1595498040, "category": 1, "volume": 4, "amount": 476}, "author": {"author_id": "522960751034675", "nickname": "是圆圆的~", "follower_count": 661350}}, {"aweme": {"aweme_id": "6852516734239362317", "aweme_title": "火爆睡衣套装家居服，弹力大，面料舒适，也太划算了#睡衣 #便宜便宜真便宜 @DOU+小助手", "aweme_url": "https://www.iesdouyin.com/share/video/6852516734239362317/?region=CN&mid=6852516749368167181&u_code=3m6gciam02ae&titleType=title", "download_url": "https://www.chanmama.com/awemeDetail/6852516734239362317", "digg_count": 4972, "digg_incr": 4556, "aweme_create_time": 1595475886, "category": 1, "volume": 167, "amount": 4993.3}, "author": {"author_id": "2700019839009703", "nickname": "常熟吴莹莹服饰商行", "follower_count": 15947}}, {"aweme": {"aweme_id": "6852633816863952143", "aweme_title": "正在直播，#带娃内心戏 #耳环饰品 #爱的膜力转圈圈 #直播高光@DOU+小助手", "aweme_url": "https://www.iesdouyin.com/share/video/6852633816863952143/?region=CN&mid=6852633834799713031&u_code=0&titleType=title", "download_url": "https://www.chanmama.com/awemeDetail/6852633816863952143", "digg_count": 7054, "digg_incr": 4540, "aweme_create_time": 1595503144, "category": 1, "volume": 2, "amount": 0}, "author": {"author_id": "4265718672270127", "nickname": "莲裕饰品商行", "follower_count": 47893}}, {"aweme": {"aweme_id": "6852641185228459278", "aweme_title": "是我本人，没错了！#好物推荐  @抖音小助手", "aweme_url": "https://www.iesdouyin.com/share/video/6852641185228459278/?region=CN&mid=6852641201900768008&u_code=0&titleType=title", "download_url": "https://www.chanmama.com/awemeDetail/6852641185228459278", "digg_count": 5801, "digg_incr": 4321, "aweme_create_time": 1595504861, "category": 1, "volume": 3, "amount": 177}, "author": {"author_id": "1006772744099149", "nickname": "120斤大萌萌（今晚7点直播🐷）", "follower_count": 938777}}, {"aweme": {"aweme_id": "6852551416645586191", "aweme_title": "#点我头像正在直播 #趣游季 #时尚连衣裙 如果连做梦都不敢，那么你连输的资格都没有。@DOU+小助手", "aweme_url": "https://www.iesdouyin.com/share/video/6852551416645586191/?region=CN&mid=6852551522757233421&u_code=m1f8mih9hfm&titleType=title", "download_url": "https://www.chanmama.com/awemeDetail/6852551416645586191", "digg_count": 15430, "digg_incr": 4300, "aweme_create_time": 1595483960, "category": 1, "volume": 19, "amount": 1862}, "author": {"author_id": "4446044665691928", "nickname": "安徽二姐教穿搭", "follower_count": 143030}}, {"aweme": {"aweme_id": "6852659668372802831", "aweme_title": "冰丝裤…真在徝播…点头相来挑选…", "aweme_url": "https://www.iesdouyin.com/share/video/6852659668372802831/?region=CN&mid=6852659697288973064&u_code=3ghh3kbgkj6b&titleType=title", "download_url": "https://www.chanmama.com/awemeDetail/6852659668372802831", "digg_count": 4307, "digg_incr": 4295, "aweme_create_time": 1595509163, "category": 1, "volume": 56, "amount": 1114.3999999999999}, "author": {"author_id": "91655446074", "nickname": "淇淇（", "follower_count": 476797}}, {"aweme": {"aweme_id": "6852573342168403208", "aweme_title": "“喜欢被温柔对待  更喜欢被特殊对待”#广州带货主播 #你好火星 #热门", "aweme_url": "https://www.iesdouyin.com/share/video/6852573342168403208/?region=CN&mid=6778770093485590529&u_code=0&titleType=title", "download_url": "https://www.chanmama.com/awemeDetail/6852573342168403208", "digg_count": 4840, "digg_incr": 4273, "aweme_create_time": 1595489066, "category": 1, "volume": 436, "amount": 17004}, "author": {"author_id": "51527697722", "nickname": "仙女定制.糖果家", "follower_count": 53219}}, {"aweme": {"aweme_id": "6852608098817838350", "aweme_title": "普通人刷不到哦～#每日穿搭分享 @抖音小助手", "aweme_url": "https://www.iesdouyin.com/share/video/6852608098817838350/?region=CN&mid=6852608124591917832&u_code=0&titleType=title", "download_url": "https://www.chanmama.com/awemeDetail/6852608098817838350", "digg_count": 4851, "digg_incr": 4242, "aweme_create_time": 1595497158, "category": 1, "volume": 0, "amount": 0}, "author": {"author_id": "59395408627", "nickname": "宋一慧日常穿搭", "follower_count": 279417}}, {"aweme": {"aweme_id": "6852516892150746368", "aweme_title": "我不是没回你消息 我都意念回你了 如果你收不到 说明我们没有心灵感应#充能计划 #jk制服 @DOU+小助手", "aweme_url": "https://www.iesdouyin.com/share/video/6852516892150746368/?region=CN&mid=6845565210317966094&u_code=3m6gciam02ae&titleType=title", "download_url": "https://www.chanmama.com/awemeDetail/6852516892150746368", "digg_count": 5122, "digg_incr": 4200, "aweme_create_time": 1595475921, "category": 1, "volume": 0, "amount": 0}, "author": {"author_id": "106583277610", "nickname": "软糯小芋芋", "follower_count": 453870}}, {"aweme": {"aweme_id": "6852499427844787464", "aweme_title": "古怪就古怪吧，也很好。#每日穿搭 #不要限流 @抖音小助手", "aweme_url": "https://www.iesdouyin.com/share/video/6852499427844787464/?region=CN&mid=6823949329477176078&u_code=bk5ke2m3l1j&titleType=title", "download_url": "https://www.chanmama.com/awemeDetail/6852499427844787464", "digg_count": 4173, "digg_incr": 4167, "aweme_create_time": 1595471857, "category": 1, "volume": 5, "amount": 840}, "author": {"author_id": "96905997537", "nickname": "155的小午睡", "follower_count": 17153}}, {"aweme": {"aweme_id": "6852586025991113991", "aweme_title": "秋款到位！可性感可休闲的一套", "aweme_url": "https://www.iesdouyin.com/share/video/6852586025991113991/?region=CN&mid=6852586023768836877&u_code=51md9ec6egb&titleType=title", "download_url": "https://www.chanmama.com/awemeDetail/6852586025991113991", "digg_count": 5776, "digg_incr": 4152, "aweme_create_time": 1595492019, "category": 1, "volume": 0, "amount": 0}, "author": {"author_id": "98187566200", "nickname": "小衣橱管家", "follower_count": 915225}}, {"aweme": {"aweme_id": "6852567810527333645", "aweme_title": "#池夏 “姑娘，你这汤是不是盐放多了？”“胡说，这可是祖传的秘法熬的。”@夏梵 @雾野-🐰 #抖音小助手", "aweme_url": "https://www.iesdouyin.com/share/video/6852567810527333645/?region=CN&mid=6849293825853180686&u_code=1h7f31l10dd3&titleType=title", "download_url": "https://www.chanmama.com/awemeDetail/6852567810527333645", "digg_count": 5952, "digg_incr": 3858, "aweme_create_time": 1595487779, "category": 1, "volume": 0, "amount": 0}, "author": {"author_id": "95805023047", "nickname": "池夏汉风", "follower_count": 668741}}, {"aweme": {"aweme_id": "6852604739360705806", "aweme_title": "你们喜欢有头jk还是无头jk？#jk #元气出镜班 #充能计划", "aweme_url": "https://www.iesdouyin.com/share/video/6852604739360705806/?region=CN&mid=6785436889299782414&u_code=0&titleType=title", "download_url": "https://www.chanmama.com/awemeDetail/6852604739360705806", "digg_count": 4878, "digg_incr": 3786, "aweme_create_time": 1595496376, "category": 1, "volume": 0, "amount": 0}, "author": {"author_id": "1728054618227319", "nickname": "沙耶", "follower_count": 204894}}, {"aweme": {"aweme_id": "6852661242302188811", "aweme_title": "我没有你想的那么光鲜 我一直在碰壁 在各种事上跌倒 但是我没逃避 我全都接受。", "aweme_url": "https://www.iesdouyin.com/share/video/6852661242302188811/?region=CN&mid=6842994775526050568&u_code=0&titleType=title", "download_url": "https://www.chanmama.com/awemeDetail/6852661242302188811", "digg_count": 6223, "digg_incr": 3753, "aweme_create_time": 1595509534, "category": 1, "volume": 12, "amount": 1014.5999999999999}, "author": {"author_id": "2159059102602023", "nickname": "Super517", "follower_count": 273123}}, {"aweme": {"aweme_id": "6852498624413289743", "aweme_title": "147身高，75斤，裤子穿xxs#150小个子穿搭 #小个子穿搭 #小个子搭配 @抖音小助手 #小个子", "aweme_url": "https://www.iesdouyin.com/share/video/6852498624413289743/?region=CN&mid=6833636979888883719&u_code=0&titleType=title", "download_url": "https://www.chanmama.com/awemeDetail/6852498624413289743", "digg_count": 3947, "digg_incr": 3642, "aweme_create_time": 1595471668, "category": 1, "volume": 15, "amount": 702}, "author": {"author_id": "104650498928", "nickname": "自信小个子", "follower_count": 24063}}, {"aweme": {"aweme_id": "6852630956721851648", "aweme_title": "配色比较中性，男女都能驾驭#汉服穿搭", "aweme_url": "https://www.iesdouyin.com/share/video/6852630956721851648/?region=CN&mid=6848192618476620551&u_code=0&titleType=title", "download_url": "https://www.chanmama.com/awemeDetail/6852630956721851648", "digg_count": 4595, "digg_incr": 3639, "aweme_create_time": 1595502479, "category": 1, "volume": 3, "amount": 375}, "author": {"author_id": "106332401214", "nickname": "衣青青阿", "follower_count": 423194}}, {"aweme": {"aweme_id": "6852585629016935693", "aweme_title": "在这个灾难的年，能活着就很幸福。想吃就吃，想穿就买😀😀", "aweme_url": "https://www.iesdouyin.com/share/video/6852585629016935693/?region=CN&mid=6794006904457775879&u_code=51md9ec6egb&titleType=title", "download_url": "https://www.chanmama.com/awemeDetail/6852585629016935693", "digg_count": 4875, "digg_incr": 3633, "aweme_create_time": 1595491927, "category": 1, "volume": 0, "amount": 0}, "author": {"author_id": "78159005670", "nickname": "桃李不言", "follower_count": 181093}}, {"aweme": {"aweme_id": "6852549680744647939", "aweme_title": "真的很方便 你值得拥有 宝宝们 千万别错过#爆款", "aweme_url": "https://www.iesdouyin.com/share/video/6852549680744647939/?region=CN&mid=6852549712042674958&u_code=0&titleType=title", "download_url": "https://www.chanmama.com/awemeDetail/6852549680744647939", "digg_count": 4236, "digg_incr": 3628, "aweme_create_time": 1595483564, "category": 1, "volume": 304, "amount": 27056}, "author": {"author_id": "2981464003323774", "nickname": "表妹-艾蒂佳佳服饰", "follower_count": 217503}}, {"aweme": {"aweme_id": "6852632648347667720", "aweme_title": "80年代的穿搭会是怎么样的呢？#穿搭#请回答1988 #德善", "aweme_url": "https://www.iesdouyin.com/share/video/6852632648347667720/?region=CN&mid=6852632739397995271&u_code=0&titleType=title", "download_url": "https://www.chanmama.com/awemeDetail/6852632648347667720", "digg_count": 4153, "digg_incr": 3544, "aweme_create_time": 1595502891, "category": 1, "volume": 0, "amount": 0}, "author": {"author_id": "3759946307209710", "nickname": "优大大日记（🍑udd up）", "follower_count": 341726}}, {"aweme": {"aweme_id": "6852435449366072591", "aweme_title": "❤️《等你等了那么久》❤️", "aweme_url": "https://www.iesdouyin.com/share/video/6852435449366072591/?region=CN&mid=6842882604828609294&u_code=45a6gmj0h2h&titleType=title", "download_url": "https://www.chanmama.com/awemeDetail/6852435449366072591", "digg_count": 4212, "digg_incr": 3530, "aweme_create_time": 1595456966, "category": 1, "volume": 0, "amount": 0}, "author": {"author_id": "69784450226", "nickname": "冰莲（60后鸡🐔）", "follower_count": 198492}}, {"aweme": {"aweme_id": "6852605966693846286", "aweme_title": "水蜜桃女孩是这样搭配的！ #人间水蜜桃  #搭配  @DOU+小助手", "aweme_url": "https://www.iesdouyin.com/share/video/6852605966693846286/?region=CN&mid=6852606060566760199&u_code=0&titleType=title", "download_url": "https://www.chanmama.com/awemeDetail/6852605966693846286", "digg_count": 3649, "digg_incr": 3400, "aweme_create_time": 1595510520, "category": 1, "volume": 0, "amount": 0}, "author": {"author_id": "3104650741158372", "nickname": "是南夕姐姐呀", "follower_count": 30154}}, {"aweme": {"aweme_id": "6852625548766645512", "aweme_title": "哈哈哈你们艾特的日常来了#演技慢动作 #秀出新国风", "aweme_url": "https://www.iesdouyin.com/share/video/6852625548766645512/?region=CN&mid=6839990790584863495&u_code=45a6gmj0h2h&titleType=title", "download_url": "https://www.chanmama.com/awemeDetail/6852625548766645512", "digg_count": 4468, "digg_incr": 3365, "aweme_create_time": 1595501220, "category": 1, "volume": 0, "amount": 0}, "author": {"author_id": "71179880568", "nickname": "羽月司衣局原创汉服", "follower_count": 235971}}, {"aweme": {"aweme_id": "6852670445959859471", "aweme_title": "臭卖卖！减什么肥？？ 肉嘟嘟不可爱？#164cm118斤 #梨形身材", "aweme_url": "https://www.iesdouyin.com/share/video/6852670445959859471/?region=CN&mid=6852670473290599176&u_code=0&titleType=title", "download_url": "https://www.chanmama.com/awemeDetail/6852670445959859471", "digg_count": 4521, "digg_incr": 3282, "aweme_create_time": 1595511673, "category": 1, "volume": 0, "amount": 0}, "author": {"author_id": "83200959583661", "nickname": "118斤王等等", "follower_count": 333790}}, {"aweme": {"aweme_id": "6852633632985664780", "aweme_title": "大家好.重新认识下.我叫小雪.长春人.身高168..体重95..还有什么想问的吗？不嫌弃的留下你的联系方式.", "aweme_url": "https://www.iesdouyin.com/share/video/6852633632985664780/?region=CN&mid=6798397065958345485&u_code=0&titleType=title", "download_url": "https://www.chanmama.com/awemeDetail/6852633632985664780", "digg_count": 3917, "digg_incr": 3278, "aweme_create_time": 1595503106, "category": 1, "volume": 0, "amount": 0}, "author": {"author_id": "65978063277", "nickname": "组美服饰（每天7:00直播）", "follower_count": 805797}}, {"aweme": {"aweme_id": "6852629533900737792", "aweme_title": "#150 减什么肥？胖点不好吗？晚上7点思思直播哦！#大码穿搭 @抖音小助手", "aweme_url": "https://www.iesdouyin.com/share/video/6852629533900737792/?region=CN&mid=6852629544085228302&u_code=0&titleType=title", "download_url": "https://www.chanmama.com/awemeDetail/6852629533900737792", "digg_count": 3478, "digg_incr": 3271, "aweme_create_time": 1595502147, "category": 1, "volume": 1, "amount": 148}, "author": {"author_id": "4050223834082572", "nickname": "150斤的思思（9.9禾少晚上8点直播）", "follower_count": 924805}}, {"aweme": {"aweme_id": "6852237199472168199", "aweme_title": "皮质双肩带t搭配不规则网纱裙，你就是这条街坠酷的 #酷girl  #拽  #穿搭", "aweme_url": "https://www.iesdouyin.com/share/video/6852237199472168199/?region=CN&mid=6852237302199044871&u_code=0&titleType=title", "download_url": "https://www.chanmama.com/awemeDetail/6852237199472168199", "digg_count": 3653, "digg_incr": 3160, "aweme_create_time": 1595475600, "category": 1, "volume": 3, "amount": 179.97}, "author": {"author_id": "1895189062361139", "nickname": "穿搭助手", "follower_count": 126908}}, {"aweme": {"aweme_id": "6852613649459186948", "aweme_title": "姜黄上衣白裤子，显瘦又洋气！#她家衣服真好 #气质穿搭 #这样穿搭显瘦20斤 @DOU+小助手", "aweme_url": "https://www.iesdouyin.com/share/video/6852613649459186948/?region=CN&mid=6846691830181579534&u_code=3ghh3kbgkj6b&titleType=title", "download_url": "https://www.chanmama.com/awemeDetail/6852613649459186948", "digg_count": 3280, "digg_incr": 3139, "aweme_create_time": 1595498455, "category": 1, "volume": 60, "amount": 2550}, "author": {"author_id": "1068317042547255", "nickname": "常熟市服装城三姐妹服装店", "follower_count": 938110}}, {"aweme": {"aweme_id": "6852443049486748941", "aweme_title": "你们几个老是嘲笑我，看不起我，你想想你自己过的好慢，自己的日子过的省谁呀？天都会有报应的，知道吗？笑话别人多了", "aweme_url": "https://www.iesdouyin.com/share/video/6852443049486748941/?region=CN&mid=6852442951818201869&u_code=107m7bg5i135&titleType=title", "download_url": "https://www.chanmama.com/awemeDetail/6852443049486748941", "digg_count": 3352, "digg_incr": 3134, "aweme_create_time": 1595458737, "category": 1, "volume": 0, "amount": 0}, "author": {"author_id": "109126913264", "nickname": "胖姐百货店", "follower_count": 264591}}, {"aweme": {"aweme_id": "6852608510811704590", "aweme_title": "找女朋友就应该找高冷慢热 自律 还不爱搭理别人的 这种人但凡看你一眼 你就是他的全世界#穿搭 @DOU+小助手", "aweme_url": "https://www.iesdouyin.com/share/video/6852608510811704590/?region=CN&mid=6852608531426724616&u_code=0&titleType=title", "download_url": "https://www.chanmama.com/awemeDetail/6852608510811704590", "digg_count": 15616, "digg_incr": 3118, "aweme_create_time": 1595497254, "category": 1, "volume": 0, "amount": 0}, "author": {"author_id": "105664464990", "nickname": "果果酱", "follower_count": 651074}}, {"aweme": {"aweme_id": "6852494895169408269", "aweme_title": "我不是个店员吗🤣咋就变成瓦工了😓#vlog日常 #高考志愿填报", "aweme_url": "https://www.iesdouyin.com/share/video/6852494895169408269/?region=CN&mid=6852494907223853831&u_code=45a6gmj0h2h&titleType=title", "download_url": "https://www.chanmama.com/awemeDetail/6852494895169408269", "digg_count": 3918, "digg_incr": 3091, "aweme_create_time": 1595470802, "category": 1, "volume": 1, "amount": 89}, "author": {"author_id": "795666207219838", "nickname": "当妈不容易", "follower_count": 433801}}, {"aweme": {"aweme_id": "6852622691204205828", "aweme_title": "你未必出类拔萃，但必须与众不同#穿搭", "aweme_url": "https://www.iesdouyin.com/share/video/6852622691204205828/?region=CN&mid=6852622710787361544&u_code=0&titleType=title", "download_url": "https://www.chanmama.com/awemeDetail/6852622691204205828", "digg_count": 17192, "digg_incr": 3073, "aweme_create_time": 1595500560, "category": 1, "volume": 0, "amount": 0}, "author": {"author_id": "103644983972", "nickname": "EZ14的沙雕日常", "follower_count": 347196}}, {"aweme": {"aweme_id": "6852538304835882240", "aweme_title": "夏季快要过去，你准备好开始选秋季的美衣了吗！下午四点来我直播间，我已经帮你选好#每日时尚穿搭 😜😜😜", "aweme_url": "https://www.iesdouyin.com/share/video/6852538304835882240/?region=CN&mid=6851176244282362638&u_code=0&titleType=title", "download_url": "https://www.chanmama.com/awemeDetail/6852538304835882240", "digg_count": 3156, "digg_incr": 3054, "aweme_create_time": 1595480907, "category": 1, "volume": 3, "amount": 417}, "author": {"author_id": "105148608815", "nickname": "西安美通服饰", "follower_count": 184910}}, {"aweme": {"aweme_id": "6852528018737450255", "aweme_title": "好喜欢这款绿色，上身效果气质又百搭，谁都能驾驭的款式，不挑人穿#中老年穿搭 #大码女装 #气质穿搭#我要上热门", "aweme_url": "https://www.iesdouyin.com/share/video/6852528018737450255/?region=CN&mid=6852528000198626055&u_code=23fc7df969bi&titleType=title", "download_url": "https://www.chanmama.com/awemeDetail/6852528018737450255", "digg_count": 3102, "digg_incr": 3041, "aweme_create_time": 1595478512, "category": 1, "volume": 16, "amount": 944}, "author": {"author_id": "101563512155", "nickname": "鑫晴优品服饰", "follower_count": 269444}}, {"aweme": {"aweme_id": "6852489817956027655", "aweme_title": "#开箱 好美好美！！！", "aweme_url": "https://www.iesdouyin.com/share/video/6852489817956027655/?region=CN&mid=6852489822947298062&u_code=3ghh3kbldcj3&titleType=title", "download_url": "https://www.chanmama.com/awemeDetail/6852489817956027655", "digg_count": 4409, "digg_incr": 3027, "aweme_create_time": 1595469620, "category": 1, "volume": 0, "amount": 0}, "author": {"author_id": "79173352862", "nickname": "佑佑切克闹", "follower_count": 602301}}, {"aweme": {"aweme_id": "6852643343055260941", "aweme_title": "@沙家浜物語晴发了一个抖音短视频，你尽管点开，不好看算我输！", "aweme_url": "https://www.iesdouyin.com/share/video/6852643343055260941/?region=CN&mid=6604180544584420100&u_code=0&titleType=", "download_url": "https://www.chanmama.com/awemeDetail/6852643343055260941", "digg_count": 4308, "digg_incr": 3024, "aweme_create_time": 1595505363, "category": 1, "volume": 7, "amount": 413}, "author": {"author_id": "68841148283", "nickname": "沙家浜物語晴", "follower_count": 961479}}, {"aweme": {"aweme_id": "6852624056261299456", "aweme_title": "多和讲究人打交道，不为别的，因为他把尊严看的比脸都重要，多和明事理的人办事，因为他懂得理解和体谅#西装外套", "aweme_url": "https://www.iesdouyin.com/share/video/6852624056261299456/?region=CN&mid=6850729632077973517&u_code=15jlg9fk4hd3&titleType=title", "download_url": "https://www.chanmama.com/awemeDetail/6852624056261299456", "digg_count": 6196, "digg_incr": 3003, "aweme_create_time": 1595500872, "category": 1, "volume": 9, "amount": 6291}, "author": {"author_id": "104475340044", "nickname": "酷吖吖", "follower_count": 840370}}, {"aweme": {"aweme_id": "6852477863971638542", "aweme_title": "新出一款裙子叫减龄裙，四五十岁女人穿上美丽洋气！ #穿搭  #连衣裙  #热门", "aweme_url": "https://www.iesdouyin.com/share/video/6852477863971638542/?region=CN&mid=6852478180146613000&u_code=2h61ma9fif27&titleType=title", "download_url": "https://www.chanmama.com/awemeDetail/6852477863971638542", "digg_count": 3034, "digg_incr": 2974, "aweme_create_time": 1595466910, "category": 1, "volume": 2, "amount": 158}, "author": {"author_id": "166769474682446", "nickname": "戴夫人服饰工厂", "follower_count": 144560}}, {"aweme": {"aweme_id": "6852599316637404430", "aweme_title": "为你们独家定制的神仙上衣黑白双色，能甜能飒，时髦又显瘦，你难道要错过吗？#穿搭", "aweme_url": "https://www.iesdouyin.com/share/video/6852599316637404430/?region=CN&mid=6852599610482297614&u_code=0&titleType=title", "download_url": "https://www.chanmama.com/awemeDetail/6852599316637404430", "digg_count": 3446, "digg_incr": 2951, "aweme_create_time": 1595495176, "category": 1, "volume": 0, "amount": 0}, "author": {"author_id": "3759946307209710", "nickname": "优大大日记（🍑udd up）", "follower_count": 341726}}, {"aweme": {"aweme_id": "6852517033591000320", "aweme_title": "我们往往会把最不好的情绪留给最亲近的人，#致最爱的人", "aweme_url": "https://www.iesdouyin.com/share/video/6852517033591000320/?region=CN&mid=6852517033469709069&u_code=3m6gciam02ae&titleType=title", "download_url": "https://www.chanmama.com/awemeDetail/6852517033591000320", "digg_count": 4175, "digg_incr": 2945, "aweme_create_time": 1595475954, "category": 1, "volume": 29, "amount": 2842}, "author": {"author_id": "4283291852871116", "nickname": "六安市裕安区新时代服饰经营部", "follower_count": 235206}}, {"aweme": {"aweme_id": "6852612350168567047", "aweme_title": "这个裤子 有点东西💆🏽‍♀️#sistar", "aweme_url": "https://www.iesdouyin.com/share/video/6852612350168567047/?region=CN&mid=6744169208445192971&u_code=0&titleType=title", "download_url": "https://www.chanmama.com/awemeDetail/6852612350168567047", "digg_count": 4622, "digg_incr": 2780, "aweme_create_time": 1595498148, "category": 1, "volume": 1, "amount": 78}, "author": {"author_id": "58694267468", "nickname": "阿鱼 Jay", "follower_count": 109577}}, {"aweme": {"aweme_id": "6852525999540669711", "aweme_title": "天丝牛仔裤，夏天冰冰凉。你喜欢吗？#牛仔裤 @DOU+小助手", "aweme_url": "https://www.iesdouyin.com/share/video/6852525999540669711/?region=CN&mid=6852526009896520456&u_code=45a6gmj0h2h&titleType=title", "download_url": "https://www.chanmama.com/awemeDetail/6852525999540669711", "digg_count": 5579, "digg_incr": 2780, "aweme_create_time": 1595478042, "category": 1, "volume": 478, "amount": 28632.2}, "author": {"author_id": "659328408748520", "nickname": "淑度女装服饰", "follower_count": 458652}}, {"aweme": {"aweme_id": "6852658356600032512", "aweme_title": "女生非常讨厌一个女生是为什么？#绿茶 #情感", "aweme_url": "https://www.iesdouyin.com/share/video/6852658356600032512/?region=CN&mid=6852658376451607303&u_code=0&titleType=title", "download_url": "https://www.chanmama.com/awemeDetail/6852658356600032512", "digg_count": 6094, "digg_incr": 2719, "aweme_create_time": 1595508858, "category": 1, "volume": 0, "amount": 0}, "author": {"author_id": "104169156060", "nickname": "大花媛DHY Studio", "follower_count": 323487}}, {"aweme": {"aweme_id": "6852504201034075406", "aweme_title": "好的西装一定要看版型，而且要看工艺 #西装  #穿搭", "aweme_url": "https://www.iesdouyin.com/share/video/6852504201034075406/?region=CN&mid=6852504366516144903&u_code=0&titleType=title", "download_url": "https://www.chanmama.com/awemeDetail/6852504201034075406", "digg_count": 2690, "digg_incr": 2692, "aweme_create_time": 1595472989, "category": 1, "volume": 0, "amount": 0}, "author": {"author_id": "4300914487726974", "nickname": "余小鱼定制（29号上午10点直播）", "follower_count": 5244}}, {"aweme": {"aweme_id": "6852481590958771456", "aweme_title": "高兴时喊我妈妈，生气时叫我神经病，要买东西时叫我小仙女，他叛逆期时我刚好更年期，生活很苦，但有你很甜🥰", "aweme_url": "https://www.iesdouyin.com/share/video/6852481590958771456/?region=CN&mid=6849262185416706829&u_code=0&titleType=title", "download_url": "https://www.chanmama.com/awemeDetail/6852481590958771456", "digg_count": 2692, "digg_incr": 2683, "aweme_create_time": 1595467703, "category": 1, "volume": 0, "amount": 0}, "author": {"author_id": "62752408273", "nickname": "邹平市韩店镇潮流阁服装店", "follower_count": 130656}}, {"aweme": {"aweme_id": "6852505490870570254", "aweme_title": "#格子 没啥好说的揪3个随便选", "aweme_url": "https://www.iesdouyin.com/share/video/6852505490870570254/?region=CN&mid=6806559934777379591&u_code=0&titleType=title", "download_url": "https://www.chanmama.com/awemeDetail/6852505490870570254", "digg_count": 2963, "digg_incr": 2672, "aweme_create_time": 1595473268, "category": 1, "volume": 0, "amount": 0}, "author": {"author_id": "87290638588", "nickname": "桐庐三扣服饰", "follower_count": 130932}}, {"aweme": {"aweme_id": "6852518649299832077", "aweme_title": "在退回来咋办？多丢人，太不容易了#老公", "aweme_url": "https://www.iesdouyin.com/share/video/6852518649299832077/?region=CN&mid=6837462127276804877&u_code=107m7bg5i135&titleType=title", "download_url": "https://www.chanmama.com/awemeDetail/6852518649299832077", "digg_count": 3171, "digg_incr": 2661, "aweme_create_time": 1595476332, "category": 1, "volume": 0, "amount": 0}, "author": {"author_id": "65936273293", "nickname": "杭州🌊『三浪服饰』🌊", "follower_count": 273174}}, {"aweme": {"aweme_id": "6852619550110813454", "aweme_title": "这个真的是神仙拖地裤 我穿2xl腰有一丢丢大#150斤 #胖mm穿搭 #裤子", "aweme_url": "https://www.iesdouyin.com/share/video/6852619550110813454/?region=CN&mid=6845177345913932557&u_code=3ghh3kbgkj6b&titleType=title", "download_url": "https://www.chanmama.com/awemeDetail/6852619550110813454", "digg_count": 5543, "digg_incr": 2588, "aweme_create_time": 1595499824, "category": 1, "volume": 0, "amount": 0}, "author": {"author_id": "100454480653", "nickname": "一只小肥羊（刘十七）", "follower_count": 464446}}, {"aweme": {"aweme_id": "6852667615203134727", "aweme_title": "阿巴阿巴阿巴，一起喝肥宅快乐水吗？", "aweme_url": "https://www.iesdouyin.com/share/video/6852667615203134727/?region=CN&mid=6852667638305622791&u_code=0&titleType=title", "download_url": "https://www.chanmama.com/awemeDetail/6852667615203134727", "digg_count": 4126, "digg_incr": 2538, "aweme_create_time": 1595511014, "category": 1, "volume": 0, "amount": 0}, "author": {"author_id": "58861895015", "nickname": "悠米阿", "follower_count": 648117}}, {"aweme": {"aweme_id": "6852441767984286983", "aweme_title": "我将玫瑰藏于身后，时刻期盼着与你赴约！#麻料系列 #连衣裙@抖音小助手", "aweme_url": "https://www.iesdouyin.com/share/video/6852441767984286983/?region=CN&mid=6852441720001497870&u_code=4f4ld7c3dc9&titleType=title", "download_url": "https://www.chanmama.com/awemeDetail/6852441767984286983", "digg_count": 4247, "digg_incr": 2483, "aweme_create_time": 1595458439, "category": 1, "volume": 104, "amount": 20592}, "author": {"author_id": "3139835892345758", "nickname": "曼妙梓麻系列服装批发", "follower_count": 129551}}, {"aweme": {"aweme_id": "6852505888473812239", "aweme_title": "#反季派克服。￼#d0u十小助手@抖音小助手", "aweme_url": "https://www.iesdouyin.com/share/video/6852505888473812239/?region=CN&mid=6852505913148869383&u_code=37jee62h06km&titleType=title", "download_url": "https://www.chanmama.com/awemeDetail/6852505888473812239", "digg_count": 2469, "digg_incr": 2449, "aweme_create_time": 1595473359, "category": 1, "volume": 16, "amount": 2398.4}, "author": {"author_id": "320710126877227", "nickname": "西安羽丽服饰", "follower_count": 538083}}, {"aweme": {"aweme_id": "6852606162089544974", "aweme_title": "今日份穿搭#130斤 #微胖穿搭", "aweme_url": "https://www.iesdouyin.com/share/video/6852606162089544974/?region=CN&mid=6834103838233611022&u_code=45a6gmj0h2h&titleType=title", "download_url": "https://www.chanmama.com/awemeDetail/6852606162089544974", "digg_count": 3269, "digg_incr": 2402, "aweme_create_time": 1595496707, "category": 1, "volume": 1, "amount": 68.8}, "author": {"author_id": "109852497935", "nickname": "要努力减肥的胖花", "follower_count": 435588}}, {"aweme": {"aweme_id": "6852464533894597903", "aweme_title": "@夏夏的衣橱店发了一个抖音短视频，你尽管点开，不好看算我输！", "aweme_url": "https://www.iesdouyin.com/share/video/6852464533894597903/?region=CN&mid=6750695736989502216&u_code=3869629j1638&titleType=", "download_url": "https://www.chanmama.com/awemeDetail/6852464533894597903", "digg_count": 2978, "digg_incr": 2362, "aweme_create_time": 1595463732, "category": 1, "volume": 0, "amount": 0}, "author": {"author_id": "835267244070814", "nickname": "夏夏的衣橱店", "follower_count": 288381}}, {"aweme": {"aweme_id": "6852606918763023627", "aweme_title": "防晒披肩➕改良旗袍好看又划算 来帮妈妈入一套#正在直播中请点头像进入 #抖音 #抖音", "aweme_url": "https://www.iesdouyin.com/share/video/6852606918763023627/?region=CN&mid=6720712574800759555&u_code=0&titleType=title", "download_url": "https://www.chanmama.com/awemeDetail/6852606918763023627", "digg_count": 3874, "digg_incr": 2329, "aweme_create_time": 1595496888, "category": 1, "volume": 16, "amount": 904}, "author": {"author_id": "1983154584297805", "nickname": "朱效荣服装商行", "follower_count": 551823}}, {"aweme": {"aweme_id": "6852434035390565632", "aweme_title": "天丝阔腿牛仔裤，夏季冰冰凉。你喜欢吗？#牛仔裤 @DOU+小助手", "aweme_url": "https://www.iesdouyin.com/share/video/6852434035390565632/?region=CN&mid=6824097053049080583&u_code=4f4ld7c3dc9&titleType=title", "download_url": "https://www.chanmama.com/awemeDetail/6852434035390565632", "digg_count": 3355, "digg_incr": 2317, "aweme_create_time": 1595456636, "category": 1, "volume": 520, "amount": 31148}, "author": {"author_id": "659328408748520", "nickname": "淑度女装服饰", "follower_count": 458652}}, {"aweme": {"aweme_id": "6852652620830559503", "aweme_title": "#150 下面这四套衣服选一套去见你男神，你会选择哪一件？#大码穿搭 @抖音小助手", "aweme_url": "https://www.iesdouyin.com/share/video/6852652620830559503/?region=CN&mid=6852652644068559623&u_code=0&titleType=title", "download_url": "https://www.chanmama.com/awemeDetail/6852652620830559503", "digg_count": 2403, "digg_incr": 2303, "aweme_create_time": 1595507523, "category": 1, "volume": 0, "amount": 0}, "author": {"author_id": "4050223834082572", "nickname": "150斤的思思（9.9禾少晚上8点直播）", "follower_count": 924805}}, {"aweme": {"aweme_id": "6852532105449180430", "aweme_title": "这款工装风连衣裙，真是细节满满，155~175cm的姐妹都可以入手买它。#连衣裙 #气质穿搭 #女装新品日", "aweme_url": "https://www.iesdouyin.com/share/video/6852532105449180430/?region=CN&mid=6852532101523540750&u_code=0&titleType=title", "download_url": "https://www.chanmama.com/awemeDetail/6852532105449180430", "digg_count": 2854, "digg_incr": 2303, "aweme_create_time": 1595479465, "category": 1, "volume": 66, "amount": 10632.6}, "author": {"author_id": "3759980678490910", "nickname": "飞姐定制", "follower_count": 303908}}, {"aweme": {"aweme_id": "6852444958452993294", "aweme_title": "半松紧腰阔腿裤@DOU+小助手", "aweme_url": "https://www.iesdouyin.com/share/video/6852444958452993294/?region=CN&mid=6851903022394985224&u_code=45a6gmj0h2h&titleType=title", "download_url": "https://www.chanmama.com/awemeDetail/6852444958452993294", "digg_count": 2357, "digg_incr": 2300, "aweme_create_time": 1595459181, "category": 1, "volume": 246, "amount": 16974}, "author": {"author_id": "2875937850397725", "nickname": "韩米佳服装", "follower_count": 287748}}, {"aweme": {"aweme_id": "6852447521143295239", "aweme_title": "以前结婚和现在结婚的区别#抖音小助手", "aweme_url": "https://www.iesdouyin.com/share/video/6852447521143295239/?region=CN&mid=6845925341769239304&u_code=14dehkhkf9i3&titleType=title", "download_url": "https://www.chanmama.com/awemeDetail/6852447521143295239", "digg_count": 2452, "digg_incr": 2295, "aweme_create_time": 1595459776, "category": 1, "volume": 1, "amount": 39.9}, "author": {"author_id": "63271769870", "nickname": "赵家三小姐鞋服", "follower_count": 284932}}, {"aweme": {"aweme_id": "6852485714047667459", "aweme_title": "#你好火星 咋啥都让我花q呢？啥意思啊 不想让我在这呆了呗", "aweme_url": "https://www.iesdouyin.com/share/video/6852485714047667459/?region=CN&mid=6852485740509661965&u_code=3e536jfkcf92&titleType=title", "download_url": "https://www.chanmama.com/awemeDetail/6852485714047667459", "digg_count": 3203, "digg_incr": 2281, "aweme_create_time": 1595468673, "category": 1, "volume": 0, "amount": 0}, "author": {"author_id": "92400107648", "nickname": "颜哥没揍心.", "follower_count": 610780}}, {"aweme": {"aweme_id": "6852673987990801675", "aweme_title": "#感谢抖音感谢抖音平台 #我要上热门我上热门热门热门热门 #抖音小助手 #120斤到230斤的大码女装#微胖女", "aweme_url": "https://www.iesdouyin.com/share/video/6852673987990801675/?region=CN&mid=6810706325870791432&u_code=0&titleType=title", "download_url": "https://www.chanmama.com/awemeDetail/6852673987990801675", "digg_count": 3601, "digg_incr": 2269, "aweme_create_time": 1595512502, "category": 1, "volume": 42, "amount": 4536}, "author": {"author_id": "1697258313614189", "nickname": "韩韩大码女装", "follower_count": 264981}}, {"aweme": {"aweme_id": "6852547859951127821", "aweme_title": "穿搭分享 | 分享几种我平时穿衬衫的方法 #穿搭技巧 #衬衫控", "aweme_url": "https://www.iesdouyin.com/share/video/6852547859951127821/?region=CN&mid=6852547983221836557&u_code=0&titleType=title", "download_url": "https://www.chanmama.com/awemeDetail/6852547859951127821", "digg_count": 3130, "digg_incr": 2259, "aweme_create_time": 1595502000, "category": 1, "volume": 34, "amount": 10166}, "author": {"author_id": "2853952430805267", "nickname": "泥哥(每周二四六晚8点直播)", "follower_count": 186736}}, {"aweme": {"aweme_id": "6852592806146362639", "aweme_title": "一个人的穿着打扮，黑色的沉沉的外表体现出你的性格，品味，你们喜欢黑色吗#服装搭配", "aweme_url": "https://www.iesdouyin.com/share/video/6852592806146362639/?region=CN&mid=6733205276033370883&u_code=0&titleType=title", "download_url": "https://www.chanmama.com/awemeDetail/6852592806146362639", "digg_count": 3364, "digg_incr": 2252, "aweme_create_time": 1595493596, "category": 1, "volume": 0, "amount": 0}, "author": {"author_id": "110224242386", "nickname": "瑞杰服装店", "follower_count": 115675}}, {"aweme": {"aweme_id": "6852430446534397199", "aweme_title": "爆款不断！点我头像正在直播👉👉👉", "aweme_url": "https://www.iesdouyin.com/share/video/6852430446534397199/?region=CN&mid=6852430348614191885&u_code=45a6gmj0h2h&titleType=title", "download_url": "https://www.chanmama.com/awemeDetail/6852430446534397199", "digg_count": 3305, "digg_incr": 2244, "aweme_create_time": 1595455803, "category": 1, "volume": 35, "amount": 2065}, "author": {"author_id": "113981895485534", "nickname": "张雯淇服饰商行", "follower_count": 197698}}, {"aweme": {"aweme_id": "6852495614584884494", "aweme_title": "除非我想 不然谁都捂不热我 什么事都明白的人最温柔也最冷漠#巨蟹座", "aweme_url": "https://www.iesdouyin.com/share/video/6852495614584884494/?region=CN&mid=6816576947825478411&u_code=45a6gmj0h2h&titleType=title", "download_url": "https://www.chanmama.com/awemeDetail/6852495614584884494", "digg_count": 3290, "digg_incr": 2241, "aweme_create_time": 1595470969, "category": 1, "volume": 6, "amount": 534}, "author": {"author_id": "58494362455", "nickname": "燕子家服装", "follower_count": 63266}}, {"aweme": {"aweme_id": "6852625442264993031", "aweme_title": "哇哦 又一条神仙裤子诞生了#今天穿什么 #梨形身材", "aweme_url": "https://www.iesdouyin.com/share/video/6852625442264993031/?region=CN&mid=6852625451358604045&u_code=0&titleType=title", "download_url": "https://www.chanmama.com/awemeDetail/6852625442264993031", "digg_count": 2444, "digg_incr": 2238, "aweme_create_time": 1595501196, "category": 1, "volume": 0, "amount": 0}, "author": {"author_id": "104528095662", "nickname": "喵胖就是张桶桶（24号直播）", "follower_count": 353698}}, {"aweme": {"aweme_id": "6852596317772844303", "aweme_title": "一夜之间这首歌🔥了，歌词句句催泪，唱出了多少人的心声……其实每个人都不容易，再难也要抬脚继续！🌹🌹🌹", "aweme_url": "https://www.iesdouyin.com/share/video/6852596317772844303/?region=CN&mid=6847127454490872584&u_code=0&titleType=title", "download_url": "https://www.chanmama.com/awemeDetail/6852596317772844303", "digg_count": 2455, "digg_incr": 2237, "aweme_create_time": 1595494414, "category": 1, "volume": 0, "amount": 0}, "author": {"author_id": "93903126841", "nickname": "潇洒姐", "follower_count": 284900}}, {"aweme": {"aweme_id": "6852617715857853709", "aweme_title": "“力量有很多种 心平气和最坚定”", "aweme_url": "https://www.iesdouyin.com/share/video/6852617715857853709/?region=CN&mid=6851122672651995918&u_code=0&titleType=title", "download_url": "https://www.chanmama.com/awemeDetail/6852617715857853709", "digg_count": 2449, "digg_incr": 2222, "aweme_create_time": 1595499397, "category": 1, "volume": 27, "amount": 2646}, "author": {"author_id": "103913866079", "nickname": "长安运鼎服装店", "follower_count": 412375}}, {"aweme": {"aweme_id": "6852416949494844686", "aweme_title": "#好物推荐 #时尚穿搭 美鞋#717奇妙好物在这里 #感谢官方 @抖音小助手", "aweme_url": "https://www.iesdouyin.com/share/video/6852416949494844686/?region=CN&mid=6766098884994550536&u_code=107m7bg5i135&titleType=title", "download_url": "https://www.chanmama.com/awemeDetail/6852416949494844686", "digg_count": 2194, "digg_incr": 2188, "aweme_create_time": 1595452691, "category": 1, "volume": 79, "amount": 5451}, "author": {"author_id": "101922526016", "nickname": "常熟市飞飞鞋业商行", "follower_count": 200070}}, {"aweme": {"aweme_id": "6852560829070511368", "aweme_title": "@沙家浜物語晴发了一个抖音短视频，你尽管点开，不好看算我输！", "aweme_url": "https://www.iesdouyin.com/share/video/6852560829070511368/?region=CN&mid=6567164864962398979&u_code=0&titleType=", "download_url": "https://www.chanmama.com/awemeDetail/6852560829070511368", "digg_count": 2624, "digg_incr": 2180, "aweme_create_time": 1595486153, "category": 1, "volume": 5, "amount": 295}, "author": {"author_id": "68841148283", "nickname": "沙家浜物語晴", "follower_count": 961479}}, {"aweme": {"aweme_id": "6852521624315366663", "aweme_title": "#ootd 快乐的方式有很多种 见到你是第一种 #我的高光一刻 #日常 #穿搭 #你好火星", "aweme_url": "https://www.iesdouyin.com/share/video/6852521624315366663/?region=CN&mid=6829673029162306317&u_code=0&titleType=title", "download_url": "https://www.chanmama.com/awemeDetail/6852521624315366663", "digg_count": 2236, "digg_incr": 2176, "aweme_create_time": 1595477025, "category": 1, "volume": 26, "amount": 2444}, "author": {"author_id": "3843491199718164", "nickname": "A7seven 穿搭日志", "follower_count": 86055}}, {"aweme": {"aweme_id": "6852658063443348743", "aweme_title": "开始发福了吧 感觉自己。这身材 越来越像你们了。", "aweme_url": "https://www.iesdouyin.com/share/video/6852658063443348743/?region=CN&mid=6824441291406101262&u_code=15099h21d0i1&titleType=title", "download_url": "https://www.chanmama.com/awemeDetail/6852658063443348743", "digg_count": 5103, "digg_incr": 2164, "aweme_create_time": 1595508790, "category": 1, "volume": 8, "amount": 559.2}, "author": {"author_id": "81556042931", "nickname": "大脸酥服装工厂（七月宠粉月）", "follower_count": 621976}}, {"aweme": {"aweme_id": "6852567051735764238", "aweme_title": "只有亲情，才能让谎言成为这世上最美丽的语言 #时尚穿搭  @DOU+小助手", "aweme_url": "https://www.iesdouyin.com/share/video/6852567051735764238/?region=CN&mid=6852567165569190663&u_code=45a6gmj0h2h&titleType=title", "download_url": "https://www.chanmama.com/awemeDetail/6852567051735764238", "digg_count": 3857, "digg_incr": 2141, "aweme_create_time": 1595487623, "category": 1, "volume": 26, "amount": 1297.3999999999999}, "author": {"author_id": "1398173310913198", "nickname": "楚怡时尚女装", "follower_count": 131902}}, {"aweme": {"aweme_id": "6852429602049002759", "aweme_title": "我家有位三哥，我不缺哥们😂", "aweme_url": "https://www.iesdouyin.com/share/video/6852429602049002759/?region=CN&mid=6851137087057103623&u_code=45a6gmj0h2h&titleType=title", "download_url": "https://www.chanmama.com/awemeDetail/6852429602049002759", "digg_count": 2318, "digg_incr": 2119, "aweme_create_time": 1595455612, "category": 1, "volume": 0, "amount": 0}, "author": {"author_id": "103883647530", "nickname": "对自己好点", "follower_count": 200678}}, {"aweme": {"aweme_id": "6852659644654030094", "aweme_title": "@阔喵🐱狂躁开箱发了一个抖音短视频，你尽管点开，不好看算我输！", "aweme_url": "https://www.iesdouyin.com/share/video/6852659644654030094/?region=CN&mid=6852659697678682893&u_code=3ghh3kbgkj6b&titleType=", "download_url": "https://www.chanmama.com/awemeDetail/6852659644654030094", "digg_count": 2480, "digg_incr": 2084, "aweme_create_time": 1595509159, "category": 1, "volume": 330, "amount": 3926.9999999999995}, "author": {"author_id": "103378630943", "nickname": "阔喵🐱狂躁开箱", "follower_count": 690094}}, {"aweme": {"aweme_id": "6852585154209205511", "aweme_title": "从不穿连衣裙的妈妈  穿上这款半身裙减龄又得体！#穿搭 @抖音小助手", "aweme_url": "https://www.iesdouyin.com/share/video/6852585154209205511/?region=CN&mid=6828405444617227022&u_code=0&titleType=title", "download_url": "https://www.chanmama.com/awemeDetail/6852585154209205511", "digg_count": 3321, "digg_incr": 2082, "aweme_create_time": 1595491817, "category": 1, "volume": 83, "amount": 3311.7}, "author": {"author_id": "96376652312615", "nickname": "方夫人（中年穿搭）", "follower_count": 211876}}, {"aweme": {"aweme_id": "6852412674219724032", "aweme_title": "新款牛奶丝连衣裙太漂亮了，胖瘦好穿又洋气你入手了吗#穿搭", "aweme_url": "https://www.iesdouyin.com/share/video/6852412674219724032/?region=CN&mid=6852412573791341325&u_code=45a6gmj0h2h&titleType=title", "download_url": "https://www.chanmama.com/awemeDetail/6852412674219724032", "digg_count": 2070, "digg_incr": 2075, "aweme_create_time": 1595451687, "category": 1, "volume": 41, "amount": 1599}, "author": {"author_id": "96060671692", "nickname": "小潘女装", "follower_count": 543394}}, {"aweme": {"aweme_id": "6852570836059065607", "aweme_title": "明星都爱穿的宝藏品牌，百元get同款，姐妹们还不赶紧冲！", "aweme_url": "https://www.iesdouyin.com/share/video/6852570836059065607/?region=CN&mid=6852570866501700366&u_code=45a6gmj0h2h&titleType=title", "download_url": "https://www.chanmama.com/awemeDetail/6852570836059065607", "digg_count": 3090, "digg_incr": 2073, "aweme_create_time": 1595498400, "category": 1, "volume": 0, "amount": 0}, "author": {"author_id": "61938525357", "nickname": "吃可爱多长大的kelly", "follower_count": 849821}}, {"aweme": {"aweme_id": "6852647784110214400", "aweme_title": "隔壁桌的你给我出来...", "aweme_url": "https://www.iesdouyin.com/share/video/6852647784110214400/?region=CN&mid=6852647798526642952&u_code=0&titleType=title", "download_url": "https://www.chanmama.com/awemeDetail/6852647784110214400", "digg_count": 2406, "digg_incr": 2047, "aweme_create_time": 1595506396, "category": 1, "volume": 0, "amount": 0}, "author": {"author_id": "84826443906", "nickname": "星雨", "follower_count": 383870}}, {"aweme": {"aweme_id": "6852531065546935552", "aweme_title": "你拼命减肥的样子虽然很狼狈 但你穿S码的样子真的很美#穿搭 #卡点换装 #套装穿搭", "aweme_url": "https://www.iesdouyin.com/share/video/6852531065546935552/?region=CN&mid=6852531053024365320&u_code=a447b6db995&titleType=title", "download_url": "https://www.chanmama.com/awemeDetail/6852531065546935552", "digg_count": 2112, "digg_incr": 2045, "aweme_create_time": 1595479221, "category": 1, "volume": 0, "amount": 0}, "author": {"author_id": "58060986351", "nickname": "叫我韩璐（今晚7.30直播）", "follower_count": 609005}}, {"aweme": {"aweme_id": "6852505857121324302", "aweme_title": "女人没有精致的外表，谁愿意关心你内在的才华！这就是现实！#气质穿搭 #高端女装 @DOU+小助手 @电商小助手", "aweme_url": "https://www.iesdouyin.com/share/video/6852505857121324302/?region=CN&mid=6852505864843184909&u_code=0&titleType=title", "download_url": "https://www.chanmama.com/awemeDetail/6852505857121324302", "digg_count": 2165, "digg_incr": 2036, "aweme_create_time": 1595473353, "category": 1, "volume": 19, "amount": 2242}, "author": {"author_id": "2770359684446925", "nickname": "正美百货店", "follower_count": 39540}}, {"aweme": {"aweme_id": "6852617219533294855", "aweme_title": "不知道是不是年纪大了，以前不喜欢的这种风格，现在却觉得格外有味道#女人味 #微胖女孩 #140斤", "aweme_url": "https://www.iesdouyin.com/share/video/6852617219533294855/?region=CN&mid=6566458208402180866&u_code=0&titleType=title", "download_url": "https://www.chanmama.com/awemeDetail/6852617219533294855", "digg_count": 2178, "digg_incr": 2005, "aweme_create_time": 1595499281, "category": 1, "volume": 61, "amount": 5929}, "author": {"author_id": "2704426499843272", "nickname": "140斤的瑶瑶", "follower_count": 111341}}, {"aweme": {"aweme_id": "6852604702232743168", "aweme_title": "baby，你在做what，有没有eat饭，有没有miss我，反正我miss你了，能不能和我say会儿话#穿搭", "aweme_url": "https://www.iesdouyin.com/share/video/6852604702232743168/?region=CN&mid=6852604725439843085&u_code=2kf532ici866&titleType=title", "download_url": "https://www.chanmama.com/awemeDetail/6852604702232743168", "digg_count": 2052, "digg_incr": 1990, "aweme_create_time": 1595496366, "category": 1, "volume": 0, "amount": 0}, "author": {"author_id": "58060986351", "nickname": "叫我韩璐（今晚7.30直播）", "follower_count": 609005}}, {"aweme": {"aweme_id": "6852613534002547976", "aweme_title": "在么 我刚刚拍到一张好看的照片 你要不要过来看一下？ #女生穿搭  #穿搭", "aweme_url": "https://www.iesdouyin.com/share/video/6852613534002547976/?region=CN&mid=6852613617540532999&u_code=3ghh3kbgkj6b&titleType=title", "download_url": "https://www.chanmama.com/awemeDetail/6852613534002547976", "digg_count": 2146, "digg_incr": 1972, "aweme_create_time": 1595498438, "category": 1, "volume": 0, "amount": 0}, "author": {"author_id": "1173907669532131", "nickname": "小47的小口袋", "follower_count": 176051}}, {"aweme": {"aweme_id": "6852603846213127424", "aweme_title": "以前总是因为胯宽梨形身材自卑 现在发现这些成熟的裙子全靠胯骨撑起来 总不能一辈子穿休闲装#梨形身材", "aweme_url": "https://www.iesdouyin.com/share/video/6852603846213127424/?region=CN&mid=6842253852247427854&u_code=45a6gmj0h2h&titleType=title", "download_url": "https://www.chanmama.com/awemeDetail/6852603846213127424", "digg_count": 2716, "digg_incr": 1917, "aweme_create_time": 1595496167, "category": 1, "volume": 0, "amount": 0}, "author": {"author_id": "55190629644", "nickname": "大熊", "follower_count": 226144}}, {"aweme": {"aweme_id": "6852555828466142478", "aweme_title": "20多岁别穿的太老气，甜酷#闺蜜装 给你们#搭配 好了~快艾特你的#闺蜜 #穿搭", "aweme_url": "https://www.iesdouyin.com/share/video/6852555828466142478/?region=CN&mid=6852555949173967624&u_code=0&titleType=title", "download_url": "https://www.chanmama.com/awemeDetail/6852555828466142478", "digg_count": 4514, "digg_incr": 1914, "aweme_create_time": 1595485014, "category": 1, "volume": 0, "amount": 0}, "author": {"author_id": "3249812185809213", "nickname": "任性的郭郭", "follower_count": 166633}}, {"aweme": {"aweme_id": "6852568960592907534", "aweme_title": "这个盒子也太好看了吧，还送了扇子、发带、玉佩配饰，汉服也是很神仙，我爱了😆#汉服 #汉服开箱", "aweme_url": "https://www.iesdouyin.com/share/video/6852568960592907534/?region=CN&mid=6850803710398925575&u_code=1hh9hl53mhcf&titleType=title", "download_url": "https://www.chanmama.com/awemeDetail/6852568960592907534", "digg_count": 2318, "digg_incr": 1889, "aweme_create_time": 1595488046, "category": 1, "volume": 0, "amount": 0}, "author": {"author_id": "55821365845", "nickname": "素尘～", "follower_count": 778380}}, {"aweme": {"aweme_id": "6852605595669794056", "aweme_title": "今天是富贵的四小姐～终于穿上诃子裙啦啦啦～#诃子裙", "aweme_url": "https://www.iesdouyin.com/share/video/6852605595669794056/?region=CN&mid=6849989514355231495&u_code=0&titleType=title", "download_url": "https://www.chanmama.com/awemeDetail/6852605595669794056", "digg_count": 2016, "digg_incr": 1884, "aweme_create_time": 1595496575, "category": 1, "volume": 0, "amount": 0}, "author": {"author_id": "97483583368", "nickname": "七四七四七", "follower_count": 545197}}, {"aweme": {"aweme_id": "6852633277828844807", "aweme_title": "被误会了#我要上热门 #dou➕上热门 @抖音小助手 @DOU+小助手", "aweme_url": "https://www.iesdouyin.com/share/video/6852633277828844807/?region=CN&mid=6852633301188463368&u_code=0&titleType=title", "download_url": "https://www.chanmama.com/awemeDetail/6852633277828844807", "digg_count": 1841, "digg_incr": 1815, "aweme_create_time": 1595503020, "category": 1, "volume": 6, "amount": 528}, "author": {"author_id": "1112331837256765", "nickname": "飞妈服饰", "follower_count": 454560}}, {"aweme": {"aweme_id": "6852623170248215823", "aweme_title": "#就要这样妆 听说仙女24H营业，美妆小博主033连夜打卡上线，#时刻妆 一起化起来~", "aweme_url": "https://www.iesdouyin.com/share/video/6852623170248215823/?region=CN&mid=6852623180964596494&u_code=45a6gmj0h2h&titleType=title", "download_url": "https://www.chanmama.com/awemeDetail/6852623170248215823", "digg_count": 2373, "digg_incr": 1810, "aweme_create_time": 1595500666, "category": 1, "volume": 0, "amount": 0}, "author": {"author_id": "59345830352", "nickname": "林珊珊_Sunny", "follower_count": 818447}}, {"aweme": {"aweme_id": "6852600659435359488", "aweme_title": "好姐妹萌，欣赏一下我的西装裤遮肉表演吧，什么大粗腿假胯宽通通都消失不见啦！#135斤微胖穿搭 #显瘦穿搭", "aweme_url": "https://www.iesdouyin.com/share/video/6852600659435359488/?region=CN&mid=6852600675642198792&u_code=0&titleType=title", "download_url": "https://www.chanmama.com/awemeDetail/6852600659435359488", "digg_count": 2217, "digg_incr": 1809, "aweme_create_time": 1595495425, "category": 1, "volume": 0, "amount": 0}, "author": {"author_id": "66408364402", "nickname": "130斤的西西", "follower_count": 190134}}, {"aweme": {"aweme_id": "6852432498056531215", "aweme_title": "《下一次相遇》#跳舞我不是专业的 #广场舞@抖音小助手 🔥🔥🔥", "aweme_url": "https://www.iesdouyin.com/share/video/6852432498056531215/?region=CN&mid=6801336766965107460&u_code=4f4ld7c3dc9&titleType=title", "download_url": "https://www.chanmama.com/awemeDetail/6852432498056531215", "digg_count": 2218, "digg_incr": 1803, "aweme_create_time": 1595456279, "category": 1, "volume": 0, "amount": 0}, "author": {"author_id": "98903207453", "nickname": "遇见你是我的缘🍒", "follower_count": 240047}}, {"aweme": {"aweme_id": "6852499454424091908", "aweme_title": "三十岁女人一定要知道见什么人穿什么连衣裙，不出错才出彩！#夏季新款 #女装新品日 #裙子搭配", "aweme_url": "https://www.iesdouyin.com/share/video/6852499454424091908/?region=CN&mid=6852499495114148621&u_code=0&titleType=title", "download_url": "https://www.chanmama.com/awemeDetail/6852499454424091908", "digg_count": 3613, "digg_incr": 1800, "aweme_create_time": 1595471871, "category": 1, "volume": 0, "amount": 0}, "author": {"author_id": "2400985954130868", "nickname": "气质穿搭攻略", "follower_count": 468212}}, {"aweme": {"aweme_id": "6852612845457231118", "aweme_title": "记录一下每天的工作 成年人的世界没那么多矫情 加油 继续前行💪#服装搭配 #女装 #创业 @企业号小助手", "aweme_url": "https://www.iesdouyin.com/share/video/6852612845457231118/?region=CN&mid=6842054423305358087&u_code=0&titleType=title", "download_url": "https://www.chanmama.com/awemeDetail/6852612845457231118", "digg_count": 3038, "digg_incr": 1778, "aweme_create_time": 1595498263, "category": 1, "volume": 20, "amount": 1208}, "author": {"author_id": "59188233640", "nickname": "广州哥与婷子女装", "follower_count": 104466}}]}