{"data": [{"aweme": {"aweme_id": "6852514778519293188", "aweme_title": "来都来了，留下你的小爱心再走吧！！#我要上热门 #你好火星", "aweme_url": "https://www.iesdouyin.com/share/video/6852514778519293188/?region=CN&mid=6852514848313166606&u_code=3e536jfkca7m&titleType=title", "download_url": "https://www.chanmama.com/awemeDetail/6852514778519293188", "digg_count": 537519, "digg_incr": 534646, "aweme_create_time": 1595475439, "category": 10, "volume": 6, "amount": 228}, "author": {"author_id": "91989766572843", "nickname": "神犬组合", "follower_count": 377962}}, {"aweme": {"aweme_id": "6852496242568596736", "aweme_title": "见过哄自己睡觉的狗狗吗😄#狗狗的日常 #泰迪 #萌宠", "aweme_url": "https://www.iesdouyin.com/share/video/6852496242568596736/?region=CN&mid=6798426438179359495&u_code=0&titleType=title", "download_url": "https://www.chanmama.com/awemeDetail/6852496242568596736", "digg_count": 42161, "digg_incr": 34874, "aweme_create_time": 1595471113, "category": 10, "volume": 80, "amount": 5040}, "author": {"author_id": "59097055669", "nickname": "六一🔥宝贝      🧸", "follower_count": 181027}}, {"aweme": {"aweme_id": "6852496912982084879", "aweme_title": "#二哈 #国产狗粮 吃的再好也不要忘了年迈的老父亲，我会好好学习的@DOU+小助手", "aweme_url": "https://www.iesdouyin.com/share/video/6852496912982084879/?region=CN&mid=6848966594975779598&u_code=3ghh3kbgkj6b&titleType=title", "download_url": "https://www.chanmama.com/awemeDetail/6852496912982084879", "digg_count": 19717, "digg_incr": 15569, "aweme_create_time": 1595477580, "category": 10, "volume": 0, "amount": 0}, "author": {"author_id": "64644864646", "nickname": "正紧市民", "follower_count": 941558}}, {"aweme": {"aweme_id": "6852617307475234055", "aweme_title": "#猫 #我是菠小萝 @雪落倾城 《宿醉后的小猫咪》但凡有盘花生米也不能喝成这样😂", "aweme_url": "https://www.iesdouyin.com/share/video/6852617307475234055/?region=CN&mid=6696759798555265795&u_code=0&titleType=title", "download_url": "https://www.chanmama.com/awemeDetail/6852617307475234055", "digg_count": 12043, "digg_incr": 10117, "aweme_create_time": 1595499302, "category": 10, "volume": 2, "amount": 15.8}, "author": {"author_id": "80950998334", "nickname": "我是菠小萝", "follower_count": 501069}}, {"aweme": {"aweme_id": "6852545731136457998", "aweme_title": "美女给毛驴蒙眼。。。", "aweme_url": "https://www.iesdouyin.com/share/video/6852545731136457998/?region=CN&mid=6852545737981430536&u_code=0&titleType=title", "download_url": "https://www.chanmama.com/awemeDetail/6852545731136457998", "digg_count": 8019, "digg_incr": 7996, "aweme_create_time": 1595482638, "category": 10, "volume": 0, "amount": 0}, "author": {"author_id": "4314126337976263", "nickname": "邢家全驴宴", "follower_count": 125759}}, {"aweme": {"aweme_id": "6852586455290678542", "aweme_title": "贪心的小猫咪不能要#vlog日常 #萌宠萌宠萌宠 #萌宠 #猫咪", "aweme_url": "https://www.iesdouyin.com/share/video/6852586455290678542/?region=CN&mid=6827757733498915591&u_code=107m7bg5i135&titleType=title", "download_url": "https://www.chanmama.com/awemeDetail/6852586455290678542", "digg_count": 8545, "digg_incr": 6779, "aweme_create_time": 1595492119, "category": 10, "volume": 1, "amount": 29.9}, "author": {"author_id": "73765424218", "nickname": "胖头鱼是只猫", "follower_count": 505325}}, {"aweme": {"aweme_id": "6852479486013852939", "aweme_title": "狗是这世界上唯一可以用金钱买到的爱～#萌宠  #会吃会玩的汪星人  @抖音小助手", "aweme_url": "https://www.iesdouyin.com/share/video/6852479486013852939/?region=CN&mid=6852479517685058318&u_code=2cdek40b760i&titleType=title", "download_url": "https://www.chanmama.com/awemeDetail/6852479486013852939", "digg_count": 8050, "digg_incr": 6624, "aweme_create_time": 1595494800, "category": 10, "volume": 0, "amount": 0}, "author": {"author_id": "84061628012", "nickname": "油条不拆家", "follower_count": 365428}}, {"aweme": {"aweme_id": "6852512356577086735", "aweme_title": "好多人说！养那么多狗！家里味老大了吧！臭不臭和宠物无关！看主人啥样！我家就是淡淡的清香！@DOU+小助手", "aweme_url": "https://www.iesdouyin.com/share/video/6852512356577086735/?region=CN&mid=6779041629568239617&u_code=0&titleType=title", "download_url": "https://www.chanmama.com/awemeDetail/6852512356577086735", "digg_count": 9221, "digg_incr": 5598, "aweme_create_time": 1595474871, "category": 10, "volume": 367, "amount": 7303.299999999999}, "author": {"author_id": "108834270333", "nickname": "掌柜：沈小蓓", "follower_count": 169766}}, {"aweme": {"aweme_id": "6852605308133510408", "aweme_title": "有罐头的地方就有蠢蠢欲动的小爪爪#猫 #萌宠嗨玩季 #成精的萌宠", "aweme_url": "https://www.iesdouyin.com/share/video/6852605308133510408/?region=CN&mid=6852605343638653709&u_code=0&titleType=title", "download_url": "https://www.chanmama.com/awemeDetail/6852605308133510408", "digg_count": 6185, "digg_incr": 5379, "aweme_create_time": 1595496508, "category": 10, "volume": 0, "amount": 0}, "author": {"author_id": "78636775380", "nickname": "吾喵千岁", "follower_count": 231953}}, {"aweme": {"aweme_id": "6852609303380086028", "aweme_title": "恶搞名画太上头了，从最初的人传狗又演变回了狗传人哈哈哈哈#cos名画 #萨摩耶", "aweme_url": "https://www.iesdouyin.com/share/video/6852609303380086028/?region=CN&mid=6852609352507919111&u_code=0&titleType=title", "download_url": "https://www.chanmama.com/awemeDetail/6852609303380086028", "digg_count": 5127, "digg_incr": 4912, "aweme_create_time": 1595497443, "category": 10, "volume": 27, "amount": 810}, "author": {"author_id": "65756767299", "nickname": "肥皂的日记", "follower_count": 627101}}, {"aweme": {"aweme_id": "6852249227209248008", "aweme_title": "假如豆腐猫砂有段位，你的豆腐猫砂是钻石吗？ #萌宠好物  @猫奴十三（有问必答）", "aweme_url": "https://www.iesdouyin.com/share/video/6852249227209248008/?region=CN&mid=6852249337523948302&u_code=0&titleType=title", "download_url": "https://www.chanmama.com/awemeDetail/6852249227209248008", "digg_count": 6580, "digg_incr": 4805, "aweme_create_time": 1595486280, "category": 10, "volume": 15, "amount": 360}, "author": {"author_id": "1046328579203619", "nickname": "十三的喵宝箱", "follower_count": 160947}}, {"aweme": {"aweme_id": "6852621079022800135", "aweme_title": "夏季天热，解暑降温，狗狗绝对不能错过的零食~ #宠爱里云社区   #萌宠嗨玩季", "aweme_url": "https://www.iesdouyin.com/share/video/6852621079022800135/?region=CN&mid=6852621504413305607&u_code=0&titleType=title", "download_url": "https://www.chanmama.com/awemeDetail/6852621079022800135", "digg_count": 5976, "digg_incr": 4692, "aweme_create_time": 1595500270, "category": 10, "volume": 44, "amount": 3476}, "author": {"author_id": "102752256680", "nickname": "撸爪", "follower_count": 613002}}, {"aweme": {"aweme_id": "6852526412243438863", "aweme_title": "艾米经常一个人趴在它的小床上，估计是想静一静吧😂", "aweme_url": "https://www.iesdouyin.com/share/video/6852526412243438863/?region=CN&mid=6740929785205129224&u_code=97f0ifd2me1&titleType=title", "download_url": "https://www.chanmama.com/awemeDetail/6852526412243438863", "digg_count": 6421, "digg_incr": 4304, "aweme_create_time": 1595478161, "category": 10, "volume": 0, "amount": 0}, "author": {"author_id": "4503669590692556", "nickname": "🌸艾米baby🌸", "follower_count": 914057}}, {"aweme": {"aweme_id": "6852496659302206733", "aweme_title": "流浪猫表达爱意的方式也太别致了吧～#萌宠 @抖音小助手", "aweme_url": "https://www.iesdouyin.com/share/video/6852496659302206733/?region=CN&mid=6852496663237053197&u_code=0&titleType=title", "download_url": "https://www.chanmama.com/awemeDetail/6852496659302206733", "digg_count": 4199, "digg_incr": 3518, "aweme_create_time": 1595495400, "category": 10, "volume": 0, "amount": 0}, "author": {"author_id": "110873154711", "nickname": "小鹿不是鹿", "follower_count": 176423}}, {"aweme": {"aweme_id": "6851824497159326976", "aweme_title": "既然每天都要吃饭，不如来点仪式感吧~#宠物训练#萌宠好物 @抖音小助手", "aweme_url": "https://www.iesdouyin.com/share/video/6851824497159326976/?region=CN&mid=6851824498690673422&u_code=0&titleType=title", "download_url": "https://www.chanmama.com/awemeDetail/6851824497159326976", "digg_count": 5106, "digg_incr": 3384, "aweme_create_time": 1595505600, "category": 10, "volume": 0, "amount": 0}, "author": {"author_id": "75983707213", "nickname": "执爪宠物训练_迪迪王", "follower_count": 344206}}, {"aweme": {"aweme_id": "6852594277625711885", "aweme_title": "#小鸟伏特加zbc无情哈拉少 #二战伏特加 #雷霆嘎巴欧青辣少", "aweme_url": "https://www.iesdouyin.com/share/video/6852594277625711885/?region=CN&mid=6852594307556494094&u_code=0&titleType=title", "download_url": "https://www.chanmama.com/awemeDetail/6852594277625711885", "digg_count": 2964, "digg_incr": 2484, "aweme_create_time": 1595493940, "category": 10, "volume": 1, "amount": 0}, "author": {"author_id": "95488642862", "nickname": "绥芬河市和平经贸有限", "follower_count": 120089}}, {"aweme": {"aweme_id": "6852624283659701519", "aweme_title": "这么好吃的东西不忘了小绵羊，给小绵羊拿了几块#宠物成精啦 #萌宠", "aweme_url": "https://www.iesdouyin.com/share/video/6852624283659701519/?region=CN&mid=6555850969459100429&u_code=3ghh3kbgkj6b&titleType=title", "download_url": "https://www.chanmama.com/awemeDetail/6852624283659701519", "digg_count": 2633, "digg_incr": 2140, "aweme_create_time": 1595500925, "category": 10, "volume": 2, "amount": 37.6}, "author": {"author_id": "75309035455", "nickname": "汪星人萌贝贝", "follower_count": 456034}}, {"aweme": {"aweme_id": "6852336424230931715", "aweme_title": "龙龙和铁蛋都会上学。", "aweme_url": "https://www.iesdouyin.com/share/video/6852336424230931715/?region=CN&mid=6709266471953894151&u_code=3ghh3kbgkj6b&titleType=title", "download_url": "https://www.chanmama.com/awemeDetail/6852336424230931715", "digg_count": 2819, "digg_incr": 2085, "aweme_create_time": 1595433924, "category": 10, "volume": 0, "amount": 0}, "author": {"author_id": "64394679037", "nickname": "非洲滴小魏哥", "follower_count": 211946}}, {"aweme": {"aweme_id": "6852513017779719431", "aweme_title": "虽然你性格孤僻，但一点都不影响我爱你❤#猫 #戏精 #萌宠", "aweme_url": "https://www.iesdouyin.com/share/video/6852513017779719431/?region=CN&mid=6852513044552059655&u_code=ifc568f2c1g&titleType=title", "download_url": "https://www.chanmama.com/awemeDetail/6852513017779719431", "digg_count": 15943, "digg_incr": 1931, "aweme_create_time": 1595475021, "category": 10, "volume": 3, "amount": 177}, "author": {"author_id": "65442832241", "nickname": "三百有点倔🍊", "follower_count": 562746}}, {"aweme": {"aweme_id": "6852689743734443277", "aweme_title": "懂事的孩子不会没糖吃... 因为遇见的人是满眼爱你的 #宠物伴侣 #懂事的孩子", "aweme_url": "https://www.iesdouyin.com/share/video/6852689743734443277/?region=CN&mid=6848557390854851342&u_code=0&titleType=title", "download_url": "https://www.chanmama.com/awemeDetail/6852689743734443277", "digg_count": 2218, "digg_incr": 1831, "aweme_create_time": 1595516168, "category": 10, "volume": 0, "amount": 0}, "author": {"author_id": "104375224528", "nickname": "皮蛋蛋🐱", "follower_count": 25550}}, {"aweme": {"aweme_id": "6852510054579539215", "aweme_title": "在爱吃的零食面前，Grace智商为0…#吃货", "aweme_url": "https://www.iesdouyin.com/share/video/6852510054579539215/?region=CN&mid=6852510065035840263&u_code=3mgb4ehm3l98&titleType=title", "download_url": "https://www.chanmama.com/awemeDetail/6852510054579539215", "digg_count": 9084, "digg_incr": 1505, "aweme_create_time": 1595474329, "category": 10, "volume": 0, "amount": 0}, "author": {"author_id": "88135066968", "nickname": "小金毛Grace", "follower_count": 282076}}, {"aweme": {"aweme_id": "6852559235826470155", "aweme_title": "宠物自动饮水机#科学养宠攻略", "aweme_url": "https://www.iesdouyin.com/share/video/6852559235826470155/?region=CN&mid=6852559296564054791&u_code=0&titleType=title", "download_url": "https://www.chanmama.com/awemeDetail/6852559235826470155", "digg_count": 1898, "digg_incr": 1497, "aweme_create_time": 1595485790, "category": 10, "volume": 75, "amount": 2550}, "author": {"author_id": "3865536934718760", "nickname": "喵姨严选", "follower_count": 24442}}, {"aweme": {"aweme_id": "6852591285434469646", "aweme_title": "两个小可怜快认识我了，超级喜欢吃贝爵狗粮，过几天可能就能抓住了。￼#我和狗狗的故事", "aweme_url": "https://www.iesdouyin.com/share/video/6852591285434469646/?region=CN&mid=6852591311657224967&u_code=0&titleType=title", "download_url": "https://www.chanmama.com/awemeDetail/6852591285434469646", "digg_count": 1540, "digg_incr": 1367, "aweme_create_time": 1595493244, "category": 10, "volume": 0, "amount": 0}, "author": {"author_id": "63682039352", "nickname": "彩炫商行", "follower_count": 385081}}, {"aweme": {"aweme_id": "6852546070325611776", "aweme_title": "阿达小卖部长期佛系出ziwi罐头#萌宠好物 #猫罐头", "aweme_url": "https://www.iesdouyin.com/share/video/6852546070325611776/?region=CN&mid=6852546071487384333&u_code=2h61mac21ib4&titleType=title", "download_url": "https://www.chanmama.com/awemeDetail/6852546070325611776", "digg_count": 1606, "digg_incr": 1274, "aweme_create_time": 1595482715, "category": 10, "volume": 27, "amount": 702}, "author": {"author_id": "63780000614", "nickname": "喵叔阿达", "follower_count": 638202}}, {"aweme": {"aweme_id": "6852562152721583375", "aweme_title": "瘫痪了一天，看到吃的才起来，毛孩子心思重，知道不被人喜欢上火了#萌宠", "aweme_url": "https://www.iesdouyin.com/share/video/6852562152721583375/?region=CN&mid=6852562151068977927&u_code=0&titleType=title", "download_url": "https://www.chanmama.com/awemeDetail/6852562152721583375", "digg_count": 1349, "digg_incr": 1062, "aweme_create_time": 1595486460, "category": 10, "volume": 3, "amount": 0}, "author": {"author_id": "77203763986", "nickname": "老粗超爱吃", "follower_count": 167624}}, {"aweme": {"aweme_id": "6852630943073570048", "aweme_title": "听说你们都想薅羊毛？快来#直播 间～这个价谁能不心动？#猫粮", "aweme_url": "https://www.iesdouyin.com/share/video/6852630943073570048/?region=CN&mid=6852630964774931213&u_code=0&titleType=title", "download_url": "https://www.chanmama.com/awemeDetail/6852630943073570048", "digg_count": 1008, "digg_incr": 1001, "aweme_create_time": 1595502475, "category": 10, "volume": 15, "amount": 2700}, "author": {"author_id": "2783609675059652", "nickname": "极宠家", "follower_count": 10718}}, {"aweme": {"aweme_id": "6852484929255689487", "aweme_title": "上周末太忙没顾上给辣条洗澡😭希望不会掉粉😢这周末一定会给辣妞洗香香的😊", "aweme_url": "https://www.iesdouyin.com/share/video/6852484929255689487/?region=CN&mid=6852484919693003533&u_code=0&titleType=title", "download_url": "https://www.chanmama.com/awemeDetail/6852484929255689487", "digg_count": 1125, "digg_incr": 975, "aweme_create_time": 1595468480, "category": 10, "volume": 8, "amount": 56}, "author": {"author_id": "96762276900", "nickname": "辣条是只小比熊", "follower_count": 213207}}, {"aweme": {"aweme_id": "6852457922882981135", "aweme_title": "#农业种植技术 空心菜耐热，夏天也可以种，它多茬采收，种一次能吃好几个月", "aweme_url": "https://www.iesdouyin.com/share/video/6852457922882981135/?region=CN&mid=6852457870798228238&u_code=0&titleType=title", "download_url": "https://www.chanmama.com/awemeDetail/6852457922882981135", "digg_count": 1194, "digg_incr": 918, "aweme_create_time": 1595462193, "category": 10, "volume": 5, "amount": 7.5}, "author": {"author_id": "96158295221", "nickname": "我爱种菜", "follower_count": 854852}}, {"aweme": {"aweme_id": "6852595625591082240", "aweme_title": "爸爸我错了！求你别说了！", "aweme_url": "https://www.iesdouyin.com/share/video/6852595625591082240/?region=CN&mid=6852595876146187021&u_code=0&titleType=title", "download_url": "https://www.chanmama.com/awemeDetail/6852595625591082240", "digg_count": 1911, "digg_incr": 911, "aweme_create_time": 1595494278, "category": 10, "volume": 0, "amount": 0}, "author": {"author_id": "66535652510", "nickname": "春华4090", "follower_count": 483865}}, {"aweme": {"aweme_id": "6852525355060825359", "aweme_title": "#绿茶拍照 #柯尔鸭小元宝 我真不是故意要黑它的 你们觉得我拍照技术怎么样？@抖音小助手", "aweme_url": "https://www.iesdouyin.com/share/video/6852525355060825359/?region=CN&mid=6852525357493422855&u_code=0&titleType=title", "download_url": "https://www.chanmama.com/awemeDetail/6852525355060825359", "digg_count": 1677, "digg_incr": 905, "aweme_create_time": 1595477892, "category": 10, "volume": 1, "amount": 88}, "author": {"author_id": "1367414200865608", "nickname": "柯尔鸭招财~进宝", "follower_count": 434036}}, {"aweme": {"aweme_id": "6852592155081395471", "aweme_title": "去年菜地采收的小包白菜，口感软嫩微甜非常好吃，又到了种白菜的季节了，你种了吗？#种菜", "aweme_url": "https://www.iesdouyin.com/share/video/6852592155081395471/?region=CN&mid=6852592173276220173&u_code=0&titleType=title", "download_url": "https://www.chanmama.com/awemeDetail/6852592155081395471", "digg_count": 1144, "digg_incr": 890, "aweme_create_time": 1595493445, "category": 10, "volume": 5, "amount": 19}, "author": {"author_id": "99314614056", "nickname": "田园晓月", "follower_count": 935860}}, {"aweme": {"aweme_id": "6852464402310991119", "aweme_title": "沙窝萝卜赛鸭梨，生吃可口又脆甜，8月20号以后播种最佳!#种菜", "aweme_url": "https://www.iesdouyin.com/share/video/6852464402310991119/?region=CN&mid=6605565692693777155&u_code=0&titleType=title", "download_url": "https://www.chanmama.com/awemeDetail/6852464402310991119", "digg_count": 1065, "digg_incr": 877, "aweme_create_time": 1595463702, "category": 10, "volume": 42, "amount": 159.6}, "author": {"author_id": "99314614056", "nickname": "田园晓月", "follower_count": 935860}}, {"aweme": {"aweme_id": "6852668422963072267", "aweme_title": "🐰那么可爱，当然要喂🐶啦🤪@DOU+小助手 #dou上热门 #磨牙零食", "aweme_url": "https://www.iesdouyin.com/share/video/6852668422963072267/?region=CN&mid=6852668460380916488&u_code=0&titleType=title", "download_url": "https://www.chanmama.com/awemeDetail/6852668422963072267", "digg_count": 1085, "digg_incr": 819, "aweme_create_time": 1595511206, "category": 10, "volume": 24, "amount": 477.59999999999997}, "author": {"author_id": "101981140312", "nickname": "上海友宠宠物", "follower_count": 26141}}, {"aweme": {"aweme_id": "6852618378025241869", "aweme_title": "干啥啥不行#每帧都是表情包 #吸猫", "aweme_url": "https://www.iesdouyin.com/share/video/6852618378025241869/?region=CN&mid=6677848903737477894&u_code=0&titleType=title", "download_url": "https://www.chanmama.com/awemeDetail/6852618378025241869", "digg_count": 1031, "digg_incr": 729, "aweme_create_time": 1595499551, "category": 10, "volume": 0, "amount": 0}, "author": {"author_id": "88667289124", "nickname": "一只青竹", "follower_count": 306841}}, {"aweme": {"aweme_id": "6852507323479362823", "aweme_title": "#续集 这次猫爸是真受伤了 我该怎么哄。。#猫与猫与猫与猫 @抖音小助手", "aweme_url": "https://www.iesdouyin.com/share/video/6852507323479362823/?region=CN&mid=6852507346883627783&u_code=0&titleType=title", "download_url": "https://www.chanmama.com/awemeDetail/6852507323479362823", "digg_count": 1023, "digg_incr": 519, "aweme_create_time": 1595473695, "category": 10, "volume": 9, "amount": 152.1}, "author": {"author_id": "97339608244", "nickname": "小雪和她的喵", "follower_count": 103994}}, {"aweme": {"aweme_id": "6852482146293042439", "aweme_title": "马桶伴侣和马桶止回阀安装教程，无论家里用的是马桶伴侣还是角阀，都有必要装个止回阀#马桶止回阀 #马桶伴侣", "aweme_url": "https://www.iesdouyin.com/share/video/6852482146293042439/?region=CN&mid=6845288350992157448&u_code=3ghh3kbgkj6b&titleType=title", "download_url": "https://www.chanmama.com/awemeDetail/6852482146293042439", "digg_count": 3485, "digg_incr": 138, "aweme_create_time": 1595467834, "category": 10, "volume": 4, "amount": 120}, "author": {"author_id": "103426988292", "nickname": "鹰越厨卫", "follower_count": 11915}}, {"aweme": {"aweme_id": "6852616300091559171", "aweme_title": "乡村优品 助农扶贫 让爱传递# 四川省农业农村厅# 省扶贫开发局等主办", "aweme_url": "https://www.iesdouyin.com/share/video/6852616300091559171/?region=CN&mid=6852616369561701128&u_code=3ghh3kbgkj6b&titleType=title", "download_url": "https://www.chanmama.com/awemeDetail/6852616300091559171", "digg_count": 6233, "digg_incr": 31, "aweme_create_time": 1595499072, "category": 10, "volume": 0, "amount": 0}, "author": {"author_id": "888012991639744", "nickname": "乡村优品", "follower_count": 341913}}, {"aweme": {"aweme_id": "6852613799627787523", "aweme_title": "乡村优品 助农扶贫 让爱传递# 四川省农业农村厅# 省扶贫开发局等主办", "aweme_url": "https://www.iesdouyin.com/share/video/6852613799627787523/?region=CN&mid=6852613867298720525&u_code=3g7mc2761c4f&titleType=title", "download_url": "https://www.chanmama.com/awemeDetail/6852613799627787523", "digg_count": 6281, "digg_incr": 20, "aweme_create_time": 1595498489, "category": 10, "volume": 0, "amount": 0}, "author": {"author_id": "888012991639744", "nickname": "乡村优品", "follower_count": 341913}}]}