{"data": [{"aweme": {"aweme_id": "6852497219631762695", "aweme_title": "全包围包门槛汽车脚垫", "aweme_url": "https://www.iesdouyin.com/share/video/6852497219631762695/?region=CN&mid=6754931385037179659&u_code=3g7mc2761c4f&titleType=title", "download_url": "https://www.chanmama.com/awemeDetail/6852497219631762695", "digg_count": 573648, "digg_incr": 266825, "aweme_create_time": 1595471343, "category": 11, "volume": 45, "amount": 17910}, "author": {"author_id": "104938539110", "nickname": "晋州市小拇指汽车用品贸易有限公司", "follower_count": 470598}}, {"aweme": {"aweme_id": "6852522824465124611", "aweme_title": "没有他们的辛苦付出，怎么有我们的万家灯火", "aweme_url": "https://www.iesdouyin.com/share/video/6852522824465124611/?region=CN&mid=6852522860876581640&u_code=3g7mc2761c4f&titleType=title", "download_url": "https://www.chanmama.com/awemeDetail/6852522824465124611", "digg_count": 19260, "digg_incr": 15180, "aweme_create_time": 1595477311, "category": 11, "volume": 0, "amount": 0}, "author": {"author_id": "63116567925", "nickname": "电工", "follower_count": 475945}}, {"aweme": {"aweme_id": "6852624476841069827", "aweme_title": "山中骑行还是要慢一些 不管你们爱不爱听..我还是要说..#cbf190tr #跑山 #安全驾驶", "aweme_url": "https://www.iesdouyin.com/share/video/6852624476841069827/?region=CN&mid=6852624523599039239&u_code=ki8abl773d4&titleType=title", "download_url": "https://www.chanmama.com/awemeDetail/6852624476841069827", "digg_count": 9408, "digg_incr": 4915, "aweme_create_time": 1595500975, "category": 11, "volume": 0, "amount": 0}, "author": {"author_id": "57421220731", "nickname": "柳某人", "follower_count": 163880}}, {"aweme": {"aweme_id": "6852572763929054471", "aweme_title": "开车发生意外情况时，它能够轻松帮助你逃生 #逃生  #破窗器  #临时停车牌", "aweme_url": "https://www.iesdouyin.com/share/video/6852572763929054471/?region=CN&mid=6852572889502272263&u_code=3g7mc2761c4f&titleType=title", "download_url": "https://www.chanmama.com/awemeDetail/6852572763929054471", "digg_count": 3594, "digg_incr": 3547, "aweme_create_time": 1595488958, "category": 11, "volume": 1, "amount": 29.8}, "author": {"author_id": "3109029435938573", "nickname": "科技创想", "follower_count": 386644}}, {"aweme": {"aweme_id": "6852526948606872840", "aweme_title": "这也太厉害了吧、小伙一脚活生生把整个汽车踹两半了、感觉汽车在小伙手里跟玩具似的#修车哥的日常", "aweme_url": "https://www.iesdouyin.com/share/video/6852526948606872840/?region=CN&mid=6852526943359847182&u_code=1b8l28ia916g&titleType=title", "download_url": "https://www.chanmama.com/awemeDetail/6852526948606872840", "digg_count": 4363, "digg_incr": 2534, "aweme_create_time": 1595478264, "category": 11, "volume": 0, "amount": 0}, "author": {"author_id": "95569732041", "nickname": "zs1764377034", "follower_count": 649583}}, {"aweme": {"aweme_id": "6852604542064839949", "aweme_title": "从此不再做怂人 #户外  #你好火星@DOU+小助手", "aweme_url": "https://www.iesdouyin.com/share/video/6852604542064839949/?region=CN&mid=6852604677146544910&u_code=bk5kkf3l2d0&titleType=title", "download_url": "https://www.chanmama.com/awemeDetail/6852604542064839949", "digg_count": 2787, "digg_incr": 2156, "aweme_create_time": 1595496350, "category": 11, "volume": 7, "amount": 693}, "author": {"author_id": "1481774472378279", "nickname": "红汐商贸", "follower_count": 461814}}, {"aweme": {"aweme_id": "6852503951212940559", "aweme_title": "生活不易，愿有人陪你一起负重前行 @跑腿小哥 #情绪大师 #百万赞演技大赏", "aweme_url": "https://www.iesdouyin.com/share/video/6852503951212940559/?region=CN&mid=6852503989465189134&u_code=31b2lfcf6hhb&titleType=title", "download_url": "https://www.chanmama.com/awemeDetail/6852503951212940559", "digg_count": 4188, "digg_incr": 1549, "aweme_create_time": 1595472908, "category": 11, "volume": 0, "amount": 0}, "author": {"author_id": "3759921145845533", "nickname": "热血潮人", "follower_count": 672507}}, {"aweme": {"aweme_id": "6852626860753341709", "aweme_title": "只要你懂得这两个技巧，开车遇多窄的路也能安全通过适合各种道路", "aweme_url": "https://www.iesdouyin.com/share/video/6852626860753341709/?region=CN&mid=6852626922829253389&u_code=0&titleType=title", "download_url": "https://www.chanmama.com/awemeDetail/6852626860753341709", "digg_count": 1633, "digg_incr": 1429, "aweme_create_time": 1595501526, "category": 11, "volume": 0, "amount": 0}, "author": {"author_id": "852843913026712", "nickname": "开车教程", "follower_count": 289454}}, {"aweme": {"aweme_id": "6852613477379427588", "aweme_title": "雨季到了，车辆落水逃生技巧要记牢，每车必备逃生神器。#车辆落水自救 #逃生技能 #破窗锤 #落水自救 #汽车", "aweme_url": "https://www.iesdouyin.com/share/video/6852613477379427588/?region=CN&mid=6852613529501977357&u_code=1h7f2gb7hhf3&titleType=title", "download_url": "https://www.chanmama.com/awemeDetail/6852613477379427588", "digg_count": 1305, "digg_incr": 1305, "aweme_create_time": 1595498414, "category": 11, "volume": 72, "amount": 1792.8}, "author": {"author_id": "108661541497", "nickname": "贴地飞行", "follower_count": 907079}}, {"aweme": {"aweme_id": "6852647995062734083", "aweme_title": "你们要的红色上身效果来啦🥱👏#717奇妙好物在这里 #热门 #乘风破浪的好物", "aweme_url": "https://www.iesdouyin.com/share/video/6852647995062734083/?region=CN&mid=6852648018886593287&u_code=0&titleType=title", "download_url": "https://www.chanmama.com/awemeDetail/6852647995062734083", "digg_count": 1123, "digg_incr": 966, "aweme_create_time": 1595506450, "category": 11, "volume": 16, "amount": 1104}, "author": {"author_id": "4322907254953262", "nickname": "悠悠服饰", "follower_count": 89612}}, {"aweme": {"aweme_id": "6852595640858447112", "aweme_title": "@小哥维修（正在直播中）发了一个抖音短视频，你尽管点开，不好看算我输！", "aweme_url": "https://www.iesdouyin.com/share/video/6852595640858447112/?region=CN&mid=6805094549304642312&u_code=0&titleType=", "download_url": "https://www.chanmama.com/awemeDetail/6852595640858447112", "digg_count": 1846, "digg_incr": 672, "aweme_create_time": 1595494276, "category": 11, "volume": 0, "amount": 0}, "author": {"author_id": "69892469647", "nickname": "小哥维修（正在直播中）", "follower_count": 205542}}, {"aweme": {"aweme_id": "6852567109310942477", "aweme_title": "可上天可入水斯威普雨燕+开箱测评它来了 #无人机  #科技  #户外", "aweme_url": "https://www.iesdouyin.com/share/video/6852567109310942477/?region=CN&mid=6852567262001072903&u_code=0&titleType=title", "download_url": "https://www.chanmama.com/awemeDetail/6852567109310942477", "digg_count": 1085, "digg_incr": 598, "aweme_create_time": 1595487637, "category": 11, "volume": 0, "amount": 0}, "author": {"author_id": "79950322904", "nickname": "飞行梦之家无人机", "follower_count": 646000}}]}