{"data": [{"aweme": {"aweme_id": "6852520895500537101", "aweme_title": "肥肥牛油果来咯，可做抱枕，靠垫，当懒人沙发！#上热门 #感谢抖音 #毛绒玩具", "aweme_url": "https://www.iesdouyin.com/share/video/6852520895500537101/?region=CN&mid=6852520984180706056&u_code=bk5kkf3l2d0&titleType=title", "download_url": "https://www.chanmama.com/awemeDetail/6852520895500537101", "digg_count": 630803, "digg_incr": 487610, "aweme_create_time": 1595476871, "category": 12, "volume": 4203, "amount": 147105}, "author": {"author_id": "2088708925817630", "nickname": "麦兜家毛绒玩具", "follower_count": 164496}}, {"aweme": {"aweme_id": "6852531634999266567", "aweme_title": "电路火线漏电，漏电保护器跳闸，看我一步步找到原因，实例详细讲解维修过程，看完你也会用万用表检修电路。#电工", "aweme_url": "https://www.iesdouyin.com/share/video/6852531634999266567/?region=CN&mid=6852531658919676685&u_code=bk5kkf3l2d0&titleType=title", "download_url": "https://www.chanmama.com/awemeDetail/6852531634999266567", "digg_count": 52078, "digg_incr": 40975, "aweme_create_time": 1595479355, "category": 12, "volume": 8, "amount": 381.92}, "author": {"author_id": "97477581267", "nickname": "城阳专业电工服务", "follower_count": 178847}}, {"aweme": {"aweme_id": "6852497375424974095", "aweme_title": "这个老板卖的钢化膜好像有点儿便宜，来直播间跟老板娘说说话@DOU+小助手", "aweme_url": "https://www.iesdouyin.com/share/video/6852497375424974095/?region=CN&mid=6834780666089965575&u_code=3g7mc2761c4f&titleType=title", "download_url": "https://www.chanmama.com/awemeDetail/6852497375424974095", "digg_count": 21089, "digg_incr": 10369, "aweme_create_time": 1595471377, "category": 12, "volume": 294, "amount": 1705.2}, "author": {"author_id": "3205814117995979", "nickname": "静香数码", "follower_count": 26646}}, {"aweme": {"aweme_id": "6852611700873547023", "aweme_title": "越南语和中文的发音也太像了吧！#越南 #玩转数码", "aweme_url": "https://www.iesdouyin.com/share/video/6852611700873547023/?region=CN&mid=6852611711355079437&u_code=3eeklh34k567&titleType=title", "download_url": "https://www.chanmama.com/awemeDetail/6852611700873547023", "digg_count": 11172, "digg_incr": 8770, "aweme_create_time": 1595497996, "category": 12, "volume": 0, "amount": 0}, "author": {"author_id": "96840121160", "nickname": "讯飞翻译机", "follower_count": 257294}}, {"aweme": {"aweme_id": "6852531618549189896", "aweme_title": "#我的高光一刻 大家好，我这个不务正业的摄影师又回来了，#机车 #带着insta360oner去骑车", "aweme_url": "https://www.iesdouyin.com/share/video/6852531618549189896/?region=CN&mid=6840149520882337800&u_code=bk5kkf3l2d0&titleType=title", "download_url": "https://www.chanmama.com/awemeDetail/6852531618549189896", "digg_count": 20181, "digg_incr": 8210, "aweme_create_time": 1595479352, "category": 12, "volume": 0, "amount": 0}, "author": {"author_id": "62339069514", "nickname": "不会摄影的机车骑士", "follower_count": 138747}}, {"aweme": {"aweme_id": "6852517483631496461", "aweme_title": "旅行不要带灵魂伴侣 #汉服自拍", "aweme_url": "https://www.iesdouyin.com/share/video/6852517483631496461/?region=CN&mid=6848933590290877192&u_code=bk5kkf3l2d0&titleType=title", "download_url": "https://www.chanmama.com/awemeDetail/6852517483631496461", "digg_count": 10666, "digg_incr": 7509, "aweme_create_time": 1595476061, "category": 12, "volume": 25, "amount": 422.49999999999994}, "author": {"author_id": "93399707310", "nickname": "夏夏子", "follower_count": 149064}}, {"aweme": {"aweme_id": "6852542777666915599", "aweme_title": "直播将进入专业的大屏时代！连上单反你的直播间远超人一筹#摄影师 #拍片 #直播间 #Mcn #网红带货 #zb", "aweme_url": "https://www.iesdouyin.com/share/video/6852542777666915599/?region=CN&mid=6852542772533037838&u_code=9cb59blfja&titleType=title", "download_url": "https://www.chanmama.com/awemeDetail/6852542777666915599", "digg_count": 7215, "digg_incr": 6008, "aweme_create_time": 1595481948, "category": 12, "volume": 0, "amount": 0}, "author": {"author_id": "96238181463", "nickname": "威尔帝短视频直播设备大全", "follower_count": 200330}}, {"aweme": {"aweme_id": "6852432919387016460", "aweme_title": "没想到这个手机壳可以到哪个这么多东西#手机壳 #手机壳手机壳 #钱包 @抖音小助手 @DOU+小助手 #DOU", "aweme_url": "https://www.iesdouyin.com/share/video/6852432919387016460/?region=CN&mid=6852432939968482055&u_code=bk5kkf3l2d0&titleType=title", "download_url": "https://www.chanmama.com/awemeDetail/6852432919387016460", "digg_count": 7680, "digg_incr": 4893, "aweme_create_time": 1595456408, "category": 12, "volume": 0, "amount": 0}, "author": {"author_id": "111387862092", "nickname": "一点通", "follower_count": 110633}}, {"aweme": {"aweme_id": "6852523530035268878", "aweme_title": "充电、照明、音箱三合一，颜值在线床头佳伴", "aweme_url": "https://www.iesdouyin.com/share/video/6852523530035268878/?region=CN&mid=6852523588180921101&u_code=bk5kkf3l2d0&titleType=title", "download_url": "https://www.chanmama.com/awemeDetail/6852523530035268878", "digg_count": 6605, "digg_incr": 4694, "aweme_create_time": 1595494800, "category": 12, "volume": 3, "amount": 822}, "author": {"author_id": "75082632898", "nickname": "发烧门诊室", "follower_count": 858674}}, {"aweme": {"aweme_id": "6852466560414616839", "aweme_title": "不一样的拍摄方法给你不一样感觉，一部手机教你玩转短视频，你学会了吗？想学习更多知识直播间分享#短视频技巧", "aweme_url": "https://www.iesdouyin.com/share/video/6852466560414616839/?region=CN&mid=6849328531656149767&u_code=1l3clfik1d3d&titleType=title", "download_url": "https://www.chanmama.com/awemeDetail/6852466560414616839", "digg_count": 3537, "digg_incr": 3134, "aweme_create_time": 1595464207, "category": 12, "volume": 0, "amount": 0}, "author": {"author_id": "95858190544", "nickname": "雨儿", "follower_count": 262489}}, {"aweme": {"aweme_id": "6852579964731149582", "aweme_title": "暑假了，一定要给孩子买这只神笔，想要什么就画什么，太神奇了#小马良3d打印笔", "aweme_url": "https://www.iesdouyin.com/share/video/6852579964731149582/?region=CN&mid=6852580059992066829&u_code=bk5kkf3l2d0&titleType=title", "download_url": "https://www.chanmama.com/awemeDetail/6852579964731149582", "digg_count": 6612, "digg_incr": 2621, "aweme_create_time": 1595490627, "category": 12, "volume": 0, "amount": 0}, "author": {"author_id": "1261888432257848", "nickname": "神笔小马良", "follower_count": 433385}}, {"aweme": {"aweme_id": "6852532906271706382", "aweme_title": "升级了iOS 14beta3，更加完善稳定了，最主要的是修复了内存占用过大的问题…#ios14", "aweme_url": "https://www.iesdouyin.com/share/video/6852532906271706382/?region=CN&mid=6836314615732423431&u_code=1dlbm9eac7g2&titleType=title", "download_url": "https://www.chanmama.com/awemeDetail/6852532906271706382", "digg_count": 4265, "digg_incr": 2599, "aweme_create_time": 1595479651, "category": 12, "volume": 9, "amount": 252}, "author": {"author_id": "59205618343", "nickname": "搞个耳机", "follower_count": 107633}}, {"aweme": {"aweme_id": "6852601400682269966", "aweme_title": "#好物推荐 #717抖音奇妙好物市集 @抖音小助手", "aweme_url": "https://www.iesdouyin.com/share/video/6852601400682269966/?region=CN&mid=6852601442306394887&u_code=3g7mc2761c4f&titleType=title", "download_url": "https://www.chanmama.com/awemeDetail/6852601400682269966", "digg_count": 2702, "digg_incr": 2495, "aweme_create_time": 1595495599, "category": 12, "volume": 0, "amount": 0}, "author": {"author_id": "60456205122", "nickname": "第七骑士团数码", "follower_count": 144937}}, {"aweme": {"aweme_id": "6852508710619712768", "aweme_title": "是不是像极了上称前的你，爱自己，从知道自己几斤几两开始#我捡到宝了 #体脂秤 #体重管理", "aweme_url": "https://www.iesdouyin.com/share/video/6852508710619712768/?region=CN&mid=6851858900510804743&u_code=39cg4f8ee4gl&titleType=title", "download_url": "https://www.chanmama.com/awemeDetail/6852508710619712768", "digg_count": 3044, "digg_incr": 2258, "aweme_create_time": 1595500200, "category": 12, "volume": 1, "amount": 89}, "author": {"author_id": "94992667248", "nickname": "手残也要买", "follower_count": 864162}}, {"aweme": {"aweme_id": "6852627428368567560", "aweme_title": "爱上抖音，我家的电视半年没打开了，你们呢？@抖音小助手", "aweme_url": "https://www.iesdouyin.com/share/video/6852627428368567560/?region=CN&mid=6847643380735167240&u_code=39cg4f8ee4gl&titleType=title", "download_url": "https://www.chanmama.com/awemeDetail/6852627428368567560", "digg_count": 2270, "digg_incr": 1939, "aweme_create_time": 1595501658, "category": 12, "volume": 2, "amount": 88.2}, "author": {"author_id": "104489645427", "nickname": "珍惜", "follower_count": 182494}}, {"aweme": {"aweme_id": "6852574434495073547", "aweme_title": "@DOU+小助手", "aweme_url": "https://www.iesdouyin.com/share/video/6852574434495073547/?region=CN&mid=6852574489293622030&u_code=3ikd933m2mhg&titleType=title", "download_url": "https://www.chanmama.com/awemeDetail/6852574434495073547", "digg_count": 8940, "digg_incr": 1738, "aweme_create_time": 1595489327, "category": 12, "volume": 0, "amount": 0}, "author": {"author_id": "3773119203902119", "nickname": "莫轩（身法猴）", "follower_count": 221770}}, {"aweme": {"aweme_id": "6852429711402863879", "aweme_title": "休闲鞋#时尚穿搭 #鞋子 #717奇妙好物在这里 @抖音小助手 #好物推荐", "aweme_url": "https://www.iesdouyin.com/share/video/6852429711402863879/?region=CN&mid=6766098884994550536&u_code=0&titleType=title", "download_url": "https://www.chanmama.com/awemeDetail/6852429711402863879", "digg_count": 1724, "digg_incr": 1719, "aweme_create_time": 1595455638, "category": 12, "volume": 34, "amount": 2346}, "author": {"author_id": "101922526016", "nickname": "常熟市飞飞鞋业商行", "follower_count": 200070}}, {"aweme": {"aweme_id": "6852464411072793864", "aweme_title": "再凶的男孩子， 鞋带还不是要系蝴蝶结.#黎恩", "aweme_url": "https://www.iesdouyin.com/share/video/6852464411072793864/?region=CN&mid=6852464536029973256&u_code=1b8l28ia916g&titleType=title", "download_url": "https://www.chanmama.com/awemeDetail/6852464411072793864", "digg_count": 2150, "digg_incr": 1667, "aweme_create_time": 1595463728, "category": 12, "volume": 4, "amount": 63.2}, "author": {"author_id": "1613716677208939", "nickname": "黎恩", "follower_count": 686264}}, {"aweme": {"aweme_id": "6852498872774806797", "aweme_title": "假装iPhone 12🤞🏻简约的手机壳耐看#手机壳", "aweme_url": "https://www.iesdouyin.com/share/video/6852498872774806797/?region=CN&mid=6843607089181362177&u_code=1b8l28ia916g&titleType=title", "download_url": "https://www.chanmama.com/awemeDetail/6852498872774806797", "digg_count": 3329, "digg_incr": 1289, "aweme_create_time": 1595471728, "category": 12, "volume": 12, "amount": 189.60000000000002}, "author": {"author_id": "71406112897", "nickname": "saysay", "follower_count": 148723}}, {"aweme": {"aweme_id": "6852608282729647371", "aweme_title": "M档使用小技巧  一看就会@抖音小助手", "aweme_url": "https://www.iesdouyin.com/share/video/6852608282729647371/?region=CN&mid=6851076978884954893&u_code=3g7mc2761c4f&titleType=title", "download_url": "https://www.chanmama.com/awemeDetail/6852608282729647371", "digg_count": 2665, "digg_incr": 1221, "aweme_create_time": 1595497205, "category": 12, "volume": 1, "amount": 88}, "author": {"author_id": "95441392298", "nickname": "单反相机基础教程", "follower_count": 425931}}, {"aweme": {"aweme_id": "6852470436245146887", "aweme_title": "假如生活欺骗了你 不要抱怨 抱我", "aweme_url": "https://www.iesdouyin.com/share/video/6852470436245146887/?region=CN&mid=6852470507435313927&u_code=0&titleType=title", "download_url": "https://www.chanmama.com/awemeDetail/6852470436245146887", "digg_count": 1559, "digg_incr": 1192, "aweme_create_time": 1595465131, "category": 12, "volume": 2, "amount": 31.6}, "author": {"author_id": "68671601470", "nickname": "凉白开·", "follower_count": 802954}}, {"aweme": {"aweme_id": "6852630408014662912", "aweme_title": "现在的存💰罐真高级，不仅造型霸气，还是自动化的，爱了爱了❤️", "aweme_url": "https://www.iesdouyin.com/share/video/6852630408014662912/?region=CN&mid=6841805167956888328&u_code=0&titleType=title", "download_url": "https://www.chanmama.com/awemeDetail/6852630408014662912", "digg_count": 1368, "digg_incr": 1107, "aweme_create_time": 1595502351, "category": 12, "volume": 1, "amount": 79}, "author": {"author_id": "65598436495", "nickname": "家有小可爱", "follower_count": 868743}}, {"aweme": {"aweme_id": "6852608229671800077", "aweme_title": "风扇镜子灯光三合一，赶快和闺蜜都安排上吧#好物推荐 #萌萌哒", "aweme_url": "https://www.iesdouyin.com/share/video/6852608229671800077/?region=CN&mid=6852608265591851784&u_code=0&titleType=title", "download_url": "https://www.chanmama.com/awemeDetail/6852608229671800077", "digg_count": 1203, "digg_incr": 1088, "aweme_create_time": 1595497189, "category": 12, "volume": 0, "amount": 0}, "author": {"author_id": "320682526524887", "nickname": "吴笛咚的种草鸡", "follower_count": 506166}}, {"aweme": {"aweme_id": "6852540419444722947", "aweme_title": "做人要低调#国学 #国学文化 #国学智慧", "aweme_url": "https://www.iesdouyin.com/share/video/6852540419444722947/?region=CN&mid=6852540462495222536&u_code=1dlbm9eac7g2&titleType=title", "download_url": "https://www.chanmama.com/awemeDetail/6852540419444722947", "digg_count": 2221, "digg_incr": 1014, "aweme_create_time": 1595481408, "category": 12, "volume": 0, "amount": 0}, "author": {"author_id": "3214579593391212", "nickname": "精塾国学", "follower_count": 237691}}, {"aweme": {"aweme_id": "6852606347612097804", "aweme_title": "#平板吃鸡 #吃鸡 #抖音小助手 前后软胶，不伤屏幕，握着的手感非常nice，不好随便喷", "aweme_url": "https://www.iesdouyin.com/share/video/6852606347612097804/?region=CN&mid=6852606388424936205&u_code=0&titleType=title", "download_url": "https://www.chanmama.com/awemeDetail/6852606347612097804", "digg_count": 1282, "digg_incr": 979, "aweme_create_time": 1595496755, "category": 12, "volume": 0, "amount": 0}, "author": {"author_id": "76306562303", "nickname": "游戏好物分享（吃鸡+王者）", "follower_count": 245935}}, {"aweme": {"aweme_id": "6852634868518636807", "aweme_title": "向后    钻~", "aweme_url": "https://www.iesdouyin.com/share/video/6852634868518636807/?region=CN&mid=6852634982406900487&u_code=0&titleType=title", "download_url": "https://www.chanmama.com/awemeDetail/6852634868518636807", "digg_count": 1368, "digg_incr": 972, "aweme_create_time": 1595503409, "category": 12, "volume": 1, "amount": 15.8}, "author": {"author_id": "1613716677208939", "nickname": "黎恩", "follower_count": 686264}}, {"aweme": {"aweme_id": "6852605834103508237", "aweme_title": "走，带你去看今天的夕阳😬#手机摄影 #第三视角 #拍摄小技巧 ，@抖音小助手 ，@DOU+小助手", "aweme_url": "https://www.iesdouyin.com/share/video/6852605834103508237/?region=CN&mid=6852605857663126285&u_code=0&titleType=title", "download_url": "https://www.chanmama.com/awemeDetail/6852605834103508237", "digg_count": 1923, "digg_incr": 965, "aweme_create_time": 1595496631, "category": 12, "volume": 0, "amount": 0}, "author": {"author_id": "91971098700", "nickname": "婷亭手机摄影", "follower_count": 204671}}, {"aweme": {"aweme_id": "6852606201314692356", "aweme_title": "注意，投影是特效哦。换上这个壳，来电发光，一键音乐闪光，也就一杯奶茶前", "aweme_url": "https://www.iesdouyin.com/share/video/6852606201314692356/?region=CN&mid=6852606357586168584&u_code=0&titleType=title", "download_url": "https://www.chanmama.com/awemeDetail/6852606201314692356", "digg_count": 1197, "digg_incr": 900, "aweme_create_time": 1595496747, "category": 12, "volume": 0, "amount": 0}, "author": {"author_id": "417409645676840", "nickname": "海钻科技", "follower_count": 119569}}, {"aweme": {"aweme_id": "6852629632873778447", "aweme_title": "越调《四千岁你莫要羞愧难当》假唱表演！请欣赏！", "aweme_url": "https://www.iesdouyin.com/share/video/6852629632873778447/?region=CN&mid=6852629650548607751&u_code=0&titleType=title", "download_url": "https://www.chanmama.com/awemeDetail/6852629632873778447", "digg_count": 1174, "digg_incr": 864, "aweme_create_time": 1595502171, "category": 12, "volume": 0, "amount": 0}, "author": {"author_id": "64704583183", "nickname": "船长（商贸）", "follower_count": 399585}}, {"aweme": {"aweme_id": "6852444443220528391", "aweme_title": "会泡妞的男人为什么开发市场都很牛", "aweme_url": "https://www.iesdouyin.com/share/video/6852444443220528391/?region=CN&mid=6709266471953894151&u_code=0&titleType=title", "download_url": "https://www.chanmama.com/awemeDetail/6852444443220528391", "digg_count": 1014, "digg_incr": 857, "aweme_create_time": 1595459061, "category": 12, "volume": 0, "amount": 0}, "author": {"author_id": "109599622360", "nickname": "商业思维锋哥", "follower_count": 245723}}, {"aweme": {"aweme_id": "6852510838792785160", "aweme_title": "多功能无线充电钱包", "aweme_url": "https://www.iesdouyin.com/share/video/6852510838792785160/?region=CN&mid=6852511195786971918&u_code=229591ihee4f&titleType=title", "download_url": "https://www.chanmama.com/awemeDetail/6852510838792785160", "digg_count": 2047, "digg_incr": 824, "aweme_create_time": 1595474532, "category": 12, "volume": 0, "amount": 0}, "author": {"author_id": "61478934454", "nickname": "电车维修", "follower_count": 135903}}, {"aweme": {"aweme_id": "6852589031360892160", "aweme_title": "这个手机壳太霸气了，我都吃了十局鸡了，手感实属不错！#手机壳 #奇葩 #吃鸡 #这个视频有点料 #沙雕", "aweme_url": "https://www.iesdouyin.com/share/video/6852589031360892160/?region=CN&mid=6852589039510391565&u_code=0&titleType=title", "download_url": "https://www.chanmama.com/awemeDetail/6852589031360892160", "digg_count": 1121, "digg_incr": 688, "aweme_create_time": 1595492718, "category": 12, "volume": 0, "amount": 0}, "author": {"author_id": "2554894006630270", "nickname": "小梦家居好物", "follower_count": 387805}}, {"aweme": {"aweme_id": "6852615136167906573", "aweme_title": "#热门 #姐妹 #原创 #圆圆君 #苹果手机壳 最适合当姐妹款的圆圆君，快艾特你的姐妹安排起来吧～～", "aweme_url": "https://www.iesdouyin.com/share/video/6852615136167906573/?region=CN&mid=6720453282654964488&u_code=0&titleType=title", "download_url": "https://www.chanmama.com/awemeDetail/6852615136167906573", "digg_count": 1089, "digg_incr": 675, "aweme_create_time": 1595498796, "category": 12, "volume": 0, "amount": 0}, "author": {"author_id": "97328007374", "nickname": "卡绮圆圆君", "follower_count": 6193}}, {"aweme": {"aweme_id": "6852589584736390407", "aweme_title": "#网络工程师学习干货｜第23期:手把手教你如何登陆路由器调试设备 #思科", "aweme_url": "https://www.iesdouyin.com/share/video/6852589584736390407/?region=CN&mid=6852589700289874701&u_code=0&titleType=title", "download_url": "https://www.chanmama.com/awemeDetail/6852589584736390407", "digg_count": 1075, "digg_incr": 616, "aweme_create_time": 1595492867, "category": 12, "volume": 0, "amount": 0}, "author": {"author_id": "53461442826", "nickname": "IE-LAB网络实验室", "follower_count": 12987}}, {"aweme": {"aweme_id": "6852494682065259783", "aweme_title": "新版的蜜蜂你体验过了么？我已经造出来了#小马良3d打印笔 #我的世界 #mc", "aweme_url": "https://www.iesdouyin.com/share/video/6852494682065259783/?region=CN&mid=6852494763615095566&u_code=0&titleType=title", "download_url": "https://www.chanmama.com/awemeDetail/6852494682065259783", "digg_count": 1363, "digg_incr": 605, "aweme_create_time": 1595470771, "category": 12, "volume": 0, "amount": 0}, "author": {"author_id": "2985922988345064", "nickname": "小马良手工教程", "follower_count": 134168}}, {"aweme": {"aweme_id": "6852551969702317319", "aweme_title": "不是吧阿sir 用假的也犯法啊？#手机壳", "aweme_url": "https://www.iesdouyin.com/share/video/6852551969702317319/?region=CN&mid=6832546774503230221&u_code=4dgib9033i0d&titleType=title", "download_url": "https://www.chanmama.com/awemeDetail/6852551969702317319", "digg_count": 3802, "digg_incr": 591, "aweme_create_time": 1595484090, "category": 12, "volume": 0, "amount": 0}, "author": {"author_id": "2084269757833437", "nickname": "准备失恋", "follower_count": 6808}}, {"aweme": {"aweme_id": "6852612154592382219", "aweme_title": "超级好玩的颠倒世界赶紧拍起来吧#手机摄影 #颠倒世界", "aweme_url": "https://www.iesdouyin.com/share/video/6852612154592382219/?region=CN&mid=6852612196082420494&u_code=0&titleType=title", "download_url": "https://www.chanmama.com/awemeDetail/6852612154592382219", "digg_count": 1184, "digg_incr": 360, "aweme_create_time": 1595498107, "category": 12, "volume": 0, "amount": 0}, "author": {"author_id": "2788016086857107", "nickname": "芯泽（手机摄影）", "follower_count": 121119}}, {"aweme": {"aweme_id": "6852481666653359375", "aweme_title": "@六道发了一个抖音短视频，你尽管点开，不好看算我输！", "aweme_url": "https://www.iesdouyin.com/share/video/6852481666653359375/?region=CN&mid=6852481697968179981&u_code=1h7f33149f7k&titleType=", "download_url": "https://www.chanmama.com/awemeDetail/6852481666653359375", "digg_count": 4948, "digg_incr": 352, "aweme_create_time": 1595467727, "category": 12, "volume": 0, "amount": 0}, "author": {"author_id": "2493296952481468", "nickname": "六道", "follower_count": 243873}}, {"aweme": {"aweme_id": "6852590005576060173", "aweme_title": "要壁纸私信我#超清壁纸 #动漫图片 #火影忍者 @抖音小助手", "aweme_url": "https://www.iesdouyin.com/share/video/6852590005576060173/?region=CN&mid=6851775658515909383&u_code=39cg4f8ee4gl&titleType=title", "download_url": "https://www.chanmama.com/awemeDetail/6852590005576060173", "digg_count": 3530, "digg_incr": 307, "aweme_create_time": 1595492946, "category": 12, "volume": 0, "amount": 0}, "author": {"author_id": "2594464005358238", "nickname": "火影杂货铺", "follower_count": 157272}}, {"aweme": {"aweme_id": "6852665698691337480", "aweme_title": "开会时不让玩手机，这种领导应该怎么解决？！ #办公室日常  #沙雕日常", "aweme_url": "https://www.iesdouyin.com/share/video/6852665698691337480/?region=CN&mid=6852665807496104712&u_code=0&titleType=title", "download_url": "https://www.chanmama.com/awemeDetail/6852665698691337480", "digg_count": 1527, "digg_incr": 304, "aweme_create_time": 1595510589, "category": 12, "volume": 0, "amount": 0}, "author": {"author_id": "95443184627", "nickname": "丽丽羊玩手机", "follower_count": 38544}}, {"aweme": {"aweme_id": "6852577490624417028", "aweme_title": "#情侣#细节#手机壳 难怪问我发一张我最好看的照片，原来是这样…好幸运一直被他宠着#偏爱", "aweme_url": "https://www.iesdouyin.com/share/video/6852577490624417028/?region=CN&mid=6841492789587364616&u_code=39cg4f8ee4gl&titleType=title", "download_url": "https://www.chanmama.com/awemeDetail/6852577490624417028", "digg_count": 2612, "digg_incr": 254, "aweme_create_time": 1595490039, "category": 12, "volume": 6, "amount": 60}, "author": {"author_id": "2330589905560007", "nickname": "七月奈橘", "follower_count": 1823}}, {"aweme": {"aweme_id": "6852525190786600196", "aweme_title": "饭圈女孩的毕业礼物，看看追星的你是不是也是这样？", "aweme_url": "https://www.iesdouyin.com/share/video/6852525190786600196/?region=CN&mid=6852525254678498056&u_code=3g7mc2761c4f&titleType=title", "download_url": "https://www.chanmama.com/awemeDetail/6852525190786600196", "digg_count": 5217, "digg_incr": 146, "aweme_create_time": 1595477862, "category": 12, "volume": 0, "amount": 0}, "author": {"author_id": "62247051257", "nickname": "星选玩家", "follower_count": 101952}}]}