{"data": [{"aweme": {"aweme_id": "6852505319319342349", "aweme_title": "#榨汁杯  #百万赞演技大赏 老板怎么不按剧本来。。都不给我发挥的机会。。", "aweme_url": "https://www.iesdouyin.com/share/video/6852505319319342349/?region=CN&mid=6852505414819465997&u_code=3ikd933m2mhg&titleType=title", "download_url": "https://www.chanmama.com/awemeDetail/6852505319319342349", "digg_count": 87516, "digg_incr": 59570, "aweme_create_time": 1595473248, "category": 13, "volume": 6028, "amount": 119957.2}, "author": {"author_id": "68629540339", "nickname": "爱逛电子商务", "follower_count": 213279}}, {"aweme": {"aweme_id": "6852498388617923848", "aweme_title": "这个支架让我家多年没用的吊扇“复工”了，太好了😄#吊扇支架 #热门 #好物推荐 @抖音小助手", "aweme_url": "https://www.iesdouyin.com/share/video/6852498388617923848/?region=CN&mid=6841483098644056845&u_code=1b8l28ia916g&titleType=title", "download_url": "https://www.chanmama.com/awemeDetail/6852498388617923848", "digg_count": 24588, "digg_incr": 17877, "aweme_create_time": 1595471615, "category": 13, "volume": 21, "amount": 396.69}, "author": {"author_id": "105827157972", "nickname": "发现好物", "follower_count": 19745}}, {"aweme": {"aweme_id": "6852519481491737870", "aweme_title": "自从闺女开始嚯嚯面粉，那是做啥像啥，还问我好看不好看，她爸说恭喜你可以下岗了😂", "aweme_url": "https://www.iesdouyin.com/share/video/6852519481491737870/?region=CN&mid=6783071299800501005&u_code=0&titleType=title", "download_url": "https://www.chanmama.com/awemeDetail/6852519481491737870", "digg_count": 10113, "digg_incr": 9141, "aweme_create_time": 1595476526, "category": 13, "volume": 0, "amount": 0}, "author": {"author_id": "92721396777", "nickname": "丽姐", "follower_count": 69203}}, {"aweme": {"aweme_id": "6852513472635243776", "aweme_title": "这或许就是大部分男人撒手不干活的借口吧！！！！#搞笑", "aweme_url": "https://www.iesdouyin.com/share/video/6852513472635243776/?region=CN&mid=6852513500493875975&u_code=0&titleType=title", "download_url": "https://www.chanmama.com/awemeDetail/6852513472635243776", "digg_count": 11818, "digg_incr": 9063, "aweme_create_time": 1595475125, "category": 13, "volume": 5, "amount": 1495}, "author": {"author_id": "92448586618", "nickname": "西贡A猫", "follower_count": 687165}}, {"aweme": {"aweme_id": "6852405999899315464", "aweme_title": "别纠结一个人在不在乎你，他能忍住不联系你，那就说明你可有可无，都是手机不离手的人，你还有什么不明白的啊！#", "aweme_url": "https://www.iesdouyin.com/share/video/6852405999899315464/?region=CN&mid=6850056311200041736&u_code=0&titleType=title", "download_url": "https://www.chanmama.com/awemeDetail/6852405999899315464", "digg_count": 6903, "digg_incr": 6883, "aweme_create_time": 1595450167, "category": 13, "volume": 196, "amount": 3900.3999999999996}, "author": {"author_id": "4195334750744231", "nickname": "潮琳饰品", "follower_count": 47185}}, {"aweme": {"aweme_id": "6852487374207765767", "aweme_title": "有老铁说，二小姐这歌比丁丁还好听，你怎么看呢？@抖音小助手", "aweme_url": "https://www.iesdouyin.com/share/video/6852487374207765767/?region=CN&mid=6852487362753153806&u_code=3ikd933m2mhg&titleType=title", "download_url": "https://www.chanmama.com/awemeDetail/6852487374207765767", "digg_count": 17639, "digg_incr": 6871, "aweme_create_time": 1595469051, "category": 13, "volume": 0, "amount": 0}, "author": {"author_id": "106034767545", "nickname": "清风（二小姐）", "follower_count": 342548}}, {"aweme": {"aweme_id": "6852589488254749967", "aweme_title": "吃饺子做馅用它真方便！#绞肉机 #家庭必备 @DOU+小助手", "aweme_url": "https://www.iesdouyin.com/share/video/6852589488254749967/?region=CN&mid=6852589510669781773&u_code=0&titleType=title", "download_url": "https://www.chanmama.com/awemeDetail/6852589488254749967", "digg_count": 12754, "digg_incr": 6229, "aweme_create_time": 1595492824, "category": 13, "volume": 2, "amount": 158}, "author": {"author_id": "1015546860550747", "nickname": "庆九家居好物", "follower_count": 319580}}, {"aweme": {"aweme_id": "6852575634686856455", "aweme_title": "@阔喵🐱狂躁开箱发了一个抖音短视频，你尽管点开，不好看算我输！", "aweme_url": "https://www.iesdouyin.com/share/video/6852575634686856455/?region=CN&mid=6852575650067385095&u_code=bk5kkf3l2d0&titleType=", "download_url": "https://www.chanmama.com/awemeDetail/6852575634686856455", "digg_count": 6853, "digg_incr": 5832, "aweme_create_time": 1595489600, "category": 13, "volume": 27, "amount": 537.3}, "author": {"author_id": "103378630943", "nickname": "阔喵🐱狂躁开箱", "follower_count": 690378}}, {"aweme": {"aweme_id": "6852550756772367623", "aweme_title": "#破壁新饮力 #趣胃大比拼 买不到网红葡萄冰，只能自己做啦! @抖音小助手", "aweme_url": "https://www.iesdouyin.com/share/video/6852550756772367623/?region=CN&mid=6837808766935993096&u_code=3g7mc2761c4f&titleType=title", "download_url": "https://www.chanmama.com/awemeDetail/6852550756772367623", "digg_count": 6858, "digg_incr": 5364, "aweme_create_time": 1595483807, "category": 13, "volume": 8, "amount": 2312}, "author": {"author_id": "59868086877", "nickname": "爱偷吃的肥喵", "follower_count": 453938}}, {"aweme": {"aweme_id": "6852571647233363215", "aweme_title": "宿舍神器来了，一个人也不用点外卖了，19.9真的，不会买直播间教你#正在直播中请点头像进入 #小电锅 #电商", "aweme_url": "https://www.iesdouyin.com/share/video/6852571647233363215/?region=CN&mid=6852571645790522125&u_code=bk5kkf3l2d0&titleType=title", "download_url": "https://www.chanmama.com/awemeDetail/6852571647233363215", "digg_count": 4075, "digg_incr": 4084, "aweme_create_time": 1595488670, "category": 13, "volume": 21, "amount": 417.9}, "author": {"author_id": "100585619638", "nickname": "新鑫源百货", "follower_count": 57502}}, {"aweme": {"aweme_id": "6852563581779578112", "aweme_title": "你永远不知道，那些一见到你就爱笑的人有多喜欢你～#东菱轻食杯#情感美食 @DOU+小助手", "aweme_url": "https://www.iesdouyin.com/share/video/6852563581779578112/?region=CN&mid=6852563598880164621&u_code=0&titleType=title", "download_url": "https://www.chanmama.com/awemeDetail/6852563581779578112", "digg_count": 4123, "digg_incr": 3865, "aweme_create_time": 1595498400, "category": 13, "volume": 0, "amount": 0}, "author": {"author_id": "108311557947", "nickname": "一人厨_小斯", "follower_count": 522214}}, {"aweme": {"aweme_id": "6852604083199659277", "aweme_title": "绿豆别只会熬粥了，夏天到了做一个香醇浓稠的奶香绿豆沙吧！ #破壁新饮力", "aweme_url": "https://www.iesdouyin.com/share/video/6852604083199659277/?region=CN&mid=6797677992547076868&u_code=3g7mc2761c4f&titleType=title", "download_url": "https://www.chanmama.com/awemeDetail/6852604083199659277", "digg_count": 5830, "digg_incr": 3803, "aweme_create_time": 1595496223, "category": 13, "volume": 1, "amount": 289}, "author": {"author_id": "80928644412", "nickname": "二文的日常", "follower_count": 830891}}, {"aweme": {"aweme_id": "6852429444259253504", "aweme_title": "天天发抖音，不是为了取悦他人，而是为了活出真正的自我…@平淡情感视频 @抖音小助手", "aweme_url": "https://www.iesdouyin.com/share/video/6852429444259253504/?region=CN&mid=6852429369005427464&u_code=ki8abl773d4&titleType=title", "download_url": "https://www.chanmama.com/awemeDetail/6852429444259253504", "digg_count": 6228, "digg_incr": 3090, "aweme_create_time": 1595455569, "category": 13, "volume": 0, "amount": 0}, "author": {"author_id": "65946214545", "nickname": "💝小晴天💝❤️分享好声音❤️", "follower_count": 226939}}, {"aweme": {"aweme_id": "6852520998273633536", "aweme_title": "太美妙、太神奇了，照片里的水能流动起来，方法很简单～～#抖音基础知识 @抖音小助手", "aweme_url": "https://www.iesdouyin.com/share/video/6852520998273633536/?region=CN&mid=6852521036651514637&u_code=0&titleType=title", "download_url": "https://www.chanmama.com/awemeDetail/6852520998273633536", "digg_count": 3683, "digg_incr": 3030, "aweme_create_time": 1595476877, "category": 13, "volume": 0, "amount": 0}, "author": {"author_id": "104477758123", "nickname": "金光闪闪（早上 6 点直播）", "follower_count": 999912}}, {"aweme": {"aweme_id": "6852634410693463303", "aweme_title": "二小姐，来了@抖音小助手", "aweme_url": "https://www.iesdouyin.com/share/video/6852634410693463303/?region=CN&mid=6852634430134045448&u_code=39cg4f8ee4gl&titleType=title", "download_url": "https://www.chanmama.com/awemeDetail/6852634410693463303", "digg_count": 3844, "digg_incr": 2657, "aweme_create_time": 1595503283, "category": 13, "volume": 0, "amount": 0}, "author": {"author_id": "106034767545", "nickname": "清风（二小姐）", "follower_count": 342548}}, {"aweme": {"aweme_id": "6852551768572759310", "aweme_title": "#跑步 18位18岁跑步美女，你最喜欢哪位？", "aweme_url": "https://www.iesdouyin.com/share/video/6852551768572759310/?region=CN&mid=6827413566342039559&u_code=4dgib9033i0d&titleType=title", "download_url": "https://www.chanmama.com/awemeDetail/6852551768572759310", "digg_count": 2451, "digg_incr": 2408, "aweme_create_time": 1595484043, "category": 13, "volume": 0, "amount": 0}, "author": {"author_id": "70886786819", "nickname": "爱运动的张波【汗水英雄联盟】", "follower_count": 107895}}, {"aweme": {"aweme_id": "6852513089720503567", "aweme_title": "坚持喝，足不出户也能让你瘦下来！", "aweme_url": "https://www.iesdouyin.com/share/video/6852513089720503567/?region=CN&mid=6852513096318208781&u_code=3ikd933m2mhg&titleType=title", "download_url": "https://www.chanmama.com/awemeDetail/6852513089720503567", "digg_count": 2256, "digg_incr": 2261, "aweme_create_time": 1595475036, "category": 13, "volume": 0, "amount": 0}, "author": {"author_id": "67203670408", "nickname": "喝出来的美", "follower_count": 117768}}, {"aweme": {"aweme_id": "6852565321325219087", "aweme_title": "进门就看见沙发？怎么办？#情侣装修日记 #loft公寓", "aweme_url": "https://www.iesdouyin.com/share/video/6852565321325219087/?region=CN&mid=6835932166497569550&u_code=0&titleType=title", "download_url": "https://www.chanmama.com/awemeDetail/6852565321325219087", "digg_count": 3654, "digg_incr": 2143, "aweme_create_time": 1595487197, "category": 13, "volume": 1, "amount": 329}, "author": {"author_id": "2950736935392908", "nickname": "奶油小沈✨", "follower_count": 38115}}, {"aweme": {"aweme_id": "6852590457684331791", "aweme_title": "为了炸炸的肤色 我以后会勤快的打扫的！#宠物日常 #英短", "aweme_url": "https://www.iesdouyin.com/share/video/6852590457684331791/?region=CN&mid=6728279489366753293&u_code=3g7mc2761c4f&titleType=title", "download_url": "https://www.chanmama.com/awemeDetail/6852590457684331791", "digg_count": 3096, "digg_incr": 2130, "aweme_create_time": 1595493050, "category": 13, "volume": 0, "amount": 0}, "author": {"author_id": "62455172399", "nickname": "随便啦～警花", "follower_count": 554896}}, {"aweme": {"aweme_id": "6852579929440161024", "aweme_title": "年纪越大越喜欢安静了、宁愿在家刷抖音看电视打扫卫生，也不愿出去面对无用的社交，感觉没了逢场做戏的兴趣#好物分享", "aweme_url": "https://www.iesdouyin.com/share/video/6852579929440161024/?region=CN&mid=6775777198239681293&u_code=bk5kkf3l2d0&titleType=title", "download_url": "https://www.chanmama.com/awemeDetail/6852579929440161024", "digg_count": 4126, "digg_incr": 1848, "aweme_create_time": 1595490598, "category": 13, "volume": 0, "amount": 0}, "author": {"author_id": "76152634595", "nickname": "莫墨", "follower_count": 816582}}, {"aweme": {"aweme_id": "6852549509260659980", "aweme_title": "别人都是晒车，晒房，晒票子，大中午的  咱就晒晒自己🌞🌞🌞", "aweme_url": "https://www.iesdouyin.com/share/video/6852549509260659980/?region=CN&mid=6821408665644436238&u_code=bk5kkf3l2d0&titleType=title", "download_url": "https://www.chanmama.com/awemeDetail/6852549509260659980", "digg_count": 3836, "digg_incr": 1765, "aweme_create_time": 1595483525, "category": 13, "volume": 0, "amount": 0}, "author": {"author_id": "103885396997", "nickname": "贵州  冯三妹", "follower_count": 118096}}, {"aweme": {"aweme_id": "6852497444672900356", "aweme_title": "#游戏最强音响师 @抖音小助手", "aweme_url": "https://www.iesdouyin.com/share/video/6852497444672900356/?region=CN&mid=6849684869103717128&u_code=0&titleType=title", "download_url": "https://www.chanmama.com/awemeDetail/6852497444672900356", "digg_count": 1780, "digg_incr": 1616, "aweme_create_time": 1595471402, "category": 13, "volume": 0, "amount": 0}, "author": {"author_id": "107995275718", "nickname": "吃鸡界的小咸鱼（冲刺100万）", "follower_count": 948870}}, {"aweme": {"aweme_id": "6852213707112451328", "aweme_title": "皮薄馅大的鲜虾馄饨🦐 鲜掉眉毛@DOU+小助手", "aweme_url": "https://www.iesdouyin.com/share/video/6852213707112451328/?region=CN&mid=6813276385865206536&u_code=0&titleType=title", "download_url": "https://www.chanmama.com/awemeDetail/6852213707112451328", "digg_count": 1898, "digg_incr": 1605, "aweme_create_time": 1595494920, "category": 13, "volume": 0, "amount": 0}, "author": {"author_id": "2748398537549180", "nickname": "贺贺", "follower_count": 303902}}, {"aweme": {"aweme_id": "6852626860753341709", "aweme_title": "只要你懂得这两个技巧，开车遇多窄的路也能安全通过适合各种道路", "aweme_url": "https://www.iesdouyin.com/share/video/6852626860753341709/?region=CN&mid=6852626922829253389&u_code=0&titleType=title", "download_url": "https://www.chanmama.com/awemeDetail/6852626860753341709", "digg_count": 1633, "digg_incr": 1429, "aweme_create_time": 1595501526, "category": 13, "volume": 0, "amount": 0}, "author": {"author_id": "852843913026712", "nickname": "开车教程", "follower_count": 289454}}, {"aweme": {"aweme_id": "6852537159916768527", "aweme_title": "@梁红唱歌🎤发了一个抖音短视频，你尽管点开，不好看算我输！", "aweme_url": "https://www.iesdouyin.com/share/video/6852537159916768527/?region=CN&mid=6852537164895472397&u_code=0&titleType=", "download_url": "https://www.chanmama.com/awemeDetail/6852537159916768527", "digg_count": 1926, "digg_incr": 1372, "aweme_create_time": 1595480640, "category": 13, "volume": 0, "amount": 0}, "author": {"author_id": "21620223914964", "nickname": "梁红唱歌🎤", "follower_count": 243127}}, {"aweme": {"aweme_id": "6852626103190703375", "aweme_title": "就差会说话了！这样的毛孩你们喜欢吗？", "aweme_url": "https://www.iesdouyin.com/share/video/6852626103190703375/?region=CN&mid=6528362905566317316&u_code=0&titleType=title", "download_url": "https://www.chanmama.com/awemeDetail/6852626103190703375", "digg_count": 1862, "digg_incr": 1363, "aweme_create_time": 1595501349, "category": 13, "volume": 0, "amount": 0}, "author": {"author_id": "85822471359", "nickname": "✨刘元宝✨", "follower_count": 601562}}, {"aweme": {"aweme_id": "6852588263425772814", "aweme_title": "绞个青菜碎，蒜末，肉碎啥的，再放便不过了#好物推荐 #乘风破浪的好物", "aweme_url": "https://www.iesdouyin.com/share/video/6852588263425772814/?region=CN&mid=6852588271961197326&u_code=0&titleType=title", "download_url": "https://www.chanmama.com/awemeDetail/6852588263425772814", "digg_count": 1684, "digg_incr": 1344, "aweme_create_time": 1595492540, "category": 13, "volume": 336, "amount": 9744}, "author": {"author_id": "75712387688", "nickname": "刘小凡（高兴妈）", "follower_count": 195097}}, {"aweme": {"aweme_id": "6852512719984266504", "aweme_title": "太好了！一直都在找的无线电动#蒜蓉器，还真让我找到了#实用", "aweme_url": "https://www.iesdouyin.com/share/video/6852512719984266504/?region=CN&mid=6852512731384318733&u_code=1b8l23b719hc&titleType=title", "download_url": "https://www.chanmama.com/awemeDetail/6852512719984266504", "digg_count": 1343, "digg_incr": 1341, "aweme_create_time": 1595474951, "category": 13, "volume": 201, "amount": 10029.9}, "author": {"author_id": "67892428406", "nickname": "妙招小姐姐【直播中】", "follower_count": 694793}}, {"aweme": {"aweme_id": "6852628145162472711", "aweme_title": "带上耳机杜绝一切烦恼#抖音直播秒杀狂欢节 #直播中 @抖音小助手", "aweme_url": "https://www.iesdouyin.com/share/video/6852628145162472711/?region=CN&mid=6852628437165738766&u_code=0&titleType=title", "download_url": "https://www.chanmama.com/awemeDetail/6852628145162472711", "digg_count": 1315, "digg_incr": 1294, "aweme_create_time": 1595501887, "category": 13, "volume": 0, "amount": 0}, "author": {"author_id": "62180535851", "nickname": "膜记匠品", "follower_count": 116611}}, {"aweme": {"aweme_id": "6852515534236323087", "aweme_title": "坚持喝，一个月后你会来感谢我！", "aweme_url": "https://www.iesdouyin.com/share/video/6852515534236323087/?region=CN&mid=6852515531210099463&u_code=0&titleType=title", "download_url": "https://www.chanmama.com/awemeDetail/6852515534236323087", "digg_count": 1236, "digg_incr": 1160, "aweme_create_time": 1595475605, "category": 13, "volume": 13, "amount": 767}, "author": {"author_id": "3988628390289419", "nickname": "瘦食谱", "follower_count": 224422}}, {"aweme": {"aweme_id": "6852631881515552011", "aweme_title": "果汁这样喝，让你又白又瘦又迷人！", "aweme_url": "https://www.iesdouyin.com/share/video/6852631881515552011/?region=CN&mid=6852631915275619086&u_code=0&titleType=title", "download_url": "https://www.chanmama.com/awemeDetail/6852631881515552011", "digg_count": 1201, "digg_incr": 1120, "aweme_create_time": 1595502698, "category": 13, "volume": 0, "amount": 0}, "author": {"author_id": "3988628390289419", "nickname": "瘦食谱", "follower_count": 224422}}, {"aweme": {"aweme_id": "6852504072763804943", "aweme_title": "二小姐，来了@抖音小助手", "aweme_url": "https://www.iesdouyin.com/share/video/6852504072763804943/?region=CN&mid=6852504079252343565&u_code=0&titleType=title", "download_url": "https://www.chanmama.com/awemeDetail/6852504072763804943", "digg_count": 1568, "digg_incr": 1115, "aweme_create_time": 1595472937, "category": 13, "volume": 0, "amount": 0}, "author": {"author_id": "1297064683376120", "nickname": "贵阳二小姐", "follower_count": 327924}}, {"aweme": {"aweme_id": "6852603064482925837", "aweme_title": "十分钟就搞定的懒人菜谱！#美食趣胃计划 @抖音小助手", "aweme_url": "https://www.iesdouyin.com/share/video/6852603064482925837/?region=CN&mid=6782078741876181771&u_code=0&titleType=title", "download_url": "https://www.chanmama.com/awemeDetail/6852603064482925837", "digg_count": 1545, "digg_incr": 1109, "aweme_create_time": 1595495986, "category": 13, "volume": 0, "amount": 0}, "author": {"author_id": "59868086877", "nickname": "爱偷吃的肥喵", "follower_count": 453938}}, {"aweme": {"aweme_id": "6852526622105505039", "aweme_title": "我猜这美妙的味道一定充斥着每个有小猫咪的家庭🤓#你能拿我怎么拌 #上头 @鼓捣哼呢啊", "aweme_url": "https://www.iesdouyin.com/share/video/6852526622105505039/?region=CN&mid=6852526639847394056&u_code=0&titleType=title", "download_url": "https://www.chanmama.com/awemeDetail/6852526622105505039", "digg_count": 1772, "digg_incr": 1086, "aweme_create_time": 1595478187, "category": 13, "volume": 3, "amount": 297}, "author": {"author_id": "63797859118", "nickname": "鼓捣哼呢", "follower_count": 247070}}, {"aweme": {"aweme_id": "6852559198174072079", "aweme_title": "浅灰色的地砖，白灰色的墙砖，大理石门套，阳台搭配亮色窗帘，真的百看不厌，还有能当摆件的加湿器，越看越喜欢。", "aweme_url": "https://www.iesdouyin.com/share/video/6852559198174072079/?region=CN&mid=6852559208945371917&u_code=0&titleType=title", "download_url": "https://www.chanmama.com/awemeDetail/6852559198174072079", "digg_count": 1365, "digg_incr": 1035, "aweme_create_time": 1595485771, "category": 13, "volume": 0, "amount": 0}, "author": {"author_id": "72868998420", "nickname": "萍儿", "follower_count": 370280}}, {"aweme": {"aweme_id": "6852603972096740623", "aweme_title": "这个果汁让我爱不释手  榨汁杯简单方便  来我家给你榨一杯好不好？#减脂餐 @抖音小助手", "aweme_url": "https://www.iesdouyin.com/share/video/6852603972096740623/?region=CN&mid=6825560069334108942&u_code=0&titleType=title", "download_url": "https://www.chanmama.com/awemeDetail/6852603972096740623", "digg_count": 1613, "digg_incr": 974, "aweme_create_time": 1595496196, "category": 13, "volume": 0, "amount": 0}, "author": {"author_id": "3562018876425423", "nickname": "琪琪减脂日记", "follower_count": 230704}}, {"aweme": {"aweme_id": "6852476958421372167", "aweme_title": "哪些女人最适合做老婆呢？#情感文字 #正能量@抖音小助手", "aweme_url": "https://www.iesdouyin.com/share/video/6852476958421372167/?region=CN&mid=6852476967166774029&u_code=0&titleType=title", "download_url": "https://www.chanmama.com/awemeDetail/6852476958421372167", "digg_count": 1188, "digg_incr": 961, "aweme_create_time": 1595466627, "category": 13, "volume": 0, "amount": 0}, "author": {"author_id": "7787300820", "nickname": "🔥仙哥🔥", "follower_count": 496588}}, {"aweme": {"aweme_id": "6852598723088813326", "aweme_title": "今天我来告诉你，光脚如何不怕穿鞋的#扫拖一体机器人", "aweme_url": "https://www.iesdouyin.com/share/video/6852598723088813326/?region=CN&mid=6852598756035087118&u_code=0&titleType=title", "download_url": "https://www.chanmama.com/awemeDetail/6852598723088813326", "digg_count": 1724, "digg_incr": 954, "aweme_create_time": 1595502090, "category": 13, "volume": 0, "amount": 0}, "author": {"author_id": "105179092017", "nickname": "阿手鉴货", "follower_count": 678693}}, {"aweme": {"aweme_id": "6852568733404187918", "aweme_title": "宝宝的第一口排骨汤，无盐无油营养有美味，一周两次宝宝不缺钙，适合八个月以上宝宝喝。", "aweme_url": "https://www.iesdouyin.com/share/video/6852568733404187918/?region=CN&mid=6852568743513377544&u_code=0&titleType=title", "download_url": "https://www.chanmama.com/awemeDetail/6852568733404187918", "digg_count": 1634, "digg_incr": 921, "aweme_create_time": 1595487993, "category": 13, "volume": 1, "amount": 169}, "author": {"author_id": "68451986195", "nickname": "心尖的两颗糖", "follower_count": 89243}}, {"aweme": {"aweme_id": "6852541339339492623", "aweme_title": "还是饺子香！", "aweme_url": "https://www.iesdouyin.com/share/video/6852541339339492623/?region=CN&mid=6852541334885026573&u_code=0&titleType=title", "download_url": "https://www.chanmama.com/awemeDetail/6852541339339492623", "digg_count": 1448, "digg_incr": 887, "aweme_create_time": 1595481613, "category": 13, "volume": 16, "amount": 1264}, "author": {"author_id": "1015546860550747", "nickname": "庆九家居好物", "follower_count": 319580}}, {"aweme": {"aweme_id": "6852571988855180558", "aweme_title": "简简单单 一顿饭 我觉得我要成为 美食博主了#vlog美食记  @DOU+小助手", "aweme_url": "https://www.iesdouyin.com/share/video/6852571988855180558/?region=CN&mid=6852572097747995406&u_code=0&titleType=title", "download_url": "https://www.chanmama.com/awemeDetail/6852571988855180558", "digg_count": 1167, "digg_incr": 874, "aweme_create_time": 1595497980, "category": 13, "volume": 0, "amount": 0}, "author": {"author_id": "2647214188402974", "nickname": "安利一波少女心", "follower_count": 193929}}, {"aweme": {"aweme_id": "6852560391906528526", "aweme_title": "结婚前我连泡面都不会做，现在我已经快可以当新东方教授了……#美食趣胃计划 #乘风破浪的好物", "aweme_url": "https://www.iesdouyin.com/share/video/6852560391906528526/?region=CN&mid=6852560411888896776&u_code=0&titleType=title", "download_url": "https://www.chanmama.com/awemeDetail/6852560391906528526", "digg_count": 1066, "digg_incr": 872, "aweme_create_time": 1595486051, "category": 13, "volume": 2, "amount": 398}, "author": {"author_id": "103034972343", "nickname": "小晴天☀️", "follower_count": 457501}}, {"aweme": {"aweme_id": "6852613733143809284", "aweme_title": "不愧是监理，一来就结束了业主和工长的争执😎#齐家装修 @抖音小助手", "aweme_url": "https://www.iesdouyin.com/share/video/6852613733143809284/?region=CN&mid=6852613789860907783&u_code=0&titleType=title", "download_url": "https://www.chanmama.com/awemeDetail/6852613733143809284", "digg_count": 1621, "digg_incr": 857, "aweme_create_time": 1595498474, "category": 13, "volume": 0, "amount": 0}, "author": {"author_id": "2598877848670711", "nickname": "齐家网装修狸叔", "follower_count": 327313}}, {"aweme": {"aweme_id": "6852569244408827151", "aweme_title": "#全自动榨油机#吃好油为生命加油 #感谢支持与关注", "aweme_url": "https://www.iesdouyin.com/share/video/6852569244408827151/?region=CN&mid=6852569252563176200&u_code=bk5kkf3l2d0&titleType=title", "download_url": "https://www.chanmama.com/awemeDetail/6852569244408827151", "digg_count": 2939, "digg_incr": 810, "aweme_create_time": 1595488111, "category": 13, "volume": 0, "amount": 0}, "author": {"author_id": "1750018030056942", "nickname": "沈阳涵哥百货", "follower_count": 130032}}, {"aweme": {"aweme_id": "6852592091470613772", "aweme_title": "番茄酸汤面😋加一勺老干妈就是灵魂～#酸汤面", "aweme_url": "https://www.iesdouyin.com/share/video/6852592091470613772/?region=CN&mid=6847047327996250887&u_code=0&titleType=title", "download_url": "https://www.chanmama.com/awemeDetail/6852592091470613772", "digg_count": 1515, "digg_incr": 781, "aweme_create_time": 1595493437, "category": 13, "volume": 1, "amount": 69}, "author": {"author_id": "100225853626", "nickname": "芋圆子", "follower_count": 281139}}, {"aweme": {"aweme_id": "6852610029200198925", "aweme_title": "经常 #贫血  #头晕 的女生，这款豆浆搭配您收好！ #破壁机食谱", "aweme_url": "https://www.iesdouyin.com/share/video/6852610029200198925/?region=CN&mid=6852610138206178055&u_code=0&titleType=title", "download_url": "https://www.chanmama.com/awemeDetail/6852610029200198925", "digg_count": 1167, "digg_incr": 777, "aweme_create_time": 1595497626, "category": 13, "volume": 0, "amount": 0}, "author": {"author_id": "3038684109355175", "nickname": "笑笑美食", "follower_count": 741784}}, {"aweme": {"aweme_id": "6852647792289058056", "aweme_title": "#清洁 再也不用左手拖把右手吸尘器了，庆幸还是懒人多，才能发明出这么多高科技的东西#家居好物", "aweme_url": "https://www.iesdouyin.com/share/video/6852647792289058056/?region=CN&mid=6852647846702418695&u_code=0&titleType=title", "download_url": "https://www.chanmama.com/awemeDetail/6852647792289058056", "digg_count": 3016, "digg_incr": 713, "aweme_create_time": 1595506406, "category": 13, "volume": 0, "amount": 0}, "author": {"author_id": "4331723562950452", "nickname": "老张姑娘。", "follower_count": 121992}}, {"aweme": {"aweme_id": "6852479732026592520", "aweme_title": "多功能便携式蓝牙低音炮", "aweme_url": "https://www.iesdouyin.com/share/video/6852479732026592520/?region=CN&mid=6852480077626149643&u_code=0&titleType=title", "download_url": "https://www.chanmama.com/awemeDetail/6852479732026592520", "digg_count": 1331, "digg_incr": 672, "aweme_create_time": 1595467294, "category": 13, "volume": 0, "amount": 0}, "author": {"author_id": "84166197876", "nickname": "小师傅维修", "follower_count": 399345}}, {"aweme": {"aweme_id": "6852622315201531143", "aweme_title": "你有多久没有洗过你的眼镜啦！#清洗#超声波", "aweme_url": "https://www.iesdouyin.com/share/video/6852622315201531143/?region=CN&mid=6852622348454087432&u_code=0&titleType=title", "download_url": "https://www.chanmama.com/awemeDetail/6852622315201531143", "digg_count": 1229, "digg_incr": 643, "aweme_create_time": 1595500468, "category": 13, "volume": 0, "amount": 0}, "author": {"author_id": "3997471019116059", "nickname": "学生党好物优选", "follower_count": 170851}}, {"aweme": {"aweme_id": "6852607704695966990", "aweme_title": "这款音箱 物美价廉#物美价廉 #蓝牙音箱 @抖音小助手", "aweme_url": "https://www.iesdouyin.com/share/video/6852607704695966990/?region=CN&mid=6852607743564827406&u_code=4035jc5jdk24&titleType=title", "download_url": "https://www.chanmama.com/awemeDetail/6852607704695966990", "digg_count": 7956, "digg_incr": 643, "aweme_create_time": 1595497066, "category": 13, "volume": 0, "amount": 0}, "author": {"author_id": "4353697969342416", "nickname": "一点妙处精选", "follower_count": 81939}}, {"aweme": {"aweme_id": "6852615878769429774", "aweme_title": "连豆浆你都不喝，喝什么？呵呵大笑么……#滋润肌肤#保护眼睛", "aweme_url": "https://www.iesdouyin.com/share/video/6852615878769429774/?region=CN&mid=6852615895677078285&u_code=0&titleType=title", "download_url": "https://www.chanmama.com/awemeDetail/6852615878769429774", "digg_count": 1157, "digg_incr": 534, "aweme_create_time": 1595498969, "category": 13, "volume": 0, "amount": 0}, "author": {"author_id": "6249933", "nickname": "一叶知秋", "follower_count": 691267}}, {"aweme": {"aweme_id": "6852634325444283648", "aweme_title": "有了这个地毯清洗机，家里的地毯脏了不用发愁了。#乘风破浪的好物 @DOU+小助手", "aweme_url": "https://www.iesdouyin.com/share/video/6852634325444283648/?region=CN&mid=6852634338996046600&u_code=0&titleType=title", "download_url": "https://www.chanmama.com/awemeDetail/6852634325444283648", "digg_count": 1129, "digg_incr": 534, "aweme_create_time": 1595503263, "category": 13, "volume": 0, "amount": 0}, "author": {"author_id": "85330483337", "nickname": "莫妮儿Monill", "follower_count": 243731}}, {"aweme": {"aweme_id": "6852596681628716301", "aweme_title": "很多人想要看这个耳机，今天它来了 #好物推荐", "aweme_url": "https://www.iesdouyin.com/share/video/6852596681628716301/?region=CN&mid=6852596791326608142&u_code=0&titleType=title", "download_url": "https://www.chanmama.com/awemeDetail/6852596681628716301", "digg_count": 1401, "digg_incr": 442, "aweme_create_time": 1595494516, "category": 13, "volume": 14, "amount": 686}, "author": {"author_id": "1011141411347613", "nickname": "龙叔优选", "follower_count": 12719}}, {"aweme": {"aweme_id": "6852617461385268492", "aweme_title": "破壁机到底做什么好喝？这三款都是我的最爱！#破壁机食谱 #豆浆", "aweme_url": "https://www.iesdouyin.com/share/video/6852617461385268492/?region=CN&mid=6677821758940121859&u_code=0&titleType=title", "download_url": "https://www.chanmama.com/awemeDetail/6852617461385268492", "digg_count": 1080, "digg_incr": 422, "aweme_create_time": 1595499342, "category": 13, "volume": 0, "amount": 0}, "author": {"author_id": "1613731363823774", "nickname": "食全十美", "follower_count": 342699}}, {"aweme": {"aweme_id": "6852612144140127488", "aweme_title": "有了它我就完全可以不用自己动手擦玻璃和瓷砖墙面啦#科沃斯擦窗机器人", "aweme_url": "https://www.iesdouyin.com/share/video/6852612144140127488/?region=CN&mid=6844819356002880263&u_code=0&titleType=title", "download_url": "https://www.chanmama.com/awemeDetail/6852612144140127488", "digg_count": 1007, "digg_incr": 315, "aweme_create_time": 1595511040, "category": 13, "volume": 0, "amount": 0}, "author": {"author_id": "3087021157651319", "nickname": "晓琳【排雷班】", "follower_count": 191951}}, {"aweme": {"aweme_id": "6852604672994184459", "aweme_title": "这样你们还会喜欢吗💕", "aweme_url": "https://www.iesdouyin.com/share/video/6852604672994184459/?region=CN&mid=6571420644070656772&u_code=0&titleType=title", "download_url": "https://www.chanmama.com/awemeDetail/6852604672994184459", "digg_count": 1327, "digg_incr": 292, "aweme_create_time": 1595496365, "category": 13, "volume": 0, "amount": 0}, "author": {"author_id": "79179677340", "nickname": "隆帅商贸", "follower_count": 174821}}]}