{"data": [{"aweme": {"aweme_id": "6852545805224578307", "aweme_title": "小宝们都长大啦，是时候给他们安排一套书桌咯🤪#实木家具 #书桌  @好物推荐 @抖音小助手 @我要上热门", "aweme_url": "https://www.iesdouyin.com/share/video/6852545805224578307/?region=CN&mid=6850381421430082311&u_code=1dlbm9eac7g2&titleType=title", "download_url": "https://www.chanmama.com/awemeDetail/6852545805224578307", "digg_count": 11303, "digg_incr": 10151, "aweme_create_time": 1595482662, "category": 14, "volume": 0, "amount": 0}, "author": {"author_id": "2559294670645358", "nickname": "抖木家具", "follower_count": 157976}}, {"aweme": {"aweme_id": "6852603200831376648", "aweme_title": "市场上随随便便一张床就三四千块钱，这么好看的美式床只要一千多？这个老板娘是不是算错数了￼￼#家具#你好火星", "aweme_url": "https://www.iesdouyin.com/share/video/6852603200831376648/?region=CN&mid=6571281770459695874&u_code=4035jc5jdk24&titleType=title", "download_url": "https://www.chanmama.com/awemeDetail/6852603200831376648", "digg_count": 5053, "digg_incr": 4951, "aweme_create_time": 1595496018, "category": 14, "volume": 0, "amount": 0}, "author": {"author_id": "101963574102", "nickname": "天泓木语家具", "follower_count": 112610}}, {"aweme": {"aweme_id": "6852580137314127111", "aweme_title": "来劲得无气自保焊机 用药芯焊丝代替传统的电焊机 效率要高上两倍#电焊机 #无气二保焊机", "aweme_url": "https://www.iesdouyin.com/share/video/6852580137314127111/?region=CN&mid=6852580153210866440&u_code=0&titleType=title", "download_url": "https://www.chanmama.com/awemeDetail/6852580137314127111", "digg_count": 4502, "digg_incr": 3883, "aweme_create_time": 1595490648, "category": 14, "volume": 0, "amount": 0}, "author": {"author_id": "77502524722", "nickname": "瑞凌五金工具", "follower_count": 359459}}, {"aweme": {"aweme_id": "6852529282892205315", "aweme_title": "不要再问我送不送小姐姐 我真送你敢要嘛#肥宅快乐椅@Kyuu久久@DOU+小助手", "aweme_url": "https://www.iesdouyin.com/share/video/6852529282892205315/?region=CN&mid=6852529445741857550&u_code=0&titleType=title", "download_url": "https://www.chanmama.com/awemeDetail/6852529282892205315", "digg_count": 3023, "digg_incr": 2886, "aweme_create_time": 1595478846, "category": 14, "volume": 0, "amount": 0}, "author": {"author_id": "63467494388", "nickname": "英格瑞玛工业五金板凳公司", "follower_count": 334167}}, {"aweme": {"aweme_id": "6852668979765431564", "aweme_title": "镜子中的你远比相机里的真实美丽帅气#落地镜 #好物推荐 @DOU+小助手", "aweme_url": "https://www.iesdouyin.com/share/video/6852668979765431564/?region=CN&mid=6817731115806231307&u_code=39cg4f8ee4gl&titleType=title", "download_url": "https://www.chanmama.com/awemeDetail/6852668979765431564", "digg_count": 3617, "digg_incr": 2457, "aweme_create_time": 1595511336, "category": 14, "volume": 0, "amount": 0}, "author": {"author_id": "109169284691", "nickname": "BYBMH", "follower_count": 30879}}, {"aweme": {"aweme_id": "6852506498606615823", "aweme_title": "你家还在用这种古董？该扔了 火山小助手", "aweme_url": "https://www.iesdouyin.com/share/video/6852506498606615823/?region=CN&mid=6852506657763625736&u_code=0&titleType=title", "download_url": "https://www.chanmama.com/awemeDetail/6852506498606615823", "digg_count": 4052, "digg_incr": 2314, "aweme_create_time": 1595473521, "category": 14, "volume": 0, "amount": 0}, "author": {"author_id": "21610369398104", "nickname": "安尊电器（每晚8点半直播）", "follower_count": 377797}}, {"aweme": {"aweme_id": "6852627632589114631", "aweme_title": "哈哈哈 直男的礼物还真是实用！ #礼物  #女友礼物  #无线充电", "aweme_url": "https://www.iesdouyin.com/share/video/6852627632589114631/?region=CN&mid=6852627705641716493&u_code=0&titleType=title", "download_url": "https://www.chanmama.com/awemeDetail/6852627632589114631", "digg_count": 1919, "digg_incr": 1666, "aweme_create_time": 1595501721, "category": 14, "volume": 0, "amount": 0}, "author": {"author_id": "106631847954", "nickname": "是喵小酱呀", "follower_count": 104569}}, {"aweme": {"aweme_id": "6852538174590225668", "aweme_title": "滤杯好扳手#汽车电器 @胖妞电器售后", "aweme_url": "https://www.iesdouyin.com/share/video/6852538174590225668/?region=CN&mid=6852538275790375687&u_code=4dgib9033i0d&titleType=title", "download_url": "https://www.chanmama.com/awemeDetail/6852538174590225668", "digg_count": 2262, "digg_incr": 1663, "aweme_create_time": 1595480884, "category": 14, "volume": 0, "amount": 0}, "author": {"author_id": "108150011216", "nickname": "胖妞汽车电器", "follower_count": 218619}}, {"aweme": {"aweme_id": "6852405702284152067", "aweme_title": "西安人，服装行业干了10余年，从摆摊，到0售到pi发，如今2个市场都有档口，背后的不容易只有自己懂#女装拿货", "aweme_url": "https://www.iesdouyin.com/share/video/6852405702284152067/?region=CN&mid=6852406133349452551&u_code=0&titleType=title", "download_url": "https://www.chanmama.com/awemeDetail/6852405702284152067", "digg_count": 1617, "digg_incr": 1483, "aweme_create_time": 1595450204, "category": 14, "volume": 2, "amount": 380}, "author": {"author_id": "109012795276", "nickname": "冯玲女装", "follower_count": 202330}}, {"aweme": {"aweme_id": "6852510328408837391", "aweme_title": "都说我家装修其实很普通 全靠一屋子灯撑着 所以你知道软装有多重要了吧！#@抖音小助手 #灯饰", "aweme_url": "https://www.iesdouyin.com/share/video/6852510328408837391/?region=CN&mid=6760547114515811083&u_code=0&titleType=title", "download_url": "https://www.chanmama.com/awemeDetail/6852510328408837391", "digg_count": 1513, "digg_incr": 1385, "aweme_create_time": 1595474393, "category": 14, "volume": 0, "amount": 0}, "author": {"author_id": "60303786897", "nickname": "赵丽丽", "follower_count": 407767}}, {"aweme": {"aweme_id": "6852571495131090189", "aweme_title": "快来 ，@出你的姐妹吧，大白鞋❤️，你穿彩色，我穿蓝色，一起来做靓女❤️", "aweme_url": "https://www.iesdouyin.com/share/video/6852571495131090189/?region=CN&mid=6459165601817430797&u_code=0&titleType=title", "download_url": "https://www.chanmama.com/awemeDetail/6852571495131090189", "digg_count": 3057, "digg_incr": 1221, "aweme_create_time": 1595488636, "category": 14, "volume": 10, "amount": 499}, "author": {"author_id": "73748234418", "nickname": "武进区步一样鞋店", "follower_count": 578523}}, {"aweme": {"aweme_id": "6852514473400438020", "aweme_title": "你们还想看什么#创意 #数学 #星星 #抖音小助手", "aweme_url": "https://www.iesdouyin.com/share/video/6852514473400438020/?region=CN&mid=6644458162399218439&u_code=0&titleType=title", "download_url": "https://www.chanmama.com/awemeDetail/6852514473400438020", "digg_count": 1822, "digg_incr": 1213, "aweme_create_time": 1595475367, "category": 14, "volume": 0, "amount": 0}, "author": {"author_id": "53447849013", "nickname": "努力的白先生", "follower_count": 283848}}, {"aweme": {"aweme_id": "6852440136551091463", "aweme_title": "有了这个晾衣绳出去晒衣服方便多了，不用担心衣服老被吹下来。", "aweme_url": "https://www.iesdouyin.com/share/video/6852440136551091463/?region=CN&mid=6684275631007468301&u_code=0&titleType=title", "download_url": "https://www.chanmama.com/awemeDetail/6852440136551091463", "digg_count": 1416, "digg_incr": 1174, "aweme_create_time": 1595458061, "category": 14, "volume": 1, "amount": 9.9}, "author": {"author_id": "53087627791", "nickname": "小妹优品", "follower_count": 553157}}, {"aweme": {"aweme_id": "6852543070832037135", "aweme_title": "一贴止漏哪漏贴哪，", "aweme_url": "https://www.iesdouyin.com/share/video/6852543070832037135/?region=CN&mid=6852543087819590408&u_code=0&titleType=title", "download_url": "https://www.chanmama.com/awemeDetail/6852543070832037135", "digg_count": 1139, "digg_incr": 1129, "aweme_create_time": 1595482017, "category": 14, "volume": 0, "amount": 0}, "author": {"author_id": "1772002104839949", "nickname": "家居好物推荐", "follower_count": 23516}}, {"aweme": {"aweme_id": "6852622489999248655", "aweme_title": "学电工，来一套视频讲解教程#电工 #抖音小助手 #你好火星 #抖加小助手", "aweme_url": "https://www.iesdouyin.com/share/video/6852622489999248655/?region=CN&mid=6852622520047225613&u_code=0&titleType=title", "download_url": "https://www.chanmama.com/awemeDetail/6852622489999248655", "digg_count": 1130, "digg_incr": 1114, "aweme_create_time": 1595500507, "category": 14, "volume": 18, "amount": 1782}, "author": {"author_id": "110530353176", "nickname": "武冈市佳诚五金商行", "follower_count": 280957}}, {"aweme": {"aweme_id": "6852620559419755787", "aweme_title": "快来告诉我这是什么原理#开箱 #是时候表演真正的技术了", "aweme_url": "https://www.iesdouyin.com/share/video/6852620559419755787/?region=CN&mid=6852620606845143821&u_code=0&titleType=title", "download_url": "https://www.chanmama.com/awemeDetail/6852620559419755787", "digg_count": 1223, "digg_incr": 1088, "aweme_create_time": 1595500063, "category": 14, "volume": 0, "amount": 0}, "author": {"author_id": "707706395039428", "nickname": "猛男大测评", "follower_count": 517988}}, {"aweme": {"aweme_id": "6852342046431251726", "aweme_title": "#感应灯", "aweme_url": "https://www.iesdouyin.com/share/video/6852342046431251726/?region=CN&mid=6844718465107282695&u_code=235hf9i0jb5m&titleType=title", "download_url": "https://www.chanmama.com/awemeDetail/6852342046431251726", "digg_count": 1085, "digg_incr": 1085, "aweme_create_time": 1595435221, "category": 14, "volume": 0, "amount": 0}, "author": {"author_id": "3469695932442948", "nickname": "齐天大圣🐒", "follower_count": 748501}}, {"aweme": {"aweme_id": "6852521948686060804", "aweme_title": "屈臣氏的闺蜜真的没有骗我、黄皮的我每晚涂这个#水蜜桃免洗面膜 皮肤就像剥了壳的鸡蛋白白嫩嫩哒！", "aweme_url": "https://www.iesdouyin.com/share/video/6852521948686060804/?region=CN&mid=6852521167812168456&u_code=2djli6lfmem1&titleType=title", "download_url": "https://www.chanmama.com/awemeDetail/6852521948686060804", "digg_count": 1003, "digg_incr": 1003, "aweme_create_time": 1595477107, "category": 14, "volume": 1, "amount": 39.9}, "author": {"author_id": "4054627699665183", "nickname": "车载香薰(39两瓶)", "follower_count": 0}}, {"aweme": {"aweme_id": "6852646820443671823", "aweme_title": "@铺砖人生发了一个抖音短视频，你尽管点开，不好看算我输！", "aweme_url": "https://www.iesdouyin.com/share/video/6852646820443671823/?region=CN&mid=6852646845568469773&u_code=0&titleType=", "download_url": "https://www.chanmama.com/awemeDetail/6852646820443671823", "digg_count": 1346, "digg_incr": 951, "aweme_create_time": 1595506172, "category": 14, "volume": 0, "amount": 0}, "author": {"author_id": "72559200291", "nickname": "铺砖人生", "follower_count": 452342}}, {"aweme": {"aweme_id": "6852496819310595343", "aweme_title": "这个小钢琴梳妆台我纠结了三个月，终于入手了，真的可以用到80岁😊我宣布此次网gou成功#卧室#梳妆台", "aweme_url": "https://www.iesdouyin.com/share/video/6852496819310595343/?region=CN&mid=6852496845621562126&u_code=0&titleType=title", "download_url": "https://www.chanmama.com/awemeDetail/6852496819310595343", "digg_count": 1298, "digg_incr": 928, "aweme_create_time": 1595471254, "category": 14, "volume": 0, "amount": 0}, "author": {"author_id": "72522156627", "nickname": "❤Mia", "follower_count": 180798}}, {"aweme": {"aweme_id": "6852622573335743751", "aweme_title": "你也想拥有一款这样的钥匙扣吗？#厉害了中国制造", "aweme_url": "https://www.iesdouyin.com/share/video/6852622573335743751/?region=CN&mid=6852622584278829838&u_code=0&titleType=title", "download_url": "https://www.chanmama.com/awemeDetail/6852622573335743751", "digg_count": 1054, "digg_incr": 875, "aweme_create_time": 1595500528, "category": 14, "volume": 1, "amount": 29.5}, "author": {"author_id": "883656895761419", "nickname": "厉害了我的国", "follower_count": 767846}}, {"aweme": {"aweme_id": "6852574838238874893", "aweme_title": "据说每个男人身上都有这个，出门必备的小工具，堪比整套工具箱#好物推荐 @DOU+小助手", "aweme_url": "https://www.iesdouyin.com/share/video/6852574838238874893/?region=CN&mid=6852574848737184526&u_code=0&titleType=title", "download_url": "https://www.chanmama.com/awemeDetail/6852574838238874893", "digg_count": 1147, "digg_incr": 861, "aweme_create_time": 1595489415, "category": 14, "volume": 0, "amount": 0}, "author": {"author_id": "3830295962060664", "nickname": "厉害了中国造", "follower_count": 568321}}, {"aweme": {"aweme_id": "6852657558465826063", "aweme_title": "@铺砖人生发了一个抖音短视频，你尽管点开，不好看算我输！", "aweme_url": "https://www.iesdouyin.com/share/video/6852657558465826063/?region=CN&mid=6743902773961558792&u_code=0&titleType=", "download_url": "https://www.chanmama.com/awemeDetail/6852657558465826063", "digg_count": 1138, "digg_incr": 834, "aweme_create_time": 1595508672, "category": 14, "volume": 0, "amount": 0}, "author": {"author_id": "72559200291", "nickname": "铺砖人生", "follower_count": 452342}}, {"aweme": {"aweme_id": "6852582324610059534", "aweme_title": "淘货日记之十八财神拜如来#文玩@抖音小助手", "aweme_url": "https://www.iesdouyin.com/share/video/6852582324610059534/?region=CN&mid=6852582322677533453&u_code=0&titleType=title", "download_url": "https://www.chanmama.com/awemeDetail/6852582324610059534", "digg_count": 1083, "digg_incr": 813, "aweme_create_time": 1595491157, "category": 14, "volume": 72, "amount": 7128}, "author": {"author_id": "93336922410", "nickname": "成华区一叶菩提工艺品店.", "follower_count": 442518}}, {"aweme": {"aweme_id": "6852356075509828878", "aweme_title": "买了底部可以装垃圾袋的创意垃圾桶老公说我浪费，只有和他比一下了 #垃圾桶", "aweme_url": "https://www.iesdouyin.com/share/video/6852356075509828878/?region=CN&mid=6852356575445650189&u_code=0&titleType=title", "download_url": "https://www.chanmama.com/awemeDetail/6852356075509828878", "digg_count": 1038, "digg_incr": 788, "aweme_create_time": 1595469840, "category": 14, "volume": 0, "amount": 0}, "author": {"author_id": "87266761345", "nickname": "哈哈娃哈哈", "follower_count": 424205}}, {"aweme": {"aweme_id": "6852482760179813645", "aweme_title": "佛山极窄美学院，联动门车间产量爆增啊，想看的直播间见哦#门窗 #全屋定制 #极简窄边门", "aweme_url": "https://www.iesdouyin.com/share/video/6852482760179813645/?region=CN&mid=6852482768144829191&u_code=0&titleType=title", "download_url": "https://www.chanmama.com/awemeDetail/6852482760179813645", "digg_count": 1171, "digg_incr": 440, "aweme_create_time": 1595467977, "category": 14, "volume": 0, "amount": 0}, "author": {"author_id": "11404579781", "nickname": "金鑫福门窗", "follower_count": 268512}}, {"aweme": {"aweme_id": "6852603634262248704", "aweme_title": "家里每天都用的扫把，不缠头发，磁吸卡扣，优点视频里都有，缺点暂时还没发现#家用神器", "aweme_url": "https://www.iesdouyin.com/share/video/6852603634262248704/?region=CN&mid=6852603657549744910&u_code=0&titleType=title", "download_url": "https://www.chanmama.com/awemeDetail/6852603634262248704", "digg_count": 1031, "digg_incr": 393, "aweme_create_time": 1595496117, "category": 14, "volume": 0, "amount": 0}, "author": {"author_id": "109588575019", "nickname": "种草大大", "follower_count": 242264}}, {"aweme": {"aweme_id": "6852514105836817679", "aweme_title": "黑色的是概念，灰色的超实用", "aweme_url": "https://www.iesdouyin.com/share/video/6852514105836817679/?region=CN&mid=6852514291791170311&u_code=0&titleType=title", "download_url": "https://www.chanmama.com/awemeDetail/6852514105836817679", "digg_count": 1271, "digg_incr": 384, "aweme_create_time": 1595475295, "category": 14, "volume": 1, "amount": 176}, "author": {"author_id": "105723732127", "nickname": "包柠", "follower_count": 393144}}, {"aweme": {"aweme_id": "6852600192546409740", "aweme_title": "#手工礼物 #纸片人拍大片 #闺蜜礼物", "aweme_url": "https://www.iesdouyin.com/share/video/6852600192546409740/?region=CN&mid=6852600235932388103&u_code=0&titleType=title", "download_url": "https://www.chanmama.com/awemeDetail/6852600192546409740", "digg_count": 1005, "digg_incr": 361, "aweme_create_time": 1595495322, "category": 14, "volume": 5, "amount": 265}, "author": {"author_id": "104443261045", "nickname": "Matt. 马疼-脚下有戏", "follower_count": 173319}}, {"aweme": {"aweme_id": "6852509910526151943", "aweme_title": "无气二保手工焊#717奇妙好物在这里 #你好火星", "aweme_url": "https://www.iesdouyin.com/share/video/6852509910526151943/?region=CN&mid=6852509938049551117&u_code=1b8l28ia916g&titleType=title", "download_url": "https://www.chanmama.com/awemeDetail/6852509910526151943", "digg_count": 21197, "digg_incr": 196, "aweme_create_time": 1595474297, "category": 14, "volume": 3, "amount": 1494}, "author": {"author_id": "66746831380", "nickname": "大强子五金工具", "follower_count": 23809}}]}