{"data": [{"aweme": {"aweme_id": "6852692568887659776", "aweme_title": "人性中的大恶就是见不得别人比自己好。#人性的弱点 #人性 #强者法则 #成长充电站 @DOU+小助手", "aweme_url": "https://www.iesdouyin.com/share/video/6852692568887659776/?region=CN&mid=6852692566262270734&u_code=0&titleType=title", "download_url": "https://www.chanmama.com/awemeDetail/6852692568887659776", "digg_count": 300269, "digg_incr": 293810, "aweme_create_time": 1595516825, "category": 15, "volume": 2, "amount": 65.6}, "author": {"author_id": "92535133452", "nickname": "智慧私塾", "follower_count": 942446}}, {"aweme": {"aweme_id": "6852626173927640334", "aweme_title": "和珅对于乾隆大帝朕的是忠心耿耿啊。#思维", "aweme_url": "https://www.iesdouyin.com/share/video/6852626173927640334/?region=CN&mid=6852626343339772679&u_code=3g7mc2761c4f&titleType=title", "download_url": "https://www.chanmama.com/awemeDetail/6852626173927640334", "digg_count": 235915, "digg_incr": 229686, "aweme_create_time": 1595501384, "category": 15, "volume": 13, "amount": 468}, "author": {"author_id": "3584044285041092", "nickname": "名人之言", "follower_count": 848838}}, {"aweme": {"aweme_id": "6852508371686362372", "aweme_title": "你和你老公不合，你是怎么处理的？来看这里#写给女人 #认知 #情感", "aweme_url": "https://www.iesdouyin.com/share/video/6852508371686362372/?region=CN&mid=6852508422370315016&u_code=0&titleType=title", "download_url": "https://www.chanmama.com/awemeDetail/6852508371686362372", "digg_count": 425354, "digg_incr": 140973, "aweme_create_time": 1595473947, "category": 15, "volume": 51, "amount": 1938}, "author": {"author_id": "3597237957692740", "nickname": "智慧人生", "follower_count": 239041}}, {"aweme": {"aweme_id": "6852620392251559175", "aweme_title": "韩熙载为何沉溺歌舞？南唐后主派宫廷画师夜潜韩府画下夜宴真相！#高晓松 #画小二", "aweme_url": "https://www.iesdouyin.com/share/video/6852620392251559175/?region=CN&mid=6852620417417349901&u_code=0&titleType=title", "download_url": "https://www.chanmama.com/awemeDetail/6852620392251559175", "digg_count": 114061, "digg_incr": 85386, "aweme_create_time": 1595500020, "category": 15, "volume": 5, "amount": 490}, "author": {"author_id": "1824784156212701", "nickname": "画小二", "follower_count": 423172}}, {"aweme": {"aweme_id": "6852610338232225024", "aweme_title": "果蝇被僵尸菌控制大脑，在它们的授意下爬向制高点将自己的尸体固定。#动物 #昆虫 #科普", "aweme_url": "https://www.iesdouyin.com/share/video/6852610338232225024/?region=CN&mid=6779358779310868488&u_code=0&titleType=title", "download_url": "https://www.chanmama.com/awemeDetail/6852610338232225024", "digg_count": 194712, "digg_incr": 73850, "aweme_create_time": 1595497678, "category": 15, "volume": 0, "amount": 0}, "author": {"author_id": "104387868594", "nickname": "冠宇生物科普", "follower_count": 492515}}, {"aweme": {"aweme_id": "6852581030440881408", "aweme_title": "枝吻纽虫是海里的生物。吐出的吻管很奇怪。#动物 #植物 #昆虫 #科普@抖音小助手", "aweme_url": "https://www.iesdouyin.com/share/video/6852581030440881408/?region=CN&mid=6852262108462057479&u_code=0&titleType=title", "download_url": "https://www.chanmama.com/awemeDetail/6852581030440881408", "digg_count": 57333, "digg_incr": 26781, "aweme_create_time": 1595490855, "category": 15, "volume": 0, "amount": 0}, "author": {"author_id": "104387868594", "nickname": "冠宇生物科普", "follower_count": 492515}}, {"aweme": {"aweme_id": "6852629699881962767", "aweme_title": "二战时意大利的俘虏餐，把英军飞行员俘虏感动得泪流满面#战争 #二战", "aweme_url": "https://www.iesdouyin.com/share/video/6852629699881962767/?region=CN&mid=6852629717007354632&u_code=0&titleType=title", "download_url": "https://www.chanmama.com/awemeDetail/6852629699881962767", "digg_count": 27704, "digg_incr": 24285, "aweme_create_time": 1595502186, "category": 15, "volume": 0, "amount": 0}, "author": {"author_id": "2862720290394269", "nickname": "咩咩历史", "follower_count": 922143}}, {"aweme": {"aweme_id": "6852572752851848456", "aweme_title": "德云高能大哥：“这蛆烫头了”芳芳名场面的完整版视频｜这辈子也忘不了的梗#德云社 #孙九芳 #朱汝钊", "aweme_url": "https://www.iesdouyin.com/share/video/6852572752851848456/?region=CN&mid=6852572769478626062&u_code=3g7mc2761c4f&titleType=title", "download_url": "https://www.chanmama.com/awemeDetail/6852572752851848456", "digg_count": 25284, "digg_incr": 22357, "aweme_create_time": 1595488929, "category": 15, "volume": 19, "amount": 684}, "author": {"author_id": "72157322729", "nickname": "秦霄贤妈妈", "follower_count": 139235}}, {"aweme": {"aweme_id": "6852539204807789836", "aweme_title": "这个老板娘真是太小气了，说起一整套茶台看到的都有时马上人就跑开了，不知道我们都是冲着人来的吗？#家具#茶台", "aweme_url": "https://www.iesdouyin.com/share/video/6852539204807789836/?region=CN&mid=6852539249225370381&u_code=229591ihee4f&titleType=title", "download_url": "https://www.chanmama.com/awemeDetail/6852539204807789836", "digg_count": 17035, "digg_incr": 16954, "aweme_create_time": 1595481126, "category": 15, "volume": 19, "amount": 38950}, "author": {"author_id": "109006880159", "nickname": "赣州匠心御品家俱城", "follower_count": 269021}}, {"aweme": {"aweme_id": "6852641371405274375", "aweme_title": "流氓不可怕，就怕流氓有文化#思维格局", "aweme_url": "https://www.iesdouyin.com/share/video/6852641371405274375/?region=CN&mid=6852641420634458887&u_code=0&titleType=title", "download_url": "https://www.chanmama.com/awemeDetail/6852641371405274375", "digg_count": 54717, "digg_incr": 15794, "aweme_create_time": 1595504904, "category": 15, "volume": 27, "amount": 1296}, "author": {"author_id": "96408903866", "nickname": "逆境思维", "follower_count": 745115}}, {"aweme": {"aweme_id": "6852584312815045896", "aweme_title": "果然不出我所料，一切都在愈演愈烈中进行，持续关注我，价值百万。#金融 #经济 #投资 #货币", "aweme_url": "https://www.iesdouyin.com/share/video/6852584312815045896/?region=CN&mid=6709414680147789825&u_code=0&titleType=title", "download_url": "https://www.chanmama.com/awemeDetail/6852584312815045896", "digg_count": 14204, "digg_incr": 13279, "aweme_create_time": 1595491621, "category": 15, "volume": 4, "amount": 636}, "author": {"author_id": "51771442470", "nickname": "春雷说事", "follower_count": 565633}}, {"aweme": {"aweme_id": "6852575811321531661", "aweme_title": "八个半月宝宝每天睡醒第一件事就是找书看，新入了一套小熊很忙，色彩鲜艳，很多小机关锻炼手部精细动作，玩得好专注", "aweme_url": "https://www.iesdouyin.com/share/video/6852575811321531661/?region=CN&mid=6789573950117858059&u_code=bk5kkf3l2d0&titleType=title", "download_url": "https://www.chanmama.com/awemeDetail/6852575811321531661", "digg_count": 17888, "digg_incr": 11534, "aweme_create_time": 1595489641, "category": 15, "volume": 304, "amount": 27360}, "author": {"author_id": "69449375280", "nickname": "自立妈妈", "follower_count": 90301}}, {"aweme": {"aweme_id": "6852600177082043661", "aweme_title": "你一般都用哪句话来劝呢？今天给大家带来的这两句很实用，赶紧小本子记下来，随时用来震场子！#喝酒 #惊艳诗词", "aweme_url": "https://www.iesdouyin.com/share/video/6852600177082043661/?region=CN&mid=6852600194388069133&u_code=0&titleType=title", "download_url": "https://www.chanmama.com/awemeDetail/6852600177082043661", "digg_count": 23921, "digg_incr": 11413, "aweme_create_time": 1595495314, "category": 15, "volume": 4, "amount": 396}, "author": {"author_id": "3232203127664984", "nickname": "惊艳古文", "follower_count": 232346}}, {"aweme": {"aweme_id": "6852475814974393603", "aweme_title": "船长给大家分享一下，不一样的，海边，沙滩，海浪，不一样的美！喜欢点赞支持一下，朋友们这是你理想感觉中海边吗？", "aweme_url": "https://www.iesdouyin.com/share/video/6852475814974393603/?region=CN&mid=6852475845928373006&u_code=0&titleType=title", "download_url": "https://www.chanmama.com/awemeDetail/6852475814974393603", "digg_count": 14721, "digg_incr": 10109, "aweme_create_time": 1595466370, "category": 15, "volume": 6, "amount": 116.7}, "author": {"author_id": "94698846791", "nickname": "中国船长", "follower_count": 845071}}, {"aweme": {"aweme_id": "6852600622051560704", "aweme_title": "声优都是怪物之#钉宫理惠", "aweme_url": "https://www.iesdouyin.com/share/video/6852600622051560704/?region=CN&mid=6852600632382524173&u_code=0&titleType=title", "download_url": "https://www.chanmama.com/awemeDetail/6852600622051560704", "digg_count": 12158, "digg_incr": 10016, "aweme_create_time": 1595495417, "category": 15, "volume": 0, "amount": 0}, "author": {"author_id": "105574323610", "nickname": "新东方在线日语", "follower_count": 934414}}, {"aweme": {"aweme_id": "6852518560472845575", "aweme_title": "开火车的男人最专一😂@抖音小助手", "aweme_url": "https://www.iesdouyin.com/share/video/6852518560472845575/?region=CN&mid=6852518570190981901&u_code=0&titleType=title", "download_url": "https://www.chanmama.com/awemeDetail/6852518560472845575", "digg_count": 40683, "digg_incr": 9888, "aweme_create_time": 1595476311, "category": 15, "volume": 7, "amount": 336}, "author": {"author_id": "2770368657104391", "nickname": "旺旺吠财", "follower_count": 307220}}, {"aweme": {"aweme_id": "6852495488529222920", "aweme_title": "男怕入错行，为什么？你的眼界局限了你的目光，也看不到别的风景#思维 #受益一生", "aweme_url": "https://www.iesdouyin.com/share/video/6852495488529222920/?region=CN&mid=6852495622684723976&u_code=0&titleType=title", "download_url": "https://www.chanmama.com/awemeDetail/6852495488529222920", "digg_count": 14798, "digg_incr": 9666, "aweme_create_time": 1595499900, "category": 15, "volume": 3, "amount": 177}, "author": {"author_id": "2154659269584718", "nickname": "强者的思维", "follower_count": 543283}}, {"aweme": {"aweme_id": "6852625919127948552", "aweme_title": "#认知 #思维 #智慧 为什么富豪怎么搞都不会离婚？", "aweme_url": "https://www.iesdouyin.com/share/video/6852625919127948552/?region=CN&mid=6852625953902955271&u_code=0&titleType=title", "download_url": "https://www.chanmama.com/awemeDetail/6852625919127948552", "digg_count": 11340, "digg_incr": 8945, "aweme_create_time": 1595501307, "category": 15, "volume": 0, "amount": 0}, "author": {"author_id": "110650460077", "nickname": "媒婆老高", "follower_count": 409732}}, {"aweme": {"aweme_id": "6852527883886365967", "aweme_title": "要来一杯奶茶嘛～😊#长草颜团子 #简笔画#学浪计划 #童豆家族", "aweme_url": "https://www.iesdouyin.com/share/video/6852527883886365967/?region=CN&mid=6814758822381373448&u_code=229591ihee4f&titleType=title", "download_url": "https://www.chanmama.com/awemeDetail/6852527883886365967", "digg_count": 8612, "digg_incr": 8629, "aweme_create_time": 1595478481, "category": 15, "volume": 0, "amount": 0}, "author": {"author_id": "95888944184", "nickname": "美术老师香蕉TD", "follower_count": 29126}}, {"aweme": {"aweme_id": "6852541341134621955", "aweme_title": "你说说你们，要女朋友有啥好，男人和男人结婚，就会有两套房两辆车😂🤣#有趣的灵魂 #好书联盟", "aweme_url": "https://www.iesdouyin.com/share/video/6852541341134621955/?region=CN&mid=6707503143992904459&u_code=0&titleType=title", "download_url": "https://www.chanmama.com/awemeDetail/6852541341134621955", "digg_count": 21527, "digg_incr": 7857, "aweme_create_time": 1595481623, "category": 15, "volume": 5, "amount": 199}, "author": {"author_id": "2792349284187635", "nickname": "情商日记", "follower_count": 653560}}, {"aweme": {"aweme_id": "6852499050814508288", "aweme_title": "感动爸爸的那些小事～#你好火星 #我的高光一刻", "aweme_url": "https://www.iesdouyin.com/share/video/6852499050814508288/?region=CN&mid=6836286227138792206&u_code=0&titleType=title", "download_url": "https://www.chanmama.com/awemeDetail/6852499050814508288", "digg_count": 9229, "digg_incr": 7258, "aweme_create_time": 1595498436, "category": 15, "volume": 1, "amount": 99}, "author": {"author_id": "111068981580", "nickname": "步美麻麻的日常", "follower_count": 708222}}, {"aweme": {"aweme_id": "6852473850471419139", "aweme_title": "孩子低年级阶段，时间充足，除了多阅读，小学阶段古诗词提前背背，后期孩子学起来轻松，还能培养古诗品读能力#小学生", "aweme_url": "https://www.iesdouyin.com/share/video/6852473850471419139/?region=CN&mid=6852473867559078664&u_code=0&titleType=title", "download_url": "https://www.chanmama.com/awemeDetail/6852473850471419139", "digg_count": 12423, "digg_incr": 7129, "aweme_create_time": 1595465913, "category": 15, "volume": 1003, "amount": 29889.4}, "author": {"author_id": "110800776655", "nickname": "修修", "follower_count": 210273}}, {"aweme": {"aweme_id": "6852611837817539852", "aweme_title": "如果用新闻的形式打开英雄联盟，这个批发商潘森真的过分！", "aweme_url": "https://www.iesdouyin.com/share/video/6852611837817539852/?region=CN&mid=6852611884424678152&u_code=0&titleType=title", "download_url": "https://www.chanmama.com/awemeDetail/6852611837817539852", "digg_count": 8312, "digg_incr": 7103, "aweme_create_time": 1595498032, "category": 15, "volume": 1, "amount": 175}, "author": {"author_id": "83634441085", "nickname": "LOL二哈", "follower_count": 985025}}, {"aweme": {"aweme_id": "6852538490077416712", "aweme_title": "次次真心 次次教训.#情感 #推荐 #爱情", "aweme_url": "https://www.iesdouyin.com/share/video/6852538490077416712/?region=CN&mid=6710497757720808206&u_code=4dgib9033i0d&titleType=title", "download_url": "https://www.chanmama.com/awemeDetail/6852538490077416712", "digg_count": 7015, "digg_incr": 6573, "aweme_create_time": 1595480951, "category": 15, "volume": 2, "amount": 79.6}, "author": {"author_id": "59458937167", "nickname": "桥北", "follower_count": 20930}}, {"aweme": {"aweme_id": "6852550213467393293", "aweme_title": "一脚就能到山顶，看似普通石头，却无人能搬走", "aweme_url": "https://www.iesdouyin.com/share/video/6852550213467393293/?region=CN&mid=6852550230571764494&u_code=0&titleType=title", "download_url": "https://www.chanmama.com/awemeDetail/6852550213467393293", "digg_count": 6886, "digg_incr": 6097, "aweme_create_time": 1595483681, "category": 15, "volume": 0, "amount": 0}, "author": {"author_id": "2493299306016987", "nickname": "人类简史", "follower_count": 873626}}, {"aweme": {"aweme_id": "6852525682921180429", "aweme_title": "#德云社 #郭德纲 另一角度研究清朝历史 别有一番风味", "aweme_url": "https://www.iesdouyin.com/share/video/6852525682921180429/?region=CN&mid=6852525749258554119&u_code=0&titleType=title", "download_url": "https://www.chanmama.com/awemeDetail/6852525682921180429", "digg_count": 12106, "digg_incr": 5694, "aweme_create_time": 1595477979, "category": 15, "volume": 7, "amount": 348.59999999999997}, "author": {"author_id": "3803940410891870", "nickname": "德云新一度", "follower_count": 527508}}, {"aweme": {"aweme_id": "6852481899303079181", "aweme_title": "人若欠你，天必还你，你尽管善良，福报都在来的路上#祸兮福之所倚#福兮祸之所福#道德经#国学经典#悟人生之道", "aweme_url": "https://www.iesdouyin.com/share/video/6852481899303079181/?region=CN&mid=6852481897344338695&u_code=0&titleType=title", "download_url": "https://www.chanmama.com/awemeDetail/6852481899303079181", "digg_count": 6168, "digg_incr": 5513, "aweme_create_time": 1595467776, "category": 15, "volume": 5, "amount": 195}, "author": {"author_id": "1785216310458840", "nickname": "悟人生", "follower_count": 486435}}, {"aweme": {"aweme_id": "6852629911803415816", "aweme_title": "常用表情英文#dou出新知", "aweme_url": "https://www.iesdouyin.com/share/video/6852629911803415816/?region=CN&mid=6852629920435243790&u_code=0&titleType=title", "download_url": "https://www.chanmama.com/awemeDetail/6852629911803415816", "digg_count": 5980, "digg_incr": 5438, "aweme_create_time": 1595502236, "category": 15, "volume": 0, "amount": 0}, "author": {"author_id": "75788035162", "nickname": "猩猩英语", "follower_count": 767468}}, {"aweme": {"aweme_id": "6852654277706419468", "aweme_title": "#一年级 重温成语之最，知识在于积累#语文#知识 #日积月累#成语", "aweme_url": "https://www.iesdouyin.com/share/video/6852654277706419468/?region=CN&mid=6805427831519070215&u_code=0&titleType=title", "download_url": "https://www.chanmama.com/awemeDetail/6852654277706419468", "digg_count": 6201, "digg_incr": 5309, "aweme_create_time": 1595507912, "category": 15, "volume": 15, "amount": 447}, "author": {"author_id": "61184578041", "nickname": "妞妞🍼", "follower_count": 579390}}, {"aweme": {"aweme_id": "6852477108762021134", "aweme_title": "一定要画给你的闺蜜看看，然后告诉我你的闺蜜有没有打你？哈哈#简笔画", "aweme_url": "https://www.iesdouyin.com/share/video/6852477108762021134/?region=CN&mid=6852477098024553230&u_code=0&titleType=title", "download_url": "https://www.chanmama.com/awemeDetail/6852477108762021134", "digg_count": 5187, "digg_incr": 4775, "aweme_create_time": 1595466661, "category": 15, "volume": 0, "amount": 0}, "author": {"author_id": "101125952002", "nickname": "虾米爱画画", "follower_count": 578923}}, {"aweme": {"aweme_id": "6852612632613096717", "aweme_title": "#局里新来的年轻人 心疼皇叔一秒钟#电视剧岁月 #沧浪之水", "aweme_url": "https://www.iesdouyin.com/share/video/6852612632613096717/?region=CN&mid=6852612802729839367&u_code=18j757mifm86&titleType=title", "download_url": "https://www.chanmama.com/awemeDetail/6852612632613096717", "digg_count": 4953, "digg_incr": 4485, "aweme_create_time": 1595498232, "category": 15, "volume": 4, "amount": 132}, "author": {"author_id": "2035938266981437", "nickname": "大力出奇迹佛系剪辑", "follower_count": 421345}}, {"aweme": {"aweme_id": "6852438412587224327", "aweme_title": "接受   改变   离开#人生#成长#", "aweme_url": "https://www.iesdouyin.com/share/video/6852438412587224327/?region=CN&mid=6852438348871535367&u_code=0&titleType=title", "download_url": "https://www.chanmama.com/awemeDetail/6852438412587224327", "digg_count": 5341, "digg_incr": 4472, "aweme_create_time": 1595457658, "category": 15, "volume": 0, "amount": 0}, "author": {"author_id": "3038655088692062", "nickname": "对方是你的同学", "follower_count": 688149}}, {"aweme": {"aweme_id": "6852590218260909326", "aweme_title": "还有什么悬疑好书，能给我黄老师推荐推荐吗？ @抖音小助手  #悬疑  #白夜追凶", "aweme_url": "https://www.iesdouyin.com/share/video/6852590218260909326/?region=CN&mid=6852590330374572814&u_code=0&titleType=title", "download_url": "https://www.chanmama.com/awemeDetail/6852590218260909326", "digg_count": 4812, "digg_incr": 4418, "aweme_create_time": 1595493015, "category": 15, "volume": 0, "amount": 0}, "author": {"author_id": "2317358754956839", "nickname": "手下留情黄老师", "follower_count": 544151}}, {"aweme": {"aweme_id": "6852509384476495104", "aweme_title": "这种虫子简直是外星生物。嘴里吐出的东西好突然！#动物 #昆虫 #植物 #科普@抖音小助手", "aweme_url": "https://www.iesdouyin.com/share/video/6852509384476495104/?region=CN&mid=6521301985071729412&u_code=2k5aaj09mab6&titleType=title", "download_url": "https://www.chanmama.com/awemeDetail/6852509384476495104", "digg_count": 4223, "digg_incr": 4223, "aweme_create_time": 1595474173, "category": 15, "volume": 0, "amount": 0}, "author": {"author_id": "104387868594", "nickname": "冠宇生物科普", "follower_count": 492515}}, {"aweme": {"aweme_id": "6852605679446805774", "aweme_title": "#脱口秀大会 #吐槽大会 #李诞 有没有聪明的小脑袋知道这是再说谁", "aweme_url": "https://www.iesdouyin.com/share/video/6852605679446805774/?region=CN&mid=6852605779481086734&u_code=4035jc5jdk24&titleType=title", "download_url": "https://www.chanmama.com/awemeDetail/6852605679446805774", "digg_count": 8496, "digg_incr": 4146, "aweme_create_time": 1595496612, "category": 15, "volume": 0, "amount": 0}, "author": {"author_id": "102981231789", "nickname": "蛋总脱口秀", "follower_count": 971974}}, {"aweme": {"aweme_id": "6852589420319624456", "aweme_title": "#局里新来的年轻人 喜提大HOUSE从此走上人生巅峰#电视剧岁月  #沧浪之水", "aweme_url": "https://www.iesdouyin.com/share/video/6852589420319624456/?region=CN&mid=6852589611458366215&u_code=3g7mc2761c4f&titleType=title", "download_url": "https://www.chanmama.com/awemeDetail/6852589420319624456", "digg_count": 4611, "digg_incr": 4040, "aweme_create_time": 1595505660, "category": 15, "volume": 1, "amount": 33}, "author": {"author_id": "2035938266981437", "nickname": "大力出奇迹佛系剪辑", "follower_count": 421345}}, {"aweme": {"aweme_id": "6852592642916715783", "aweme_title": "尝试去理解人的本性。", "aweme_url": "https://www.iesdouyin.com/share/video/6852592642916715783/?region=CN&mid=6852593128680033037&u_code=0&titleType=title", "download_url": "https://www.chanmama.com/awemeDetail/6852592642916715783", "digg_count": 5123, "digg_incr": 3840, "aweme_create_time": 1595502000, "category": 15, "volume": 1, "amount": 0}, "author": {"author_id": "2493294668157031", "nickname": "小路哥哥", "follower_count": 765136}}, {"aweme": {"aweme_id": "6852641847899213064", "aweme_title": "大师就是大师，上天入地无所不能，厉害！#大师 #搞笑 #喜剧", "aweme_url": "https://www.iesdouyin.com/share/video/6852641847899213064/?region=CN&mid=6852641980464974606&u_code=0&titleType=title", "download_url": "https://www.chanmama.com/awemeDetail/6852641847899213064", "digg_count": 5200, "digg_incr": 3744, "aweme_create_time": 1595505038, "category": 15, "volume": 10, "amount": 299}, "author": {"author_id": "1068355357262780", "nickname": "田野-帮中小企业做品牌", "follower_count": 324681}}, {"aweme": {"aweme_id": "6852339542884764935", "aweme_title": "#果果#好书分享 #曾国藩", "aweme_url": "https://www.iesdouyin.com/share/video/6852339542884764935/?region=CN&mid=6852339538845911822&u_code=0&titleType=title", "download_url": "https://www.chanmama.com/awemeDetail/6852339542884764935", "digg_count": 3730, "digg_incr": 3730, "aweme_create_time": 1595434638, "category": 15, "volume": 12, "amount": 0}, "author": {"author_id": "106257531545", "nickname": "陈皮果果", "follower_count": 988655}}, {"aweme": {"aweme_id": "6852695733221592320", "aweme_title": "#敬天爱人 #利他思维 #稻盛和夫", "aweme_url": "https://www.iesdouyin.com/share/video/6852695733221592320/?region=CN&mid=6852695745611909901&u_code=0&titleType=title", "download_url": "https://www.chanmama.com/awemeDetail/6852695733221592320", "digg_count": 18504, "digg_incr": 3722, "aweme_create_time": 1595517563, "category": 15, "volume": 0, "amount": 0}, "author": {"author_id": "3843533883845567", "nickname": "商道.", "follower_count": 150697}}, {"aweme": {"aweme_id": "6852325680315731208", "aweme_title": "#育儿 孩子成绩差上不去，家长请看完这条励志视频@DOU+小助手", "aweme_url": "https://www.iesdouyin.com/share/video/6852325680315731208/?region=CN&mid=6852325952748260110&u_code=0&titleType=title", "download_url": "https://www.chanmama.com/awemeDetail/6852325680315731208", "digg_count": 4950, "digg_incr": 3636, "aweme_create_time": 1595457000, "category": 15, "volume": 73, "amount": 3504}, "author": {"author_id": "998007152578264", "nickname": "李教授育儿说", "follower_count": 451853}}, {"aweme": {"aweme_id": "6852637131295231239", "aweme_title": "🙄🙄🙄又开眼界啦", "aweme_url": "https://www.iesdouyin.com/share/video/6852637131295231239/?region=CN&mid=6852637150475832071&u_code=0&titleType=title", "download_url": "https://www.chanmama.com/awemeDetail/6852637131295231239", "digg_count": 5595, "digg_incr": 3438, "aweme_create_time": 1595503917, "category": 15, "volume": 1, "amount": 289}, "author": {"author_id": "3935848672012244", "nickname": "阿弥萌萌哒🔥(大开眼界)", "follower_count": 911355}}, {"aweme": {"aweme_id": "6852478389513702668", "aweme_title": "不是你喜欢的人不喜欢你，是你非喜欢一个不喜欢你的人！#十万个怎么做 #dou出新知 #成长充电站", "aweme_url": "https://www.iesdouyin.com/share/video/6852478389513702668/?region=CN&mid=6852478435353496328&u_code=mba0a8ek4j6&titleType=title", "download_url": "https://www.chanmama.com/awemeDetail/6852478389513702668", "digg_count": 3335, "digg_incr": 3335, "aweme_create_time": 1595466968, "category": 15, "volume": 3, "amount": 225}, "author": {"author_id": "109311054923", "nickname": "思维研习社", "follower_count": 166230}}, {"aweme": {"aweme_id": "6852557949269757197", "aweme_title": "#大宅门 看二奶奶用什么招把百草厅弄回来", "aweme_url": "https://www.iesdouyin.com/share/video/6852557949269757197/?region=CN&mid=6852558133710179086&u_code=3ikd933m2mhg&titleType=title", "download_url": "https://www.chanmama.com/awemeDetail/6852557949269757197", "digg_count": 4121, "digg_incr": 3219, "aweme_create_time": 1595502000, "category": 15, "volume": 2, "amount": 59.6}, "author": {"author_id": "1569749394002958", "nickname": "人生智囊", "follower_count": 726378}}, {"aweme": {"aweme_id": "6852531014158290176", "aweme_title": "战术打出来就没有秘密了！#nba #湖人 #勇士 #快船", "aweme_url": "https://www.iesdouyin.com/share/video/6852531014158290176/?region=CN&mid=6852531034237422350&u_code=0&titleType=title", "download_url": "https://www.chanmama.com/awemeDetail/6852531014158290176", "digg_count": 3480, "digg_incr": 3179, "aweme_create_time": 1595479209, "category": 15, "volume": 0, "amount": 0}, "author": {"author_id": "59041598377", "nickname": "徐静雨", "follower_count": 820118}}, {"aweme": {"aweme_id": "6852628746621504781", "aweme_title": "单身的小姐姐打卡，已不敢晚上出门😱#防身术 #抖音小助手", "aweme_url": "https://www.iesdouyin.com/share/video/6852628746621504781/?region=CN&mid=6852628777206303496&u_code=0&titleType=title", "download_url": "https://www.chanmama.com/awemeDetail/6852628746621504781", "digg_count": 10100, "digg_incr": 3144, "aweme_create_time": 1595501965, "category": 15, "volume": 0, "amount": 0}, "author": {"author_id": "465785983609581", "nickname": "街斗办事处付主认", "follower_count": 577080}}, {"aweme": {"aweme_id": "6852442266628377864", "aweme_title": "湖南美女学霸黄雨桐，托福、SATI近满分，英语能同声传译，7科满分考入剑桥", "aweme_url": "https://www.iesdouyin.com/share/video/6852442266628377864/?region=CN&mid=6763143225659820808&u_code=1dbh71f2m1f5&titleType=title", "download_url": "https://www.chanmama.com/awemeDetail/6852442266628377864", "digg_count": 2999, "digg_incr": 2999, "aweme_create_time": 1595458555, "category": 15, "volume": 15, "amount": 1320}, "author": {"author_id": "3509270093773779", "nickname": "成长•蜕变", "follower_count": 244567}}, {"aweme": {"aweme_id": "6852511118510787855", "aweme_title": "公考申论热点问题180个！考前押题！地摊经济已命中多地考题！#公考上岸 #省考", "aweme_url": "https://www.iesdouyin.com/share/video/6852511118510787855/?region=CN&mid=6843277342475814926&u_code=229591ihee4f&titleType=title", "download_url": "https://www.chanmama.com/awemeDetail/6852511118510787855", "digg_count": 3281, "digg_incr": 2970, "aweme_create_time": 1595474577, "category": 15, "volume": 141, "amount": 10998}, "author": {"author_id": "86739587765", "nickname": "公考军帽先生", "follower_count": 155556}}, {"aweme": {"aweme_id": "6852588121226284288", "aweme_title": "从古至今中华民族约束了自己带来的却是伤害，真正要做的还是让自己强大，别人才会尊重你#国学智慧 #国学文化", "aweme_url": "https://www.iesdouyin.com/share/video/6852588121226284288/?region=CN&mid=6852588163500755719&u_code=3g7mc2761c4f&titleType=title", "download_url": "https://www.chanmama.com/awemeDetail/6852588121226284288", "digg_count": 6283, "digg_incr": 2948, "aweme_create_time": 1595492506, "category": 15, "volume": 0, "amount": 0}, "author": {"author_id": "958383147719230", "nickname": "国学智慧", "follower_count": 150208}}, {"aweme": {"aweme_id": "6852582658795408643", "aweme_title": "预告：7月27日起每天直播一小时【全等三角形】#蝴蝶模型  #阴影面积", "aweme_url": "https://www.iesdouyin.com/share/video/6852582658795408643/?region=CN&mid=6852582847606229774&u_code=1idm1emf5f7c&titleType=title", "download_url": "https://www.chanmama.com/awemeDetail/6852582658795408643", "digg_count": 2928, "digg_incr": 2869, "aweme_create_time": 1595491273, "category": 15, "volume": 0, "amount": 0}, "author": {"author_id": "3988679820579416", "nickname": "娜姐数学(初中数学)", "follower_count": 265192}}, {"aweme": {"aweme_id": "6852608053221592320", "aweme_title": "在户外活动经常可能遇到一些小意外，身边的植物可能会帮到你#植物让生活更美好 #夏老师百草学堂 #小植物大能量", "aweme_url": "https://www.iesdouyin.com/share/video/6852608053221592320/?region=CN&mid=6687423959735995149&u_code=0&titleType=title", "download_url": "https://www.chanmama.com/awemeDetail/6852608053221592320", "digg_count": 4642, "digg_incr": 2861, "aweme_create_time": 1595497146, "category": 15, "volume": 3, "amount": 114}, "author": {"author_id": "103212982669", "nickname": "照初（夏老师植物护肤课堂）", "follower_count": 310688}}, {"aweme": {"aweme_id": "6852500308665322766", "aweme_title": "考上大学大贵了，真是个顾家的孩子#考大学真心是不容易  #人小鬼大说的就是你 #妈妈咪鸭#高清60帧剪辑", "aweme_url": "https://www.iesdouyin.com/share/video/6852500308665322766/?region=CN&mid=6852500310636972808&u_code=0&titleType=title", "download_url": "https://www.chanmama.com/awemeDetail/6852500308665322766", "digg_count": 4756, "digg_incr": 2717, "aweme_create_time": 1595472061, "category": 15, "volume": 10, "amount": 360}, "author": {"author_id": "2154654356741367", "nickname": "卡卡动漫", "follower_count": 336324}}, {"aweme": {"aweme_id": "6852541506402782479", "aweme_title": "请各位烦躁的老母亲把这页截屏打印下来，贴在房间的每一个角落#家庭教育", "aweme_url": "https://www.iesdouyin.com/share/video/6852541506402782479/?region=CN&mid=6852541508235987726&u_code=3ikd933m2mhg&titleType=title", "download_url": "https://www.chanmama.com/awemeDetail/6852541506402782479", "digg_count": 3989, "digg_incr": 2706, "aweme_create_time": 1595481652, "category": 15, "volume": 0, "amount": 0}, "author": {"author_id": "99301459897", "nickname": "小宝育儿", "follower_count": 714425}}, {"aweme": {"aweme_id": "6852250315585047815", "aweme_title": "舅舅说的这段话，真的太对了，女孩子们看看吧！ #青瓷", "aweme_url": "https://www.iesdouyin.com/share/video/6852250315585047815/?region=CN&mid=6852250479980858125&u_code=1h7f33149f7k&titleType=title", "download_url": "https://www.chanmama.com/awemeDetail/6852250315585047815", "digg_count": 2761, "digg_incr": 2703, "aweme_create_time": 1595460600, "category": 15, "volume": 0, "amount": 0}, "author": {"author_id": "4164603672271059", "nickname": "智者思维", "follower_count": 645686}}, {"aweme": {"aweme_id": "6852591493333404940", "aweme_title": "做事先做人，自然水到渠成", "aweme_url": "https://www.iesdouyin.com/share/video/6852591493333404940/?region=CN&mid=6818798430967237383&u_code=bk5kkf3l2d0&titleType=title", "download_url": "https://www.chanmama.com/awemeDetail/6852591493333404940", "digg_count": 4632, "digg_incr": 2566, "aweme_create_time": 1595493297, "category": 15, "volume": 11, "amount": 429}, "author": {"author_id": "75987052694", "nickname": "每天进步一点点", "follower_count": 248543}}, {"aweme": {"aweme_id": "6852534557510536452", "aweme_title": "#语文 #阅读理解 #拿高分 语文的阅读理解如何拿高分@抖音小助手", "aweme_url": "https://www.iesdouyin.com/share/video/6852534557510536452/?region=CN&mid=6580208805194566414&u_code=0&titleType=title", "download_url": "https://www.chanmama.com/awemeDetail/6852534557510536452", "digg_count": 3173, "digg_incr": 2489, "aweme_create_time": 1595480042, "category": 15, "volume": 0, "amount": 0}, "author": {"author_id": "1701690656959069", "nickname": "刘威老师", "follower_count": 361514}}, {"aweme": {"aweme_id": "6852602401363414272", "aweme_title": "#巴菲特 给现代男女的一生忠告，读懂看完受益一生！#男人 #女人 #成长 #婚姻", "aweme_url": "https://www.iesdouyin.com/share/video/6852602401363414272/?region=CN&mid=6742059237125655304&u_code=ki8abl773d4&titleType=title", "download_url": "https://www.chanmama.com/awemeDetail/6852602401363414272", "digg_count": 3671, "digg_incr": 2357, "aweme_create_time": 1595495831, "category": 15, "volume": 0, "amount": 0}, "author": {"author_id": "3931474265644544", "nickname": "思以致胜", "follower_count": 201492}}, {"aweme": {"aweme_id": "6852455574672657672", "aweme_title": "人不得时，利运不通。风水它轮流转，你不知哪片云彩有雨。#郭德纲 #语录 #励志语录", "aweme_url": "https://www.iesdouyin.com/share/video/6852455574672657672/?region=CN&mid=6852455544557406990&u_code=0&titleType=title", "download_url": "https://www.chanmama.com/awemeDetail/6852455574672657672", "digg_count": 4443, "digg_incr": 2317, "aweme_create_time": 1595461650, "category": 15, "volume": 6, "amount": 298.79999999999995}, "author": {"author_id": "2035930560470188", "nickname": "德云社值得", "follower_count": 560437}}, {"aweme": {"aweme_id": "6852628929572801807", "aweme_title": "结构识图，柱子钢筋", "aweme_url": "https://www.iesdouyin.com/share/video/6852628929572801807/?region=CN&mid=6837808766935993096&u_code=0&titleType=title", "download_url": "https://www.chanmama.com/awemeDetail/6852628929572801807", "digg_count": 3288, "digg_incr": 2239, "aweme_create_time": 1595502006, "category": 15, "volume": 3, "amount": 384}, "author": {"author_id": "95571056338", "nickname": "第五元素", "follower_count": 558833}}, {"aweme": {"aweme_id": "6852611915705830659", "aweme_title": "“石油大王”洛克菲勒#成长充电站@DOU+小助手", "aweme_url": "https://www.iesdouyin.com/share/video/6852611915705830659/?region=CN&mid=6852612109374278413&u_code=0&titleType=title", "download_url": "https://www.chanmama.com/awemeDetail/6852611915705830659", "digg_count": 3313, "digg_incr": 2219, "aweme_create_time": 1595512860, "category": 15, "volume": 0, "amount": 0}, "author": {"author_id": "106257531545", "nickname": "陈皮果果", "follower_count": 988655}}, {"aweme": {"aweme_id": "6852530700663393544", "aweme_title": "哈哈哈，提起李煜，你们就开始跟我吵吵大周后小周后，我已经猜到了", "aweme_url": "https://www.iesdouyin.com/share/video/6852530700663393544/?region=CN&mid=6852530721241385735&u_code=3g7mc2761c4f&titleType=title", "download_url": "https://www.chanmama.com/awemeDetail/6852530700663393544", "digg_count": 2510, "digg_incr": 2202, "aweme_create_time": 1595479138, "category": 15, "volume": 17, "amount": 1528.3000000000002}, "author": {"author_id": "67359410732", "nickname": "纵马西风", "follower_count": 187535}}, {"aweme": {"aweme_id": "6852644458790407431", "aweme_title": "但愿所有曾经被原生家庭伤害过的人，都能被自己治愈，被亲密关系治愈#亲密关系#原生家庭#男人女人 @抖音小助手", "aweme_url": "https://www.iesdouyin.com/share/video/6852644458790407431/?region=CN&mid=6852644483780184846&u_code=bk5kkf3l2d0&titleType=title", "download_url": "https://www.chanmama.com/awemeDetail/6852644458790407431", "digg_count": 2939, "digg_incr": 2182, "aweme_create_time": 1595505623, "category": 15, "volume": 4, "amount": 180}, "author": {"author_id": "98976115743", "nickname": "心理•学识", "follower_count": 634503}}, {"aweme": {"aweme_id": "6852518549055950088", "aweme_title": "#认知 #人性 #智慧 没有人愿意做亏本生意，没有人喜欢被人占便宜，但是所有人都喜欢占别人便宜，这就是人性。", "aweme_url": "https://www.iesdouyin.com/share/video/6852518549055950088/?region=CN&mid=6852518564981705485&u_code=0&titleType=title", "download_url": "https://www.chanmama.com/awemeDetail/6852518549055950088", "digg_count": 2388, "digg_incr": 2035, "aweme_create_time": 1595476308, "category": 15, "volume": 1, "amount": 398}, "author": {"author_id": "110650460077", "nickname": "媒婆老高", "follower_count": 409732}}, {"aweme": {"aweme_id": "6852455987262049536", "aweme_title": "两广人喜欢用来煲汤的地胆头，看着像野草，但却是一个宝贝#中药本草 #野生植物", "aweme_url": "https://www.iesdouyin.com/share/video/6852455987262049536/?region=CN&mid=6852455943192447751&u_code=0&titleType=title", "download_url": "https://www.chanmama.com/awemeDetail/6852455987262049536", "digg_count": 2611, "digg_incr": 1986, "aweme_create_time": 1595461743, "category": 15, "volume": 0, "amount": 0}, "author": {"author_id": "2440518577962195", "nickname": "生态农人张运东", "follower_count": 726078}}, {"aweme": {"aweme_id": "6852557185839271181", "aweme_title": "玩了这么久的抖音，现在才知道这个方法。", "aweme_url": "https://www.iesdouyin.com/share/video/6852557185839271181/?region=CN&mid=6817829970069506819&u_code=2b77l9fj75h7&titleType=title", "download_url": "https://www.chanmama.com/awemeDetail/6852557185839271181", "digg_count": 2196, "digg_incr": 1895, "aweme_create_time": 1595485304, "category": 15, "volume": 0, "amount": 0}, "author": {"author_id": "105640290122", "nickname": "🔥柳州大叔®🔥", "follower_count": 568867}}, {"aweme": {"aweme_id": "6852599913927298317", "aweme_title": "五秒记住四个单词，你敢来挑战吗？#英语启蒙 #小学英语 #英语单词 @学而思轻课", "aweme_url": "https://www.iesdouyin.com/share/video/6852599913927298317/?region=CN&mid=6852599930779929358&u_code=bk5kkf3l2d0&titleType=title", "download_url": "https://www.chanmama.com/awemeDetail/6852599913927298317", "digg_count": 2128, "digg_incr": 1837, "aweme_create_time": 1595495252, "category": 15, "volume": 0, "amount": 0}, "author": {"author_id": "73966332013", "nickname": "学而思启蒙学堂", "follower_count": 5416}}, {"aweme": {"aweme_id": "6852537399935880455", "aweme_title": "只有这水平了😂凑合学吧#爸爸妈妈 #李荣浩 #弹唱 #弹唱教学 #钢琴 #数字谱", "aweme_url": "https://www.iesdouyin.com/share/video/6852537399935880455/?region=CN&mid=6852537401198594824&u_code=0&titleType=title", "download_url": "https://www.chanmama.com/awemeDetail/6852537399935880455", "digg_count": 3106, "digg_incr": 1825, "aweme_create_time": 1595480698, "category": 15, "volume": 2, "amount": 158}, "author": {"author_id": "95812322114", "nickname": "武汉艺恒音酷钢琴", "follower_count": 445576}}, {"aweme": {"aweme_id": "6852603185849257216", "aweme_title": "一个人越在意什么，说明他内心越缺乏什么。#心理学 #前任 #成长充电站 #爱情 @DOU+小助手", "aweme_url": "https://www.iesdouyin.com/share/video/6852603185849257216/?region=CN&mid=6852603186184751886&u_code=0&titleType=title", "download_url": "https://www.chanmama.com/awemeDetail/6852603185849257216", "digg_count": 4022, "digg_incr": 1818, "aweme_create_time": 1595496013, "category": 15, "volume": 1, "amount": 36}, "author": {"author_id": "92535133452", "nickname": "智慧私塾", "follower_count": 942446}}, {"aweme": {"aweme_id": "6852508802395163911", "aweme_title": "#德云社 #郭德纲 合适的场合说合适的话才会有合适的效果#蔡徐坤找郭麒麟学相声 #杨幂郭麒麟比腿长", "aweme_url": "https://www.iesdouyin.com/share/video/6852508802395163911/?region=CN&mid=6852508817859660558&u_code=3g7mc2761c4f&titleType=title", "download_url": "https://www.chanmama.com/awemeDetail/6852508802395163911", "digg_count": 2872, "digg_incr": 1812, "aweme_create_time": 1595474039, "category": 15, "volume": 4, "amount": 199.2}, "author": {"author_id": "1380630627099732", "nickname": "德云语录库", "follower_count": 263330}}, {"aweme": {"aweme_id": "6852559579792821511", "aweme_title": "只要掌握这盘棋，你也能成为象棋高手  @DOU+小助手", "aweme_url": "https://www.iesdouyin.com/share/video/6852559579792821511/?region=CN&mid=6852559761285548808&u_code=0&titleType=title", "download_url": "https://www.chanmama.com/awemeDetail/6852559579792821511", "digg_count": 2040, "digg_incr": 1811, "aweme_create_time": 1595500200, "category": 15, "volume": 0, "amount": 0}, "author": {"author_id": "103634371504", "nickname": "象棋风繁讲棋", "follower_count": 872782}}, {"aweme": {"aweme_id": "6852469198153600270", "aweme_title": "声韵配合顺口溜， 帮助宝宝轻松区分前鼻音和后鼻音#幼小衔接 #学浪计划#一年级语文#拼音@抖音小助手", "aweme_url": "https://www.iesdouyin.com/share/video/6852469198153600270/?region=CN&mid=6852469164959927047&u_code=0&titleType=title", "download_url": "https://www.chanmama.com/awemeDetail/6852469198153600270", "digg_count": 2250, "digg_incr": 1780, "aweme_create_time": 1595464820, "category": 15, "volume": 1, "amount": 39.8}, "author": {"author_id": "98876643304", "nickname": "魏魏老师", "follower_count": 458752}}, {"aweme": {"aweme_id": "6852581626501762311", "aweme_title": "女人的幸福人生在于选择和规划，把命运掌握在自己手中。 #幸福", "aweme_url": "https://www.iesdouyin.com/share/video/6852581626501762311/?region=CN&mid=6852581993717189390&u_code=0&titleType=title", "download_url": "https://www.chanmama.com/awemeDetail/6852581626501762311", "digg_count": 3446, "digg_incr": 1777, "aweme_create_time": 1595491067, "category": 15, "volume": 3, "amount": 89.4}, "author": {"author_id": "76925826933", "nickname": "人生 智慧", "follower_count": 809124}}, {"aweme": {"aweme_id": "6852450428098071808", "aweme_title": "怎么用别人的Q，开自己的分店？（下）#思维 #创业 #商业知识", "aweme_url": "https://www.iesdouyin.com/share/video/6852450428098071808/?region=CN&mid=6852450391456549646&u_code=1h7f33149f7k&titleType=title", "download_url": "https://www.chanmama.com/awemeDetail/6852450428098071808", "digg_count": 2704, "digg_incr": 1764, "aweme_create_time": 1595460450, "category": 15, "volume": 0, "amount": 0}, "author": {"author_id": "2823186733868395", "nickname": "曾阿牛商业", "follower_count": 174597}}, {"aweme": {"aweme_id": "6852554994831445255", "aweme_title": "做个不发脾气的妈妈，真的太难了！", "aweme_url": "https://www.iesdouyin.com/share/video/6852554994831445255/?region=CN&mid=6852555098082953997&u_code=0&titleType=title", "download_url": "https://www.chanmama.com/awemeDetail/6852554994831445255", "digg_count": 3166, "digg_incr": 1709, "aweme_create_time": 1595484819, "category": 15, "volume": 0, "amount": 0}, "author": {"author_id": "103240502707", "nickname": "亲子教育宝典", "follower_count": 919176}}, {"aweme": {"aweme_id": "6852590251106389251", "aweme_title": "#陈昌文方法 72大系统—22#智慧 #人性 #思维 #认知 #你好火星", "aweme_url": "https://www.iesdouyin.com/share/video/6852590251106389251/?region=CN&mid=6694740537083168770&u_code=3g7mc2761c4f&titleType=title", "download_url": "https://www.chanmama.com/awemeDetail/6852590251106389251", "digg_count": 3207, "digg_incr": 1709, "aweme_create_time": 1595493008, "category": 15, "volume": 0, "amount": 0}, "author": {"author_id": "107995495353", "nickname": "媒婆乐道🌞（早九点直播）", "follower_count": 260347}}, {"aweme": {"aweme_id": "6852617751509437709", "aweme_title": "家里的豆腐，吃法各种各样，今个塌个豆腐吃吃 #美食趣胃计划  #追寻儿时的味道", "aweme_url": "https://www.iesdouyin.com/share/video/6852617751509437709/?region=CN&mid=6852617873374956295&u_code=4f9k1h54hlc0&titleType=title", "download_url": "https://www.chanmama.com/awemeDetail/6852617751509437709", "digg_count": 2072, "digg_incr": 1705, "aweme_create_time": 1595499425, "category": 15, "volume": 0, "amount": 0}, "author": {"author_id": "3949071782124400", "nickname": "河南老马", "follower_count": 361766}}, {"aweme": {"aweme_id": "6852495638156905743", "aweme_title": "#书写 #卷面 #考试 字如其人，咱不说写一手好字是人生财富，咱把字写工整至少卷面印象好！宝贝们，多少练练字吧", "aweme_url": "https://www.iesdouyin.com/share/video/6852495638156905743/?region=CN&mid=6823745381680023565&u_code=cgi4d664725&titleType=title", "download_url": "https://www.chanmama.com/awemeDetail/6852495638156905743", "digg_count": 2953, "digg_incr": 1705, "aweme_create_time": 1595470973, "category": 15, "volume": 13, "amount": 257.40000000000003}, "author": {"author_id": "104653728602", "nickname": "小刘老师威武（高三啦！）", "follower_count": 136875}}, {"aweme": {"aweme_id": "6852663827260083456", "aweme_title": "#二年级 虽然看图写话进步很大，但在暑假依然要保持阅读范文好习惯！#看图写话#语文", "aweme_url": "https://www.iesdouyin.com/share/video/6852663827260083456/?region=CN&mid=6841463596006804238&u_code=0&titleType=title", "download_url": "https://www.chanmama.com/awemeDetail/6852663827260083456", "digg_count": 1753, "digg_incr": 1681, "aweme_create_time": 1595510132, "category": 15, "volume": 42, "amount": 2091.6}, "author": {"author_id": "71865187949", "nickname": "蜗牛在唱歌", "follower_count": 156337}}, {"aweme": {"aweme_id": "6852627168594365696", "aweme_title": "学名，含羞草科，都对它很熟悉吧？一触碰就会合，叶柄下垂，多见于亚热带，你还见过其它变种含羞草吗？", "aweme_url": "https://www.iesdouyin.com/share/video/6852627168594365696/?region=CN&mid=6852627197958884103&u_code=0&titleType=title", "download_url": "https://www.chanmama.com/awemeDetail/6852627168594365696", "digg_count": 2431, "digg_incr": 1670, "aweme_create_time": 1595501597, "category": 15, "volume": 2, "amount": 76}, "author": {"author_id": "4226158133781475", "nickname": "担水圳草药集锦", "follower_count": 335610}}, {"aweme": {"aweme_id": "6852135898449071367", "aweme_title": "下象棋输棋不要复盘，输赢就一个小兵的差距  @DOU+小助手", "aweme_url": "https://www.iesdouyin.com/share/video/6852135898449071367/?region=CN&mid=6852136186966723336&u_code=0&titleType=title", "download_url": "https://www.chanmama.com/awemeDetail/6852135898449071367", "digg_count": 1811, "digg_incr": 1668, "aweme_create_time": 1595464200, "category": 15, "volume": 0, "amount": 0}, "author": {"author_id": "103634371504", "nickname": "象棋风繁讲棋", "follower_count": 872782}}, {"aweme": {"aweme_id": "6852216909639716104", "aweme_title": "#局里新来的年轻人 若非生活所迫谁愿上演苦肉计#电视剧岁月 #沧浪之水", "aweme_url": "https://www.iesdouyin.com/share/video/6852216909639716104/?region=CN&mid=6852217484976622343&u_code=0&titleType=title", "download_url": "https://www.chanmama.com/awemeDetail/6852216909639716104", "digg_count": 1782, "digg_incr": 1660, "aweme_create_time": 1595455260, "category": 15, "volume": 0, "amount": 0}, "author": {"author_id": "2035938266981437", "nickname": "大力出奇迹佛系剪辑", "follower_count": 421345}}, {"aweme": {"aweme_id": "6852427836263910659", "aweme_title": "这套小学记忆手卡，全国通用，不分版本，语文数学英语都有，随身携带方便学习！#小学 #暑假#数学", "aweme_url": "https://www.iesdouyin.com/share/video/6852427836263910659/?region=CN&mid=6631019073083804429&u_code=0&titleType=title", "download_url": "https://www.chanmama.com/awemeDetail/6852427836263910659", "digg_count": 1758, "digg_incr": 1657, "aweme_create_time": 1595455240, "category": 15, "volume": 64, "amount": 1913.6}, "author": {"author_id": "3073859607595323", "nickname": "米泽妈妈", "follower_count": 597867}}, {"aweme": {"aweme_id": "6852622122800532749", "aweme_title": "如果用游戏描述二战 #二战  @抖音小助手", "aweme_url": "https://www.iesdouyin.com/share/video/6852622122800532749/?region=CN&mid=6852622246788270856&u_code=0&titleType=title", "download_url": "https://www.chanmama.com/awemeDetail/6852622122800532749", "digg_count": 1953, "digg_incr": 1650, "aweme_create_time": 1595500442, "category": 15, "volume": 0, "amount": 0}, "author": {"author_id": "99493479568", "nickname": "历史微鉴", "follower_count": 585337}}, {"aweme": {"aweme_id": "6852348236468849920", "aweme_title": "还记得你上次发朋友圈的心情吗？#朋友圈 #成长充电站 #人生感悟 @DOU+小助手", "aweme_url": "https://www.iesdouyin.com/share/video/6852348236468849920/?region=CN&mid=6852348141392497415&u_code=0&titleType=title", "download_url": "https://www.chanmama.com/awemeDetail/6852348236468849920", "digg_count": 1960, "digg_incr": 1634, "aweme_create_time": 1595436661, "category": 15, "volume": 0, "amount": 0}, "author": {"author_id": "92535133452", "nickname": "智慧私塾", "follower_count": 942446}}, {"aweme": {"aweme_id": "6852556762894191879", "aweme_title": "@抖音小助手", "aweme_url": "https://www.iesdouyin.com/share/video/6852556762894191879/?region=CN&mid=6852556995502082824&u_code=0&titleType=title", "download_url": "https://www.chanmama.com/awemeDetail/6852556762894191879", "digg_count": 1647, "digg_incr": 1627, "aweme_create_time": 1595485231, "category": 15, "volume": 2, "amount": 198}, "author": {"author_id": "1222270971285278", "nickname": "励志：正能量", "follower_count": 754547}}, {"aweme": {"aweme_id": "6852434904383229184", "aweme_title": "90后也能年入百万？一对小夫妻开宾馆，仅用一招营销策略，轻松年入300W，你学会了吗？#商业思维 #策略", "aweme_url": "https://www.iesdouyin.com/share/video/6852434904383229184/?region=CN&mid=6852434816244140814&u_code=lekggh8ea01&titleType=title", "download_url": "https://www.chanmama.com/awemeDetail/6852434904383229184", "digg_count": 1595, "digg_incr": 1595, "aweme_create_time": 1595456839, "category": 15, "volume": 4, "amount": 236}, "author": {"author_id": "2400954127757471", "nickname": "智慧锦囊", "follower_count": 135484}}, {"aweme": {"aweme_id": "6852459094901607693", "aweme_title": "千万不要点我头像，怕你会爱上我#零基础爵士舞 #一分一秒舞蹈", "aweme_url": "https://www.iesdouyin.com/share/video/6852459094901607693/?region=CN&mid=6852459051861248775&u_code=0&titleType=title", "download_url": "https://www.chanmama.com/awemeDetail/6852459094901607693", "digg_count": 1837, "digg_incr": 1578, "aweme_create_time": 1595462470, "category": 15, "volume": 1, "amount": 199}, "author": {"author_id": "65309490536", "nickname": "黄冈0713", "follower_count": 622474}}, {"aweme": {"aweme_id": "6852345195539778823", "aweme_title": "崖山海战5:无数士大夫，带着民族气节投身入海。山河万里未相负，根骨不移是汉心。", "aweme_url": "https://www.iesdouyin.com/share/video/6852345195539778823/?region=CN&mid=6852345526600452878&u_code=3g7mc2761c4f&titleType=title", "download_url": "https://www.chanmama.com/awemeDetail/6852345195539778823", "digg_count": 2176, "digg_incr": 1574, "aweme_create_time": 1595436038, "category": 15, "volume": 0, "amount": 0}, "author": {"author_id": "1402624949619219", "nickname": "夜听历史·善曦", "follower_count": 108874}}, {"aweme": {"aweme_id": "6852595813835672832", "aweme_title": "掩护突分传切策应，再复杂也是这4大的平铺排列！#nba #篮球 #篮球战术 #nba吐槽大会", "aweme_url": "https://www.iesdouyin.com/share/video/6852595813835672832/?region=CN&mid=6852595874359544583&u_code=0&titleType=title", "download_url": "https://www.chanmama.com/awemeDetail/6852595813835672832", "digg_count": 2073, "digg_incr": 1547, "aweme_create_time": 1595494297, "category": 15, "volume": 0, "amount": 0}, "author": {"author_id": "59041598377", "nickname": "徐静雨", "follower_count": 820118}}, {"aweme": {"aweme_id": "6852619251379965187", "aweme_title": "#卡耐基 女人要提升自己的智慧，让自己更好的做选择#女人 #情感 #成长", "aweme_url": "https://www.iesdouyin.com/share/video/6852619251379965187/?region=CN&mid=6794420227453438728&u_code=0&titleType=title", "download_url": "https://www.chanmama.com/awemeDetail/6852619251379965187", "digg_count": 1809, "digg_incr": 1508, "aweme_create_time": 1595499759, "category": 15, "volume": 2, "amount": 72}, "author": {"author_id": "2840767931887966", "nickname": "成长心语", "follower_count": 175824}}, {"aweme": {"aweme_id": "6852657926474042628", "aweme_title": "#花样烦人精 谁说#经济不景气 ？那是你没本事。看“经营之圣”带你横扫任何行业！", "aweme_url": "https://www.iesdouyin.com/share/video/6852657926474042628/?region=CN&mid=6852657987707079438&u_code=0&titleType=title", "download_url": "https://www.chanmama.com/awemeDetail/6852657926474042628", "digg_count": 2398, "digg_incr": 1502, "aweme_create_time": 1595508761, "category": 15, "volume": 31, "amount": 1116}, "author": {"author_id": "2757220705508635", "nickname": "一书一课精品知识重庆店", "follower_count": 695652}}, {"aweme": {"aweme_id": "6852475255101934855", "aweme_title": "老天让谁亡，必先让其狂#国学 #国学经典 #老人言#dou@抖音小助手", "aweme_url": "https://www.iesdouyin.com/share/video/6852475255101934855/?region=CN&mid=6852475238299601678&u_code=4d70jcg12a12&titleType=title", "download_url": "https://www.chanmama.com/awemeDetail/6852475255101934855", "digg_count": 6549, "digg_incr": 1488, "aweme_create_time": 1595466230, "category": 15, "volume": 0, "amount": 0}, "author": {"author_id": "1011170803464878", "nickname": "国学明志", "follower_count": 117903}}, {"aweme": {"aweme_id": "6852597044834618631", "aweme_title": "女人想成就一番事业，首先要戒色#女性商业智慧 #陈昌文社群", "aweme_url": "https://www.iesdouyin.com/share/video/6852597044834618631/?region=CN&mid=6852597078251588359&u_code=3ikd933m2mhg&titleType=title", "download_url": "https://www.chanmama.com/awemeDetail/6852597044834618631", "digg_count": 2118, "digg_incr": 1479, "aweme_create_time": 1595494585, "category": 15, "volume": 0, "amount": 0}, "author": {"author_id": "641745105467725", "nickname": "孟母智慧", "follower_count": 212979}}, {"aweme": {"aweme_id": "6852595572185124108", "aweme_title": "你为什么想尽一切办法培养好孩子？这个故事告诉我们，圈子决定格局，格局决定出路！#格局 #圈子", "aweme_url": "https://www.iesdouyin.com/share/video/6852595572185124108/?region=CN&mid=6852595673301945096&u_code=2i2e63381j9e&titleType=title", "download_url": "https://www.chanmama.com/awemeDetail/6852595572185124108", "digg_count": 2310, "digg_incr": 1476, "aweme_create_time": 1595494247, "category": 15, "volume": 0, "amount": 0}, "author": {"author_id": "311893747580219", "nickname": "顶尖创思维", "follower_count": 179946}}, {"aweme": {"aweme_id": "6852626886825086221", "aweme_title": "如果你特别心软，一定要看#成长充电站 #学浪计划 #我的高考记忆", "aweme_url": "https://www.iesdouyin.com/share/video/6852626886825086221/?region=CN&mid=6852626922808085256&u_code=0&titleType=title", "download_url": "https://www.chanmama.com/awemeDetail/6852626886825086221", "digg_count": 2022, "digg_incr": 1466, "aweme_create_time": 1595501532, "category": 15, "volume": 13, "amount": 767}, "author": {"author_id": "1275064086696976", "nickname": "阿甘阅读会", "follower_count": 649570}}, {"aweme": {"aweme_id": "6852507632767421711", "aweme_title": "能把事情做顺的本质#高情商 #会说话", "aweme_url": "https://www.iesdouyin.com/share/video/6852507632767421711/?region=CN&mid=6852507670717467399&u_code=0&titleType=title", "download_url": "https://www.chanmama.com/awemeDetail/6852507632767421711", "digg_count": 1441, "digg_incr": 1441, "aweme_create_time": 1595473765, "category": 15, "volume": 8, "amount": 384}, "author": {"author_id": "1433395176684559", "nickname": "奋斗行动派", "follower_count": 274294}}, {"aweme": {"aweme_id": "6852597937399270667", "aweme_title": "不怕马王三只眼，就怕人怀两条心 #忠言逆耳  @抖音小助手", "aweme_url": "https://www.iesdouyin.com/share/video/6852597937399270667/?region=CN&mid=6852598111668390670&u_code=0&titleType=title", "download_url": "https://www.chanmama.com/awemeDetail/6852597937399270667", "digg_count": 2771, "digg_incr": 1440, "aweme_create_time": 1595494829, "category": 15, "volume": 3, "amount": 108}, "author": {"author_id": "1345410161975768", "nickname": "妙心慧境", "follower_count": 850341}}, {"aweme": {"aweme_id": "6852517468372487439", "aweme_title": "小学单位换算表#知识分享 家长给孩子收藏#抖音小助手", "aweme_url": "https://www.iesdouyin.com/share/video/6852517468372487439/?region=CN&mid=6842894863172651790&u_code=0&titleType=title", "download_url": "https://www.chanmama.com/awemeDetail/6852517468372487439", "digg_count": 2244, "digg_incr": 1427, "aweme_create_time": 1595476055, "category": 15, "volume": 0, "amount": 0}, "author": {"author_id": "4120596034632460", "nickname": "小敏老师", "follower_count": 511717}}, {"aweme": {"aweme_id": "6852534762335128847", "aweme_title": "三年级易错题：周期问题快速解决方法～#三年级 #数学 #解题技巧 @DOU+小助手", "aweme_url": "https://www.iesdouyin.com/share/video/6852534762335128847/?region=CN&mid=6846693794231225096&u_code=0&titleType=title", "download_url": "https://www.chanmama.com/awemeDetail/6852534762335128847", "digg_count": 2023, "digg_incr": 1424, "aweme_create_time": 1595480082, "category": 15, "volume": 2, "amount": 66.12}, "author": {"author_id": "63213765541", "nickname": "小学语文数学重点题型", "follower_count": 826821}}, {"aweme": {"aweme_id": "6852647377765977358", "aweme_title": "老公在外面有了地山者，该不该离婚呢？#抖音小助手 #第三者 #婚姻家庭", "aweme_url": "https://www.iesdouyin.com/share/video/6852647377765977358/?region=CN&mid=6852647442282744583&u_code=0&titleType=title", "download_url": "https://www.chanmama.com/awemeDetail/6852647377765977358", "digg_count": 70809, "digg_incr": 1417, "aweme_create_time": 1595506302, "category": 15, "volume": 0, "amount": 0}, "author": {"author_id": "63971570304", "nickname": "逻辑思维", "follower_count": 942052}}, {"aweme": {"aweme_id": "6852634330095832335", "aweme_title": "这是一个编剧都不敢编的真实“桥段”，茨维格《人类群星闪耀时》@DOU+小助手", "aweme_url": "https://www.iesdouyin.com/share/video/6852634330095832335/?region=CN&mid=6852634355953994510&u_code=0&titleType=title", "download_url": "https://www.chanmama.com/awemeDetail/6852634330095832335", "digg_count": 3635, "digg_incr": 1415, "aweme_create_time": 1595503264, "category": 15, "volume": 12, "amount": 456}, "author": {"author_id": "241516788324029", "nickname": "楠叔夜读", "follower_count": 783870}}, {"aweme": {"aweme_id": "6852471530455125255", "aweme_title": "#高情商 #会说话 #提升自己 #dou出新知", "aweme_url": "https://www.iesdouyin.com/share/video/6852471530455125255/?region=CN&mid=6852471516694350606&u_code=0&titleType=title", "download_url": "https://www.chanmama.com/awemeDetail/6852471530455125255", "digg_count": 1593, "digg_incr": 1415, "aweme_create_time": 1595465363, "category": 15, "volume": 7, "amount": 336}, "author": {"author_id": "1222270971285278", "nickname": "励志：正能量", "follower_count": 754547}}, {"aweme": {"aweme_id": "6852461476775578880", "aweme_title": "男女关系势均力敌才是永恒。#成长充电站 #云上大课堂", "aweme_url": "https://www.iesdouyin.com/share/video/6852461476775578880/?region=CN&mid=6852461455804025614&u_code=0&titleType=title", "download_url": "https://www.chanmama.com/awemeDetail/6852461476775578880", "digg_count": 2059, "digg_incr": 1415, "aweme_create_time": 1595463021, "category": 15, "volume": 0, "amount": 0}, "author": {"author_id": "68621341532", "nickname": "琳姐生意经（早上10点直播）", "follower_count": 609721}}, {"aweme": {"aweme_id": "6852500552601914628", "aweme_title": "如何驾驭有💰的老公#女性情感 #婚姻情感 #成长充电站", "aweme_url": "https://www.iesdouyin.com/share/video/6852500552601914628/?region=CN&mid=6852500599918168840&u_code=0&titleType=title", "download_url": "https://www.chanmama.com/awemeDetail/6852500552601914628", "digg_count": 1761, "digg_incr": 1410, "aweme_create_time": 1595472126, "category": 15, "volume": 0, "amount": 0}, "author": {"author_id": "97402138756", "nickname": "顶尖思维", "follower_count": 121818}}, {"aweme": {"aweme_id": "6852669227933945102", "aweme_title": "世界最强怪异科学家#瑞克和莫蒂 #你好火星 #穿搭@DOU+小助手", "aweme_url": "https://www.iesdouyin.com/share/video/6852669227933945102/?region=CN&mid=6852669238516206349&u_code=0&titleType=title", "download_url": "https://www.chanmama.com/awemeDetail/6852669227933945102", "digg_count": 1897, "digg_incr": 1408, "aweme_create_time": 1595511390, "category": 15, "volume": 0, "amount": 0}, "author": {"author_id": "60790818670", "nickname": "YoungGuns服装工作室", "follower_count": 127332}}, {"aweme": {"aweme_id": "6852519436738497807", "aweme_title": "台风来时，如果躲在圆形的柱子后面，该实验告诉你后果", "aweme_url": "https://www.iesdouyin.com/share/video/6852519436738497807/?region=CN&mid=6852519446473493262&u_code=0&titleType=title", "download_url": "https://www.chanmama.com/awemeDetail/6852519436738497807", "digg_count": 1995, "digg_incr": 1394, "aweme_create_time": 1595476514, "category": 15, "volume": 1, "amount": 89}, "author": {"author_id": "109837947136", "nickname": "中学物理", "follower_count": 610997}}, {"aweme": {"aweme_id": "6852435543641427203", "aweme_title": "什么样的女人最幸福？#陈果老师 #女人#幸福@抖音小助手", "aweme_url": "https://www.iesdouyin.com/share/video/6852435543641427203/?region=CN&mid=6851132211305548552&u_code=0&titleType=title", "download_url": "https://www.chanmama.com/awemeDetail/6852435543641427203", "digg_count": 2151, "digg_incr": 1361, "aweme_create_time": 1595457017, "category": 15, "volume": 1, "amount": 48}, "author": {"author_id": "3355361720412188", "nickname": "复旦陈果课堂", "follower_count": 294274}}, {"aweme": {"aweme_id": "6852612987178601741", "aweme_title": "湖北咸宁农村小伙张霁，放弃380万年薪入职华为#华为加油", "aweme_url": "https://www.iesdouyin.com/share/video/6852612987178601741/?region=CN&mid=6763143225659820808&u_code=0&titleType=title", "download_url": "https://www.chanmama.com/awemeDetail/6852612987178601741", "digg_count": 1417, "digg_incr": 1358, "aweme_create_time": 1595498296, "category": 15, "volume": 0, "amount": 0}, "author": {"author_id": "3509270093773779", "nickname": "成长•蜕变", "follower_count": 244567}}, {"aweme": {"aweme_id": "6852477704596376832", "aweme_title": "初中数学：人教版七年级上册教材思维导图，暑假预习必备！", "aweme_url": "https://www.iesdouyin.com/share/video/6852477704596376832/?region=CN&mid=6822188102959303431&u_code=0&titleType=title", "download_url": "https://www.chanmama.com/awemeDetail/6852477704596376832", "digg_count": 1464, "digg_incr": 1352, "aweme_create_time": 1595466798, "category": 15, "volume": 2, "amount": 99.8}, "author": {"author_id": "382281623018387", "nickname": "数学于老师(初中）", "follower_count": 207123}}, {"aweme": {"aweme_id": "6852632190639951104", "aweme_title": "一对哑铃搞定手臂！让你玩爆肱二头肌！#健身 #哑铃 #臂力", "aweme_url": "https://www.iesdouyin.com/share/video/6852632190639951104/?region=CN&mid=6852632213914225415&u_code=0&titleType=title", "download_url": "https://www.chanmama.com/awemeDetail/6852632190639951104", "digg_count": 2289, "digg_incr": 1338, "aweme_create_time": 1595502766, "category": 15, "volume": 0, "amount": 0}, "author": {"author_id": "276680044446364", "nickname": "健美冠军王森贵", "follower_count": 601502}}, {"aweme": {"aweme_id": "6852591719586876672", "aweme_title": "善财难舍，人这一生，都有因果，不懂得舍去，就不会有得到#舍得", "aweme_url": "https://www.iesdouyin.com/share/video/6852591719586876672/?region=CN&mid=6852591742986767117&u_code=3h4bi6gl093k&titleType=title", "download_url": "https://www.chanmama.com/awemeDetail/6852591719586876672", "digg_count": 1321, "digg_incr": 1321, "aweme_create_time": 1595493344, "category": 15, "volume": 5, "amount": 249}, "author": {"author_id": "3579602984514430", "nickname": "德云·语录馆", "follower_count": 263825}}, {"aweme": {"aweme_id": "6852469229782928648", "aweme_title": "发现它就是发现水源", "aweme_url": "https://www.iesdouyin.com/share/video/6852469229782928648/?region=CN&mid=6852469273837374215&u_code=0&titleType=title", "download_url": "https://www.chanmama.com/awemeDetail/6852469229782928648", "digg_count": 2084, "digg_incr": 1316, "aweme_create_time": 1595464841, "category": 15, "volume": 9, "amount": 342}, "author": {"author_id": "3368525329608941", "nickname": "百草归真", "follower_count": 360268}}, {"aweme": {"aweme_id": "6852513828970777860", "aweme_title": "【板钢筋弯钩】锚固计算！板筋1/2开始布置，图集中错误说法！#建筑识图 #建筑工程 #建筑 #建造师", "aweme_url": "https://www.iesdouyin.com/share/video/6852513828970777860/?region=CN&mid=6852513891113585421&u_code=0&titleType=title", "download_url": "https://www.chanmama.com/awemeDetail/6852513828970777860", "digg_count": 1989, "digg_incr": 1296, "aweme_create_time": 1595475217, "category": 15, "volume": 2, "amount": 258}, "author": {"author_id": "1033179485710829", "nickname": "建筑工程师-王小昱", "follower_count": 134178}}, {"aweme": {"aweme_id": "6852621804737940749", "aweme_title": "这是一个很现实骨感又客观存在的一个问题，你怎么看? #养儿育女#传统文化@父母堂", "aweme_url": "https://www.iesdouyin.com/share/video/6852621804737940749/?region=CN&mid=6852621914725255950&u_code=0&titleType=title", "download_url": "https://www.chanmama.com/awemeDetail/6852621804737940749", "digg_count": 1728, "digg_incr": 1287, "aweme_create_time": 1595500367, "category": 15, "volume": 1, "amount": 35}, "author": {"author_id": "106626482033", "nickname": "思维导引", "follower_count": 403479}}, {"aweme": {"aweme_id": "6852339776440290574", "aweme_title": "小夫妻辞职后开宾馆，学会一招让年收入达300W，看懂的人都具备商业头脑！#策略 #思维 #励志 @抖音小助手", "aweme_url": "https://www.iesdouyin.com/share/video/6852339776440290574/?region=CN&mid=6852245477384112909&u_code=0&titleType=title", "download_url": "https://www.chanmama.com/awemeDetail/6852339776440290574", "digg_count": 1313, "digg_incr": 1275, "aweme_create_time": 1595434691, "category": 15, "volume": 23, "amount": 1398}, "author": {"author_id": "1996315393528976", "nickname": "悟道", "follower_count": 18675}}, {"aweme": {"aweme_id": "6852678439703547151", "aweme_title": "看正常人如何被“精神病”吊打！《天才在左，疯子在右》", "aweme_url": "https://www.iesdouyin.com/share/video/6852678439703547151/?region=CN&mid=6852678496733399821&u_code=0&titleType=title", "download_url": "https://www.chanmama.com/awemeDetail/6852678439703547151", "digg_count": 1578, "digg_incr": 1259, "aweme_create_time": 1595513539, "category": 15, "volume": 1, "amount": 0}, "author": {"author_id": "241516788324029", "nickname": "楠叔夜读", "follower_count": 783870}}, {"aweme": {"aweme_id": "6852518923607264526", "aweme_title": "#思维 #情感 什么样的男人才值得你嫁？", "aweme_url": "https://www.iesdouyin.com/share/video/6852518923607264526/?region=CN&mid=6852518934202813191&u_code=0&titleType=title", "download_url": "https://www.chanmama.com/awemeDetail/6852518923607264526", "digg_count": 1980, "digg_incr": 1257, "aweme_create_time": 1595476396, "category": 15, "volume": 1, "amount": 398}, "author": {"author_id": "1701697776270216", "nickname": "周姐", "follower_count": 214294}}, {"aweme": {"aweme_id": "6852555953053682958", "aweme_title": "当头炮的核心技术，学会再也不怕对手抢挺两头蛇 @DOU+小助手", "aweme_url": "https://www.iesdouyin.com/share/video/6852555953053682958/?region=CN&mid=6852556199347473165&u_code=0&titleType=title", "download_url": "https://www.chanmama.com/awemeDetail/6852555953053682958", "digg_count": 1297, "digg_incr": 1243, "aweme_create_time": 1595496600, "category": 15, "volume": 0, "amount": 0}, "author": {"author_id": "103634371504", "nickname": "象棋风繁讲棋", "follower_count": 872782}}, {"aweme": {"aweme_id": "6852614994069032207", "aweme_title": "太多人忽略这个问题，所以给大家提个醒儿。#职场 #成长充电站", "aweme_url": "https://www.iesdouyin.com/share/video/6852614994069032207/?region=CN&mid=6852615030337178381&u_code=0&titleType=title", "download_url": "https://www.chanmama.com/awemeDetail/6852614994069032207", "digg_count": 1697, "digg_incr": 1241, "aweme_create_time": 1595498762, "category": 15, "volume": 0, "amount": 0}, "author": {"author_id": "69437257329", "nickname": "天津德才职场训练营", "follower_count": 208980}}, {"aweme": {"aweme_id": "6852511944004472072", "aweme_title": "#局里新来的年轻人 生活像一把无情刻刀你应该拼尽全力#电视剧岁月  #沧浪之水", "aweme_url": "https://www.iesdouyin.com/share/video/6852511944004472072/?region=CN&mid=6852512114498734856&u_code=0&titleType=title", "download_url": "https://www.chanmama.com/awemeDetail/6852511944004472072", "digg_count": 1429, "digg_incr": 1232, "aweme_create_time": 1595474792, "category": 15, "volume": 0, "amount": 0}, "author": {"author_id": "2035938266981437", "nickname": "大力出奇迹佛系剪辑", "follower_count": 421345}}, {"aweme": {"aweme_id": "6852438769790881037", "aweme_title": "对女人越好的男人，越容易发财！#朗读爱好者 #情感正能量 #名人 @抖音小助手", "aweme_url": "https://www.iesdouyin.com/share/video/6852438769790881037/?region=CN&mid=6852438717471263495&u_code=0&titleType=title", "download_url": "https://www.chanmama.com/awemeDetail/6852438769790881037", "digg_count": 1856, "digg_incr": 1229, "aweme_create_time": 1595457741, "category": 15, "volume": 1, "amount": 48}, "author": {"author_id": "104183934742", "nickname": "朗读爱好者📖", "follower_count": 848365}}, {"aweme": {"aweme_id": "6852451496273956107", "aweme_title": "#二年级 #语文  一直期待的语文重点知识集锦终于收到了，每篇课文的知识和单元总结，假期必备❤️", "aweme_url": "https://www.iesdouyin.com/share/video/6852451496273956107/?region=CN&mid=6762362881485835015&u_code=0&titleType=title", "download_url": "https://www.chanmama.com/awemeDetail/6852451496273956107", "digg_count": 1275, "digg_incr": 1216, "aweme_create_time": 1595460715, "category": 15, "volume": 120, "amount": 4680}, "author": {"author_id": "3038687264259564", "nickname": "家有悠浩", "follower_count": 572698}}, {"aweme": {"aweme_id": "6852539972013051151", "aweme_title": "塔里木盆地地形#塔里木盆地 #地理", "aweme_url": "https://www.iesdouyin.com/share/video/6852539972013051151/?region=CN&mid=6852539967982275341&u_code=0&titleType=title", "download_url": "https://www.chanmama.com/awemeDetail/6852539972013051151", "digg_count": 3644, "digg_incr": 1210, "aweme_create_time": 1595481295, "category": 15, "volume": 0, "amount": 0}, "author": {"author_id": "88306885588", "nickname": "和你一起观世界（地形）", "follower_count": 858834}}, {"aweme": {"aweme_id": "6852519960871292160", "aweme_title": "#高情商#即兴讲话#聊天话术#dou出新知 @抖音小助手", "aweme_url": "https://www.iesdouyin.com/share/video/6852519960871292160/?region=CN&mid=6852519976130120455&u_code=0&titleType=title", "download_url": "https://www.chanmama.com/awemeDetail/6852519960871292160", "digg_count": 1477, "digg_incr": 1199, "aweme_create_time": 1595476636, "category": 15, "volume": 6, "amount": 288}, "author": {"author_id": "377823783035360", "nickname": "创辉煌", "follower_count": 281019}}, {"aweme": {"aweme_id": "6852453045712784652", "aweme_title": "易经真的能救命么？#易经文化 #易经 #中国文化博大精深 @抖音小助手 @企业号小助手", "aweme_url": "https://www.iesdouyin.com/share/video/6852453045712784652/?region=CN&mid=6852453086594697997&u_code=0&titleType=title", "download_url": "https://www.chanmama.com/awemeDetail/6852453045712784652", "digg_count": 1949, "digg_incr": 1193, "aweme_create_time": 1595461078, "category": 15, "volume": 0, "amount": 0}, "author": {"author_id": "101849997176", "nickname": "神州丰瑞", "follower_count": 777471}}, {"aweme": {"aweme_id": "6852429972733218056", "aweme_title": "渡人者自渡之。#智慧 #教育 #学习#洛克菲勒", "aweme_url": "https://www.iesdouyin.com/share/video/6852429972733218056/?region=CN&mid=6852429911282518791&u_code=0&titleType=title", "download_url": "https://www.chanmama.com/awemeDetail/6852429972733218056", "digg_count": 1180, "digg_incr": 1180, "aweme_create_time": 1595455699, "category": 15, "volume": 4, "amount": 144}, "author": {"author_id": "923234458666220", "nickname": "悟🙏禅", "follower_count": 124367}}, {"aweme": {"aweme_id": "6852640443235044616", "aweme_title": "玩了这么久的抖音，才知道有这个功能。", "aweme_url": "https://www.iesdouyin.com/share/video/6852640443235044616/?region=CN&mid=6852640461547457294&u_code=0&titleType=title", "download_url": "https://www.chanmama.com/awemeDetail/6852640443235044616", "digg_count": 1282, "digg_incr": 1175, "aweme_create_time": 1595504688, "category": 15, "volume": 0, "amount": 0}, "author": {"author_id": "105640290122", "nickname": "🔥柳州大叔®🔥", "follower_count": 568867}}, {"aweme": {"aweme_id": "6852459926510456078", "aweme_title": "#八王之乱 #五胡乱华 时期是整个汉民族的噩梦，而这一切都是由于西晋的不稳定造成的#历史 #中国通史", "aweme_url": "https://www.iesdouyin.com/share/video/6852459926510456078/?region=CN&mid=6852459942666832653&u_code=0&titleType=title", "download_url": "https://www.chanmama.com/awemeDetail/6852459926510456078", "digg_count": 1224, "digg_incr": 1168, "aweme_create_time": 1595462664, "category": 15, "volume": 0, "amount": 0}, "author": {"author_id": "62273926162", "nickname": "育哥", "follower_count": 190243}}, {"aweme": {"aweme_id": "6852652426818833678", "aweme_title": "#育儿 孩子成绩差该怎么办，家长请看完这条励志视频@DOU+小助手", "aweme_url": "https://www.iesdouyin.com/share/video/6852652426818833678/?region=CN&mid=6852652614959123214&u_code=0&titleType=title", "download_url": "https://www.chanmama.com/awemeDetail/6852652426818833678", "digg_count": 2270, "digg_incr": 1161, "aweme_create_time": 1595507499, "category": 15, "volume": 0, "amount": 0}, "author": {"author_id": "99628068400", "nickname": "李教授育儿", "follower_count": 150872}}, {"aweme": {"aweme_id": "6852443720055409934", "aweme_title": "用英语介绍自己的老师。", "aweme_url": "https://www.iesdouyin.com/share/video/6852443720055409934/?region=CN&mid=6852443679928453896&u_code=0&titleType=title", "download_url": "https://www.chanmama.com/awemeDetail/6852443720055409934", "digg_count": 1343, "digg_incr": 1153, "aweme_create_time": 1595458893, "category": 15, "volume": 1, "amount": 9.9}, "author": {"author_id": "67207739031", "nickname": "崔骄峰英语词汇与写作", "follower_count": 133464}}, {"aweme": {"aweme_id": "6852619567064190222", "aweme_title": "你的好运和福报都藏在你的善良里面～#修行修心#但行好事莫问前程#国学吉吉#吉吉学堂", "aweme_url": "https://www.iesdouyin.com/share/video/6852619567064190222/?region=CN&mid=6852619589533125389&u_code=0&titleType=title", "download_url": "https://www.chanmama.com/awemeDetail/6852619567064190222", "digg_count": 1314, "digg_incr": 1153, "aweme_create_time": 1595499828, "category": 15, "volume": 0, "amount": 0}, "author": {"author_id": "110936211479", "nickname": "国学吉吉", "follower_count": 606562}}, {"aweme": {"aweme_id": "6852572079812775176", "aweme_title": "女人要求结婚房产证写她名字，但又不出资买房，怎么办？", "aweme_url": "https://www.iesdouyin.com/share/video/6852572079812775176/?region=CN&mid=6852572096661342984&u_code=0&titleType=title", "download_url": "https://www.chanmama.com/awemeDetail/6852572079812775176", "digg_count": 1397, "digg_incr": 1142, "aweme_create_time": 1595488772, "category": 15, "volume": 0, "amount": 0}, "author": {"author_id": "3548861411629949", "nickname": "情圣王谈恋爱", "follower_count": 330339}}, {"aweme": {"aweme_id": "6852494834742070528", "aweme_title": "#创业 #职场 #投资", "aweme_url": "https://www.iesdouyin.com/share/video/6852494834742070528/?region=CN&mid=6852494829592218382&u_code=0&titleType=title", "download_url": "https://www.chanmama.com/awemeDetail/6852494834742070528", "digg_count": 1687, "digg_incr": 1077, "aweme_create_time": 1595470786, "category": 15, "volume": 1, "amount": 125}, "author": {"author_id": "52159949997", "nickname": "丁鹏听讲秀", "follower_count": 341595}}, {"aweme": {"aweme_id": "6852474588631272707", "aweme_title": "#任正非 #华为", "aweme_url": "https://www.iesdouyin.com/share/video/6852474588631272707/?region=CN&mid=6852474611070749448&u_code=0&titleType=title", "download_url": "https://www.chanmama.com/awemeDetail/6852474588631272707", "digg_count": 1225, "digg_incr": 1074, "aweme_create_time": 1595466086, "category": 15, "volume": 1, "amount": 38}, "author": {"author_id": "448232489490220", "nickname": "修心.", "follower_count": 149921}}]}