{"data": [{"aweme": {"aweme_id": "6852524410977389824", "aweme_title": "洋气休闲的一套，酷帅有型显身段，面料透气不闷热，出门这样穿显瘦又显高#穿搭 #显瘦穿搭@DOU+小助手", "aweme_url": "https://www.iesdouyin.com/share/video/6852524410977389824/?region=CN&mid=6723989549162171147&u_code=0&titleType=title", "download_url": "https://www.chanmama.com/awemeDetail/6852524410977389824", "digg_count": 187258, "digg_incr": 130896, "aweme_create_time": 1595477678, "category": 2, "volume": 5278, "amount": 258622}, "author": {"author_id": "99144022204", "nickname": "鑫衣尚女装店", "follower_count": 698247}}, {"aweme": {"aweme_id": "6852612714234154255", "aweme_title": "#男生搭配 #鞋子 你喜欢vans？你喜欢converse？@物空LOOKUN试衣间", "aweme_url": "https://www.iesdouyin.com/share/video/6852612714234154255/?region=CN&mid=6852612737323813645&u_code=0&titleType=title", "download_url": "https://www.chanmama.com/awemeDetail/6852612714234154255", "digg_count": 111102, "digg_incr": 71917, "aweme_create_time": 1595498231, "category": 2, "volume": 13, "amount": 1085}, "author": {"author_id": "111522277399", "nickname": "物空", "follower_count": 473282}}, {"aweme": {"aweme_id": "6852599838396271887", "aweme_title": "酒没了可以再买，感情淡了就什么都没了#摇骰子 #喝酒 @笑脸", "aweme_url": "https://www.iesdouyin.com/share/video/6852599838396271887/?region=CN&mid=6852599872005163784&u_code=0&titleType=title", "download_url": "https://www.chanmama.com/awemeDetail/6852599838396271887", "digg_count": 71350, "digg_incr": 42930, "aweme_create_time": 1595495234, "category": 2, "volume": 2, "amount": 119.8}, "author": {"author_id": "105952862472", "nickname": "贺州小伙李开心", "follower_count": 159997}}, {"aweme": {"aweme_id": "6852575568618114319", "aweme_title": "你们说 下次穿羽绒服拍怎样 #舞蹈 #潘玮柏tobeloved双人舞 @潘玮柏", "aweme_url": "https://www.iesdouyin.com/share/video/6852575568618114319/?region=CN&mid=6849194041997789186&u_code=0&titleType=title", "download_url": "https://www.chanmama.com/awemeDetail/6852575568618114319", "digg_count": 40273, "digg_incr": 39834, "aweme_create_time": 1595489583, "category": 2, "volume": 9, "amount": 801}, "author": {"author_id": "360259853746685", "nickname": "工藤心仪", "follower_count": 444501}}, {"aweme": {"aweme_id": "6852617687047146765", "aweme_title": "#气质套装  晚上8:00直播直播间等你们哦", "aweme_url": "https://www.iesdouyin.com/share/video/6852617687047146765/?region=CN&mid=6841871436567890695&u_code=0&titleType=title", "download_url": "https://www.chanmama.com/awemeDetail/6852617687047146765", "digg_count": 22039, "digg_incr": 18607, "aweme_create_time": 1595499390, "category": 2, "volume": 0, "amount": 0}, "author": {"author_id": "106033275971", "nickname": "西安韩品名服", "follower_count": 217553}}, {"aweme": {"aweme_id": "6852374734177324295", "aweme_title": "洋气十足的一款纯棉卫衣拼接水洗牛仔领口，百搭男宝女宝。 #童装热门", "aweme_url": "https://www.iesdouyin.com/share/video/6852374734177324295/?region=CN&mid=6852375701539064583&u_code=45a6gmj0h2h&titleType=title", "download_url": "https://www.chanmama.com/awemeDetail/6852374734177324295", "digg_count": 18667, "digg_incr": 16050, "aweme_create_time": 1595443099, "category": 2, "volume": 1939, "amount": 93072}, "author": {"author_id": "72540049891", "nickname": "壹辰童品", "follower_count": 35472}}, {"aweme": {"aweme_id": "6852532968313916686", "aweme_title": "再厚实的肩膀都不如自身的强大💪第三套你们喜欢吗？", "aweme_url": "https://www.iesdouyin.com/share/video/6852532968313916686/?region=CN&mid=6780248608844647171&u_code=0&titleType=title", "download_url": "https://www.chanmama.com/awemeDetail/6852532968313916686", "digg_count": 14520, "digg_incr": 11356, "aweme_create_time": 1595479666, "category": 2, "volume": 0, "amount": 0}, "author": {"author_id": "399839012074615", "nickname": "火烈鸟服装设计工作室", "follower_count": 31965}}, {"aweme": {"aweme_id": "6852341364282166528", "aweme_title": "男士速干套装，跑步运动健身好看又便宜！#我的高光时刻 #男装搭配 #上热门", "aweme_url": "https://www.iesdouyin.com/share/video/6852341364282166528/?region=CN&mid=6804429194786753292&u_code=0&titleType=title", "download_url": "https://www.chanmama.com/awemeDetail/6852341364282166528", "digg_count": 10220, "digg_incr": 9746, "aweme_create_time": 1595435058, "category": 2, "volume": 856, "amount": 34154.4}, "author": {"author_id": "92704449964", "nickname": "焦点商贸", "follower_count": 51296}}, {"aweme": {"aweme_id": "6852443890004380935", "aweme_title": "我本身就不是一个主动的人，几乎不主动找人聊天，不主动约人，能让我主动的人，真的是打心眼里喜欢#dou+小助手", "aweme_url": "https://www.iesdouyin.com/share/video/6852443890004380935/?region=CN&mid=6850619568294710023&u_code=0&titleType=title", "download_url": "https://www.chanmama.com/awemeDetail/6852443890004380935", "digg_count": 8197, "digg_incr": 7400, "aweme_create_time": 1595458932, "category": 2, "volume": 1004, "amount": 49196}, "author": {"author_id": "1525723872637332", "nickname": "萌萌时尚穿搭", "follower_count": 28949}}, {"aweme": {"aweme_id": "6852566149536730368", "aweme_title": "人还是刚开始认识的时候好 虚伪又礼貌", "aweme_url": "https://www.iesdouyin.com/share/video/6852566149536730368/?region=CN&mid=6841499923549145864&u_code=l53274g3i74&titleType=title", "download_url": "https://www.chanmama.com/awemeDetail/6852566149536730368", "digg_count": 13549, "digg_incr": 7330, "aweme_create_time": 1595487390, "category": 2, "volume": 1, "amount": 130}, "author": {"author_id": "71906008639", "nickname": "fafaocco", "follower_count": 369110}}, {"aweme": {"aweme_id": "6852532992309579012", "aweme_title": "建议:女孩子就应该提前买好秋天的衣服 #夏天 #厦门", "aweme_url": "https://www.iesdouyin.com/share/video/6852532992309579012/?region=CN&mid=6827032743130860296&u_code=l53274g3i74&titleType=title", "download_url": "https://www.chanmama.com/awemeDetail/6852532992309579012", "digg_count": 8934, "digg_incr": 7216, "aweme_create_time": 1595479679, "category": 2, "volume": 4, "amount": 372}, "author": {"author_id": "60826544312", "nickname": "蔡幼婷-", "follower_count": 20466}}, {"aweme": {"aweme_id": "6852611684427746564", "aweme_title": "男人就是可以不用但必须要有啊？#抖音小助手", "aweme_url": "https://www.iesdouyin.com/share/video/6852611684427746564/?region=CN&mid=6852611732548946701&u_code=45a6gmj0h2h&titleType=title", "download_url": "https://www.chanmama.com/awemeDetail/6852611684427746564", "digg_count": 7423, "digg_incr": 6667, "aweme_create_time": 1595497997, "category": 2, "volume": 0, "amount": 0}, "author": {"author_id": "60296452269", "nickname": "王小二很皮❗️", "follower_count": 435697}}, {"aweme": {"aweme_id": "6852543834522455309", "aweme_title": "那份天真还在吗", "aweme_url": "https://www.iesdouyin.com/share/video/6852543834522455309/?region=CN&mid=6848966594975779598&u_code=0&titleType=title", "download_url": "https://www.chanmama.com/awemeDetail/6852543834522455309", "digg_count": 8951, "digg_incr": 6527, "aweme_create_time": 1595482196, "category": 2, "volume": 2, "amount": 178}, "author": {"author_id": "2809950588375389", "nickname": "小梅尼耶", "follower_count": 541387}}, {"aweme": {"aweme_id": "6852502412033264911", "aweme_title": "爆🔥的工装休闲裤，插口腰带太喜欢了，搭件修身上衣拉长身材比例，显瘦又显高哦#穿搭 #时尚穿搭 #显瘦穿搭", "aweme_url": "https://www.iesdouyin.com/share/video/6852502412033264911/?region=CN&mid=6787309109906590475&u_code=3ghh3kbgkj6b&titleType=title", "download_url": "https://www.chanmama.com/awemeDetail/6852502412033264911", "digg_count": 8506, "digg_incr": 6348, "aweme_create_time": 1595472550, "category": 2, "volume": 16, "amount": 798.4}, "author": {"author_id": "99144022204", "nickname": "鑫衣尚女装店", "follower_count": 698247}}, {"aweme": {"aweme_id": "6852491882891709696", "aweme_title": "没有对比就没有我们的目标这款太美了#穿搭 #女装新品日 #你好火星 @我要上热门 @DOU+小助手", "aweme_url": "https://www.iesdouyin.com/share/video/6852491882891709696/?region=CN&mid=6852491871290198798&u_code=39cg4e7jc9mg&titleType=title", "download_url": "https://www.chanmama.com/awemeDetail/6852491882891709696", "digg_count": 5364, "digg_incr": 5414, "aweme_create_time": 1595470099, "category": 2, "volume": 250, "amount": 16294}, "author": {"author_id": "97223506995", "nickname": "常熟密码服饰有限公司", "follower_count": 390179}}, {"aweme": {"aweme_id": "6852615688255835407", "aweme_title": "这样的女孩请对号入座#说唱", "aweme_url": "https://www.iesdouyin.com/share/video/6852615688255835407/?region=CN&mid=6852615705948080910&u_code=45a6gmj0h2h&titleType=title", "download_url": "https://www.chanmama.com/awemeDetail/6852615688255835407", "digg_count": 9605, "digg_incr": 5295, "aweme_create_time": 1595498924, "category": 2, "volume": 2, "amount": 176}, "author": {"author_id": "55651842931", "nickname": "红中Redok", "follower_count": 865652}}, {"aweme": {"aweme_id": "6852492178149756160", "aweme_title": "这也太A了吧#秋季穿搭", "aweme_url": "https://www.iesdouyin.com/share/video/6852492178149756160/?region=CN&mid=6852492176694250247&u_code=0&titleType=title", "download_url": "https://www.chanmama.com/awemeDetail/6852492178149756160", "digg_count": 8657, "digg_incr": 5133, "aweme_create_time": 1595470168, "category": 2, "volume": 0, "amount": 0}, "author": {"author_id": "61986754338", "nickname": "致橡树", "follower_count": 581909}}, {"aweme": {"aweme_id": "6852537997280218375", "aweme_title": "这是你们要的蓝莓噢~#传说之下 #bbox", "aweme_url": "https://www.iesdouyin.com/share/video/6852537997280218375/?region=CN&mid=6852537991592741646&u_code=0&titleType=title", "download_url": "https://www.chanmama.com/awemeDetail/6852537997280218375", "digg_count": 5422, "digg_incr": 4636, "aweme_create_time": 1595480836, "category": 2, "volume": 0, "amount": 0}, "author": {"author_id": "3702767095650212", "nickname": "泰B~", "follower_count": 159403}}, {"aweme": {"aweme_id": "6852431346095181070", "aweme_title": "谁说矮个子女生不能穿牛仔裤，我家这个你试试，显瘦显高又洋气", "aweme_url": "https://www.iesdouyin.com/share/video/6852431346095181070/?region=CN&mid=6823152141700958989&u_code=166g85mja8h1&titleType=title", "download_url": "https://www.chanmama.com/awemeDetail/6852431346095181070", "digg_count": 4361, "digg_incr": 4284, "aweme_create_time": 1595456019, "category": 2, "volume": 165, "amount": 9883.5}, "author": {"author_id": "3298163996504663", "nickname": "常熟市阑桂坊服装商行", "follower_count": 219605}}, {"aweme": {"aweme_id": "6852623410569284864", "aweme_title": "哥哥们，快来哦看我今天有哪里不一样嘛🤪#上热门 #我的高光一刻 #男装穿搭", "aweme_url": "https://www.iesdouyin.com/share/video/6852623410569284864/?region=CN&mid=6818858524002093832&u_code=1i449hc52m07&titleType=title", "download_url": "https://www.chanmama.com/awemeDetail/6852623410569284864", "digg_count": 4310, "digg_incr": 4255, "aweme_create_time": 1595500722, "category": 2, "volume": 7, "amount": 343}, "author": {"author_id": "2682455007961152", "nickname": "常熟乐腾服饰有限公司", "follower_count": 32851}}, {"aweme": {"aweme_id": "6852561095618530572", "aweme_title": "什么都在涨价 、只有人心越来越廉价👉", "aweme_url": "https://www.iesdouyin.com/share/video/6852561095618530572/?region=CN&mid=6852561137440344846&u_code=0&titleType=title", "download_url": "https://www.chanmama.com/awemeDetail/6852561095618530572", "digg_count": 6849, "digg_incr": 4248, "aweme_create_time": 1595486223, "category": 2, "volume": 20, "amount": 1980}, "author": {"author_id": "94946189190", "nickname": "大码楠楠服饰", "follower_count": 130131}}, {"aweme": {"aweme_id": "6852435212262001935", "aweme_title": "锻炼腰部，减掉腰部赘肉#曳步舞 #教学 #全民健身 #每天坚持锻炼 #运动贵在坚持 @抖音小助手", "aweme_url": "https://www.iesdouyin.com/share/video/6852435212262001935/?region=CN&mid=6852435112540162829&u_code=45a6gmj0h2h&titleType=title", "download_url": "https://www.chanmama.com/awemeDetail/6852435212262001935", "digg_count": 4485, "digg_incr": 4119, "aweme_create_time": 1595456911, "category": 2, "volume": 0, "amount": 0}, "author": {"author_id": "1692895611191784", "nickname": "曳步舞可可", "follower_count": 491298}}, {"aweme": {"aweme_id": "6852485835691019532", "aweme_title": "微风轻轻起 我好喜欢你. 你是极简主义者嘛？#初秋穿搭 @DOU+小助手", "aweme_url": "https://www.iesdouyin.com/share/video/6852485835691019532/?region=CN&mid=6850055444669811463&u_code=45a6gmj0h2h&titleType=title", "download_url": "https://www.chanmama.com/awemeDetail/6852485835691019532", "digg_count": 4091, "digg_incr": 4079, "aweme_create_time": 1595468702, "category": 2, "volume": 5, "amount": 1350}, "author": {"author_id": "88212961979", "nickname": "鹿城区鹏易服饰", "follower_count": 7466}}, {"aweme": {"aweme_id": "6852467528610893056", "aweme_title": "黑色polo领迷彩工装裤，这也太帅气了吧！！！", "aweme_url": "https://www.iesdouyin.com/share/video/6852467528610893056/?region=CN&mid=6849464956136557319&u_code=45a6gmj0h2h&titleType=title", "download_url": "https://www.chanmama.com/awemeDetail/6852467528610893056", "digg_count": 6430, "digg_incr": 3715, "aweme_create_time": 1595464429, "category": 2, "volume": 487, "amount": 25611.299999999996}, "author": {"author_id": "60365552841", "nickname": "常熟市服装城陈志君服装商行", "follower_count": 459288}}, {"aweme": {"aweme_id": "6852531914474081551", "aweme_title": "历届s赛主题曲盘点（s1-s10）#电竞", "aweme_url": "https://www.iesdouyin.com/share/video/6852531914474081551/?region=CN&mid=6852531932652768008&u_code=97f0ifd2me1&titleType=title", "download_url": "https://www.chanmama.com/awemeDetail/6852531914474081551", "digg_count": 4768, "digg_incr": 3693, "aweme_create_time": 1595479419, "category": 2, "volume": 5, "amount": 290}, "author": {"author_id": "73315244703", "nickname": "谷主", "follower_count": 951319}}, {"aweme": {"aweme_id": "6852547347575082254", "aweme_title": "为啥男生投篮的时候不翘腿？是怕我去抓你嘛？😬#湖人总冠军 #科比#詹姆斯#nba#篮球#直播#你好火星", "aweme_url": "https://www.iesdouyin.com/share/video/6852547347575082254/?region=CN&mid=6595856205686672132&u_code=4786ih644kfh&titleType=title", "download_url": "https://www.chanmama.com/awemeDetail/6852547347575082254", "digg_count": 4242, "digg_incr": 3659, "aweme_create_time": 1595483014, "category": 2, "volume": 41, "amount": 3239}, "author": {"author_id": "3315730416405357", "nickname": "赤木晴子", "follower_count": 301801}}, {"aweme": {"aweme_id": "6852469837839486222", "aweme_title": "#和你一起dou安好  @日照市文旅集团韩德君放弃防守关心胡明轩真是暖了辽粤球迷的心#dou来cba", "aweme_url": "https://www.iesdouyin.com/share/video/6852469837839486222/?region=CN&mid=6851873506528217869&u_code=45a6gmj0h2h&titleType=title", "download_url": "https://www.chanmama.com/awemeDetail/6852469837839486222", "digg_count": 4553, "digg_incr": 3630, "aweme_create_time": 1595464969, "category": 2, "volume": 0, "amount": 0}, "author": {"author_id": "95190374027", "nickname": "辽篮球迷后援会", "follower_count": 506681}}, {"aweme": {"aweme_id": "6852691180501601536", "aweme_title": "2020夏季新款男款衬衫，好看又便宜！#上热门 #秒杀 @抖音小助手", "aweme_url": "https://www.iesdouyin.com/share/video/6852691180501601536/?region=CN&mid=6852691185459301133&u_code=4g6988fcck5e&titleType=title", "download_url": "https://www.chanmama.com/awemeDetail/6852691180501601536", "digg_count": 4842, "digg_incr": 3450, "aweme_create_time": 1595516501, "category": 2, "volume": 13, "amount": 738.4}, "author": {"author_id": "3702782644719950", "nickname": "遇见最好的你", "follower_count": 119002}}, {"aweme": {"aweme_id": "6852483431394217224", "aweme_title": "#宝宝连体衣   纯棉软牛仔带帽，宝宝穿上非常洋气，正在直播，", "aweme_url": "https://www.iesdouyin.com/share/video/6852483431394217224/?region=CN&mid=6852483511991962381&u_code=0&titleType=title", "download_url": "https://www.chanmama.com/awemeDetail/6852483431394217224", "digg_count": 3398, "digg_incr": 3382, "aweme_create_time": 1595468152, "category": 2, "volume": 328, "amount": 12759.199999999999}, "author": {"author_id": "75446142702", "nickname": "慕哲婴幼儿服饰（每天上午10点直播）", "follower_count": 101278}}, {"aweme": {"aweme_id": "6852572254799219983", "aweme_title": "什么都不服 就服我家裤子#每日分享穿搭", "aweme_url": "https://www.iesdouyin.com/share/video/6852572254799219983/?region=CN&mid=6828375924871252749&u_code=45a6gmj0h2h&titleType=title", "download_url": "https://www.chanmama.com/awemeDetail/6852572254799219983", "digg_count": 3167, "digg_incr": 3072, "aweme_create_time": 1595488812, "category": 2, "volume": 58, "amount": 3422}, "author": {"author_id": "59690141385", "nickname": "鑫良服装商行", "follower_count": 794843}}, {"aweme": {"aweme_id": "6852404060142718222", "aweme_title": "你猜小哥哥有多高？@星星哥哥  #蜀都街拍", "aweme_url": "https://www.iesdouyin.com/share/video/6852404060142718222/?region=CN&mid=6852404096473811719&u_code=45a6gmj0h2h&titleType=title", "download_url": "https://www.chanmama.com/awemeDetail/6852404060142718222", "digg_count": 4543, "digg_incr": 3012, "aweme_create_time": 1595477418, "category": 2, "volume": 3, "amount": 324}, "author": {"author_id": "98477385564", "nickname": "男人装℡", "follower_count": 590319}}, {"aweme": {"aweme_id": "6852664327992806671", "aweme_title": "上次你们说这款衬衣好，我又给你们找到这个厂家了！速度下单吧好看又不贵#我要上热门", "aweme_url": "https://www.iesdouyin.com/share/video/6852664327992806671/?region=CN&mid=6852664414773299976&u_code=0&titleType=title", "download_url": "https://www.chanmama.com/awemeDetail/6852664327992806671", "digg_count": 3181, "digg_incr": 2976, "aweme_create_time": 1595510248, "category": 2, "volume": 79, "amount": 2362.1}, "author": {"author_id": "1455368456386254", "nickname": "焦方晴服装商行", "follower_count": 163137}}, {"aweme": {"aweme_id": "6852593867313696013", "aweme_title": "还好有店长您呐@泡泡龙（多肉）", "aweme_url": "https://www.iesdouyin.com/share/video/6852593867313696013/?region=CN&mid=6852593899996007182&u_code=3ghh3kbgkj6b&titleType=title", "download_url": "https://www.chanmama.com/awemeDetail/6852593867313696013", "digg_count": 5266, "digg_incr": 2945, "aweme_create_time": 1595493845, "category": 2, "volume": 1, "amount": 13.8}, "author": {"author_id": "2027128782858107", "nickname": "优秀菜菜", "follower_count": 637369}}, {"aweme": {"aweme_id": "6852569338327600398", "aweme_title": "希望你喜欢也usa10号 也要喜欢我嘻嘻#usa#科比#nba#篮球#直播#运动#篮球", "aweme_url": "https://www.iesdouyin.com/share/video/6852569338327600398/?region=CN&mid=6827077618362698509&u_code=51md9ec6egb&titleType=title", "download_url": "https://www.chanmama.com/awemeDetail/6852569338327600398", "digg_count": 4443, "digg_incr": 2911, "aweme_create_time": 1595488134, "category": 2, "volume": 12, "amount": 768}, "author": {"author_id": "3315730416405357", "nickname": "赤木晴子", "follower_count": 301801}}, {"aweme": {"aweme_id": "6852353687705095432", "aweme_title": "胯宽腿粗的姐妹，这样穿是真的显瘦 #显瘦穿搭 #乘风破浪的姐姐 #小个子穿搭 #穿搭", "aweme_url": "https://www.iesdouyin.com/share/video/6852353687705095432/?region=CN&mid=6852353650753424141&u_code=0&titleType=title", "download_url": "https://www.chanmama.com/awemeDetail/6852353687705095432", "digg_count": 3350, "digg_incr": 2855, "aweme_create_time": 1595437940, "category": 2, "volume": 230, "amount": 11270}, "author": {"author_id": "272313687215245", "nickname": "兔子穿搭推荐🐰(直播间买)", "follower_count": 42208}}, {"aweme": {"aweme_id": "6852568913344056587", "aweme_title": "什么时候才能再看一场你的演唱会？#周杰伦@DOU+小助手", "aweme_url": "https://www.iesdouyin.com/share/video/6852568913344056587/?region=CN&mid=6852568951966812935&u_code=1hh9hl53mhcf&titleType=title", "download_url": "https://www.chanmama.com/awemeDetail/6852568913344056587", "digg_count": 6042, "digg_incr": 2811, "aweme_create_time": 1595488043, "category": 2, "volume": 3, "amount": 237}, "author": {"author_id": "109004189750", "nickname": "每日一听（周杰伦）", "follower_count": 606122}}, {"aweme": {"aweme_id": "6852616029646933262", "aweme_title": "一件应付各种场合的工装裤，属实很心动呀~ #bjhg不计后果  #工装裤", "aweme_url": "https://www.iesdouyin.com/share/video/6852616029646933262/?region=CN&mid=6852616098630650631&u_code=0&titleType=title", "download_url": "https://www.chanmama.com/awemeDetail/6852616029646933262", "digg_count": 6197, "digg_incr": 2782, "aweme_create_time": 1595499016, "category": 2, "volume": 2, "amount": 316}, "author": {"author_id": "60445151997", "nickname": "BJHG", "follower_count": 731670}}, {"aweme": {"aweme_id": "6852608357140843791", "aweme_title": "#夏日穿搭 我的日常 这次拍摄真是非常爽了@抖音小助手@DOU+小助手", "aweme_url": "https://www.iesdouyin.com/share/video/6852608357140843791/?region=CN&mid=6667043739715767048&u_code=0&titleType=title", "download_url": "https://www.chanmama.com/awemeDetail/6852608357140843791", "digg_count": 3383, "digg_incr": 2657, "aweme_create_time": 1595497217, "category": 2, "volume": 0, "amount": 0}, "author": {"author_id": "58582287600", "nickname": "筒子の日常XX", "follower_count": 659965}}, {"aweme": {"aweme_id": "6852651794544282880", "aweme_title": "男款休闲五分袖衬衫，我穿了帅气吗？#上热门 @抖音小助手", "aweme_url": "https://www.iesdouyin.com/share/video/6852651794544282880/?region=CN&mid=6852651818095577869&u_code=3ghh3kbgkj6b&titleType=title", "download_url": "https://www.chanmama.com/awemeDetail/6852651794544282880", "digg_count": 2850, "digg_incr": 2381, "aweme_create_time": 1595507330, "category": 2, "volume": 23, "amount": 1306.3999999999999}, "author": {"author_id": "3702782644719950", "nickname": "遇见最好的你", "follower_count": 119002}}, {"aweme": {"aweme_id": "6852606918763023627", "aweme_title": "防晒披肩➕改良旗袍好看又划算 来帮妈妈入一套#正在直播中请点头像进入 #抖音 #抖音", "aweme_url": "https://www.iesdouyin.com/share/video/6852606918763023627/?region=CN&mid=6720712574800759555&u_code=0&titleType=title", "download_url": "https://www.chanmama.com/awemeDetail/6852606918763023627", "digg_count": 3876, "digg_incr": 2329, "aweme_create_time": 1595496888, "category": 2, "volume": 16, "amount": 904}, "author": {"author_id": "1983154584297805", "nickname": "朱效荣服装商行", "follower_count": 551823}}, {"aweme": {"aweme_id": "6852597757723593987", "aweme_title": "能让女生死心塌地的从来不是钱财外貌，而是责任，是担当，是偏爱，是用心，是稳重，是忠诚，是细节，是三观，懂吗？", "aweme_url": "https://www.iesdouyin.com/share/video/6852597757723593987/?region=CN&mid=6832234029409651470&u_code=1i449hc6m69m&titleType=title", "download_url": "https://www.chanmama.com/awemeDetail/6852597757723593987", "digg_count": 4598, "digg_incr": 2284, "aweme_create_time": 1595494755, "category": 2, "volume": 7, "amount": 209.29999999999998}, "author": {"author_id": "2053541489031095", "nickname": "蜜糖家服装商行", "follower_count": 203391}}, {"aweme": {"aweme_id": "6852579921861070094", "aweme_title": "因为不爱了，所以都是错，可你还记不记得我们也深爱过。#错爱一生", "aweme_url": "https://www.iesdouyin.com/share/video/6852579921861070094/?region=CN&mid=6852579930367085325&u_code=0&titleType=title", "download_url": "https://www.chanmama.com/awemeDetail/6852579921861070094", "digg_count": 2593, "digg_incr": 2269, "aweme_create_time": 1595490598, "category": 2, "volume": 0, "amount": 0}, "author": {"author_id": "108234807026", "nickname": "胡子玫瑰", "follower_count": 293785}}, {"aweme": {"aweme_id": "6852618610033102087", "aweme_title": "红色衬衫咋个穿#穿搭 #外套 #穿衣颜色搭配", "aweme_url": "https://www.iesdouyin.com/share/video/6852618610033102087/?region=CN&mid=6852618625166969608&u_code=4b44e709c4hm&titleType=title", "download_url": "https://www.chanmama.com/awemeDetail/6852618610033102087", "digg_count": 3385, "digg_incr": 2252, "aweme_create_time": 1595499605, "category": 2, "volume": 1, "amount": 138}, "author": {"author_id": "100372727129", "nickname": "NapLab", "follower_count": 725571}}, {"aweme": {"aweme_id": "6852690020252257551", "aweme_title": "洋气休闲长裤，好穿不闷热，配双马丁靴酷帅有型，出门这样穿显瘦又显高#穿搭 #显瘦穿搭@DOU+小助手", "aweme_url": "https://www.iesdouyin.com/share/video/6852690020252257551/?region=CN&mid=6723989549162171147&u_code=3a95b6lliddk&titleType=title", "download_url": "https://www.chanmama.com/awemeDetail/6852690020252257551", "digg_count": 4118, "digg_incr": 2189, "aweme_create_time": 1595516231, "category": 2, "volume": 37, "amount": 1813}, "author": {"author_id": "99144022204", "nickname": "鑫衣尚女装店", "follower_count": 698247}}, {"aweme": {"aweme_id": "6852416949494844686", "aweme_title": "#好物推荐 #时尚穿搭 美鞋#717奇妙好物在这里 #感谢官方 @抖音小助手", "aweme_url": "https://www.iesdouyin.com/share/video/6852416949494844686/?region=CN&mid=6766098884994550536&u_code=107m7bg5i135&titleType=title", "download_url": "https://www.chanmama.com/awemeDetail/6852416949494844686", "digg_count": 2194, "digg_incr": 2188, "aweme_create_time": 1595452691, "category": 2, "volume": 79, "amount": 5451}, "author": {"author_id": "101922526016", "nickname": "常熟市飞飞鞋业商行", "follower_count": 200070}}, {"aweme": {"aweme_id": "6852567051735764238", "aweme_title": "只有亲情，才能让谎言成为这世上最美丽的语言 #时尚穿搭  @DOU+小助手", "aweme_url": "https://www.iesdouyin.com/share/video/6852567051735764238/?region=CN&mid=6852567165569190663&u_code=45a6gmj0h2h&titleType=title", "download_url": "https://www.chanmama.com/awemeDetail/6852567051735764238", "digg_count": 3857, "digg_incr": 2141, "aweme_create_time": 1595487623, "category": 2, "volume": 26, "amount": 1297.3999999999999}, "author": {"author_id": "1398173310913198", "nickname": "楚怡时尚女装", "follower_count": 131902}}, {"aweme": {"aweme_id": "6852531087495728384", "aweme_title": "以为自己是战不死的小强，终于累倒了！感谢支持我的小伙伴们#爆款", "aweme_url": "https://www.iesdouyin.com/share/video/6852531087495728384/?region=CN&mid=6852531090754997006&u_code=a447b6db995&titleType=title", "download_url": "https://www.chanmama.com/awemeDetail/6852531087495728384", "digg_count": 2379, "digg_incr": 2101, "aweme_create_time": 1595479226, "category": 2, "volume": 2, "amount": 67.8}, "author": {"author_id": "74749961293", "nickname": "秀姐女装工作室", "follower_count": 345106}}, {"aweme": {"aweme_id": "6852523458283293966", "aweme_title": "家有儿子一周穿衣不重复！从小培养衣品，无论长得帅不帅，但气质这一块我们不能输，你们觉得呢？#皓皓家童装", "aweme_url": "https://www.iesdouyin.com/share/video/6852523458283293966/?region=CN&mid=6850073436820212488&u_code=0&titleType=title", "download_url": "https://www.chanmama.com/awemeDetail/6852523458283293966", "digg_count": 2011, "digg_incr": 1988, "aweme_create_time": 1595477452, "category": 2, "volume": 62, "amount": 4333.8}, "author": {"author_id": "79281350693", "nickname": "皓皓家童装皓佑服饰", "follower_count": 102344}}, {"aweme": {"aweme_id": "6852615957450378503", "aweme_title": "来自Rapper们的潮牌(下)", "aweme_url": "https://www.iesdouyin.com/share/video/6852615957450378503/?region=CN&mid=6852615973904714503&u_code=45a6gmj0h2h&titleType=title", "download_url": "https://www.chanmama.com/awemeDetail/6852615957450378503", "digg_count": 4564, "digg_incr": 1929, "aweme_create_time": 1595498987, "category": 2, "volume": 1, "amount": 159}, "author": {"author_id": "25382013325", "nickname": "司令日常种草", "follower_count": 248504}}, {"aweme": {"aweme_id": "6852495889756441871", "aweme_title": "人生在世，总会有人和你不一样，上方小黄车购买我的同款范思哲衣服59元包邮到家，喜欢的兄弟们抓紧下单了。", "aweme_url": "https://www.iesdouyin.com/share/video/6852495889756441871/?region=CN&mid=6852495886447397645&u_code=45a6gmj0h2h&titleType=title", "download_url": "https://www.chanmama.com/awemeDetail/6852495889756441871", "digg_count": 2359, "digg_incr": 1914, "aweme_create_time": 1595471032, "category": 2, "volume": 2, "amount": 118}, "author": {"author_id": "232752432560526", "nickname": "正义出击（每晚9点最狠pk）", "follower_count": 878291}}, {"aweme": {"aweme_id": "6852347754400845069", "aweme_title": "男士短袖衬衫，搭配西裤，帅气。#上热门 #我的高光一刻 #男装搭配", "aweme_url": "https://www.iesdouyin.com/share/video/6852347754400845069/?region=CN&mid=6824441291406101262&u_code=0&titleType=title", "download_url": "https://www.chanmama.com/awemeDetail/6852347754400845069", "digg_count": 1900, "digg_incr": 1896, "aweme_create_time": 1595436555, "category": 2, "volume": 11, "amount": 649}, "author": {"author_id": "106347681681", "nickname": "张天恩服饰", "follower_count": 89270}}, {"aweme": {"aweme_id": "6852462447484243200", "aweme_title": "很多粉丝说，不要在衣服上加看不懂的英文、日文，那就加上咱们的#汉字 和#麦穗 你们觉得怎样？#我爱你中国", "aweme_url": "https://www.iesdouyin.com/share/video/6852462447484243200/?region=CN&mid=6515971947732896526&u_code=0&titleType=title", "download_url": "https://www.chanmama.com/awemeDetail/6852462447484243200", "digg_count": 1855, "digg_incr": 1829, "aweme_create_time": 1595463247, "category": 2, "volume": 5, "amount": 287.5}, "author": {"author_id": "96244446829", "nickname": "李正蕾", "follower_count": 68795}}, {"aweme": {"aweme_id": "6852450781740797184", "aweme_title": "妈妈告诉我做人要坦荡，为人一定要善良，这样你才能走的更远", "aweme_url": "https://www.iesdouyin.com/share/video/6852450781740797184/?region=CN&mid=6844773311390418951&u_code=3ghh3kbgkj6b&titleType=title", "download_url": "https://www.chanmama.com/awemeDetail/6852450781740797184", "digg_count": 2264, "digg_incr": 1779, "aweme_create_time": 1595460532, "category": 2, "volume": 0, "amount": 0}, "author": {"author_id": "108815524519", "nickname": "1829139695", "follower_count": 667017}}, {"aweme": {"aweme_id": "6852537200148630784", "aweme_title": "我一个人有钱没用，要身边所有兄弟们都有才行，上方小黄车里面的衣服大家可以去看看，喜欢的就支持一下，感谢兄弟们了", "aweme_url": "https://www.iesdouyin.com/share/video/6852537200148630784/?region=CN&mid=6852537217160612615&u_code=212labi3i8d2&titleType=title", "download_url": "https://www.chanmama.com/awemeDetail/6852537200148630784", "digg_count": 2089, "digg_incr": 1590, "aweme_create_time": 1595480650, "category": 2, "volume": 6, "amount": 299.4}, "author": {"author_id": "232752432560526", "nickname": "正义出击（每晚9点最狠pk）", "follower_count": 878291}}, {"aweme": {"aweme_id": "6852521444564339968", "aweme_title": "89年32岁，浙江温州人，经营男装店，擅长男装搭配，不抽烟不喝酒，不嫌弃认识一下，旁边箭头第一排第四个可以找我", "aweme_url": "https://www.iesdouyin.com/share/video/6852521444564339968/?region=CN&mid=6806088779787406087&u_code=0&titleType=title", "download_url": "https://www.chanmama.com/awemeDetail/6852521444564339968", "digg_count": 1594, "digg_incr": 1558, "aweme_create_time": 1595476981, "category": 2, "volume": 2, "amount": 376}, "author": {"author_id": "2378991298684196", "nickname": "天颜美服装店", "follower_count": 261760}}, {"aweme": {"aweme_id": "6852551378657692932", "aweme_title": "文艺风上衣上市啦！正在直播👉👉👉👉👉", "aweme_url": "https://www.iesdouyin.com/share/video/6852551378657692932/?region=CN&mid=6852551412121471757&u_code=m1f8mih9hfm&titleType=title", "download_url": "https://www.chanmama.com/awemeDetail/6852551378657692932", "digg_count": 2319, "digg_incr": 1527, "aweme_create_time": 1595483959, "category": 2, "volume": 29, "amount": 2001}, "author": {"author_id": "3337770389478872", "nickname": "昕梓琳服饰", "follower_count": 492714}}, {"aweme": {"aweme_id": "6852473951906499855", "aweme_title": "爆款来啦！拉链修身上衣➕休闲束脚长裤，一套显瘦又显高，面料透气不闷热，现在穿刚好#穿搭 #显瘦穿搭", "aweme_url": "https://www.iesdouyin.com/share/video/6852473951906499855/?region=CN&mid=6821801861566188296&u_code=1i449hbkej6k&titleType=title", "download_url": "https://www.chanmama.com/awemeDetail/6852473951906499855", "digg_count": 4390, "digg_incr": 1520, "aweme_create_time": 1595465925, "category": 2, "volume": 89, "amount": 4361}, "author": {"author_id": "99144022204", "nickname": "鑫衣尚女装店", "follower_count": 698247}}, {"aweme": {"aweme_id": "6852615452976336143", "aweme_title": "穿着新衣服在天台召唤 #鼬 和#佐助，原谅渣画质✨✨#火影", "aweme_url": "https://www.iesdouyin.com/share/video/6852615452976336143/?region=CN&mid=6845843445056097037&u_code=0&titleType=title", "download_url": "https://www.chanmama.com/awemeDetail/6852615452976336143", "digg_count": 2026, "digg_incr": 1449, "aweme_create_time": 1595498869, "category": 2, "volume": 0, "amount": 0}, "author": {"author_id": "417441200740775", "nickname": "西瓜籽哟~", "follower_count": 115443}}, {"aweme": {"aweme_id": "6852577364942130432", "aweme_title": "我的头发回来了！！（忽略我的痘痘）", "aweme_url": "https://www.iesdouyin.com/share/video/6852577364942130432/?region=CN&mid=6828818408960690177&u_code=0&titleType=title", "download_url": "https://www.chanmama.com/awemeDetail/6852577364942130432", "digg_count": 1891, "digg_incr": 1446, "aweme_create_time": 1595490002, "category": 2, "volume": 0, "amount": 0}, "author": {"author_id": "70980083585", "nickname": "小王紫", "follower_count": 242123}}, {"aweme": {"aweme_id": "6852574194203430159", "aweme_title": "我想变成蜘蛛侠  可没有这样的机会！", "aweme_url": "https://www.iesdouyin.com/share/video/6852574194203430159/?region=CN&mid=6852574191485487879&u_code=3ghh3kbgkj6b&titleType=title", "download_url": "https://www.chanmama.com/awemeDetail/6852574194203430159", "digg_count": 2697, "digg_incr": 1444, "aweme_create_time": 1595489263, "category": 2, "volume": 0, "amount": 0}, "author": {"author_id": "100846019033", "nickname": "Spider-Man（蜘蛛侠）", "follower_count": 314517}}, {"aweme": {"aweme_id": "6852466759895665924", "aweme_title": "短袖新款上市啦！正在直播👉👉👉👉👉", "aweme_url": "https://www.iesdouyin.com/share/video/6852466759895665924/?region=CN&mid=6852466796763630343&u_code=74iia05511g&titleType=title", "download_url": "https://www.chanmama.com/awemeDetail/6852466759895665924", "digg_count": 1481, "digg_incr": 1443, "aweme_create_time": 1595464265, "category": 2, "volume": 44, "amount": 3036}, "author": {"author_id": "3337770389478872", "nickname": "昕梓琳服饰", "follower_count": 492714}}, {"aweme": {"aweme_id": "6852616128380882188", "aweme_title": "颜色搭配公式:亮色➕深色=不出错。#你好火星 #男装搭配 #搭配技巧", "aweme_url": "https://www.iesdouyin.com/share/video/6852616128380882188/?region=CN&mid=6852616167371721479&u_code=0&titleType=title", "download_url": "https://www.chanmama.com/awemeDetail/6852616128380882188", "digg_count": 1775, "digg_incr": 1414, "aweme_create_time": 1595499032, "category": 2, "volume": 0, "amount": 0}, "author": {"author_id": "2669222945633316", "nickname": "一轩轩轩", "follower_count": 672083}}, {"aweme": {"aweme_id": "6852621232777497859", "aweme_title": "啥玩意整啥玩意啊 是啥玩意啊？ 蒙圈了#穿搭 #你好火星", "aweme_url": "https://www.iesdouyin.com/share/video/6852621232777497859/?region=CN&mid=6846314908875754247&u_code=0&titleType=title", "download_url": "https://www.chanmama.com/awemeDetail/6852621232777497859", "digg_count": 1622, "digg_incr": 1402, "aweme_create_time": 1595500220, "category": 2, "volume": 5, "amount": 125}, "author": {"author_id": "61435370877", "nickname": "北二出口", "follower_count": 790245}}, {"aweme": {"aweme_id": "6852492143920008448", "aweme_title": "犀牛🦏起势蛮可爱的～", "aweme_url": "https://www.iesdouyin.com/share/video/6852492143920008448/?region=CN&mid=6817663250021238797&u_code=0&titleType=title", "download_url": "https://www.chanmama.com/awemeDetail/6852492143920008448", "digg_count": 2310, "digg_incr": 1320, "aweme_create_time": 1595470160, "category": 2, "volume": 0, "amount": 0}, "author": {"author_id": "93259650527", "nickname": "小钱", "follower_count": 168663}}, {"aweme": {"aweme_id": "6852612102063099136", "aweme_title": "#周杰伦 #夜曲 #路演", "aweme_url": "https://www.iesdouyin.com/share/video/6852612102063099136/?region=CN&mid=6852612135299336973&u_code=45a6gmj0h2h&titleType=title", "download_url": "https://www.chanmama.com/awemeDetail/6852612102063099136", "digg_count": 2866, "digg_incr": 1282, "aweme_create_time": 1595498089, "category": 2, "volume": 0, "amount": 0}, "author": {"author_id": "1578542737139660", "nickname": "成都杨同学", "follower_count": 172555}}, {"aweme": {"aweme_id": "6852505467915209999", "aweme_title": "玩抖音这么久了，今天才发现抖音可以直接加V，点击右下方白色箭头第一排第四个就可以了，不信你试试看。￼", "aweme_url": "https://www.iesdouyin.com/share/video/6852505467915209999/?region=CN&mid=6818076439158803211&u_code=0&titleType=title", "download_url": "https://www.chanmama.com/awemeDetail/6852505467915209999", "digg_count": 1430, "digg_incr": 1245, "aweme_create_time": 1595473262, "category": 2, "volume": 0, "amount": 0}, "author": {"author_id": "80714904397", "nickname": "韩衣舍服装（下午1点直播）", "follower_count": 575332}}, {"aweme": {"aweme_id": "6852418187892362496", "aweme_title": "只要内心不乱，外界就改变不了你什么#我要上热门 #推广小助手 #穿搭 #服装搭配 @DOU+小助手", "aweme_url": "https://www.iesdouyin.com/share/video/6852418187892362496/?region=CN&mid=6852418010901269256&u_code=j26jj3e5mm9&titleType=title", "download_url": "https://www.chanmama.com/awemeDetail/6852418187892362496", "digg_count": 1231, "digg_incr": 1228, "aweme_create_time": 1595452960, "category": 2, "volume": 195, "amount": 19110}, "author": {"author_id": "60954750430", "nickname": "安徽六安CYT-婷婷服饰", "follower_count": 172039}}, {"aweme": {"aweme_id": "6852520805054663949", "aweme_title": "你们不是说想要3件的链接么，这就上了！ #穿搭  #DOU上热门", "aweme_url": "https://www.iesdouyin.com/share/video/6852520805054663949/?region=CN&mid=6852520899464284941&u_code=j730d8fhed&titleType=title", "download_url": "https://www.chanmama.com/awemeDetail/6852520805054663949", "digg_count": 3837, "digg_incr": 1193, "aweme_create_time": 1595476851, "category": 2, "volume": 365, "amount": 14235}, "author": {"author_id": "2686831092573883", "nickname": "贰爷家工厂店（正能量）", "follower_count": 9427}}, {"aweme": {"aweme_id": "6852519731556044043", "aweme_title": "男生吃土也要买汉服，一整套100左右，真的比女生好看，建议购买#每日穿搭分享 #中国风 #你好火星", "aweme_url": "https://www.iesdouyin.com/share/video/6852519731556044043/?region=CN&mid=6852519776632834829&u_code=0&titleType=title", "download_url": "https://www.chanmama.com/awemeDetail/6852519731556044043", "digg_count": 1569, "digg_incr": 1191, "aweme_create_time": 1595476591, "category": 2, "volume": 2, "amount": 50}, "author": {"author_id": "3082681139856572", "nickname": "潮男私人衣柜", "follower_count": 221844}}, {"aweme": {"aweme_id": "6852437493845888269", "aweme_title": "不怕你胖就怕你不时尚120-220斤无压力", "aweme_url": "https://www.iesdouyin.com/share/video/6852437493845888269/?region=CN&mid=6797750014376037123&u_code=0&titleType=title", "download_url": "https://www.chanmama.com/awemeDetail/6852437493845888269", "digg_count": 1293, "digg_incr": 1172, "aweme_create_time": 1595457445, "category": 2, "volume": 34, "amount": 6392}, "author": {"author_id": "68659485928", "nickname": "胖丽丽时尚穿搭", "follower_count": 118938}}, {"aweme": {"aweme_id": "6852593747587337485", "aweme_title": "胖男生不穿一次DK风套装，你就不知道男人味是什么....#微胖男生 @抖音小助手", "aweme_url": "https://www.iesdouyin.com/share/video/6852593747587337485/?region=CN&mid=6852593864579287815&u_code=0&titleType=title", "download_url": "https://www.chanmama.com/awemeDetail/6852593747587337485", "digg_count": 1458, "digg_incr": 1148, "aweme_create_time": 1595493840, "category": 2, "volume": 0, "amount": 0}, "author": {"author_id": "1041958898509811", "nickname": "青栀潮男", "follower_count": 862449}}, {"aweme": {"aweme_id": "6852609723863272718", "aweme_title": "对于偏瘦又不高的男生 色系怎么搭？#穿搭", "aweme_url": "https://www.iesdouyin.com/share/video/6852609723863272718/?region=CN&mid=6852609748215302925&u_code=0&titleType=title", "download_url": "https://www.chanmama.com/awemeDetail/6852609723863272718", "digg_count": 2597, "digg_incr": 1082, "aweme_create_time": 1595497537, "category": 2, "volume": 13, "amount": 881}, "author": {"author_id": "66128560144", "nickname": "大雄小个子穿搭日记", "follower_count": 185422}}, {"aweme": {"aweme_id": "6852463339986078983", "aweme_title": "黑灰色系闺蜜款来了，洋气又显瘦#焕新穿搭秀 @DOU+小助手", "aweme_url": "https://www.iesdouyin.com/share/video/6852463339986078983/?region=CN&mid=6821408665644436238&u_code=i5hd5l6m3ab&titleType=title", "download_url": "https://www.chanmama.com/awemeDetail/6852463339986078983", "digg_count": 1253, "digg_incr": 1063, "aweme_create_time": 1595463457, "category": 2, "volume": 123, "amount": 7257}, "author": {"author_id": "81562983677", "nickname": "文飞服装", "follower_count": 160849}}, {"aweme": {"aweme_id": "6852599059954371847", "aweme_title": "#每日穿搭分享 #轻熟 世界都没观过，谈什么世界观，你们去过最有意义的地方是哪里？", "aweme_url": "https://www.iesdouyin.com/share/video/6852599059954371847/?region=CN&mid=6852599071635557133&u_code=0&titleType=title", "download_url": "https://www.chanmama.com/awemeDetail/6852599059954371847", "digg_count": 1757, "digg_incr": 1032, "aweme_create_time": 1595495054, "category": 2, "volume": 1, "amount": 138}, "author": {"author_id": "62735074323", "nickname": "闵泽一", "follower_count": 199516}}, {"aweme": {"aweme_id": "6852573217370967311", "aweme_title": "穿了我家裤子是不是大街上裤子都看不上了#每日分享穿搭", "aweme_url": "https://www.iesdouyin.com/share/video/6852573217370967311/?region=CN&mid=6750634282383313677&u_code=258dkgg7k7a4&titleType=title", "download_url": "https://www.chanmama.com/awemeDetail/6852573217370967311", "digg_count": 1202, "digg_incr": 1030, "aweme_create_time": 1595489036, "category": 2, "volume": 142, "amount": 8378}, "author": {"author_id": "59690141385", "nickname": "鑫良服装商行", "follower_count": 794843}}, {"aweme": {"aweme_id": "6852614461811969280", "aweme_title": "洋气休闲工装裤，好穿透气不闷热，酷帅有型显身材，出门穿这套显瘦又显高#穿搭 #显瘦穿搭", "aweme_url": "https://www.iesdouyin.com/share/video/6852614461811969280/?region=CN&mid=6771610930075061000&u_code=adlm3a10bbi&titleType=title", "download_url": "https://www.chanmama.com/awemeDetail/6852614461811969280", "digg_count": 1185, "digg_incr": 1017, "aweme_create_time": 1595498644, "category": 2, "volume": 20, "amount": 980}, "author": {"author_id": "99144022204", "nickname": "鑫衣尚女装店", "follower_count": 698247}}, {"aweme": {"aweme_id": "6852469377795755264", "aweme_title": "生女儿不知道怎么搭，看过来❤️我教你👏👏#骗你生女儿 太好看了！", "aweme_url": "https://www.iesdouyin.com/share/video/6852469377795755264/?region=CN&mid=6839641635350235912&u_code=0&titleType=title", "download_url": "https://www.chanmama.com/awemeDetail/6852469377795755264", "digg_count": 1118, "digg_incr": 1016, "aweme_create_time": 1595464860, "category": 2, "volume": 0, "amount": 0}, "author": {"author_id": "100506476516", "nickname": "唐小悠童装", "follower_count": 148446}}, {"aweme": {"aweme_id": "6852619270082366720", "aweme_title": "…", "aweme_url": "https://www.iesdouyin.com/share/video/6852619270082366720/?region=CN&mid=6835086481917365000&u_code=0&titleType=title", "download_url": "https://www.chanmama.com/awemeDetail/6852619270082366720", "digg_count": 1479, "digg_incr": 1007, "aweme_create_time": 1595499758, "category": 2, "volume": 0, "amount": 0}, "author": {"author_id": "95747748099", "nickname": "考瑞哥哥", "follower_count": 196990}}, {"aweme": {"aweme_id": "6852585337508678926", "aweme_title": "大家以后别找我借钱了，都差不多的年纪 你没钱我能有吗，张口就是5块，我上哪给你整去？#平价男装 @电商小助手", "aweme_url": "https://www.iesdouyin.com/share/video/6852585337508678926/?region=CN&mid=6825157563999570702&u_code=0&titleType=title", "download_url": "https://www.chanmama.com/awemeDetail/6852585337508678926", "digg_count": 1172, "digg_incr": 969, "aweme_create_time": 1595491859, "category": 2, "volume": 4, "amount": 196}, "author": {"author_id": "64784856424", "nickname": "屋花肉男装", "follower_count": 150253}}, {"aweme": {"aweme_id": "6852634086444453127", "aweme_title": "真的Sao气的反光独角兽，你心动了吗#短袖t恤 #情侣", "aweme_url": "https://www.iesdouyin.com/share/video/6852634086444453127/?region=CN&mid=6852634103733455624&u_code=0&titleType=title", "download_url": "https://www.chanmama.com/awemeDetail/6852634086444453127", "digg_count": 1414, "digg_incr": 963, "aweme_create_time": 1595503208, "category": 2, "volume": 0, "amount": 0}, "author": {"author_id": "67479216376", "nickname": "张子隆服饰", "follower_count": 484386}}, {"aweme": {"aweme_id": "6852650248133790987", "aweme_title": "女人不要和男人玩暧昧，你玩不过男人，男人把暧昧当成有趣刺激，你却当爱情，他新鲜感一过潇洒离开，而你万劫不复。", "aweme_url": "https://www.iesdouyin.com/share/video/6852650248133790987/?region=CN&mid=6842295113348057864&u_code=4b44e2i9374k&titleType=title", "download_url": "https://www.chanmama.com/awemeDetail/6852650248133790987", "digg_count": 1252, "digg_incr": 962, "aweme_create_time": 1595506974, "category": 2, "volume": 6, "amount": 179.39999999999998}, "author": {"author_id": "2053541489031095", "nickname": "蜜糖家服装商行", "follower_count": 203451}}, {"aweme": {"aweme_id": "6852616976209104140", "aweme_title": "#墨宝非宝 笔下这五大男主，你最喜欢谁呢？#蜜汁炖鱿鱼 #在暴雪时分 #都来读书", "aweme_url": "https://www.iesdouyin.com/share/video/6852616976209104140/?region=CN&mid=6713818492015119111&u_code=0&titleType=title", "download_url": "https://www.chanmama.com/awemeDetail/6852616976209104140", "digg_count": 1262, "digg_incr": 953, "aweme_create_time": 1595499229, "category": 2, "volume": 2, "amount": 69.2}, "author": {"author_id": "95419395467", "nickname": "磨铁图书（破云2来啦）", "follower_count": 475637}}, {"aweme": {"aweme_id": "6852533007962688771", "aweme_title": "和平相处超不过五秒，爱着爱着咋又打起来啦？ 😪", "aweme_url": "https://www.iesdouyin.com/share/video/6852533007962688771/?region=CN&mid=6844773311390418951&u_code=0&titleType=title", "download_url": "https://www.chanmama.com/awemeDetail/6852533007962688771", "digg_count": 1054, "digg_incr": 939, "aweme_create_time": 1595479717, "category": 2, "volume": 0, "amount": 0}, "author": {"author_id": "4503676973630371", "nickname": "我爱咖啡加牛奶", "follower_count": 467730}}, {"aweme": {"aweme_id": "6852560992375753999", "aweme_title": "男人身上没点绿，就像....？#穿搭 #街头 #每日穿搭", "aweme_url": "https://www.iesdouyin.com/share/video/6852560992375753999/?region=CN&mid=6772360341591427847&u_code=0&titleType=title", "download_url": "https://www.chanmama.com/awemeDetail/6852560992375753999", "digg_count": 1801, "digg_incr": 939, "aweme_create_time": 1595486189, "category": 2, "volume": 5, "amount": 990}, "author": {"author_id": "108346653102", "nickname": "FOG穿搭", "follower_count": 240662}}, {"aweme": {"aweme_id": "6852513728081038592", "aweme_title": "太帅了，我女盆友都不给我穿，难搞哦#西服 #成熟型男#每日穿搭分享 @DOU+小助手", "aweme_url": "https://www.iesdouyin.com/share/video/6852513728081038592/?region=CN&mid=6852513735366413069&u_code=0&titleType=title", "download_url": "https://www.chanmama.com/awemeDetail/6852513728081038592", "digg_count": 1388, "digg_incr": 928, "aweme_create_time": 1595475185, "category": 2, "volume": 0, "amount": 0}, "author": {"author_id": "1450947499533672", "nickname": "气质穿搭学院", "follower_count": 169395}}, {"aweme": {"aweme_id": "6852586994371923214", "aweme_title": "纳尼！去吧？皮卡男！#穿搭 #潮流 #皮卡丘@DOU+小助手", "aweme_url": "https://www.iesdouyin.com/share/video/6852586994371923214/?region=CN&mid=6852587005709175565&u_code=45a6gmj0h2h&titleType=title", "download_url": "https://www.chanmama.com/awemeDetail/6852586994371923214", "digg_count": 8884, "digg_incr": 878, "aweme_create_time": 1595492245, "category": 2, "volume": 7, "amount": 693}, "author": {"author_id": "60790818670", "nickname": "YoungGuns服装工作室", "follower_count": 127251}}, {"aweme": {"aweme_id": "6852534851111898383", "aweme_title": "s10主题曲双手献上，请各位笑纳#电竞", "aweme_url": "https://www.iesdouyin.com/share/video/6852534851111898383/?region=CN&mid=6852534857520663304&u_code=0&titleType=title", "download_url": "https://www.chanmama.com/awemeDetail/6852534851111898383", "digg_count": 1212, "digg_incr": 872, "aweme_create_time": 1595480103, "category": 2, "volume": 0, "amount": 0}, "author": {"author_id": "73315244703", "nickname": "谷主", "follower_count": 951319}}, {"aweme": {"aweme_id": "6852615636493946125", "aweme_title": "论黑色西装要怎么搭配，实用型 #搭配  #西装", "aweme_url": "https://www.iesdouyin.com/share/video/6852615636493946125/?region=CN&mid=6852615914395814663&u_code=0&titleType=title", "download_url": "https://www.chanmama.com/awemeDetail/6852615636493946125", "digg_count": 1149, "digg_incr": 866, "aweme_create_time": 1595498971, "category": 2, "volume": 0, "amount": 0}, "author": {"author_id": "399833429709243", "nickname": "SUITUP绅士荟", "follower_count": 467485}}, {"aweme": {"aweme_id": "6852556898915323147", "aweme_title": "我看你的小脑袋瓜一定是热昏头了#你好火星", "aweme_url": "https://www.iesdouyin.com/share/video/6852556898915323147/?region=CN&mid=6830248647696272142&u_code=0&titleType=title", "download_url": "https://www.chanmama.com/awemeDetail/6852556898915323147", "digg_count": 1138, "digg_incr": 857, "aweme_create_time": 1595485245, "category": 2, "volume": 0, "amount": 0}, "author": {"author_id": "106765627215", "nickname": "MAX的摄影师", "follower_count": 187122}}, {"aweme": {"aweme_id": "6852607568339111181", "aweme_title": "军旅风穿搭，一种永不妥协的穿搭  #复古  #穿搭", "aweme_url": "https://www.iesdouyin.com/share/video/6852607568339111181/?region=CN&mid=6852607679207115527&u_code=0&titleType=title", "download_url": "https://www.chanmama.com/awemeDetail/6852607568339111181", "digg_count": 1109, "digg_incr": 840, "aweme_create_time": 1595497052, "category": 2, "volume": 1, "amount": 89.9}, "author": {"author_id": "103455804995", "nickname": "炸裂的潮叔", "follower_count": 363738}}, {"aweme": {"aweme_id": "6852568625694526720", "aweme_title": "#灌篮高手 #水户洋平", "aweme_url": "https://www.iesdouyin.com/share/video/6852568625694526720/?region=CN&mid=6852568689091349261&u_code=0&titleType=title", "download_url": "https://www.chanmama.com/awemeDetail/6852568625694526720", "digg_count": 1427, "digg_incr": 839, "aweme_create_time": 1595487967, "category": 2, "volume": 0, "amount": 0}, "author": {"author_id": "69566084962", "nickname": "阿飛", "follower_count": 408434}}, {"aweme": {"aweme_id": "6852606116644293896", "aweme_title": "这个视频有三艘船。#抖音球鞋大赏 #穿搭那美克龙神星 许愿马甲快来了哦！", "aweme_url": "https://www.iesdouyin.com/share/video/6852606116644293896/?region=CN&mid=6693380578626030340&u_code=0&titleType=title", "download_url": "https://www.chanmama.com/awemeDetail/6852606116644293896", "digg_count": 1041, "digg_incr": 824, "aweme_create_time": 1595496697, "category": 2, "volume": 0, "amount": 0}, "author": {"author_id": "78044061413", "nickname": "大尧蜀黍", "follower_count": 180319}}, {"aweme": {"aweme_id": "6852518680484498688", "aweme_title": "翻脸不如翻身，生气不如争气，抱怨不如改变，小事稳大事狠，没人扶时自己要站稳女人你要加油#抖音小助手 #大码搭配", "aweme_url": "https://www.iesdouyin.com/share/video/6852518680484498688/?region=CN&mid=6809943632897149709&u_code=0&titleType=title", "download_url": "https://www.chanmama.com/awemeDetail/6852518680484498688", "digg_count": 1496, "digg_incr": 819, "aweme_create_time": 1595476338, "category": 2, "volume": 54, "amount": 0}, "author": {"author_id": "3720382937049223", "nickname": "胖敏姐大码服饰", "follower_count": 25178}}, {"aweme": {"aweme_id": "6852591201070173447", "aweme_title": "男生穿汉服真的比女生好看，不信你看～#穿搭 #中国风", "aweme_url": "https://www.iesdouyin.com/share/video/6852591201070173447/?region=CN&mid=6852591287554476814&u_code=0&titleType=title", "download_url": "https://www.chanmama.com/awemeDetail/6852591201070173447", "digg_count": 1953, "digg_incr": 806, "aweme_create_time": 1595493233, "category": 2, "volume": 0, "amount": 0}, "author": {"author_id": "98009510033", "nickname": "潮男前线", "follower_count": 916591}}, {"aweme": {"aweme_id": "6852544068841524491", "aweme_title": "不敢看二十不惑，因为那是我想回回不去的青春，不敢看三十而已，因为那是我即将要面对的生活。#最新电视剧 #穿搭", "aweme_url": "https://www.iesdouyin.com/share/video/6852544068841524491/?region=CN&mid=6852241199441382158&u_code=2426m4dk6ec8&titleType=title", "download_url": "https://www.chanmama.com/awemeDetail/6852544068841524491", "digg_count": 1278, "digg_incr": 770, "aweme_create_time": 1595482258, "category": 2, "volume": 16, "amount": 478.4}, "author": {"author_id": "2053541489031095", "nickname": "蜜糖家服装商行", "follower_count": 203451}}, {"aweme": {"aweme_id": "6852513436820049166", "aweme_title": "男生才能驾驭的，DK风套装，是真的比女生好看#你好火星 #穿搭 #男生穿搭", "aweme_url": "https://www.iesdouyin.com/share/video/6852513436820049166/?region=CN&mid=6852513452263934734&u_code=0&titleType=title", "download_url": "https://www.chanmama.com/awemeDetail/6852513436820049166", "digg_count": 1912, "digg_incr": 757, "aweme_create_time": 1595475118, "category": 2, "volume": 10, "amount": 441}, "author": {"author_id": "610926286613547", "nickname": "打造型男工作坊", "follower_count": 773442}}, {"aweme": {"aweme_id": "6852492640601132295", "aweme_title": "告诉你们连体衣怎么上厕所，一定要看好哦。#穿搭 #潮男", "aweme_url": "https://www.iesdouyin.com/share/video/6852492640601132295/?region=CN&mid=6852492658309335816&u_code=0&titleType=title", "download_url": "https://www.chanmama.com/awemeDetail/6852492640601132295", "digg_count": 1014, "digg_incr": 712, "aweme_create_time": 1595470277, "category": 2, "volume": 7, "amount": 616}, "author": {"author_id": "98009510033", "nickname": "潮男前线", "follower_count": 916591}}, {"aweme": {"aweme_id": "6852548693464190208", "aweme_title": "亚麻棉套装,点我头像正在直播👉👉👉", "aweme_url": "https://www.iesdouyin.com/share/video/6852548693464190208/?region=CN&mid=6852548685239290632&u_code=45a6gmj0h2h&titleType=title", "download_url": "https://www.chanmama.com/awemeDetail/6852548693464190208", "digg_count": 2121, "digg_incr": 675, "aweme_create_time": 1595483326, "category": 2, "volume": 7, "amount": 693}, "author": {"author_id": "113981895485534", "nickname": "张雯淇服饰商行", "follower_count": 197698}}, {"aweme": {"aweme_id": "6852607802179964175", "aweme_title": "上次有人问我腿粗屁股大怎么搭，OK安排他！#显瘦穿搭 #穿搭 #趣你的夏天", "aweme_url": "https://www.iesdouyin.com/share/video/6852607802179964175/?region=CN&mid=6852607813361961742&u_code=0&titleType=title", "download_url": "https://www.chanmama.com/awemeDetail/6852607802179964175", "digg_count": 1044, "digg_incr": 507, "aweme_create_time": 1595497088, "category": 2, "volume": 1, "amount": 59}, "author": {"author_id": "105068010320", "nickname": "男生每日穿搭", "follower_count": 696324}}, {"aweme": {"aweme_id": "6852605941599292685", "aweme_title": "@绅士良品男装店发了一个抖音短视频，你尽管点开，不好看算我输！", "aweme_url": "https://www.iesdouyin.com/share/video/6852605941599292685/?region=CN&mid=6526769668609608461&u_code=0&titleType=", "download_url": "https://www.chanmama.com/awemeDetail/6852605941599292685", "digg_count": 1093, "digg_incr": 435, "aweme_create_time": 1595496656, "category": 2, "volume": 4, "amount": 756}, "author": {"author_id": "1050733649603179", "nickname": "绅士良品男装店", "follower_count": 144322}}]}