{"data": [{"aweme": {"aweme_id": "6852612872313359630", "aweme_title": "这年头，追妻不易呀", "aweme_url": "https://www.iesdouyin.com/share/video/6852612872313359630/?region=CN&mid=6852612887977151239&u_code=45a6gmj0h2h&titleType=title", "download_url": "https://www.chanmama.com/awemeDetail/6852612872313359630", "digg_count": 99282, "digg_incr": 73961, "aweme_create_time": 1595498269, "category": 3, "volume": 54, "amount": 2154.6}, "author": {"author_id": "2862725064300555", "nickname": "青羽Vic", "follower_count": 425361}}, {"aweme": {"aweme_id": "6852239466233400583", "aweme_title": "这个妆真的太好看惹！不能让我独自美丽，快学！", "aweme_url": "https://www.iesdouyin.com/share/video/6852239466233400583/?region=CN&mid=6852239660899715848&u_code=0&titleType=title", "download_url": "https://www.chanmama.com/awemeDetail/6852239466233400583", "digg_count": 39428, "digg_incr": 27466, "aweme_create_time": 1595498400, "category": 3, "volume": 33, "amount": 3956.7000000000003}, "author": {"author_id": "60706785638", "nickname": "原来是steph", "follower_count": 493152}}, {"aweme": {"aweme_id": "6852598728012991757", "aweme_title": "#dou成长孵化营 #cos #充能计划 #飞衡韩信   听说你野得很？", "aweme_url": "https://www.iesdouyin.com/share/video/6852598728012991757/?region=CN&mid=6852598752659262215&u_code=45a6gmj0h2h&titleType=title", "download_url": "https://www.chanmama.com/awemeDetail/6852598728012991757", "digg_count": 37930, "digg_incr": 27163, "aweme_create_time": 1595494977, "category": 3, "volume": 8, "amount": 2072}, "author": {"author_id": "63662660459", "nickname": "未岚RAN", "follower_count": 908288}}, {"aweme": {"aweme_id": "6852584763983809799", "aweme_title": "好家伙，我在你们眼里就是表情包吗#美妆#化妆前化妆后", "aweme_url": "https://www.iesdouyin.com/share/video/6852584763983809799/?region=CN&mid=6852584781016845070&u_code=45a6gmj0h2h&titleType=title", "download_url": "https://www.chanmama.com/awemeDetail/6852584763983809799", "digg_count": 34378, "digg_incr": 19907, "aweme_create_time": 1595491726, "category": 3, "volume": 286, "amount": 7722}, "author": {"author_id": "72668168398", "nickname": "汽水灌脑", "follower_count": 196807}}, {"aweme": {"aweme_id": "6852489984469994764", "aweme_title": "#感谢抖音 #传递正能量 #腿部刮法 #作品推广 #同城热门", "aweme_url": "https://www.iesdouyin.com/share/video/6852489984469994764/?region=CN&mid=6852490016183110413&u_code=0&titleType=title", "download_url": "https://www.chanmama.com/awemeDetail/6852489984469994764", "digg_count": 19523, "digg_incr": 19545, "aweme_create_time": 1595469666, "category": 3, "volume": 8, "amount": 232}, "author": {"author_id": "107897436756", "nickname": "小江正能量", "follower_count": 114009}}, {"aweme": {"aweme_id": "6852577315839315212", "aweme_title": "我哪里做错了……", "aweme_url": "https://www.iesdouyin.com/share/video/6852577315839315212/?region=CN&mid=6852577375134239495&u_code=4ck64f55c0ba&titleType=title", "download_url": "https://www.chanmama.com/awemeDetail/6852577315839315212", "digg_count": 22188, "digg_incr": 15645, "aweme_create_time": 1595502000, "category": 3, "volume": 4, "amount": 0}, "author": {"author_id": "3267336417052983", "nickname": "琳琳不想交房租", "follower_count": 857688}}, {"aweme": {"aweme_id": "6852559673292328199", "aweme_title": "“网红泥膜”测评，瞎说什么大实话#测评#温和清洁", "aweme_url": "https://www.iesdouyin.com/share/video/6852559673292328199/?region=CN&mid=6852559681375308551&u_code=1i449hc6m69m&titleType=title", "download_url": "https://www.chanmama.com/awemeDetail/6852559673292328199", "digg_count": 53081, "digg_incr": 12995, "aweme_create_time": 1595495112, "category": 3, "volume": 150, "amount": 11985}, "author": {"author_id": "523020167817357", "nickname": "黑仔评测", "follower_count": 472970}}, {"aweme": {"aweme_id": "6852475814974393603", "aweme_title": "船长给大家分享一下，不一样的，海边，沙滩，海浪，不一样的美！喜欢点赞支持一下，朋友们这是你理想感觉中海边吗？", "aweme_url": "https://www.iesdouyin.com/share/video/6852475814974393603/?region=CN&mid=6852475845928373006&u_code=24c1e5554j69&titleType=title", "download_url": "https://www.chanmama.com/awemeDetail/6852475814974393603", "digg_count": 14442, "digg_incr": 10109, "aweme_create_time": 1595466370, "category": 3, "volume": 6, "amount": 116.7}, "author": {"author_id": "94698846791", "nickname": "中国船长", "follower_count": 845071}}, {"aweme": {"aweme_id": "6852273817167908110", "aweme_title": "让直男鞋狗也能秒变绿茶的色号，你们喜欢么？", "aweme_url": "https://www.iesdouyin.com/share/video/6852273817167908110/?region=CN&mid=6852273940397804295&u_code=2cdek40b760i&titleType=title", "download_url": "https://www.chanmama.com/awemeDetail/6852273817167908110", "digg_count": 13529, "digg_incr": 9918, "aweme_create_time": 1595494800, "category": 3, "volume": 7, "amount": 903}, "author": {"author_id": "3197031385934189", "nickname": "你玥姐", "follower_count": 407395}}, {"aweme": {"aweme_id": "6852577147630914830", "aweme_title": "他记性很差，差到只能记住一句诺言… #情感  #夫妻  #爱情", "aweme_url": "https://www.iesdouyin.com/share/video/6852577147630914830/?region=CN&mid=6852577273598593805&u_code=45a6gmj0h2h&titleType=title", "download_url": "https://www.chanmama.com/awemeDetail/6852577147630914830", "digg_count": 12403, "digg_incr": 9425, "aweme_create_time": 1595498412, "category": 3, "volume": 0, "amount": 0}, "author": {"author_id": "3979856733543406", "nickname": "故事叔", "follower_count": 716564}}, {"aweme": {"aweme_id": "6852531209612840199", "aweme_title": "小红说：现在\"氧化\"和大白是我的头号\"敌人\"", "aweme_url": "https://www.iesdouyin.com/share/video/6852531209612840199/?region=CN&mid=6852531710774135566&u_code=3ghh3kbgkj6b&titleType=title", "download_url": "https://www.chanmama.com/awemeDetail/6852531209612840199", "digg_count": 16923, "digg_incr": 9218, "aweme_create_time": 1595498459, "category": 3, "volume": 0, "amount": 0}, "author": {"author_id": "62513533723", "nickname": "朕的化妆包", "follower_count": 545334}}, {"aweme": {"aweme_id": "6852602693089922312", "aweme_title": "#好物推荐 #男生礼物 #剃须刀@DOU+小助手", "aweme_url": "https://www.iesdouyin.com/share/video/6852602693089922312/?region=CN&mid=6852602730893085454&u_code=0&titleType=title", "download_url": "https://www.chanmama.com/awemeDetail/6852602693089922312", "digg_count": 17834, "digg_incr": 9170, "aweme_create_time": 1595495900, "category": 3, "volume": 53, "amount": 21147}, "author": {"author_id": "57794939721", "nickname": "猛男测评", "follower_count": 596627}}, {"aweme": {"aweme_id": "6852530102157217039", "aweme_title": "每次这个孕妇来店里，老板都是安排箱子给她放面膜的，100块要带走一大箱……#12点半进直播间开抢", "aweme_url": "https://www.iesdouyin.com/share/video/6852530102157217039/?region=CN&mid=6852530093500615438&u_code=0&titleType=title", "download_url": "https://www.chanmama.com/awemeDetail/6852530102157217039", "digg_count": 8869, "digg_incr": 8676, "aweme_create_time": 1595478997, "category": 3, "volume": 0, "amount": 0}, "author": {"author_id": "60303305984", "nickname": "不会跳的小青娃", "follower_count": 27933}}, {"aweme": {"aweme_id": "6852515383484747015", "aweme_title": "别老看欧美妆了，偶尔做做韩系美女不好嘛#单眼皮", "aweme_url": "https://www.iesdouyin.com/share/video/6852515383484747015/?region=CN&mid=6842676978789894925&u_code=0&titleType=title", "download_url": "https://www.chanmama.com/awemeDetail/6852515383484747015", "digg_count": 15783, "digg_incr": 7642, "aweme_create_time": 1595498423, "category": 3, "volume": 6, "amount": 328.79999999999995}, "author": {"author_id": "63952669139", "nickname": "小顾是个精灵鬼", "follower_count": 144602}}, {"aweme": {"aweme_id": "6852519873466125572", "aweme_title": "#抖音 #好物推荐 #抖音好物 #永芳珍珠膏 经典老国货，超好用的粉底液，还有奥琪增亮粉蜜，超有回忆", "aweme_url": "https://www.iesdouyin.com/share/video/6852519873466125572/?region=CN&mid=6769428795708409857&u_code=0&titleType=title", "download_url": "https://www.chanmama.com/awemeDetail/6852519873466125572", "digg_count": 10361, "digg_incr": 7588, "aweme_create_time": 1595476624, "category": 3, "volume": 105, "amount": 3139.5}, "author": {"author_id": "1415795023031751", "nickname": "精选國货正在直播中", "follower_count": 38109}}, {"aweme": {"aweme_id": "6852616554899606796", "aweme_title": "不会吧 现在还有人不知道如何变软妹？", "aweme_url": "https://www.iesdouyin.com/share/video/6852616554899606796/?region=CN&mid=6768756664041949966&u_code=45a6gmj0h2h&titleType=title", "download_url": "https://www.chanmama.com/awemeDetail/6852616554899606796", "digg_count": 8463, "digg_incr": 6133, "aweme_create_time": 1595499131, "category": 3, "volume": 1, "amount": 69.9}, "author": {"author_id": "71058573937", "nickname": "兔头公主𓆡𓆝𓆟𓆜", "follower_count": 186673}}, {"aweme": {"aweme_id": "6852151721263729923", "aweme_title": "牙口好才是真的好", "aweme_url": "https://www.iesdouyin.com/share/video/6852151721263729923/?region=CN&mid=6852151771511540488&u_code=0&titleType=title", "download_url": "https://www.chanmama.com/awemeDetail/6852151721263729923", "digg_count": 6079, "digg_incr": 6128, "aweme_create_time": 1595478747, "category": 3, "volume": 2, "amount": 718}, "author": {"author_id": "91746327449", "nickname": "崔雪丸酱", "follower_count": 640221}}, {"aweme": {"aweme_id": "6852238624721833229", "aweme_title": "用了它，别的面膜都得靠边站了！#植物医生  #国货  #虫草抗老", "aweme_url": "https://www.iesdouyin.com/share/video/6852238624721833229/?region=CN&mid=6852238730556656398&u_code=3ghh3kbgkj6b&titleType=title", "download_url": "https://www.chanmama.com/awemeDetail/6852238624721833229", "digg_count": 5936, "digg_incr": 6006, "aweme_create_time": 1595477580, "category": 3, "volume": 0, "amount": 0}, "author": {"author_id": "108649837863", "nickname": "童童Tone.", "follower_count": 941043}}, {"aweme": {"aweme_id": "6852567292828536071", "aweme_title": "如何应对刁蛮任性女室友#沙雕沙雕沙雕 #朕的香气", "aweme_url": "https://www.iesdouyin.com/share/video/6852567292828536071/?region=CN&mid=6852567329465781005&u_code=3ghh3kbgkj6b&titleType=title", "download_url": "https://www.chanmama.com/awemeDetail/6852567292828536071", "digg_count": 7485, "digg_incr": 5617, "aweme_create_time": 1595498880, "category": 3, "volume": 287, "amount": 8581.300000000001}, "author": {"author_id": "111360067396", "nickname": "朕太", "follower_count": 228199}}, {"aweme": {"aweme_id": "6852372146719624461", "aweme_title": "@李喜梅生活号发了一个抖音短视频，你尽管点开，不好看算我输！", "aweme_url": "https://www.iesdouyin.com/share/video/6852372146719624461/?region=CN&mid=6852372123453868808&u_code=97f0if8a195&titleType=", "download_url": "https://www.chanmama.com/awemeDetail/6852372146719624461", "digg_count": 7097, "digg_incr": 4706, "aweme_create_time": 1595442253, "category": 3, "volume": 1, "amount": 198}, "author": {"author_id": "1024392501404604", "nickname": "李喜梅生活号", "follower_count": 195772}}, {"aweme": {"aweme_id": "6851521856181128463", "aweme_title": "如何拯救你的斑驳底妆？卡纹脱妆不要害怕，我来教你怎么让妆容重生啦~@飞天小敏警", "aweme_url": "https://www.iesdouyin.com/share/video/6851521856181128463/?region=CN&mid=6851521911332784904&u_code=0&titleType=title", "download_url": "https://www.chanmama.com/awemeDetail/6851521856181128463", "digg_count": 4888, "digg_incr": 4624, "aweme_create_time": 1595476800, "category": 3, "volume": 1, "amount": 129.9}, "author": {"author_id": "104728911424", "nickname": "徐某某", "follower_count": 743670}}, {"aweme": {"aweme_id": "6852604511740005647", "aweme_title": "你们要的防晒喷雾来喽～夏季必屯呀！#防晒喷雾 #护肤", "aweme_url": "https://www.iesdouyin.com/share/video/6852604511740005647/?region=CN&mid=6679663039014439691&u_code=0&titleType=title", "download_url": "https://www.chanmama.com/awemeDetail/6852604511740005647", "digg_count": 4886, "digg_incr": 4571, "aweme_create_time": 1595496322, "category": 3, "volume": 1, "amount": 118}, "author": {"author_id": "59878463347", "nickname": "杜大宝", "follower_count": 330115}}, {"aweme": {"aweme_id": "6852602671568817412", "aweme_title": "皇后终于在颜值上赢了白雪公主#百万赞演技大赏 #原创者联盟计划", "aweme_url": "https://www.iesdouyin.com/share/video/6852602671568817412/?region=CN&mid=6852602737817832199&u_code=3ghh3kbgkj6b&titleType=title", "download_url": "https://www.chanmama.com/awemeDetail/6852602671568817412", "digg_count": 4608, "digg_incr": 4559, "aweme_create_time": 1595503923, "category": 3, "volume": 0, "amount": 0}, "author": {"author_id": "21855963970", "nickname": "奥黛丽黛C", "follower_count": 778848}}, {"aweme": {"aweme_id": "6852476863445503235", "aweme_title": "#抖音 #好物推荐 #抖音好物 #永芳珍珠膏 经典老国货，超好用的粉底液，还有奥琪增亮粉蜜，超有回忆", "aweme_url": "https://www.iesdouyin.com/share/video/6852476863445503235/?region=CN&mid=6769428795708409857&u_code=1h7f31l10dd3&titleType=title", "download_url": "https://www.chanmama.com/awemeDetail/6852476863445503235", "digg_count": 4968, "digg_incr": 4559, "aweme_create_time": 1595466613, "category": 3, "volume": 609, "amount": 18209.1}, "author": {"author_id": "1415795023031751", "nickname": "精选國货正在直播中", "follower_count": 38109}}, {"aweme": {"aweme_id": "6852524028813446407", "aweme_title": "事业要出圈，眼周可不能出黑眼圈。 @朱正廷 的眼部护理妙招，熬夜的你Get了吗？", "aweme_url": "https://www.iesdouyin.com/share/video/6852524028813446407/?region=CN&mid=6686699685073128196&u_code=0&titleType=title", "download_url": "https://www.chanmama.com/awemeDetail/6852524028813446407", "digg_count": 5572, "digg_incr": 4553, "aweme_create_time": 1595477585, "category": 3, "volume": 0, "amount": 0}, "author": {"author_id": "105100080249", "nickname": "MARUBI丸美", "follower_count": 177005}}, {"aweme": {"aweme_id": "6852559019152919820", "aweme_title": "腮红打的好 对象回家早 蜜杏色我的最爱 什么妆容都能配#腮红", "aweme_url": "https://www.iesdouyin.com/share/video/6852559019152919820/?region=CN&mid=6675295889831119619&u_code=45a6gmj0h2h&titleType=title", "download_url": "https://www.chanmama.com/awemeDetail/6852559019152919820", "digg_count": 7573, "digg_incr": 4534, "aweme_create_time": 1595485740, "category": 3, "volume": 7, "amount": 623}, "author": {"author_id": "82403809252", "nickname": "云朵鸭", "follower_count": 242031}}, {"aweme": {"aweme_id": "6852522577500458255", "aweme_title": "急救补水修护，怎么能少的了这款凝胶呢～夏季必屯呀！#补水 #护肤", "aweme_url": "https://www.iesdouyin.com/share/video/6852522577500458255/?region=CN&mid=6670827698216012557&u_code=0&titleType=title", "download_url": "https://www.chanmama.com/awemeDetail/6852522577500458255", "digg_count": 4704, "digg_incr": 4486, "aweme_create_time": 1595477245, "category": 3, "volume": 15, "amount": 720}, "author": {"author_id": "59878463347", "nickname": "杜大宝", "follower_count": 330115}}, {"aweme": {"aweme_id": "6852527053871385856", "aweme_title": "#萨维尔琨护肤记  这是什么神仙洁面，我爱了，疯狂打call#洁面", "aweme_url": "https://www.iesdouyin.com/share/video/6852527053871385856/?region=CN&mid=6852527059535612686&u_code=107m7bg5i135&titleType=title", "download_url": "https://www.chanmama.com/awemeDetail/6852527053871385856", "digg_count": 4035, "digg_incr": 4069, "aweme_create_time": 1595478287, "category": 3, "volume": 0, "amount": 0}, "author": {"author_id": "57618419013", "nickname": "Bessy小仙女", "follower_count": 543374}}, {"aweme": {"aweme_id": "6852575403203185933", "aweme_title": "熬夜脸不好好睡觉敷面膜，真的会越变越丑！", "aweme_url": "https://www.iesdouyin.com/share/video/6852575403203185933/?region=CN&mid=6852575437116459790&u_code=107m7bg5i135&titleType=title", "download_url": "https://www.chanmama.com/awemeDetail/6852575403203185933", "digg_count": 4244, "digg_incr": 3976, "aweme_create_time": 1595500464, "category": 3, "volume": 5, "amount": 399.5}, "author": {"author_id": "94557296029", "nickname": "大毛毛", "follower_count": 289731}}, {"aweme": {"aweme_id": "6852565913795939587", "aweme_title": "盼了好久的#usmile电动牙刷终于打折啦，每天上班前都好好刷个牙~", "aweme_url": "https://www.iesdouyin.com/share/video/6852565913795939587/?region=CN&mid=6852566132378127117&u_code=0&titleType=title", "download_url": "https://www.chanmama.com/awemeDetail/6852565913795939587", "digg_count": 3904, "digg_incr": 3947, "aweme_create_time": 1595492454, "category": 3, "volume": 23, "amount": 4117}, "author": {"author_id": "104174705134", "nickname": "L-Carmen", "follower_count": 144498}}, {"aweme": {"aweme_id": "6852546642109877518", "aweme_title": "老公在忙，不陪我玩🙈我在旁边自己玩，哼🐒@左左", "aweme_url": "https://www.iesdouyin.com/share/video/6852546642109877518/?region=CN&mid=6843370635138321165&u_code=45a6gmj0h2h&titleType=title", "download_url": "https://www.chanmama.com/awemeDetail/6852546642109877518", "digg_count": 4338, "digg_incr": 3906, "aweme_create_time": 1595482850, "category": 3, "volume": 0, "amount": 0}, "author": {"author_id": "111491536628", "nickname": "左左的女王", "follower_count": 253904}}, {"aweme": {"aweme_id": "6852577938295098631", "aweme_title": "#护肤 #vlog日常 没什么好看的 帅哥美丽清晨护理（做晨间肌肤护理 敷难得找到的适合晨间敷的面膜", "aweme_url": "https://www.iesdouyin.com/share/video/6852577938295098631/?region=CN&mid=6852577960001899278&u_code=1i449hc6m69m&titleType=title", "download_url": "https://www.chanmama.com/awemeDetail/6852577938295098631", "digg_count": 4169, "digg_incr": 3830, "aweme_create_time": 1595495442, "category": 3, "volume": 0, "amount": 0}, "author": {"author_id": "102393310351", "nickname": "u6kept", "follower_count": 303395}}, {"aweme": {"aweme_id": "6852484755254988043", "aweme_title": "第三十五集I你们觉得金秘书是什么样的女人？", "aweme_url": "https://www.iesdouyin.com/share/video/6852484755254988043/?region=CN&mid=6852484800952322829&u_code=0&titleType=title", "download_url": "https://www.chanmama.com/awemeDetail/6852484755254988043", "digg_count": 4644, "digg_incr": 3602, "aweme_create_time": 1595468450, "category": 3, "volume": 1, "amount": 39}, "author": {"author_id": "106860269662", "nickname": "是金秘书呀", "follower_count": 145783}}, {"aweme": {"aweme_id": "6852532100139060488", "aweme_title": "@Anan.nail发了一个抖音短视频，你尽管点开，不好看算我输！", "aweme_url": "https://www.iesdouyin.com/share/video/6852532100139060488/?region=CN&mid=6852532090383584013&u_code=0&titleType=", "download_url": "https://www.chanmama.com/awemeDetail/6852532100139060488", "digg_count": 14900, "digg_incr": 3405, "aweme_create_time": 1595479463, "category": 3, "volume": 75, "amount": 2242.5}, "author": {"author_id": "1895148426107268", "nickname": "Anan.nail", "follower_count": 70503}}, {"aweme": {"aweme_id": "6852573876157730048", "aweme_title": "口红真的是妆容的灵魂 🖤#原相机试色@抖音小助手", "aweme_url": "https://www.iesdouyin.com/share/video/6852573876157730048/?region=CN&mid=6852573911801023246&u_code=45a6gmj0h2h&titleType=title", "download_url": "https://www.chanmama.com/awemeDetail/6852573876157730048", "digg_count": 5226, "digg_incr": 3303, "aweme_create_time": 1595498530, "category": 3, "volume": 0, "amount": 0}, "author": {"author_id": "62577651397", "nickname": "蒲儿姓蒲", "follower_count": 660361}}, {"aweme": {"aweme_id": "6852564201718680846", "aweme_title": "我还以为这次生日，收不到他的礼物了呢 #惊喜 #前男友", "aweme_url": "https://www.iesdouyin.com/share/video/6852564201718680846/?region=CN&mid=6852564317712255758&u_code=45a6gmj0h2h&titleType=title", "download_url": "https://www.chanmama.com/awemeDetail/6852564201718680846", "digg_count": 5499, "digg_incr": 3257, "aweme_create_time": 1595498400, "category": 3, "volume": 6, "amount": 359.4}, "author": {"author_id": "131553272276476", "nickname": "舒芙蕾蕾🍞", "follower_count": 418130}}, {"aweme": {"aweme_id": "6852503270041062664", "aweme_title": "你们上一次坐飞机是什么时候呢？#vlog #韩国生活", "aweme_url": "https://www.iesdouyin.com/share/video/6852503270041062664/?region=CN&mid=6852503308477696781&u_code=1i449hc6m69m&titleType=title", "download_url": "https://www.chanmama.com/awemeDetail/6852503270041062664", "digg_count": 4813, "digg_incr": 3227, "aweme_create_time": 1595495700, "category": 3, "volume": 1, "amount": 318}, "author": {"author_id": "96029862141", "nickname": "我叫咩直", "follower_count": 543326}}, {"aweme": {"aweme_id": "6852605546093153536", "aweme_title": "黑化恶龙妆容分享#逆天化妆术", "aweme_url": "https://www.iesdouyin.com/share/video/6852605546093153536/?region=CN&mid=6843373407510301447&u_code=0&titleType=title", "download_url": "https://www.chanmama.com/awemeDetail/6852605546093153536", "digg_count": 4526, "digg_incr": 3196, "aweme_create_time": 1595496563, "category": 3, "volume": 0, "amount": 0}, "author": {"author_id": "60753749296", "nickname": "州ONE", "follower_count": 962362}}, {"aweme": {"aweme_id": "6852532071886310667", "aweme_title": "今日话题：你觉得跟爸妈最后悔的一件事是什么？", "aweme_url": "https://www.iesdouyin.com/share/video/6852532071886310667/?region=CN&mid=6851872045874154254&u_code=g2l85cc599c&titleType=title", "download_url": "https://www.chanmama.com/awemeDetail/6852532071886310667", "digg_count": 3782, "digg_incr": 2994, "aweme_create_time": 1595479464, "category": 3, "volume": 11, "amount": 319}, "author": {"author_id": "58382310085", "nickname": "谦之之_", "follower_count": 266856}}, {"aweme": {"aweme_id": "6852618051779579149", "aweme_title": "学生党必看！买对不买贵～#好物种草 #茶艺妆", "aweme_url": "https://www.iesdouyin.com/share/video/6852618051779579149/?region=CN&mid=6852618083253979911&u_code=45a6gmj0h2h&titleType=title", "download_url": "https://www.chanmama.com/awemeDetail/6852618051779579149", "digg_count": 2956, "digg_incr": 2972, "aweme_create_time": 1595499475, "category": 3, "volume": 0, "amount": 0}, "author": {"author_id": "52039737789", "nickname": "jojo坨", "follower_count": 367793}}, {"aweme": {"aweme_id": "6852614284690623756", "aweme_title": "皮肤吸收差！整肌刀安排上～完美！#美容仪 #护肤美容", "aweme_url": "https://www.iesdouyin.com/share/video/6852614284690623756/?region=CN&mid=6852614336490326792&u_code=45a6gmj0h2h&titleType=title", "download_url": "https://www.chanmama.com/awemeDetail/6852614284690623756", "digg_count": 2931, "digg_incr": 2925, "aweme_create_time": 1595498602, "category": 3, "volume": 0, "amount": 0}, "author": {"author_id": "97859122686", "nickname": "爆炸女孩💥", "follower_count": 701130}}, {"aweme": {"aweme_id": "6852609465569643779", "aweme_title": "#妆前妆后 不用贴双眼皮也好看的单眼皮眼妆，底妆要干净，眼线要够挑～画完太A了吧#单眼皮#眼妆", "aweme_url": "https://www.iesdouyin.com/share/video/6852609465569643779/?region=CN&mid=6852609516832983822&u_code=45a6gmj0h2h&titleType=title", "download_url": "https://www.chanmama.com/awemeDetail/6852609465569643779", "digg_count": 4021, "digg_incr": 2835, "aweme_create_time": 1595497481, "category": 3, "volume": 6, "amount": 894}, "author": {"author_id": "58758888415", "nickname": "龙只鱼xxxibgdrgn", "follower_count": 406406}}, {"aweme": {"aweme_id": "6852270063739800839", "aweme_title": "孩子们啊！护肤要领，稳定先行！", "aweme_url": "https://www.iesdouyin.com/share/video/6852270063739800839/?region=CN&mid=6686699681029819148&u_code=0&titleType=title", "download_url": "https://www.chanmama.com/awemeDetail/6852270063739800839", "digg_count": 3402, "digg_incr": 2826, "aweme_create_time": 1595494680, "category": 3, "volume": 37, "amount": 4033}, "author": {"author_id": "103395160116", "nickname": "太阳婶子", "follower_count": 923534}}, {"aweme": {"aweme_id": "6852520810691775752", "aweme_title": "跟泡泡玛特联名的礼盒我好喜欢！#今天你拆快递了么 #拆快递 @抖音小助手 @DOU+小助手", "aweme_url": "https://www.iesdouyin.com/share/video/6852520810691775752/?region=CN&mid=6830649363182651394&u_code=j730d8fhed&titleType=title", "download_url": "https://www.chanmama.com/awemeDetail/6852520810691775752", "digg_count": 3311, "digg_incr": 2741, "aweme_create_time": 1595476835, "category": 3, "volume": 12, "amount": 1176}, "author": {"author_id": "61531717036", "nickname": "是三叁吖🐰", "follower_count": 201677}}, {"aweme": {"aweme_id": "6852613649773694208", "aweme_title": "决定了，这个妆叫《紫里紫气巨持久就算你拿搓澡的劲搓我的眉毛眼线也绝对搓不掉搓掉算我输妆》", "aweme_url": "https://www.iesdouyin.com/share/video/6852613649773694208/?region=CN&mid=6843607089181362177&u_code=0&titleType=title", "download_url": "https://www.chanmama.com/awemeDetail/6852613649773694208", "digg_count": 8247, "digg_incr": 2707, "aweme_create_time": 1595498449, "category": 3, "volume": 3, "amount": 177}, "author": {"author_id": "69451984725", "nickname": "我快秃了", "follower_count": 144395}}, {"aweme": {"aweme_id": "6852607827509333263", "aweme_title": "富婆的心态拿捏好 月底的奖金跑不了", "aweme_url": "https://www.iesdouyin.com/share/video/6852607827509333263/?region=CN&mid=6852607856945236743&u_code=45a6gmj0h2h&titleType=title", "download_url": "https://www.chanmama.com/awemeDetail/6852607827509333263", "digg_count": 2876, "digg_incr": 2662, "aweme_create_time": 1595497094, "category": 3, "volume": 12, "amount": 598.8}, "author": {"author_id": "716507946432830", "nickname": "完小完子", "follower_count": 245933}}, {"aweme": {"aweme_id": "6852247018765667599", "aweme_title": "不买会后悔的平价小众香水来啦！每一个都好闻到尖叫！#香水 #平价 #小众", "aweme_url": "https://www.iesdouyin.com/share/video/6852247018765667599/?region=CN&mid=6852247072663128846&u_code=3e536jfelemm&titleType=title", "download_url": "https://www.chanmama.com/awemeDetail/6852247018765667599", "digg_count": 2763, "digg_incr": 2418, "aweme_create_time": 1595498400, "category": 3, "volume": 1, "amount": 109}, "author": {"author_id": "94947592676", "nickname": "Alin香味研究所", "follower_count": 978766}}, {"aweme": {"aweme_id": "6852571463728237831", "aweme_title": "红夫人的金针菇头饰带完了还可以吃#第五人格 #第五人格红夫人 #贝拉夫人", "aweme_url": "https://www.iesdouyin.com/share/video/6852571463728237831/?region=CN&mid=6843607089181362177&u_code=45a6gmj0h2h&titleType=title", "download_url": "https://www.chanmama.com/awemeDetail/6852571463728237831", "digg_count": 3621, "digg_incr": 2334, "aweme_create_time": 1595498400, "category": 3, "volume": 0, "amount": 0}, "author": {"author_id": "63207369984", "nickname": "彭文青", "follower_count": 229051}}, {"aweme": {"aweme_id": "6852598464862276872", "aweme_title": "你在我心里的位置连我自己都嫉妒#原相机", "aweme_url": "https://www.iesdouyin.com/share/video/6852598464862276872/?region=CN&mid=6465180388150283022&u_code=1i449hc6m69m&titleType=title", "download_url": "https://www.chanmama.com/awemeDetail/6852598464862276872", "digg_count": 3510, "digg_incr": 2293, "aweme_create_time": 1595494915, "category": 3, "volume": 32, "amount": 1596.8}, "author": {"author_id": "61560651208", "nickname": "一只鸭", "follower_count": 362131}}, {"aweme": {"aweme_id": "6852543406204357895", "aweme_title": "你睡不着的时候会想什么？ #睡不着", "aweme_url": "https://www.iesdouyin.com/share/video/6852543406204357895/?region=CN&mid=6852543505793927949&u_code=0&titleType=title", "download_url": "https://www.chanmama.com/awemeDetail/6852543406204357895", "digg_count": 2831, "digg_incr": 2289, "aweme_create_time": 1595496600, "category": 3, "volume": 0, "amount": 0}, "author": {"author_id": "106393911206", "nickname": "玩书", "follower_count": 897631}}, {"aweme": {"aweme_id": "6852618459415661832", "aweme_title": "刚收的热乎的新胶，来个大家试试个色叭~ #美甲  #美甲美甲", "aweme_url": "https://www.iesdouyin.com/share/video/6852618459415661832/?region=CN&mid=6852618558229269261&u_code=4b44e709c4hm&titleType=title", "download_url": "https://www.chanmama.com/awemeDetail/6852618459415661832", "digg_count": 3223, "digg_incr": 2286, "aweme_create_time": 1595499588, "category": 3, "volume": 0, "amount": 0}, "author": {"author_id": "102292978727", "nickname": "达蒙美甲课堂", "follower_count": 962884}}, {"aweme": {"aweme_id": "6852525851959938304", "aweme_title": "冲冲冲 我已经感觉自己有仙气了 温柔神仙玻璃唇#苹果原相机 #妆容", "aweme_url": "https://www.iesdouyin.com/share/video/6852525851959938304/?region=CN&mid=6847816874311338766&u_code=13h2b53i96ba&titleType=title", "download_url": "https://www.chanmama.com/awemeDetail/6852525851959938304", "digg_count": 6191, "digg_incr": 2281, "aweme_create_time": 1595478007, "category": 3, "volume": 1, "amount": 69.9}, "author": {"author_id": "4050220241393091", "nickname": "Grace芝士酱", "follower_count": 492624}}, {"aweme": {"aweme_id": "6852504658536172800", "aweme_title": "什么神仙好物！用了这个#耳洞清洁线 才知道自己耳洞有多脏～有耳洞的一定要试试！", "aweme_url": "https://www.iesdouyin.com/share/video/6852504658536172800/?region=CN&mid=6852504656069806856&u_code=0&titleType=title", "download_url": "https://www.chanmama.com/awemeDetail/6852504658536172800", "digg_count": 2233, "digg_incr": 2233, "aweme_create_time": 1595475413, "category": 3, "volume": 88, "amount": 3511.2}, "author": {"author_id": "103897187351", "nickname": "李佳琪推荐(49两盒)", "follower_count": 0}}, {"aweme": {"aweme_id": "6852614184845184271", "aweme_title": "今天干一天临时工挣100，回家时很饿，为了家人没舍得下馆子，就回家先吃点馒头充饥！正儿八经的给87后丢脸啦！", "aweme_url": "https://www.iesdouyin.com/share/video/6852614184845184271/?region=CN&mid=6800657346533182216&u_code=45a6gmj0h2h&titleType=title", "download_url": "https://www.chanmama.com/awemeDetail/6852614184845184271", "digg_count": 3285, "digg_incr": 2141, "aweme_create_time": 1595498574, "category": 3, "volume": 0, "amount": 0}, "author": {"author_id": "70428460712", "nickname": "单身有缘遇见你", "follower_count": 667867}}, {"aweme": {"aweme_id": "6852514284988124419", "aweme_title": "对不起，我错了——超强性价比的#电动牙刷 #国货之光 #性价比 #种草", "aweme_url": "https://www.iesdouyin.com/share/video/6852514284988124419/?region=CN&mid=6852514469174250248&u_code=0&titleType=title", "download_url": "https://www.chanmama.com/awemeDetail/6852514284988124419", "digg_count": 4197, "digg_incr": 2096, "aweme_create_time": 1595485520, "category": 3, "volume": 23, "amount": 4117}, "author": {"author_id": "1538921567356343", "nickname": "程筱雨", "follower_count": 217971}}, {"aweme": {"aweme_id": "6852523901000371470", "aweme_title": "雾化速度挺快，带着挺方便#润眼仪喷雾 #眼疲劳干涩 #缓解眼疲劳", "aweme_url": "https://www.iesdouyin.com/share/video/6852523901000371470/?region=CN&mid=6852523906344373005&u_code=0&titleType=title", "download_url": "https://www.chanmama.com/awemeDetail/6852523901000371470", "digg_count": 2711, "digg_incr": 2035, "aweme_create_time": 1595477555, "category": 3, "volume": 0, "amount": 0}, "author": {"author_id": "108162182571", "nickname": "奇哆哆", "follower_count": 297400}}, {"aweme": {"aweme_id": "6852626117413588227", "aweme_title": "可可爱爱胖乎乎的卸妆水！限定版的泰可爱啦！#开箱 #完美日记", "aweme_url": "https://www.iesdouyin.com/share/video/6852626117413588227/?region=CN&mid=6807587707360054029&u_code=3ghh3kbgkj6b&titleType=title", "download_url": "https://www.chanmama.com/awemeDetail/6852626117413588227", "digg_count": 2858, "digg_incr": 1998, "aweme_create_time": 1595501357, "category": 3, "volume": 1, "amount": 59.9}, "author": {"author_id": "483375149498855", "nickname": "Pinky粉夏✨", "follower_count": 179318}}, {"aweme": {"aweme_id": "6852597867643751687", "aweme_title": "夏天来一杯海盐波子汽水吧～  #眼妆", "aweme_url": "https://www.iesdouyin.com/share/video/6852597867643751687/?region=CN&mid=6843774888277576461&u_code=143k31aejc42&titleType=title", "download_url": "https://www.chanmama.com/awemeDetail/6852597867643751687", "digg_count": 3546, "digg_incr": 1982, "aweme_create_time": 1595494776, "category": 3, "volume": 0, "amount": 0}, "author": {"author_id": "67229309979", "nickname": "辛波咔咔", "follower_count": 451806}}, {"aweme": {"aweme_id": "6852643931465747725", "aweme_title": "好好爱自己，也是对感情的一种尊重 #恋爱", "aweme_url": "https://www.iesdouyin.com/share/video/6852643931465747725/?region=CN&mid=6852644388678552328&u_code=0&titleType=title", "download_url": "https://www.chanmama.com/awemeDetail/6852643931465747725", "digg_count": 2532, "digg_incr": 1962, "aweme_create_time": 1595505587, "category": 3, "volume": 27, "amount": 5373}, "author": {"author_id": "76131427214", "nickname": "胖达Moer", "follower_count": 80030}}, {"aweme": {"aweme_id": "6852568650776431883", "aweme_title": "盼了好久的#usmile电动牙刷 终于打折啦，每天上班前都好好刷个牙吧~", "aweme_url": "https://www.iesdouyin.com/share/video/6852568650776431883/?region=CN&mid=6852568876224350989&u_code=0&titleType=title", "download_url": "https://www.chanmama.com/awemeDetail/6852568650776431883", "digg_count": 1980, "digg_incr": 1944, "aweme_create_time": 1595492435, "category": 3, "volume": 22, "amount": 3938}, "author": {"author_id": "105427847548", "nickname": "丹妮莉", "follower_count": 144556}}, {"aweme": {"aweme_id": "6852636709809605896", "aweme_title": "他都这么便宜了～还买一送一！！！我的天……", "aweme_url": "https://www.iesdouyin.com/share/video/6852636709809605896/?region=CN&mid=6852636749613599496&u_code=45a6gmj0h2h&titleType=title", "download_url": "https://www.chanmama.com/awemeDetail/6852636709809605896", "digg_count": 2387, "digg_incr": 1929, "aweme_create_time": 1595503819, "category": 3, "volume": 109, "amount": 1624.1}, "author": {"author_id": "103378630943", "nickname": "阔喵🐱狂躁开箱", "follower_count": 690205}}, {"aweme": {"aweme_id": "6852449741876284679", "aweme_title": "做个独一无二的自己…", "aweme_url": "https://www.iesdouyin.com/share/video/6852449741876284679/?region=CN&mid=6848933421415140110&u_code=45a6gmj0h2h&titleType=title", "download_url": "https://www.chanmama.com/awemeDetail/6852449741876284679", "digg_count": 2226, "digg_incr": 1900, "aweme_create_time": 1595460293, "category": 3, "volume": 0, "amount": 0}, "author": {"author_id": "74900764377", "nickname": "木易姐", "follower_count": 332668}}, {"aweme": {"aweme_id": "6852478196575784192", "aweme_title": "库存～官方的回答了他是阿衰", "aweme_url": "https://www.iesdouyin.com/share/video/6852478196575784192/?region=CN&mid=6728279489366769677&u_code=0&titleType=title", "download_url": "https://www.chanmama.com/awemeDetail/6852478196575784192", "digg_count": 2879, "digg_incr": 1865, "aweme_create_time": 1595466913, "category": 3, "volume": 0, "amount": 0}, "author": {"author_id": "62965224478", "nickname": "大美女和丑八怪", "follower_count": 117336}}, {"aweme": {"aweme_id": "6852600328655752462", "aweme_title": "新品小粉棒来啦！这支蜜桃粉你看怎么样？够不够味！#口红", "aweme_url": "https://www.iesdouyin.com/share/video/6852600328655752462/?region=CN&mid=6852600348721974023&u_code=0&titleType=title", "download_url": "https://www.chanmama.com/awemeDetail/6852600328655752462", "digg_count": 4799, "digg_incr": 1854, "aweme_create_time": 1595495349, "category": 3, "volume": 1, "amount": 29}, "author": {"author_id": "104443552694", "nickname": "HOLDLIVE ", "follower_count": 152391}}, {"aweme": {"aweme_id": "6852606968423615757", "aweme_title": "瞬间觉得自己是全世界最漂亮的妞#美甲", "aweme_url": "https://www.iesdouyin.com/share/video/6852606968423615757/?region=CN&mid=6852606989366348557&u_code=107m7bg5i135&titleType=title", "download_url": "https://www.chanmama.com/awemeDetail/6852606968423615757", "digg_count": 3945, "digg_incr": 1848, "aweme_create_time": 1595496895, "category": 3, "volume": 6, "amount": 88.80000000000001}, "author": {"author_id": "100608281770", "nickname": "美甲情报局", "follower_count": 429399}}, {"aweme": {"aweme_id": "6852521875948522767", "aweme_title": "我怀疑这套国货水乳开了挂，一键调回健康好皮肤！#护肤 #平价水乳", "aweme_url": "https://www.iesdouyin.com/share/video/6852521875948522767/?region=CN&mid=6852521908886326029&u_code=0&titleType=title", "download_url": "https://www.chanmama.com/awemeDetail/6852521875948522767", "digg_count": 2200, "digg_incr": 1838, "aweme_create_time": 1595498400, "category": 3, "volume": 20, "amount": 2960}, "author": {"author_id": "103422928388", "nickname": "鸡哥扒成分", "follower_count": 531977}}, {"aweme": {"aweme_id": "6852618282067954956", "aweme_title": "你们的#熬夜脸 有救啦！#熬夜 #暗沉 #痘痘", "aweme_url": "https://www.iesdouyin.com/share/video/6852618282067954956/?region=CN&mid=6852618321783802638&u_code=0&titleType=title", "download_url": "https://www.chanmama.com/awemeDetail/6852618282067954956", "digg_count": 1845, "digg_incr": 1837, "aweme_create_time": 1595499533, "category": 3, "volume": 4, "amount": 396}, "author": {"author_id": "102165270202", "nickname": "华肌颜究院", "follower_count": 501820}}, {"aweme": {"aweme_id": "6852619339896474893", "aweme_title": "#酸奶白美甲 #芭蕾舞鞋 磨具教程#美甲教程", "aweme_url": "https://www.iesdouyin.com/share/video/6852619339896474893/?region=CN&mid=6852619373232868104&u_code=1j0gga3866l9&titleType=title", "download_url": "https://www.chanmama.com/awemeDetail/6852619339896474893", "digg_count": 2542, "digg_incr": 1830, "aweme_create_time": 1595499775, "category": 3, "volume": 0, "amount": 0}, "author": {"author_id": "59470050022", "nickname": "欧琳汀美甲", "follower_count": 323688}}, {"aweme": {"aweme_id": "6852574883830844683", "aweme_title": "其实…男生型唔型，主要睇发型！@阿力酷 #部长语录 #关二哥", "aweme_url": "https://www.iesdouyin.com/share/video/6852574883830844683/?region=CN&mid=6852574934779398925&u_code=45a6gmj0h2h&titleType=title", "download_url": "https://www.chanmama.com/awemeDetail/6852574883830844683", "digg_count": 2292, "digg_incr": 1817, "aweme_create_time": 1595498400, "category": 3, "volume": 2, "amount": 196}, "author": {"author_id": "92398496585", "nickname": "粤x牌部长", "follower_count": 249957}}, {"aweme": {"aweme_id": "6852589235724242190", "aweme_title": "哇～闺蜜真的没有骗我踩坑！黄皮大油田的我涂了一次这个#泥膜，皮肤就像剥了壳的🥚鸡蛋一样！", "aweme_url": "https://www.iesdouyin.com/share/video/6852589235724242190/?region=CN&mid=6852587890438900494&u_code=0&titleType=title", "download_url": "https://www.chanmama.com/awemeDetail/6852589235724242190", "digg_count": 2198, "digg_incr": 1799, "aweme_create_time": 1595492767, "category": 3, "volume": 7, "amount": 349.3}, "author": {"author_id": "2071111626916103", "nickname": "Summer、初夏学姐", "follower_count": 103490}}, {"aweme": {"aweme_id": "6852683298376797451", "aweme_title": "这就是我用了五年的宝藏遮瑕#粉底液，上妆服帖不咔粉，夏天从来不拖妝！", "aweme_url": "https://www.iesdouyin.com/share/video/6852683298376797451/?region=CN&mid=6852683328101911310&u_code=0&titleType=title", "download_url": "https://www.chanmama.com/awemeDetail/6852683298376797451", "digg_count": 8783, "digg_incr": 1763, "aweme_create_time": 1595514670, "category": 3, "volume": 4, "amount": 119.6}, "author": {"author_id": "106553225628", "nickname": "鱼子酱uu", "follower_count": 31294}}, {"aweme": {"aweme_id": "6852267943301041408", "aweme_title": "今天又摸索了个奇奇怪怪的妆#原相机", "aweme_url": "https://www.iesdouyin.com/share/video/6852267943301041408/?region=CN&mid=6847418821142137607&u_code=3ghh3kbgkj6b&titleType=title", "download_url": "https://www.chanmama.com/awemeDetail/6852267943301041408", "digg_count": 2380, "digg_incr": 1741, "aweme_create_time": 1595496600, "category": 3, "volume": 5, "amount": 295}, "author": {"author_id": "62469202354", "nickname": "yme", "follower_count": 298893}}, {"aweme": {"aweme_id": "6852582560418057472", "aweme_title": "绿茶妆又欲又纯？ 那不如来看看学生妆吧 #内双 #妆教 #双眼皮贴", "aweme_url": "https://www.iesdouyin.com/share/video/6852582560418057472/?region=CN&mid=6843607089181362177&u_code=45a6gmj0h2h&titleType=title", "download_url": "https://www.chanmama.com/awemeDetail/6852582560418057472", "digg_count": 2150, "digg_incr": 1699, "aweme_create_time": 1595491211, "category": 3, "volume": 11, "amount": 360.79999999999995}, "author": {"author_id": "57946656389", "nickname": "张叔叔很忙阿", "follower_count": 636447}}, {"aweme": {"aweme_id": "6852617833789132045", "aweme_title": "女人为什么比男人老的快？你认为呢？#婚姻情感 #家庭教育 @宇通🔥四哥（导演）", "aweme_url": "https://www.iesdouyin.com/share/video/6852617833789132045/?region=CN&mid=6852617866765060872&u_code=45a6gmj0h2h&titleType=title", "download_url": "https://www.chanmama.com/awemeDetail/6852617833789132045", "digg_count": 2581, "digg_incr": 1695, "aweme_create_time": 1595499425, "category": 3, "volume": 3, "amount": 89.69999999999999}, "author": {"author_id": "100725388427", "nickname": "宇通🔥朵朵", "follower_count": 461934}}, {"aweme": {"aweme_id": "6852517139803360519", "aweme_title": "打工小妹坚持要辞职，老板只用一招就留住了她  #抖音有好货  #平价好货", "aweme_url": "https://www.iesdouyin.com/share/video/6852517139803360519/?region=CN&mid=6852517470142909198&u_code=0&titleType=title", "download_url": "https://www.chanmama.com/awemeDetail/6852517139803360519", "digg_count": 1734, "digg_incr": 1672, "aweme_create_time": 1595476048, "category": 3, "volume": 15, "amount": 298.5}, "author": {"author_id": "93072686815", "nickname": "爱美日记AM", "follower_count": 149226}}, {"aweme": {"aweme_id": "6852549878195686671", "aweme_title": "斥巨资在韩国学化妆就这？？#韩国 #化妆 #好物推荐 #化妆刷 @DOU+小助手", "aweme_url": "https://www.iesdouyin.com/share/video/6852549878195686671/?region=CN&mid=6852549895484721928&u_code=0&titleType=title", "download_url": "https://www.chanmama.com/awemeDetail/6852549878195686671", "digg_count": 3105, "digg_incr": 1670, "aweme_create_time": 1595497500, "category": 3, "volume": 18, "amount": 1782}, "author": {"author_id": "2735193332652624", "nickname": "Sue小姿", "follower_count": 137883}}, {"aweme": {"aweme_id": "6852600179917344007", "aweme_title": "今天刷到查看高考成绩.有报医学院的吗？希望几年后我们能成为并肩作战的战友.我等你哦...加油.少年😊", "aweme_url": "https://www.iesdouyin.com/share/video/6852600179917344007/?region=CN&mid=6813605092223092738&u_code=107m7bg5i135&titleType=title", "download_url": "https://www.chanmama.com/awemeDetail/6852600179917344007", "digg_count": 2788, "digg_incr": 1646, "aweme_create_time": 1595495314, "category": 3, "volume": 0, "amount": 0}, "author": {"author_id": "108179886420", "nickname": "侯侯❤️", "follower_count": 814017}}, {"aweme": {"aweme_id": "6852616067609644301", "aweme_title": "踢球前为什么要做热身？这个视频告诉你#前国脚徐亮 #遇见足球 #足球", "aweme_url": "https://www.iesdouyin.com/share/video/6852616067609644301/?region=CN&mid=6852616088723704584&u_code=45a6gmj0h2h&titleType=title", "download_url": "https://www.chanmama.com/awemeDetail/6852616067609644301", "digg_count": 2121, "digg_incr": 1592, "aweme_create_time": 1595499013, "category": 3, "volume": 0, "amount": 0}, "author": {"author_id": "58333205076", "nickname": "徐亮", "follower_count": 229851}}, {"aweme": {"aweme_id": "6852592315312196879", "aweme_title": "#甜甜的恋爱 终于知道男朋友为啥喜欢我了 或许是图我喝奶茶喝出来的双下巴", "aweme_url": "https://www.iesdouyin.com/share/video/6852592315312196879/?region=CN&mid=6852592353849445127&u_code=3ghh3kbgkj6b&titleType=title", "download_url": "https://www.chanmama.com/awemeDetail/6852592315312196879", "digg_count": 5552, "digg_incr": 1567, "aweme_create_time": 1595500965, "category": 3, "volume": 0, "amount": 0}, "author": {"author_id": "2686807846692142", "nickname": "程程嘉辰", "follower_count": 342698}}, {"aweme": {"aweme_id": "6852614289283501312", "aweme_title": "别抠了，心疼😭#美甲 #美甲师 #美甲控 #内心戏", "aweme_url": "https://www.iesdouyin.com/share/video/6852614289283501312/?region=CN&mid=6852614311416761102&u_code=0&titleType=title", "download_url": "https://www.chanmama.com/awemeDetail/6852614289283501312", "digg_count": 10525, "digg_incr": 1557, "aweme_create_time": 1595498598, "category": 3, "volume": 0, "amount": 0}, "author": {"author_id": "3293398995", "nickname": "美甲哥", "follower_count": 127010}}, {"aweme": {"aweme_id": "6852570391592865024", "aweme_title": "30+的你还没开始抗衰？还在等什么？跟着我一起乘风破浪变姐姐#植物医生#国货", "aweme_url": "https://www.iesdouyin.com/share/video/6852570391592865024/?region=CN&mid=6852570410467347208&u_code=0&titleType=title", "download_url": "https://www.chanmama.com/awemeDetail/6852570391592865024", "digg_count": 2994, "digg_incr": 1527, "aweme_create_time": 1595494316, "category": 3, "volume": 0, "amount": 0}, "author": {"author_id": "101762100312", "nickname": "石榴妈咪", "follower_count": 752101}}, {"aweme": {"aweme_id": "6852496436890733839", "aweme_title": "能让我远离草莓鼻，从清洁泥膜开始#黑头粉刺 #清洁泥膜", "aweme_url": "https://www.iesdouyin.com/share/video/6852496436890733839/?region=CN&mid=6852496438539143944&u_code=0&titleType=title", "download_url": "https://www.chanmama.com/awemeDetail/6852496436890733839", "digg_count": 1557, "digg_incr": 1527, "aweme_create_time": 1595471159, "category": 3, "volume": 11, "amount": 548.9}, "author": {"author_id": "852841357904279", "nickname": "牙牙", "follower_count": 14864}}, {"aweme": {"aweme_id": "6852486974507371789", "aweme_title": "网红#洗脸仪 卸妆体验还不错，挺干净的，有用#好物测评 #卸妆", "aweme_url": "https://www.iesdouyin.com/share/video/6852486974507371789/?region=CN&mid=6852486963929320205&u_code=0&titleType=title", "download_url": "https://www.chanmama.com/awemeDetail/6852486974507371789", "digg_count": 8528, "digg_incr": 1521, "aweme_create_time": 1595472971, "category": 3, "volume": 0, "amount": 0}, "author": {"author_id": "4037032290031315", "nickname": "败家女A灰灰", "follower_count": 114315}}, {"aweme": {"aweme_id": "6852598695913934094", "aweme_title": "学生党超需要的马克笔唇釉！再也不怕老师发现了哈哈哈#平价唇釉#马克笔", "aweme_url": "https://www.iesdouyin.com/share/video/6852598695913934094/?region=CN&mid=6716030116750887694&u_code=0&titleType=title", "download_url": "https://www.chanmama.com/awemeDetail/6852598695913934094", "digg_count": 4565, "digg_incr": 1518, "aweme_create_time": 1595494969, "category": 3, "volume": 4, "amount": 79.6}, "author": {"author_id": "3997471019116059", "nickname": "学生党好物优选", "follower_count": 170851}}, {"aweme": {"aweme_id": "6852529310079782144", "aweme_title": "女生刚起床和出门差距能有多大#膜法世家", "aweme_url": "https://www.iesdouyin.com/share/video/6852529310079782144/?region=CN&mid=6852529359413152526&u_code=0&titleType=title", "download_url": "https://www.chanmama.com/awemeDetail/6852529310079782144", "digg_count": 1846, "digg_incr": 1494, "aweme_create_time": 1595494800, "category": 3, "volume": 5, "amount": 549.5}, "author": {"author_id": "96106298622", "nickname": "是于十二", "follower_count": 181814}}, {"aweme": {"aweme_id": "6852509998317145351", "aweme_title": "显微镜下微观看世界！带你们了解脸上的脏东西！#除螨#健康", "aweme_url": "https://www.iesdouyin.com/share/video/6852509998317145351/?region=CN&mid=6837144854716336903&u_code=0&titleType=title", "download_url": "https://www.chanmama.com/awemeDetail/6852509998317145351", "digg_count": 1657, "digg_incr": 1425, "aweme_create_time": 1595474318, "category": 3, "volume": 13, "amount": 774.8000000000001}, "author": {"author_id": "73306598774", "nickname": "狂人显微镜🔬小龙哥", "follower_count": 846834}}, {"aweme": {"aweme_id": "6852612239191559439", "aweme_title": "没必纠结有没有浏览量，也不必在乎赞多赞少，拍自己喜欢的作品，配自己喜欢的音乐，配自己喜欢的音乐@小蝴蝶1💄", "aweme_url": "https://www.iesdouyin.com/share/video/6852612239191559439/?region=CN&mid=6805706193177365256&u_code=0&titleType=title", "download_url": "https://www.chanmama.com/awemeDetail/6852612239191559439", "digg_count": 1798, "digg_incr": 1401, "aweme_create_time": 1595498121, "category": 3, "volume": 0, "amount": 0}, "author": {"author_id": "54497561337", "nickname": "小蝴蝶", "follower_count": 303174}}, {"aweme": {"aweme_id": "6852637870591724815", "aweme_title": "女孩子哪有什么退路，父母不是退路，结婚不是退路，唯有手里的钱和能力才是最大的退路，加油吧！#旗袍 @抖音小助手", "aweme_url": "https://www.iesdouyin.com/share/video/6852637870591724815/?region=CN&mid=6835187607115500295&u_code=0&titleType=title", "download_url": "https://www.chanmama.com/awemeDetail/6852637870591724815", "digg_count": 2053, "digg_incr": 1378, "aweme_create_time": 1595504089, "category": 3, "volume": 1, "amount": 108}, "author": {"author_id": "95772634936", "nickname": "苏州工业园区佩妃克服饰店", "follower_count": 93363}}, {"aweme": {"aweme_id": "6852445572046146830", "aweme_title": "我不在乎别人 眼里的自己，而在乎你对我的看法！自己嫁接的睫毛，能管十五到二十天，@DOU+热门", "aweme_url": "https://www.iesdouyin.com/share/video/6852445572046146830/?region=CN&mid=6840374797554289416&u_code=0&titleType=title", "download_url": "https://www.chanmama.com/awemeDetail/6852445572046146830", "digg_count": 1422, "digg_incr": 1376, "aweme_create_time": 1595459344, "category": 3, "volume": 35, "amount": 5530}, "author": {"author_id": "72565486079", "nickname": "时尚达人美妆店", "follower_count": 95844}}, {"aweme": {"aweme_id": "6852482735555038464", "aweme_title": "夏季不知道怎么选洁面产品？快点看过来啦~#萨维尔琨护肤记  #洁面", "aweme_url": "https://www.iesdouyin.com/share/video/6852482735555038464/?region=CN&mid=6852482739061918478&u_code=0&titleType=title", "download_url": "https://www.chanmama.com/awemeDetail/6852482735555038464", "digg_count": 1352, "digg_incr": 1354, "aweme_create_time": 1595467969, "category": 3, "volume": 0, "amount": 0}, "author": {"author_id": "85528930122", "nickname": "峰峰kimi", "follower_count": 111431}}, {"aweme": {"aweme_id": "6852510389301726478", "aweme_title": "@阔喵🐱狂躁开箱发了一个抖音短视频，你尽管点开，不好看算我输！", "aweme_url": "https://www.iesdouyin.com/share/video/6852510389301726478/?region=CN&mid=6852510408340425486&u_code=21mah0562e7d&titleType=", "download_url": "https://www.chanmama.com/awemeDetail/6852510389301726478", "digg_count": 1468, "digg_incr": 1332, "aweme_create_time": 1595474409, "category": 3, "volume": 61, "amount": 2433.9}, "author": {"author_id": "103378630943", "nickname": "阔喵🐱狂躁开箱", "follower_count": 690205}}, {"aweme": {"aweme_id": "6852259087766261004", "aweme_title": "我实在太开心了！！！#好物推荐 @DOU+小助手 #我要上热门", "aweme_url": "https://www.iesdouyin.com/share/video/6852259087766261004/?region=CN&mid=6852259275901799176&u_code=0&titleType=title", "download_url": "https://www.chanmama.com/awemeDetail/6852259087766261004", "digg_count": 1523, "digg_incr": 1326, "aweme_create_time": 1595498275, "category": 3, "volume": 104, "amount": 7072}, "author": {"author_id": "96977032040", "nickname": "芒果吸吸", "follower_count": 171689}}, {"aweme": {"aweme_id": "6852330246834867463", "aweme_title": "#颈椎 没事儿买一个带着，挺好", "aweme_url": "https://www.iesdouyin.com/share/video/6852330246834867463/?region=CN&mid=6852330578948164365&u_code=0&titleType=title", "download_url": "https://www.chanmama.com/awemeDetail/6852330246834867463", "digg_count": 1996, "digg_incr": 1320, "aweme_create_time": 1595497740, "category": 3, "volume": 1, "amount": 89}, "author": {"author_id": "64523318862", "nickname": "小曾医生", "follower_count": 678147}}, {"aweme": {"aweme_id": "6852542138513657092", "aweme_title": "1分钟掌握“巴氏刷牙法”，告别蛀牙，还原牙齿白净，懒人必备！ #电动牙刷 #七夕礼物", "aweme_url": "https://www.iesdouyin.com/share/video/6852542138513657092/?region=CN&mid=6852542204745976590&u_code=0&titleType=title", "download_url": "https://www.chanmama.com/awemeDetail/6852542138513657092", "digg_count": 2686, "digg_incr": 1261, "aweme_create_time": 1595500200, "category": 3, "volume": 4, "amount": 1116}, "author": {"author_id": "92475977895", "nickname": "思维炸裂的凡卓老师", "follower_count": 524463}}, {"aweme": {"aweme_id": "6852603514640665856", "aweme_title": "7月22号早上八点五十分出生，又打雷又下雨又停电的，一大波姑爷向我方山头靠近了#新生儿#母女俩太可怜了", "aweme_url": "https://www.iesdouyin.com/share/video/6852603514640665856/?region=CN&mid=6852603528314129166&u_code=4786ih644kfh&titleType=title", "download_url": "https://www.chanmama.com/awemeDetail/6852603514640665856", "digg_count": 2163, "digg_incr": 1228, "aweme_create_time": 1595496090, "category": 3, "volume": 0, "amount": 0}, "author": {"author_id": "84032805219", "nickname": "有你真好《传递正能量》", "follower_count": 193313}}, {"aweme": {"aweme_id": "6852632800198282503", "aweme_title": "如果三年不让你恋爱，每天只能工作，没有休息，很累，但是能赚很多钱，拥有一份好事业，你愿意吗？", "aweme_url": "https://www.iesdouyin.com/share/video/6852632800198282503/?region=CN&mid=6807754274651556622&u_code=0&titleType=title", "download_url": "https://www.chanmama.com/awemeDetail/6852632800198282503", "digg_count": 8371, "digg_incr": 1210, "aweme_create_time": 1595502909, "category": 3, "volume": 1, "amount": 398}, "author": {"author_id": "105847357832", "nickname": "法墨服饰", "follower_count": 140683}}, {"aweme": {"aweme_id": "6852646882301218056", "aweme_title": "屈臣氏上班的闺蜜果然没有骗我，每天用它洗脸，皮肤就像剥了壳的鸡蛋#水杨酸洗面奶", "aweme_url": "https://www.iesdouyin.com/share/video/6852646882301218056/?region=CN&mid=6852646978515454734&u_code=392lca48el86&titleType=title", "download_url": "https://www.chanmama.com/awemeDetail/6852646882301218056", "digg_count": 1201, "digg_incr": 1201, "aweme_create_time": 1595506206, "category": 3, "volume": 0, "amount": 0}, "author": {"author_id": "97279011420", "nickname": "Marian。", "follower_count": 1845}}, {"aweme": {"aweme_id": "6852615880371653888", "aweme_title": "#原相机 对别人温柔是礼貌 对你温柔是真心", "aweme_url": "https://www.iesdouyin.com/share/video/6852615880371653888/?region=CN&mid=6823971590515215118&u_code=0&titleType=title", "download_url": "https://www.chanmama.com/awemeDetail/6852615880371653888", "digg_count": 1564, "digg_incr": 1199, "aweme_create_time": 1595498969, "category": 3, "volume": 0, "amount": 0}, "author": {"author_id": "64188473604", "nickname": "雁女", "follower_count": 267510}}, {"aweme": {"aweme_id": "6852540058373754119", "aweme_title": "唇釉分享第二弹来啦 这次的试色各位看官还满意吗#海草计划", "aweme_url": "https://www.iesdouyin.com/share/video/6852540058373754119/?region=CN&mid=6751320434718900238&u_code=0&titleType=title", "download_url": "https://www.chanmama.com/awemeDetail/6852540058373754119", "digg_count": 1935, "digg_incr": 1177, "aweme_create_time": 1595498475, "category": 3, "volume": 6, "amount": 294}, "author": {"author_id": "3513628032509133", "nickname": "熏烤", "follower_count": 357039}}, {"aweme": {"aweme_id": "6852532656882683149", "aweme_title": "美妆博主翻车了！！？我居然这么小气#唇釉", "aweme_url": "https://www.iesdouyin.com/share/video/6852532656882683149/?region=CN&mid=6852532704471272206&u_code=0&titleType=title", "download_url": "https://www.chanmama.com/awemeDetail/6852532656882683149", "digg_count": 2174, "digg_incr": 1148, "aweme_create_time": 1595498520, "category": 3, "volume": 2, "amount": 118}, "author": {"author_id": "58905245087", "nickname": "小王同学_hana", "follower_count": 675266}}, {"aweme": {"aweme_id": "6852434750989257988", "aweme_title": "晚上九点准时直播小黄车卖货！#加油", "aweme_url": "https://www.iesdouyin.com/share/video/6852434750989257988/?region=CN&mid=6852434788213721863&u_code=0&titleType=title", "download_url": "https://www.chanmama.com/awemeDetail/6852434750989257988", "digg_count": 1333, "digg_incr": 1135, "aweme_create_time": 1595456834, "category": 3, "volume": 0, "amount": 0}, "author": {"author_id": "94975508912", "nickname": "正能量、大海", "follower_count": 480864}}, {"aweme": {"aweme_id": "6852610034048797956", "aweme_title": "夏日新宠 这个散粉戳到我啦冰冰凉凉超级舒服太🉑️了！#小奥汀#散粉", "aweme_url": "https://www.iesdouyin.com/share/video/6852610034048797956/?region=CN&mid=6820341259853744910&u_code=0&titleType=title", "download_url": "https://www.chanmama.com/awemeDetail/6852610034048797956", "digg_count": 1141, "digg_incr": 1109, "aweme_create_time": 1595497612, "category": 3, "volume": 0, "amount": 0}, "author": {"author_id": "1609295181392568", "nickname": "种草苏菲酱", "follower_count": 100451}}, {"aweme": {"aweme_id": "6852447515057458432", "aweme_title": "早上好！#减龄发型 是你的最爱吗", "aweme_url": "https://www.iesdouyin.com/share/video/6852447515057458432/?region=CN&mid=6852447455510874888&u_code=0&titleType=title", "download_url": "https://www.chanmama.com/awemeDetail/6852447515057458432", "digg_count": 1739, "digg_incr": 1099, "aweme_create_time": 1595459772, "category": 3, "volume": 0, "amount": 0}, "author": {"author_id": "106544055722", "nickname": "日化迦恩【金典毛发奇迹】", "follower_count": 752689}}, {"aweme": {"aweme_id": "6852510995152112910", "aweme_title": "害！当男朋友用了这个#香水沐浴露 后，我每天都超享受他洗澡🛁后身上的香味！太好闻了，一直往他怀里蹭🙈🙈", "aweme_url": "https://www.iesdouyin.com/share/video/6852510995152112910/?region=CN&mid=6852511016031800071&u_code=0&titleType=title", "download_url": "https://www.chanmama.com/awemeDetail/6852510995152112910", "digg_count": 1098, "digg_incr": 1098, "aweme_create_time": 1595474550, "category": 3, "volume": 4, "amount": 159.6}, "author": {"author_id": "1750046053251168", "nickname": "LSPHERE伦敦圈层男士", "follower_count": 7208}}, {"aweme": {"aweme_id": "6852370128022162703", "aweme_title": "一定要在这里呆两天，物价低，超适合逛吃的城市 #李大毛的旅行 #旅行推荐官 #自驾游 #伊宁", "aweme_url": "https://www.iesdouyin.com/share/video/6852370128022162703/?region=CN&mid=6852370020945693448&u_code=0&titleType=title", "download_url": "https://www.chanmama.com/awemeDetail/6852370128022162703", "digg_count": 1420, "digg_incr": 1097, "aweme_create_time": 1595473200, "category": 3, "volume": 4, "amount": 287.6}, "author": {"author_id": "63213666256", "nickname": "大毛是片海", "follower_count": 446977}}, {"aweme": {"aweme_id": "6852618457201036548", "aweme_title": "这个就是乌斯玛制作生眉生发棒制作现场，来看看新疆人都是怎样使用的，现在真的很难遇见了", "aweme_url": "https://www.iesdouyin.com/share/video/6852618457201036548/?region=CN&mid=6852618523374668558&u_code=0&titleType=title", "download_url": "https://www.chanmama.com/awemeDetail/6852618457201036548", "digg_count": 1196, "digg_incr": 1021, "aweme_create_time": 1595499574, "category": 3, "volume": 5, "amount": 150}, "author": {"author_id": "94282751260", "nickname": "快乐多巴胺", "follower_count": 801132}}, {"aweme": {"aweme_id": "6852601679330675981", "aweme_title": "找到了找到了！听说聪明的姐妹都在用它抗初老#护肤 母胎黄皮的我，用完我才体验到什么叫水嫩细滑！惊喜了", "aweme_url": "https://www.iesdouyin.com/share/video/6852601679330675981/?region=CN&mid=6852601691582581517&u_code=0&titleType=title", "download_url": "https://www.chanmama.com/awemeDetail/6852601679330675981", "digg_count": 2218, "digg_incr": 1020, "aweme_create_time": 1595495663, "category": 3, "volume": 0, "amount": 0}, "author": {"author_id": "91608744953", "nickname": "原价1079今日79（鹿璐）", "follower_count": 109938}}, {"aweme": {"aweme_id": "6852518353718758670", "aweme_title": "你们都说我皮肤变好了其实我真的没用什么东西 就是普通护肤", "aweme_url": "https://www.iesdouyin.com/share/video/6852518353718758670/?region=CN&mid=6707923201416350478&u_code=0&titleType=title", "download_url": "https://www.chanmama.com/awemeDetail/6852518353718758670", "digg_count": 1223, "digg_incr": 1019, "aweme_create_time": 1595476263, "category": 3, "volume": 1, "amount": 199}, "author": {"author_id": "67210527517", "nickname": "网不红", "follower_count": 114973}}, {"aweme": {"aweme_id": "6852554013741796623", "aweme_title": "分享家用脱毛仪的脱毛效果#好物分享 #美白 #好物推荐 #测评 #脱毛前后 #夏日", "aweme_url": "https://www.iesdouyin.com/share/video/6852554013741796623/?region=CN&mid=6852554076404927246&u_code=0&titleType=title", "download_url": "https://www.chanmama.com/awemeDetail/6852554013741796623", "digg_count": 1082, "digg_incr": 1017, "aweme_create_time": 1595489199, "category": 3, "volume": 0, "amount": 0}, "author": {"author_id": "3496101445108510", "nickname": "懵辜小妞", "follower_count": 117361}}, {"aweme": {"aweme_id": "6852629547997875471", "aweme_title": "这个粉底液真的太🉑️l", "aweme_url": "https://www.iesdouyin.com/share/video/6852629547997875471/?region=CN&mid=6852629578179955470&u_code=0&titleType=title", "download_url": "https://www.chanmama.com/awemeDetail/6852629547997875471", "digg_count": 1243, "digg_incr": 1014, "aweme_create_time": 1595502151, "category": 3, "volume": 0, "amount": 0}, "author": {"author_id": "108118525538", "nickname": "少女心好物推荐", "follower_count": 488557}}, {"aweme": {"aweme_id": "6852609828985081103", "aweme_title": "我惊了！强悍防水！洗澡游泳都不掉！留下感动的泪水！#眉毛 #化妆前化妆后", "aweme_url": "https://www.iesdouyin.com/share/video/6852609828985081103/?region=CN&mid=6852609846445968142&u_code=0&titleType=title", "download_url": "https://www.chanmama.com/awemeDetail/6852609828985081103", "digg_count": 1323, "digg_incr": 997, "aweme_create_time": 1595497560, "category": 3, "volume": 0, "amount": 0}, "author": {"author_id": "59561808158", "nickname": "MMMMMM", "follower_count": 232404}}, {"aweme": {"aweme_id": "6852565457594109199", "aweme_title": "我的头发是怎么做到如此蓬松的？#OUAI护发黑科技", "aweme_url": "https://www.iesdouyin.com/share/video/6852565457594109199/?region=CN&mid=6751320470697574412&u_code=0&titleType=title", "download_url": "https://www.chanmama.com/awemeDetail/6852565457594109199", "digg_count": 1295, "digg_incr": 977, "aweme_create_time": 1595496600, "category": 3, "volume": 0, "amount": 0}, "author": {"author_id": "79769741508", "nickname": "美谁妹妹", "follower_count": 916953}}, {"aweme": {"aweme_id": "6852554811288685837", "aweme_title": "对夏天可以说是又爱又恨！！！ #轻欧美", "aweme_url": "https://www.iesdouyin.com/share/video/6852554811288685837/?region=CN&mid=6852555016608172814&u_code=4ck64f55c0ba&titleType=title", "download_url": "https://www.chanmama.com/awemeDetail/6852554811288685837", "digg_count": 2551, "digg_incr": 935, "aweme_create_time": 1595502000, "category": 3, "volume": 0, "amount": 0}, "author": {"author_id": "6673033911", "nickname": "蔡文玉", "follower_count": 491000}}, {"aweme": {"aweme_id": "6852621334267186446", "aweme_title": "复古眼线教程，宝宝们想要学习更多化妆技巧，点击进入直播间学习吧！#美妆分享 #你好火星 #喝彩变身", "aweme_url": "https://www.iesdouyin.com/share/video/6852621334267186446/?region=CN&mid=6852621366253226766&u_code=0&titleType=title", "download_url": "https://www.chanmama.com/awemeDetail/6852621334267186446", "digg_count": 1320, "digg_incr": 926, "aweme_create_time": 1595500240, "category": 3, "volume": 19, "amount": 1121}, "author": {"author_id": "88000631896", "nickname": "瑞琪化妆造型（8月1日秒杀专场粉丝福利", "follower_count": 479326}}, {"aweme": {"aweme_id": "6852605178936315151", "aweme_title": "夏日炎炎 有你真甜！#香水", "aweme_url": "https://www.iesdouyin.com/share/video/6852605178936315151/?region=CN&mid=6841492789587364616&u_code=0&titleType=title", "download_url": "https://www.chanmama.com/awemeDetail/6852605178936315151", "digg_count": 1164, "digg_incr": 915, "aweme_create_time": 1595496477, "category": 3, "volume": 29, "amount": 1711}, "author": {"author_id": "66761582523", "nickname": "吃颗草莓软糖", "follower_count": 181217}}, {"aweme": {"aweme_id": "6852626892709727502", "aweme_title": "#夏日清凉 冰透紫极光 #美甲来一波，冰冰凉凉的是不是很心水呀 #极光粉", "aweme_url": "https://www.iesdouyin.com/share/video/6852626892709727502/?region=CN&mid=6852626973110356750&u_code=0&titleType=title", "download_url": "https://www.chanmama.com/awemeDetail/6852626892709727502", "digg_count": 1599, "digg_incr": 913, "aweme_create_time": 1595501550, "category": 3, "volume": 0, "amount": 0}, "author": {"author_id": "95276322055", "nickname": "BornPretty", "follower_count": 245093}}, {"aweme": {"aweme_id": "6852275466548579592", "aweme_title": "“许星纯 你猜我在干什么。”“我在等风 等风热吻你。” #等风热吻你", "aweme_url": "https://www.iesdouyin.com/share/video/6852275466548579592/?region=CN&mid=6852275587659139854&u_code=0&titleType=title", "download_url": "https://www.chanmama.com/awemeDetail/6852275466548579592", "digg_count": 1357, "digg_incr": 911, "aweme_create_time": 1595497200, "category": 3, "volume": 4, "amount": 199.6}, "author": {"author_id": "2493290757230932", "nickname": "潘林礼-", "follower_count": 117430}}, {"aweme": {"aweme_id": "6852250313433320704", "aweme_title": "为了证明是我本人，卸妆给你们看#印度妆 @抖音小助手", "aweme_url": "https://www.iesdouyin.com/share/video/6852250313433320704/?region=CN&mid=6852250328185096968&u_code=0&titleType=title", "download_url": "https://www.chanmama.com/awemeDetail/6852250313433320704", "digg_count": 1444, "digg_incr": 906, "aweme_create_time": 1595501337, "category": 3, "volume": 0, "amount": 0}, "author": {"author_id": "110718806022", "nickname": "美大晚上8点直播化妆", "follower_count": 368784}}, {"aweme": {"aweme_id": "6852588676224961795", "aweme_title": "前几天答应你们的 辣妹必备厌世野猫妆#膜法世家", "aweme_url": "https://www.iesdouyin.com/share/video/6852588676224961795/?region=CN&mid=6852588756038388488&u_code=0&titleType=title", "download_url": "https://www.chanmama.com/awemeDetail/6852588676224961795", "digg_count": 1292, "digg_incr": 888, "aweme_create_time": 1595499119, "category": 3, "volume": 9, "amount": 801}, "author": {"author_id": "15249544026", "nickname": "ninth", "follower_count": 382746}}, {"aweme": {"aweme_id": "6852507986821254411", "aweme_title": "“斑”花“斑”长，上“斑”一族！让你提早下“斑”，不再加“斑”！做一个不一“斑”的女人#张庭 #tst #护肤", "aweme_url": "https://www.iesdouyin.com/share/video/6852507986821254411/?region=CN&mid=6852508034783709960&u_code=0&titleType=title", "download_url": "https://www.chanmama.com/awemeDetail/6852507986821254411", "digg_count": 1302, "digg_incr": 887, "aweme_create_time": 1595473857, "category": 3, "volume": 0, "amount": 0}, "author": {"author_id": "104552972394", "nickname": "TST庭秘密官方", "follower_count": 284344}}, {"aweme": {"aweme_id": "6852578448926428419", "aweme_title": "一个简单快速滴妆容！速成美貌 #HASHTAG井我四色修容盘", "aweme_url": "https://www.iesdouyin.com/share/video/6852578448926428419/?region=CN&mid=6676619167472421644&u_code=0&titleType=title", "download_url": "https://www.chanmama.com/awemeDetail/6852578448926428419", "digg_count": 1097, "digg_incr": 871, "aweme_create_time": 1595490262, "category": 3, "volume": 0, "amount": 0}, "author": {"author_id": "92202519207", "nickname": "crush🦋", "follower_count": 144877}}]}