{"data": [{"aweme": {"aweme_id": "6852526885792943363", "aweme_title": "害…姐妹们…你们搞得我膨胀了…这jennie风可不是谁都可🤣#你好火星 #测评穿搭 #jennie露背西装", "aweme_url": "https://www.iesdouyin.com/share/video/6852526885792943363/?region=CN&mid=6852526923559144199&u_code=97f0ifd2me1&titleType=title", "download_url": "https://www.chanmama.com/awemeDetail/6852526885792943363", "digg_count": 43751, "digg_incr": 31741, "aweme_create_time": 1595478256, "category": 4, "volume": 25, "amount": 3032.1}, "author": {"author_id": "3196990248466125", "nickname": "荔枝不甜", "follower_count": 227519}}, {"aweme": {"aweme_id": "6852513972202048782", "aweme_title": "淘货日记之时来运转#文玩@抖音小助手", "aweme_url": "https://www.iesdouyin.com/share/video/6852513972202048782/?region=CN&mid=6852513991491603213&u_code=3ghh3kbgkj6b&titleType=title", "download_url": "https://www.chanmama.com/awemeDetail/6852513972202048782", "digg_count": 28506, "digg_incr": 24030, "aweme_create_time": 1595475243, "category": 4, "volume": 0, "amount": 0}, "author": {"author_id": "93336922410", "nickname": "成华区一叶菩提工艺品店.", "follower_count": 442009}}, {"aweme": {"aweme_id": "6852527292283899143", "aweme_title": "宝妈试用，容量妥妥的#717奇妙好物在这里 @DOU+小助手", "aweme_url": "https://www.iesdouyin.com/share/video/6852527292283899143/?region=CN&mid=6845086828639291399&u_code=0&titleType=title", "download_url": "https://www.chanmama.com/awemeDetail/6852527292283899143", "digg_count": 28172, "digg_incr": 21070, "aweme_create_time": 1595478344, "category": 4, "volume": 3392, "amount": 53932.8}, "author": {"author_id": "108743175618", "nickname": "妥妥箱包", "follower_count": 91402}}, {"aweme": {"aweme_id": "6852480629003603211", "aweme_title": "时尚气优雅气质子母包，一包多用，都可以单独使用，造型立体时尚#开箱 #我要上热门 #好物 #包包 #种草", "aweme_url": "https://www.iesdouyin.com/share/video/6852480629003603211/?region=CN&mid=6850382486879456007&u_code=45a6gmj0h2h&titleType=title", "download_url": "https://www.chanmama.com/awemeDetail/6852480629003603211", "digg_count": 33085, "digg_incr": 19594, "aweme_create_time": 1595467489, "category": 4, "volume": 218, "amount": 8698.199999999999}, "author": {"author_id": "782487148569932", "nickname": "Lisa的包", "follower_count": 211573}}, {"aweme": {"aweme_id": "6852377287631932687", "aweme_title": "#很哇塞的女人 #卖家不如买家秀", "aweme_url": "https://www.iesdouyin.com/share/video/6852377287631932687/?region=CN&mid=6852377259643325191&u_code=45a6gmj0h2h&titleType=title", "download_url": "https://www.chanmama.com/awemeDetail/6852377287631932687", "digg_count": 22661, "digg_incr": 17625, "aweme_create_time": 1595443445, "category": 4, "volume": 1363, "amount": 13493.7}, "author": {"author_id": "4234969274124238", "nickname": "瑾乐电子商务商行", "follower_count": 497115}}, {"aweme": {"aweme_id": "6852432346730335491", "aweme_title": "手机菱格链条包#上热门 #包包搭配 #包包推荐 @DOU+小助手", "aweme_url": "https://www.iesdouyin.com/share/video/6852432346730335491/?region=CN&mid=6852432383354915592&u_code=0&titleType=title", "download_url": "https://www.chanmama.com/awemeDetail/6852432346730335491", "digg_count": 15494, "digg_incr": 15285, "aweme_create_time": 1595456277, "category": 4, "volume": 2196, "amount": 65660.4}, "author": {"author_id": "1244237780760659", "nickname": "潘朵L啦", "follower_count": 115627}}, {"aweme": {"aweme_id": "6852413106438655247", "aweme_title": "喜欢饰品的宝宝们记得关注我哦#抖音直播 #好物推荐 #耳环 @DOU+小助手 @抖音小助手", "aweme_url": "https://www.iesdouyin.com/share/video/6852413106438655247/?region=CN&mid=6852412994689731335&u_code=0&titleType=title", "download_url": "https://www.chanmama.com/awemeDetail/6852413106438655247", "digg_count": 30353, "digg_incr": 10761, "aweme_create_time": 1595451787, "category": 4, "volume": 11, "amount": 768.9000000000001}, "author": {"author_id": "99118725484", "nickname": "玲姐姐首饰", "follower_count": 272543}}, {"aweme": {"aweme_id": "6852425463978085647", "aweme_title": "我想通了，再喜欢也不要了，没有了继续纠缠你的勇气，也没有那份执着了，我放过你……也放过我自己#女包", "aweme_url": "https://www.iesdouyin.com/share/video/6852425463978085647/?region=CN&mid=6852425360248687374&u_code=0&titleType=title", "download_url": "https://www.chanmama.com/awemeDetail/6852425463978085647", "digg_count": 12407, "digg_incr": 10620, "aweme_create_time": 1595454646, "category": 4, "volume": 91, "amount": 18018}, "author": {"author_id": "85580733974", "nickname": "株洲潮元素", "follower_count": 42997}}, {"aweme": {"aweme_id": "6852475814974393603", "aweme_title": "船长给大家分享一下，不一样的，海边，沙滩，海浪，不一样的美！喜欢点赞支持一下，朋友们这是你理想感觉中海边吗？", "aweme_url": "https://www.iesdouyin.com/share/video/6852475814974393603/?region=CN&mid=6852475845928373006&u_code=24c1e5554j69&titleType=title", "download_url": "https://www.chanmama.com/awemeDetail/6852475814974393603", "digg_count": 14442, "digg_incr": 10109, "aweme_create_time": 1595466370, "category": 4, "volume": 6, "amount": 116.7}, "author": {"author_id": "94698846791", "nickname": "中国船长", "follower_count": 845071}}, {"aweme": {"aweme_id": "6852390794624503040", "aweme_title": "好姐妹来你家一趟多不容易啊？那不得连吃带拿啊。#百万赞演技大赏 @抖音小助手", "aweme_url": "https://www.iesdouyin.com/share/video/6852390794624503040/?region=CN&mid=6852390712911088397&u_code=2cdek40b760i&titleType=title", "download_url": "https://www.chanmama.com/awemeDetail/6852390794624503040", "digg_count": 13480, "digg_incr": 10089, "aweme_create_time": 1595494800, "category": 4, "volume": 21, "amount": 3339}, "author": {"author_id": "111045387656", "nickname": "B3同学", "follower_count": 236744}}, {"aweme": {"aweme_id": "6852629464006872331", "aweme_title": "时尚精致优雅小方包，超显气质，上身百搭，皮质柔软细腻，优雅大方#开箱 #包包#抖音小助手 #好物", "aweme_url": "https://www.iesdouyin.com/share/video/6852629464006872331/?region=CN&mid=6798815793963731719&u_code=4ck64f55c0ba&titleType=title", "download_url": "https://www.chanmama.com/awemeDetail/6852629464006872331", "digg_count": 11022, "digg_incr": 9028, "aweme_create_time": 1595502135, "category": 4, "volume": 121, "amount": 5553.9}, "author": {"author_id": "782487148569932", "nickname": "Lisa的包", "follower_count": 211573}}, {"aweme": {"aweme_id": "6852594530567458048", "aweme_title": "我怎么找个这么疯闹的媳妇，丈母娘在哪赔我皱纹", "aweme_url": "https://www.iesdouyin.com/share/video/6852594530567458048/?region=CN&mid=6701628450459290380&u_code=107m7bg5i135&titleType=title", "download_url": "https://www.chanmama.com/awemeDetail/6852594530567458048", "digg_count": 12523, "digg_incr": 8513, "aweme_create_time": 1595493998, "category": 4, "volume": 0, "amount": 0}, "author": {"author_id": "99956133892", "nickname": "陈美七(晚上8点30直播）", "follower_count": 960385}}, {"aweme": {"aweme_id": "6852605378144865539", "aweme_title": "@Lisa的包发了一个抖音短视频，你尽管点开，不好看算我输！", "aweme_url": "https://www.iesdouyin.com/share/video/6852605378144865539/?region=CN&mid=6850382486879456007&u_code=4gg404m4629a&titleType=", "download_url": "https://www.chanmama.com/awemeDetail/6852605378144865539", "digg_count": 19639, "digg_incr": 7137, "aweme_create_time": 1595496529, "category": 4, "volume": 53, "amount": 2432.7}, "author": {"author_id": "782487148569932", "nickname": "Lisa的包", "follower_count": 211573}}, {"aweme": {"aweme_id": "6852517560521379079", "aweme_title": "双肩带多层空间小方包时尚百搭#包包推荐 #穿搭 #热门 @DOU+小助手", "aweme_url": "https://www.iesdouyin.com/share/video/6852517560521379079/?region=CN&mid=6852517562657344269&u_code=0&titleType=title", "download_url": "https://www.chanmama.com/awemeDetail/6852517560521379079", "digg_count": 7029, "digg_incr": 7033, "aweme_create_time": 1595476078, "category": 4, "volume": 635, "amount": 25336.5}, "author": {"author_id": "105520696689", "nickname": "诚特箱包厂", "follower_count": 145754}}, {"aweme": {"aweme_id": "6852606758565743886", "aweme_title": "今天来打卡小众国潮店铺#穿搭", "aweme_url": "https://www.iesdouyin.com/share/video/6852606758565743886/?region=CN&mid=6805467345700637453&u_code=0&titleType=title", "download_url": "https://www.chanmama.com/awemeDetail/6852606758565743886", "digg_count": 10653, "digg_incr": 7028, "aweme_create_time": 1595496846, "category": 4, "volume": 5, "amount": 1171.38}, "author": {"author_id": "92979201762", "nickname": "小冷不太冷", "follower_count": 343056}}, {"aweme": {"aweme_id": "6852548540405697792", "aweme_title": "要来点限定牛乳吗？宝贝 #jk制服 #jk日常 #jk", "aweme_url": "https://www.iesdouyin.com/share/video/6852548540405697792/?region=CN&mid=6852548533803911944&u_code=45a6gmj0h2h&titleType=title", "download_url": "https://www.chanmama.com/awemeDetail/6852548540405697792", "digg_count": 8549, "digg_incr": 6866, "aweme_create_time": 1595483290, "category": 4, "volume": 29, "amount": 145}, "author": {"author_id": "285527947098654", "nickname": "啦啦酱JK", "follower_count": 424451}}, {"aweme": {"aweme_id": "6852518546623319296", "aweme_title": "终于来三亚了😂#抖音小助手 #热门", "aweme_url": "https://www.iesdouyin.com/share/video/6852518546623319296/?region=CN&mid=6852518557075475208&u_code=107m7bg5i135&titleType=title", "download_url": "https://www.chanmama.com/awemeDetail/6852518546623319296", "digg_count": 7014, "digg_incr": 6500, "aweme_create_time": 1595476307, "category": 4, "volume": 3, "amount": 126}, "author": {"author_id": "52293038382", "nickname": "富平刺棘挂面姐姐农家饭", "follower_count": 411072}}, {"aweme": {"aweme_id": "6852525557805010176", "aweme_title": "这样簪好发髻上街会有人以为我是男生吗，然后拔下簪子才能辨别性别的那种😀#簪子挽发", "aweme_url": "https://www.iesdouyin.com/share/video/6852525557805010176/?region=CN&mid=6791044937195883271&u_code=16gb026lbbea&titleType=title", "download_url": "https://www.chanmama.com/awemeDetail/6852525557805010176", "digg_count": 12779, "digg_incr": 5661, "aweme_create_time": 1595477939, "category": 4, "volume": 2, "amount": 37.8}, "author": {"author_id": "63530482224", "nickname": "Zang又一雪", "follower_count": 222382}}, {"aweme": {"aweme_id": "6852514663146458382", "aweme_title": "炒鸡时髦款来啦！喜欢小众不撞包的个性款一定要看过来#女包 #平价 #包包搭配 #穿搭 #欧美 #我要上热门", "aweme_url": "https://www.iesdouyin.com/share/video/6852514663146458382/?region=CN&mid=6829253526758181645&u_code=0&titleType=title", "download_url": "https://www.chanmama.com/awemeDetail/6852514663146458382", "digg_count": 8810, "digg_incr": 5571, "aweme_create_time": 1595475404, "category": 4, "volume": 330, "amount": 16137}, "author": {"author_id": "734096323517812", "nickname": "艾米兔", "follower_count": 290519}}, {"aweme": {"aweme_id": "6852630927319862536", "aweme_title": "要说便宜肯定有更便宜的～但我视频里这个，我个人感觉质量很不错了～百八十块能用好久了～", "aweme_url": "https://www.iesdouyin.com/share/video/6852630927319862536/?region=CN&mid=6852630960518056711&u_code=4ck64f55c0ba&titleType=title", "download_url": "https://www.chanmama.com/awemeDetail/6852630927319862536", "digg_count": 6175, "digg_incr": 5053, "aweme_create_time": 1595502473, "category": 4, "volume": 79, "amount": 10269.210000000001}, "author": {"author_id": "103378630943", "nickname": "阔喵🐱狂躁开箱", "follower_count": 690205}}, {"aweme": {"aweme_id": "6852602972728298767", "aweme_title": "阳光下的蜜桃，有夏天的味道吗？#jk #jk日常 #jk制服 @抖音小助手", "aweme_url": "https://www.iesdouyin.com/share/video/6852602972728298767/?region=CN&mid=6852602985357249294&u_code=3ghh3kbgkj6b&titleType=title", "download_url": "https://www.chanmama.com/awemeDetail/6852602972728298767", "digg_count": 5967, "digg_incr": 4930, "aweme_create_time": 1595495964, "category": 4, "volume": 19, "amount": 532}, "author": {"author_id": "101095060504", "nickname": "胖头鱼jk制服", "follower_count": 180197}}, {"aweme": {"aweme_id": "6852542104401497351", "aweme_title": "喜欢高品质真皮的来吧#717抖音奇妙好物市集 #717奇妙好物在这里 @抖音小助手", "aweme_url": "https://www.iesdouyin.com/share/video/6852542104401497351/?region=CN&mid=6852542105890736904&u_code=0&titleType=title", "download_url": "https://www.chanmama.com/awemeDetail/6852542104401497351", "digg_count": 7395, "digg_incr": 4519, "aweme_create_time": 1595481793, "category": 4, "volume": 13, "amount": 767}, "author": {"author_id": "4503662079482068", "nickname": "琳子女包", "follower_count": 165266}}, {"aweme": {"aweme_id": "6852590435852930311", "aweme_title": "樱花玛瑙手串来工厂拿货  @DOU+小助手  #樱花玛瑙", "aweme_url": "https://www.iesdouyin.com/share/video/6852590435852930311/?region=CN&mid=6852590604724275981&u_code=0&titleType=title", "download_url": "https://www.chanmama.com/awemeDetail/6852590435852930311", "digg_count": 5471, "digg_incr": 4400, "aweme_create_time": 1595493067, "category": 4, "volume": 194, "amount": 10670}, "author": {"author_id": "84867972352", "nickname": "宝石专家", "follower_count": 838439}}, {"aweme": {"aweme_id": "6852634098893163787", "aweme_title": "女人别总戴土里土气的黄金了，试试戴她家纯银，金子我都丢🚽了#舞出斐凡妙想 @DOU+小助手", "aweme_url": "https://www.iesdouyin.com/share/video/6852634098893163787/?region=CN&mid=6845858464158190349&u_code=0&titleType=title", "download_url": "https://www.chanmama.com/awemeDetail/6852634098893163787", "digg_count": 4347, "digg_incr": 4333, "aweme_create_time": 1595503215, "category": 4, "volume": 0, "amount": 0}, "author": {"author_id": "2994725280552855", "nickname": "爱时尚银饰～每晚6-8点直播", "follower_count": 60067}}, {"aweme": {"aweme_id": "6852478379778706703", "aweme_title": "我喜欢类型#轻知识计划", "aweme_url": "https://www.iesdouyin.com/share/video/6852478379778706703/?region=CN&mid=6841829420924570375&u_code=0&titleType=title", "download_url": "https://www.chanmama.com/awemeDetail/6852478379778706703", "digg_count": 4018, "digg_incr": 4014, "aweme_create_time": 1595466955, "category": 4, "volume": 0, "amount": 0}, "author": {"author_id": "85054943125", "nickname": "钓大鱼高手", "follower_count": 102604}}, {"aweme": {"aweme_id": "6852552898685963534", "aweme_title": "这么温馨的一面、白瞎了，可惜听不到了…😂#二婷衣橱", "aweme_url": "https://www.iesdouyin.com/share/video/6852552898685963534/?region=CN&mid=6852552904709114632&u_code=0&titleType=title", "download_url": "https://www.chanmama.com/awemeDetail/6852552898685963534", "digg_count": 4352, "digg_incr": 3844, "aweme_create_time": 1595484306, "category": 4, "volume": 0, "amount": 0}, "author": {"author_id": "2647241958624830", "nickname": "二婷衣橱1号店", "follower_count": 169127}}, {"aweme": {"aweme_id": "6852645036606213376", "aweme_title": "一家包装精美又平价的发饰，这该死的仪式感#汉服配饰 #种草 #簪娘 #原创国风计划 #充能计划 #汉服", "aweme_url": "https://www.iesdouyin.com/share/video/6852645036606213376/?region=CN&mid=6716412496439315212&u_code=0&titleType=title", "download_url": "https://www.chanmama.com/awemeDetail/6852645036606213376", "digg_count": 8123, "digg_incr": 3827, "aweme_create_time": 1595505757, "category": 4, "volume": 1, "amount": 29.9}, "author": {"author_id": "171121274261604", "nickname": "汉服配饰安利（不要连zan👍）", "follower_count": 25270}}, {"aweme": {"aweme_id": "6852610791875693824", "aweme_title": "#ihush项链 我有特殊的咸鱼cp激活技巧", "aweme_url": "https://www.iesdouyin.com/share/video/6852610791875693824/?region=CN&mid=6852610810918161165&u_code=45a6gmj0h2h&titleType=title", "download_url": "https://www.chanmama.com/awemeDetail/6852610791875693824", "digg_count": 4828, "digg_incr": 3258, "aweme_create_time": 1595497784, "category": 4, "volume": 0, "amount": 0}, "author": {"author_id": "96849865872", "nickname": "清格乐", "follower_count": 299929}}, {"aweme": {"aweme_id": "6852613649459186948", "aweme_title": "姜黄上衣白裤子，显瘦又洋气！#她家衣服真好 #气质穿搭 #这样穿搭显瘦20斤 @DOU+小助手", "aweme_url": "https://www.iesdouyin.com/share/video/6852613649459186948/?region=CN&mid=6846691830181579534&u_code=3ghh3kbgkj6b&titleType=title", "download_url": "https://www.chanmama.com/awemeDetail/6852613649459186948", "digg_count": 3280, "digg_incr": 3139, "aweme_create_time": 1595498455, "category": 4, "volume": 60, "amount": 2550}, "author": {"author_id": "1068317042547255", "nickname": "常熟市服装城三姐妹服装店", "follower_count": 938110}}, {"aweme": {"aweme_id": "6852498239959125261", "aweme_title": "编了几条挂链，居然被小姐姐们一下抢光，看来包包周边也是一个大产业啊，欢迎喜欢编绳的朋友投稿哈@DOU+小助手", "aweme_url": "https://www.iesdouyin.com/share/video/6852498239959125261/?region=CN&mid=6800324449469664008&u_code=0&titleType=title", "download_url": "https://www.chanmama.com/awemeDetail/6852498239959125261", "digg_count": 3274, "digg_incr": 3086, "aweme_create_time": 1595471580, "category": 4, "volume": 0, "amount": 0}, "author": {"author_id": "53432643901", "nickname": "匠心严选", "follower_count": 509126}}, {"aweme": {"aweme_id": "6852528018737450255", "aweme_title": "好喜欢这款绿色，上身效果气质又百搭，谁都能驾驭的款式，不挑人穿#中老年穿搭 #大码女装 #气质穿搭#我要上热门", "aweme_url": "https://www.iesdouyin.com/share/video/6852528018737450255/?region=CN&mid=6852528000198626055&u_code=1961k44g42cf&titleType=title", "download_url": "https://www.chanmama.com/awemeDetail/6852528018737450255", "digg_count": 3102, "digg_incr": 3041, "aweme_create_time": 1595478512, "category": 4, "volume": 16, "amount": 944}, "author": {"author_id": "101563512155", "nickname": "鑫晴优品服饰", "follower_count": 269437}}, {"aweme": {"aweme_id": "6852471659832642816", "aweme_title": "真正爱你的男人会让你接触这三样东西！#女人 #你好火星 #solo出道谁最nata #直播 @DOU+小助手", "aweme_url": "https://www.iesdouyin.com/share/video/6852471659832642816/?region=CN&mid=6852471629872696072&u_code=3ghh3a46ddj3&titleType=title", "download_url": "https://www.chanmama.com/awemeDetail/6852471659832642816", "digg_count": 2936, "digg_incr": 2936, "aweme_create_time": 1595465391, "category": 4, "volume": 7, "amount": 476}, "author": {"author_id": "3896303028802699", "nickname": "颜瑟饰品", "follower_count": 292903}}, {"aweme": {"aweme_id": "6852595743094508800", "aweme_title": "自信的表现 个性的搭配 让街上的辣妹都想和你配对 #Dr. martens  #我的马汀鞋会飞", "aweme_url": "https://www.iesdouyin.com/share/video/6852595743094508800/?region=CN&mid=6852595767270591240&u_code=45a6gmj0h2h&titleType=title", "download_url": "https://www.chanmama.com/awemeDetail/6852595743094508800", "digg_count": 3123, "digg_incr": 2905, "aweme_create_time": 1595501287, "category": 4, "volume": 0, "amount": 0}, "author": {"author_id": "64347239346", "nickname": "无限火力", "follower_count": 420643}}, {"aweme": {"aweme_id": "6852425259543563533", "aweme_title": "这个婆娘是疯了，厚底的高邦帆布鞋49米还三件套包邮到家", "aweme_url": "https://www.iesdouyin.com/share/video/6852425259543563533/?region=CN&mid=6852425142128151303&u_code=0&titleType=title", "download_url": "https://www.chanmama.com/awemeDetail/6852425259543563533", "digg_count": 3859, "digg_incr": 2817, "aweme_create_time": 1595454610, "category": 4, "volume": 978, "amount": 47922}, "author": {"author_id": "71176825781", "nickname": "苏州酷晨衣鞋服商行", "follower_count": 125885}}, {"aweme": {"aweme_id": "6852533972564446472", "aweme_title": "高帮#软底帆布鞋好穿舒服又便宜#时尚又好看 #鞋子 #休闲鞋 @DOU+小助手", "aweme_url": "https://www.iesdouyin.com/share/video/6852533972564446472/?region=CN&mid=6828108065494009870&u_code=3ghh3kbgkj6b&titleType=title", "download_url": "https://www.chanmama.com/awemeDetail/6852533972564446472", "digg_count": 5159, "digg_incr": 2760, "aweme_create_time": 1595479899, "category": 4, "volume": 180, "amount": 10620}, "author": {"author_id": "110918818599", "nickname": "百惠千喜鞋服", "follower_count": 388191}}, {"aweme": {"aweme_id": "6852450106004770059", "aweme_title": "论一双袜子的重要性😊", "aweme_url": "https://www.iesdouyin.com/share/video/6852450106004770059/?region=CN&mid=6832372421866031105&u_code=0&titleType=title", "download_url": "https://www.chanmama.com/awemeDetail/6852450106004770059", "digg_count": 3636, "digg_incr": 2651, "aweme_create_time": 1595460393, "category": 4, "volume": 432, "amount": 12873.6}, "author": {"author_id": "60939018488", "nickname": "常熟童年足迹潮童批发", "follower_count": 130189}}, {"aweme": {"aweme_id": "6852637834864495883", "aweme_title": "#我是簪娘你是簪郎么 #付邮送  红叶最多情！", "aweme_url": "https://www.iesdouyin.com/share/video/6852637834864495883/?region=CN&mid=6838148980702972680&u_code=0&titleType=title", "download_url": "https://www.chanmama.com/awemeDetail/6852637834864495883", "digg_count": 3671, "digg_incr": 2620, "aweme_create_time": 1595504084, "category": 4, "volume": 53, "amount": 0}, "author": {"author_id": "66564622431", "nickname": "大哥的簪子铺", "follower_count": 12895}}, {"aweme": {"aweme_id": "6852619536382889227", "aweme_title": "很多人说这种鞋不会穿，很麻烦，其实很好穿，来看好了，不要眨眼，我教你。#高跟鞋", "aweme_url": "https://www.iesdouyin.com/share/video/6852619536382889227/?region=CN&mid=6810571395844770572&u_code=3ghh3kbgkj6b&titleType=title", "download_url": "https://www.chanmama.com/awemeDetail/6852619536382889227", "digg_count": 3206, "digg_incr": 2518, "aweme_create_time": 1595499825, "category": 4, "volume": 0, "amount": 0}, "author": {"author_id": "109037250902", "nickname": "女王足迹", "follower_count": 249256}}, {"aweme": {"aweme_id": "6852486001076473102", "aweme_title": "鳄鱼纹小方包包来啦，你爱了吗 #穿搭 #闺蜜 #好物推荐 #包包 #种草", "aweme_url": "https://www.iesdouyin.com/share/video/6852486001076473102/?region=CN&mid=6852486081858980615&u_code=45a6gmj0h2h&titleType=title", "download_url": "https://www.chanmama.com/awemeDetail/6852486001076473102", "digg_count": 3004, "digg_incr": 2423, "aweme_create_time": 1595468752, "category": 4, "volume": 30, "amount": 1497}, "author": {"author_id": "84765988907", "nickname": "凯苏大队长（正在直播中）", "follower_count": 195738}}, {"aweme": {"aweme_id": "6852520563454250251", "aweme_title": "经典百搭时尚气质小方包，鳄鱼纹设计更显质感，上身很显气质，双肩带背法更多#开箱 #我要上热门 #好物 #包包", "aweme_url": "https://www.iesdouyin.com/share/video/6852520563454250251/?region=CN&mid=6841974912727436040&u_code=a447b6db995&titleType=title", "download_url": "https://www.chanmama.com/awemeDetail/6852520563454250251", "digg_count": 2722, "digg_incr": 2416, "aweme_create_time": 1595476784, "category": 4, "volume": 59, "amount": 2590.1}, "author": {"author_id": "782487148569932", "nickname": "Lisa的包", "follower_count": 211573}}, {"aweme": {"aweme_id": "6852484099488140557", "aweme_title": "时尚好搭的小爱心项链，不挑人带好搭配，加了延长链#很哇噻的女人", "aweme_url": "https://www.iesdouyin.com/share/video/6852484099488140557/?region=CN&mid=6852484100033399560&u_code=3ghh3kbldcj3&titleType=title", "download_url": "https://www.chanmama.com/awemeDetail/6852484099488140557", "digg_count": 4434, "digg_incr": 2285, "aweme_create_time": 1595468289, "category": 4, "volume": 477, "amount": 9492.3}, "author": {"author_id": "61306797353", "nickname": "蜜芽严选", "follower_count": 655730}}, {"aweme": {"aweme_id": "6852664750011108612", "aweme_title": "时尚精致大容量石头纹水桶包，造型别致优雅，背上气质百搭，拍照都不会被裁掉哦#包包#抖音小助手 #好物 #开学", "aweme_url": "https://www.iesdouyin.com/share/video/6852664750011108612/?region=CN&mid=6847695333112302350&u_code=294bgaddf786&titleType=title", "download_url": "https://www.chanmama.com/awemeDetail/6852664750011108612", "digg_count": 2808, "digg_incr": 2282, "aweme_create_time": 1595510351, "category": 4, "volume": 12, "amount": 598.8}, "author": {"author_id": "782487148569932", "nickname": "Lisa的包", "follower_count": 211573}}, {"aweme": {"aweme_id": "6852597053395045635", "aweme_title": "心地善良的女人，相貌一定不会差，任何时候，善良，是一个女人最宝贵的品质。正所谓:相由心生。#服装搭配", "aweme_url": "https://www.iesdouyin.com/share/video/6852597053395045635/?region=CN&mid=6834749582765837064&u_code=0&titleType=title", "download_url": "https://www.chanmama.com/awemeDetail/6852597053395045635", "digg_count": 4098, "digg_incr": 2247, "aweme_create_time": 1595494591, "category": 4, "volume": 0, "amount": 0}, "author": {"author_id": "1552159939231835", "nickname": "雅珺服饰", "follower_count": 174501}}, {"aweme": {"aweme_id": "6852416949494844686", "aweme_title": "#好物推荐 #时尚穿搭 美鞋#717奇妙好物在这里 #感谢官方 @抖音小助手", "aweme_url": "https://www.iesdouyin.com/share/video/6852416949494844686/?region=CN&mid=6766098884994550536&u_code=107m7bg5i135&titleType=title", "download_url": "https://www.chanmama.com/awemeDetail/6852416949494844686", "digg_count": 2194, "digg_incr": 2188, "aweme_create_time": 1595452691, "category": 4, "volume": 79, "amount": 5451}, "author": {"author_id": "101922526016", "nickname": "常熟市飞飞鞋业商行", "follower_count": 200070}}, {"aweme": {"aweme_id": "6852652092356611340", "aweme_title": "法令纹有救了……看完这个视频能帮助你……#逆龄抗衰 #法令纹", "aweme_url": "https://www.iesdouyin.com/share/video/6852652092356611340/?region=CN&mid=6776975419746470663&u_code=0&titleType=title", "download_url": "https://www.chanmama.com/awemeDetail/6852652092356611340", "digg_count": 2941, "digg_incr": 2073, "aweme_create_time": 1595507403, "category": 4, "volume": 0, "amount": 0}, "author": {"author_id": "73694445633", "nickname": "露水皮肤管理今晚八点半直播", "follower_count": 257851}}, {"aweme": {"aweme_id": "6852626491528744204", "aweme_title": "男生小众饰品推荐，百搭又潮流，潮男快收下#饰品 #饰品首饰 #男生饰品 @抖音小助手", "aweme_url": "https://www.iesdouyin.com/share/video/6852626491528744204/?region=CN&mid=6852626522235292430&u_code=3e536jfelemm&titleType=title", "download_url": "https://www.chanmama.com/awemeDetail/6852626491528744204", "digg_count": 2288, "digg_incr": 2035, "aweme_create_time": 1595501443, "category": 4, "volume": 6, "amount": 130.8}, "author": {"author_id": "95537491265", "nickname": "阿呆安利菌", "follower_count": 326914}}, {"aweme": {"aweme_id": "6852610588577729799", "aweme_title": "今日份无滤镜开箱～都是我自己日常要穿的，肯定挑喜欢的舒适的呀～#原创国风计划 #充能计划 #汉服 #开箱", "aweme_url": "https://www.iesdouyin.com/share/video/6852610588577729799/?region=CN&mid=6850404889426594567&u_code=0&titleType=title", "download_url": "https://www.chanmama.com/awemeDetail/6852610588577729799", "digg_count": 2302, "digg_incr": 1938, "aweme_create_time": 1595497738, "category": 4, "volume": 4, "amount": 120}, "author": {"author_id": "62572052775", "nickname": "锦鲤本鲤", "follower_count": 172512}}, {"aweme": {"aweme_id": "6852614662270274831", "aweme_title": "一场意外夺走了我的双腿，男朋友也离我而去，只剩自己专心做南红手链，便宜又被怀疑，都不知道怎么办了……", "aweme_url": "https://www.iesdouyin.com/share/video/6852614662270274831/?region=CN&mid=6704808624104983300&u_code=3fba52ci1kk1&titleType=title", "download_url": "https://www.chanmama.com/awemeDetail/6852614662270274831", "digg_count": 2317, "digg_incr": 1891, "aweme_create_time": 1595498685, "category": 4, "volume": 4, "amount": 352}, "author": {"author_id": "58790391029", "nickname": "力涛日用百货", "follower_count": 3431}}, {"aweme": {"aweme_id": "6852573657311563022", "aweme_title": "#blingbling #高跟鞋", "aweme_url": "https://www.iesdouyin.com/share/video/6852573657311563022/?region=CN&mid=6852573670951357197&u_code=1hh9hl53mhcf&titleType=title", "download_url": "https://www.chanmama.com/awemeDetail/6852573657311563022", "digg_count": 2831, "digg_incr": 1804, "aweme_create_time": 1595489139, "category": 4, "volume": 0, "amount": 0}, "author": {"author_id": "65252400563", "nickname": "_Luray瑶哥", "follower_count": 224273}}, {"aweme": {"aweme_id": "6852573796637887752", "aweme_title": "太柔软太舒适了吧", "aweme_url": "https://www.iesdouyin.com/share/video/6852573796637887752/?region=CN&mid=6810626896942992132&u_code=1hh9hl53mhcf&titleType=title", "download_url": "https://www.chanmama.com/awemeDetail/6852573796637887752", "digg_count": 2022, "digg_incr": 1771, "aweme_create_time": 1595489172, "category": 4, "volume": 254, "amount": 15214.6}, "author": {"author_id": "105894622273", "nickname": "苏芒女鞋", "follower_count": 501486}}, {"aweme": {"aweme_id": "6852345276003355911", "aweme_title": "@颜一不老日记日用品 #我又想你了", "aweme_url": "https://www.iesdouyin.com/share/video/6852345276003355911/?region=CN&mid=6525668343403350788&u_code=45a6gmj0h2h&titleType=title", "download_url": "https://www.chanmama.com/awemeDetail/6852345276003355911", "digg_count": 2228, "digg_incr": 1765, "aweme_create_time": 1595435976, "category": 4, "volume": 0, "amount": 0}, "author": {"author_id": "3478474922142883", "nickname": "颜一不老日记日用品店", "follower_count": 477209}}, {"aweme": {"aweme_id": "6852485904683060494", "aweme_title": "#你好火星 #高跟鞋 #少女心好物 #每日穿搭分享", "aweme_url": "https://www.iesdouyin.com/share/video/6852485904683060494/?region=CN&mid=6843000354725301000&u_code=45a6gmj0h2h&titleType=title", "download_url": "https://www.chanmama.com/awemeDetail/6852485904683060494", "digg_count": 2089, "digg_incr": 1762, "aweme_create_time": 1595468709, "category": 4, "volume": 0, "amount": 0}, "author": {"author_id": "65252400563", "nickname": "_Luray瑶哥", "follower_count": 224273}}, {"aweme": {"aweme_id": "6852489761693781255", "aweme_title": "一个初中没毕业，领着一群初中毕业的做电商。9年，某宝某猫，专卖店都有了。今年我们又来霍霍直播了😂#人本帆布鞋", "aweme_url": "https://www.iesdouyin.com/share/video/6852489761693781255/?region=CN&mid=6804429194786753292&u_code=0&titleType=title", "download_url": "https://www.chanmama.com/awemeDetail/6852489761693781255", "digg_count": 1782, "digg_incr": 1751, "aweme_create_time": 1595469607, "category": 4, "volume": 13, "amount": 910}, "author": {"author_id": "61659154995", "nickname": "人本-帆布鞋（上午10点开播）", "follower_count": 266286}}, {"aweme": {"aweme_id": "6852429711402863879", "aweme_title": "休闲鞋#时尚穿搭 #鞋子 #717奇妙好物在这里 @抖音小助手 #好物推荐", "aweme_url": "https://www.iesdouyin.com/share/video/6852429711402863879/?region=CN&mid=6766098884994550536&u_code=0&titleType=title", "download_url": "https://www.chanmama.com/awemeDetail/6852429711402863879", "digg_count": 1724, "digg_incr": 1719, "aweme_create_time": 1595455638, "category": 4, "volume": 34, "amount": 2346}, "author": {"author_id": "101922526016", "nickname": "常熟市飞飞鞋业商行", "follower_count": 200070}}, {"aweme": {"aweme_id": "6852612035415379207", "aweme_title": "我是厂家我怕谁，就这么干", "aweme_url": "https://www.iesdouyin.com/share/video/6852612035415379207/?region=CN&mid=6852612054589213453&u_code=3ghh3kbgkj6b&titleType=title", "download_url": "https://www.chanmama.com/awemeDetail/6852612035415379207", "digg_count": 3330, "digg_incr": 1673, "aweme_create_time": 1595498074, "category": 4, "volume": 31, "amount": 306.90000000000003}, "author": {"author_id": "61022070276", "nickname": "福瑞贸易", "follower_count": 727703}}, {"aweme": {"aweme_id": "6852633950649683215", "aweme_title": "喜欢饰品的宝宝们记得关注我哦#抖音直播 #好物推荐 #耳环 @DOU+小助手 @抖音小助手", "aweme_url": "https://www.iesdouyin.com/share/video/6852633950649683215/?region=CN&mid=6824793994652813319&u_code=0&titleType=title", "download_url": "https://www.chanmama.com/awemeDetail/6852633950649683215", "digg_count": 2117, "digg_incr": 1650, "aweme_create_time": 1595503176, "category": 4, "volume": 0, "amount": 0}, "author": {"author_id": "99118725484", "nickname": "玲姐姐首饰", "follower_count": 272543}}, {"aweme": {"aweme_id": "6852537200148630784", "aweme_title": "我一个人有钱没用，要身边所有兄弟们都有才行，上方小黄车里面的衣服大家可以去看看，喜欢的就支持一下，感谢兄弟们了", "aweme_url": "https://www.iesdouyin.com/share/video/6852537200148630784/?region=CN&mid=6852537217160612615&u_code=212labi3i8d2&titleType=title", "download_url": "https://www.chanmama.com/awemeDetail/6852537200148630784", "digg_count": 2089, "digg_incr": 1590, "aweme_create_time": 1595480650, "category": 4, "volume": 6, "amount": 299.4}, "author": {"author_id": "232752432560526", "nickname": "正义出击（每晚9点最狠pk）", "follower_count": 878291}}, {"aweme": {"aweme_id": "6852660051786681600", "aweme_title": "第43集|太阳花钥匙扣怎么编？我就问一下，如果这个只M39块，有没有人说贵？#手工编织 @我要上热门", "aweme_url": "https://www.iesdouyin.com/share/video/6852660051786681600/?region=CN&mid=6745826319206124302&u_code=0&titleType=title", "download_url": "https://www.chanmama.com/awemeDetail/6852660051786681600", "digg_count": 1912, "digg_incr": 1578, "aweme_create_time": 1595509253, "category": 4, "volume": 0, "amount": 0}, "author": {"author_id": "95278679259", "nickname": "一墨手作", "follower_count": 66302}}, {"aweme": {"aweme_id": "6852627381920877827", "aweme_title": "每次开窑都从窑口给大家带这么多刀子碗回家，包邮不包盒，这个吃饭真香啊#景德镇欢妹子#童宾柴窑", "aweme_url": "https://www.iesdouyin.com/share/video/6852627381920877827/?region=CN&mid=6852627414034746119&u_code=0&titleType=title", "download_url": "https://www.chanmama.com/awemeDetail/6852627381920877827", "digg_count": 2072, "digg_incr": 1556, "aweme_create_time": 1595501652, "category": 4, "volume": 0, "amount": 0}, "author": {"author_id": "1191468090009261", "nickname": "九观金品陶瓷", "follower_count": 41854}}, {"aweme": {"aweme_id": "6852685804477648128", "aweme_title": "好显瘦两件套 爱了爱了", "aweme_url": "https://www.iesdouyin.com/share/video/6852685804477648128/?region=CN&mid=6841889054536092424&u_code=30edeifg0e2b&titleType=title", "download_url": "https://www.chanmama.com/awemeDetail/6852685804477648128", "digg_count": 1555, "digg_incr": 1545, "aweme_create_time": 1595515249, "category": 4, "volume": 0, "amount": 0}, "author": {"author_id": "59698061638", "nickname": "阑珊处服装搭配", "follower_count": 887383}}, {"aweme": {"aweme_id": "6852214191734983943", "aweme_title": "蕾丝蝴蝶结~太可了~ #蕾丝  #蝴蝶  #头饰  @抖音小助手", "aweme_url": "https://www.iesdouyin.com/share/video/6852214191734983943/?region=CN&mid=6852214502037949198&u_code=42621ba066mh&titleType=title", "download_url": "https://www.chanmama.com/awemeDetail/6852214191734983943", "digg_count": 1817, "digg_incr": 1527, "aweme_create_time": 1595472600, "category": 4, "volume": 80, "amount": 1352}, "author": {"author_id": "1556542265768871", "nickname": "米莎 美美首饰", "follower_count": 79864}}, {"aweme": {"aweme_id": "6852598861945376015", "aweme_title": "退货不成功，这是在生产厂家几天没吃饭啊？败家娘们儿看着你我都上火，哎！谁让我心太软呢！我的女人我来宠#夫妻搞笑", "aweme_url": "https://www.iesdouyin.com/share/video/6852598861945376015/?region=CN&mid=6844163597451741960&u_code=3344bei5d6ij&titleType=title", "download_url": "https://www.chanmama.com/awemeDetail/6852598861945376015", "digg_count": 1508, "digg_incr": 1508, "aweme_create_time": 1595495006, "category": 4, "volume": 0, "amount": 0}, "author": {"author_id": "61267861511", "nickname": "麦兜丹", "follower_count": 310304}}, {"aweme": {"aweme_id": "6852681282992884999", "aweme_title": "#手表 #百万赞演技大赏 不是说好不能便宜吗？她乱改词！", "aweme_url": "https://www.iesdouyin.com/share/video/6852681282992884999/?region=CN&mid=6852681318141365000&u_code=0&titleType=title", "download_url": "https://www.chanmama.com/awemeDetail/6852681282992884999", "digg_count": 1482, "digg_incr": 1470, "aweme_create_time": 1595514197, "category": 4, "volume": 0, "amount": 0}, "author": {"author_id": "101957778202", "nickname": "长荣商贸经营部 上午10点 晚上9点直播", "follower_count": 281113}}, {"aweme": {"aweme_id": "6852517771113270541", "aweme_title": "别人再好与我无关，你再不好我都喜欢，承蒙你出现够我欢喜一辈子。#情感 @莱州艺华工艺品有限公司", "aweme_url": "https://www.iesdouyin.com/share/video/6852517771113270541/?region=CN&mid=6842254264786537230&u_code=0&titleType=title", "download_url": "https://www.chanmama.com/awemeDetail/6852517771113270541", "digg_count": 1834, "digg_incr": 1464, "aweme_create_time": 1595476128, "category": 4, "volume": 0, "amount": 0}, "author": {"author_id": "100650611131", "nickname": "一路芬芳（小芳）", "follower_count": 198351}}, {"aweme": {"aweme_id": "6852603525797645575", "aweme_title": "风吹百花香，丽爷最流氓😂 #西装 @抖音小助手 #对口型", "aweme_url": "https://www.iesdouyin.com/share/video/6852603525797645575/?region=CN&mid=6839616164679666440&u_code=0&titleType=title", "download_url": "https://www.chanmama.com/awemeDetail/6852603525797645575", "digg_count": 1978, "digg_incr": 1464, "aweme_create_time": 1595496093, "category": 4, "volume": 0, "amount": 0}, "author": {"author_id": "60500856602", "nickname": "嘻哈影视传媒", "follower_count": 901949}}, {"aweme": {"aweme_id": "6852599060927352079", "aweme_title": "喜欢饰品的宝宝们记得关注我哦#抖音直播 #好物推荐 #耳环 @DOU+小助手 @抖音小助手", "aweme_url": "https://www.iesdouyin.com/share/video/6852599060927352079/?region=CN&mid=6852599099573750541&u_code=0&titleType=title", "download_url": "https://www.chanmama.com/awemeDetail/6852599060927352079", "digg_count": 1931, "digg_incr": 1453, "aweme_create_time": 1595495053, "category": 4, "volume": 0, "amount": 0}, "author": {"author_id": "99118725484", "nickname": "玲姐姐首饰", "follower_count": 272543}}, {"aweme": {"aweme_id": "6852454565523033352", "aweme_title": "夏季遮阳神器、不想晒黑的仙女们盘它！旅游、骑车、出门必备#好看又便宜 #经济又实惠 #主播的沙雕日常", "aweme_url": "https://www.iesdouyin.com/share/video/6852454565523033352/?region=CN&mid=6626584281093409549&u_code=0&titleType=title", "download_url": "https://www.chanmama.com/awemeDetail/6852454565523033352", "digg_count": 1735, "digg_incr": 1449, "aweme_create_time": 1595461415, "category": 4, "volume": 382, "amount": 7601.799999999999}, "author": {"author_id": "2370175732289315", "nickname": "义乌市刘科围巾（6点开播有惊喜)", "follower_count": 366327}}, {"aweme": {"aweme_id": "6852616128380882188", "aweme_title": "颜色搭配公式:亮色➕深色=不出错。#你好火星 #男装搭配 #搭配技巧", "aweme_url": "https://www.iesdouyin.com/share/video/6852616128380882188/?region=CN&mid=6852616167371721479&u_code=0&titleType=title", "download_url": "https://www.chanmama.com/awemeDetail/6852616128380882188", "digg_count": 1775, "digg_incr": 1414, "aweme_create_time": 1595499032, "category": 4, "volume": 0, "amount": 0}, "author": {"author_id": "2669222945633316", "nickname": "一轩轩轩", "follower_count": 672083}}, {"aweme": {"aweme_id": "6852520971237166336", "aweme_title": "好仙女的发夹喔#热门 #热门推荐 #抖音小助手 #发夹 #时尚 #饰品 #乘风破浪的好物", "aweme_url": "https://www.iesdouyin.com/share/video/6852520971237166336/?region=CN&mid=6852520991236229902&u_code=21mah0562e7d&titleType=title", "download_url": "https://www.chanmama.com/awemeDetail/6852520971237166336", "digg_count": 1384, "digg_incr": 1358, "aweme_create_time": 1595476871, "category": 4, "volume": 262, "amount": 2593.8}, "author": {"author_id": "87268322237", "nickname": "台州睿益服饰贸易有限公司", "follower_count": 263784}}, {"aweme": {"aweme_id": "6852541121009110275", "aweme_title": "一条丝巾可以做出十几套古装😎", "aweme_url": "https://www.iesdouyin.com/share/video/6852541121009110275/?region=CN&mid=6852541169935665934&u_code=0&titleType=title", "download_url": "https://www.chanmama.com/awemeDetail/6852541121009110275", "digg_count": 1757, "digg_incr": 1354, "aweme_create_time": 1595481571, "category": 4, "volume": 1, "amount": 39}, "author": {"author_id": "104847771294", "nickname": "百变🧚‍♀️花央", "follower_count": 577089}}, {"aweme": {"aweme_id": "6852520485528325379", "aweme_title": "老铁们，中午好！昨天拍的下班前作品，我感觉留点胡子也挺好看的😊😊你们觉得呢？#抖音热门 @DOU+小助手", "aweme_url": "https://www.iesdouyin.com/share/video/6852520485528325379/?region=CN&mid=6832452732813609742&u_code=0&titleType=title", "download_url": "https://www.chanmama.com/awemeDetail/6852520485528325379", "digg_count": 1399, "digg_incr": 1339, "aweme_create_time": 1595476767, "category": 4, "volume": 0, "amount": 0}, "author": {"author_id": "3632405754678584", "nickname": "金光鸟时尚女鞋", "follower_count": 6057}}, {"aweme": {"aweme_id": "6852476834769095950", "aweme_title": "单人吉特巴第七套红枣树1至5节慢动作来了，你肯定喜欢/", "aweme_url": "https://www.iesdouyin.com/share/video/6852476834769095950/?region=CN&mid=6852476837046536968&u_code=0&titleType=title", "download_url": "https://www.chanmama.com/awemeDetail/6852476834769095950", "digg_count": 1867, "digg_incr": 1334, "aweme_create_time": 1595466598, "category": 4, "volume": 0, "amount": 0}, "author": {"author_id": "68087992757", "nickname": "山妹她爸", "follower_count": 271664}}, {"aweme": {"aweme_id": "6852566782218210573", "aweme_title": "想找一个教跳舞的老师😂", "aweme_url": "https://www.iesdouyin.com/share/video/6852566782218210573/?region=CN&mid=6814247640897850124&u_code=0&titleType=title", "download_url": "https://www.chanmama.com/awemeDetail/6852566782218210573", "digg_count": 2315, "digg_incr": 1291, "aweme_create_time": 1595487539, "category": 4, "volume": 0, "amount": 0}, "author": {"author_id": "78996315213", "nickname": "梅梅背包🎒生产厂，", "follower_count": 130528}}, {"aweme": {"aweme_id": "6852543121226501390", "aweme_title": "三伏天别穿得太花绿，不妨试试这样穿，美得路人直点赞#连衣裙 #热门", "aweme_url": "https://www.iesdouyin.com/share/video/6852543121226501390/?region=CN&mid=6852543225035524872&u_code=4g6984bk256k&titleType=title", "download_url": "https://www.chanmama.com/awemeDetail/6852543121226501390", "digg_count": 1743, "digg_incr": 1276, "aweme_create_time": 1595482053, "category": 4, "volume": 26, "amount": 3127}, "author": {"author_id": "2101887249686759", "nickname": "婷婷美搭（直播间买）", "follower_count": 590833}}, {"aweme": {"aweme_id": "6852662843322486016", "aweme_title": "最后一双炒鸡好看 三国哦😋😋#回力帆布鞋", "aweme_url": "https://www.iesdouyin.com/share/video/6852662843322486016/?region=CN&mid=6852662933219035912&u_code=0&titleType=title", "download_url": "https://www.chanmama.com/awemeDetail/6852662843322486016", "digg_count": 1325, "digg_incr": 1261, "aweme_create_time": 1595509902, "category": 4, "volume": 5, "amount": 545}, "author": {"author_id": "95429312019", "nickname": "路家搭配师", "follower_count": 206151}}, {"aweme": {"aweme_id": "6852603766655438080", "aweme_title": "今日是帅帅七七的铁铁#merimies包包", "aweme_url": "https://www.iesdouyin.com/share/video/6852603766655438080/?region=CN&mid=6797175780662201101&u_code=0&titleType=title", "download_url": "https://www.chanmama.com/awemeDetail/6852603766655438080", "digg_count": 1951, "digg_incr": 1255, "aweme_create_time": 1595496148, "category": 4, "volume": 59, "amount": 19175}, "author": {"author_id": "54121178639", "nickname": "诸葛钢铁本人", "follower_count": 147829}}, {"aweme": {"aweme_id": "6852617829355752711", "aweme_title": "我是面包包，不不，我是吐司包#手工编织 @抖音小助手", "aweme_url": "https://www.iesdouyin.com/share/video/6852617829355752711/?region=CN&mid=6667114540808932110&u_code=0&titleType=title", "download_url": "https://www.chanmama.com/awemeDetail/6852617829355752711", "digg_count": 1619, "digg_incr": 1239, "aweme_create_time": 1595499423, "category": 4, "volume": 0, "amount": 0}, "author": {"author_id": "61437544536", "nickname": "笑笑毛线屋", "follower_count": 161628}}, {"aweme": {"aweme_id": "6852604804624059648", "aweme_title": "不是吧不贴这玩意儿的各位都啥家庭啊..换底的💰再来双新的不香吗 #华伦天奴", "aweme_url": "https://www.iesdouyin.com/share/video/6852604804624059648/?region=CN&mid=6837808766935993096&u_code=0&titleType=title", "download_url": "https://www.chanmama.com/awemeDetail/6852604804624059648", "digg_count": 1694, "digg_incr": 1221, "aweme_create_time": 1595496390, "category": 4, "volume": 0, "amount": 0}, "author": {"author_id": "2348191720152158", "nickname": "不是陈果。", "follower_count": 327744}}, {"aweme": {"aweme_id": "6852571495131090189", "aweme_title": "快来 ，@出你的姐妹吧，大白鞋❤️，你穿彩色，我穿蓝色，一起来做靓女❤️", "aweme_url": "https://www.iesdouyin.com/share/video/6852571495131090189/?region=CN&mid=6459165601817430797&u_code=0&titleType=title", "download_url": "https://www.chanmama.com/awemeDetail/6852571495131090189", "digg_count": 3033, "digg_incr": 1221, "aweme_create_time": 1595488636, "category": 4, "volume": 10, "amount": 499}, "author": {"author_id": "73748234418", "nickname": "武进区步一样鞋店", "follower_count": 578469}}, {"aweme": {"aweme_id": "6852447446883126528", "aweme_title": "这表演的是哪一出？😁😁😁", "aweme_url": "https://www.iesdouyin.com/share/video/6852447446883126528/?region=CN&mid=6750524201427337224&u_code=0&titleType=title", "download_url": "https://www.chanmama.com/awemeDetail/6852447446883126528", "digg_count": 1500, "digg_incr": 1208, "aweme_create_time": 1595459825, "category": 4, "volume": 0, "amount": 0}, "author": {"author_id": "4503615901934184", "nickname": "闫帅和丸子头", "follower_count": 516659}}, {"aweme": {"aweme_id": "6852249149329476877", "aweme_title": "哇！这个鞋子也太好看了吧！这个扣子真的太喜欢了~ #直播中", "aweme_url": "https://www.iesdouyin.com/share/video/6852249149329476877/?region=CN&mid=6852249636779461383&u_code=0&titleType=title", "download_url": "https://www.chanmama.com/awemeDetail/6852249149329476877", "digg_count": 2394, "digg_incr": 1196, "aweme_create_time": 1595464200, "category": 4, "volume": 25, "amount": 3375}, "author": {"author_id": "3021051953153812", "nickname": "桐乡市八妹皮鞋（早上8点直播，秒）", "follower_count": 115069}}, {"aweme": {"aweme_id": "6852664388617325836", "aweme_title": "来一次活动太难了，赶紧搂，这次没搂到，还得等1个月#直播 #好物推荐 #你好火星 #帽子 #鸭舌帽 #等", "aweme_url": "https://www.iesdouyin.com/share/video/6852664388617325836/?region=CN&mid=6852664492012014344&u_code=0&titleType=title", "download_url": "https://www.chanmama.com/awemeDetail/6852664388617325836", "digg_count": 1196, "digg_incr": 1168, "aweme_create_time": 1595510266, "category": 4, "volume": 42, "amount": 247.8}, "author": {"author_id": "70919272961", "nickname": "大隋欣", "follower_count": 98424}}, {"aweme": {"aweme_id": "6852434210494500096", "aweme_title": "阿齐原创", "aweme_url": "https://www.iesdouyin.com/share/video/6852434210494500096/?region=CN&mid=6851533709020302087&u_code=0&titleType=title", "download_url": "https://www.chanmama.com/awemeDetail/6852434210494500096", "digg_count": 1230, "digg_incr": 1121, "aweme_create_time": 1595456699, "category": 4, "volume": 1, "amount": 138}, "author": {"author_id": "4503681731520363", "nickname": "珍惜～爱跳舞💃💃", "follower_count": 521248}}, {"aweme": {"aweme_id": "6852473942276328712", "aweme_title": "@潍坊咏美发了一个抖音短视频，你尽管点开，不好看算我输！", "aweme_url": "https://www.iesdouyin.com/share/video/6852473942276328712/?region=CN&mid=6825082159607548685&u_code=0&titleType=", "download_url": "https://www.chanmama.com/awemeDetail/6852473942276328712", "digg_count": 1393, "digg_incr": 1121, "aweme_create_time": 1595465924, "category": 4, "volume": 0, "amount": 0}, "author": {"author_id": "93212675131", "nickname": "潍坊咏美", "follower_count": 439998}}, {"aweme": {"aweme_id": "6852519047360236812", "aweme_title": "#关系 #俄罗斯 史上最风流最强大的女皇帝叶卡捷琳娜二世（43）", "aweme_url": "https://www.iesdouyin.com/share/video/6852519047360236812/?region=CN&mid=6852519141497129736&u_code=0&titleType=title", "download_url": "https://www.chanmama.com/awemeDetail/6852519047360236812", "digg_count": 1268, "digg_incr": 1090, "aweme_create_time": 1595476432, "category": 4, "volume": 0, "amount": 0}, "author": {"author_id": "109040986801", "nickname": "梅说爱情故事", "follower_count": 435147}}, {"aweme": {"aweme_id": "6852341606658493696", "aweme_title": "#仙女耳环 你刚好需要，我刚好没有#耳环", "aweme_url": "https://www.iesdouyin.com/share/video/6852341606658493696/?region=CN&mid=6845967204429843207&u_code=0&titleType=title", "download_url": "https://www.chanmama.com/awemeDetail/6852341606658493696", "digg_count": 1374, "digg_incr": 1085, "aweme_create_time": 1595435114, "category": 4, "volume": 67, "amount": 1219.3999999999999}, "author": {"author_id": "63528090947", "nickname": "Farewell 深情", "follower_count": 30999}}, {"aweme": {"aweme_id": "6852474588631272707", "aweme_title": "#任正非 #华为", "aweme_url": "https://www.iesdouyin.com/share/video/6852474588631272707/?region=CN&mid=6852474611070749448&u_code=0&titleType=title", "download_url": "https://www.chanmama.com/awemeDetail/6852474588631272707", "digg_count": 1225, "digg_incr": 1074, "aweme_create_time": 1595466086, "category": 4, "volume": 1, "amount": 38}, "author": {"author_id": "448232489490220", "nickname": "修心.", "follower_count": 149921}}, {"aweme": {"aweme_id": "6852597000928627979", "aweme_title": "金属风流苏耳坠你值得拥有～@DOU+小助手 @抖音小助手 #文案 #抖音热门 #饰品 #穿搭 #耳饰 #搭配", "aweme_url": "https://www.iesdouyin.com/share/video/6852597000928627979/?region=CN&mid=6847695498170649358&u_code=0&titleType=title", "download_url": "https://www.chanmama.com/awemeDetail/6852597000928627979", "digg_count": 1659, "digg_incr": 1064, "aweme_create_time": 1595494579, "category": 4, "volume": 174, "amount": 6090}, "author": {"author_id": "97630011404", "nickname": "佳佳时尚饰品", "follower_count": 54207}}, {"aweme": {"aweme_id": "6852626865186753792", "aweme_title": "#我是簪娘你是簪郎么 #付邮送  看看我新定制的扇子", "aweme_url": "https://www.iesdouyin.com/share/video/6852626865186753792/?region=CN&mid=6848513919867489032&u_code=0&titleType=title", "download_url": "https://www.chanmama.com/awemeDetail/6852626865186753792", "digg_count": 1278, "digg_incr": 1056, "aweme_create_time": 1595501526, "category": 4, "volume": 29, "amount": 0}, "author": {"author_id": "58234331483", "nickname": "奔波儿霸大哥🦷", "follower_count": 12176}}, {"aweme": {"aweme_id": "6852459682636877071", "aweme_title": "#吊带背心 #亮钻美背#夏季穿搭 @DOU+小助手", "aweme_url": "https://www.iesdouyin.com/share/video/6852459682636877071/?region=CN&mid=6852459625342618381&u_code=0&titleType=title", "download_url": "https://www.chanmama.com/awemeDetail/6852459682636877071", "digg_count": 1068, "digg_incr": 1053, "aweme_create_time": 1595462603, "category": 4, "volume": 17, "amount": 765}, "author": {"author_id": "91986292647044", "nickname": "柏顿服饰官方账号", "follower_count": 146414}}, {"aweme": {"aweme_id": "6852505622722645263", "aweme_title": "一个人之所以迷人，是因为她很擅长做自己#高跟鞋 #糖果色 #腿 @抖音小助手", "aweme_url": "https://www.iesdouyin.com/share/video/6852505622722645263/?region=CN&mid=6852505625260313357&u_code=0&titleType=title", "download_url": "https://www.chanmama.com/awemeDetail/6852505622722645263", "digg_count": 1427, "digg_incr": 1021, "aweme_create_time": 1595473297, "category": 4, "volume": 0, "amount": 0}, "author": {"author_id": "4472431367700972", "nickname": "媛寇女鞋", "follower_count": 103880}}, {"aweme": {"aweme_id": "6852574455856631047", "aweme_title": "给大家示范耳挂的正确戴法！仙女都要有的珍珠耳挂，而且还是不用打耳洞的那种😝#耳挂 #免耳洞 #学生党", "aweme_url": "https://www.iesdouyin.com/share/video/6852574455856631047/?region=CN&mid=6852574464933235470&u_code=0&titleType=title", "download_url": "https://www.chanmama.com/awemeDetail/6852574455856631047", "digg_count": 1294, "digg_incr": 1013, "aweme_create_time": 1595489325, "category": 4, "volume": 1, "amount": 39}, "author": {"author_id": "2317388832845860", "nickname": "TWOTWO原创设计", "follower_count": 72085}}, {"aweme": {"aweme_id": "6852624682231860480", "aweme_title": "脑子是个好东西 🌞", "aweme_url": "https://www.iesdouyin.com/share/video/6852624682231860480/?region=CN&mid=6852624693946813197&u_code=0&titleType=title", "download_url": "https://www.chanmama.com/awemeDetail/6852624682231860480", "digg_count": 1202, "digg_incr": 994, "aweme_create_time": 1595501018, "category": 4, "volume": 0, "amount": 0}, "author": {"author_id": "4094213393746556", "nickname": "七囍带汽", "follower_count": 214368}}, {"aweme": {"aweme_id": "6852494951167626504", "aweme_title": "￼夜莺耳环，那颗钻恰到好处的点缀在水滴的下方。##￼￼￼@DOU+小助手 #饰品搭配 #直播带货", "aweme_url": "https://www.iesdouyin.com/share/video/6852494951167626504/?region=CN&mid=6819905793396067079&u_code=0&titleType=title", "download_url": "https://www.chanmama.com/awemeDetail/6852494951167626504", "digg_count": 1125, "digg_incr": 961, "aweme_create_time": 1595470815, "category": 4, "volume": 41, "amount": 1599}, "author": {"author_id": "81021740970", "nickname": "Mbox·轻奢配饰", "follower_count": 150724}}, {"aweme": {"aweme_id": "6852435805508488460", "aweme_title": "生个女儿吧，可盐可甜的那种，到哪都能吸引别人羡慕的眼光。#童装搭配 #女童旗袍 #直播 @DOU+小助手", "aweme_url": "https://www.iesdouyin.com/share/video/6852435805508488460/?region=CN&mid=6836873508778199816&u_code=0&titleType=title", "download_url": "https://www.chanmama.com/awemeDetail/6852435805508488460", "digg_count": 1128, "digg_incr": 949, "aweme_create_time": 1595457074, "category": 4, "volume": 131, "amount": 5109}, "author": {"author_id": "100404328059", "nickname": "贝壳鸟童装", "follower_count": 50878}}, {"aweme": {"aweme_id": "6852615411767233806", "aweme_title": "这就是我妈，50岁了说自己是小姐姐，今天让大家看看她的真实面目#50岁老阿姨 #化妆前化妆后 @DOU+小助手", "aweme_url": "https://www.iesdouyin.com/share/video/6852615411767233806/?region=CN&mid=6852615421695249166&u_code=3ghh3kbgkj6b&titleType=title", "download_url": "https://www.chanmama.com/awemeDetail/6852615411767233806", "digg_count": 2066, "digg_incr": 944, "aweme_create_time": 1595498860, "category": 4, "volume": 0, "amount": 0}, "author": {"author_id": "1684090721674461", "nickname": "羽熙", "follower_count": 237510}}, {"aweme": {"aweme_id": "6852359849452342536", "aweme_title": "女孩子都觉得除了腋毛好看，那男孩子呢?是越茂盛越男人吗👴", "aweme_url": "https://www.iesdouyin.com/share/video/6852359849452342536/?region=CN&mid=6828493916401077005&u_code=0&titleType=title", "download_url": "https://www.chanmama.com/awemeDetail/6852359849452342536", "digg_count": 1094, "digg_incr": 916, "aweme_create_time": 1595439381, "category": 4, "volume": 0, "amount": 0}, "author": {"author_id": "60485301681", "nickname": "饼干阿姨", "follower_count": 417265}}, {"aweme": {"aweme_id": "6852541328727788807", "aweme_title": "你最好记住你做过的事，别等到我还给你的时候，再来问我为什么", "aweme_url": "https://www.iesdouyin.com/share/video/6852541328727788807/?region=CN&mid=6852541334503295758&u_code=0&titleType=title", "download_url": "https://www.chanmama.com/awemeDetail/6852541328727788807", "digg_count": 1371, "digg_incr": 908, "aweme_create_time": 1595481612, "category": 4, "volume": 1, "amount": 16.5}, "author": {"author_id": "75863679203", "nickname": "柒怼怼🔥", "follower_count": 109304}}, {"aweme": {"aweme_id": "6852631328244944136", "aweme_title": "网红爆款#小白鞋#百搭小白鞋 #软底软面穿上超舒服 #软底小单鞋 好穿可实惠@DOU+小助手", "aweme_url": "https://www.iesdouyin.com/share/video/6852631328244944136/?region=CN&mid=6626921478493309704&u_code=0&titleType=title", "download_url": "https://www.chanmama.com/awemeDetail/6852631328244944136", "digg_count": 1587, "digg_incr": 902, "aweme_create_time": 1595502566, "category": 4, "volume": 10, "amount": 490}, "author": {"author_id": "110918818599", "nickname": "百惠千喜鞋服", "follower_count": 388191}}, {"aweme": {"aweme_id": "6852595328567364864", "aweme_title": "包芯四股辫编织#手工编织#抖音小助手 @红绳缘珠宝", "aweme_url": "https://www.iesdouyin.com/share/video/6852595328567364864/?region=CN&mid=6852595350893579021&u_code=0&titleType=title", "download_url": "https://www.chanmama.com/awemeDetail/6852595328567364864", "digg_count": 1512, "digg_incr": 884, "aweme_create_time": 1595494184, "category": 4, "volume": 0, "amount": 0}, "author": {"author_id": "63893556877", "nickname": "Tina0371红绳缘珠宝", "follower_count": 334768}}, {"aweme": {"aweme_id": "6852482100478659854", "aweme_title": "女生不嫌多系列#你好火星 #皮筋 #头绳 #闺蜜@企业号小助手 @DOU+小助手 @抖音小助手", "aweme_url": "https://www.iesdouyin.com/share/video/6852482100478659854/?region=CN&mid=6558291853764987652&u_code=3ghh3kbgkj6b&titleType=title", "download_url": "https://www.chanmama.com/awemeDetail/6852482100478659854", "digg_count": 39256, "digg_incr": 872, "aweme_create_time": 1595467823, "category": 4, "volume": 4, "amount": 39.6}, "author": {"author_id": "3737973612357883", "nickname": "柳妹妹的小店", "follower_count": 24226}}, {"aweme": {"aweme_id": "6852596341688913152", "aweme_title": "小助理干得漂亮！#717抖音奇妙好物市集 #抖音小助手 #我要上热门 #假发片", "aweme_url": "https://www.iesdouyin.com/share/video/6852596341688913152/?region=CN&mid=6830277025472137992&u_code=0&titleType=title", "download_url": "https://www.chanmama.com/awemeDetail/6852596341688913152", "digg_count": 5080, "digg_incr": 872, "aweme_create_time": 1595494420, "category": 4, "volume": 11, "amount": 108.9}, "author": {"author_id": "223951651606055", "nickname": "时尚麦乐", "follower_count": 236207}}, {"aweme": {"aweme_id": "6852603024716696846", "aweme_title": "今天也是开心的一天哦#锁骨链 #你好火星 @抖音小助手", "aweme_url": "https://www.iesdouyin.com/share/video/6852603024716696846/?region=CN&mid=6852603047093308174&u_code=0&titleType=title", "download_url": "https://www.chanmama.com/awemeDetail/6852603024716696846", "digg_count": 1019, "digg_incr": 841, "aweme_create_time": 1595495977, "category": 4, "volume": 2, "amount": 13.98}, "author": {"author_id": "3575255576347228", "nickname": "女生知识", "follower_count": 942816}}, {"aweme": {"aweme_id": "6852553266266508551", "aweme_title": "情侣对戒——“骑士公主”，每个女生都有一个公主梦，希望能遇到守护自己一生的骑士~", "aweme_url": "https://www.iesdouyin.com/share/video/6852553266266508551/?region=CN&mid=6852553790776756999&u_code=0&titleType=title", "download_url": "https://www.chanmama.com/awemeDetail/6852553266266508551", "digg_count": 1106, "digg_incr": 821, "aweme_create_time": 1595494800, "category": 4, "volume": 0, "amount": 0}, "author": {"author_id": "70962608806", "nickname": "照联首饰·纯手工定制", "follower_count": 332427}}, {"aweme": {"aweme_id": "6852530898194205965", "aweme_title": "学会了给妈妈这样编发好显年轻气质#编发 #编发教程 #日常编发 #盘发 #扎发 #发型就这么简单 #简单日常编", "aweme_url": "https://www.iesdouyin.com/share/video/6852530898194205965/?region=CN&mid=6852530909447867149&u_code=0&titleType=title", "download_url": "https://www.chanmama.com/awemeDetail/6852530898194205965", "digg_count": 1211, "digg_incr": 717, "aweme_create_time": 1595479184, "category": 4, "volume": 0, "amount": 0}, "author": {"author_id": "69855301459", "nickname": "化妆师安姐教盘发", "follower_count": 716549}}, {"aweme": {"aweme_id": "6852492640601132295", "aweme_title": "告诉你们连体衣怎么上厕所，一定要看好哦。#穿搭 #潮男", "aweme_url": "https://www.iesdouyin.com/share/video/6852492640601132295/?region=CN&mid=6852492658309335816&u_code=0&titleType=title", "download_url": "https://www.chanmama.com/awemeDetail/6852492640601132295", "digg_count": 1014, "digg_incr": 712, "aweme_create_time": 1595470277, "category": 4, "volume": 7, "amount": 616}, "author": {"author_id": "98009510033", "nickname": "潮男前线", "follower_count": 916591}}, {"aweme": {"aweme_id": "6852485761745308935", "aweme_title": "夫妻不和家必败，一个家全靠夫妻用心经营，一个家什么最重要，不是钱多钱少，而是和睦夫妻同心，家庭和谐，再穷也能发", "aweme_url": "https://www.iesdouyin.com/share/video/6852485761745308935/?region=CN&mid=6852485748017367822&u_code=0&titleType=title", "download_url": "https://www.chanmama.com/awemeDetail/6852485761745308935", "digg_count": 1849, "digg_incr": 666, "aweme_create_time": 1595468675, "category": 4, "volume": 34, "amount": 5406}, "author": {"author_id": "60356650988", "nickname": "杭州包先森皮具商行", "follower_count": 22325}}, {"aweme": {"aweme_id": "6852543558784716032", "aweme_title": "人的一生有很多遗憾，错过了很多人和事，以后希望不要错过，真心对你好的人#演技派", "aweme_url": "https://www.iesdouyin.com/share/video/6852543558784716032/?region=CN&mid=6852543568670706445&u_code=m1f8mih9hfm&titleType=title", "download_url": "https://www.chanmama.com/awemeDetail/6852543558784716032", "digg_count": 2125, "digg_incr": 618, "aweme_create_time": 1595482130, "category": 4, "volume": 0, "amount": 0}, "author": {"author_id": "75698428123", "nickname": "aaA辉哥", "follower_count": 241864}}, {"aweme": {"aweme_id": "6852622058245901575", "aweme_title": "#插梳 盘韩系蓬松丸子头教程，松松软软的发型，超级温柔，告别贴头皮丸子头🥰@抖音小助手", "aweme_url": "https://www.iesdouyin.com/share/video/6852622058245901575/?region=CN&mid=6730892821592705806&u_code=0&titleType=title", "download_url": "https://www.chanmama.com/awemeDetail/6852622058245901575", "digg_count": 1067, "digg_incr": 592, "aweme_create_time": 1595500408, "category": 4, "volume": 1, "amount": 69}, "author": {"author_id": "3654413278785547", "nickname": "唐诗雨_🍊", "follower_count": 497007}}, {"aweme": {"aweme_id": "6852622148381510915", "aweme_title": "小狐狸套装你喜欢吗#七月好运 #百万开麦 #你好火星 #青菜拼车拼拼拼 @DOU+小助手", "aweme_url": "https://www.iesdouyin.com/share/video/6852622148381510915/?region=CN&mid=6841830253430721294&u_code=0&titleType=title", "download_url": "https://www.chanmama.com/awemeDetail/6852622148381510915", "digg_count": 1037, "digg_incr": 553, "aweme_create_time": 1595500433, "category": 4, "volume": 33, "amount": 1316.7}, "author": {"author_id": "694516898079092", "nickname": "百合欧韩饰品", "follower_count": 30608}}, {"aweme": {"aweme_id": "6852399370785131776", "aweme_title": "#青菜拼车拼拼拼 #我的高光一刻 #看我放大大大招 #你好火星 #带娃内心戏 #合金筷子@DOU+小助手", "aweme_url": "https://www.iesdouyin.com/share/video/6852399370785131776/?region=CN&mid=6852399264354634504&u_code=0&titleType=title", "download_url": "https://www.chanmama.com/awemeDetail/6852399370785131776", "digg_count": 1122, "digg_incr": 545, "aweme_create_time": 1595448601, "category": 4, "volume": 8, "amount": 79.2}, "author": {"author_id": "2418562414422368", "nickname": "昇鑫电子商务", "follower_count": 18334}}, {"aweme": {"aweme_id": "6852608234323332364", "aweme_title": "双肩带五层独立空间的包包，女神们千万不要错过。#包包#上热门 #感谢抖音 #你好火星", "aweme_url": "https://www.iesdouyin.com/share/video/6852608234323332364/?region=CN&mid=6755667560164771841&u_code=0&titleType=title", "download_url": "https://www.chanmama.com/awemeDetail/6852608234323332364", "digg_count": 1348, "digg_incr": 515, "aweme_create_time": 1595497194, "category": 4, "volume": 0, "amount": 0}, "author": {"author_id": "62418368900", "nickname": "高小妹•女包工厂", "follower_count": 13386}}, {"aweme": {"aweme_id": "6852336695698885888", "aweme_title": "真正爱上一个人的感觉就是，别人再好，与我无关。你在不好，我都喜欢。承蒙你出现，够我欢喜，一辈子…", "aweme_url": "https://www.iesdouyin.com/share/video/6852336695698885888/?region=CN&mid=6842254264786537230&u_code=0&titleType=title", "download_url": "https://www.chanmama.com/awemeDetail/6852336695698885888", "digg_count": 1080, "digg_incr": 498, "aweme_create_time": 1595433969, "category": 4, "volume": 0, "amount": 0}, "author": {"author_id": "2616438637477351", "nickname": "蕾蕾(三宝妈）", "follower_count": 189411}}]}