{"data": [{"aweme": {"aweme_id": "6852500466014702863", "aweme_title": "#五月天 大人的世界很好，如果有时候有那么一点不好的话。没关系当你戴上耳机听五月天的时候，五月天永远陪你20岁", "aweme_url": "https://www.iesdouyin.com/share/video/6852500466014702863/?region=CN&mid=6852500470930819853&u_code=45a6gmj0h2h&titleType=title", "download_url": "https://www.chanmama.com/awemeDetail/6852500466014702863", "digg_count": 310486, "digg_incr": 120538, "aweme_create_time": 1595472097, "category": 5, "volume": 1, "amount": 69}, "author": {"author_id": "95892646991", "nickname": "五月天饭团", "follower_count": 534842}}, {"aweme": {"aweme_id": "6852513368809458944", "aweme_title": "仙女怎么可以没有仙女棒", "aweme_url": "https://www.iesdouyin.com/share/video/6852513368809458944/?region=CN&mid=6713442505242888964&u_code=45a6gmj0h2h&titleType=title", "download_url": "https://www.chanmama.com/awemeDetail/6852513368809458944", "digg_count": 230520, "digg_incr": 94917, "aweme_create_time": 1595475101, "category": 5, "volume": 4, "amount": 39.6}, "author": {"author_id": "96928445296", "nickname": "阿么", "follower_count": 570882}}, {"aweme": {"aweme_id": "6852480488125254919", "aweme_title": "保温的 同时还防蝇防尘#热门#保温菜罩 @抖音小助手", "aweme_url": "https://www.iesdouyin.com/share/video/6852480488125254919/?region=CN&mid=6852480494291553037&u_code=107m7bg5i135&titleType=title", "download_url": "https://www.chanmama.com/awemeDetail/6852480488125254919", "digg_count": 88744, "digg_incr": 81391, "aweme_create_time": 1595467448, "category": 5, "volume": 422, "amount": 12238}, "author": {"author_id": "4015041840677419", "nickname": "小雅妙招百科", "follower_count": 339807}}, {"aweme": {"aweme_id": "6852411933623192832", "aweme_title": "#你好火星 #青菜拼车拼拼拼 #喝彩变身 #洗碗巾 小样跟我豆，害帕了吧！", "aweme_url": "https://www.iesdouyin.com/share/video/6852411933623192832/?region=CN&mid=6852411842447411981&u_code=45a6gmj0h2h&titleType=title", "download_url": "https://www.chanmama.com/awemeDetail/6852411933623192832", "digg_count": 40473, "digg_incr": 40568, "aweme_create_time": 1595451518, "category": 5, "volume": 27765, "amount": 274873.5}, "author": {"author_id": "3861124331868656", "nickname": "义乌市迎莱电子商务", "follower_count": 30708}}, {"aweme": {"aweme_id": "6852302278922177805", "aweme_title": "女朋友看完这个视频看了一眼家里的杯子眉头一锁，我就感觉不太妙！ #好物推存", "aweme_url": "https://www.iesdouyin.com/share/video/6852302278922177805/?region=CN&mid=6852302415178369806&u_code=0&titleType=title", "download_url": "https://www.chanmama.com/awemeDetail/6852302278922177805", "digg_count": 33336, "digg_incr": 32811, "aweme_create_time": 1595438880, "category": 5, "volume": 163, "amount": 912.8}, "author": {"author_id": "993582363980109", "nickname": "英子严选", "follower_count": 261116}}, {"aweme": {"aweme_id": "6852576633640029448", "aweme_title": "对不住了实体店，你一个50升收纳箱麦29块9，我只麦12块9，抗压特厚，可以装衣服被子玩具，需要的宝宝赶紧上车", "aweme_url": "https://www.iesdouyin.com/share/video/6852576633640029448/?region=CN&mid=6852576648064764680&u_code=0&titleType=title", "download_url": "https://www.chanmama.com/awemeDetail/6852576633640029448", "digg_count": 11791, "digg_incr": 11895, "aweme_create_time": 1595489833, "category": 5, "volume": 556, "amount": 7172.400000000001}, "author": {"author_id": "88212431830", "nickname": "烤鱼哥", "follower_count": 95643}}, {"aweme": {"aweme_id": "6852562612895468813", "aweme_title": "这次你们该相信这个早餐杯确实不怕摔了吧！完好无损！#餐具 #早餐杯 #乘风破浪的好物", "aweme_url": "https://www.iesdouyin.com/share/video/6852562612895468813/?region=CN&mid=6805862339640838157&u_code=0&titleType=title", "download_url": "https://www.chanmama.com/awemeDetail/6852562612895468813", "digg_count": 17732, "digg_incr": 11754, "aweme_create_time": 1595486569, "category": 5, "volume": 46, "amount": 358.8}, "author": {"author_id": "63951349423", "nickname": "美家优品", "follower_count": 142135}}, {"aweme": {"aweme_id": "6852517340983168263", "aweme_title": "牛筋梳浮力，9.9包邮厂家直发#语音互动 #717奇妙好物在这里 #义乌 #solo出道谁最nata", "aweme_url": "https://www.iesdouyin.com/share/video/6852517340983168263/?region=CN&mid=6852517349221075725&u_code=0&titleType=title", "download_url": "https://www.chanmama.com/awemeDetail/6852517340983168263", "digg_count": 9343, "digg_incr": 9245, "aweme_create_time": 1595476027, "category": 5, "volume": 1233, "amount": 12206.7}, "author": {"author_id": "103996993813", "nickname": "小笨闯义乌", "follower_count": 196804}}, {"aweme": {"aweme_id": "6852559322552077580", "aweme_title": "太实用了吧～月底去度假不用担心我的东西放不下啦～", "aweme_url": "https://www.iesdouyin.com/share/video/6852559322552077580/?region=CN&mid=6836991226521094146&u_code=16gamk8lm84d&titleType=title", "download_url": "https://www.chanmama.com/awemeDetail/6852559322552077580", "digg_count": 8076, "digg_incr": 7261, "aweme_create_time": 1595485810, "category": 5, "volume": 34, "amount": 95.19999999999999}, "author": {"author_id": "59753132229", "nickname": "33酱", "follower_count": 252588}}, {"aweme": {"aweme_id": "6852241409383222535", "aweme_title": "摆脱尴尬刚需好物#海草计划", "aweme_url": "https://www.iesdouyin.com/share/video/6852241409383222535/?region=CN&mid=6852241512254212878&u_code=45a6gmj0h2h&titleType=title", "download_url": "https://www.chanmama.com/awemeDetail/6852241409383222535", "digg_count": 7197, "digg_incr": 7201, "aweme_create_time": 1595471400, "category": 5, "volume": 32, "amount": 1276.8}, "author": {"author_id": "104668180307", "nickname": "杨闪闪💕", "follower_count": 505936}}, {"aweme": {"aweme_id": "6852601177004150020", "aweme_title": "假期就要做到高效学习＋快乐玩耍的良好结合！@抖音小助手 #自律", "aweme_url": "https://www.iesdouyin.com/share/video/6852601177004150020/?region=CN&mid=6806227818062546957&u_code=4gg404m4629a&titleType=title", "download_url": "https://www.chanmama.com/awemeDetail/6852601177004150020", "digg_count": 8660, "digg_incr": 6509, "aweme_create_time": 1595495552, "category": 5, "volume": 15, "amount": 1485}, "author": {"author_id": "1428997966151564", "nickname": "忘川屿兮", "follower_count": 453299}}, {"aweme": {"aweme_id": "6852527362492370190", "aweme_title": "#原创 健身如逆水行舟不进则退", "aweme_url": "https://www.iesdouyin.com/share/video/6852527362492370190/?region=CN&mid=6852527360383077128&u_code=0&titleType=title", "download_url": "https://www.chanmama.com/awemeDetail/6852527362492370190", "digg_count": 7816, "digg_incr": 6314, "aweme_create_time": 1595478361, "category": 5, "volume": 10, "amount": 490}, "author": {"author_id": "98037878840", "nickname": "王有容", "follower_count": 763823}}, {"aweme": {"aweme_id": "6852563649798720776", "aweme_title": "拒绝尴尬，有了这个小东西就不怕啦！#海草计划", "aweme_url": "https://www.iesdouyin.com/share/video/6852563649798720776/?region=CN&mid=6852563761375546119&u_code=0&titleType=title", "download_url": "https://www.chanmama.com/awemeDetail/6852563649798720776", "digg_count": 6167, "digg_incr": 6194, "aweme_create_time": 1595494401, "category": 5, "volume": 33, "amount": 1316.7}, "author": {"author_id": "100878088016", "nickname": "侯三金", "follower_count": 665770}}, {"aweme": {"aweme_id": "6852644592400043279", "aweme_title": "夏天有它们，不怕蚊子不怕热！#驱蚊 #夏日必备", "aweme_url": "https://www.iesdouyin.com/share/video/6852644592400043279/?region=CN&mid=6852644622121880333&u_code=0&titleType=title", "download_url": "https://www.chanmama.com/awemeDetail/6852644592400043279", "digg_count": 10175, "digg_incr": 6177, "aweme_create_time": 1595505653, "category": 5, "volume": 8, "amount": 390.4}, "author": {"author_id": "111241983872", "nickname": "周小磕", "follower_count": 804809}}, {"aweme": {"aweme_id": "6852621146702007566", "aweme_title": "𝙄 𝙡𝙞𝙠𝙚 𝙮𝙤𝙪, 𝙗𝙪𝙩 𝙟𝙪𝙨𝙩 𝙡𝙞𝙠𝙚 𝙮𝙤𝙪.", "aweme_url": "https://www.iesdouyin.com/share/video/6852621146702007566/?region=CN&mid=6757907043840952322&u_code=0&titleType=title", "download_url": "https://www.chanmama.com/awemeDetail/6852621146702007566", "digg_count": 120981, "digg_incr": 5763, "aweme_create_time": 1595500196, "category": 5, "volume": 0, "amount": 0}, "author": {"author_id": "975975670875198", "nickname": "英小文", "follower_count": 820677}}, {"aweme": {"aweme_id": "6852513617078783232", "aweme_title": "china是瓷器，China是中国。瓷器是中国国粹之一。 爱我中国❤️", "aweme_url": "https://www.iesdouyin.com/share/video/6852513617078783232/?region=CN&mid=6762048350687628040&u_code=0&titleType=title", "download_url": "https://www.chanmama.com/awemeDetail/6852513617078783232", "digg_count": 7147, "digg_incr": 5477, "aweme_create_time": 1595475159, "category": 5, "volume": 0, "amount": 0}, "author": {"author_id": "3795161102680931", "nickname": "阿卿", "follower_count": 333219}}, {"aweme": {"aweme_id": "6852633986708131079", "aweme_title": "忙忙碌碌一天，终于可以静下来听听歌…写写字❤突然发现…生活挺美好🌹#手写#快乐@抖音小助手", "aweme_url": "https://www.iesdouyin.com/share/video/6852633986708131079/?region=CN&mid=6629595072159550212&u_code=3ghh3kbgkj6b&titleType=title", "download_url": "https://www.chanmama.com/awemeDetail/6852633986708131079", "digg_count": 15977, "digg_incr": 5159, "aweme_create_time": 1595503185, "category": 5, "volume": 0, "amount": 0}, "author": {"author_id": "59220513895", "nickname": "军令如山💖写字", "follower_count": 351607}}, {"aweme": {"aweme_id": "6852577742630702347", "aweme_title": "小清新 可爱的娃娃裙 爱了爱了@DOU+小助手", "aweme_url": "https://www.iesdouyin.com/share/video/6852577742630702347/?region=CN&mid=6833337217134725896&u_code=0&titleType=title", "download_url": "https://www.chanmama.com/awemeDetail/6852577742630702347", "digg_count": 5425, "digg_incr": 5033, "aweme_create_time": 1595490096, "category": 5, "volume": 130, "amount": 5187}, "author": {"author_id": "4226143878129484", "nickname": "一只樱桃服装", "follower_count": 360499}}, {"aweme": {"aweme_id": "6852601614625279244", "aweme_title": "#蚂蚁乐园#保持地漏下水管的干净，隔离蟑螂入侵家里#管道疏通剂#清洁#日用百货 @DOU+小助手 @抖音小助手", "aweme_url": "https://www.iesdouyin.com/share/video/6852601614625279244/?region=CN&mid=6852601651598068487&u_code=0&titleType=title", "download_url": "https://www.chanmama.com/awemeDetail/6852601614625279244", "digg_count": 7210, "digg_incr": 4751, "aweme_create_time": 1595495653, "category": 5, "volume": 2, "amount": 39.8}, "author": {"author_id": "96178142796", "nickname": "蚂蚁乐园", "follower_count": 110008}}, {"aweme": {"aweme_id": "6852656336568618255", "aweme_title": "这个是被你们种草的，果真棒棒哒～～还有什么好东西，快～～～告诉我", "aweme_url": "https://www.iesdouyin.com/share/video/6852656336568618255/?region=CN&mid=6852656346451151629&u_code=0&titleType=title", "download_url": "https://www.chanmama.com/awemeDetail/6852656336568618255", "digg_count": 7287, "digg_incr": 4598, "aweme_create_time": 1595508387, "category": 5, "volume": 106, "amount": 6349.4}, "author": {"author_id": "70687509050", "nickname": "包佳欣", "follower_count": 55323}}, {"aweme": {"aweme_id": "6852498848590433540", "aweme_title": "炒撩人的男士沐浴露，你确定不试试？#冰爽留香沐浴露 @DOU+小助手", "aweme_url": "https://www.iesdouyin.com/share/video/6852498848590433540/?region=CN&mid=6850643213426985736&u_code=0&titleType=title", "download_url": "https://www.chanmama.com/awemeDetail/6852498848590433540", "digg_count": 4478, "digg_incr": 4284, "aweme_create_time": 1595471729, "category": 5, "volume": 877, "amount": 34992.299999999996}, "author": {"author_id": "109458037587", "nickname": "快乐的小番薯", "follower_count": 107063}}, {"aweme": {"aweme_id": "6852560551487212807", "aweme_title": "谢谢老婆辛苦您给我洗衣服很脏，放心有洗衣凝珠很干净，很香，爱很简单，就相互理解相互帮助。@DOU+小助手", "aweme_url": "https://www.iesdouyin.com/share/video/6852560551487212807/?region=CN&mid=6587617127375571726&u_code=45a6gmj0h2h&titleType=title", "download_url": "https://www.chanmama.com/awemeDetail/6852560551487212807", "digg_count": 4438, "digg_incr": 4050, "aweme_create_time": 1595486088, "category": 5, "volume": 68, "amount": 673.2}, "author": {"author_id": "59493899113", "nickname": "Cc无声小哥哥", "follower_count": 670395}}, {"aweme": {"aweme_id": "6852485329358785806", "aweme_title": "买家不如卖家精系列一给高了如何逃单!! # 马克笔 #学生  #好物推荐", "aweme_url": "https://www.iesdouyin.com/share/video/6852485329358785806/?region=CN&mid=6852485418869771015&u_code=43m3f0j3g7gj&titleType=title", "download_url": "https://www.chanmama.com/awemeDetail/6852485329358785806", "digg_count": 3459, "digg_incr": 3457, "aweme_create_time": 1595468598, "category": 5, "volume": 60, "amount": 1614}, "author": {"author_id": "2308612364440180", "nickname": "小玲优选", "follower_count": 70923}}, {"aweme": {"aweme_id": "6852504945338387726", "aweme_title": "三用的实用补习网纱包包💕你最爱哪个颜色👀中午十二点半来我直播间☝️我们不见不散#文具安利", "aweme_url": "https://www.iesdouyin.com/share/video/6852504945338387726/?region=CN&mid=6834465197730695949&u_code=45a6gmj0h2h&titleType=title", "download_url": "https://www.chanmama.com/awemeDetail/6852504945338387726", "digg_count": 3378, "digg_incr": 3234, "aweme_create_time": 1595473141, "category": 5, "volume": 41, "amount": 1599}, "author": {"author_id": "102776265170", "nickname": "有家本店", "follower_count": 478240}}, {"aweme": {"aweme_id": "6852623896508730636", "aweme_title": "喜欢吗 小清新一套 爱了爱了@DOU+小助手", "aweme_url": "https://www.iesdouyin.com/share/video/6852623896508730636/?region=CN&mid=6801035892401294093&u_code=0&titleType=title", "download_url": "https://www.chanmama.com/awemeDetail/6852623896508730636", "digg_count": 10508, "digg_incr": 3184, "aweme_create_time": 1595500840, "category": 5, "volume": 0, "amount": 0}, "author": {"author_id": "4226143878129484", "nickname": "一只樱桃服装", "follower_count": 360499}}, {"aweme": {"aweme_id": "6852423945488960776", "aweme_title": "@小桔梗发了一个抖音短视频，你尽管点开，不好看算我输！", "aweme_url": "https://www.iesdouyin.com/share/video/6852423945488960776/?region=CN&mid=6852424157376809741&u_code=4f4ld7c3dc9&titleType=", "download_url": "https://www.chanmama.com/awemeDetail/6852423945488960776", "digg_count": 9115, "digg_incr": 3130, "aweme_create_time": 1595454317, "category": 5, "volume": 180, "amount": 1798.2}, "author": {"author_id": "2981520041315837", "nickname": "小桔梗", "follower_count": 83042}}, {"aweme": {"aweme_id": "6852630353543286031", "aweme_title": "你知道ABCDEFG是什么意思吗？#手写 #英文 @DOU+小助手", "aweme_url": "https://www.iesdouyin.com/share/video/6852630353543286031/?region=CN&mid=6557555738128943886&u_code=13h2b53i96ba&titleType=title", "download_url": "https://www.chanmama.com/awemeDetail/6852630353543286031", "digg_count": 3784, "digg_incr": 2958, "aweme_create_time": 1595502338, "category": 5, "volume": 0, "amount": 0}, "author": {"author_id": "3685158577243615", "nickname": "阿宁_Roro", "follower_count": 543818}}, {"aweme": {"aweme_id": "6852458200843783438", "aweme_title": "老婆又在给宝宝做小饼🍳做了N次0失败！都是用的这个辅食锅，我买来49今天只要9💸煮粥做饼都可以😝##辅食", "aweme_url": "https://www.iesdouyin.com/share/video/6852458200843783438/?region=CN&mid=6811781347007417092&u_code=0&titleType=title", "download_url": "https://www.chanmama.com/awemeDetail/6852458200843783438", "digg_count": 3029, "digg_incr": 2900, "aweme_create_time": 1595462261, "category": 5, "volume": 21, "amount": 189}, "author": {"author_id": "62813922180", "nickname": "芋丸麻麻👼🏻🍼", "follower_count": 59493}}, {"aweme": {"aweme_id": "6852615541840956686", "aweme_title": "我发誓，是水先动的手#刺客伍六七 #鸡大保 #小飞", "aweme_url": "https://www.iesdouyin.com/share/video/6852615541840956686/?region=CN&mid=6819584599166143246&u_code=0&titleType=title", "download_url": "https://www.chanmama.com/awemeDetail/6852615541840956686", "digg_count": 3405, "digg_incr": 2652, "aweme_create_time": 1595498890, "category": 5, "volume": 0, "amount": 0}, "author": {"author_id": "127168477149774", "nickname": "易飞画画", "follower_count": 186953}}, {"aweme": {"aweme_id": "6852602455616802061", "aweme_title": "打啥啥不行，装备第一名？其实我想说：仪式感也是一种态度。#goto #种草", "aweme_url": "https://www.iesdouyin.com/share/video/6852602455616802061/?region=CN&mid=6852602790313822990&u_code=j730d5k0d0&titleType=title", "download_url": "https://www.chanmama.com/awemeDetail/6852602455616802061", "digg_count": 2670, "digg_incr": 2518, "aweme_create_time": 1595495910, "category": 5, "volume": 5, "amount": 149}, "author": {"author_id": "61703217809", "nickname": "斯文败鞋", "follower_count": 231611}}, {"aweme": {"aweme_id": "6852594277625711885", "aweme_title": "#小鸟伏特加zbc无情哈拉少 #二战伏特加 #雷霆嘎巴欧青辣少", "aweme_url": "https://www.iesdouyin.com/share/video/6852594277625711885/?region=CN&mid=6852594307556494094&u_code=0&titleType=title", "download_url": "https://www.chanmama.com/awemeDetail/6852594277625711885", "digg_count": 2964, "digg_incr": 2484, "aweme_create_time": 1595493940, "category": 5, "volume": 1, "amount": 0}, "author": {"author_id": "95488642862", "nickname": "绥芬河市和平经贸有限", "follower_count": 120089}}, {"aweme": {"aweme_id": "6852503678931291392", "aweme_title": "派大星和海绵宝宝是一辈子的好朋友#钢笔淡彩 #画画", "aweme_url": "https://www.iesdouyin.com/share/video/6852503678931291392/?region=CN&mid=6801334309933288196&u_code=31b2lfcf6hhb&titleType=title", "download_url": "https://www.chanmama.com/awemeDetail/6852503678931291392", "digg_count": 5558, "digg_incr": 2299, "aweme_create_time": 1595472845, "category": 5, "volume": 2, "amount": 67.8}, "author": {"author_id": "56795744180087", "nickname": "一起画水彩", "follower_count": 278371}}, {"aweme": {"aweme_id": "6852555343126449416", "aweme_title": "夏日的夜晚，静静地做个快乐的桃桃和淘淘女孩叭~ #vlog我的日常  #夜晚", "aweme_url": "https://www.iesdouyin.com/share/video/6852555343126449416/?region=CN&mid=6852555729126378253&u_code=0&titleType=title", "download_url": "https://www.chanmama.com/awemeDetail/6852555343126449416", "digg_count": 2619, "digg_incr": 2282, "aweme_create_time": 1595484960, "category": 5, "volume": 2, "amount": 79.8}, "author": {"author_id": "69247293382", "nickname": "四加夕", "follower_count": 96447}}, {"aweme": {"aweme_id": "6852618879504633096", "aweme_title": "翻盖旋转沥水篮，洗米洗菜洗水果都很方便#厨房好物 #家居好物", "aweme_url": "https://www.iesdouyin.com/share/video/6852618879504633096/?region=CN&mid=6852618894633372430&u_code=0&titleType=title", "download_url": "https://www.chanmama.com/awemeDetail/6852618879504633096", "digg_count": 2430, "digg_incr": 2225, "aweme_create_time": 1595499668, "category": 5, "volume": 0, "amount": 0}, "author": {"author_id": "100841230318", "nickname": "安家好物", "follower_count": 277038}}, {"aweme": {"aweme_id": "6852507903581031687", "aweme_title": "你还这样写史字吗？", "aweme_url": "https://www.iesdouyin.com/share/video/6852507903581031687/?region=CN&mid=6852507909411097358&u_code=0&titleType=title", "download_url": "https://www.chanmama.com/awemeDetail/6852507903581031687", "digg_count": 2825, "digg_incr": 2213, "aweme_create_time": 1595473830, "category": 5, "volume": 5, "amount": 199.5}, "author": {"author_id": "102254890803", "nickname": "夏天练字", "follower_count": 932790}}, {"aweme": {"aweme_id": "6852502970077187342", "aweme_title": "震惊到我了，出生证明套才卖1块9，还给你包油，买了不买有点亏啊#抖音好物#电商活动线报#好物推荐", "aweme_url": "https://www.iesdouyin.com/share/video/6852502970077187342/?region=CN&mid=6852502976838273806&u_code=2fd0913ea8k8&titleType=title", "download_url": "https://www.chanmama.com/awemeDetail/6852502970077187342", "digg_count": 2071, "digg_incr": 2101, "aweme_create_time": 1595472681, "category": 5, "volume": 920, "amount": 1748}, "author": {"author_id": "76476909026", "nickname": "依依", "follower_count": 66069}}, {"aweme": {"aweme_id": "6852518152279002376", "aweme_title": "买家没有卖家精系列一又买贵了吗？！ #马克笔  #717抖音奇妙好物市集", "aweme_url": "https://www.iesdouyin.com/share/video/6852518152279002376/?region=CN&mid=6852518582023195405&u_code=0&titleType=title", "download_url": "https://www.chanmama.com/awemeDetail/6852518152279002376", "digg_count": 2110, "digg_incr": 2099, "aweme_create_time": 1595476312, "category": 5, "volume": 26, "amount": 699.4}, "author": {"author_id": "2308612364440180", "nickname": "小玲优选", "follower_count": 70923}}, {"aweme": {"aweme_id": "6852613418021637383", "aweme_title": "无盐之食难以下咽，狼吞虎咽必有难处 #好人有好报  #正能量", "aweme_url": "https://www.iesdouyin.com/share/video/6852613418021637383/?region=CN&mid=6852613578290121479&u_code=45a6gmj0h2h&titleType=title", "download_url": "https://www.chanmama.com/awemeDetail/6852613418021637383", "digg_count": 2385, "digg_incr": 2051, "aweme_create_time": 1595498413, "category": 5, "volume": 1, "amount": 13.8}, "author": {"author_id": "1552159936625895", "nickname": "倩鸽鸽", "follower_count": 704943}}, {"aweme": {"aweme_id": "6852475606962162944", "aweme_title": "“以前总怕别人不喜欢自己，拼命迎合，被误会了恨不得马上解释化解，现在越长大心越大，不喜欢拉倒,大路朝天各走一边", "aweme_url": "https://www.iesdouyin.com/share/video/6852475606962162944/?region=CN&mid=6843244499016157966&u_code=2bh2db9a12gk&titleType=title", "download_url": "https://www.chanmama.com/awemeDetail/6852475606962162944", "digg_count": 2455, "digg_incr": 1984, "aweme_create_time": 1595466310, "category": 5, "volume": 17, "amount": 168.3}, "author": {"author_id": "104273206332", "nickname": "记录我们的点点滴滴", "follower_count": 202998}}, {"aweme": {"aweme_id": "6852622012683242756", "aweme_title": "一起来拆肉球新品吧~~🈶浮力哟！！#福利 #肉球 @DOU+小助手", "aweme_url": "https://www.iesdouyin.com/share/video/6852622012683242756/?region=CN&mid=6824681520947546126&u_code=0&titleType=title", "download_url": "https://www.chanmama.com/awemeDetail/6852622012683242756", "digg_count": 2314, "digg_incr": 1881, "aweme_create_time": 1595500402, "category": 5, "volume": 0, "amount": 0}, "author": {"author_id": "102783552775", "nickname": "小宜手帐", "follower_count": 166922}}, {"aweme": {"aweme_id": "6852597840036809998", "aweme_title": "好用！买买买！", "aweme_url": "https://www.iesdouyin.com/share/video/6852597840036809998/?region=CN&mid=6852597965148687118&u_code=2cdek40b760i&titleType=title", "download_url": "https://www.chanmama.com/awemeDetail/6852597840036809998", "digg_count": 2416, "digg_incr": 1863, "aweme_create_time": 1595494790, "category": 5, "volume": 124, "amount": 1649.2}, "author": {"author_id": "103378630943", "nickname": "阔喵🐱狂躁开箱", "follower_count": 690205}}, {"aweme": {"aweme_id": "6852634857009335560", "aweme_title": "你还这样写辛字吗？", "aweme_url": "https://www.iesdouyin.com/share/video/6852634857009335560/?region=CN&mid=6852634878228351751&u_code=1961k32mcgka&titleType=title", "download_url": "https://www.chanmama.com/awemeDetail/6852634857009335560", "digg_count": 3068, "digg_incr": 1744, "aweme_create_time": 1595503387, "category": 5, "volume": 0, "amount": 0}, "author": {"author_id": "102254890803", "nickname": "夏天练字", "follower_count": 932790}}, {"aweme": {"aweme_id": "6852514331397983496", "aweme_title": "有了这个懒人免手洗拖把，拖地洗拖把轻轻松松#抖音有好货", "aweme_url": "https://www.iesdouyin.com/share/video/6852514331397983496/?region=CN&mid=6852514412377525005&u_code=0&titleType=title", "download_url": "https://www.chanmama.com/awemeDetail/6852514331397983496", "digg_count": 2140, "digg_incr": 1715, "aweme_create_time": 1595475344, "category": 5, "volume": 67, "amount": 2003.3}, "author": {"author_id": "104976894483", "nickname": "君姐好物推荐", "follower_count": 693715}}, {"aweme": {"aweme_id": "6852651821870173447", "aweme_title": "今日份晚餐，这个饺子🥟吃过一次就会让你念念不忘，蒸着吃或煎着吃，全家都爱吃～", "aweme_url": "https://www.iesdouyin.com/share/video/6852651821870173447/?region=CN&mid=6852651873002949389&u_code=0&titleType=title", "download_url": "https://www.chanmama.com/awemeDetail/6852651821870173447", "digg_count": 1946, "digg_incr": 1668, "aweme_create_time": 1595507337, "category": 5, "volume": 5, "amount": 545}, "author": {"author_id": "62914121980", "nickname": "🔆Diuen Mami🦒🌿", "follower_count": 787215}}, {"aweme": {"aweme_id": "6852587181970558211", "aweme_title": "这剃须刀也太小了吧～#好物推荐 #创意 #礼物 #717奇妙好物在这里 #vlog日常 #剃须刀", "aweme_url": "https://www.iesdouyin.com/share/video/6852587181970558211/?region=CN&mid=6852587216749841159&u_code=0&titleType=title", "download_url": "https://www.chanmama.com/awemeDetail/6852587181970558211", "digg_count": 3544, "digg_incr": 1509, "aweme_create_time": 1595492293, "category": 5, "volume": 10, "amount": 890}, "author": {"author_id": "77101571965", "nickname": "微码客", "follower_count": 107253}}, {"aweme": {"aweme_id": "6852623733585218824", "aweme_title": "洗鞋，再给您尬个舞吧#修鞋", "aweme_url": "https://www.iesdouyin.com/share/video/6852623733585218824/?region=CN&mid=6852623837117614855&u_code=45a6gmj0h2h&titleType=title", "download_url": "https://www.chanmama.com/awemeDetail/6852623733585218824", "digg_count": 2180, "digg_incr": 1498, "aweme_create_time": 1595500818, "category": 5, "volume": 5, "amount": 149}, "author": {"author_id": "110158644120", "nickname": "碧米鞋业", "follower_count": 262115}}, {"aweme": {"aweme_id": "6852642590186114308", "aweme_title": "这些中国之都的城市，有你家乡吗？#中国 #家乡 #涨知识", "aweme_url": "https://www.iesdouyin.com/share/video/6852642590186114308/?region=CN&mid=6744894236287765262&u_code=0&titleType=title", "download_url": "https://www.chanmama.com/awemeDetail/6852642590186114308", "digg_count": 7107, "digg_incr": 1415, "aweme_create_time": 1595505191, "category": 5, "volume": 0, "amount": 0}, "author": {"author_id": "3689566242607912", "nickname": "抚沐", "follower_count": 796665}}, {"aweme": {"aweme_id": "6852494233622908175", "aweme_title": "说真心话，其实还是希望有💰有车有房的，更希望有个，体贴我包容我懂我爱我的老公👫@抖音小助手", "aweme_url": "https://www.iesdouyin.com/share/video/6852494233622908175/?region=CN&mid=6621005467990625037&u_code=0&titleType=title", "download_url": "https://www.chanmama.com/awemeDetail/6852494233622908175", "digg_count": 4282, "digg_incr": 1398, "aweme_create_time": 1595470646, "category": 5, "volume": 0, "amount": 0}, "author": {"author_id": "110473940395", "nickname": "莲盼商贸百货", "follower_count": 156328}}, {"aweme": {"aweme_id": "6852527127141666060", "aweme_title": "科目四多选题答题技巧#驾考 @驾考理论冯教练", "aweme_url": "https://www.iesdouyin.com/share/video/6852527127141666060/?region=CN&mid=6852527159786179341&u_code=0&titleType=title", "download_url": "https://www.chanmama.com/awemeDetail/6852527127141666060", "digg_count": 2204, "digg_incr": 1389, "aweme_create_time": 1595478313, "category": 5, "volume": 0, "amount": 0}, "author": {"author_id": "62439221960", "nickname": "冯教练", "follower_count": 184349}}, {"aweme": {"aweme_id": "6852480265827175680", "aweme_title": "同款#电动牙刷 体验很好用，用了几个月了，去牙渍，牙结石效果不错，有用#分享爱用物 #种草", "aweme_url": "https://www.iesdouyin.com/share/video/6852480265827175680/?region=CN&mid=6852480257417661197&u_code=0&titleType=title", "download_url": "https://www.chanmama.com/awemeDetail/6852480265827175680", "digg_count": 1479, "digg_incr": 1387, "aweme_create_time": 1595469055, "category": 5, "volume": 23, "amount": 4577}, "author": {"author_id": "34772775083663", "nickname": "美雅~", "follower_count": 109618}}, {"aweme": {"aweme_id": "6852580827788741896", "aweme_title": "数字教你学行书#感谢抖音", "aweme_url": "https://www.iesdouyin.com/share/video/6852580827788741896/?region=CN&mid=6852580823414541063&u_code=1h7f31l10dd3&titleType=title", "download_url": "https://www.chanmama.com/awemeDetail/6852580827788741896", "digg_count": 2782, "digg_incr": 1384, "aweme_create_time": 1595490809, "category": 5, "volume": 2, "amount": 79.8}, "author": {"author_id": "102254890803", "nickname": "夏天练字", "follower_count": 932790}}, {"aweme": {"aweme_id": "6852623318789410056", "aweme_title": "#dou上热门 #生活好物 你家的杯子这样子防会不会好看一些！", "aweme_url": "https://www.iesdouyin.com/share/video/6852623318789410056/?region=CN&mid=6852623342185302797&u_code=0&titleType=title", "download_url": "https://www.chanmama.com/awemeDetail/6852623318789410056", "digg_count": 1288, "digg_incr": 1276, "aweme_create_time": 1595500701, "category": 5, "volume": 0, "amount": 0}, "author": {"author_id": "85188348099", "nickname": "倩倩好物", "follower_count": 259500}}, {"aweme": {"aweme_id": "6852597980848049423", "aweme_title": "china是瓷器，China是中国！#中国 #写字 #艺术字 #我爱中国 #表白中国 @抖音小助手", "aweme_url": "https://www.iesdouyin.com/share/video/6852597980848049423/?region=CN&mid=6847063818934831879&u_code=0&titleType=title", "download_url": "https://www.chanmama.com/awemeDetail/6852597980848049423", "digg_count": 1710, "digg_incr": 1265, "aweme_create_time": 1595494801, "category": 5, "volume": 0, "amount": 0}, "author": {"author_id": "59650036813", "nickname": "豆子豆子", "follower_count": 189703}}, {"aweme": {"aweme_id": "6852608600980933899", "aweme_title": "#耳环 #耳环控 #饰品首饰 #潮流饰品 @抖音小助手 @抖音直播 @DOU+小课堂", "aweme_url": "https://www.iesdouyin.com/share/video/6852608600980933899/?region=CN&mid=6722318694917081869&u_code=1idm1e9i4jb1&titleType=title", "download_url": "https://www.chanmama.com/awemeDetail/6852608600980933899", "digg_count": 1292, "digg_incr": 1254, "aweme_create_time": 1595497279, "category": 5, "volume": 1, "amount": 39}, "author": {"author_id": "3619230031813207", "nickname": "玖橙饰品", "follower_count": 154565}}, {"aweme": {"aweme_id": "6852588560999140608", "aweme_title": "用心做好纸，服务千万家#卫生纸", "aweme_url": "https://www.iesdouyin.com/share/video/6852588560999140608/?region=CN&mid=6769909329005923079&u_code=0&titleType=title", "download_url": "https://www.chanmama.com/awemeDetail/6852588560999140608", "digg_count": 1231, "digg_incr": 1231, "aweme_create_time": 1595492608, "category": 5, "volume": 371, "amount": 7382.9}, "author": {"author_id": "1486185274550285", "nickname": "米饭🍚干三碗", "follower_count": 32695}}, {"aweme": {"aweme_id": "6852527983958215951", "aweme_title": "这个世界上，最好的放生就是放过自己#放下#人生", "aweme_url": "https://www.iesdouyin.com/share/video/6852527983958215951/?region=CN&mid=6852527973392714504&u_code=0&titleType=title", "download_url": "https://www.chanmama.com/awemeDetail/6852527983958215951", "digg_count": 1573, "digg_incr": 1196, "aweme_create_time": 1595478504, "category": 5, "volume": 0, "amount": 0}, "author": {"author_id": "2748419083084679", "nickname": "庆海书法", "follower_count": 800003}}, {"aweme": {"aweme_id": "6852517189593992448", "aweme_title": "#磨砂膏 #身体护理 夏天也要白嫩光滑哦～", "aweme_url": "https://www.iesdouyin.com/share/video/6852517189593992448/?region=CN&mid=6845190295693413133&u_code=45a6gmj0h2h&titleType=title", "download_url": "https://www.chanmama.com/awemeDetail/6852517189593992448", "digg_count": 2086, "digg_incr": 1109, "aweme_create_time": 1595475990, "category": 5, "volume": 0, "amount": 0}, "author": {"author_id": "107867693654", "nickname": "咬咬yummy", "follower_count": 899645}}, {"aweme": {"aweme_id": "6852496545816923392", "aweme_title": "我已经跟妈妈 梅姐 说好了，过年让她多做一些大酱，给大家发货哦😄 我妈妈做的大酱味道特别香很干净。", "aweme_url": "https://www.iesdouyin.com/share/video/6852496545816923392/?region=CN&mid=6852496761395940109&u_code=0&titleType=title", "download_url": "https://www.chanmama.com/awemeDetail/6852496545816923392", "digg_count": 1270, "digg_incr": 1104, "aweme_create_time": 1595471208, "category": 5, "volume": 0, "amount": 0}, "author": {"author_id": "4503670993997673", "nickname": "李大  本事", "follower_count": 128000}}, {"aweme": {"aweme_id": "6852585570279902475", "aweme_title": "#画画 #绘画 #手绘 #抖音小助手 慢慢慢慢慢慢画画画画画～", "aweme_url": "https://www.iesdouyin.com/share/video/6852585570279902475/?region=CN&mid=6786214826546563852&u_code=51md9ec6egb&titleType=title", "download_url": "https://www.chanmama.com/awemeDetail/6852585570279902475", "digg_count": 3017, "digg_incr": 1098, "aweme_create_time": 1595491919, "category": 5, "volume": 0, "amount": 0}, "author": {"author_id": "66519821602", "nickname": "王小媛", "follower_count": 754761}}, {"aweme": {"aweme_id": "6852594277114023183", "aweme_title": "@王赫发了一个抖音短视频，你尽管点开，不好看算我输！", "aweme_url": "https://www.iesdouyin.com/share/video/6852594277114023183/?region=CN&mid=6852594305152846605&u_code=0&titleType=", "download_url": "https://www.chanmama.com/awemeDetail/6852594277114023183", "digg_count": 1353, "digg_incr": 1087, "aweme_create_time": 1595493939, "category": 5, "volume": 0, "amount": 0}, "author": {"author_id": "104958503756", "nickname": "王赫", "follower_count": 695641}}, {"aweme": {"aweme_id": "6852541036401544461", "aweme_title": "直播带货真的只是想给生活减轻一些压力，每次去医院都被昂贵的医药费压的喘不过气！所以自己必须加油#抗癌日记", "aweme_url": "https://www.iesdouyin.com/share/video/6852541036401544461/?region=CN&mid=6753927786920299278&u_code=0&titleType=title", "download_url": "https://www.chanmama.com/awemeDetail/6852541036401544461", "digg_count": 1131, "digg_incr": 1054, "aweme_create_time": 1595481544, "category": 5, "volume": 1, "amount": 37.3}, "author": {"author_id": "82363661846", "nickname": "正能量直播间", "follower_count": 137232}}, {"aweme": {"aweme_id": "6852659441532161291", "aweme_title": "#幼儿园大班 1捏2靠3扛4叠5支点，你们的握笔正确了吗？#握笔姿势 #坐姿", "aweme_url": "https://www.iesdouyin.com/share/video/6852659441532161291/?region=CN&mid=6617398136644373261&u_code=0&titleType=title", "download_url": "https://www.chanmama.com/awemeDetail/6852659441532161291", "digg_count": 1253, "digg_incr": 1016, "aweme_create_time": 1595509114, "category": 5, "volume": 0, "amount": 0}, "author": {"author_id": "3038687264259564", "nickname": "家有悠浩", "follower_count": 572626}}, {"aweme": {"aweme_id": "6852478976640765199", "aweme_title": "这个防溅花洒真的好用，还可以净化水源#抖音好物推荐", "aweme_url": "https://www.iesdouyin.com/share/video/6852478976640765199/?region=CN&mid=6852478959823457031&u_code=45a6gmj0h2h&titleType=title", "download_url": "https://www.chanmama.com/awemeDetail/6852478976640765199", "digg_count": 7926, "digg_incr": 1012, "aweme_create_time": 1595467094, "category": 5, "volume": 79, "amount": 0}, "author": {"author_id": "4019403032631662", "nickname": "七七.", "follower_count": 16908}}, {"aweme": {"aweme_id": "6852625137645178127", "aweme_title": "马上画完了，却不知道要送谁？空有一个最好的撩妹手段，但没用武之地！直播画完中@抖音小助手", "aweme_url": "https://www.iesdouyin.com/share/video/6852625137645178127/?region=CN&mid=6852625146214173447&u_code=0&titleType=title", "download_url": "https://www.chanmama.com/awemeDetail/6852625137645178127", "digg_count": 1436, "digg_incr": 1001, "aweme_create_time": 1595501124, "category": 5, "volume": 1, "amount": 24}, "author": {"author_id": "58658631540", "nickname": "李老师【Time Machine】", "follower_count": 164650}}, {"aweme": {"aweme_id": "6852574875429686535", "aweme_title": "土豆炖牛腩这样做汤汁鲜美，软糯入味，吞jin兽又吃了3大碗#美食教程 #美食趣胃计划", "aweme_url": "https://www.iesdouyin.com/share/video/6852574875429686535/?region=CN&mid=6808821160856258561&u_code=0&titleType=title", "download_url": "https://www.chanmama.com/awemeDetail/6852574875429686535", "digg_count": 6316, "digg_incr": 979, "aweme_create_time": 1595489423, "category": 5, "volume": 0, "amount": 0}, "author": {"author_id": "98973201372", "nickname": "小艳爱美食", "follower_count": 348528}}, {"aweme": {"aweme_id": "6852515868002274573", "aweme_title": "最喜欢也是最好用的垃圾袋 自动收口 承重能力强 容量大 赶紧囤起来吧", "aweme_url": "https://www.iesdouyin.com/share/video/6852515868002274573/?region=CN&mid=6669917757150219016&u_code=0&titleType=title", "download_url": "https://www.chanmama.com/awemeDetail/6852515868002274573", "digg_count": 2432, "digg_incr": 974, "aweme_create_time": 1595475684, "category": 5, "volume": 39, "amount": 382.20000000000005}, "author": {"author_id": "95658844681", "nickname": "🍒TiTis.", "follower_count": 524684}}, {"aweme": {"aweme_id": "6852479777878658319", "aweme_title": "这个季节做毛笔最舒服，现在多做点，想到冬天，天冷了，手冻烂掉了，爷爷想到生意好就特别开心，特别用心去制作，加油", "aweme_url": "https://www.iesdouyin.com/share/video/6852479777878658319/?region=CN&mid=6824821690737199880&u_code=0&titleType=title", "download_url": "https://www.chanmama.com/awemeDetail/6852479777878658319", "digg_count": 1004, "digg_incr": 946, "aweme_create_time": 1595467281, "category": 5, "volume": 19, "amount": 969}, "author": {"author_id": "93377888065", "nickname": "做毛笔的老爷爷", "follower_count": 148295}}, {"aweme": {"aweme_id": "6852612755267079431", "aweme_title": "茶餐厅的豆豉蒸排骨好吃是怎么做的呢？ #美食趣胃计划  #抖音美食教程", "aweme_url": "https://www.iesdouyin.com/share/video/6852612755267079431/?region=CN&mid=6852612839696485133&u_code=0&titleType=title", "download_url": "https://www.chanmama.com/awemeDetail/6852612755267079431", "digg_count": 1402, "digg_incr": 883, "aweme_create_time": 1595498259, "category": 5, "volume": 0, "amount": 0}, "author": {"author_id": "96696426598", "nickname": "大叔美食分享", "follower_count": 408240}}, {"aweme": {"aweme_id": "6852603737161125133", "aweme_title": "视频同款功夫茶具", "aweme_url": "https://www.iesdouyin.com/share/video/6852603737161125133/?region=CN&mid=6852603766903048967&u_code=0&titleType=title", "download_url": "https://www.chanmama.com/awemeDetail/6852603737161125133", "digg_count": 1162, "digg_incr": 878, "aweme_create_time": 1595496143, "category": 5, "volume": 1, "amount": 5.8}, "author": {"author_id": "100264569874", "nickname": "小沈阳@小损样", "follower_count": 757949}}, {"aweme": {"aweme_id": "6852528505629019407", "aweme_title": "别纠结一个人在乎不在乎你，他能忍住不联系你，那就说明你可有可无，都是手机不离手的人，你还有什么不明白的！", "aweme_url": "https://www.iesdouyin.com/share/video/6852528505629019407/?region=CN&mid=6850056311200041736&u_code=0&titleType=title", "download_url": "https://www.chanmama.com/awemeDetail/6852528505629019407", "digg_count": 1155, "digg_incr": 857, "aweme_create_time": 1595478625, "category": 5, "volume": 0, "amount": 0}, "author": {"author_id": "74602063663", "nickname": "紫云的小院", "follower_count": 122242}}, {"aweme": {"aweme_id": "6852649561446419727", "aweme_title": "不是吧阿sir 今天突然想发个牙签盒 #不知姓名的c", "aweme_url": "https://www.iesdouyin.com/share/video/6852649561446419727/?region=CN&mid=6852649575636110094&u_code=0&titleType=title", "download_url": "https://www.chanmama.com/awemeDetail/6852649561446419727", "digg_count": 1204, "digg_incr": 816, "aweme_create_time": 1595506810, "category": 5, "volume": 0, "amount": 0}, "author": {"author_id": "71605245149", "nickname": "不知姓名的C", "follower_count": 41310}}, {"aweme": {"aweme_id": "6852508336903015680", "aweme_title": "看完了发现自己是哪一步不会呢，我在评论区为你们解答#手绘鞋 #aj #科比", "aweme_url": "https://www.iesdouyin.com/share/video/6852508336903015680/?region=CN&mid=6839617610737256455&u_code=0&titleType=title", "download_url": "https://www.chanmama.com/awemeDetail/6852508336903015680", "digg_count": 1339, "digg_incr": 807, "aweme_create_time": 1595473930, "category": 5, "volume": 1, "amount": 14.89}, "author": {"author_id": "91629941720", "nickname": "玖寅绘画", "follower_count": 178239}}, {"aweme": {"aweme_id": "6852628872219905287", "aweme_title": "谁想要，快举手#迪士尼公主 #你好火星 #爱的膜力转圈圈 #带娃内心戏 #舞出斐凡妙想", "aweme_url": "https://www.iesdouyin.com/share/video/6852628872219905287/?region=CN&mid=6852628894278470407&u_code=0&titleType=title", "download_url": "https://www.chanmama.com/awemeDetail/6852628872219905287", "digg_count": 1237, "digg_incr": 785, "aweme_create_time": 1595501994, "category": 5, "volume": 0, "amount": 0}, "author": {"author_id": "60451489958", "nickname": "微微爱玩具", "follower_count": 342216}}, {"aweme": {"aweme_id": "6852623816733035790", "aweme_title": "一条干货长视频，小树一棵，喜欢自取保存 #钢笔淡彩  #水彩过程   #干货", "aweme_url": "https://www.iesdouyin.com/share/video/6852623816733035790/?region=CN&mid=6852623927383362317&u_code=0&titleType=title", "download_url": "https://www.chanmama.com/awemeDetail/6852623816733035790", "digg_count": 1345, "digg_incr": 777, "aweme_create_time": 1595500835, "category": 5, "volume": 2, "amount": 75.2}, "author": {"author_id": "106747083790", "nickname": "阿童木爱画画", "follower_count": 283553}}, {"aweme": {"aweme_id": "6852602651352304896", "aweme_title": "对我来说最解压的方式就是洗洗晒晒了～窗帘每个月会洗一次，你们都是多久洗一次呢～#日常生活", "aweme_url": "https://www.iesdouyin.com/share/video/6852602651352304896/?region=CN&mid=6768008062662953736&u_code=0&titleType=title", "download_url": "https://www.chanmama.com/awemeDetail/6852602651352304896", "digg_count": 1700, "digg_incr": 742, "aweme_create_time": 1595495889, "category": 5, "volume": 0, "amount": 0}, "author": {"author_id": "59905040049", "nickname": "原来是夕妈", "follower_count": 641518}}, {"aweme": {"aweme_id": "6852587205035085064", "aweme_title": "免洗发膜   吹干即🉑️。适合干燥发质男女通用 深灰色", "aweme_url": "https://www.iesdouyin.com/share/video/6852587205035085064/?region=CN&mid=6823152141700958989&u_code=0&titleType=title", "download_url": "https://www.chanmama.com/awemeDetail/6852587205035085064", "digg_count": 1361, "digg_incr": 740, "aweme_create_time": 1595492294, "category": 5, "volume": 2, "amount": 99.8}, "author": {"author_id": "58936132667", "nickname": "罗定市Jimmy理发店", "follower_count": 121128}}, {"aweme": {"aweme_id": "6852467625545518351", "aweme_title": "算式画老鼠#感谢官方感谢热门 #画画", "aweme_url": "https://www.iesdouyin.com/share/video/6852467625545518351/?region=CN&mid=6852467572588268301&u_code=45a6gmj0h2h&titleType=title", "download_url": "https://www.chanmama.com/awemeDetail/6852467625545518351", "digg_count": 12320, "digg_incr": 689, "aweme_create_time": 1595464452, "category": 5, "volume": 3, "amount": 29.400000000000002}, "author": {"author_id": "108636609953", "nickname": "芸琪简笔画", "follower_count": 946617}}, {"aweme": {"aweme_id": "6852560834636336388", "aweme_title": "姐妹们还有什么好用的口气清新喷雾吖？#口气急救神器 #奔奔带你挑战不可能", "aweme_url": "https://www.iesdouyin.com/share/video/6852560834636336388/?region=CN&mid=6852560895151770381&u_code=0&titleType=title", "download_url": "https://www.chanmama.com/awemeDetail/6852560834636336388", "digg_count": 1185, "digg_incr": 683, "aweme_create_time": 1595494809, "category": 5, "volume": 2, "amount": 178}, "author": {"author_id": "1508175070893181", "nickname": "小姐姐请回答", "follower_count": 119301}}, {"aweme": {"aweme_id": "6852505166042729728", "aweme_title": "银耳羹的正确煮法，你学会了？#美食推荐官 #为你煲汤", "aweme_url": "https://www.iesdouyin.com/share/video/6852505166042729728/?region=CN&mid=6852505169259662088&u_code=0&titleType=title", "download_url": "https://www.chanmama.com/awemeDetail/6852505166042729728", "digg_count": 1188, "digg_incr": 645, "aweme_create_time": 1595473192, "category": 5, "volume": 3, "amount": 53.699999999999996}, "author": {"author_id": "2449359373345245", "nickname": "馋哭日记", "follower_count": 825126}}, {"aweme": {"aweme_id": "6852113233587801357", "aweme_title": "日本男士都在用的方法，教您冰爽整个夏天#日本 #东京 #沐浴露男士", "aweme_url": "https://www.iesdouyin.com/share/video/6852113233587801357/?region=CN&mid=6852113229796084494&u_code=0&titleType=title", "download_url": "https://www.chanmama.com/awemeDetail/6852113233587801357", "digg_count": 1119, "digg_incr": 644, "aweme_create_time": 1595498400, "category": 5, "volume": 18, "amount": 1044}, "author": {"author_id": "99358370628", "nickname": "酸奶在日本", "follower_count": 339232}}, {"aweme": {"aweme_id": "6852526879270882567", "aweme_title": "#泡泡玛特 #收纳 #种草 #盲盒 轻松整理出一片娃墙，还能放化妆品噢！", "aweme_url": "https://www.iesdouyin.com/share/video/6852526879270882567/?region=CN&mid=6852526895305739022&u_code=0&titleType=title", "download_url": "https://www.chanmama.com/awemeDetail/6852526879270882567", "digg_count": 1038, "digg_incr": 643, "aweme_create_time": 1595478248, "category": 5, "volume": 5, "amount": 149}, "author": {"author_id": "83767442974", "nickname": "一只羊驼驼☄️", "follower_count": 6647}}, {"aweme": {"aweme_id": "6852553000913751296", "aweme_title": "我的青春回来了@邓伦 #发型", "aweme_url": "https://www.iesdouyin.com/share/video/6852553000913751296/?region=CN&mid=6528704563544460036&u_code=0&titleType=title", "download_url": "https://www.chanmama.com/awemeDetail/6852553000913751296", "digg_count": 1783, "digg_incr": 641, "aweme_create_time": 1595484329, "category": 5, "volume": 3, "amount": 147}, "author": {"author_id": "59005814640", "nickname": "厦门 阿兰Alan", "follower_count": 789948}}, {"aweme": {"aweme_id": "6852633388365516040", "aweme_title": "#画画 #手绘 不到一分钟就能学会的小风景书签～还有什么做不到？@抖音小助手@抖音文化站", "aweme_url": "https://www.iesdouyin.com/share/video/6852633388365516040/?region=CN&mid=6852633409974471437&u_code=0&titleType=title", "download_url": "https://www.chanmama.com/awemeDetail/6852633388365516040", "digg_count": 1005, "digg_incr": 628, "aweme_create_time": 1595503046, "category": 5, "volume": 0, "amount": 0}, "author": {"author_id": "62178617017", "nickname": "安凉的水彩课堂", "follower_count": 621623}}, {"aweme": {"aweme_id": "6852335326485024007", "aweme_title": "随手涂｜这个仙境很mojito#我是新网红  @新网银行#水彩插画 #画画#冲能计划 #古风 #宸汐缘", "aweme_url": "https://www.iesdouyin.com/share/video/6852335326485024007/?region=CN&mid=6852335304603486984&u_code=0&titleType=title", "download_url": "https://www.chanmama.com/awemeDetail/6852335326485024007", "digg_count": 1930, "digg_incr": 576, "aweme_create_time": 1595433653, "category": 5, "volume": 0, "amount": 0}, "author": {"author_id": "84279328126", "nickname": "诸诸兔🌸绘打卡", "follower_count": 19238}}, {"aweme": {"aweme_id": "6852630675065949454", "aweme_title": "番茄鸡蛋饼这样做，10分钟搞定，没下过厨房的都能一次成功，松软好吃~ #煎饼", "aweme_url": "https://www.iesdouyin.com/share/video/6852630675065949454/?region=CN&mid=6852630768997403400&u_code=0&titleType=title", "download_url": "https://www.chanmama.com/awemeDetail/6852630675065949454", "digg_count": 1024, "digg_incr": 557, "aweme_create_time": 1595502430, "category": 5, "volume": 0, "amount": 0}, "author": {"author_id": "3619244561412680", "nickname": "会吃会养", "follower_count": 505022}}, {"aweme": {"aweme_id": "6852576381889563916", "aweme_title": "@a如意🌹👍🏻发了一个抖音短视频，你尽管点开，不好看算我输！", "aweme_url": "https://www.iesdouyin.com/share/video/6852576381889563916/?region=CN&mid=6548752365426739972&u_code=0&titleType=", "download_url": "https://www.chanmama.com/awemeDetail/6852576381889563916", "digg_count": 1063, "digg_incr": 548, "aweme_create_time": 1595489817, "category": 5, "volume": 0, "amount": 0}, "author": {"author_id": "60091327457", "nickname": "a如意🌹👍🏻", "follower_count": 618681}}]}