{"data": [{"aweme": {"aweme_id": "6852686521045175567", "aweme_title": "修身显瘦拼色露肩小衫，面料舒服透气，很有特色的荷叶边设计，搭配裙子好洋气，美美哒", "aweme_url": "https://www.iesdouyin.com/share/video/6852686521045175567/?region=CN&mid=6835815971031239437&u_code=0&titleType=title", "download_url": "https://www.chanmama.com/awemeDetail/6852686521045175567", "digg_count": 43029, "digg_incr": 28422, "aweme_create_time": 1595515416, "category": 6, "volume": 0, "amount": 0}, "author": {"author_id": "1662066375530312", "nickname": "吴小声女装", "follower_count": 541232}}, {"aweme": {"aweme_id": "6852475814974393603", "aweme_title": "船长给大家分享一下，不一样的，海边，沙滩，海浪，不一样的美！喜欢点赞支持一下，朋友们这是你理想感觉中海边吗？", "aweme_url": "https://www.iesdouyin.com/share/video/6852475814974393603/?region=CN&mid=6852475845928373006&u_code=24c1e5554j69&titleType=title", "download_url": "https://www.chanmama.com/awemeDetail/6852475814974393603", "digg_count": 14442, "digg_incr": 10109, "aweme_create_time": 1595466370, "category": 6, "volume": 6, "amount": 116.7}, "author": {"author_id": "94698846791", "nickname": "中国船长", "follower_count": 845071}}, {"aweme": {"aweme_id": "6852433784600628493", "aweme_title": "男孩的衣服千遍一律，不存在好看不好看的问题，只存在合身不合身的问题，只要穿着两种感觉就行，帅，酷#童装", "aweme_url": "https://www.iesdouyin.com/share/video/6852433784600628493/?region=CN&mid=6848547965477980936&u_code=4f4ld7c3dc9&titleType=title", "download_url": "https://www.chanmama.com/awemeDetail/6852433784600628493", "digg_count": 10061, "digg_incr": 9839, "aweme_create_time": 1595456583, "category": 6, "volume": 0, "amount": 0}, "author": {"author_id": "100818907867", "nickname": "星际小熊精品童装", "follower_count": 510918}}, {"aweme": {"aweme_id": "6852149008731819264", "aweme_title": "父母都想给孩子pick世界上最好的，愿育儿这件小事，也能深藏你我的无穷想象#感恩父母 #亲子 #生活好物", "aweme_url": "https://www.iesdouyin.com/share/video/6852149008731819264/?region=CN&mid=6852149035929586446&u_code=1i449hc6m69m&titleType=title", "download_url": "https://www.chanmama.com/awemeDetail/6852149008731819264", "digg_count": 7910, "digg_incr": 7573, "aweme_create_time": 1595494920, "category": 6, "volume": 2, "amount": 98}, "author": {"author_id": "103385729825", "nickname": "talking树先生", "follower_count": 547576}}, {"aweme": {"aweme_id": "6852472840701119751", "aweme_title": "新交的女朋友很可爱，很羞涩，舔糖的一瞬间心动了💓。已经带回家了😏#情侶 #女朋友 #礼物 #手枪棒棒糖", "aweme_url": "https://www.iesdouyin.com/share/video/6852472840701119751/?region=CN&mid=6838518831309572872&u_code=0&titleType=title", "download_url": "https://www.chanmama.com/awemeDetail/6852472840701119751", "digg_count": 7420, "digg_incr": 7456, "aweme_create_time": 1595465668, "category": 6, "volume": 122, "amount": 3037.7999999999997}, "author": {"author_id": "3839125359692062", "nickname": "阿狸的百宝屋", "follower_count": 103181}}, {"aweme": {"aweme_id": "6852604449815350543", "aweme_title": "啊啊啊我好开心我放假啦～@安心妈妈小捣蛋 @小盈爱农崽^/🍊 #白桃vlog", "aweme_url": "https://www.iesdouyin.com/share/video/6852604449815350543/?region=CN&mid=6645621313056541444&u_code=0&titleType=title", "download_url": "https://www.chanmama.com/awemeDetail/6852604449815350543", "digg_count": 8520, "digg_incr": 7026, "aweme_create_time": 1595496307, "category": 6, "volume": 0, "amount": 0}, "author": {"author_id": "60754587014", "nickname": "白桃是雯雯啊🐰", "follower_count": 128929}}, {"aweme": {"aweme_id": "6852613845031177485", "aweme_title": "人形道具很好用！真的！#充能计划 #jk #dk", "aweme_url": "https://www.iesdouyin.com/share/video/6852613845031177485/?region=CN&mid=6803529186427275265&u_code=49kkfi238i7c&titleType=title", "download_url": "https://www.chanmama.com/awemeDetail/6852613845031177485", "digg_count": 8740, "digg_incr": 6867, "aweme_create_time": 1595498496, "category": 6, "volume": 0, "amount": 0}, "author": {"author_id": "74845592106", "nickname": "你花花宝贝", "follower_count": 804080}}, {"aweme": {"aweme_id": "6852544888542743821", "aweme_title": "#盲盒  #潮玩  #52toys  #谷蘑 这概率 我要个隐藏不过分吧- -", "aweme_url": "https://www.iesdouyin.com/share/video/6852544888542743821/?region=CN&mid=6852545025029884686&u_code=0&titleType=title", "download_url": "https://www.chanmama.com/awemeDetail/6852544888542743821", "digg_count": 7314, "digg_incr": 5339, "aweme_create_time": 1595496800, "category": 6, "volume": 0, "amount": 0}, "author": {"author_id": "102058142198", "nickname": "年糕君", "follower_count": 339462}}, {"aweme": {"aweme_id": "6852459182252182784", "aweme_title": "喜欢草莓 毫不犹豫的就买了 不喜欢吃香蕉 但考虑它有助消化的功能也还是买了 所以喜欢很单纯 不喜欢就会权衡利弊", "aweme_url": "https://www.iesdouyin.com/share/video/6852459182252182784/?region=CN&mid=6610319900743305988&u_code=0&titleType=title", "download_url": "https://www.chanmama.com/awemeDetail/6852459182252182784", "digg_count": 5510, "digg_incr": 5213, "aweme_create_time": 1595462487, "category": 6, "volume": 99, "amount": 9801}, "author": {"author_id": "58930937710", "nickname": "野店服装", "follower_count": 21928}}, {"aweme": {"aweme_id": "6852475154057006351", "aweme_title": "原唱不如翻唱火的BGM，差点笑晕过去#解压", "aweme_url": "https://www.iesdouyin.com/share/video/6852475154057006351/?region=CN&mid=6804070990878329607&u_code=3ghh3kbgkj6b&titleType=title", "download_url": "https://www.chanmama.com/awemeDetail/6852475154057006351", "digg_count": 5724, "digg_incr": 5170, "aweme_create_time": 1595466205, "category": 6, "volume": 0, "amount": 0}, "author": {"author_id": "536172228519149", "nickname": "解压时刻", "follower_count": 231457}}, {"aweme": {"aweme_id": "6852618284207066376", "aweme_title": "#竞技叠杯  中国队VS英国队，你们猜猜最后谁赢啦！？", "aweme_url": "https://www.iesdouyin.com/share/video/6852618284207066376/?region=CN&mid=6740929785205096456&u_code=0&titleType=title", "download_url": "https://www.chanmama.com/awemeDetail/6852618284207066376", "digg_count": 35091, "digg_incr": 5070, "aweme_create_time": 1595499530, "category": 6, "volume": 0, "amount": 0}, "author": {"author_id": "53238667608", "nickname": "WSSA世界竞技叠杯运动协会", "follower_count": 117968}}, {"aweme": {"aweme_id": "6852672266073804039", "aweme_title": "新款时尚上衣来咯 领口荷叶边的设计 再搭配一条百搭半身裙 爱了爱了 #穿搭", "aweme_url": "https://www.iesdouyin.com/share/video/6852672266073804039/?region=CN&mid=6852672387041725198&u_code=0&titleType=title", "download_url": "https://www.chanmama.com/awemeDetail/6852672266073804039", "digg_count": 5512, "digg_incr": 4677, "aweme_create_time": 1595512121, "category": 6, "volume": 418, "amount": 25038.2}, "author": {"author_id": "62594186718", "nickname": "小魔女时尚穿搭", "follower_count": 203007}}, {"aweme": {"aweme_id": "6852458041749671181", "aweme_title": "来 你们要的大积木 都来了 正在直播 #抖音小助手 #企业号", "aweme_url": "https://www.iesdouyin.com/share/video/6852458041749671181/?region=CN&mid=6852458045885221640&u_code=2m3864dbf3m&titleType=title", "download_url": "https://www.chanmama.com/awemeDetail/6852458041749671181", "digg_count": 4485, "digg_incr": 4502, "aweme_create_time": 1595462237, "category": 6, "volume": 0, "amount": 0}, "author": {"author_id": "96049627140", "nickname": "LH981482027", "follower_count": 193008}}, {"aweme": {"aweme_id": "6852458898994105613", "aweme_title": "#黑科技 #简笔画 #玩具 #绘画机器人 #上热门 #当红主角", "aweme_url": "https://www.iesdouyin.com/share/video/6852458898994105613/?region=CN&mid=6852458873870142216&u_code=0&titleType=title", "download_url": "https://www.chanmama.com/awemeDetail/6852458898994105613", "digg_count": 14848, "digg_incr": 4483, "aweme_create_time": 1595462424, "category": 6, "volume": 0, "amount": 0}, "author": {"author_id": "2000760940537396", "nickname": "生活好物家", "follower_count": 103930}}, {"aweme": {"aweme_id": "6852510255704739079", "aweme_title": "一款纱布的薄棉连体，围嘴可拆卸，#宝宝服装搭配 #我要上热门 #抖音小助手 DOU+小助手@DOU+小助手", "aweme_url": "https://www.iesdouyin.com/share/video/6852510255704739079/?region=CN&mid=6849725313035798530&u_code=0&titleType=title", "download_url": "https://www.chanmama.com/awemeDetail/6852510255704739079", "digg_count": 4717, "digg_incr": 4074, "aweme_create_time": 1595474377, "category": 6, "volume": 219, "amount": 8212.5}, "author": {"author_id": "1925940934376558", "nickname": "河北献尧制衣", "follower_count": 124201}}, {"aweme": {"aweme_id": "6852337951767153931", "aweme_title": "#我要上热门 #宠粉 今晚视频有点长…请耐心看完它～#刺激战场", "aweme_url": "https://www.iesdouyin.com/share/video/6852337951767153931/?region=CN&mid=6852338045191637774&u_code=3ghh3kbgkj6b&titleType=title", "download_url": "https://www.chanmama.com/awemeDetail/6852337951767153931", "digg_count": 4166, "digg_incr": 3655, "aweme_create_time": 1595434283, "category": 6, "volume": 8, "amount": 126.4}, "author": {"author_id": "98518558572", "nickname": "柯楠（撩妹大队）", "follower_count": 583738}}, {"aweme": {"aweme_id": "6852583429746248974", "aweme_title": "#你好火星 #休闲服饰 #胖瘦都能穿 #穿搭 @DOU+小助手", "aweme_url": "https://www.iesdouyin.com/share/video/6852583429746248974/?region=CN&mid=6835815971031239437&u_code=3ghh3kbgkj6b&titleType=title", "download_url": "https://www.chanmama.com/awemeDetail/6852583429746248974", "digg_count": 6593, "digg_incr": 3383, "aweme_create_time": 1595491415, "category": 6, "volume": 132, "amount": 10546.800000000001}, "author": {"author_id": "66747010507", "nickname": "常熟迷奥精品女装", "follower_count": 311685}}, {"aweme": {"aweme_id": "6852534240236621064", "aweme_title": "我说你是美女你就是美女，别TMD跟我在那假装客气@DOU+小助手#抱枕#毛绒玩具", "aweme_url": "https://www.iesdouyin.com/share/video/6852534240236621064/?region=CN&mid=6852534338320419598&u_code=0&titleType=title", "download_url": "https://www.chanmama.com/awemeDetail/6852534240236621064", "digg_count": 4739, "digg_incr": 3372, "aweme_create_time": 1595479986, "category": 6, "volume": 14, "amount": 546}, "author": {"author_id": "681306720570359", "nickname": "暖暖姐姐毛绒玩具", "follower_count": 64393}}, {"aweme": {"aweme_id": "6852609946622627085", "aweme_title": "假面骑士电王的拼装版和成品版，你更喜欢哪一个？#假面骑士 #假面骑士电王 #特摄", "aweme_url": "https://www.iesdouyin.com/share/video/6852609946622627085/?region=CN&mid=6852609988129491726&u_code=0&titleType=title", "download_url": "https://www.chanmama.com/awemeDetail/6852609946622627085", "digg_count": 4182, "digg_incr": 3345, "aweme_create_time": 1595497588, "category": 6, "volume": 5, "amount": 930}, "author": {"author_id": "84715474842", "nickname": "炒蛋车间长", "follower_count": 217791}}, {"aweme": {"aweme_id": "6852627368633175308", "aweme_title": "这是什么神仙小羊阿！ #闺蜜  #少女心  #开箱", "aweme_url": "https://www.iesdouyin.com/share/video/6852627368633175308/?region=CN&mid=6852627536096971528&u_code=4ck64f55c0ba&titleType=title", "download_url": "https://www.chanmama.com/awemeDetail/6852627368633175308", "digg_count": 7061, "digg_incr": 3013, "aweme_create_time": 1595501680, "category": 6, "volume": 1, "amount": 15.8}, "author": {"author_id": "107666860279", "nickname": "阿唐的宝贝", "follower_count": 620813}}, {"aweme": {"aweme_id": "6852555448655088904", "aweme_title": "宝宝：有时候受欢迎也是件苦恼的事#爸爸带娃 #全职奶爸", "aweme_url": "https://www.iesdouyin.com/share/video/6852555448655088904/?region=CN&mid=6852555575084665608&u_code=2cdek40b760i&titleType=title", "download_url": "https://www.chanmama.com/awemeDetail/6852555448655088904", "digg_count": 3012, "digg_incr": 2895, "aweme_create_time": 1595494766, "category": 6, "volume": 0, "amount": 0}, "author": {"author_id": "74411311372763", "nickname": "奶爸小强", "follower_count": 850541}}, {"aweme": {"aweme_id": "6852519193582062855", "aweme_title": "新交的女朋友很可爱，很羞涩，舔糖的一瞬间心动了💓。马上带回家#情侶 #女朋友 #礼物 #手枪棒棒糖", "aweme_url": "https://www.iesdouyin.com/share/video/6852519193582062855/?region=CN&mid=6838518831309572872&u_code=3ghh3kbgkj6b&titleType=title", "download_url": "https://www.chanmama.com/awemeDetail/6852519193582062855", "digg_count": 2839, "digg_incr": 2857, "aweme_create_time": 1595476459, "category": 6, "volume": 47, "amount": 1170.3}, "author": {"author_id": "3839125359692062", "nickname": "阿狸的百宝屋", "follower_count": 103181}}, {"aweme": {"aweme_id": "6852522542016630029", "aweme_title": "#儿童动漫 #二次元动漫 #白雪公主 #童画视界，小朋友们，快帮帮白雪", "aweme_url": "https://www.iesdouyin.com/share/video/6852522542016630029/?region=CN&mid=6852522548249594638&u_code=0&titleType=title", "download_url": "https://www.chanmama.com/awemeDetail/6852522542016630029", "digg_count": 2800, "digg_incr": 2737, "aweme_create_time": 1595477238, "category": 6, "volume": 0, "amount": 0}, "author": {"author_id": "3016671317463984", "nickname": "童画视界～儿童乐园", "follower_count": 144393}}, {"aweme": {"aweme_id": "6852546008929307917", "aweme_title": "笑死我了#学生党 #魔性音乐", "aweme_url": "https://www.iesdouyin.com/share/video/6852546008929307917/?region=CN&mid=6804070990878329607&u_code=0&titleType=title", "download_url": "https://www.chanmama.com/awemeDetail/6852546008929307917", "digg_count": 3869, "digg_incr": 2713, "aweme_create_time": 1595482702, "category": 6, "volume": 0, "amount": 0}, "author": {"author_id": "3504895160760264", "nickname": "一起玩太空沙", "follower_count": 181288}}, {"aweme": {"aweme_id": "6852633769057307918", "aweme_title": "艾特出一定会回复你的人吧 / #jk制服 #穿搭", "aweme_url": "https://www.iesdouyin.com/share/video/6852633769057307918/?region=CN&mid=6829253526758181645&u_code=3ghh3kbgkj6b&titleType=title", "download_url": "https://www.chanmama.com/awemeDetail/6852633769057307918", "digg_count": 3548, "digg_incr": 2670, "aweme_create_time": 1595503134, "category": 6, "volume": 0, "amount": 0}, "author": {"author_id": "61794597025", "nickname": "要吃芋圆吗🐰", "follower_count": 445944}}, {"aweme": {"aweme_id": "6852496073190051076", "aweme_title": "#斗罗大陆 #国漫 #感谢抖音 #我要上热门 上方视频同款昊天锤", "aweme_url": "https://www.iesdouyin.com/share/video/6852496073190051076/?region=CN&mid=6852496131805432583&u_code=45a6gmj0h2h&titleType=title", "download_url": "https://www.chanmama.com/awemeDetail/6852496073190051076", "digg_count": 3007, "digg_incr": 2634, "aweme_create_time": 1595471083, "category": 6, "volume": 1, "amount": 25}, "author": {"author_id": "87139079576", "nickname": "一飛 斗罗", "follower_count": 457032}}, {"aweme": {"aweme_id": "6852537627384548623", "aweme_title": "年龄的差距拆散不了我们，贫穷的生活击垮不了我们，老婆今年42岁，而我25岁，照样能创造出幸福美好的生活节奏！", "aweme_url": "https://www.iesdouyin.com/share/video/6852537627384548623/?region=CN&mid=6731635792516631300&u_code=212labi3i8d2&titleType=title", "download_url": "https://www.chanmama.com/awemeDetail/6852537627384548623", "digg_count": 2886, "digg_incr": 2552, "aweme_create_time": 1595480749, "category": 6, "volume": 0, "amount": 0}, "author": {"author_id": "153537870834861", "nickname": "王二宝", "follower_count": 401567}}, {"aweme": {"aweme_id": "6852463241097022733", "aweme_title": "大大大大积木 你们喜欢吗？", "aweme_url": "https://www.iesdouyin.com/share/video/6852463241097022733/?region=CN&mid=6852463340619320078&u_code=3ghh3le39k56&titleType=title", "download_url": "https://www.chanmama.com/awemeDetail/6852463241097022733", "digg_count": 2435, "digg_incr": 2442, "aweme_create_time": 1595463458, "category": 6, "volume": 0, "amount": 0}, "author": {"author_id": "96049627140", "nickname": "LH981482027", "follower_count": 193008}}, {"aweme": {"aweme_id": "6852480443925662983", "aweme_title": "##抖音小助手 #女人 #青菜拼车拼拼拼 #喝彩变身", "aweme_url": "https://www.iesdouyin.com/share/video/6852480443925662983/?region=CN&mid=6833641361967679495&u_code=107m7bg5i135&titleType=title", "download_url": "https://www.chanmama.com/awemeDetail/6852480443925662983", "digg_count": 3780, "digg_incr": 2366, "aweme_create_time": 1595467438, "category": 6, "volume": 144, "amount": 14256}, "author": {"author_id": "97833897156", "nickname": "俏子💎", "follower_count": 246372}}, {"aweme": {"aweme_id": "6852540459424713999", "aweme_title": "当沙雕鸭看 官方回答 #你好火星", "aweme_url": "https://www.iesdouyin.com/share/video/6852540459424713999/?region=CN&mid=6852540460666637064&u_code=0&titleType=title", "download_url": "https://www.chanmama.com/awemeDetail/6852540459424713999", "digg_count": 3091, "digg_incr": 2055, "aweme_create_time": 1595481408, "category": 6, "volume": 11, "amount": 429}, "author": {"author_id": "64117239874", "nickname": "张小维", "follower_count": 35059}}, {"aweme": {"aweme_id": "6852503142710512909", "aweme_title": "新交的女朋友很可爱，很羞涩，舔糖的一瞬间心动了💓。马上带回家#情侶 #女朋友 #礼物 #手枪棒棒糖", "aweme_url": "https://www.iesdouyin.com/share/video/6852503142710512909/?region=CN&mid=6838518831309572872&u_code=3clj87i0jl6f&titleType=title", "download_url": "https://www.chanmama.com/awemeDetail/6852503142710512909", "digg_count": 2010, "digg_incr": 2027, "aweme_create_time": 1595472722, "category": 6, "volume": 33, "amount": 821.6999999999999}, "author": {"author_id": "3839125359692062", "nickname": "阿狸的百宝屋", "follower_count": 103181}}, {"aweme": {"aweme_id": "6852469831715900687", "aweme_title": "发现水也不能喝太多了，昨天下午我就爬了楼梯，小腿涨的难受，粗了快2cm#155 #减脂 #瘦腿 #趣你的夏天", "aweme_url": "https://www.iesdouyin.com/share/video/6852469831715900687/?region=CN&mid=6852469793791036168&u_code=0&titleType=title", "download_url": "https://www.chanmama.com/awemeDetail/6852469831715900687", "digg_count": 2577, "digg_incr": 1929, "aweme_create_time": 1595464966, "category": 6, "volume": 4, "amount": 96}, "author": {"author_id": "905588251569356", "nickname": "元气少女野", "follower_count": 163133}}, {"aweme": {"aweme_id": "6852624815942077696", "aweme_title": "@DOU+小助手 @抖音小助手", "aweme_url": "https://www.iesdouyin.com/share/video/6852624815942077696/?region=CN&mid=6852624836255058696&u_code=0&titleType=title", "download_url": "https://www.chanmama.com/awemeDetail/6852624815942077696", "digg_count": 5912, "digg_incr": 1897, "aweme_create_time": 1595501049, "category": 6, "volume": 331, "amount": 3276.9}, "author": {"author_id": "62235745471", "nickname": "熹金电子商务有限公司", "follower_count": 340869}}, {"aweme": {"aweme_id": "6852473830414273807", "aweme_title": "#肖战公仔 战战也在玩可爱的公仔呀。小飞侠标配嘿嘿#肖战 @肖战", "aweme_url": "https://www.iesdouyin.com/share/video/6852473830414273807/?region=CN&mid=6823988367525956359&u_code=0&titleType=title", "download_url": "https://www.chanmama.com/awemeDetail/6852473830414273807", "digg_count": 2206, "digg_incr": 1713, "aweme_create_time": 1595465896, "category": 6, "volume": 3, "amount": 119.69999999999999}, "author": {"author_id": "111017824976", "nickname": "肖战情报社", "follower_count": 210658}}, {"aweme": {"aweme_id": "6852351920284241160", "aweme_title": "什么是SCP？173的原型是谁？这期视频告诉你答案！ #scp  #涨知识", "aweme_url": "https://www.iesdouyin.com/share/video/6852351920284241160/?region=CN&mid=6852352461433342733&u_code=45a6gmj0h2h&titleType=title", "download_url": "https://www.chanmama.com/awemeDetail/6852351920284241160", "digg_count": 2574, "digg_incr": 1673, "aweme_create_time": 1595473200, "category": 6, "volume": 0, "amount": 0}, "author": {"author_id": "3003467736038584", "nickname": "一只学霸熊", "follower_count": 456730}}, {"aweme": {"aweme_id": "6852592147976310029", "aweme_title": "猜猜我是谁？#益智玩具 #拼图", "aweme_url": "https://www.iesdouyin.com/share/video/6852592147976310029/?region=CN&mid=6852592276548389640&u_code=0&titleType=title", "download_url": "https://www.chanmama.com/awemeDetail/6852592147976310029", "digg_count": 1670, "digg_incr": 1663, "aweme_create_time": 1595493467, "category": 6, "volume": 0, "amount": 0}, "author": {"author_id": "1209072236374100", "nickname": "橙子玩具屋(24小时不打烊）", "follower_count": 292393}}, {"aweme": {"aweme_id": "6852445033728052480", "aweme_title": "#过家家玩具 #过家家医疗玩具套装", "aweme_url": "https://www.iesdouyin.com/share/video/6852445033728052480/?region=CN&mid=6848147742921870087&u_code=0&titleType=title", "download_url": "https://www.chanmama.com/awemeDetail/6852445033728052480", "digg_count": 3380, "digg_incr": 1642, "aweme_create_time": 1595459194, "category": 6, "volume": 2, "amount": 118}, "author": {"author_id": "105097158013", "nickname": "清扬麻麻", "follower_count": 132192}}, {"aweme": {"aweme_id": "6852609132055284996", "aweme_title": "一定是我可爱的冒痘了  #充能计划 #lolita @DOU+小助手", "aweme_url": "https://www.iesdouyin.com/share/video/6852609132055284996/?region=CN&mid=6852609191644056334&u_code=0&titleType=title", "download_url": "https://www.chanmama.com/awemeDetail/6852609132055284996", "digg_count": 1747, "digg_incr": 1608, "aweme_create_time": 1595497403, "category": 6, "volume": 0, "amount": 0}, "author": {"author_id": "101852325851", "nickname": "董董一米六", "follower_count": 110313}}, {"aweme": {"aweme_id": "6852461899045539080", "aweme_title": "相信这款你们很多人喜欢 正在直播~", "aweme_url": "https://www.iesdouyin.com/share/video/6852461899045539080/?region=CN&mid=6852461936454454023&u_code=3ghh3le39k56&titleType=title", "download_url": "https://www.chanmama.com/awemeDetail/6852461899045539080", "digg_count": 1559, "digg_incr": 1565, "aweme_create_time": 1595463135, "category": 6, "volume": 0, "amount": 0}, "author": {"author_id": "96049627140", "nickname": "LH981482027", "follower_count": 193008}}, {"aweme": {"aweme_id": "6852420269047336192", "aweme_title": "前后两穿的单露肩雪纺上衣，荷叶边设计很有特色，搭配短裙洋气又好看，美美哒", "aweme_url": "https://www.iesdouyin.com/share/video/6852420269047336192/?region=CN&mid=6787309109906590475&u_code=0&titleType=title", "download_url": "https://www.chanmama.com/awemeDetail/6852420269047336192", "digg_count": 1543, "digg_incr": 1523, "aweme_create_time": 1595453442, "category": 6, "volume": 18, "amount": 865.5}, "author": {"author_id": "1662066375530312", "nickname": "吴小声女装", "follower_count": 541232}}, {"aweme": {"aweme_id": "6852603917218385166", "aweme_title": "解析灭霸黑曜五将之乌木喉：瞬发的意念移物，战斗时总能占得先机#复仇者联盟4 #漫威 #灭霸", "aweme_url": "https://www.iesdouyin.com/share/video/6852603917218385166/?region=CN&mid=6852603953651174151&u_code=0&titleType=title", "download_url": "https://www.chanmama.com/awemeDetail/6852603917218385166", "digg_count": 3228, "digg_incr": 1488, "aweme_create_time": 1595496184, "category": 6, "volume": 0, "amount": 0}, "author": {"author_id": "3544453920074119", "nickname": "星莱聊漫威", "follower_count": 157785}}, {"aweme": {"aweme_id": "6852508931055537423", "aweme_title": "#四景四害 #天官赐福 #裴茗 这是哪位宣姬心中的如意郎君？", "aweme_url": "https://www.iesdouyin.com/share/video/6852508931055537423/?region=CN&mid=6805112428414634764&u_code=0&titleType=title", "download_url": "https://www.chanmama.com/awemeDetail/6852508931055537423", "digg_count": 1896, "digg_incr": 1482, "aweme_create_time": 1595474074, "category": 6, "volume": 1, "amount": 100}, "author": {"author_id": "93498274358", "nickname": "桥姬古风", "follower_count": 100878}}, {"aweme": {"aweme_id": "6852346912947981575", "aweme_title": "新交的女朋友很可爱，很羞涩，舔糖的一瞬间心动了💓。马上带回家#情侶 #女朋友 #礼物 #手枪棒棒糖", "aweme_url": "https://www.iesdouyin.com/share/video/6852346912947981575/?region=CN&mid=6838518831309572872&u_code=34k6229h2k2d&titleType=title", "download_url": "https://www.chanmama.com/awemeDetail/6852346912947981575", "digg_count": 1426, "digg_incr": 1425, "aweme_create_time": 1595436358, "category": 6, "volume": 23, "amount": 572.6999999999999}, "author": {"author_id": "3839125359692062", "nickname": "阿狸的百宝屋", "follower_count": 103181}}, {"aweme": {"aweme_id": "6852505329998056719", "aweme_title": "@嗨鲜港傻帽【船长】发了一个抖音短视频，你尽管点开，不好看算我输！", "aweme_url": "https://www.iesdouyin.com/share/video/6852505329998056719/?region=CN&mid=6852505359811152648&u_code=0&titleType=", "download_url": "https://www.chanmama.com/awemeDetail/6852505329998056719", "digg_count": 1395, "digg_incr": 1395, "aweme_create_time": 1595473235, "category": 6, "volume": 2, "amount": 256}, "author": {"author_id": "237086171204223", "nickname": "嗨鲜港傻帽【船长】", "follower_count": 0}}, {"aweme": {"aweme_id": "6852591525499571464", "aweme_title": "成精啦鸭鸭篇#复读鸭 #宠物成精啦", "aweme_url": "https://www.iesdouyin.com/share/video/6852591525499571464/?region=CN&mid=6852591554503576328&u_code=45a6gmj0h2h&titleType=title", "download_url": "https://www.chanmama.com/awemeDetail/6852591525499571464", "digg_count": 3071, "digg_incr": 1384, "aweme_create_time": 1595493300, "category": 6, "volume": 2, "amount": 78}, "author": {"author_id": "58323966256", "nickname": "刘江", "follower_count": 346486}}, {"aweme": {"aweme_id": "6852525795521481984", "aweme_title": "宠粉豌豆来啦，每次看到这条裙子就想到许嵩的清明雨上，你们听过吗？", "aweme_url": "https://www.iesdouyin.com/share/video/6852525795521481984/?region=CN&mid=6839980402313120519&u_code=0&titleType=title", "download_url": "https://www.chanmama.com/awemeDetail/6852525795521481984", "digg_count": 1721, "digg_incr": 1369, "aweme_create_time": 1595477994, "category": 6, "volume": 4, "amount": 72}, "author": {"author_id": "65893862689", "nickname": "草莓味的豌豆苗", "follower_count": 124865}}, {"aweme": {"aweme_id": "6852620200844463372", "aweme_title": "很久没发王者的啦，今天来个蒙恬大将军的武器模型吧#王者#王者荣耀", "aweme_url": "https://www.iesdouyin.com/share/video/6852620200844463372/?region=CN&mid=6839964964359588615&u_code=0&titleType=title", "download_url": "https://www.chanmama.com/awemeDetail/6852620200844463372", "digg_count": 2208, "digg_incr": 1355, "aweme_create_time": 1595499979, "category": 6, "volume": 2, "amount": 40}, "author": {"author_id": "104437775945", "nickname": "雲晓漫", "follower_count": 182339}}, {"aweme": {"aweme_id": "6852572570965839116", "aweme_title": "养了一群小鸡，太可爱了，玩嗨了😂#双胞胎", "aweme_url": "https://www.iesdouyin.com/share/video/6852572570965839116/?region=CN&mid=6852201725340764936&u_code=0&titleType=title", "download_url": "https://www.chanmama.com/awemeDetail/6852572570965839116", "digg_count": 1570, "digg_incr": 1348, "aweme_create_time": 1595488894, "category": 6, "volume": 38, "amount": 376.2}, "author": {"author_id": "135960515590270", "nickname": "大航小昊", "follower_count": 770872}}, {"aweme": {"aweme_id": "6852573902820969732", "aweme_title": "乌龟🐢～“你要是愿意，我就永远存在。❤️#舞出斐凡妙想 @DOU+小助手 #乌龟", "aweme_url": "https://www.iesdouyin.com/share/video/6852573902820969732/?region=CN&mid=6852573932416355086&u_code=0&titleType=title", "download_url": "https://www.chanmama.com/awemeDetail/6852573902820969732", "digg_count": 1660, "digg_incr": 1335, "aweme_create_time": 1595489203, "category": 6, "volume": 0, "amount": 0}, "author": {"author_id": "60843503612", "nickname": "爱雪毛绒玩具", "follower_count": 490954}}, {"aweme": {"aweme_id": "6852630773925694733", "aweme_title": "这小黄鸭好好玩，我家宝贝可以玩一个星期！#抖音小助手 #热门 #你好火星", "aweme_url": "https://www.iesdouyin.com/share/video/6852630773925694733/?region=CN&mid=6598960798352018183&u_code=0&titleType=title", "download_url": "https://www.chanmama.com/awemeDetail/6852630773925694733", "digg_count": 1335, "digg_incr": 1329, "aweme_create_time": 1595502437, "category": 6, "volume": 0, "amount": 0}, "author": {"author_id": "4494399192709214", "nickname": "玩趣童鞋", "follower_count": 460577}}, {"aweme": {"aweme_id": "6852585504408456448", "aweme_title": "只要胆子够大，就没有撩不到的妞🧐#礼物 #甜甜的恋爱", "aweme_url": "https://www.iesdouyin.com/share/video/6852585504408456448/?region=CN&mid=6838518831309572872&u_code=0&titleType=title", "download_url": "https://www.chanmama.com/awemeDetail/6852585504408456448", "digg_count": 1375, "digg_incr": 1325, "aweme_create_time": 1595491897, "category": 6, "volume": 25, "amount": 652.5}, "author": {"author_id": "2576908635085296", "nickname": "猫仙人💕", "follower_count": 8113}}, {"aweme": {"aweme_id": "6852480787833490700", "aweme_title": "爸爸买的七星瓢虫🐞#玩具 太可爱了 红外线感应的 一靠近就会跑 可以锻炼宝宝反应能力 安全材质 爷俩玩的超嗨", "aweme_url": "https://www.iesdouyin.com/share/video/6852480787833490700/?region=CN&mid=6850762524476984077&u_code=0&titleType=title", "download_url": "https://www.chanmama.com/awemeDetail/6852480787833490700", "digg_count": 1770, "digg_incr": 1316, "aweme_create_time": 1595467527, "category": 6, "volume": 6, "amount": 173.39999999999998}, "author": {"author_id": "96688935806", "nickname": "青岛小开心💖", "follower_count": 116082}}, {"aweme": {"aweme_id": "6852548317671329035", "aweme_title": "宝宝的第一口面，番茄🍅鸡蛋碎碎面✅今天吃小米山药味面，最后加入虾皮芝麻粉和鳕鱼肉松。营养美味还能锻炼咀嚼💕", "aweme_url": "https://www.iesdouyin.com/share/video/6852548317671329035/?region=CN&mid=6835462176011062023&u_code=0&titleType=title", "download_url": "https://www.chanmama.com/awemeDetail/6852548317671329035", "digg_count": 1446, "digg_incr": 1315, "aweme_create_time": 1595483246, "category": 6, "volume": 6, "amount": 203.39999999999998}, "author": {"author_id": "59432012681", "nickname": "汤圆妈妈", "follower_count": 97294}}, {"aweme": {"aweme_id": "6852494542852164879", "aweme_title": "怎么生了这么不懂事的女儿，这种事情能不能小声点！#孕妇 #时尚孕妇装 #穿搭 #孕期 #孕孕孕", "aweme_url": "https://www.iesdouyin.com/share/video/6852494542852164879/?region=CN&mid=6852494535709281038&u_code=0&titleType=title", "download_url": "https://www.chanmama.com/awemeDetail/6852494542852164879", "digg_count": 1722, "digg_incr": 1309, "aweme_create_time": 1595470718, "category": 6, "volume": 0, "amount": 0}, "author": {"author_id": "2598887917629453", "nickname": "大肚皮辣妈", "follower_count": 208415}}, {"aweme": {"aweme_id": "6852518068401245451", "aweme_title": "你的青春回来了嘛 #海贼王  #路飞  #索隆  #充能计划  @DOU+小助手", "aweme_url": "https://www.iesdouyin.com/share/video/6852518068401245451/?region=CN&mid=6852518254372866830&u_code=0&titleType=title", "download_url": "https://www.chanmama.com/awemeDetail/6852518068401245451", "digg_count": 1734, "digg_incr": 1299, "aweme_create_time": 1595476235, "category": 6, "volume": 0, "amount": 0}, "author": {"author_id": "70103009401", "nickname": "剪影侠（高清漫剪）", "follower_count": 123005}}, {"aweme": {"aweme_id": "6852624326647123200", "aweme_title": "32步酒醉的蝴蝶背面演示💕💕💕", "aweme_url": "https://www.iesdouyin.com/share/video/6852624326647123200/?region=CN&mid=6852624742432639758&u_code=0&titleType=title", "download_url": "https://www.chanmama.com/awemeDetail/6852624326647123200", "digg_count": 1528, "digg_incr": 1255, "aweme_create_time": 1595500998, "category": 6, "volume": 0, "amount": 0}, "author": {"author_id": "4503615901934184", "nickname": "闫帅和丸子头", "follower_count": 516659}}, {"aweme": {"aweme_id": "6852524922393185551", "aweme_title": "“以后女儿的小名就叫慢慢吧 慢慢长大 慢慢生活 慢慢恋爱 慢慢爱你” #喝彩变身 #少女心", "aweme_url": "https://www.iesdouyin.com/share/video/6852524922393185551/?region=CN&mid=6852524928655198984&u_code=0&titleType=title", "download_url": "https://www.chanmama.com/awemeDetail/6852524922393185551", "digg_count": 1603, "digg_incr": 1241, "aweme_create_time": 1595477791, "category": 6, "volume": 4, "amount": 99.2}, "author": {"author_id": "1587314341196899", "nickname": "玩具达人钰儿", "follower_count": 718917}}, {"aweme": {"aweme_id": "6852487748767550733", "aweme_title": "神武魔法 露西#迷你特工队 #动漫剪辑 #露西 #玩具", "aweme_url": "https://www.iesdouyin.com/share/video/6852487748767550733/?region=CN&mid=6852487743085906695&u_code=3kdem62f4b3i&titleType=title", "download_url": "https://www.chanmama.com/awemeDetail/6852487748767550733", "digg_count": 1529, "digg_incr": 1210, "aweme_create_time": 1595469138, "category": 6, "volume": 0, "amount": 0}, "author": {"author_id": "1129934350728932", "nickname": "圣际星缘", "follower_count": 482983}}, {"aweme": {"aweme_id": "6852513719910501632", "aweme_title": "今日份精致猪猪🐷女孩你爱吗？据说走路时蝴蝶🦋会翩翩起舞哦🤩 #骗你生女儿 #童鞋", "aweme_url": "https://www.iesdouyin.com/share/video/6852513719910501632/?region=CN&mid=6598174793776761607&u_code=0&titleType=title", "download_url": "https://www.chanmama.com/awemeDetail/6852513719910501632", "digg_count": 1381, "digg_incr": 1176, "aweme_create_time": 1595475183, "category": 6, "volume": 13, "amount": 648.6999999999999}, "author": {"author_id": "101381933056", "nickname": "萌萌哒小柚子", "follower_count": 199375}}, {"aweme": {"aweme_id": "6852614047121132814", "aweme_title": "#宝宝不能吃#零食？嘿嘿，那可不一定！#儿童#饮食#健康 #育儿 @抖音小助手", "aweme_url": "https://www.iesdouyin.com/share/video/6852614047121132814/?region=CN&mid=6852614096715270919&u_code=0&titleType=title", "download_url": "https://www.chanmama.com/awemeDetail/6852614047121132814", "digg_count": 3045, "digg_incr": 1168, "aweme_create_time": 1595498552, "category": 6, "volume": 0, "amount": 0}, "author": {"author_id": "3825915437782979", "nickname": "盒子爸爸", "follower_count": 761374}}, {"aweme": {"aweme_id": "6852617681560931595", "aweme_title": "新款双网飞织运动鞋，你一定没穿这双去踩泥浆玩过吧🤓！！#秋季新款", "aweme_url": "https://www.iesdouyin.com/share/video/6852617681560931595/?region=CN&mid=6852617719037709069&u_code=0&titleType=title", "download_url": "https://www.chanmama.com/awemeDetail/6852617681560931595", "digg_count": 1301, "digg_incr": 1161, "aweme_create_time": 1595499393, "category": 6, "volume": 6, "amount": 389.40000000000003}, "author": {"author_id": "75446941132", "nickname": "贝贝聪.童鞋优选", "follower_count": 516550}}, {"aweme": {"aweme_id": "6852493981046033679", "aweme_title": "花三九给汐汐安排了美人鱼🧜‍♀️浴巾，洗完澡穿上就被她爸玩坏了，浴巾柔软吸水多种卡通图案，出门还能当斗篷，值", "aweme_url": "https://www.iesdouyin.com/share/video/6852493981046033679/?region=CN&mid=6820863260108098318&u_code=0&titleType=title", "download_url": "https://www.chanmama.com/awemeDetail/6852493981046033679", "digg_count": 1208, "digg_incr": 1154, "aweme_create_time": 1595470587, "category": 6, "volume": 66, "amount": 2633.4}, "author": {"author_id": "95450477535", "nickname": "汐嘻贝比", "follower_count": 211476}}, {"aweme": {"aweme_id": "6852557004653759744", "aweme_title": "@嗨鲜港傻帽【船长】发了一个抖音短视频，你尽管点开，不好看算我输！", "aweme_url": "https://www.iesdouyin.com/share/video/6852557004653759744/?region=CN&mid=6852557006031227656&u_code=4ah9m0ed70ia&titleType=", "download_url": "https://www.chanmama.com/awemeDetail/6852557004653759744", "digg_count": 1110, "digg_incr": 1110, "aweme_create_time": 1595485261, "category": 6, "volume": 1, "amount": 128}, "author": {"author_id": "237086171204223", "nickname": "嗨鲜港傻帽【船长】", "follower_count": 0}}, {"aweme": {"aweme_id": "6852542975386389775", "aweme_title": "你想要一只能学你说话的鸭子吗？￼￼￼#电商 #买家秀", "aweme_url": "https://www.iesdouyin.com/share/video/6852542975386389775/?region=CN&mid=6852542986161539853&u_code=2ic8kh2b215a&titleType=title", "download_url": "https://www.chanmama.com/awemeDetail/6852542975386389775", "digg_count": 1087, "digg_incr": 1044, "aweme_create_time": 1595481994, "category": 6, "volume": 0, "amount": 0}, "author": {"author_id": "100406677421", "nickname": "奇葩买家秀 原追风少年", "follower_count": 351562}}, {"aweme": {"aweme_id": "6852509266062953741", "aweme_title": "老公给胖吴买了一群小鸡，可把他乐坏了😂从早上玩到中午，真正解放了我的双手！#母婴 #玩具", "aweme_url": "https://www.iesdouyin.com/share/video/6852509266062953741/?region=CN&mid=6559081971689982727&u_code=2ic8kh2b215a&titleType=title", "download_url": "https://www.chanmama.com/awemeDetail/6852509266062953741", "digg_count": 1145, "digg_incr": 1010, "aweme_create_time": 1595474148, "category": 6, "volume": 62, "amount": 613.8000000000001}, "author": {"author_id": "76789689989", "nickname": "小小吴", "follower_count": 897581}}, {"aweme": {"aweme_id": "6852642721299959055", "aweme_title": "不用受插座的束缚，随时带出门的驱蚊器，太喜欢了，带孩子出去以后靠他了#驱蚊 #新品", "aweme_url": "https://www.iesdouyin.com/share/video/6852642721299959055/?region=CN&mid=6852642750014180110&u_code=0&titleType=title", "download_url": "https://www.chanmama.com/awemeDetail/6852642721299959055", "digg_count": 2045, "digg_incr": 1009, "aweme_create_time": 1595505218, "category": 6, "volume": 27, "amount": 537.3}, "author": {"author_id": "64639536588", "nickname": "种草丛", "follower_count": 401320}}, {"aweme": {"aweme_id": "6852548788763053315", "aweme_title": "赶快来，M完无货的公主裙，直播间夏款宋浮力啦#抖音小助手 #你好火星 #线上童装 #宝宝 #童装直播", "aweme_url": "https://www.iesdouyin.com/share/video/6852548788763053315/?region=CN&mid=6582511434817768195&u_code=42621ba066mh&titleType=title", "download_url": "https://www.chanmama.com/awemeDetail/6852548788763053315", "digg_count": 1134, "digg_incr": 987, "aweme_create_time": 1595483357, "category": 6, "volume": 2, "amount": 98}, "author": {"author_id": "61154921375", "nickname": "图图小象服饰（每天中午10点开播）", "follower_count": 229274}}, {"aweme": {"aweme_id": "6851758037498203400", "aweme_title": "今天的蓝色系列，我是真的爱了啊 #asmr  #声控吃播  #催眠减压", "aweme_url": "https://www.iesdouyin.com/share/video/6851758037498203400/?region=CN&mid=6851758099435473677&u_code=0&titleType=title", "download_url": "https://www.chanmama.com/awemeDetail/6851758037498203400", "digg_count": 12393, "digg_incr": 955, "aweme_create_time": 1595475000, "category": 6, "volume": 0, "amount": 0}, "author": {"author_id": "4195357084097981", "nickname": "深夜恬小姐", "follower_count": 204498}}, {"aweme": {"aweme_id": "6852587375453834511", "aweme_title": "一岁以后就要养成刷牙的好习惯，可以选择宽手柄好抓握，刷毛很软，5.9到👋两支换着用！", "aweme_url": "https://www.iesdouyin.com/share/video/6852587375453834511/?region=CN&mid=6835840383335811848&u_code=0&titleType=title", "download_url": "https://www.chanmama.com/awemeDetail/6852587375453834511", "digg_count": 1174, "digg_incr": 941, "aweme_create_time": 1595492332, "category": 6, "volume": 11, "amount": 64.9}, "author": {"author_id": "111046448144", "nickname": "大婷子👭👭", "follower_count": 272844}}, {"aweme": {"aweme_id": "6852621128809123075", "aweme_title": "以假乱真的诺亚SP卡 ？咔哥地狱开箱测评盗版荣耀卡！ #奥特曼 #奥特曼卡片", "aweme_url": "https://www.iesdouyin.com/share/video/6852621128809123075/?region=CN&mid=6852621741013994248&u_code=0&titleType=title", "download_url": "https://www.chanmama.com/awemeDetail/6852621128809123075", "digg_count": 1283, "digg_incr": 899, "aweme_create_time": 1595500305, "category": 6, "volume": 0, "amount": 0}, "author": {"author_id": "496600021478248", "nickname": "奥特曼卡片咔哥", "follower_count": 141761}}, {"aweme": {"aweme_id": "6852624618570747136", "aweme_title": "筷子用的挺溜啊😁😁😁", "aweme_url": "https://www.iesdouyin.com/share/video/6852624618570747136/?region=CN&mid=6540262768506112775&u_code=0&titleType=title", "download_url": "https://www.chanmama.com/awemeDetail/6852624618570747136", "digg_count": 1239, "digg_incr": 889, "aweme_create_time": 1595501023, "category": 6, "volume": 0, "amount": 0}, "author": {"author_id": "4503615901934184", "nickname": "闫帅和丸子头", "follower_count": 516659}}, {"aweme": {"aweme_id": "6852606563870461191", "aweme_title": "当你被咬时才想拍蚊子，不如一开始就不让蚊子咬 #生活小妙招  #驱蚊", "aweme_url": "https://www.iesdouyin.com/share/video/6852606563870461191/?region=CN&mid=6852606672519678728&u_code=0&titleType=title", "download_url": "https://www.chanmama.com/awemeDetail/6852606563870461191", "digg_count": 1035, "digg_incr": 889, "aweme_create_time": 1595496820, "category": 6, "volume": 0, "amount": 0}, "author": {"author_id": "2999062991215902", "nickname": "妙招小生活", "follower_count": 620805}}, {"aweme": {"aweme_id": "6852489675169369359", "aweme_title": "谁发明的这个下蛋鸡😂我家格格玩一上午了 忙的停不下来 一直在捡鸡蛋 还笑的那么开心 省心又省力 都不用我管了", "aweme_url": "https://www.iesdouyin.com/share/video/6852489675169369359/?region=CN&mid=6852201725340764936&u_code=0&titleType=title", "download_url": "https://www.chanmama.com/awemeDetail/6852489675169369359", "digg_count": 1470, "digg_incr": 889, "aweme_create_time": 1595469585, "category": 6, "volume": 4, "amount": 147.6}, "author": {"author_id": "65216032344", "nickname": "🌸小可爱格格宝贝", "follower_count": 290377}}, {"aweme": {"aweme_id": "6852567262763683085", "aweme_title": "泡泡机又来了……#抖音小助手 #好物推荐 #好物分享", "aweme_url": "https://www.iesdouyin.com/share/video/6852567262763683085/?region=CN&mid=6852567298939620109&u_code=0&titleType=title", "download_url": "https://www.chanmama.com/awemeDetail/6852567262763683085", "digg_count": 1022, "digg_incr": 878, "aweme_create_time": 1595487651, "category": 6, "volume": 0, "amount": 0}, "author": {"author_id": "60628509686", "nickname": "小紫珊Baby", "follower_count": 144436}}, {"aweme": {"aweme_id": "6852652592053505280", "aweme_title": "老婆我想你了，要老婆的抱抱，发给你的老婆哦#热门 @DOU+小助手 @抖音小助手 #毛绒玩具 #礼物", "aweme_url": "https://www.iesdouyin.com/share/video/6852652592053505280/?region=CN&mid=6630180630002928398&u_code=0&titleType=title", "download_url": "https://www.chanmama.com/awemeDetail/6852652592053505280", "digg_count": 1078, "digg_incr": 846, "aweme_create_time": 1595507520, "category": 6, "volume": 1, "amount": 39}, "author": {"author_id": "59200171449", "nickname": "保定菲菲毛绒玩具", "follower_count": 198082}}, {"aweme": {"aweme_id": "6852514519441313037", "aweme_title": "#婴儿衣服搭配 宋 围嘴的，纯棉无骨缝合的长袖连体@DOU+小助手 @抖音小助手", "aweme_url": "https://www.iesdouyin.com/share/video/6852514519441313037/?region=CN&mid=6703409152053480193&u_code=0&titleType=title", "download_url": "https://www.chanmama.com/awemeDetail/6852514519441313037", "digg_count": 1104, "digg_incr": 812, "aweme_create_time": 1595475371, "category": 6, "volume": 77, "amount": 2533.2999999999997}, "author": {"author_id": "62678493287", "nickname": "咖啦熊婴幼儿服饰", "follower_count": 230013}}, {"aweme": {"aweme_id": "6852629093658283264", "aweme_title": "一岁以上，在家长陪伴下，孩子可以进行适量运动，有助于健康成长@抖音小助手 #家有萌娃#亲子#运动", "aweme_url": "https://www.iesdouyin.com/share/video/6852629093658283264/?region=CN&mid=6740929785205096456&u_code=0&titleType=title", "download_url": "https://www.chanmama.com/awemeDetail/6852629093658283264", "digg_count": 1240, "digg_incr": 797, "aweme_create_time": 1595502045, "category": 6, "volume": 0, "amount": 0}, "author": {"author_id": "259080748536557", "nickname": "园长妈妈", "follower_count": 884663}}, {"aweme": {"aweme_id": "6852462951694126343", "aweme_title": "#劳斯莱斯 #劳斯莱斯幻影 龙版-中国特供版 霸气外露#汽车模型", "aweme_url": "https://www.iesdouyin.com/share/video/6852462951694126343/?region=CN&mid=6852462918135892744&u_code=0&titleType=title", "download_url": "https://www.chanmama.com/awemeDetail/6852462951694126343", "digg_count": 1003, "digg_incr": 743, "aweme_create_time": 1595463366, "category": 6, "volume": 0, "amount": 0}, "author": {"author_id": "97199539440", "nickname": "环网立迅科技有限公司", "follower_count": 185966}}, {"aweme": {"aweme_id": "6852622981181590784", "aweme_title": "32步酒醉的蝴蝶背面分解教程💕💕", "aweme_url": "https://www.iesdouyin.com/share/video/6852622981181590784/?region=CN&mid=6852626772037012238&u_code=0&titleType=title", "download_url": "https://www.chanmama.com/awemeDetail/6852622981181590784", "digg_count": 1439, "digg_incr": 697, "aweme_create_time": 1595500645, "category": 6, "volume": 0, "amount": 0}, "author": {"author_id": "4503615901934184", "nickname": "闫帅和丸子头", "follower_count": 516659}}, {"aweme": {"aweme_id": "6852627317395688719", "aweme_title": "家里的新成员💛 #为爱铸起后座堡垒 #阿布纳安全座椅", "aweme_url": "https://www.iesdouyin.com/share/video/6852627317395688719/?region=CN&mid=6852627336492256013&u_code=0&titleType=title", "download_url": "https://www.chanmama.com/awemeDetail/6852627317395688719", "digg_count": 1133, "digg_incr": 685, "aweme_create_time": 1595501631, "category": 6, "volume": 0, "amount": 0}, "author": {"author_id": "74776159422", "nickname": "Demon大王", "follower_count": 256875}}, {"aweme": {"aweme_id": "6852627582928620800", "aweme_title": "只有你买不到  没有做不到#超轻粘土 #粘土教程 #盲盒 #手工", "aweme_url": "https://www.iesdouyin.com/share/video/6852627582928620800/?region=CN&mid=6844334533181966350&u_code=0&titleType=title", "download_url": "https://www.chanmama.com/awemeDetail/6852627582928620800", "digg_count": 1004, "digg_incr": 659, "aweme_create_time": 1595501693, "category": 6, "volume": 0, "amount": 0}, "author": {"author_id": "3240994264058712", "nickname": "阳阿姨（双号晚8点直播）", "follower_count": 255357}}, {"aweme": {"aweme_id": "6852480981144718592", "aweme_title": "宝宝4个半月就可以添加辅食，第一口水果建议苹果泥，每天吃苹果，医生远离我，话说这#果泥勺 真好用，刮的好细腻", "aweme_url": "https://www.iesdouyin.com/share/video/6852480981144718592/?region=CN&mid=6852480959007230734&u_code=45a6gmj0h2h&titleType=title", "download_url": "https://www.chanmama.com/awemeDetail/6852480981144718592", "digg_count": 4355, "digg_incr": 657, "aweme_create_time": 1595467561, "category": 6, "volume": 7, "amount": 69.3}, "author": {"author_id": "97441253232", "nickname": "王小本妈咪", "follower_count": 14547}}, {"aweme": {"aweme_id": "6852503112998030607", "aweme_title": "穿上感觉宛若无物的Ubras内衣，舒服到没朋友～#好物推荐 @DOU+小助手", "aweme_url": "https://www.iesdouyin.com/share/video/6852503112998030607/?region=CN&mid=6852503124474006286&u_code=0&titleType=title", "download_url": "https://www.chanmama.com/awemeDetail/6852503112998030607", "digg_count": 1067, "digg_incr": 622, "aweme_create_time": 1595472713, "category": 6, "volume": 50, "amount": 4950}, "author": {"author_id": "106523677263", "nickname": "安安妈妈", "follower_count": 313246}}, {"aweme": {"aweme_id": "6852435911360204040", "aweme_title": "#爆款 #揭秘 #大码女装 来给你们安排一下", "aweme_url": "https://www.iesdouyin.com/share/video/6852435911360204040/?region=CN&mid=6852435819928570632&u_code=0&titleType=title", "download_url": "https://www.chanmama.com/awemeDetail/6852435911360204040", "digg_count": 1307, "digg_incr": 553, "aweme_create_time": 1595457078, "category": 6, "volume": 27, "amount": 513}, "author": {"author_id": "73893185143", "nickname": "展赫家大码女装", "follower_count": 156141}}]}