{"data": [{"aweme": {"aweme_id": "6852607085968887054", "aweme_title": "大锅煮制肉肠，鲜香气味铺满房间，想完美复制一份草原肉肠的美味吗？赶紧来看看吧", "aweme_url": "https://www.iesdouyin.com/share/video/6852607085968887054/?region=CN&mid=6852607189300824840&u_code=3mgb4ei02clc&titleType=title", "download_url": "https://www.chanmama.com/awemeDetail/6852607085968887054", "digg_count": 276860, "digg_incr": 228529, "aweme_create_time": 1595496941, "category": 7, "volume": 0, "amount": 0}, "author": {"author_id": "59741268293", "nickname": "蒙古大妞", "follower_count": 256400}}, {"aweme": {"aweme_id": "6852479035377798413", "aweme_title": "【Nino's Home】马苏里拉奶酪热狗 #美食  #烘焙  #拉丝热狗棒", "aweme_url": "https://www.iesdouyin.com/share/video/6852479035377798413/?region=CN&mid=6852479145016904455&u_code=45a6gmj0h2h&titleType=title", "download_url": "https://www.chanmama.com/awemeDetail/6852479035377798413", "digg_count": 184613, "digg_incr": 148209, "aweme_create_time": 1595467133, "category": 7, "volume": 64, "amount": 1587.2}, "author": {"author_id": "2686836037389325", "nickname": "烟台六弄私藏美食", "follower_count": 395401}}, {"aweme": {"aweme_id": "6852505899362209031", "aweme_title": "吃黄灿灿的面条", "aweme_url": "https://www.iesdouyin.com/share/video/6852505899362209031/?region=CN&mid=6852505913849629453&u_code=37jee62h06km&titleType=title", "download_url": "https://www.chanmama.com/awemeDetail/6852505899362209031", "digg_count": 56453, "digg_incr": 52959, "aweme_create_time": 1595473363, "category": 7, "volume": 1381, "amount": 48058.799999999996}, "author": {"author_id": "104958503756", "nickname": "王赫", "follower_count": 695641}}, {"aweme": {"aweme_id": "6852568833694125327", "aweme_title": "#你好火星 #趣你的夏天 #我的高光一刻 #趣游季 #糖果", "aweme_url": "https://www.iesdouyin.com/share/video/6852568833694125327/?region=CN&mid=6852568872944880398&u_code=1hh9hl53mhcf&titleType=title", "download_url": "https://www.chanmama.com/awemeDetail/6852568833694125327", "digg_count": 96374, "digg_incr": 36995, "aweme_create_time": 1595488021, "category": 7, "volume": 52, "amount": 1976}, "author": {"author_id": "2612059918578224", "nickname": "赣榆区海头镇王程玲海鲜经营部", "follower_count": 396392}}, {"aweme": {"aweme_id": "6852488728699587855", "aweme_title": "这一年多来，我不敢休息，因为责任，每天为自己加油，和自己说一句所有的困难的不是困难，继续向前冲", "aweme_url": "https://www.iesdouyin.com/share/video/6852488728699587855/?region=CN&mid=6724171289642306318&u_code=0&titleType=title", "download_url": "https://www.chanmama.com/awemeDetail/6852488728699587855", "digg_count": 33705, "digg_incr": 29544, "aweme_create_time": 1595469364, "category": 7, "volume": 264, "amount": 12144}, "author": {"author_id": "99427627578", "nickname": "施诗", "follower_count": 167555}}, {"aweme": {"aweme_id": "6852539836264402183", "aweme_title": "就这一小片压缩海带，泡这一大盘，如果你一口吃得完，算我输！#青菜拼车拼拼拼 #全民dou爱吃", "aweme_url": "https://www.iesdouyin.com/share/video/6852539836264402183/?region=CN&mid=6852539838206397197&u_code=0&titleType=title", "download_url": "https://www.chanmama.com/awemeDetail/6852539836264402183", "digg_count": 25042, "digg_incr": 21783, "aweme_create_time": 1595481265, "category": 7, "volume": 150, "amount": 3735}, "author": {"author_id": "3575267387259444", "nickname": "金庆海鲜产地直发", "follower_count": 576189}}, {"aweme": {"aweme_id": "6852519183662566669", "aweme_title": "一起卷大煎饼吃", "aweme_url": "https://www.iesdouyin.com/share/video/6852519183662566669/?region=CN&mid=6852519200846646030&u_code=3ghh3kbgkj6b&titleType=title", "download_url": "https://www.chanmama.com/awemeDetail/6852519183662566669", "digg_count": 17530, "digg_incr": 15823, "aweme_create_time": 1595476456, "category": 7, "volume": 31, "amount": 1085}, "author": {"author_id": "104958503756", "nickname": "王赫", "follower_count": 695641}}, {"aweme": {"aweme_id": "6852611372988140814", "aweme_title": "爱喝牛奶的宝宝们快点看过来，我知道你们想要这种。。。", "aweme_url": "https://www.iesdouyin.com/share/video/6852611372988140814/?region=CN&mid=6852611399689030408&u_code=0&titleType=title", "download_url": "https://www.chanmama.com/awemeDetail/6852611372988140814", "digg_count": 28330, "digg_incr": 13713, "aweme_create_time": 1595497920, "category": 7, "volume": 694, "amount": 15122.26}, "author": {"author_id": "3777537856776829", "nickname": "裙裙的低卡日记", "follower_count": 17924}}, {"aweme": {"aweme_id": "6852530301936209167", "aweme_title": "#你好火星 #喝彩变身 #青菜拼车拼拼拼 #我的高光一刻", "aweme_url": "https://www.iesdouyin.com/share/video/6852530301936209167/?region=CN&mid=6852530302632463118&u_code=45a6gmj0h2h&titleType=title", "download_url": "https://www.chanmama.com/awemeDetail/6852530301936209167", "digg_count": 15673, "digg_incr": 13123, "aweme_create_time": 1595479044, "category": 7, "volume": 1, "amount": 56}, "author": {"author_id": "2612059918578224", "nickname": "赣榆区海头镇王程玲海鲜经营部", "follower_count": 396392}}, {"aweme": {"aweme_id": "6851876131251981582", "aweme_title": "今天早餐给这歪果仁安排个榴莲，哈哈……", "aweme_url": "https://www.iesdouyin.com/share/video/6851876131251981582/?region=CN&mid=6851876164441623309&u_code=45a6gmj0h2h&titleType=title", "download_url": "https://www.chanmama.com/awemeDetail/6851876131251981582", "digg_count": 13997, "digg_incr": 10834, "aweme_create_time": 1595503680, "category": 7, "volume": 5, "amount": 273.5}, "author": {"author_id": "62501232963", "nickname": "小核桃", "follower_count": 991443}}, {"aweme": {"aweme_id": "6852486586345606407", "aweme_title": "今天名媛牛女士在线解答：#蜂蜜 专题。#蒙面小熊天然进口纯蜂蜜", "aweme_url": "https://www.iesdouyin.com/share/video/6852486586345606407/?region=CN&mid=6852486586278365966&u_code=45a6gmj0h2h&titleType=title", "download_url": "https://www.chanmama.com/awemeDetail/6852486586345606407", "digg_count": 14685, "digg_incr": 10818, "aweme_create_time": 1595475060, "category": 7, "volume": 45, "amount": 3555}, "author": {"author_id": "962818437292126", "nickname": "牛奶奶", "follower_count": 696171}}, {"aweme": {"aweme_id": "6852556523206429966", "aweme_title": "有丽丽这样的室友真好啊！#美食趣胃计划  @抖音美食", "aweme_url": "https://www.iesdouyin.com/share/video/6852556523206429966/?region=CN&mid=6852556628978731790&u_code=0&titleType=title", "download_url": "https://www.chanmama.com/awemeDetail/6852556523206429966", "digg_count": 16573, "digg_incr": 10291, "aweme_create_time": 1595492626, "category": 7, "volume": 3, "amount": 133.8}, "author": {"author_id": "1499365378631607", "nickname": "下铺刘三好", "follower_count": 863692}}, {"aweme": {"aweme_id": "6852568345208769806", "aweme_title": "天气热吃不下饭，试试这些下饭菜吧。 #农村美食  #家乡美食", "aweme_url": "https://www.iesdouyin.com/share/video/6852568345208769806/?region=CN&mid=6852568455561153288&u_code=0&titleType=title", "download_url": "https://www.chanmama.com/awemeDetail/6852568345208769806", "digg_count": 10855, "digg_incr": 10012, "aweme_create_time": 1595487924, "category": 7, "volume": 50, "amount": 1972.9999999999998}, "author": {"author_id": "3830325638332775", "nickname": "益阳恰香妹特产商行", "follower_count": 576250}}, {"aweme": {"aweme_id": "6852341985588661518", "aweme_title": "100块钱的麻辣香锅，搞起！麻辣香锅神仙好吃但是……还好我有居家必备小清新👏🏻   #吃播", "aweme_url": "https://www.iesdouyin.com/share/video/6852341985588661518/?region=CN&mid=6852341980962261774&u_code=0&titleType=title", "download_url": "https://www.chanmama.com/awemeDetail/6852341985588661518", "digg_count": 12240, "digg_incr": 9873, "aweme_create_time": 1595500200, "category": 7, "volume": 6, "amount": 179.39999999999998}, "author": {"author_id": "104756264313", "nickname": "吃不饱的晴子啊", "follower_count": 914215}}, {"aweme": {"aweme_id": "6852596711475465486", "aweme_title": "阿姨 我们家里还有20万斤的石榴成熟了，昨天卖了2千斤，还剩下18万斤。如果你喜欢吃来一箱#乘风破浪的好物", "aweme_url": "https://www.iesdouyin.com/share/video/6852596711475465486/?region=CN&mid=6808831824945597195&u_code=3ghh3kbgkj6b&titleType=title", "download_url": "https://www.chanmama.com/awemeDetail/6852596711475465486", "digg_count": 9411, "digg_incr": 9358, "aweme_create_time": 1595494507, "category": 7, "volume": 56, "amount": 1394.3999999999999}, "author": {"author_id": "3830344495138171", "nickname": "千果一品鲜农场", "follower_count": 286726}}, {"aweme": {"aweme_id": "6852602790607424782", "aweme_title": "海鲜丸子汤，简单又营养 #美食趣胃计划", "aweme_url": "https://www.iesdouyin.com/share/video/6852602790607424782/?region=CN&mid=6852602909239757581&u_code=0&titleType=title", "download_url": "https://www.chanmama.com/awemeDetail/6852602790607424782", "digg_count": 11478, "digg_incr": 9326, "aweme_create_time": 1595495941, "category": 7, "volume": 15, "amount": 885}, "author": {"author_id": "1890767973132247", "nickname": "海鲜生大成海产品", "follower_count": 159468}}, {"aweme": {"aweme_id": "6852609152317951244", "aweme_title": "老公得病6个月来，生活不易，包子配萝卜干香脆可口，摆地摊分享家乡特产，给老公挣点医药费刷到的您愿意为我点亮红心", "aweme_url": "https://www.iesdouyin.com/share/video/6852609152317951244/?region=CN&mid=6838417654884289288&u_code=107m7bg5i135&titleType=title", "download_url": "https://www.chanmama.com/awemeDetail/6852609152317951244", "digg_count": 10672, "digg_incr": 9172, "aweme_create_time": 1595497407, "category": 7, "volume": 3, "amount": 75}, "author": {"author_id": "2229451096860440", "nickname": "坚强的益香", "follower_count": 341853}}, {"aweme": {"aweme_id": "6852632643117370639", "aweme_title": "家里没几个水杯，还真镇不住这直男老公#超大水杯 @DOU+小助手", "aweme_url": "https://www.iesdouyin.com/share/video/6852632643117370639/?region=CN&mid=6852632664239819528&u_code=0&titleType=title", "download_url": "https://www.chanmama.com/awemeDetail/6852632643117370639", "digg_count": 8461, "digg_incr": 8305, "aweme_create_time": 1595502871, "category": 7, "volume": 977, "amount": 29212.3}, "author": {"author_id": "78149423586", "nickname": "和谐三妹严选好物（杯子全力发货中）", "follower_count": 270274}}, {"aweme": {"aweme_id": "6852621891417558286", "aweme_title": "汗水，是男人最好的保养品！#专业健身联盟 #花式俯卧撑", "aweme_url": "https://www.iesdouyin.com/share/video/6852621891417558286/?region=CN&mid=6839898602194635527&u_code=45a6gmj0h2h&titleType=title", "download_url": "https://www.chanmama.com/awemeDetail/6852621891417558286", "digg_count": 8105, "digg_incr": 7854, "aweme_create_time": 1595500369, "category": 7, "volume": 0, "amount": 0}, "author": {"author_id": "67373425447", "nickname": "雷音入象", "follower_count": 435263}}, {"aweme": {"aweme_id": "6852619807892720908", "aweme_title": "帮粉丝圆梦是种什么样的体验，你有什么愿望快来告诉我吧！#实力宠粉#花miao鲜花饼@抖音小助手", "aweme_url": "https://www.iesdouyin.com/share/video/6852619807892720908/?region=CN&mid=6852619856706030350&u_code=45a6gmj0h2h&titleType=title", "download_url": "https://www.chanmama.com/awemeDetail/6852619807892720908", "digg_count": 8863, "digg_incr": 6830, "aweme_create_time": 1595499888, "category": 7, "volume": 0, "amount": 0}, "author": {"author_id": "93389315874", "nickname": "极品吃货叮叮猫", "follower_count": 777869}}, {"aweme": {"aweme_id": "6852521344614157583", "aweme_title": "答应我，好好吃饭，一个人也要过的有仪式感#美食推荐官 #天外来物", "aweme_url": "https://www.iesdouyin.com/share/video/6852521344614157583/?region=CN&mid=6850077795414968322&u_code=0&titleType=title", "download_url": "https://www.chanmama.com/awemeDetail/6852521344614157583", "digg_count": 6561, "digg_incr": 6568, "aweme_create_time": 1595476958, "category": 7, "volume": 63, "amount": 9261}, "author": {"author_id": "2792363325654910", "nickname": "刘大顺", "follower_count": 82583}}, {"aweme": {"aweme_id": "6852568515677900047", "aweme_title": "人生越熬越顺，宝妈值得拥有#吴麓山堂", "aweme_url": "https://www.iesdouyin.com/share/video/6852568515677900047/?region=CN&mid=6779041629568239617&u_code=0&titleType=title", "download_url": "https://www.chanmama.com/awemeDetail/6852568515677900047", "digg_count": 6455, "digg_incr": 6530, "aweme_create_time": 1595497258, "category": 7, "volume": 0, "amount": 0}, "author": {"author_id": "2766020075327700", "nickname": "章鱼麻麻", "follower_count": 624286}}, {"aweme": {"aweme_id": "6852600091526647047", "aweme_title": "#河南人这次我是真的有点冤枉的 如果你没有吃过 不建议的 #童年回忆", "aweme_url": "https://www.iesdouyin.com/share/video/6852600091526647047/?region=CN&mid=6852600193670531848&u_code=0&titleType=title", "download_url": "https://www.chanmama.com/awemeDetail/6852600091526647047", "digg_count": 6720, "digg_incr": 6396, "aweme_create_time": 1595495313, "category": 7, "volume": 27, "amount": 453.6}, "author": {"author_id": "61315898441", "nickname": "乡音特产味", "follower_count": 107543}}, {"aweme": {"aweme_id": "6852666367192222991", "aweme_title": "森叔温馨提示：超级巨无霸牛油果又神秘来袭了哟！老规矩～所见即所得，别错过！#美食趣胃计划 @DOU+小助手", "aweme_url": "https://www.iesdouyin.com/share/video/6852666367192222991/?region=CN&mid=6852666390378547982&u_code=0&titleType=title", "download_url": "https://www.chanmama.com/awemeDetail/6852666367192222991", "digg_count": 14302, "digg_incr": 6045, "aweme_create_time": 1595510723, "category": 7, "volume": 8, "amount": 632}, "author": {"author_id": "106734984252", "nickname": "高端进口水果森叔", "follower_count": 299872}}, {"aweme": {"aweme_id": "6852626194492443919", "aweme_title": "这些高颜值糖果，小卖部都买不到#好物推荐", "aweme_url": "https://www.iesdouyin.com/share/video/6852626194492443919/?region=CN&mid=6852626224116796174&u_code=0&titleType=title", "download_url": "https://www.chanmama.com/awemeDetail/6852626194492443919", "digg_count": 6849, "digg_incr": 5529, "aweme_create_time": 1595501370, "category": 7, "volume": 0, "amount": 0}, "author": {"author_id": "3227754558392989", "nickname": "少女心好物精选", "follower_count": 387272}}, {"aweme": {"aweme_id": "6852511488666635527", "aweme_title": "#低脂 鸡肉肠#健身减肥  #美食 #好物推荐", "aweme_url": "https://www.iesdouyin.com/share/video/6852511488666635527/?region=CN&mid=6852511530299280141&u_code=ml4ff9fkb39&titleType=title", "download_url": "https://www.chanmama.com/awemeDetail/6852511488666635527", "digg_count": 7224, "digg_incr": 5527, "aweme_create_time": 1595474665, "category": 7, "volume": 19, "amount": 948.1}, "author": {"author_id": "77273213319", "nickname": "一个瞎摆的蓝鲸杆子", "follower_count": 651244}}, {"aweme": {"aweme_id": "6852591455739841805", "aweme_title": "爷爷一辈子和黄土地为伴，深知粮食的珍贵，那个年代舍不得吃鲜玉米，直到现在也是，糯甜鲜嫩紫玉米，你们喜欢吗？", "aweme_url": "https://www.iesdouyin.com/share/video/6852591455739841805/?region=CN&mid=6600970562929953550&u_code=2mi181d1ahi1&titleType=title", "download_url": "https://www.chanmama.com/awemeDetail/6852591455739841805", "digg_count": 6021, "digg_incr": 5429, "aweme_create_time": 1595493283, "category": 7, "volume": 3, "amount": 149.39999999999998}, "author": {"author_id": "61890713420", "nickname": "佳园琴优选", "follower_count": 298538}}, {"aweme": {"aweme_id": "6852507322196036879", "aweme_title": "#身材管理 是一辈子的事业@DOU+小助手 @抖音小助手", "aweme_url": "https://www.iesdouyin.com/share/video/6852507322196036879/?region=CN&mid=6686717814700673803&u_code=0&titleType=title", "download_url": "https://www.chanmama.com/awemeDetail/6852507322196036879", "digg_count": 5611, "digg_incr": 5346, "aweme_create_time": 1595473693, "category": 7, "volume": 27, "amount": 2403}, "author": {"author_id": "3632415624942504", "nickname": "严Sir身材书", "follower_count": 394302}}, {"aweme": {"aweme_id": "6852617961224670464", "aweme_title": "枸杞不止是我们摘的，还有老婆妈妈和舅舅他们摘的，50单快三千多，够忠明多少奶粉，感谢@明珠丫头侣行", "aweme_url": "https://www.iesdouyin.com/share/video/6852617961224670464/?region=CN&mid=6852618422488926984&u_code=45a6gmj0h2h&titleType=title", "download_url": "https://www.chanmama.com/awemeDetail/6852617961224670464", "digg_count": 6010, "digg_incr": 5285, "aweme_create_time": 1595499476, "category": 7, "volume": 0, "amount": 0}, "author": {"author_id": "4503651028209108", "nickname": "刘波8670明珠旅行", "follower_count": 384334}}, {"aweme": {"aweme_id": "6852610579186699527", "aweme_title": "喝下午茶要有仪式感，记得喊你的姐妹带上货 ！#花miao鲜花饼#吃出仪式感@抖音小助手", "aweme_url": "https://www.iesdouyin.com/share/video/6852610579186699527/?region=CN&mid=6852610623071603470&u_code=45a6gmj0h2h&titleType=title", "download_url": "https://www.chanmama.com/awemeDetail/6852610579186699527", "digg_count": 7690, "digg_incr": 5224, "aweme_create_time": 1595497735, "category": 7, "volume": 0, "amount": 0}, "author": {"author_id": "96806384014", "nickname": "成都美食评测", "follower_count": 535050}}, {"aweme": {"aweme_id": "6852556578663550220", "aweme_title": "这就是我一天吃5包都不会有#负罪感 的小圆饼❗️❗️一口一个嘎嘣脆，好吃到😭 关键 次 不 胖‼️", "aweme_url": "https://www.iesdouyin.com/share/video/6852556578663550220/?region=CN&mid=6852556615204326151&u_code=0&titleType=title", "download_url": "https://www.chanmama.com/awemeDetail/6852556578663550220", "digg_count": 13129, "digg_incr": 5125, "aweme_create_time": 1595485171, "category": 7, "volume": 7, "amount": 196}, "author": {"author_id": "59089693097", "nickname": "潘潘今天有点甜", "follower_count": 21960}}, {"aweme": {"aweme_id": "6852515471338573069", "aweme_title": "美妆种草博主变吃播？吃的甜食真的很开心！#蒙面小熊天然进口纯蜂蜜", "aweme_url": "https://www.iesdouyin.com/share/video/6852515471338573069/?region=CN&mid=6852515488036162312&u_code=2cdek40b760i&titleType=title", "download_url": "https://www.chanmama.com/awemeDetail/6852515471338573069", "digg_count": 4997, "digg_incr": 5042, "aweme_create_time": 1595494800, "category": 7, "volume": 0, "amount": 0}, "author": {"author_id": "3522474508816251", "nickname": "李落秋", "follower_count": 473282}}, {"aweme": {"aweme_id": "6852675291681213704", "aweme_title": "信不信就这一小包压缩海带，可以泡这一大盘？#你好火星 #全民dou爱吃", "aweme_url": "https://www.iesdouyin.com/share/video/6852675291681213704/?region=CN&mid=6852675305711553288&u_code=0&titleType=title", "download_url": "https://www.chanmama.com/awemeDetail/6852675291681213704", "digg_count": 7392, "digg_incr": 4993, "aweme_create_time": 1595512802, "category": 7, "volume": 19, "amount": 473.09999999999997}, "author": {"author_id": "3575267387259444", "nickname": "金庆海鲜产地直发", "follower_count": 576189}}, {"aweme": {"aweme_id": "6852668955203472652", "aweme_title": "可以媲美西餐厅的意面#空刻意大利面 #吃播", "aweme_url": "https://www.iesdouyin.com/share/video/6852668955203472652/?region=CN&mid=6852669020391738125&u_code=0&titleType=title", "download_url": "https://www.chanmama.com/awemeDetail/6852668955203472652", "digg_count": 6321, "digg_incr": 4968, "aweme_create_time": 1595515564, "category": 7, "volume": 13, "amount": 583.6999999999999}, "author": {"author_id": "83169777038877", "nickname": "小乔的食光", "follower_count": 329442}}, {"aweme": {"aweme_id": "6852560303205534984", "aweme_title": "加油 圆我个梦", "aweme_url": "https://www.iesdouyin.com/share/video/6852560303205534984/?region=CN&mid=6852560318921591565&u_code=0&titleType=title", "download_url": "https://www.chanmama.com/awemeDetail/6852560303205534984", "digg_count": 5317, "digg_incr": 4939, "aweme_create_time": 1595486031, "category": 7, "volume": 352, "amount": 3132.8}, "author": {"author_id": "96833063482", "nickname": "邢大运", "follower_count": 198238}}, {"aweme": {"aweme_id": "6852640484007922959", "aweme_title": "家人们，花姐昨天欠你们的牛奶拉丝，回归啦！#看我放大大大招 #老味道 #一口解锁暑假快落 @DOU+小助手", "aweme_url": "https://www.iesdouyin.com/share/video/6852640484007922959/?region=CN&mid=6852640491696179975&u_code=3ghh3kbgkj6b&titleType=title", "download_url": "https://www.chanmama.com/awemeDetail/6852640484007922959", "digg_count": 4921, "digg_incr": 4881, "aweme_create_time": 1595504697, "category": 7, "volume": 0, "amount": 0}, "author": {"author_id": "98216128444", "nickname": "邹大花", "follower_count": 63698}}, {"aweme": {"aweme_id": "6852600335589068046", "aweme_title": "女儿上个视频的心声让我在夜里流泪…放心丫头，英国剑桥的私人家教过几天就到位。爸爸要给你和未来的妈妈最好的…", "aweme_url": "https://www.iesdouyin.com/share/video/6852600335589068046/?region=CN&mid=6824313381369973518&u_code=0&titleType=title", "download_url": "https://www.chanmama.com/awemeDetail/6852600335589068046", "digg_count": 5688, "digg_incr": 4815, "aweme_create_time": 1595495360, "category": 7, "volume": 0, "amount": 0}, "author": {"author_id": "106892526029", "nickname": "海涛（大表哥）山东腾骏商贸有限公司", "follower_count": 264817}}, {"aweme": {"aweme_id": "6852514667760241935", "aweme_title": "大家都说从没看彤彤笑过，看她笑可以，你们可别笑（她的牙吸奶瓶歪了）😂，彤彤要面子的，要不然下次不笑给你们看了", "aweme_url": "https://www.iesdouyin.com/share/video/6852514667760241935/?region=CN&mid=6700037478033984263&u_code=0&titleType=title", "download_url": "https://www.chanmama.com/awemeDetail/6852514667760241935", "digg_count": 6477, "digg_incr": 4779, "aweme_create_time": 1595475403, "category": 7, "volume": 5, "amount": 139.5}, "author": {"author_id": "104273206332", "nickname": "记录我们的点点滴滴", "follower_count": 202998}}, {"aweme": {"aweme_id": "6852448211731221760", "aweme_title": "星期四的便当：麻油沙姜鸡+鸡蛋干蒸粉丝。你们追《三十而已》了嘛？", "aweme_url": "https://www.iesdouyin.com/share/video/6852448211731221760/?region=CN&mid=6852448166084627207&u_code=0&titleType=title", "download_url": "https://www.chanmama.com/awemeDetail/6852448211731221760", "digg_count": 5490, "digg_incr": 4749, "aweme_create_time": 1595459934, "category": 7, "volume": 19, "amount": 606.1}, "author": {"author_id": "94646532389", "nickname": "闲来找事@吃吃吃", "follower_count": 212253}}, {"aweme": {"aweme_id": "6852446282892561679", "aweme_title": "一句美女，让我忍不住又膨胀了一把，老这么膨胀也不好，就是忍不住🤩🤩#核桃仁#琥珀核桃仁@DOU+小助手", "aweme_url": "https://www.iesdouyin.com/share/video/6852446282892561679/?region=CN&mid=6852446212998712078&u_code=0&titleType=title", "download_url": "https://www.chanmama.com/awemeDetail/6852446282892561679", "digg_count": 4995, "digg_incr": 4733, "aweme_create_time": 1595459485, "category": 7, "volume": 11, "amount": 605}, "author": {"author_id": "61501019136", "nickname": "东北好姐妹坚果", "follower_count": 170651}}, {"aweme": {"aweme_id": "6852522338215349508", "aweme_title": "做错事了怎么办？先喂一碗即食烧仙草，然后……你学会了吗？#低卡零食 #烧仙草 #下午茶 #抖音直播秒杀狂欢节", "aweme_url": "https://www.iesdouyin.com/share/video/6852522338215349508/?region=CN&mid=6852522393999657736&u_code=0&titleType=title", "download_url": "https://www.chanmama.com/awemeDetail/6852522338215349508", "digg_count": 5523, "digg_incr": 4698, "aweme_create_time": 1595477199, "category": 7, "volume": 3, "amount": 101.97}, "author": {"author_id": "2836391020213292", "nickname": "众趣办公室女团", "follower_count": 597597}}, {"aweme": {"aweme_id": "6852557860748987651", "aweme_title": "一颗清新口气，两颗清凉解暑，三颗提神醒脑！难怪她这么大方#薄荷糖 #美食趣胃计划 #夏日美食我来探 #抖音直播", "aweme_url": "https://www.iesdouyin.com/share/video/6852557860748987651/?region=CN&mid=6852557905191881480&u_code=0&titleType=title", "download_url": "https://www.chanmama.com/awemeDetail/6852557860748987651", "digg_count": 5378, "digg_incr": 4418, "aweme_create_time": 1595485469, "category": 7, "volume": 4, "amount": 24}, "author": {"author_id": "2836391020213292", "nickname": "众趣办公室女团", "follower_count": 597597}}, {"aweme": {"aweme_id": "6852491979419421967", "aweme_title": "不能再摆摊了，一听美女就膨胀，刚送完核桃仁，又白送顾客一盆虎皮腰果🤩🤩@DOU+小助手", "aweme_url": "https://www.iesdouyin.com/share/video/6852491979419421967/?region=CN&mid=6852491972180052743&u_code=0&titleType=title", "download_url": "https://www.chanmama.com/awemeDetail/6852491979419421967", "digg_count": 5558, "digg_incr": 4216, "aweme_create_time": 1595470121, "category": 7, "volume": 21, "amount": 1159.2}, "author": {"author_id": "61501019136", "nickname": "东北好姐妹坚果", "follower_count": 170651}}, {"aweme": {"aweme_id": "6852484412802714880", "aweme_title": "全网呼叫，全网呼叫！一个人的确是杯水车薪，欢迎爱心助农主播组团，@河南口吃大个儿", "aweme_url": "https://www.iesdouyin.com/share/video/6852484412802714880/?region=CN&mid=6852484416413911822&u_code=0&titleType=title", "download_url": "https://www.chanmama.com/awemeDetail/6852484412802714880", "digg_count": 8905, "digg_incr": 4197, "aweme_create_time": 1595468360, "category": 7, "volume": 29, "amount": 461.1}, "author": {"author_id": "104338609093", "nickname": "牛蛋🔥（全天开播助农）", "follower_count": 262458}}, {"aweme": {"aweme_id": "6852623525967154440", "aweme_title": "让你失望了 我还在。完美搭配泡面配泡菜#吃播 #辣白菜 #搞点美食717", "aweme_url": "https://www.iesdouyin.com/share/video/6852623525967154440/?region=CN&mid=6852623812316662536&u_code=45a6gmj0h2h&titleType=title", "download_url": "https://www.chanmama.com/awemeDetail/6852623525967154440", "digg_count": 8658, "digg_incr": 4016, "aweme_create_time": 1595500814, "category": 7, "volume": 1, "amount": 39}, "author": {"author_id": "3284947288203044", "nickname": "大帅哥吃播", "follower_count": 602209}}, {"aweme": {"aweme_id": "6852500635577781512", "aweme_title": "这俩人吃的太香了", "aweme_url": "https://www.iesdouyin.com/share/video/6852500635577781512/?region=CN&mid=6852500653936249613&u_code=3ghh3kbgkj6b&titleType=title", "download_url": "https://www.chanmama.com/awemeDetail/6852500635577781512", "digg_count": 4091, "digg_incr": 3894, "aweme_create_time": 1595472138, "category": 7, "volume": 259, "amount": 9842}, "author": {"author_id": "104958503756", "nickname": "王赫", "follower_count": 695641}}, {"aweme": {"aweme_id": "6852507192193518863", "aweme_title": "#百善孝为先 自己工厂生产桑葚红🍷老爸每天也来两小杯，红酒🍷友们排队喝单单了！#抖音小助手 #感谢抖音", "aweme_url": "https://www.iesdouyin.com/share/video/6852507192193518863/?region=CN&mid=6852507193825528584&u_code=31b2lfcf6hhb&titleType=title", "download_url": "https://www.chanmama.com/awemeDetail/6852507192193518863", "digg_count": 4280, "digg_incr": 3874, "aweme_create_time": 1595473663, "category": 7, "volume": 0, "amount": 0}, "author": {"author_id": "101284206406", "nickname": "四川江成商贸", "follower_count": 325382}}, {"aweme": {"aweme_id": "6852621845879966989", "aweme_title": "只要你玩游戏 就总有一句话让你忍不了 #游戏 #气", "aweme_url": "https://www.iesdouyin.com/share/video/6852621845879966989/?region=CN&mid=6852621874313054983&u_code=45a6gmj0h2h&titleType=title", "download_url": "https://www.chanmama.com/awemeDetail/6852621845879966989", "digg_count": 4758, "digg_incr": 3809, "aweme_create_time": 1595500358, "category": 7, "volume": 0, "amount": 0}, "author": {"author_id": "2915541911866635", "nickname": "周憨憨～", "follower_count": 470569}}, {"aweme": {"aweme_id": "6852591655304826112", "aweme_title": "蒜泥白肉就是这样吃才过瘾，下酒下饭都是一流，好吃的秘诀全在酱料里！#美食推荐官 @抖音小助手", "aweme_url": "https://www.iesdouyin.com/share/video/6852591655304826112/?region=CN&mid=6852591680647154440&u_code=0&titleType=title", "download_url": "https://www.chanmama.com/awemeDetail/6852591655304826112", "digg_count": 4208, "digg_incr": 3753, "aweme_create_time": 1595493328, "category": 7, "volume": 0, "amount": 0}, "author": {"author_id": "93205803253", "nickname": "三生川", "follower_count": 44450}}, {"aweme": {"aweme_id": "6852621944496344328", "aweme_title": "难道#试吃员 就不能拥有朋友吗？？？", "aweme_url": "https://www.iesdouyin.com/share/video/6852621944496344328/?region=CN&mid=6852622036666256142&u_code=0&titleType=title", "download_url": "https://www.chanmama.com/awemeDetail/6852621944496344328", "digg_count": 4599, "digg_incr": 3731, "aweme_create_time": 1595500396, "category": 7, "volume": 4, "amount": 139.6}, "author": {"author_id": "575734005377508", "nickname": "吃不胖少女", "follower_count": 186701}}, {"aweme": {"aweme_id": "6852625776995536143", "aweme_title": "#直播 #四川脱骨李", "aweme_url": "https://www.iesdouyin.com/share/video/6852625776995536143/?region=CN&mid=6852625785829427975&u_code=45a6gmj0h2h&titleType=title", "download_url": "https://www.chanmama.com/awemeDetail/6852625776995536143", "digg_count": 4280, "digg_incr": 3610, "aweme_create_time": 1595501273, "category": 7, "volume": 351, "amount": 10494.9}, "author": {"author_id": "2207436268645383", "nickname": "阔腾百味货", "follower_count": 68660}}, {"aweme": {"aweme_id": "6852608741175577856", "aweme_title": "#健康 #水 每天起床一杯淡盐水，可以清除身体du素？医生告诉你：没必要！@协和高医生", "aweme_url": "https://www.iesdouyin.com/share/video/6852608741175577856/?region=CN&mid=6852608767004003079&u_code=0&titleType=title", "download_url": "https://www.chanmama.com/awemeDetail/6852608741175577856", "digg_count": 3576, "digg_incr": 3518, "aweme_create_time": 1595497306, "category": 7, "volume": 0, "amount": 0}, "author": {"author_id": "2563705261529182", "nickname": "神经内科何主任", "follower_count": 161025}}, {"aweme": {"aweme_id": "6852492531008032007", "aweme_title": "#于晓光 #秋瓷炫 又开始霍祸厨房了， 😂", "aweme_url": "https://www.iesdouyin.com/share/video/6852492531008032007/?region=CN&mid=6852492548159179534&u_code=0&titleType=title", "download_url": "https://www.chanmama.com/awemeDetail/6852492531008032007", "digg_count": 4435, "digg_incr": 3381, "aweme_create_time": 1595470251, "category": 7, "volume": 7, "amount": 273}, "author": {"author_id": "102864882809", "nickname": "玄彬吖明星现场", "follower_count": 211683}}, {"aweme": {"aweme_id": "6852236187357302019", "aweme_title": "再选择一次，你还会嫁给他吗？ #夫妻  #泡小燕", "aweme_url": "https://www.iesdouyin.com/share/video/6852236187357302019/?region=CN&mid=6852236396875385607&u_code=45a6gmj0h2h&titleType=title", "download_url": "https://www.chanmama.com/awemeDetail/6852236187357302019", "digg_count": 5222, "digg_incr": 3344, "aweme_create_time": 1595498417, "category": 7, "volume": 3, "amount": 234}, "author": {"author_id": "3188238129839188", "nickname": "我是雅琪呀", "follower_count": 503712}}, {"aweme": {"aweme_id": "6852492040974945536", "aweme_title": "我本将心向明月，奈何明月照沟渠呵，女人", "aweme_url": "https://www.iesdouyin.com/share/video/6852492040974945536/?region=CN&mid=6852492038143789838&u_code=0&titleType=title", "download_url": "https://www.chanmama.com/awemeDetail/6852492040974945536", "digg_count": 3486, "digg_incr": 3338, "aweme_create_time": 1595470135, "category": 7, "volume": 0, "amount": 0}, "author": {"author_id": "59916782611", "nickname": "王宁在路上", "follower_count": 122086}}, {"aweme": {"aweme_id": "6852614444611161352", "aweme_title": "你是我再也没可能完成的梦", "aweme_url": "https://www.iesdouyin.com/share/video/6852614444611161352/?region=CN&mid=6852614466296040200&u_code=0&titleType=title", "download_url": "https://www.chanmama.com/awemeDetail/6852614444611161352", "digg_count": 6153, "digg_incr": 3236, "aweme_create_time": 1595498635, "category": 7, "volume": 0, "amount": 0}, "author": {"author_id": "2466929875097134", "nickname": "Kiki喝酒指南", "follower_count": 230380}}, {"aweme": {"aweme_id": "6852635354617433352", "aweme_title": "这海鲜锅看着 直流口水", "aweme_url": "https://www.iesdouyin.com/share/video/6852635354617433352/?region=CN&mid=6852635371801774855&u_code=304j03ea1k56&titleType=title", "download_url": "https://www.chanmama.com/awemeDetail/6852635354617433352", "digg_count": 3831, "digg_incr": 3227, "aweme_create_time": 1595503503, "category": 7, "volume": 0, "amount": 0}, "author": {"author_id": "96000241730", "nickname": "顺子韩食坊", "follower_count": 908536}}, {"aweme": {"aweme_id": "6852613429954497805", "aweme_title": "闺蜜送我的这个，夏季出游带上它妈妈再也不用担心我晒黑了 @抖音小助手", "aweme_url": "https://www.iesdouyin.com/share/video/6852613429954497805/?region=CN&mid=6852613549718522637&u_code=45a6gmj0h2h&titleType=title", "download_url": "https://www.chanmama.com/awemeDetail/6852613429954497805", "digg_count": 4453, "digg_incr": 3200, "aweme_create_time": 1595498415, "category": 7, "volume": 0, "amount": 0}, "author": {"author_id": "96242969878", "nickname": "小奇文具控", "follower_count": 919537}}, {"aweme": {"aweme_id": "6852487923653250307", "aweme_title": "#解压 #减肥 #声控吃播 #咀嚼声 巨无霸章鱼料理", "aweme_url": "https://www.iesdouyin.com/share/video/6852487923653250307/?region=CN&mid=6852487969044056840&u_code=0&titleType=title", "download_url": "https://www.chanmama.com/awemeDetail/6852487923653250307", "digg_count": 4383, "digg_incr": 3187, "aweme_create_time": 1595469188, "category": 7, "volume": 1, "amount": 16.9}, "author": {"author_id": "1978736675654220", "nickname": "韩国🇰🇷虎尼弟弟", "follower_count": 246575}}, {"aweme": {"aweme_id": "6852589907387419916", "aweme_title": "我吃了一个煎过的青团，太香太香了，满口回味哦……#搞点新品778 @DOU+小助手", "aweme_url": "https://www.iesdouyin.com/share/video/6852589907387419916/?region=CN&mid=6852589947674053390&u_code=0&titleType=title", "download_url": "https://www.chanmama.com/awemeDetail/6852589907387419916", "digg_count": 5201, "digg_incr": 3106, "aweme_create_time": 1595492928, "category": 7, "volume": 181, "amount": 5393.8}, "author": {"author_id": "60443482320", "nickname": "肥猫手工美食", "follower_count": 349639}}, {"aweme": {"aweme_id": "6852603133550398720", "aweme_title": "生在海边，长在海边，希望把最优质，最实惠的海鲜，带给喜欢吃海鲜的您！", "aweme_url": "https://www.iesdouyin.com/share/video/6852603133550398720/?region=CN&mid=6852603172234513160&u_code=0&titleType=title", "download_url": "https://www.chanmama.com/awemeDetail/6852603133550398720", "digg_count": 3245, "digg_incr": 3091, "aweme_create_time": 1595496001, "category": 7, "volume": 139, "amount": 13761}, "author": {"author_id": "3161793361622488", "nickname": "李加亮海产品经营部", "follower_count": 795439}}, {"aweme": {"aweme_id": "6852607298532101380", "aweme_title": "#你好火星 #舞出斐凡妙想 #717抖音嗨吃节", "aweme_url": "https://www.iesdouyin.com/share/video/6852607298532101380/?region=CN&mid=6852607346490100487&u_code=2kf532igcb2c&titleType=title", "download_url": "https://www.chanmama.com/awemeDetail/6852607298532101380", "digg_count": 3179, "digg_incr": 3039, "aweme_create_time": 1595496976, "category": 7, "volume": 0, "amount": 0}, "author": {"author_id": "111124683778", "nickname": "阿美海鲜", "follower_count": 467503}}, {"aweme": {"aweme_id": "6852593196594138376", "aweme_title": "每天一天干货", "aweme_url": "https://www.iesdouyin.com/share/video/6852593196594138376/?region=CN&mid=6852593233320102669&u_code=0&titleType=title", "download_url": "https://www.chanmama.com/awemeDetail/6852593196594138376", "digg_count": 3206, "digg_incr": 2960, "aweme_create_time": 1595493689, "category": 7, "volume": 204, "amount": 1815.6000000000001}, "author": {"author_id": "96833063482", "nickname": "邢大运", "follower_count": 198238}}, {"aweme": {"aweme_id": "6852473117546253583", "aweme_title": "努力的人运气不会太差，加油加油！#助农 #鲜核桃 #购物分享", "aweme_url": "https://www.iesdouyin.com/share/video/6852473117546253583/?region=CN&mid=6831778680197351432&u_code=45a6gmj0h2h&titleType=title", "download_url": "https://www.chanmama.com/awemeDetail/6852473117546253583", "digg_count": 3208, "digg_incr": 2895, "aweme_create_time": 1595465731, "category": 7, "volume": 28, "amount": 1176}, "author": {"author_id": "77374488173", "nickname": "小张 哥", "follower_count": 527689}}, {"aweme": {"aweme_id": "6852549546996796685", "aweme_title": "朴实无华的外表下蕴藏着惊人的美味#好吃", "aweme_url": "https://www.iesdouyin.com/share/video/6852549546996796685/?region=CN&mid=6852549647950023438&u_code=0&titleType=title", "download_url": "https://www.chanmama.com/awemeDetail/6852549546996796685", "digg_count": 2905, "digg_incr": 2836, "aweme_create_time": 1595505600, "category": 7, "volume": 1, "amount": 12.8}, "author": {"author_id": "1138695489210507", "nickname": "隔壁大哥与邻居小李", "follower_count": 505899}}, {"aweme": {"aweme_id": "6852526149789060359", "aweme_title": "嚼着吃的代餐奶昔、比奶茶好喝一百倍#美食趣胃计划 #低卡美食 #低卡 @种草小助手", "aweme_url": "https://www.iesdouyin.com/share/video/6852526149789060359/?region=CN&mid=6618734069624605447&u_code=45a6gmj0h2h&titleType=title", "download_url": "https://www.chanmama.com/awemeDetail/6852526149789060359", "digg_count": 2722, "digg_incr": 2722, "aweme_create_time": 1595478078, "category": 7, "volume": 0, "amount": 0}, "author": {"author_id": "2607680146113011", "nickname": "nikkoning", "follower_count": 11241}}, {"aweme": {"aweme_id": "6852518528671681806", "aweme_title": "松茸出来的季节", "aweme_url": "https://www.iesdouyin.com/share/video/6852518528671681806/?region=CN&mid=6852518931597363975&u_code=107m7bg5i135&titleType=title", "download_url": "https://www.chanmama.com/awemeDetail/6852518528671681806", "digg_count": 2762, "digg_incr": 2687, "aweme_create_time": 1595476325, "category": 7, "volume": 1, "amount": 260}, "author": {"author_id": "4503672739039070", "nickname": "嘉绒姐姐阿娟", "follower_count": 753721}}, {"aweme": {"aweme_id": "6852611581583346959", "aweme_title": "希望我能通过网络将农民伯伯核桃销售出去，看着他们将要把刚刚长大树一颗颗砍去，感到无比心疼。#助农 #购物分享", "aweme_url": "https://www.iesdouyin.com/share/video/6852611581583346959/?region=CN&mid=6725263148762598147&u_code=45a6gmj0h2h&titleType=title", "download_url": "https://www.chanmama.com/awemeDetail/6852611581583346959", "digg_count": 3192, "digg_incr": 2635, "aweme_create_time": 1595497968, "category": 7, "volume": 4, "amount": 168}, "author": {"author_id": "77374488173", "nickname": "小张 哥", "follower_count": 527689}}, {"aweme": {"aweme_id": "6852531283604671758", "aweme_title": "据说蓝莓养眼睛，今天就给宝贝做个蓝莓撞奶#美食推荐官 #717抖音嗨吃节 #我要上热门", "aweme_url": "https://www.iesdouyin.com/share/video/6852531283604671758/?region=CN&mid=6812255623938329358&u_code=a447b6db995&titleType=title", "download_url": "https://www.chanmama.com/awemeDetail/6852531283604671758", "digg_count": 2666, "digg_incr": 2630, "aweme_create_time": 1595479274, "category": 7, "volume": 69, "amount": 565.8000000000001}, "author": {"author_id": "2189842155580648", "nickname": "岚子小厨", "follower_count": 460741}}, {"aweme": {"aweme_id": "6852496759877389581", "aweme_title": "赵丽颖吃了小兔兔之后的表现；何炅这回答厉害了；你们都属什么？", "aweme_url": "https://www.iesdouyin.com/share/video/6852496759877389581/?region=CN&mid=6852496842010266375&u_code=45a6gmj0h2h&titleType=title", "download_url": "https://www.chanmama.com/awemeDetail/6852496759877389581", "digg_count": 2898, "digg_incr": 2593, "aweme_create_time": 1595471254, "category": 7, "volume": 9, "amount": 88.2}, "author": {"author_id": "54152657552", "nickname": "娱乐谁评论", "follower_count": 519422}}, {"aweme": {"aweme_id": "6852630644351175944", "aweme_title": "鲍鱼、龙虾、裙带菜，今天你们选哪个？#8090后 #怀旧 #美食趣胃计划", "aweme_url": "https://www.iesdouyin.com/share/video/6852630644351175944/?region=CN&mid=6852630667373726478&u_code=0&titleType=title", "download_url": "https://www.chanmama.com/awemeDetail/6852630644351175944", "digg_count": 3195, "digg_incr": 2552, "aweme_create_time": 1595502407, "category": 7, "volume": 4, "amount": 79.6}, "author": {"author_id": "74751949872", "nickname": "海鲜女孩冯美丽", "follower_count": 214557}}, {"aweme": {"aweme_id": "6852458277637213453", "aweme_title": "爸爸喜欢大海螺 妈妈喜欢鲍鱼 我看上麻辣扇贝肉了@抖音小助手", "aweme_url": "https://www.iesdouyin.com/share/video/6852458277637213453/?region=CN&mid=6852458231868967694&u_code=3ghh3kbgkj6b&titleType=title", "download_url": "https://www.chanmama.com/awemeDetail/6852458277637213453", "digg_count": 2619, "digg_incr": 2551, "aweme_create_time": 1595462279, "category": 7, "volume": 3, "amount": 204}, "author": {"author_id": "96000241730", "nickname": "顺子韩食坊", "follower_count": 908536}}, {"aweme": {"aweme_id": "6852529892043558157", "aweme_title": "新鲜的生姜", "aweme_url": "https://www.iesdouyin.com/share/video/6852529892043558157/?region=CN&mid=6852529890034912014&u_code=0&titleType=title", "download_url": "https://www.chanmama.com/awemeDetail/6852529892043558157", "digg_count": 2553, "digg_incr": 2520, "aweme_create_time": 1595478949, "category": 7, "volume": 270, "amount": 8073}, "author": {"author_id": "4230556728176439", "nickname": "昆明市官渡区泰鲜果品", "follower_count": 164820}}, {"aweme": {"aweme_id": "6852602921440365835", "aweme_title": "#有你一面  夏日炎炎，来一份开胃爽口的椒麻拌面吧！", "aweme_url": "https://www.iesdouyin.com/share/video/6852602921440365835/?region=CN&mid=6686699670988655367&u_code=j730d5k0d0&titleType=title", "download_url": "https://www.chanmama.com/awemeDetail/6852602921440365835", "digg_count": 2538, "digg_incr": 2501, "aweme_create_time": 1595495957, "category": 7, "volume": 0, "amount": 0}, "author": {"author_id": "98241711566", "nickname": "是小太阳啊，🌞", "follower_count": 780337}}, {"aweme": {"aweme_id": "6852614744814144776", "aweme_title": "#有你一面 我不允许你没吃过这么好吃的拌面🍜", "aweme_url": "https://www.iesdouyin.com/share/video/6852614744814144776/?region=CN&mid=6734569335194517518&u_code=0&titleType=title", "download_url": "https://www.chanmama.com/awemeDetail/6852614744814144776", "digg_count": 2490, "digg_incr": 2495, "aweme_create_time": 1595498712, "category": 7, "volume": 0, "amount": 0}, "author": {"author_id": "59540155975", "nickname": "汪诗怡", "follower_count": 631810}}, {"aweme": {"aweme_id": "6852594277625711885", "aweme_title": "#小鸟伏特加zbc无情哈拉少 #二战伏特加 #雷霆嘎巴欧青辣少", "aweme_url": "https://www.iesdouyin.com/share/video/6852594277625711885/?region=CN&mid=6852594307556494094&u_code=0&titleType=title", "download_url": "https://www.chanmama.com/awemeDetail/6852594277625711885", "digg_count": 2964, "digg_incr": 2484, "aweme_create_time": 1595493940, "category": 7, "volume": 1, "amount": 0}, "author": {"author_id": "95488642862", "nickname": "绥芬河市和平经贸有限", "follower_count": 120089}}, {"aweme": {"aweme_id": "6852474931133943040", "aweme_title": "太难了", "aweme_url": "https://www.iesdouyin.com/share/video/6852474931133943040/?region=CN&mid=6852474914197244679&u_code=3ghh3kbgkj6b&titleType=title", "download_url": "https://www.chanmama.com/awemeDetail/6852474931133943040", "digg_count": 2471, "digg_incr": 2438, "aweme_create_time": 1595466153, "category": 7, "volume": 0, "amount": 0}, "author": {"author_id": "1912781210919787", "nickname": "海头镇海强海鲜", "follower_count": 272894}}, {"aweme": {"aweme_id": "6852562461619506432", "aweme_title": "冷链发货，大个带黄无冰无沙#扇贝 #全民dou爱吃 #美食 #趣你的夏天 #吃货", "aweme_url": "https://www.iesdouyin.com/share/video/6852562461619506432/?region=CN&mid=6811877850250038023&u_code=45a6gmj0h2h&titleType=title", "download_url": "https://www.chanmama.com/awemeDetail/6852562461619506432", "digg_count": 2388, "digg_incr": 2382, "aweme_create_time": 1595486531, "category": 7, "volume": 134, "amount": 13266}, "author": {"author_id": "2352554829687900", "nickname": "莲敏海鲜", "follower_count": 115084}}, {"aweme": {"aweme_id": "6852349481443151104", "aweme_title": "没有失踪 它还在床底 我休息了 你们也去睡吧🤭🤭 #床下有鬼#喝彩变身 #你好火星 #我的高光一刻", "aweme_url": "https://www.iesdouyin.com/share/video/6852349481443151104/?region=CN&mid=6852349404083538701&u_code=0&titleType=title", "download_url": "https://www.chanmama.com/awemeDetail/6852349481443151104", "digg_count": 3204, "digg_incr": 2371, "aweme_create_time": 1595436951, "category": 7, "volume": 0, "amount": 0}, "author": {"author_id": "60505602180", "nickname": "一只阿肚", "follower_count": 467747}}, {"aweme": {"aweme_id": "6852622862193315086", "aweme_title": "蜜蜂🐝千里迢迢来吃瓜 太甜了🤣", "aweme_url": "https://www.iesdouyin.com/share/video/6852622862193315086/?region=CN&mid=6852622878177856263&u_code=0&titleType=title", "download_url": "https://www.chanmama.com/awemeDetail/6852622862193315086", "digg_count": 3839, "digg_incr": 2354, "aweme_create_time": 1595500595, "category": 7, "volume": 120, "amount": 2976}, "author": {"author_id": "95921998276", "nickname": "小芒宁", "follower_count": 651432}}, {"aweme": {"aweme_id": "6852554170210209031", "aweme_title": "#抖音有好货 #热门   一定要尝尝这个海鲜～味道绝对鲜美～", "aweme_url": "https://www.iesdouyin.com/share/video/6852554170210209031/?region=CN&mid=6852554179324529415&u_code=3ghh3kbgkj6b&titleType=title", "download_url": "https://www.chanmama.com/awemeDetail/6852554170210209031", "digg_count": 5457, "digg_incr": 2339, "aweme_create_time": 1595484603, "category": 7, "volume": 1, "amount": 99}, "author": {"author_id": "110811900536", "nickname": "天悦海鲜经营部", "follower_count": 763661}}, {"aweme": {"aweme_id": "6852606385536994567", "aweme_title": "凉拌摊必不可少的#酸辣土豆丝来了。我们一起去摆摊吧！#趣胃大比拼", "aweme_url": "https://www.iesdouyin.com/share/video/6852606385536994567/?region=CN&mid=6852606486746188552&u_code=45a6gmj0h2h&titleType=title", "download_url": "https://www.chanmama.com/awemeDetail/6852606385536994567", "digg_count": 4116, "digg_incr": 2288, "aweme_create_time": 1595496777, "category": 7, "volume": 1, "amount": 9.8}, "author": {"author_id": "106068694487", "nickname": "华哥的美食", "follower_count": 798740}}, {"aweme": {"aweme_id": "6852575471612333326", "aweme_title": "有人和我一样喜欢喝奶茶吗！！这个蜜桃乌龙味的真的好好喝～#美食趣胃计划 @抖音小助手", "aweme_url": "https://www.iesdouyin.com/share/video/6852575471612333326/?region=CN&mid=6597380026063129347&u_code=107m7bg5i135&titleType=title", "download_url": "https://www.chanmama.com/awemeDetail/6852575471612333326", "digg_count": 4154, "digg_incr": 2215, "aweme_create_time": 1595489562, "category": 7, "volume": 0, "amount": 0}, "author": {"author_id": "980362797261451", "nickname": "阿盐学长吃什么", "follower_count": 438015}}, {"aweme": {"aweme_id": "6852530191177125124", "aweme_title": "你想家了嘛……#甘肃 #浆水面", "aweme_url": "https://www.iesdouyin.com/share/video/6852530191177125124/?region=CN&mid=6842425646002522887&u_code=0&titleType=title", "download_url": "https://www.chanmama.com/awemeDetail/6852530191177125124", "digg_count": 3334, "digg_incr": 2211, "aweme_create_time": 1595479027, "category": 7, "volume": 82, "amount": 1435}, "author": {"author_id": "73242189257", "nickname": "❤️甘肃姑娘❤️", "follower_count": 153585}}, {"aweme": {"aweme_id": "6852416949494844686", "aweme_title": "#好物推荐 #时尚穿搭 美鞋#717奇妙好物在这里 #感谢官方 @抖音小助手", "aweme_url": "https://www.iesdouyin.com/share/video/6852416949494844686/?region=CN&mid=6766098884994550536&u_code=107m7bg5i135&titleType=title", "download_url": "https://www.chanmama.com/awemeDetail/6852416949494844686", "digg_count": 2194, "digg_incr": 2188, "aweme_create_time": 1595452691, "category": 7, "volume": 79, "amount": 5451}, "author": {"author_id": "101922526016", "nickname": "常熟市飞飞鞋业商行", "follower_count": 200070}}, {"aweme": {"aweme_id": "6852630128741158155", "aweme_title": "#解压 #减肥 #深夜放毒系列 #声控吃播 #咀嚼声 金针菇果然是最爱", "aweme_url": "https://www.iesdouyin.com/share/video/6852630128741158155/?region=CN&mid=6852630158483557133&u_code=0&titleType=title", "download_url": "https://www.chanmama.com/awemeDetail/6852630128741158155", "digg_count": 3508, "digg_incr": 2171, "aweme_create_time": 1595502290, "category": 7, "volume": 0, "amount": 0}, "author": {"author_id": "1978736675654220", "nickname": "韩国🇰🇷虎尼弟弟", "follower_count": 246575}}, {"aweme": {"aweme_id": "6852659388549795075", "aweme_title": "#青菜拼车拼拼拼 有没有人要来跟我一起过日子的？￼￼@抖音小助手", "aweme_url": "https://www.iesdouyin.com/share/video/6852659388549795075/?region=CN&mid=6651376252332542724&u_code=0&titleType=title", "download_url": "https://www.chanmama.com/awemeDetail/6852659388549795075", "digg_count": 4631, "digg_incr": 2161, "aweme_create_time": 1595509102, "category": 7, "volume": 4, "amount": 540}, "author": {"author_id": "23400745183", "nickname": "潮味优信牛肉丸", "follower_count": 241670}}, {"aweme": {"aweme_id": "6852620673248988431", "aweme_title": "好吃，现在这一整箱活动太给力了，送的也多～", "aweme_url": "https://www.iesdouyin.com/share/video/6852620673248988431/?region=CN&mid=6775393428260784135&u_code=0&titleType=title", "download_url": "https://www.chanmama.com/awemeDetail/6852620673248988431", "digg_count": 2468, "digg_incr": 2135, "aweme_create_time": 1595500084, "category": 7, "volume": 2, "amount": 294}, "author": {"author_id": "61931765892", "nickname": "小凡。🍭", "follower_count": 302707}}, {"aweme": {"aweme_id": "6852619827367005455", "aweme_title": "#口气 、#食欲 差、#手脚心发热 ，可能提示2个问题哦……", "aweme_url": "https://www.iesdouyin.com/share/video/6852619827367005455/?region=CN&mid=6852619851136436999&u_code=45a6gmj0h2h&titleType=title", "download_url": "https://www.chanmama.com/awemeDetail/6852619827367005455", "digg_count": 2263, "digg_incr": 2123, "aweme_create_time": 1595499888, "category": 7, "volume": 0, "amount": 0}, "author": {"author_id": "166719933131407", "nickname": "秦敏主任", "follower_count": 543514}}, {"aweme": {"aweme_id": "6852528599262645512", "aweme_title": "#助农 正在直播", "aweme_url": "https://www.iesdouyin.com/share/video/6852528599262645512/?region=CN&mid=6852528599946595086&u_code=2mi17k4i3ck5&titleType=title", "download_url": "https://www.chanmama.com/awemeDetail/6852528599262645512", "digg_count": 2095, "digg_incr": 2095, "aweme_create_time": 1595478649, "category": 7, "volume": 0, "amount": 0}, "author": {"author_id": "3931450999836307", "nickname": "河南朱妈妈朱哥", "follower_count": 619456}}, {"aweme": {"aweme_id": "6852599977781267712", "aweme_title": "新品来啦！#极客严选 #极客农场有机枣 系列产品。安全、好吃😋", "aweme_url": "https://www.iesdouyin.com/share/video/6852599977781267712/?region=CN&mid=6852600007137266446&u_code=0&titleType=title", "download_url": "https://www.chanmama.com/awemeDetail/6852599977781267712", "digg_count": 2401, "digg_incr": 2071, "aweme_create_time": 1595495266, "category": 7, "volume": 8, "amount": 505.6}, "author": {"author_id": "23397071188", "nickname": "极客农场", "follower_count": 461769}}, {"aweme": {"aweme_id": "6852662504678542607", "aweme_title": "沙漠边生长的蜜瓜！就是甜！可是今年太难卖了！怎么办？", "aweme_url": "https://www.iesdouyin.com/share/video/6852662504678542607/?region=CN&mid=6852662577072261901&u_code=4ed7i0a9099m&titleType=title", "download_url": "https://www.chanmama.com/awemeDetail/6852662504678542607", "digg_count": 2120, "digg_incr": 2045, "aweme_create_time": 1595509823, "category": 7, "volume": 52, "amount": 514.8000000000001}, "author": {"author_id": "888004190937808", "nickname": "我的农村日常", "follower_count": 230495}}, {"aweme": {"aweme_id": "6852515042533952775", "aweme_title": "#有你一面   无限回购的解馋面食，连吃三碗都不够", "aweme_url": "https://www.iesdouyin.com/share/video/6852515042533952775/?region=CN&mid=6852515064617323277&u_code=0&titleType=title", "download_url": "https://www.chanmama.com/awemeDetail/6852515042533952775", "digg_count": 1969, "digg_incr": 1977, "aweme_create_time": 1595475493, "category": 7, "volume": 0, "amount": 0}, "author": {"author_id": "96986671836", "nickname": "忘川杂货铺", "follower_count": 875760}}, {"aweme": {"aweme_id": "6852444799107108110", "aweme_title": "知道这是什么吗？大别山里女人坐月子必吃，可能有婆婆会舍不得买给媳妇吃，貌似比肉贵多了呀😂#乡愁 #豆皮", "aweme_url": "https://www.iesdouyin.com/share/video/6852444799107108110/?region=CN&mid=6689564959694801675&u_code=45a6gmj0h2h&titleType=title", "download_url": "https://www.chanmama.com/awemeDetail/6852444799107108110", "digg_count": 2074, "digg_incr": 1973, "aweme_create_time": 1595459143, "category": 7, "volume": 0, "amount": 0}, "author": {"author_id": "800065849666062", "nickname": "皖里有特产", "follower_count": 23874}}, {"aweme": {"aweme_id": "6852516408560012544", "aweme_title": "想要更美的身材吗，那就每天坚持这个动作30分钟让你跳出美美的身材，不信就来试试吧！#717奇妙好物在这里", "aweme_url": "https://www.iesdouyin.com/share/video/6852516408560012544/?region=CN&mid=6735183837141224195&u_code=3ghh3kbgkj6b&titleType=title", "download_url": "https://www.chanmama.com/awemeDetail/6852516408560012544", "digg_count": 2701, "digg_incr": 1968, "aweme_create_time": 1595475809, "category": 7, "volume": 0, "amount": 0}, "author": {"author_id": "61736168385", "nickname": "信誉", "follower_count": 354747}}, {"aweme": {"aweme_id": "6852604442638847236", "aweme_title": "#有你一面 叮叮 起来吃宵夜啦 别怕 不长胖哦#宵夜 #美食趣胃计划", "aweme_url": "https://www.iesdouyin.com/share/video/6852604442638847236/?region=CN&mid=6685564317011544835&u_code=0&titleType=title", "download_url": "https://www.chanmama.com/awemeDetail/6852604442638847236", "digg_count": 1924, "digg_incr": 1936, "aweme_create_time": 1595496311, "category": 7, "volume": 0, "amount": 0}, "author": {"author_id": "86697029946", "nickname": "小甜甜", "follower_count": 204609}}, {"aweme": {"aweme_id": "6852616144335932686", "aweme_title": "听说山东煎饼出了名的锻炼牙口，我不信……#美食趣味计划 #趣味大比拼 #为山东美食打call", "aweme_url": "https://www.iesdouyin.com/share/video/6852616144335932686/?region=CN&mid=6852616178251533064&u_code=0&titleType=title", "download_url": "https://www.chanmama.com/awemeDetail/6852616144335932686", "digg_count": 2347, "digg_incr": 1936, "aweme_create_time": 1595499031, "category": 7, "volume": 5, "amount": 99}, "author": {"author_id": "101143413783", "nickname": "拉布斯的帽子", "follower_count": 434695}}, {"aweme": {"aweme_id": "6852488151395568896", "aweme_title": "100万亩宁夏硒砂瓜走进了千家万户#中卫硒砂瓜熟了 #dou为宁夏代言 @抖音小助手", "aweme_url": "https://www.iesdouyin.com/share/video/6852488151395568896/?region=CN&mid=6842170162666277640&u_code=1jab86a0l66l&titleType=title", "download_url": "https://www.chanmama.com/awemeDetail/6852488151395568896", "digg_count": 2961, "digg_incr": 1933, "aweme_create_time": 1595469230, "category": 7, "volume": 110, "amount": 4829}, "author": {"author_id": "206321282726412", "nickname": "一礼优选特产", "follower_count": 17692}}]}