{"data": [{"aweme": {"aweme_id": "6852677788390984967", "aweme_title": "河南南阳人 带着侄女在广州直播 两个普普通通的人从没想过三个月可以有60万的粉丝 营业额做到1800W", "aweme_url": "https://www.iesdouyin.com/share/video/6852677788390984967/?region=CN&mid=6824441291406101262&u_code=0&titleType=title", "download_url": "https://www.chanmama.com/awemeDetail/6852677788390984967", "digg_count": 2142, "digg_incr": 1892, "aweme_create_time": 1595513383, "category": 8, "volume": 39, "amount": 1946.1}, "author": {"author_id": "81556042931", "nickname": "大脸酥服装工厂（七月宠粉月）", "follower_count": 621976}}, {"aweme": {"aweme_id": "6852470348324064512", "aweme_title": "@抖音小助手 #曳步舞 #正能量", "aweme_url": "https://www.iesdouyin.com/share/video/6852470348324064512/?region=CN&mid=6852470328430447368&u_code=45a6gmj0h2h&titleType=title", "download_url": "https://www.chanmama.com/awemeDetail/6852470348324064512", "digg_count": 2620, "digg_incr": 1796, "aweme_create_time": 1595465086, "category": 8, "volume": 0, "amount": 0}, "author": {"author_id": "93514330439", "nickname": "小黄人曳步舞", "follower_count": 619505}}, {"aweme": {"aweme_id": "6852569797985619211", "aweme_title": "嘿@篮球少女哎哟薇🏀 想谈恋爱  想对你表白", "aweme_url": "https://www.iesdouyin.com/share/video/6852569797985619211/?region=CN&mid=6838821104258583310&u_code=0&titleType=title", "download_url": "https://www.chanmama.com/awemeDetail/6852569797985619211", "digg_count": 2897, "digg_incr": 1760, "aweme_create_time": 1595488248, "category": 8, "volume": 0, "amount": 0}, "author": {"author_id": "62281231334", "nickname": "篮球少女哎哟薇发疯号", "follower_count": 247168}}, {"aweme": {"aweme_id": "6852626713583652099", "aweme_title": "谁说练腰只是女人的事？我第一个不服！！#平衡波 #瘦腰提臀", "aweme_url": "https://www.iesdouyin.com/share/video/6852626713583652099/?region=CN&mid=6852626743140961031&u_code=0&titleType=title", "download_url": "https://www.chanmama.com/awemeDetail/6852626713583652099", "digg_count": 1961, "digg_incr": 1759, "aweme_create_time": 1595501496, "category": 8, "volume": 1, "amount": 39.9}, "author": {"author_id": "659316696947979", "nickname": "波动空间", "follower_count": 167116}}, {"aweme": {"aweme_id": "6852574592335154446", "aweme_title": "现在束腰真的是一种时尚，不管你胖不胖，塑形腰身是每个女生都要做的。#束腰带 #塑腰带 #收腹带", "aweme_url": "https://www.iesdouyin.com/share/video/6852574592335154446/?region=CN&mid=6852574611125570311&u_code=0&titleType=title", "download_url": "https://www.chanmama.com/awemeDetail/6852574592335154446", "digg_count": 10294, "digg_incr": 1746, "aweme_create_time": 1595489357, "category": 8, "volume": 60, "amount": 2994}, "author": {"author_id": "109008375474", "nickname": "美体师✨洛乔", "follower_count": 112171}}, {"aweme": {"aweme_id": "6852451079641124104", "aweme_title": "@沙家浜物語晴发了一个抖音短视频，你尽管点开，不好看算我输！", "aweme_url": "https://www.iesdouyin.com/share/video/6852451079641124104/?region=CN&mid=6806118979980053262&u_code=0&titleType=", "download_url": "https://www.chanmama.com/awemeDetail/6852451079641124104", "digg_count": 1907, "digg_incr": 1548, "aweme_create_time": 1595460604, "category": 8, "volume": 0, "amount": 0}, "author": {"author_id": "68841148283", "nickname": "沙家浜物語晴", "follower_count": 961527}}, {"aweme": {"aweme_id": "6852468241936174336", "aweme_title": "他们去过来的时候，你会怎么办？", "aweme_url": "https://www.iesdouyin.com/share/video/6852468241936174336/?region=CN&mid=6852468196155427592&u_code=0&titleType=title", "download_url": "https://www.chanmama.com/awemeDetail/6852468241936174336", "digg_count": 1453, "digg_incr": 1449, "aweme_create_time": 1595464595, "category": 8, "volume": 94, "amount": 3196}, "author": {"author_id": "81677330887", "nickname": "白乐乐", "follower_count": 365461}}, {"aweme": {"aweme_id": "6852483825096772879", "aweme_title": "水中核心从入水开始。#游泳 #公开水域", "aweme_url": "https://www.iesdouyin.com/share/video/6852483825096772879/?region=CN&mid=6852483815005588232&u_code=0&titleType=title", "download_url": "https://www.chanmama.com/awemeDetail/6852483825096772879", "digg_count": 1904, "digg_incr": 1435, "aweme_create_time": 1595468223, "category": 8, "volume": 2, "amount": 498}, "author": {"author_id": "69211976589", "nickname": "王雅婕_Shania", "follower_count": 199133}}, {"aweme": {"aweme_id": "6852626860753341709", "aweme_title": "只要你懂得这两个技巧，开车遇多窄的路也能安全通过适合各种道路", "aweme_url": "https://www.iesdouyin.com/share/video/6852626860753341709/?region=CN&mid=6852626922829253389&u_code=0&titleType=title", "download_url": "https://www.chanmama.com/awemeDetail/6852626860753341709", "digg_count": 1633, "digg_incr": 1429, "aweme_create_time": 1595501526, "category": 8, "volume": 0, "amount": 0}, "author": {"author_id": "852843913026712", "nickname": "开车教程", "follower_count": 289454}}, {"aweme": {"aweme_id": "6852615608484384015", "aweme_title": "我看出来了，这两个动作比较考验裤子😂😂 太#酷 了，确实很#帅 @抖音小助手 #拉丁舞", "aweme_url": "https://www.iesdouyin.com/share/video/6852615608484384015/?region=CN&mid=6852615620039691022&u_code=45a6gmj0h2h&titleType=title", "download_url": "https://www.chanmama.com/awemeDetail/6852615608484384015", "digg_count": 2075, "digg_incr": 1422, "aweme_create_time": 1595498905, "category": 8, "volume": 0, "amount": 0}, "author": {"author_id": "69783488653", "nickname": "港龙舞蹈", "follower_count": 703503}}, {"aweme": {"aweme_id": "6852616637284224256", "aweme_title": "办公室居家都能用的#折叠走步机 ，不占空间，#减肥 工作两不误，脚臭不要脱鞋哦#717奇妙好物在这里", "aweme_url": "https://www.iesdouyin.com/share/video/6852616637284224256/?region=CN&mid=6767889361070476045&u_code=0&titleType=title", "download_url": "https://www.chanmama.com/awemeDetail/6852616637284224256", "digg_count": 1756, "digg_incr": 1384, "aweme_create_time": 1595499145, "category": 8, "volume": 0, "amount": 0}, "author": {"author_id": "96089881161", "nickname": "京内科技馆", "follower_count": 934883}}, {"aweme": {"aweme_id": "6852428191143922958", "aweme_title": "#不期望大鱼大肉，粗茶淡饭就行，开心平安健康最重要。", "aweme_url": "https://www.iesdouyin.com/share/video/6852428191143922958/?region=CN&mid=6828563993850874637&u_code=0&titleType=title", "download_url": "https://www.chanmama.com/awemeDetail/6852428191143922958", "digg_count": 2193, "digg_incr": 1373, "aweme_create_time": 1595455286, "category": 8, "volume": 0, "amount": 0}, "author": {"author_id": "602172578597822", "nickname": "大妈曳步舞", "follower_count": 140901}}, {"aweme": {"aweme_id": "6852465028147432718", "aweme_title": "@小刘路亚之家🔥马口白条发了一个抖音短视频，你尽管点开，不好看算我输！", "aweme_url": "https://www.iesdouyin.com/share/video/6852465028147432718/?region=CN&mid=6852465011013536525&u_code=0&titleType=", "download_url": "https://www.chanmama.com/awemeDetail/6852465028147432718", "digg_count": 1741, "digg_incr": 1295, "aweme_create_time": 1595463850, "category": 8, "volume": 1, "amount": 50}, "author": {"author_id": "84555384046", "nickname": "小刘路亚之家🔥马口白条", "follower_count": 330635}}, {"aweme": {"aweme_id": "6852609169007136015", "aweme_title": "#正能量 #12345 @抖音小助手", "aweme_url": "https://www.iesdouyin.com/share/video/6852609169007136015/?region=CN&mid=6852609219917662990&u_code=0&titleType=title", "download_url": "https://www.chanmama.com/awemeDetail/6852609169007136015", "digg_count": 1674, "digg_incr": 1268, "aweme_create_time": 1595497412, "category": 8, "volume": 0, "amount": 0}, "author": {"author_id": "93514330439", "nickname": "小黄人曳步舞", "follower_count": 619505}}, {"aweme": {"aweme_id": "6852618702509165824", "aweme_title": "#跳绳 跳绳怕掉肌肉，这是我今年听到最大的一个笑话[憨笑][憨笑][憨笑]", "aweme_url": "https://www.iesdouyin.com/share/video/6852618702509165824/?region=CN&mid=6852618740401146631&u_code=0&titleType=title", "download_url": "https://www.chanmama.com/awemeDetail/6852618702509165824", "digg_count": 1458, "digg_incr": 1264, "aweme_create_time": 1595499626, "category": 8, "volume": 0, "amount": 0}, "author": {"author_id": "80753407428", "nickname": "大师兄HC", "follower_count": 187161}}, {"aweme": {"aweme_id": "6852611380894354701", "aweme_title": "女人再漂亮也得学会浪😄", "aweme_url": "https://www.iesdouyin.com/share/video/6852611380894354701/?region=CN&mid=6851878419710675719&u_code=0&titleType=title", "download_url": "https://www.chanmama.com/awemeDetail/6852611380894354701", "digg_count": 1307, "digg_incr": 1221, "aweme_create_time": 1595497922, "category": 8, "volume": 6, "amount": 948}, "author": {"author_id": "104616369708", "nickname": "航姐尚品服装", "follower_count": 251408}}, {"aweme": {"aweme_id": "6852476876380802307", "aweme_title": "特殊情况也不能偷懒，室内打卡～", "aweme_url": "https://www.iesdouyin.com/share/video/6852476876380802307/?region=CN&mid=6834720655666154247&u_code=0&titleType=title", "download_url": "https://www.chanmama.com/awemeDetail/6852476876380802307", "digg_count": 1481, "digg_incr": 1193, "aweme_create_time": 1595466617, "category": 8, "volume": 0, "amount": 0}, "author": {"author_id": "98642453261", "nickname": "Cai熙", "follower_count": 282668}}, {"aweme": {"aweme_id": "6852549009941253380", "aweme_title": "炎炎夏日，清凉一下，夏日运动健身必备喷雾水杯#水杯@DOU+小助手", "aweme_url": "https://www.iesdouyin.com/share/video/6852549009941253380/?region=CN&mid=6852549053822028557&u_code=0&titleType=title", "download_url": "https://www.chanmama.com/awemeDetail/6852549009941253380", "digg_count": 1159, "digg_incr": 1148, "aweme_create_time": 1595483408, "category": 8, "volume": 2, "amount": 59.8}, "author": {"author_id": "1134351337929304", "nickname": "轰炸办公室", "follower_count": 118369}}, {"aweme": {"aweme_id": "6852621230437158147", "aweme_title": "5000个跳绳打卡，浪起来#减肥 #在家训练 #跳绳", "aweme_url": "https://www.iesdouyin.com/share/video/6852621230437158147/?region=CN&mid=6826664652626217736&u_code=0&titleType=title", "download_url": "https://www.chanmama.com/awemeDetail/6852621230437158147", "digg_count": 1520, "digg_incr": 1108, "aweme_create_time": 1595500219, "category": 8, "volume": 0, "amount": 0}, "author": {"author_id": "63954680491", "nickname": "大帅减肥很努力", "follower_count": 194983}}, {"aweme": {"aweme_id": "6852510040662805775", "aweme_title": "之前的转音挑战大翻车，这次不会让你们失望 #腹肌腹肌 #换装 #darkhorse", "aweme_url": "https://www.iesdouyin.com/share/video/6852510040662805775/?region=CN&mid=6849205875257690888&u_code=0&titleType=title", "download_url": "https://www.chanmama.com/awemeDetail/6852510040662805775", "digg_count": 1334, "digg_incr": 1094, "aweme_create_time": 1595474326, "category": 8, "volume": 0, "amount": 0}, "author": {"author_id": "62430786432", "nickname": "王的的", "follower_count": 104741}}, {"aweme": {"aweme_id": "6852517259861183759", "aweme_title": "对自己越狠越爽 一直狠 一直爽，多花点时间在学习和变美上 哪个都能让你尝到甜头 不信你试试", "aweme_url": "https://www.iesdouyin.com/share/video/6852517259861183759/?region=CN&mid=6852517273173904135&u_code=0&titleType=title", "download_url": "https://www.chanmama.com/awemeDetail/6852517259861183759", "digg_count": 1187, "digg_incr": 1082, "aweme_create_time": 1595476007, "category": 8, "volume": 0, "amount": 0}, "author": {"author_id": "71596074383", "nickname": "kateNan  今天下午八点直播", "follower_count": 204259}}, {"aweme": {"aweme_id": "6852514049297501448", "aweme_title": "82年，🐶集合了！我已经是单身群体中圣斗士级别的，我的战友还有多少？#抖音小助手 #单身狗", "aweme_url": "https://www.iesdouyin.com/share/video/6852514049297501448/?region=CN&mid=6723983372437162759&u_code=0&titleType=title", "download_url": "https://www.chanmama.com/awemeDetail/6852514049297501448", "digg_count": 1305, "digg_incr": 1070, "aweme_create_time": 1595475261, "category": 8, "volume": 0, "amount": 0}, "author": {"author_id": "3170616982908380", "nickname": "貔貅", "follower_count": 133957}}, {"aweme": {"aweme_id": "6852448563847351556", "aweme_title": "10公里55分钟 配速530 心率138 步频191 步副94  跑步瘦30斤，瘦了不但好看还年轻#减肥#瘦", "aweme_url": "https://www.iesdouyin.com/share/video/6852448563847351556/?region=CN&mid=6712764660870843143&u_code=0&titleType=title", "download_url": "https://www.chanmama.com/awemeDetail/6852448563847351556", "digg_count": 1177, "digg_incr": 1070, "aweme_create_time": 1595460033, "category": 8, "volume": 10, "amount": 990}, "author": {"author_id": "93106991771", "nickname": "辫子奕", "follower_count": 180506}}, {"aweme": {"aweme_id": "6852452669638855936", "aweme_title": "下半身拉伸合集来了#拉伸 #运动前后拉伸动作 #抖音小助手  今天休息不直播哦", "aweme_url": "https://www.iesdouyin.com/share/video/6852452669638855936/?region=CN&mid=6816556982003272456&u_code=0&titleType=title", "download_url": "https://www.chanmama.com/awemeDetail/6852452669638855936", "digg_count": 2051, "digg_incr": 1070, "aweme_create_time": 1595460971, "category": 8, "volume": 0, "amount": 0}, "author": {"author_id": "83974104606", "nickname": "娟儿👄", "follower_count": 430127}}, {"aweme": {"aweme_id": "6852613795114765579", "aweme_title": "#肚皮舞 #东方舞 瘦了8斤，走路会飘，感觉会飞", "aweme_url": "https://www.iesdouyin.com/share/video/6852613795114765579/?region=CN&mid=6849254697937701645&u_code=0&titleType=title", "download_url": "https://www.chanmama.com/awemeDetail/6852613795114765579", "digg_count": 1607, "digg_incr": 1064, "aweme_create_time": 1595498488, "category": 8, "volume": 3, "amount": 117}, "author": {"author_id": "97639278728", "nickname": "菲碧健身", "follower_count": 203990}}, {"aweme": {"aweme_id": "6852581848401333519", "aweme_title": "#跳绳不累有效果吗 可能跟你们想的不一样！减肥需要智慧有时候是你想复杂了#跟大叔推荐的音乐跳绳 #跳就完啦", "aweme_url": "https://www.iesdouyin.com/share/video/6852581848401333519/?region=CN&mid=6852581862523947783&u_code=0&titleType=title", "download_url": "https://www.chanmama.com/awemeDetail/6852581848401333519", "digg_count": 1566, "digg_incr": 1036, "aweme_create_time": 1595491045, "category": 8, "volume": 16, "amount": 624}, "author": {"author_id": "96145926379", "nickname": "210跳绳大叔", "follower_count": 227009}}, {"aweme": {"aweme_id": "6852628526659554567", "aweme_title": "看数字学舞#专治学不会", "aweme_url": "https://www.iesdouyin.com/share/video/6852628526659554567/?region=CN&mid=6712943629591268110&u_code=0&titleType=title", "download_url": "https://www.chanmama.com/awemeDetail/6852628526659554567", "digg_count": 1208, "digg_incr": 1030, "aweme_create_time": 1595501914, "category": 8, "volume": 0, "amount": 0}, "author": {"author_id": "83926582025", "nickname": "林妹妹❤️跳舞", "follower_count": 666551}}, {"aweme": {"aweme_id": "6852623540999458062", "aweme_title": "#直播间 #marmot 土拨鼠清凉再战。 #户外前沿装备", "aweme_url": "https://www.iesdouyin.com/share/video/6852623540999458062/?region=CN&mid=6852623555990670094&u_code=0&titleType=title", "download_url": "https://www.chanmama.com/awemeDetail/6852623540999458062", "digg_count": 1044, "digg_incr": 1029, "aweme_create_time": 1595500753, "category": 8, "volume": 3, "amount": 1470}, "author": {"author_id": "93989883513", "nickname": "爱户外的wiwy", "follower_count": 72918}}, {"aweme": {"aweme_id": "6852510613369834767", "aweme_title": "科学地跑步，掌握几个关键点的标准原则，其他则无需多考虑，按自己舒服的跑姿来跑就好了#马拉松 #跑姿#健身科学", "aweme_url": "https://www.iesdouyin.com/share/video/6852510613369834767/?region=CN&mid=6824391923466242056&u_code=0&titleType=title", "download_url": "https://www.chanmama.com/awemeDetail/6852510613369834767", "digg_count": 1727, "digg_incr": 1024, "aweme_create_time": 1595474459, "category": 8, "volume": 0, "amount": 0}, "author": {"author_id": "96484773679", "nickname": "&沿途有你", "follower_count": 302431}}, {"aweme": {"aweme_id": "6852433279409229063", "aweme_title": "@潍坊咏美发了一个抖音短视频，你尽管点开，不好看算我输！", "aweme_url": "https://www.iesdouyin.com/share/video/6852433279409229063/?region=CN&mid=6670765892248423176&u_code=0&titleType=", "download_url": "https://www.chanmama.com/awemeDetail/6852433279409229063", "digg_count": 1142, "digg_incr": 1013, "aweme_create_time": 1595456466, "category": 8, "volume": 1, "amount": 60.8}, "author": {"author_id": "93212675131", "nickname": "潍坊咏美", "follower_count": 439998}}, {"aweme": {"aweme_id": "6852628358547639564", "aweme_title": "如果你不开心，那就开始跳绳吧！8首歌30分钟3000个消耗480千卡#跳绳是最好的整容", "aweme_url": "https://www.iesdouyin.com/share/video/6852628358547639564/?region=CN&mid=6832694483998837517&u_code=0&titleType=title", "download_url": "https://www.chanmama.com/awemeDetail/6852628358547639564", "digg_count": 1500, "digg_incr": 998, "aweme_create_time": 1595501878, "category": 8, "volume": 0, "amount": 0}, "author": {"author_id": "111063763715", "nickname": "鼻孔哥哥爱健身", "follower_count": 667163}}, {"aweme": {"aweme_id": "6852479284771081486", "aweme_title": "雨一直下我们还在嘚瑟呢😂😂#广场舞@抖音小助手", "aweme_url": "https://www.iesdouyin.com/share/video/6852479284771081486/?region=CN&mid=6852423825007676168&u_code=0&titleType=title", "download_url": "https://www.chanmama.com/awemeDetail/6852479284771081486", "digg_count": 1199, "digg_incr": 995, "aweme_create_time": 1595467168, "category": 8, "volume": 1, "amount": 168}, "author": {"author_id": "67921977389", "nickname": "舞衣恋裳", "follower_count": 272441}}, {"aweme": {"aweme_id": "6852483714904050951", "aweme_title": "当努力成了人生常态，生活就充满希望", "aweme_url": "https://www.iesdouyin.com/share/video/6852483714904050951/?region=CN&mid=6613286836121029380&u_code=0&titleType=title", "download_url": "https://www.chanmama.com/awemeDetail/6852483714904050951", "digg_count": 1562, "digg_incr": 989, "aweme_create_time": 1595468199, "category": 8, "volume": 0, "amount": 0}, "author": {"author_id": "88476515902", "nickname": "闫小硕（每天早6：30直播）", "follower_count": 289225}}, {"aweme": {"aweme_id": "6852526456443096335", "aweme_title": "#运动穿搭 来咯，数的来我换了几套嘛 有木有你喜欢的🌚 @抖音小助手", "aweme_url": "https://www.iesdouyin.com/share/video/6852526456443096335/?region=CN&mid=6852526460784757511&u_code=0&titleType=title", "download_url": "https://www.chanmama.com/awemeDetail/6852526456443096335", "digg_count": 1375, "digg_incr": 950, "aweme_create_time": 1595478148, "category": 8, "volume": 1, "amount": 129}, "author": {"author_id": "3051845918405980", "nickname": "尤油", "follower_count": 823410}}, {"aweme": {"aweme_id": "6852605622760787211", "aweme_title": "时间初定 #中超 #中甲 今年联赛都实行赛会制#足球#天山雪豹 #球迷", "aweme_url": "https://www.iesdouyin.com/share/video/6852605622760787211/?region=CN&mid=6776149028137650947&u_code=0&titleType=title", "download_url": "https://www.chanmama.com/awemeDetail/6852605622760787211", "digg_count": 1519, "digg_incr": 943, "aweme_create_time": 1595496586, "category": 8, "volume": 1, "amount": 65}, "author": {"author_id": "105716083178", "nickname": "买买提江【天山雪豹】", "follower_count": 109657}}, {"aweme": {"aweme_id": "6852643208141245708", "aweme_title": "简单清爽的一套搭配，弹力大不挑人，显瘦又划算#小个子穿搭", "aweme_url": "https://www.iesdouyin.com/share/video/6852643208141245708/?region=CN&mid=6845575211643865864&u_code=3702798img6h&titleType=title", "download_url": "https://www.chanmama.com/awemeDetail/6852643208141245708", "digg_count": 1645, "digg_incr": 926, "aweme_create_time": 1595505336, "category": 8, "volume": 0, "amount": 0}, "author": {"author_id": "82968046239", "nickname": "小贝呗服装批发", "follower_count": 401480}}, {"aweme": {"aweme_id": "6852422962620992783", "aweme_title": "草原的月亮第三节细致分解！#慢动作 #热门音乐 #717抖音奇妙好物市集", "aweme_url": "https://www.iesdouyin.com/share/video/6852422962620992783/?region=CN&mid=6847793329204136712&u_code=0&titleType=title", "download_url": "https://www.chanmama.com/awemeDetail/6852422962620992783", "digg_count": 1222, "digg_incr": 916, "aweme_create_time": 1595454068, "category": 8, "volume": 3, "amount": 177}, "author": {"author_id": "4019435223134067", "nickname": "阳城县山妹舞蹈俱乐部", "follower_count": 196408}}, {"aweme": {"aweme_id": "6852417312369282304", "aweme_title": "女生最好看的样子，不是18岁稚嫩，不是30岁的成熟。而是任何年龄、任何阶段，都充满自信的样子#跑步 #自律", "aweme_url": "https://www.iesdouyin.com/share/video/6852417312369282304/?region=CN&mid=6850364151315909389&u_code=0&titleType=title", "download_url": "https://www.chanmama.com/awemeDetail/6852417312369282304", "digg_count": 1081, "digg_incr": 912, "aweme_create_time": 1595452761, "category": 8, "volume": 2, "amount": 427}, "author": {"author_id": "96484773679", "nickname": "&沿途有你", "follower_count": 302431}}, {"aweme": {"aweme_id": "6852445880461561088", "aweme_title": "新舞64步🔥下个视频背面演示@抖音小助手", "aweme_url": "https://www.iesdouyin.com/share/video/6852445880461561088/?region=CN&mid=6852445833665809165&u_code=0&titleType=title", "download_url": "https://www.chanmama.com/awemeDetail/6852445880461561088", "digg_count": 1002, "digg_incr": 902, "aweme_create_time": 1595459391, "category": 8, "volume": 0, "amount": 0}, "author": {"author_id": "82104149867", "nickname": "珍惜～爱跳舞💃", "follower_count": 783390}}, {"aweme": {"aweme_id": "6852440601141464333", "aweme_title": "32步《红尘中遇到你》@抖音小助手 @DOU+小助手", "aweme_url": "https://www.iesdouyin.com/share/video/6852440601141464333/?region=CN&mid=6839314473464924935&u_code=0&titleType=title", "download_url": "https://www.chanmama.com/awemeDetail/6852440601141464333", "digg_count": 1039, "digg_incr": 895, "aweme_create_time": 1595458166, "category": 8, "volume": 0, "amount": 0}, "author": {"author_id": "62319652366", "nickname": "轩～", "follower_count": 311328}}, {"aweme": {"aweme_id": "6852621862887902479", "aweme_title": "不会掉的#呼啦圈 ，全家都能用，我终于能穿露脐装了！", "aweme_url": "https://www.iesdouyin.com/share/video/6852621862887902479/?region=CN&mid=6852621873482894093&u_code=0&titleType=title", "download_url": "https://www.chanmama.com/awemeDetail/6852621862887902479", "digg_count": 1039, "digg_incr": 874, "aweme_create_time": 1595500362, "category": 8, "volume": 0, "amount": 0}, "author": {"author_id": "104175898052", "nickname": "一朵柔柔哒", "follower_count": 250927}}, {"aweme": {"aweme_id": "6852603873664847111", "aweme_title": "完整版（鸟儿对花儿说）#锻炼身体协调性 提高身体免疫力，每天坚持锻炼，越跳越上瘾#锻炼运动", "aweme_url": "https://www.iesdouyin.com/share/video/6852603873664847111/?region=CN&mid=6848430023884475143&u_code=0&titleType=title", "download_url": "https://www.chanmama.com/awemeDetail/6852603873664847111", "digg_count": 1093, "digg_incr": 863, "aweme_create_time": 1595496174, "category": 8, "volume": 0, "amount": 0}, "author": {"author_id": "63956385757", "nickname": "简简单单", "follower_count": 424315}}, {"aweme": {"aweme_id": "6852524519333039375", "aweme_title": "如果单纯跳绳已经不能满足你，试试间歇跳，教练说这样的组合跳燃脂更强#跳绳 #减肥", "aweme_url": "https://www.iesdouyin.com/share/video/6852524519333039375/?region=CN&mid=6835216116088834055&u_code=0&titleType=title", "download_url": "https://www.chanmama.com/awemeDetail/6852524519333039375", "digg_count": 1258, "digg_incr": 857, "aweme_create_time": 1595477697, "category": 8, "volume": 2, "amount": 128}, "author": {"author_id": "97119928326", "nickname": "奔跑的兔几", "follower_count": 22542}}, {"aweme": {"aweme_id": "6852623846235786507", "aweme_title": "这大概是我不玩“不撞鞋挑战”的原因了 #小众品牌", "aweme_url": "https://www.iesdouyin.com/share/video/6852623846235786507/?region=CN&mid=6852623903572544263&u_code=0&titleType=title", "download_url": "https://www.chanmama.com/awemeDetail/6852623846235786507", "digg_count": 1554, "digg_incr": 812, "aweme_create_time": 1595500828, "category": 8, "volume": 0, "amount": 0}, "author": {"author_id": "103661248089", "nickname": "Hea爆", "follower_count": 246293}}, {"aweme": {"aweme_id": "6852550356950404359", "aweme_title": "#辣妈塑形 #自律 女人没事就多多赚钱和健身好身材和钱不香吗？不要想着男人爱不爱你，自己变优秀了，不愁没人爱！", "aweme_url": "https://www.iesdouyin.com/share/video/6852550356950404359/?region=CN&mid=6843574716985346830&u_code=0&titleType=title", "download_url": "https://www.chanmama.com/awemeDetail/6852550356950404359", "digg_count": 1162, "digg_incr": 721, "aweme_create_time": 1595483715, "category": 8, "volume": 2, "amount": 118}, "author": {"author_id": "54989799404", "nickname": "希-", "follower_count": 213308}}, {"aweme": {"aweme_id": "6851443060795002119", "aweme_title": "#美人计塑身衣 跟着张子枫打卡直角肩！ #张子枫  #直角肩", "aweme_url": "https://www.iesdouyin.com/share/video/6851443060795002119/?region=CN&mid=6851443183261027080&u_code=0&titleType=title", "download_url": "https://www.chanmama.com/awemeDetail/6851443060795002119", "digg_count": 1405, "digg_incr": 702, "aweme_create_time": 1595470800, "category": 8, "volume": 0, "amount": 0}, "author": {"author_id": "153534384846171", "nickname": "美人计", "follower_count": 12745}}, {"aweme": {"aweme_id": "6852617477797580032", "aweme_title": "自律可以从内而外的改变一个人，从而改变人生。你最自律的事是什么呢#正能量#励志#自律改变生活", "aweme_url": "https://www.iesdouyin.com/share/video/6852617477797580032/?region=CN&mid=6851554171142228744&u_code=0&titleType=title", "download_url": "https://www.chanmama.com/awemeDetail/6852617477797580032", "digg_count": 1573, "digg_incr": 625, "aweme_create_time": 1595499341, "category": 8, "volume": 0, "amount": 0}, "author": {"author_id": "96024850157", "nickname": "胡燕琳", "follower_count": 255136}}, {"aweme": {"aweme_id": "6852510428434599179", "aweme_title": "@盛东户外发了一个抖音短视频，你尽管点开，不好看算我输！", "aweme_url": "https://www.iesdouyin.com/share/video/6852510428434599179/?region=CN&mid=6852510476799134471&u_code=0&titleType=", "download_url": "https://www.chanmama.com/awemeDetail/6852510428434599179", "digg_count": 1081, "digg_incr": 575, "aweme_create_time": 1595474425, "category": 8, "volume": 0, "amount": 0}, "author": {"author_id": "2348181697072936", "nickname": "盛东户外", "follower_count": 132088}}, {"aweme": {"aweme_id": "6852544809563852036", "aweme_title": "脊柱有多健康，人就会有多年轻！每天坚持站20分钟，你会发现背薄了，身体曲线出来了，整个人都被拉长了！", "aweme_url": "https://www.iesdouyin.com/share/video/6852544809563852036/?region=CN&mid=6715972571072072456&u_code=0&titleType=title", "download_url": "https://www.chanmama.com/awemeDetail/6852544809563852036", "digg_count": 1526, "digg_incr": 574, "aweme_create_time": 1595482430, "category": 8, "volume": 1, "amount": 19.9}, "author": {"author_id": "646113177378316", "nickname": "小笨猪爱运动", "follower_count": 257093}}, {"aweme": {"aweme_id": "6852520297644444942", "aweme_title": "背锅小姐姐说发第二次她会火 #我要上热门  #企业号小助手  #斯凯奇", "aweme_url": "https://www.iesdouyin.com/share/video/6852520297644444942/?region=CN&mid=6852520387993963278&u_code=1idm1el5a77i&titleType=title", "download_url": "https://www.chanmama.com/awemeDetail/6852520297644444942", "digg_count": 1018, "digg_incr": 386, "aweme_create_time": 1595476734, "category": 8, "volume": 0, "amount": 0}, "author": {"author_id": "3491681579045024", "nickname": "斯凯奇官方专卖店", "follower_count": 117257}}, {"aweme": {"aweme_id": "6852596464065973507", "aweme_title": "一招帮你长高6厘米，矫正驼背。今晚7点进来直播间燕子老师教你方法。", "aweme_url": "https://www.iesdouyin.com/share/video/6852596464065973507/?region=CN&mid=6840216802572634120&u_code=0&titleType=title", "download_url": "https://www.chanmama.com/awemeDetail/6852596464065973507", "digg_count": 1366, "digg_incr": 327, "aweme_create_time": 1595494454, "category": 8, "volume": 0, "amount": 0}, "author": {"author_id": "3280534679070720", "nickname": "艺霖舞蹈艺术中心", "follower_count": 111494}}]}