{"data": [{"aweme": {"aweme_id": "6852610842580536583", "aweme_title": "母爱就像一把伞,全新全意保护你，感谢母亲。#dou艺计划", "aweme_url": "https://www.iesdouyin.com/share/video/6852610842580536583/?region=CN&mid=6852610869315062536&u_code=45a6gmj0h2h&titleType=title", "download_url": "https://www.chanmama.com/awemeDetail/6852610842580536583", "digg_count": 31829, "digg_incr": 31515, "aweme_create_time": 1595497797, "category": 9, "volume": 0, "amount": 0}, "author": {"author_id": "566985438793780", "nickname": "古伞大师（匠林风华）", "follower_count": 331764}}, {"aweme": {"aweme_id": "6852504434216324360", "aweme_title": "你是我拒绝别人的理由，对于我来说已经足够❤️", "aweme_url": "https://www.iesdouyin.com/share/video/6852504434216324360/?region=CN&mid=6851865147700316942&u_code=0&titleType=title", "download_url": "https://www.chanmama.com/awemeDetail/6852504434216324360", "digg_count": 13536, "digg_incr": 12954, "aweme_create_time": 1595473022, "category": 9, "volume": 40, "amount": 6320}, "author": {"author_id": "104616369708", "nickname": "航姐尚品服装", "follower_count": 251408}}, {"aweme": {"aweme_id": "6852471802833292557", "aweme_title": "有心者有所累，无心者无所谓！#好物推荐 @抖音小助手", "aweme_url": "https://www.iesdouyin.com/share/video/6852471802833292557/?region=CN&mid=6852242343387515655&u_code=2g9cfgh2e1cm&titleType=title", "download_url": "https://www.chanmama.com/awemeDetail/6852471802833292557", "digg_count": 10830, "digg_incr": 9227, "aweme_create_time": 1595465427, "category": 9, "volume": 9, "amount": 891}, "author": {"author_id": "67279793363", "nickname": "皖C:再接再厉", "follower_count": 687203}}, {"aweme": {"aweme_id": "6852506898734927104", "aweme_title": "华夫格浴袍睡衣两用正在直播中.....", "aweme_url": "https://www.iesdouyin.com/share/video/6852506898734927104/?region=CN&mid=6852506900010273543&u_code=0&titleType=title", "download_url": "https://www.chanmama.com/awemeDetail/6852506898734927104", "digg_count": 7821, "digg_incr": 7859, "aweme_create_time": 1595473595, "category": 9, "volume": 616, "amount": 36344}, "author": {"author_id": "870435004886184", "nickname": "峰哥又来了", "follower_count": 230321}}, {"aweme": {"aweme_id": "6852529206547565839", "aweme_title": "喜欢狗狗的朋友，赶快安排！", "aweme_url": "https://www.iesdouyin.com/share/video/6852529206547565839/?region=CN&mid=6562055399833340686&u_code=3e536jfiei4d&titleType=title", "download_url": "https://www.chanmama.com/awemeDetail/6852529206547565839", "digg_count": 14654, "digg_incr": 7522, "aweme_create_time": 1595478789, "category": 9, "volume": 67, "amount": 2204.2999999999997}, "author": {"author_id": "659347850133741", "nickname": "迷迭香家饰", "follower_count": 27981}}, {"aweme": {"aweme_id": "6852575591196003584", "aweme_title": "不要以为硬装结束就完工了，轻装修重装饰，在软装这条路上从未停过，带抽纸功能的大象茶几吉祥又可爱，爱了。", "aweme_url": "https://www.iesdouyin.com/share/video/6852575591196003584/?region=CN&mid=6845608660463667981&u_code=0&titleType=title", "download_url": "https://www.chanmama.com/awemeDetail/6852575591196003584", "digg_count": 10979, "digg_incr": 5609, "aweme_create_time": 1595489588, "category": 9, "volume": 0, "amount": 0}, "author": {"author_id": "71571497930", "nickname": "思思猫", "follower_count": 618510}}, {"aweme": {"aweme_id": "6852450577083796750", "aweme_title": "有些专门做地毯厂家的直播间限时秒杀，原来是套路啊。大家还是擦亮眼睛吧。", "aweme_url": "https://www.iesdouyin.com/share/video/6852450577083796750/?region=CN&mid=6606010775104391174&u_code=3ghh3kbgkj6b&titleType=title", "download_url": "https://www.chanmama.com/awemeDetail/6852450577083796750", "digg_count": 5057, "digg_incr": 5091, "aweme_create_time": 1595460487, "category": 9, "volume": 48, "amount": 614.4000000000001}, "author": {"author_id": "108431190156", "nickname": "洋洋的分享日记", "follower_count": 12797}}, {"aweme": {"aweme_id": "6852549145606147343", "aweme_title": "只要是铁粉，我这条视频不睡觉都要全部回复。#民俗守艺人", "aweme_url": "https://www.iesdouyin.com/share/video/6852549145606147343/?region=CN&mid=6852549148193917710&u_code=1h7f31l10dd3&titleType=title", "download_url": "https://www.chanmama.com/awemeDetail/6852549145606147343", "digg_count": 5736, "digg_incr": 4605, "aweme_create_time": 1595483431, "category": 9, "volume": 0, "amount": 0}, "author": {"author_id": "106173531292", "nickname": "闻叔的伞", "follower_count": 858842}}, {"aweme": {"aweme_id": "6852632721907305735", "aweme_title": "开箱一棵幸运木", "aweme_url": "https://www.iesdouyin.com/share/video/6852632721907305735/?region=CN&mid=6852632834318830349&u_code=0&titleType=title", "download_url": "https://www.chanmama.com/awemeDetail/6852632721907305735", "digg_count": 8304, "digg_incr": 4265, "aweme_create_time": 1595502910, "category": 9, "volume": 56, "amount": 492.80000000000007}, "author": {"author_id": "53455047756", "nickname": "朝阳君的花园", "follower_count": 852653}}, {"aweme": {"aweme_id": "6852606798747307272", "aweme_title": "你放假了吗#好玩 #创意 #暑假 #手工 @抖音小助手", "aweme_url": "https://www.iesdouyin.com/share/video/6852606798747307272/?region=CN&mid=6808820903255722760&u_code=0&titleType=title", "download_url": "https://www.chanmama.com/awemeDetail/6852606798747307272", "digg_count": 4316, "digg_incr": 4126, "aweme_create_time": 1595496856, "category": 9, "volume": 11, "amount": 209}, "author": {"author_id": "3931454453331422", "nickname": "隔壁班好物", "follower_count": 190567}}, {"aweme": {"aweme_id": "6852529719829597440", "aweme_title": "葫芦口小肚大，民间也有聚气生财的美誉，你听说过吗？#葫芦 #感恩 #美好加热节 @DOU+小助手", "aweme_url": "https://www.iesdouyin.com/share/video/6852529719829597440/?region=CN&mid=6852529709500746503&u_code=143k31akahb5&titleType=title", "download_url": "https://www.chanmama.com/awemeDetail/6852529719829597440", "digg_count": 4091, "digg_incr": 3325, "aweme_create_time": 1595478908, "category": 9, "volume": 171, "amount": 2872.8}, "author": {"author_id": "55315338449", "nickname": "二哥（8月18号开播更多惊喜请期待）", "follower_count": 440309}}, {"aweme": {"aweme_id": "6852500308665322766", "aweme_title": "考上大学大贵了，真是个顾家的孩子#考大学真心是不容易  #人小鬼大说的就是你 #妈妈咪鸭#高清60帧剪辑", "aweme_url": "https://www.iesdouyin.com/share/video/6852500308665322766/?region=CN&mid=6852500310636972808&u_code=45a6gmj0h2h&titleType=title", "download_url": "https://www.chanmama.com/awemeDetail/6852500308665322766", "digg_count": 4652, "digg_incr": 2717, "aweme_create_time": 1595472061, "category": 9, "volume": 10, "amount": 360}, "author": {"author_id": "2154654356741367", "nickname": "卡卡动漫", "follower_count": 336324}}, {"aweme": {"aweme_id": "6852415178491940096", "aweme_title": "你的老公有没有这些特征#床上用品#四件套#生活#好物推荐@DOU+小助手#卖货能手", "aweme_url": "https://www.iesdouyin.com/share/video/6852415178491940096/?region=CN&mid=6841870451438816013&u_code=0&titleType=title", "download_url": "https://www.chanmama.com/awemeDetail/6852415178491940096", "digg_count": 2290, "digg_incr": 2287, "aweme_create_time": 1595452268, "category": 9, "volume": 0, "amount": 0}, "author": {"author_id": "2563694680374039", "nickname": "通州区平潮镇觉度家纺店", "follower_count": 128714}}, {"aweme": {"aweme_id": "6852612241456467200", "aweme_title": "教您如何分辨磷酸二氢钾", "aweme_url": "https://www.iesdouyin.com/share/video/6852612241456467200/?region=CN&mid=6852612729996643080&u_code=45a6gmj0h2h&titleType=title", "download_url": "https://www.chanmama.com/awemeDetail/6852612241456467200", "digg_count": 2719, "digg_incr": 2199, "aweme_create_time": 1595498145, "category": 9, "volume": 0, "amount": 0}, "author": {"author_id": "4503669881778346", "nickname": "农业一枝花", "follower_count": 300465}}, {"aweme": {"aweme_id": "6852509116892450062", "aweme_title": "药不治假病，酒不解真愁，衣不如新，人不如故，安慰了别人，却放不过自己。#四件套", "aweme_url": "https://www.iesdouyin.com/share/video/6852509116892450062/?region=CN&mid=6852509381297195789&u_code=0&titleType=title", "download_url": "https://www.chanmama.com/awemeDetail/6852509116892450062", "digg_count": 5353, "digg_incr": 2076, "aweme_create_time": 1595474170, "category": 9, "volume": 33, "amount": 13167}, "author": {"author_id": "81055983006", "nickname": "孔龙家纺", "follower_count": 14892}}, {"aweme": {"aweme_id": "6852610330204425487", "aweme_title": "#绿陇农业课堂 市面上磷酸二氢钾假货太多，教您学会分辨真假磷酸二氢钾。#农业 #磷酸二氢钾 @抖音小助手", "aweme_url": "https://www.iesdouyin.com/share/video/6852610330204425487/?region=CN&mid=6852610358142651150&u_code=0&titleType=title", "download_url": "https://www.chanmama.com/awemeDetail/6852610330204425487", "digg_count": 2796, "digg_incr": 2055, "aweme_create_time": 1595497677, "category": 9, "volume": 2, "amount": 50}, "author": {"author_id": "100455702664", "nickname": "绿陇农业课堂", "follower_count": 521489}}, {"aweme": {"aweme_id": "6852509583114587399", "aweme_title": "惊喜多多...", "aweme_url": "https://www.iesdouyin.com/share/video/6852509583114587399/?region=CN&mid=6852509600957483789&u_code=1ld7d22l6cmf&titleType=title", "download_url": "https://www.chanmama.com/awemeDetail/6852509583114587399", "digg_count": 2035, "digg_incr": 2035, "aweme_create_time": 1595474221, "category": 9, "volume": 167, "amount": 16533}, "author": {"author_id": "1486152353190027", "nickname": "南通梦绕家纺有限公司", "follower_count": 183588}}, {"aweme": {"aweme_id": "6852527176110099720", "aweme_title": "现代轻奢最新的时尚配色，建议收藏！ #窗帘  #装修  @抖音小助手", "aweme_url": "https://www.iesdouyin.com/share/video/6852527176110099720/?region=CN&mid=6852527266212498189&u_code=0&titleType=title", "download_url": "https://www.chanmama.com/awemeDetail/6852527176110099720", "digg_count": 2112, "digg_incr": 2025, "aweme_create_time": 1595478336, "category": 9, "volume": 0, "amount": 0}, "author": {"author_id": "74982778851", "nickname": "长安锦布络·窗帘", "follower_count": 199129}}, {"aweme": {"aweme_id": "6852484488514030855", "aweme_title": "最近会慢慢给花园添置一些好看的花园摆件，丰富下花园的层次感和美感#花漾庭院", "aweme_url": "https://www.iesdouyin.com/share/video/6852484488514030855/?region=CN&mid=6524262375594724110&u_code=3ghh3kbldcj3&titleType=title", "download_url": "https://www.chanmama.com/awemeDetail/6852484488514030855", "digg_count": 2598, "digg_incr": 1811, "aweme_create_time": 1595468379, "category": 9, "volume": 2, "amount": 177.98}, "author": {"author_id": "13855231453", "nickname": "微微的花草世界", "follower_count": 463796}}, {"aweme": {"aweme_id": "6852520754400005383", "aweme_title": "这种生活常用品，定期就要换一换哦~幸福感也因此提升了~#购物分享 #毛巾", "aweme_url": "https://www.iesdouyin.com/share/video/6852520754400005383/?region=CN&mid=6852520890207439630&u_code=0&titleType=title", "download_url": "https://www.chanmama.com/awemeDetail/6852520754400005383", "digg_count": 2008, "digg_incr": 1660, "aweme_create_time": 1595498389, "category": 9, "volume": 110, "amount": 9790}, "author": {"author_id": "101837512999", "nickname": "璋哥", "follower_count": 689387}}, {"aweme": {"aweme_id": "6852461395993169152", "aweme_title": "@抖音小助手", "aweme_url": "https://www.iesdouyin.com/share/video/6852461395993169152/?region=CN&mid=6852461362124262157&u_code=32h9jia8g2g9&titleType=title", "download_url": "https://www.chanmama.com/awemeDetail/6852461395993169152", "digg_count": 1632, "digg_incr": 1632, "aweme_create_time": 1595463002, "category": 9, "volume": 106, "amount": 1048.3400000000001}, "author": {"author_id": "3122201082203592", "nickname": "媛源衣坊服装", "follower_count": 29708}}, {"aweme": {"aweme_id": "6852649229534432520", "aweme_title": "惊喜多多....", "aweme_url": "https://www.iesdouyin.com/share/video/6852649229534432520/?region=CN&mid=6852649244521024264&u_code=2bh2d4j120l6&titleType=title", "download_url": "https://www.chanmama.com/awemeDetail/6852649229534432520", "digg_count": 1541, "digg_incr": 1507, "aweme_create_time": 1595506734, "category": 9, "volume": 0, "amount": 0}, "author": {"author_id": "1486152353190027", "nickname": "南通梦绕家纺有限公司", "follower_count": 183588}}, {"aweme": {"aweme_id": "6852251682940685581", "aweme_title": "啊这男朋友看到这条视频会不会跟我分手啊 #原相机  #卸妆前卸妆后 #卸妆巾", "aweme_url": "https://www.iesdouyin.com/share/video/6852251682940685581/?region=CN&mid=6852251795989875470&u_code=0&titleType=title", "download_url": "https://www.chanmama.com/awemeDetail/6852251682940685581", "digg_count": 1944, "digg_incr": 1431, "aweme_create_time": 1595498400, "category": 9, "volume": 0, "amount": 0}, "author": {"author_id": "103717503111", "nickname": "小糖吖🦆", "follower_count": 265215}}, {"aweme": {"aweme_id": "6852665039334165771", "aweme_title": "改变自己从现在开始 爱生活 爱旗袍@DOU+小助手 #穿衣搭配 #盛夏国风秀 #旗袍#旗袍秀", "aweme_url": "https://www.iesdouyin.com/share/video/6852665039334165771/?region=CN&mid=6601674530463156999&u_code=0&titleType=title", "download_url": "https://www.chanmama.com/awemeDetail/6852665039334165771", "digg_count": 1463, "digg_incr": 1355, "aweme_create_time": 1595510418, "category": 9, "volume": 14, "amount": 1386}, "author": {"author_id": "2009542553008631", "nickname": "琦贝迩旗袍", "follower_count": 234281}}, {"aweme": {"aweme_id": "6852460071515852040", "aweme_title": "这款你们有喜欢的吗？", "aweme_url": "https://www.iesdouyin.com/share/video/6852460071515852040/?region=CN&mid=6852460168358185736&u_code=jlj3j9j0f2e&titleType=title", "download_url": "https://www.chanmama.com/awemeDetail/6852460071515852040", "digg_count": 1551, "digg_incr": 1345, "aweme_create_time": 1595462719, "category": 9, "volume": 478, "amount": 9512.199999999999}, "author": {"author_id": "96049627140", "nickname": "LH981482027", "follower_count": 193008}}, {"aweme": {"aweme_id": "6852505545790868744", "aweme_title": "#toctoctoc #医院小姐姐  哥，来双拖鞋吧！", "aweme_url": "https://www.iesdouyin.com/share/video/6852505545790868744/?region=CN&mid=6756024861681863431&u_code=0&titleType=title", "download_url": "https://www.chanmama.com/awemeDetail/6852505545790868744", "digg_count": 1366, "digg_incr": 1219, "aweme_create_time": 1595473281, "category": 9, "volume": 0, "amount": 0}, "author": {"author_id": "111495734780", "nickname": "瑞小亚", "follower_count": 170646}}, {"aweme": {"aweme_id": "6852619201966886152", "aweme_title": "跟着老阿姨进直播间，四大盆十几入股不亏。#花卉绿植 #直播@DOU+小助手", "aweme_url": "https://www.iesdouyin.com/share/video/6852619201966886152/?region=CN&mid=6852619221101185806&u_code=0&titleType=title", "download_url": "https://www.chanmama.com/awemeDetail/6852619201966886152", "digg_count": 1236, "digg_incr": 1194, "aweme_create_time": 1595499743, "category": 9, "volume": 0, "amount": 0}, "author": {"author_id": "58159091110", "nickname": "鲜绿仙（绿植花卉）", "follower_count": 125596}}, {"aweme": {"aweme_id": "6852628135071042830", "aweme_title": "#居家好物 这么好的毛毯集美们赶紧安排啊~#毛毯", "aweme_url": "https://www.iesdouyin.com/share/video/6852628135071042830/?region=CN&mid=6852628239899609863&u_code=0&titleType=title", "download_url": "https://www.chanmama.com/awemeDetail/6852628135071042830", "digg_count": 1417, "digg_incr": 1188, "aweme_create_time": 1595501841, "category": 9, "volume": 9, "amount": 269.09999999999997}, "author": {"author_id": "2422962102480055", "nickname": "小阳哥", "follower_count": 336065}}, {"aweme": {"aweme_id": "6852626336616369420", "aweme_title": "桌子不好看没关系，桌布好看就行啦😝#叽叽种草 ，@抖音小助手", "aweme_url": "https://www.iesdouyin.com/share/video/6852626336616369420/?region=CN&mid=6814988208477522700&u_code=0&titleType=title", "download_url": "https://www.chanmama.com/awemeDetail/6852626336616369420", "digg_count": 1534, "digg_incr": 1113, "aweme_create_time": 1595501407, "category": 9, "volume": 1, "amount": 16.8}, "author": {"author_id": "105785801442", "nickname": "少女心收割机", "follower_count": 690920}}, {"aweme": {"aweme_id": "6852545918621814023", "aweme_title": "自从有了这个蘑菇精灵🧚‍♀️，跟孩子的互动也多了起来，同时增长了他的好奇心与观察力#亲子 #宝妈", "aweme_url": "https://www.iesdouyin.com/share/video/6852545918621814023/?region=CN&mid=6825407994616908551&u_code=107m754lehf6&titleType=title", "download_url": "https://www.chanmama.com/awemeDetail/6852545918621814023", "digg_count": 1428, "digg_incr": 1051, "aweme_create_time": 1595482681, "category": 9, "volume": 35, "amount": 1396.5}, "author": {"author_id": "1908403594075159", "nickname": "陆攸攸Nancy", "follower_count": 20961}}, {"aweme": {"aweme_id": "6852525101519211776", "aweme_title": "快乐其实很简单#解压 #你好火星", "aweme_url": "https://www.iesdouyin.com/share/video/6852525101519211776/?region=CN&mid=6852525103432092424&u_code=0&titleType=title", "download_url": "https://www.chanmama.com/awemeDetail/6852525101519211776", "digg_count": 1188, "digg_incr": 1029, "aweme_create_time": 1595477833, "category": 9, "volume": 0, "amount": 0}, "author": {"author_id": "65598436495", "nickname": "家有小可爱", "follower_count": 868743}}, {"aweme": {"aweme_id": "6852481351187270923", "aweme_title": "这就是我家每天都香香的诀窍，一进门忙碌一天的心情都会瞬间变好#香薰", "aweme_url": "https://www.iesdouyin.com/share/video/6852481351187270923/?region=CN&mid=6852175058849352456&u_code=2c3k4lg7i91k&titleType=title", "download_url": "https://www.chanmama.com/awemeDetail/6852481351187270923", "digg_count": 1004, "digg_incr": 1004, "aweme_create_time": 1595467659, "category": 9, "volume": 0, "amount": 0}, "author": {"author_id": "4054627699665183", "nickname": "车载香薰(39两瓶)", "follower_count": 0}}, {"aweme": {"aweme_id": "6852467945285618944", "aweme_title": "带着孩子闯码头#717抖音奇妙好物市集 #卖货能手", "aweme_url": "https://www.iesdouyin.com/share/video/6852467945285618944/?region=CN&mid=6834649871136410376&u_code=0&titleType=title", "download_url": "https://www.chanmama.com/awemeDetail/6852467945285618944", "digg_count": 1031, "digg_incr": 989, "aweme_create_time": 1595464526, "category": 9, "volume": 0, "amount": 0}, "author": {"author_id": "4195384362809511", "nickname": "懒人猫家纺旗舰店", "follower_count": 48112}}, {"aweme": {"aweme_id": "6852521921830014211", "aweme_title": "冰丝麻裙裤套装上市啦！正在直播👉👉👉👉👉", "aweme_url": "https://www.iesdouyin.com/share/video/6852521921830014211/?region=CN&mid=6852521988431661832&u_code=30edeihlcem7&titleType=title", "download_url": "https://www.chanmama.com/awemeDetail/6852521921830014211", "digg_count": 1042, "digg_incr": 942, "aweme_create_time": 1595477102, "category": 9, "volume": 1, "amount": 59}, "author": {"author_id": "3337770389478872", "nickname": "昕梓琳服饰", "follower_count": 493524}}, {"aweme": {"aweme_id": "6852485915084918024", "aweme_title": "你们要的#斗罗大陆 来了。纯属娱乐，如有雷点，纯属巧合#大大的办公室 @大大资讯", "aweme_url": "https://www.iesdouyin.com/share/video/6852485915084918024/?region=CN&mid=6852486050322139918&u_code=0&titleType=title", "download_url": "https://www.chanmama.com/awemeDetail/6852485915084918024", "digg_count": 1506, "digg_incr": 906, "aweme_create_time": 1595475960, "category": 9, "volume": 0, "amount": 0}, "author": {"author_id": "111227130308", "nickname": "大大的办公室", "follower_count": 162399}}, {"aweme": {"aweme_id": "6852489892350496000", "aweme_title": "这辈子谁也不倩 就倩父母@DOU+小助手", "aweme_url": "https://www.iesdouyin.com/share/video/6852489892350496000/?region=CN&mid=6851890761739750152&u_code=0&titleType=title", "download_url": "https://www.chanmama.com/awemeDetail/6852489892350496000", "digg_count": 1046, "digg_incr": 903, "aweme_create_time": 1595469635, "category": 9, "volume": 10, "amount": 1980}, "author": {"author_id": "93349520962", "nickname": "爱居家纺", "follower_count": 163679}}, {"aweme": {"aweme_id": "6852601718270643467", "aweme_title": "#有好货 #你好火星 #预定下半年快乐 #卖货能手", "aweme_url": "https://www.iesdouyin.com/share/video/6852601718270643467/?region=CN&mid=6852601748088376072&u_code=0&titleType=title", "download_url": "https://www.chanmama.com/awemeDetail/6852601718270643467", "digg_count": 2021, "digg_incr": 736, "aweme_create_time": 1595495677, "category": 9, "volume": 4, "amount": 276}, "author": {"author_id": "96465835835", "nickname": "汇杰纺织品(工厂)", "follower_count": 23996}}, {"aweme": {"aweme_id": "6852608147807374600", "aweme_title": "我猜你肯定没见过这样的毯子，性价比出乎意料，放车上，沙发上，办公午睡都非常👍🏻#毯子 #好物推荐", "aweme_url": "https://www.iesdouyin.com/share/video/6852608147807374600/?region=CN&mid=6734531155737051149&u_code=0&titleType=title", "download_url": "https://www.chanmama.com/awemeDetail/6852608147807374600", "digg_count": 12342, "digg_incr": 497, "aweme_create_time": 1595497169, "category": 9, "volume": 3, "amount": 89.69999999999999}, "author": {"author_id": "104581653816", "nickname": "郝好", "follower_count": 199357}}, {"aweme": {"aweme_id": "6852508013039734030", "aweme_title": "今天帮女儿收拾房间，吓我一跳这么多零食，这姐妹👭俩背着我到底藏了多少零食啊？#熊孩子", "aweme_url": "https://www.iesdouyin.com/share/video/6852508013039734030/?region=CN&mid=6819899924235717384&u_code=0&titleType=title", "download_url": "https://www.chanmama.com/awemeDetail/6852508013039734030", "digg_count": 1020, "digg_incr": 429, "aweme_create_time": 1595473855, "category": 9, "volume": 0, "amount": 0}, "author": {"author_id": "101213572732", "nickname": "董老三", "follower_count": 116974}}, {"aweme": {"aweme_id": "6852493329578413323", "aweme_title": "我家招财猫这么久终于迎来了宝宝，一家人必须整整齐齐！#招财猫 #好物推荐", "aweme_url": "https://www.iesdouyin.com/share/video/6852493329578413323/?region=CN&mid=6851149132401330957&u_code=0&titleType=title", "download_url": "https://www.chanmama.com/awemeDetail/6852493329578413323", "digg_count": 1382, "digg_incr": 360, "aweme_create_time": 1595470446, "category": 9, "volume": 15, "amount": 495}, "author": {"author_id": "101899144357", "nickname": "小仙", "follower_count": 346364}}]}