{"data": [{"aweme": {"aweme_id": "6851409407432019215", "aweme_title": "您还在吃市场上10几块💰一斤的嫩姜吗？山东产地现挖现发的红芽嫩姜才几块💰一斤，如果您刚好想吃，小黄车可带走", "aweme_url": "https://www.iesdouyin.com/share/video/6851409407432019215/?region=CN&mid=6710489577947138829&u_code=3aj0322m7cj7&titleType=title", "download_url": "https://www.chanmama.com/awemeDetail/6851409407432019215", "digg_count": 36715, "digg_incr": 19527, "aweme_create_time": 1595218067, "category": 10, "volume": 569, "amount": 15306.099999999999}, "author": {"author_id": "3562040171955278", "nickname": "宝妹", "follower_count": 48183}}, {"aweme": {"aweme_id": "6851416195816606984", "aweme_title": "动物也有感恩之心，请善待它们！#大象 想一起帮助动物的，可以私信我们。", "aweme_url": "https://www.iesdouyin.com/share/video/6851416195816606984/?region=CN&mid=6851416271121074952&u_code=0&titleType=title", "download_url": "https://www.chanmama.com/awemeDetail/6851416195816606984", "digg_count": 93515, "digg_incr": 11500, "aweme_create_time": 1595219663, "category": 10, "volume": 16, "amount": 320}, "author": {"author_id": "19341456354", "nickname": "野生救援行动者", "follower_count": 284246}}, {"aweme": {"aweme_id": "6851476789856865536", "aweme_title": "又是成精的一天#萌宠 #猫咪", "aweme_url": "https://www.iesdouyin.com/share/video/6851476789856865536/?region=CN&mid=6851476807604030215&u_code=0&titleType=title", "download_url": "https://www.chanmama.com/awemeDetail/6851476789856865536", "digg_count": 15365, "digg_incr": 8963, "aweme_create_time": 1595242800, "category": 10, "volume": 37, "amount": 1702}, "author": {"author_id": "59646007994", "nickname": "luca小胖子", "follower_count": 741193}}, {"aweme": {"aweme_id": "6851453681498443008", "aweme_title": "#风尚新农人 好好的辣椒，为什么剪秃了呢？原来它的作用还挺大，你也试试吧！", "aweme_url": "https://www.iesdouyin.com/share/video/6851453681498443008/?region=CN&mid=6851453686569700110&u_code=0&titleType=title", "download_url": "https://www.chanmama.com/awemeDetail/6851453681498443008", "digg_count": 21377, "digg_incr": 8044, "aweme_create_time": 1595228375, "category": 10, "volume": 7, "amount": 69.3}, "author": {"author_id": "96158295221", "nickname": "我爱种菜", "follower_count": 854082}}, {"aweme": {"aweme_id": "6851225025006079235", "aweme_title": "第一次鸳鸯浴，小女狗都口是心非，老公护着，表面上不屑，但内心其实超暖...", "aweme_url": "https://www.iesdouyin.com/share/video/6851225025006079235/?region=CN&mid=6851225476900801287&u_code=0&titleType=title", "download_url": "https://www.chanmama.com/awemeDetail/6851225025006079235", "digg_count": 10486, "digg_incr": 8031, "aweme_create_time": 1595197800, "category": 10, "volume": 5, "amount": 245}, "author": {"author_id": "61780767819", "nickname": "~三儿~是只小狗🐶", "follower_count": 457416}}, {"aweme": {"aweme_id": "6851519464333135119", "aweme_title": "最后有薯条的亲亲！！#英短金渐层", "aweme_url": "https://www.iesdouyin.com/share/video/6851519464333135119/?region=CN&mid=6639031316157303559&u_code=b0ge2ik4jel&titleType=title", "download_url": "https://www.chanmama.com/awemeDetail/6851519464333135119", "digg_count": 14852, "digg_incr": 8006, "aweme_create_time": 1595243690, "category": 10, "volume": 3, "amount": 56.699999999999996}, "author": {"author_id": "86245569340", "nickname": "薯条麻麻薯", "follower_count": 886418}}, {"aweme": {"aweme_id": "6851484648892058883", "aweme_title": "我减不下来肥绝对跟住道边有关系#家有萌宠", "aweme_url": "https://www.iesdouyin.com/share/video/6851484648892058883/?region=CN&mid=6851484702910581518&u_code=0&titleType=title", "download_url": "https://www.chanmama.com/awemeDetail/6851484648892058883", "digg_count": 8189, "digg_incr": 6357, "aweme_create_time": 1595235593, "category": 10, "volume": 0, "amount": 0}, "author": {"author_id": "75224803804", "nickname": "金毛大面包", "follower_count": 263338}}, {"aweme": {"aweme_id": "6851381394367696128", "aweme_title": "空中露台鱼池养鱼，会有蚊子吗？下雨怎么办？冬天怎么办？#鱼池 #露台", "aweme_url": "https://www.iesdouyin.com/share/video/6851381394367696128/?region=CN&mid=6851381401154063117&u_code=0&titleType=title", "download_url": "https://www.chanmama.com/awemeDetail/6851381394367696128", "digg_count": 8560, "digg_incr": 5772, "aweme_create_time": 1595211545, "category": 10, "volume": 1, "amount": 45}, "author": {"author_id": "97713144206", "nickname": "素野君露台园艺", "follower_count": 541983}}, {"aweme": {"aweme_id": "6851550076876229903", "aweme_title": "你知道人们是怎么发现并培育出，软糯香甜的网纹蜜瓜的吗？@DOU+小助手  #717抖音嗨吃节", "aweme_url": "https://www.iesdouyin.com/share/video/6851550076876229903/?region=CN&mid=6585061783990438670&u_code=0&titleType=title", "download_url": "https://www.chanmama.com/awemeDetail/6851550076876229903", "digg_count": 12444, "digg_incr": 5603, "aweme_create_time": 1595250817, "category": 10, "volume": 8, "amount": 712}, "author": {"author_id": "106734984252", "nickname": "高端进口水果森叔", "follower_count": 299492}}, {"aweme": {"aweme_id": "6851509721757699339", "aweme_title": "#宠物 #科学养宠 家中常备的东西 没事一周一袋有事一次一袋@抖音小助手 @大屁的烦恼世界", "aweme_url": "https://www.iesdouyin.com/share/video/6851509721757699339/?region=CN&mid=6851509755979090701&u_code=0&titleType=title", "download_url": "https://www.chanmama.com/awemeDetail/6851509721757699339", "digg_count": 5470, "digg_incr": 4712, "aweme_create_time": 1595241429, "category": 10, "volume": 230, "amount": 9177}, "author": {"author_id": "109618189481", "nickname": "五常市宠物协会（20w送大礼）", "follower_count": 207012}}, {"aweme": {"aweme_id": "6851394337050283277", "aweme_title": "为啥流浪猫的💩更臭还不埋？", "aweme_url": "https://www.iesdouyin.com/share/video/6851394337050283277/?region=CN&mid=6851394354222140167&u_code=0&titleType=title", "download_url": "https://www.chanmama.com/awemeDetail/6851394337050283277", "digg_count": 5252, "digg_incr": 3649, "aweme_create_time": 1595214557, "category": 10, "volume": 315, "amount": 9135}, "author": {"author_id": "12805067775240", "nickname": "铲屎官与便利店", "follower_count": 304159}}, {"aweme": {"aweme_id": "6851121803348266254", "aweme_title": "假如豆腐猫砂有段位，你的豆腐猫砂是钻石吗？ #萌宠好物", "aweme_url": "https://www.iesdouyin.com/share/video/6851121803348266254/?region=CN&mid=6851121909325712142&u_code=0&titleType=title", "download_url": "https://www.chanmama.com/awemeDetail/6851121803348266254", "digg_count": 3160, "digg_incr": 3160, "aweme_create_time": 1595224800, "category": 10, "volume": 74, "amount": 1776}, "author": {"author_id": "1046328579203619", "nickname": "十三的喵宝箱", "follower_count": 160386}}, {"aweme": {"aweme_id": "6851416879651769608", "aweme_title": "不行！我得问问三花是怎么做到的！#猫 #戏精 #萌宠", "aweme_url": "https://www.iesdouyin.com/share/video/6851416879651769608/?region=CN&mid=6851416882517068557&u_code=0&titleType=title", "download_url": "https://www.chanmama.com/awemeDetail/6851416879651769608", "digg_count": 3836, "digg_incr": 2838, "aweme_create_time": 1595239200, "category": 10, "volume": 0, "amount": 0}, "author": {"author_id": "65442832241", "nickname": "三百有点倔🍊", "follower_count": 562604}}, {"aweme": {"aweme_id": "6851488942768786691", "aweme_title": "来劲了#oxyenergy氧气能量 #Gao定实力", "aweme_url": "https://www.iesdouyin.com/share/video/6851488942768786691/?region=CN&mid=6851489001510144775&u_code=3aj0322m7cj7&titleType=title", "download_url": "https://www.chanmama.com/awemeDetail/6851488942768786691", "digg_count": 7251, "digg_incr": 2833, "aweme_create_time": 1595236593, "category": 10, "volume": 0, "amount": 0}, "author": {"author_id": "3280563133223204", "nickname": "300斤胖虎要减肥(每晚七点直播)", "follower_count": 111626}}, {"aweme": {"aweme_id": "6851505646764969224", "aweme_title": "金毛比赛，静态，动态展示#金毛美容 #赛级金毛", "aweme_url": "https://www.iesdouyin.com/share/video/6851505646764969224/?region=CN&mid=6851505673839119111&u_code=27l4hkd95f9c&titleType=title", "download_url": "https://www.chanmama.com/awemeDetail/6851505646764969224", "digg_count": 3112, "digg_incr": 2772, "aweme_create_time": 1595240474, "category": 10, "volume": 0, "amount": 0}, "author": {"author_id": "62642862121", "nickname": "柠檬金毛俱乐部", "follower_count": 243691}}, {"aweme": {"aweme_id": "6851464130855963904", "aweme_title": "秋葵的老叶片要及时摘掉，这样避免病害，秋葵结的多!", "aweme_url": "https://www.iesdouyin.com/share/video/6851464130855963904/?region=CN&mid=6605565692693777155&u_code=0&titleType=title", "download_url": "https://www.chanmama.com/awemeDetail/6851464130855963904", "digg_count": 3617, "digg_incr": 2714, "aweme_create_time": 1595230808, "category": 10, "volume": 11, "amount": 24.200000000000003}, "author": {"author_id": "99314614056", "nickname": "田园晓月", "follower_count": 936013}}, {"aweme": {"aweme_id": "6851477290493152527", "aweme_title": "虽然小绵羊整天抢贝贝食物吃，贝贝还是愿意把自己的食物让给小绵羊吃#萌宠嗨玩季 #宠物成精啦", "aweme_url": "https://www.iesdouyin.com/share/video/6851477290493152527/?region=CN&mid=6839651912149748494&u_code=0&titleType=title", "download_url": "https://www.chanmama.com/awemeDetail/6851477290493152527", "digg_count": 4018, "digg_incr": 2653, "aweme_create_time": 1595233872, "category": 10, "volume": 5, "amount": 130}, "author": {"author_id": "75309035455", "nickname": "汪星人萌贝贝", "follower_count": 456030}}, {"aweme": {"aweme_id": "6851388199948832015", "aweme_title": "#洗澡 这家伙 比我都会享受 主动去蒸#柯基", "aweme_url": "https://www.iesdouyin.com/share/video/6851388199948832015/?region=CN&mid=6825927621105568526&u_code=0&titleType=title", "download_url": "https://www.chanmama.com/awemeDetail/6851388199948832015", "digg_count": 2999, "digg_incr": 2442, "aweme_create_time": 1595213128, "category": 10, "volume": 0, "amount": 0}, "author": {"author_id": "69686146748", "nickname": "蹦迪柯基", "follower_count": 256787}}, {"aweme": {"aweme_id": "6851439282247208199", "aweme_title": "谁家猫挑食了可以尝一下，一袋100克#一起揉揉小肚子", "aweme_url": "https://www.iesdouyin.com/share/video/6851439282247208199/?region=CN&mid=6851439307530455816&u_code=0&titleType=title", "download_url": "https://www.chanmama.com/awemeDetail/6851439282247208199", "digg_count": 2727, "digg_incr": 2333, "aweme_create_time": 1595225022, "category": 10, "volume": 6, "amount": 468}, "author": {"author_id": "59638017576", "nickname": "圈儿姥", "follower_count": 532882}}, {"aweme": {"aweme_id": "6851494665112358156", "aweme_title": "哑铃训练大全，练出好身材。", "aweme_url": "https://www.iesdouyin.com/share/video/6851494665112358156/?region=CN&mid=6843277342475814926&u_code=1kgi6h6afg08&titleType=title", "download_url": "https://www.chanmama.com/awemeDetail/6851494665112358156", "digg_count": 3009, "digg_incr": 2048, "aweme_create_time": 1595237925, "category": 10, "volume": 0, "amount": 0}, "author": {"author_id": "3597200509117668", "nickname": "阿刚健身教学", "follower_count": 950365}}, {"aweme": {"aweme_id": "6851505663063952643", "aweme_title": "车内烟味，汗酸味，异味统统清除，杀菌消毒，香味持久，久到离谱#汽车除味", "aweme_url": "https://www.iesdouyin.com/share/video/6851505663063952643/?region=CN&mid=6851505696547146509&u_code=455ackjc6e65&titleType=title", "download_url": "https://www.chanmama.com/awemeDetail/6851505663063952643", "digg_count": 2019, "digg_incr": 2019, "aweme_create_time": 1595240485, "category": 10, "volume": 11, "amount": 438.9}, "author": {"author_id": "1433392882658855", "nickname": "梅塞德斯浦东店-小琪", "follower_count": 8538}}, {"aweme": {"aweme_id": "6851384759772384512", "aweme_title": "这下好了，旺财多了一个帮忙捡石头的。#拉布拉多旺财呀", "aweme_url": "https://www.iesdouyin.com/share/video/6851384759772384512/?region=CN&mid=6615809755074005763&u_code=294bg9c3e87k&titleType=title", "download_url": "https://www.chanmama.com/awemeDetail/6851384759772384512", "digg_count": 3514, "digg_incr": 1917, "aweme_create_time": 1595212328, "category": 10, "volume": 0, "amount": 0}, "author": {"author_id": "67316538998", "nickname": "拉布拉多旺财呀", "follower_count": 73366}}, {"aweme": {"aweme_id": "6851399116606491917", "aweme_title": "这款智能逗猫玩具太好玩了，能围着玩半天，还能自动启停！", "aweme_url": "https://www.iesdouyin.com/share/video/6851399116606491917/?region=CN&mid=6615809755074005763&u_code=3eekkmieh811&titleType=title", "download_url": "https://www.chanmama.com/awemeDetail/6851399116606491917", "digg_count": 1458, "digg_incr": 1458, "aweme_create_time": 1595215671, "category": 10, "volume": 36, "amount": 648}, "author": {"author_id": "104876687799", "nickname": "芒果有萌宠", "follower_count": 22953}}, {"aweme": {"aweme_id": "6851468430332185869", "aweme_title": "已经把我晒lia皮了……", "aweme_url": "https://www.iesdouyin.com/share/video/6851468430332185869/?region=CN&mid=6812880941686606596&u_code=235hf03cgc6j&titleType=title", "download_url": "https://www.chanmama.com/awemeDetail/6851468430332185869", "digg_count": 1269, "digg_incr": 1269, "aweme_create_time": 1595231809, "category": 10, "volume": 0, "amount": 0}, "author": {"author_id": "92721213049", "nickname": "阿坝州娟妹儿", "follower_count": 142482}}, {"aweme": {"aweme_id": "6851397548180032771", "aweme_title": "我爱猫毛，猫毛爱我，谁也不能将我们分离#猫毛#养猫@抖音小助手@DOU+小助手", "aweme_url": "https://www.iesdouyin.com/share/video/6851397548180032771/?region=CN&mid=6739440146338581259&u_code=0&titleType=title", "download_url": "https://www.chanmama.com/awemeDetail/6851397548180032771", "digg_count": 1866, "digg_incr": 1217, "aweme_create_time": 1595215313, "category": 10, "volume": 11, "amount": 275}, "author": {"author_id": "96795746205", "nickname": "好多喵", "follower_count": 391256}}, {"aweme": {"aweme_id": "6851406557666725133", "aweme_title": "可怜的两个小家伙饿坏了，狼吞虎咽的吃着狗粮，两个小家伙就躲在排水道里还小心翼翼的。￼#我和狗狗的故事", "aweme_url": "https://www.iesdouyin.com/share/video/6851406557666725133/?region=CN&mid=6618091071333206797&u_code=379jm8h3l53m&titleType=title", "download_url": "https://www.chanmama.com/awemeDetail/6851406557666725133", "digg_count": 1385, "digg_incr": 1206, "aweme_create_time": 1595217403, "category": 10, "volume": 0, "amount": 0}, "author": {"author_id": "63682039352", "nickname": "彩炫商行", "follower_count": 385079}}, {"aweme": {"aweme_id": "6851410624421891343", "aweme_title": "养狗的人大概都这样想！我们吃的好不好没关系！狗子要一定要吃好#爱宠里云社区 #果味相投一起混", "aweme_url": "https://www.iesdouyin.com/share/video/6851410624421891343/?region=CN&mid=6851410643015355149&u_code=0&titleType=title", "download_url": "https://www.chanmama.com/awemeDetail/6851410624421891343", "digg_count": 1452, "digg_incr": 1173, "aweme_create_time": 1595218350, "category": 10, "volume": 3, "amount": 285}, "author": {"author_id": "1332228471131612", "nickname": "_芭芭拉❤️（巨型贵宾）", "follower_count": 183765}}, {"aweme": {"aweme_id": "6851480238237469959", "aweme_title": "关注我一起学习建筑水电预埋", "aweme_url": "https://www.iesdouyin.com/share/video/6851480238237469959/?region=CN&mid=6674480173133335300&u_code=0&titleType=title", "download_url": "https://www.chanmama.com/awemeDetail/6851480238237469959", "digg_count": 1643, "digg_incr": 1096, "aweme_create_time": 1595234558, "category": 10, "volume": 2, "amount": 398}, "author": {"author_id": "111280977458", "nickname": "精致预埋", "follower_count": 191485}}, {"aweme": {"aweme_id": "6851500673343753472", "aweme_title": "选用六和鸭脖烘干将近三天的时间做成的香酥大鸭脖，连骨头都是脆脆的～很酥脆❤️而且每根都是独立包装", "aweme_url": "https://www.iesdouyin.com/share/video/6851500673343753472/?region=CN&mid=6851500701122693901&u_code=d3cj78d2g00&titleType=title", "download_url": "https://www.chanmama.com/awemeDetail/6851500673343753472", "digg_count": 1468, "digg_incr": 1054, "aweme_create_time": 1595239316, "category": 10, "volume": 1, "amount": 4.8}, "author": {"author_id": "62141831616", "nickname": "Lucky", "follower_count": 632050}}, {"aweme": {"aweme_id": "6851393451876011267", "aweme_title": "选对蛋白，更要选对补充蛋白的时间！#专业健身联盟 #美食趣胃计划 #健身 #减肥 #运动", "aweme_url": "https://www.iesdouyin.com/share/video/6851393451876011267/?region=CN&mid=6851393508457532173&u_code=0&titleType=title", "download_url": "https://www.chanmama.com/awemeDetail/6851393451876011267", "digg_count": 1245, "digg_incr": 1051, "aweme_create_time": 1595214359, "category": 10, "volume": 55, "amount": 14795}, "author": {"author_id": "74392780920", "nickname": "帽子Sina", "follower_count": 930021}}, {"aweme": {"aweme_id": "6851509799264308488", "aweme_title": "#猫咪 看到最后，发现喵爸好渣啊！#猫粮", "aweme_url": "https://www.iesdouyin.com/share/video/6851509799264308488/?region=CN&mid=6851509826548288263&u_code=27l4hkd95f9c&titleType=title", "download_url": "https://www.chanmama.com/awemeDetail/6851509799264308488", "digg_count": 3400, "digg_incr": 1031, "aweme_create_time": 1595241441, "category": 10, "volume": 2, "amount": 158}, "author": {"author_id": "62128329212", "nickname": "阿喵是只猫🐱", "follower_count": 713930}}, {"aweme": {"aweme_id": "6851435336749370624", "aweme_title": "好吃的一群宝贝们又来啰😃", "aweme_url": "https://www.iesdouyin.com/share/video/6851435336749370624/?region=CN&mid=6823152141700958989&u_code=1fedcfed5i14&titleType=title", "download_url": "https://www.chanmama.com/awemeDetail/6851435336749370624", "digg_count": 1192, "digg_incr": 1027, "aweme_create_time": 1595224104, "category": 10, "volume": 2, "amount": 39.6}, "author": {"author_id": "70203292947", "nickname": "爱宠乐&红豆车9200", "follower_count": 130828}}, {"aweme": {"aweme_id": "6851498017632095496", "aweme_title": "##广场舞谁更靓 心上人呀", "aweme_url": "https://www.iesdouyin.com/share/video/6851498017632095496/?region=CN&mid=6851498048128846600&u_code=0&titleType=title", "download_url": "https://www.chanmama.com/awemeDetail/6851498017632095496", "digg_count": 1664, "digg_incr": 1017, "aweme_create_time": 1595238698, "category": 10, "volume": 0, "amount": 0}, "author": {"author_id": "76056370624", "nickname": "花样跳多多", "follower_count": 392875}}, {"aweme": {"aweme_id": "6851466279434358023", "aweme_title": "饭兜的吃播天气热意思意思吧#狗 #吃播", "aweme_url": "https://www.iesdouyin.com/share/video/6851466279434358023/?region=CN&mid=6851466307183971079&u_code=0&titleType=title", "download_url": "https://www.chanmama.com/awemeDetail/6851466279434358023", "digg_count": 1714, "digg_incr": 994, "aweme_create_time": 1595231308, "category": 10, "volume": 0, "amount": 0}, "author": {"author_id": "87095568516", "nickname": "奔跑的饭兜～", "follower_count": 437588}}, {"aweme": {"aweme_id": "6851521443184774415", "aweme_title": "多宝来抢了一个肉干就跑了", "aweme_url": "https://www.iesdouyin.com/share/video/6851521443184774415/?region=CN&mid=6851521468040235790&u_code=0&titleType=title", "download_url": "https://www.chanmama.com/awemeDetail/6851521443184774415", "digg_count": 1583, "digg_incr": 992, "aweme_create_time": 1595244151, "category": 10, "volume": 1, "amount": 14.8}, "author": {"author_id": "65222282100", "nickname": "金毛多多儿", "follower_count": 519246}}, {"aweme": {"aweme_id": "6851390247457099016", "aweme_title": "新鲜出炉", "aweme_url": "https://www.iesdouyin.com/share/video/6851390247457099016/?region=CN&mid=6851390255828945672&u_code=16gb0157gc81&titleType=title", "download_url": "https://www.chanmama.com/awemeDetail/6851390247457099016", "digg_count": 1027, "digg_incr": 983, "aweme_create_time": 1595213605, "category": 10, "volume": 0, "amount": 0}, "author": {"author_id": "94445633753", "nickname": "松渔坊", "follower_count": 170226}}, {"aweme": {"aweme_id": "6851358728160038144", "aweme_title": "家长们❤️上条视频猫粮已经恢复原价了，找了同款挂在这里。关注@仙女麻麻🐱 猫粮等打折信息分享更频繁", "aweme_url": "https://www.iesdouyin.com/share/video/6851358728160038144/?region=CN&mid=6602849078319516430&u_code=0&titleType=title", "download_url": "https://www.chanmama.com/awemeDetail/6851358728160038144", "digg_count": 3418, "digg_incr": 964, "aweme_create_time": 1595206268, "category": 10, "volume": 73, "amount": 1752}, "author": {"author_id": "109968041910", "nickname": "Li荣浩小白和仙女🐱", "follower_count": 564555}}, {"aweme": {"aweme_id": "6851494095634877699", "aweme_title": "非洲带来的种子，长的很快。等着他开花结果。", "aweme_url": "https://www.iesdouyin.com/share/video/6851494095634877699/?region=CN&mid=6688471422890674955&u_code=304j02df12fc&titleType=title", "download_url": "https://www.chanmama.com/awemeDetail/6851494095634877699", "digg_count": 1720, "digg_incr": 936, "aweme_create_time": 1595237792, "category": 10, "volume": 0, "amount": 0}, "author": {"author_id": "64394679037", "nickname": "非洲滴小魏哥", "follower_count": 211836}}, {"aweme": {"aweme_id": "6851386542414531855", "aweme_title": "家里种那么多花椒树老爸却要去山里找野生的，自家孩子用都是地里种的，却总想把最好的留给别人。", "aweme_url": "https://www.iesdouyin.com/share/video/6851386542414531855/?region=CN&mid=6851386565302831885&u_code=1e86e3gfc222&titleType=title", "download_url": "https://www.chanmama.com/awemeDetail/6851386542414531855", "digg_count": 6003, "digg_incr": 898, "aweme_create_time": 1595212743, "category": 10, "volume": 31, "amount": 616.9}, "author": {"author_id": "2106295332903597", "nickname": "笑笑姐", "follower_count": 100192}}, {"aweme": {"aweme_id": "6851502304508529933", "aweme_title": "那些握手怎么都教不会的小猫咪看过来#猫", "aweme_url": "https://www.iesdouyin.com/share/video/6851502304508529933/?region=CN&mid=6851502327623387912&u_code=0&titleType=title", "download_url": "https://www.chanmama.com/awemeDetail/6851502304508529933", "digg_count": 1491, "digg_incr": 872, "aweme_create_time": 1595239695, "category": 10, "volume": 0, "amount": 0}, "author": {"author_id": "62404126024", "nickname": "麻瓜Talk", "follower_count": 230650}}, {"aweme": {"aweme_id": "6851459187126406414", "aweme_title": "#宁波八月线下课 #抖音旅游  #旅拍 音效可以直接保存实用，高品质无损可以直接购买。@抖音小助手", "aweme_url": "https://www.iesdouyin.com/share/video/6851459187126406414/?region=CN&mid=6851459204394404622&u_code=1am3aa602ah1&titleType=title", "download_url": "https://www.chanmama.com/awemeDetail/6851459187126406414", "digg_count": 1410, "digg_incr": 857, "aweme_create_time": 1595229657, "category": 10, "volume": 17, "amount": 168.3}, "author": {"author_id": "73802579430", "nickname": "大泠电影", "follower_count": 20509}}, {"aweme": {"aweme_id": "6851367357571534094", "aweme_title": "如何改掉猫咪会咬人的坏习惯！这招很管用！ #科学养猫  #猫  #DOU上热门", "aweme_url": "https://www.iesdouyin.com/share/video/6851367357571534094/?region=CN&mid=6851367437493914382&u_code=29e685i9la4c&titleType=title", "download_url": "https://www.chanmama.com/awemeDetail/6851367357571534094", "digg_count": 1707, "digg_incr": 793, "aweme_create_time": 1595215500, "category": 10, "volume": 1, "amount": 9.9}, "author": {"author_id": "3390509615163748", "nickname": "包子脸の猫咪宝藏", "follower_count": 144789}}, {"aweme": {"aweme_id": "6851438159528561920", "aweme_title": "来吧！朋友们，我家有白切鸡、有柏塘碌鹅🤪🤪✌️", "aweme_url": "https://www.iesdouyin.com/share/video/6851438159528561920/?region=CN&mid=6851438163412470535&u_code=4cabchji78jl&titleType=title", "download_url": "https://www.chanmama.com/awemeDetail/6851438159528561920", "digg_count": 1677, "digg_incr": 791, "aweme_create_time": 1595224762, "category": 10, "volume": 0, "amount": 0}, "author": {"author_id": "52524457574", "nickname": "美妍服饰", "follower_count": 154084}}, {"aweme": {"aweme_id": "6851487843684994304", "aweme_title": "狗狗梳毛真的是太重要啦，梳前苏乞儿，梳后赛貂蝉😘", "aweme_url": "https://www.iesdouyin.com/share/video/6851487843684994304/?region=CN&mid=6851488262649809676&u_code=2c3k56f4j29e&titleType=title", "download_url": "https://www.chanmama.com/awemeDetail/6851487843684994304", "digg_count": 1139, "digg_incr": 755, "aweme_create_time": 1595236351, "category": 10, "volume": 0, "amount": 0}, "author": {"author_id": "4503669590692556", "nickname": "🌸艾米baby🌸", "follower_count": 913962}}, {"aweme": {"aweme_id": "6851493792147721479", "aweme_title": "养猫就是你陪伴它十几年，它陪伴你一生 #喵星人  #宠物伴侣 #家有萌宠", "aweme_url": "https://www.iesdouyin.com/share/video/6851493792147721479/?region=CN&mid=6851493896070171399&u_code=2g9cfffeefe2&titleType=title", "download_url": "https://www.chanmama.com/awemeDetail/6851493792147721479", "digg_count": 1069, "digg_incr": 644, "aweme_create_time": 1595237732, "category": 10, "volume": 0, "amount": 0}, "author": {"author_id": "109457913191", "nickname": "虎妈宠物小课堂", "follower_count": 160940}}]}