{"data": [{"aweme": {"aweme_id": "6851387454184852743", "aweme_title": "马奎斯从18追到第3，不幸摔车，希望小马早日康复！#motogp #93马奎斯", "aweme_url": "https://www.iesdouyin.com/share/video/6851387454184852743/?region=CN&mid=6851387561227668232&u_code=379jm8h3l53m&titleType=title", "download_url": "https://www.chanmama.com/awemeDetail/6851387454184852743", "digg_count": 32752, "digg_incr": 30951, "aweme_create_time": 1595212976, "category": 11, "volume": 7, "amount": 504}, "author": {"author_id": "518582419864687", "nickname": "MOTOBOX（盒子）", "follower_count": 161534}}, {"aweme": {"aweme_id": "6851462613935705352", "aweme_title": "给你的座驾增添一条会流光的双眼皮，新增启动扫描，这波操作你打几分？#耍酷新技能 #汽车好物推荐 #流光灯", "aweme_url": "https://www.iesdouyin.com/share/video/6851462613935705352/?region=CN&mid=6832646085191027469&u_code=1e86e3gfc222&titleType=title", "download_url": "https://www.chanmama.com/awemeDetail/6851462613935705352", "digg_count": 19172, "digg_incr": 11601, "aweme_create_time": 1595230455, "category": 11, "volume": 16, "amount": 768}, "author": {"author_id": "60372200855", "nickname": "松语电商", "follower_count": 65955}}, {"aweme": {"aweme_id": "6851461635249343758", "aweme_title": "#有谁能够了解做光棍的悲哀#光棍 #七兜酱哥 搞笑改编舞女泪", "aweme_url": "https://www.iesdouyin.com/share/video/6851461635249343758/?region=CN&mid=6851461662034201351&u_code=0&titleType=title", "download_url": "https://www.chanmama.com/awemeDetail/6851461635249343758", "digg_count": 21166, "digg_incr": 7529, "aweme_create_time": 1595230227, "category": 11, "volume": 1, "amount": 25}, "author": {"author_id": "111336473574", "nickname": "七兜酱哥", "follower_count": 564482}}, {"aweme": {"aweme_id": "6851410508868881678", "aweme_title": "十万一下的合资车坚决不能买！除了问题少、后期保值！其他和国产比、简直不堪一击！你看这铁皮A柱？#修车哥的日常", "aweme_url": "https://www.iesdouyin.com/share/video/6851410508868881678/?region=CN&mid=6851410519685892871&u_code=379jm8h3l53m&titleType=title", "download_url": "https://www.chanmama.com/awemeDetail/6851410508868881678", "digg_count": 6306, "digg_incr": 5492, "aweme_create_time": 1595218323, "category": 11, "volume": 0, "amount": 0}, "author": {"author_id": "95569732041", "nickname": "zs1764377034", "follower_count": 645709}}, {"aweme": {"aweme_id": "6851365445597924608", "aweme_title": "一个普通的人来到厂里面干着普通的工作，我喜欢这种，这就是最真实的我。干嘛大家不同意这个观点。#谢谢抖音官方", "aweme_url": "https://www.iesdouyin.com/share/video/6851365445597924608/?region=CN&mid=6761286182531042052&u_code=8kk8l7b72ei&titleType=title", "download_url": "https://www.chanmama.com/awemeDetail/6851365445597924608", "digg_count": 15121, "digg_incr": 5307, "aweme_create_time": 1595207832, "category": 11, "volume": 1, "amount": 6.9}, "author": {"author_id": "61783657298", "nickname": "天山雪莲", "follower_count": 57046}}, {"aweme": {"aweme_id": "6851427813401136387", "aweme_title": "朋友 能放下的都放下 过好每一天吧！广结善缘早遇贵人助你一臂之力＠转运葫芦", "aweme_url": "https://www.iesdouyin.com/share/video/6851427813401136387/?region=CN&mid=6837793492144556813&u_code=gmaek20dh2c&titleType=title", "download_url": "https://www.chanmama.com/awemeDetail/6851427813401136387", "digg_count": 6633, "digg_incr": 5116, "aweme_create_time": 1595222359, "category": 11, "volume": 36, "amount": 320.40000000000003}, "author": {"author_id": "9508349311", "nickname": "程军", "follower_count": 63284}}, {"aweme": {"aweme_id": "6851543388991393032", "aweme_title": "其实线管接头我一个都没有买，就发现这打火机预埋线管时特好用，能省好多接头，还能烤底盒孔。", "aweme_url": "https://www.iesdouyin.com/share/video/6851543388991393032/?region=CN&mid=6710546844885191438&u_code=0&titleType=title", "download_url": "https://www.chanmama.com/awemeDetail/6851543388991393032", "digg_count": 9672, "digg_incr": 3880, "aweme_create_time": 1595249260, "category": 11, "volume": 2, "amount": 138}, "author": {"author_id": "93194907819", "nickname": "朋朋水电安装", "follower_count": 424110}}, {"aweme": {"aweme_id": "6851508436320947471", "aweme_title": "柳某人..被人拿走了..#丢了 #cbf190tr", "aweme_url": "https://www.iesdouyin.com/share/video/6851508436320947471/?region=CN&mid=6851508500363741966&u_code=294bg9c3e87k&titleType=title", "download_url": "https://www.chanmama.com/awemeDetail/6851508436320947471", "digg_count": 4719, "digg_incr": 3603, "aweme_create_time": 1595241131, "category": 11, "volume": 1, "amount": 49.9}, "author": {"author_id": "57421220731", "nickname": "柳某人", "follower_count": 163680}}, {"aweme": {"aweme_id": "6851379016759315712", "aweme_title": "七天无理由退换，在这里拍的放心#车载", "aweme_url": "https://www.iesdouyin.com/share/video/6851379016759315712/?region=CN&mid=6851379014104304392&u_code=1e86e3gfc222&titleType=title", "download_url": "https://www.chanmama.com/awemeDetail/6851379016759315712", "digg_count": 3004, "digg_incr": 3001, "aweme_create_time": 1595210991, "category": 11, "volume": 489, "amount": 14621.099999999999}, "author": {"author_id": "342655548529980", "nickname": "同贸百货正品香薰(2⃣️8⃣️拍一发三)", "follower_count": 7219}}, {"aweme": {"aweme_id": "6851369387144858880", "aweme_title": "好玩又好用的清洁软胶，只粘灰尘不粘手，干净不留印#火🔥火🔥 #上热门 #支持国产 #清洁", "aweme_url": "https://www.iesdouyin.com/share/video/6851369387144858880/?region=CN&mid=6851369380559784712&u_code=29e685i9la4c&titleType=title", "download_url": "https://www.chanmama.com/awemeDetail/6851369387144858880", "digg_count": 3073, "digg_incr": 2901, "aweme_create_time": 1595208750, "category": 11, "volume": 1, "amount": 11.78}, "author": {"author_id": "2963911533932430", "nickname": "淘淘车品", "follower_count": 1963}}, {"aweme": {"aweme_id": "6851410913124191488", "aweme_title": "#正在直播中 #全包围汽车脚垫 #实力商家", "aweme_url": "https://www.iesdouyin.com/share/video/6851410913124191488/?region=CN&mid=6851410917553736461&u_code=27l4hkd95f9c&titleType=title", "download_url": "https://www.chanmama.com/awemeDetail/6851410913124191488", "digg_count": 3749, "digg_incr": 2368, "aweme_create_time": 1595218417, "category": 11, "volume": 3, "amount": 294}, "author": {"author_id": "3865523827253388", "nickname": "逸尔舒汽车用品", "follower_count": 59992}}, {"aweme": {"aweme_id": "6851505663063952643", "aweme_title": "车内烟味，汗酸味，异味统统清除，杀菌消毒，香味持久，久到离谱#汽车除味", "aweme_url": "https://www.iesdouyin.com/share/video/6851505663063952643/?region=CN&mid=6851505696547146509&u_code=455ackjc6e65&titleType=title", "download_url": "https://www.chanmama.com/awemeDetail/6851505663063952643", "digg_count": 2019, "digg_incr": 2019, "aweme_create_time": 1595240485, "category": 11, "volume": 11, "amount": 438.9}, "author": {"author_id": "1433392882658855", "nickname": "梅塞德斯浦东店-小琪", "follower_count": 8538}}, {"aweme": {"aweme_id": "6851379230819896576", "aweme_title": "网上很🔥的#车载香熏 难怪闺蜜车里一整天都是香香的 原来是用了这个！", "aweme_url": "https://www.iesdouyin.com/share/video/6851379230819896576/?region=CN&mid=6851379211015899912&u_code=40d0ajf2j8bj&titleType=title", "download_url": "https://www.chanmama.com/awemeDetail/6851379230819896576", "digg_count": 2318, "digg_incr": 1989, "aweme_create_time": 1595211041, "category": 11, "volume": 8, "amount": 239.2}, "author": {"author_id": "4424066074942520", "nickname": "大包薯条", "follower_count": 2243}}, {"aweme": {"aweme_id": "6851473857187024139", "aweme_title": "货车流水边灯#汽车电器 @胖妞电器售后", "aweme_url": "https://www.iesdouyin.com/share/video/6851473857187024139/?region=CN&mid=6851473922907523848&u_code=0&titleType=title", "download_url": "https://www.chanmama.com/awemeDetail/6851473857187024139", "digg_count": 2538, "digg_incr": 1755, "aweme_create_time": 1595233081, "category": 11, "volume": 0, "amount": 0}, "author": {"author_id": "108150011216", "nickname": "胖妞汽车电器", "follower_count": 218470}}, {"aweme": {"aweme_id": "6851507292098055432", "aweme_title": "周一也是下雨天☔️", "aweme_url": "https://www.iesdouyin.com/share/video/6851507292098055432/?region=CN&mid=6851507317968472846&u_code=0&titleType=title", "download_url": "https://www.chanmama.com/awemeDetail/6851507292098055432", "digg_count": 2462, "digg_incr": 1472, "aweme_create_time": 1595240857, "category": 11, "volume": 1, "amount": 398}, "author": {"author_id": "72924923124", "nickname": "豆芽小姐姐", "follower_count": 214188}}, {"aweme": {"aweme_id": "6851452371457805571", "aweme_title": "妈呀，这个味道太香啦 #蚊子", "aweme_url": "https://www.iesdouyin.com/share/video/6851452371457805571/?region=CN&mid=6851452590564133639&u_code=0&titleType=title", "download_url": "https://www.chanmama.com/awemeDetail/6851452371457805571", "digg_count": 1963, "digg_incr": 1281, "aweme_create_time": 1595228120, "category": 11, "volume": 0, "amount": 0}, "author": {"author_id": "3210210941350920", "nickname": "驱蚊大作战", "follower_count": 273564}}, {"aweme": {"aweme_id": "6851537923326627079", "aweme_title": "接着奏乐😎灯光要有！！！😍@抖音汽车", "aweme_url": "https://www.iesdouyin.com/share/video/6851537923326627079/?region=CN&mid=6851537943371320071&u_code=0&titleType=title", "download_url": "https://www.chanmama.com/awemeDetail/6851537923326627079", "digg_count": 1175, "digg_incr": 1008, "aweme_create_time": 1595247988, "category": 11, "volume": 9, "amount": 89.10000000000001}, "author": {"author_id": "81598205148", "nickname": "美腻撩车", "follower_count": 254465}}, {"aweme": {"aweme_id": "6851484719545060623", "aweme_title": "惊奇队长开上出租以后的迷惑#充能计划 #cos @贝爷是超人 #惊奇队长 #搞笑", "aweme_url": "https://www.iesdouyin.com/share/video/6851484719545060623/?region=CN&mid=6851484738067581704&u_code=27l4hke24855&titleType=title", "download_url": "https://www.chanmama.com/awemeDetail/6851484719545060623", "digg_count": 1396, "digg_incr": 928, "aweme_create_time": 1595235601, "category": 11, "volume": 0, "amount": 0}, "author": {"author_id": "2700051989145760", "nickname": "贝爷严选", "follower_count": 46309}}, {"aweme": {"aweme_id": "6851357621744569615", "aweme_title": "两哈佛车主实在优秀#拖车绳 #救援#抖音小助手", "aweme_url": "https://www.iesdouyin.com/share/video/6851357621744569615/?region=CN&mid=6791502404216261388&u_code=i5hd8ml6f59&titleType=title", "download_url": "https://www.chanmama.com/awemeDetail/6851357621744569615", "digg_count": 1792, "digg_incr": 900, "aweme_create_time": 1595206011, "category": 11, "volume": 3, "amount": 234}, "author": {"author_id": "2378980220215623", "nickname": "亮哥越野", "follower_count": 30117}}, {"aweme": {"aweme_id": "6851420315118030080", "aweme_title": "#正在直播中 #全包围汽车脚垫 #实力商家", "aweme_url": "https://www.iesdouyin.com/share/video/6851420315118030080/?region=CN&mid=6851420316246362894&u_code=27l4hkd95f9c&titleType=title", "download_url": "https://www.chanmama.com/awemeDetail/6851420315118030080", "digg_count": 1494, "digg_incr": 716, "aweme_create_time": 1595220606, "category": 11, "volume": 1, "amount": 98}, "author": {"author_id": "3865523827253388", "nickname": "逸尔舒汽车用品", "follower_count": 59992}}, {"aweme": {"aweme_id": "6851356375847570692", "aweme_title": "碰到这样豪横的智能锁，最好躲远点儿，真的是若不起@企业号小助手", "aweme_url": "https://www.iesdouyin.com/share/video/6851356375847570692/?region=CN&mid=6851356383166712590&u_code=1kgi6h6behj2&titleType=title", "download_url": "https://www.chanmama.com/awemeDetail/6851356375847570692", "digg_count": 1546, "digg_incr": 645, "aweme_create_time": 1595205732, "category": 11, "volume": 1, "amount": 1550}, "author": {"author_id": "1376221023183123", "nickname": "筋斗云智能家居", "follower_count": 87265}}, {"aweme": {"aweme_id": "6851408970100362511", "aweme_title": "边跑边充电稳压器#发电机", "aweme_url": "https://www.iesdouyin.com/share/video/6851408970100362511/?region=CN&mid=6760201367203089159&u_code=1210kik8eh5f&titleType=title", "download_url": "https://www.chanmama.com/awemeDetail/6851408970100362511", "digg_count": 1546, "digg_incr": 595, "aweme_create_time": 1595217965, "category": 11, "volume": 0, "amount": 0}, "author": {"author_id": "4503672343069995", "nickname": "修车小帅哥", "follower_count": 121237}}, {"aweme": {"aweme_id": "6851408149535051011", "aweme_title": "出嫁了，出嫁了，嫁入豪门！嘉宝果就出趟门，就需要借助这些重型设备才可以动起来，真不容易啊？", "aweme_url": "https://www.iesdouyin.com/share/video/6851408149535051011/?region=CN&mid=6851408212059540231&u_code=4f9k1eml8lai&titleType=title", "download_url": "https://www.chanmama.com/awemeDetail/6851408149535051011", "digg_count": 1202, "digg_incr": 552, "aweme_create_time": 1595217782, "category": 11, "volume": 0, "amount": 0}, "author": {"author_id": "104745125851", "nickname": "广东阜昌嘉宝果产业", "follower_count": 71983}}, {"aweme": {"aweme_id": "6851412104914685199", "aweme_title": "刚买的卡车没燃料了#拖车绳 #救援 #抖音小助手", "aweme_url": "https://www.iesdouyin.com/share/video/6851412104914685199/?region=CN&mid=6851412108437949198&u_code=3cc1ga8lck8h&titleType=title", "download_url": "https://www.chanmama.com/awemeDetail/6851412104914685199", "digg_count": 2391, "digg_incr": 520, "aweme_create_time": 1595218694, "category": 11, "volume": 1, "amount": 78}, "author": {"author_id": "2378980220215623", "nickname": "亮哥越野", "follower_count": 30117}}, {"aweme": {"aweme_id": "6851437257061076238", "aweme_title": "#好物推荐 #居家神器 以后出门骑电动东西就有地方放了，真方便", "aweme_url": "https://www.iesdouyin.com/share/video/6851437257061076238/?region=CN&mid=6851437267358206733&u_code=gmaek20dh2c&titleType=title", "download_url": "https://www.chanmama.com/awemeDetail/6851437257061076238", "digg_count": 1346, "digg_incr": 398, "aweme_create_time": 1595224551, "category": 11, "volume": 0, "amount": 0}, "author": {"author_id": "2897910439359678", "nickname": "王小野好物", "follower_count": 121017}}, {"aweme": {"aweme_id": "6851420935438732557", "aweme_title": "分享车友北斗星副驾向前放平改装方案！#铃木北斗星", "aweme_url": "https://www.iesdouyin.com/share/video/6851420935438732557/?region=CN&mid=6519742438695930627&u_code=379jm8h3l53m&titleType=title", "download_url": "https://www.chanmama.com/awemeDetail/6851420935438732557", "digg_count": 1135, "digg_incr": 388, "aweme_create_time": 1595220750, "category": 11, "volume": 8, "amount": 1336}, "author": {"author_id": "72482306500", "nickname": "北斗星圆灯创始人:帆哥", "follower_count": 5394}}, {"aweme": {"aweme_id": "6851473017474682125", "aweme_title": "男朋友一直有个机车梦，他生日的时候偷偷给他买了辆车，结果车子到了死活不要……这是为啥？#机车 #撩妹神器", "aweme_url": "https://www.iesdouyin.com/share/video/6851473017474682125/?region=CN&mid=6753446999708076808&u_code=419chllgea3f&titleType=title", "download_url": "https://www.chanmama.com/awemeDetail/6851473017474682125", "digg_count": 1417, "digg_incr": 190, "aweme_create_time": 1595232877, "category": 11, "volume": 0, "amount": 0}, "author": {"author_id": "2792411451365927", "nickname": "聚友摩托车经营部", "follower_count": 51812}}]}