{"data": [{"aweme": {"aweme_id": "6851470357908524296", "aweme_title": "别让妈妈买盆栽了，用#小马良3d打印笔给家里做1个。#万物皆可造", "aweme_url": "https://www.iesdouyin.com/share/video/6851470357908524296/?region=CN&mid=6851470487445654279&u_code=0&titleType=title", "download_url": "https://www.chanmama.com/awemeDetail/6851470357908524296", "digg_count": 31044, "digg_incr": 30370, "aweme_create_time": 1595232281, "category": 12, "volume": 2, "amount": 56}, "author": {"author_id": "1261888432257848", "nickname": "神笔小马良", "follower_count": 433215}}, {"aweme": {"aweme_id": "6851428877374360846", "aweme_title": "#充电宝 #十九块九#四线  #外卖小哥头上全是耳朵", "aweme_url": "https://www.iesdouyin.com/share/video/6851428877374360846/?region=CN&mid=6851428885364476686&u_code=b0ge2ik4jel&titleType=title", "download_url": "https://www.chanmama.com/awemeDetail/6851428877374360846", "digg_count": 43331, "digg_incr": 25029, "aweme_create_time": 1595222600, "category": 12, "volume": 0, "amount": 0}, "author": {"author_id": "66912222332", "nickname": "宝多多📶", "follower_count": 29647}}, {"aweme": {"aweme_id": "6851487532874517768", "aweme_title": "天天抓侄女抓不到，今天倒好刚打开她的快递就... #全网寻找于川", "aweme_url": "https://www.iesdouyin.com/share/video/6851487532874517768/?region=CN&mid=6851487636323339015&u_code=0&titleType=title", "download_url": "https://www.chanmama.com/awemeDetail/6851487532874517768", "digg_count": 20220, "digg_incr": 15641, "aweme_create_time": 1595236274, "category": 12, "volume": 13, "amount": 2275}, "author": {"author_id": "54067258607", "nickname": "于川和叔叔玩游戏", "follower_count": 917380}}, {"aweme": {"aweme_id": "6851516769509575951", "aweme_title": "奶茶妹妹#手机壳#乘风破浪的好物 @抖音小助手", "aweme_url": "https://www.iesdouyin.com/share/video/6851516769509575951/?region=CN&mid=6847114691555100676&u_code=0&titleType=title", "download_url": "https://www.chanmama.com/awemeDetail/6851516769509575951", "digg_count": 30025, "digg_incr": 14546, "aweme_create_time": 1595243063, "category": 12, "volume": 2991, "amount": 41574.9}, "author": {"author_id": "97867834736", "nickname": "3C数码配件", "follower_count": 70317}}, {"aweme": {"aweme_id": "6851430282327821581", "aweme_title": "与大神之间的差距，也许就差个它~#干物妹小埋 #达尔优机械键盘", "aweme_url": "https://www.iesdouyin.com/share/video/6851430282327821581/?region=CN&mid=6851430300925774605&u_code=1am3aa602ah1&titleType=title", "download_url": "https://www.chanmama.com/awemeDetail/6851430282327821581", "digg_count": 10720, "digg_incr": 8612, "aweme_create_time": 1595227954, "category": 12, "volume": 0, "amount": 0}, "author": {"author_id": "106721330637", "nickname": "游戏探长·小哦", "follower_count": 661838}}, {"aweme": {"aweme_id": "6851398573259640079", "aweme_title": "小马哥风格的手机壳真的好难驾驭，该如何提升气质变废为宝？#iphone", "aweme_url": "https://www.iesdouyin.com/share/video/6851398573259640079/?region=CN&mid=6736432570042501900&u_code=2akd6hh1cdil&titleType=title", "download_url": "https://www.chanmama.com/awemeDetail/6851398573259640079", "digg_count": 10980, "digg_incr": 7612, "aweme_create_time": 1595215544, "category": 12, "volume": 3, "amount": 119.39999999999999}, "author": {"author_id": "3100246753951324", "nickname": "搞机的小五", "follower_count": 182721}}, {"aweme": {"aweme_id": "6851500634886229248", "aweme_title": "爱酷公寓的小鲜肉1：可不能小瞧了现在的学生～他们赚Q的方法可新颖了～#iqoo的夏天", "aweme_url": "https://www.iesdouyin.com/share/video/6851500634886229248/?region=CN&mid=6851500654817495822&u_code=3j780k6cedb1&titleType=title", "download_url": "https://www.chanmama.com/awemeDetail/6851500634886229248", "digg_count": 13831, "digg_incr": 6836, "aweme_create_time": 1595239306, "category": 12, "volume": 0, "amount": 0}, "author": {"author_id": "3786362314042830", "nickname": "iQOO手机", "follower_count": 842897}}, {"aweme": {"aweme_id": "6851513545524317440", "aweme_title": "军事水友们，你们有不同看法不？？", "aweme_url": "https://www.iesdouyin.com/share/video/6851513545524317440/?region=CN&mid=6851513569893223181&u_code=0&titleType=title", "download_url": "https://www.chanmama.com/awemeDetail/6851513545524317440", "digg_count": 12383, "digg_incr": 6176, "aweme_create_time": 1595242312, "category": 12, "volume": 0, "amount": 0}, "author": {"author_id": "2466960092964787", "nickname": "城南大土豆", "follower_count": 228752}}, {"aweme": {"aweme_id": "6851430471209880846", "aweme_title": "#九块九 #手机壳", "aweme_url": "https://www.iesdouyin.com/share/video/6851430471209880846/?region=CN&mid=6851430475760716557&u_code=27l4hkd95f9c&titleType=title", "download_url": "https://www.chanmama.com/awemeDetail/6851430471209880846", "digg_count": 5455, "digg_incr": 5517, "aweme_create_time": 1595222971, "category": 12, "volume": 0, "amount": 0}, "author": {"author_id": "66912222332", "nickname": "宝多多📶", "follower_count": 29647}}, {"aweme": {"aweme_id": "6851541344746491149", "aweme_title": "提前感受一下#iphone12 的手感#抖音直播秒杀狂欢节 #正在直播中", "aweme_url": "https://www.iesdouyin.com/share/video/6851541344746491149/?region=CN&mid=6851541447038536462&u_code=0&titleType=title", "download_url": "https://www.chanmama.com/awemeDetail/6851541344746491149", "digg_count": 5036, "digg_incr": 5094, "aweme_create_time": 1595248800, "category": 12, "volume": 1486, "amount": 19169.4}, "author": {"author_id": "62180535851", "nickname": "膜记匠品", "follower_count": 116724}}, {"aweme": {"aweme_id": "6851397940146179328", "aweme_title": "最近爱上唐老鸭。💙💛#手机壳", "aweme_url": "https://www.iesdouyin.com/share/video/6851397940146179328/?region=CN&mid=6843607089181362177&u_code=0&titleType=title", "download_url": "https://www.chanmama.com/awemeDetail/6851397940146179328", "digg_count": 9724, "digg_incr": 4995, "aweme_create_time": 1595215396, "category": 12, "volume": 394, "amount": 7407.200000000001}, "author": {"author_id": "109789560713", "nickname": "Ayumio", "follower_count": 24607}}, {"aweme": {"aweme_id": "6851385228657691917", "aweme_title": "没事 没关系 一切都会好的.", "aweme_url": "https://www.iesdouyin.com/share/video/6851385228657691917/?region=CN&mid=6851385342873225997&u_code=1am3aa602ah1&titleType=title", "download_url": "https://www.chanmama.com/awemeDetail/6851385228657691917", "digg_count": 4162, "digg_incr": 3660, "aweme_create_time": 1595212457, "category": 12, "volume": 10, "amount": 158}, "author": {"author_id": "1613716677208939", "nickname": "黎恩", "follower_count": 686540}}, {"aweme": {"aweme_id": "6851488447329209611", "aweme_title": "据说只有原装iPhone才有的功能 你不会是假的吧#迷惑行为大赏 #iPhone #苹果手机", "aweme_url": "https://www.iesdouyin.com/share/video/6851488447329209611/?region=CN&mid=6851488504577264397&u_code=0&titleType=title", "download_url": "https://www.chanmama.com/awemeDetail/6851488447329209611", "digg_count": 4873, "digg_incr": 3645, "aweme_create_time": 1595236477, "category": 12, "volume": 0, "amount": 0}, "author": {"author_id": "712111324664557", "nickname": "艾特科曼", "follower_count": 238560}}, {"aweme": {"aweme_id": "6851546689606651148", "aweme_title": "千万不要戴这个手表出门，我怕别人会给你抢走。#717抖音奇妙好物市集 #好物推荐 #智能手表", "aweme_url": "https://www.iesdouyin.com/share/video/6851546689606651148/?region=CN&mid=6851546724310584077&u_code=d3cj78d2g00&titleType=title", "download_url": "https://www.chanmama.com/awemeDetail/6851546689606651148", "digg_count": 4235, "digg_incr": 3553, "aweme_create_time": 1595250032, "category": 12, "volume": 39, "amount": 11622}, "author": {"author_id": "2963883946157808", "nickname": "小表弟", "follower_count": 6095}}, {"aweme": {"aweme_id": "6851427238760467719", "aweme_title": "#手机壳 #九块九", "aweme_url": "https://www.iesdouyin.com/share/video/6851427238760467719/?region=CN&mid=6851427241935653645&u_code=2k5ab5a5913d&titleType=title", "download_url": "https://www.chanmama.com/awemeDetail/6851427238760467719", "digg_count": 3736, "digg_incr": 3317, "aweme_create_time": 1595222218, "category": 12, "volume": 0, "amount": 0}, "author": {"author_id": "66912222332", "nickname": "宝多多📶", "follower_count": 29647}}, {"aweme": {"aweme_id": "6851413827095891207", "aweme_title": "答应你们的小黄车，我不会食言哒", "aweme_url": "https://www.iesdouyin.com/share/video/6851413827095891207/?region=CN&mid=6805855399846169358&u_code=294bg9c3e87k&titleType=title", "download_url": "https://www.chanmama.com/awemeDetail/6851413827095891207", "digg_count": 3265, "digg_incr": 3015, "aweme_create_time": 1595219095, "category": 12, "volume": 0, "amount": 0}, "author": {"author_id": "83481835554", "nickname": "白臻", "follower_count": 16492}}, {"aweme": {"aweme_id": "6851485121858505998", "aweme_title": "他说：不怕别人说他秀恩爱 只想让我有足够的安全感 #安全感 #男朋友", "aweme_url": "https://www.iesdouyin.com/share/video/6851485121858505998/?region=CN&mid=6838098686292445959&u_code=212l9lmkh0k7&titleType=title", "download_url": "https://www.chanmama.com/awemeDetail/6851485121858505998", "digg_count": 3378, "digg_incr": 2913, "aweme_create_time": 1595235695, "category": 12, "volume": 6, "amount": 160.8}, "author": {"author_id": "96384827542264", "nickname": "甜九儿", "follower_count": 33069}}, {"aweme": {"aweme_id": "6850312566254619912", "aweme_title": "细心体贴很重要，如果你也是单身汪，那就带走一个温暖的体脂秤吧🐶#抖音小助手 #健身 #乘风破浪幸盔有你", "aweme_url": "https://www.iesdouyin.com/share/video/6850312566254619912/?region=CN&mid=6850312583908526861&u_code=1e86e3gfc222&titleType=title", "download_url": "https://www.chanmama.com/awemeDetail/6850312566254619912", "digg_count": 3453, "digg_incr": 2563, "aweme_create_time": 1595239560, "category": 12, "volume": 3, "amount": 267}, "author": {"author_id": "59156195066", "nickname": "178的刘太阳", "follower_count": 696509}}, {"aweme": {"aweme_id": "6851521955955248384", "aweme_title": "我觉的这个夜光钢化膜很符合你的气质！#iphone #数码 #钢化膜", "aweme_url": "https://www.iesdouyin.com/share/video/6851521955955248384/?region=CN&mid=6851521964205558535&u_code=2c3k56f4j29e&titleType=title", "download_url": "https://www.chanmama.com/awemeDetail/6851521955955248384", "digg_count": 3366, "digg_incr": 2533, "aweme_create_time": 1595244270, "category": 12, "volume": 15, "amount": 448.49999999999994}, "author": {"author_id": "2559312756240024", "nickname": "气质姐", "follower_count": 4111}}, {"aweme": {"aweme_id": "6851438792553811208", "aweme_title": "车是男人第二个家，经常坐着老人和小孩的车，就更加要注意车里的环境 #汽车雾化消毒", "aweme_url": "https://www.iesdouyin.com/share/video/6851438792553811208/?region=CN&mid=6851438807829924615&u_code=i5hd8ml6f59&titleType=title", "download_url": "https://www.chanmama.com/awemeDetail/6851438792553811208", "digg_count": 12437, "digg_incr": 2331, "aweme_create_time": 1595224909, "category": 12, "volume": 13, "amount": 518.6999999999999}, "author": {"author_id": "4498841849834404", "nickname": "我开车很稳的", "follower_count": 3069}}, {"aweme": {"aweme_id": "6851406981266214144", "aweme_title": "暑假后就上小学了，怕大宝会跟不上，安排了一个#学习机，每天都能主动学习一小时#自律#宝贝女儿 @抖音小助手", "aweme_url": "https://www.iesdouyin.com/share/video/6851406981266214144/?region=CN&mid=6851407003609352967&u_code=0&titleType=title", "download_url": "https://www.chanmama.com/awemeDetail/6851406981266214144", "digg_count": 4023, "digg_incr": 2273, "aweme_create_time": 1595217502, "category": 12, "volume": 0, "amount": 0}, "author": {"author_id": "60314160083", "nickname": "小卷毛和姐姐🍭", "follower_count": 224708}}, {"aweme": {"aweme_id": "6851432138403761422", "aweme_title": "烟味、汗酸味、异味统统清除，杀菌消毒！香味持久，久到离谱 #消毒杀菌 #懂车", "aweme_url": "https://www.iesdouyin.com/share/video/6851432138403761422/?region=CN&mid=6851432153406769928&u_code=42fjg12mbmg6&titleType=title", "download_url": "https://www.chanmama.com/awemeDetail/6851432138403761422", "digg_count": 2472, "digg_incr": 2145, "aweme_create_time": 1595223359, "category": 12, "volume": 10, "amount": 399}, "author": {"author_id": "4463656835754103", "nickname": "爱自己爱生活", "follower_count": 0}}, {"aweme": {"aweme_id": "6851465066483666190", "aweme_title": "#儿童电话手表  #717奇妙好物在这里 儿子跟别人跑了，老板已经接受这个现实了", "aweme_url": "https://www.iesdouyin.com/share/video/6851465066483666190/?region=CN&mid=6851465175531342600&u_code=2lbh971mhgl9&titleType=title", "download_url": "https://www.chanmama.com/awemeDetail/6851465066483666190", "digg_count": 2176, "digg_incr": 2143, "aweme_create_time": 1595231048, "category": 12, "volume": 0, "amount": 0}, "author": {"author_id": "68629540339", "nickname": "爱逛电子商务", "follower_count": 213247}}, {"aweme": {"aweme_id": "6851423024420244736", "aweme_title": "近期你的柳量也低了吗？想放弃了吗？抖爸爸不断更新，每天更要坚持直播，坚持活跃，快带走评论区的小乖乖#热门", "aweme_url": "https://www.iesdouyin.com/share/video/6851423024420244736/?region=CN&mid=6851423023212350215&u_code=0&titleType=title", "download_url": "https://www.chanmama.com/awemeDetail/6851423024420244736", "digg_count": 2697, "digg_incr": 2105, "aweme_create_time": 1595221236, "category": 12, "volume": 0, "amount": 0}, "author": {"author_id": "3773158067548044", "nickname": "苏乐", "follower_count": 110009}}, {"aweme": {"aweme_id": "6851395527905479943", "aweme_title": "有了这只#小马良3d打印笔 ，赶紧画上几十瓶可乐放冰箱。#万物皆可造", "aweme_url": "https://www.iesdouyin.com/share/video/6851395527905479943/?region=CN&mid=6851395617294453517&u_code=0&titleType=title", "download_url": "https://www.chanmama.com/awemeDetail/6851395527905479943", "digg_count": 2400, "digg_incr": 1945, "aweme_create_time": 1595214853, "category": 12, "volume": 2, "amount": 56}, "author": {"author_id": "1261888432257848", "nickname": "神笔小马良", "follower_count": 433215}}, {"aweme": {"aweme_id": "6851307811637300493", "aweme_title": "#717抖音奇妙好物市集 #实惠又便宜 #时尚穿搭 @抖音小助手 #感谢官方", "aweme_url": "https://www.iesdouyin.com/share/video/6851307811637300493/?region=CN&mid=6779579332027042573&u_code=1fj9f270dcd&titleType=title", "download_url": "https://www.chanmama.com/awemeDetail/6851307811637300493", "digg_count": 1885, "digg_incr": 1789, "aweme_create_time": 1595194437, "category": 12, "volume": 78, "amount": 5182}, "author": {"author_id": "101922526016", "nickname": "常熟市飞飞鞋业商行", "follower_count": 200087}}, {"aweme": {"aweme_id": "6851362543231880455", "aweme_title": "#717抖音奇妙好物在这里，入手一飞织休闲鞋，好穿又累脚#时尚穿搭 #感谢抖音巴巴热门", "aweme_url": "https://www.iesdouyin.com/share/video/6851362543231880455/?region=CN&mid=6779579332027042573&u_code=19fjbl89kf63&titleType=title", "download_url": "https://www.chanmama.com/awemeDetail/6851362543231880455", "digg_count": 1741, "digg_incr": 1651, "aweme_create_time": 1595207157, "category": 12, "volume": 6, "amount": 414}, "author": {"author_id": "101922526016", "nickname": "常熟市飞飞鞋业商行", "follower_count": 200087}}, {"aweme": {"aweme_id": "6851433583190609167", "aweme_title": "烟味、汗酸味、异味统统清除，杀菌消毒！香味持久久到离谱 #消毒杀菌 #懂车", "aweme_url": "https://www.iesdouyin.com/share/video/6851433583190609167/?region=CN&mid=6851433584725740295&u_code=0&titleType=title", "download_url": "https://www.chanmama.com/awemeDetail/6851433583190609167", "digg_count": 1632, "digg_incr": 1610, "aweme_create_time": 1595223695, "category": 12, "volume": 8, "amount": 319.2}, "author": {"author_id": "857264237577132", "nickname": "蓝天白云耶", "follower_count": 129868}}, {"aweme": {"aweme_id": "6851402279250152704", "aweme_title": "适用于所有华为手机#教程 #手机技巧 @DOU+小助手", "aweme_url": "https://www.iesdouyin.com/share/video/6851402279250152704/?region=CN&mid=6851402298761939719&u_code=1kgi6h6afg08&titleType=title", "download_url": "https://www.chanmama.com/awemeDetail/6851402279250152704", "digg_count": 2367, "digg_incr": 1577, "aweme_create_time": 1595216407, "category": 12, "volume": 0, "amount": 0}, "author": {"author_id": "3931489169576851", "nickname": "手机女友", "follower_count": 154198}}, {"aweme": {"aweme_id": "6851409003746954511", "aweme_title": "不是吧 阿sir 我只是碰巧在卫生间调试设备而已啊", "aweme_url": "https://www.iesdouyin.com/share/video/6851409003746954511/?region=CN&mid=6851409017651104526&u_code=271fb502h6lf&titleType=title", "download_url": "https://www.chanmama.com/awemeDetail/6851409003746954511", "digg_count": 2370, "digg_incr": 1534, "aweme_create_time": 1595217972, "category": 12, "volume": 0, "amount": 0}, "author": {"author_id": "62214614553", "nickname": "负债设计师滥滥", "follower_count": 119994}}, {"aweme": {"aweme_id": "6851354386925456653", "aweme_title": "#朱迅", "aweme_url": "https://www.iesdouyin.com/share/video/6851354386925456653/?region=CN&mid=6838821494974318600&u_code=29e685i9la4c&titleType=title", "download_url": "https://www.chanmama.com/awemeDetail/6851354386925456653", "digg_count": 4117, "digg_incr": 1473, "aweme_create_time": 1595205259, "category": 12, "volume": 2, "amount": 279.6}, "author": {"author_id": "67844162966", "nickname": "双鑫好运", "follower_count": 776191}}, {"aweme": {"aweme_id": "6851430359528115470", "aweme_title": "@阔喵🐱狂躁开箱发了一个抖音短视频，你尽管点开，不好看算我输！", "aweme_url": "https://www.iesdouyin.com/share/video/6851430359528115470/?region=CN&mid=6851430448858401550&u_code=29e685i9la4c&titleType=", "download_url": "https://www.chanmama.com/awemeDetail/6851430359528115470", "digg_count": 1609, "digg_incr": 1310, "aweme_create_time": 1595222945, "category": 12, "volume": 27, "amount": 372.6}, "author": {"author_id": "103378630943", "nickname": "阔喵🐱狂躁开箱", "follower_count": 689092}}, {"aweme": {"aweme_id": "6851467975082380559", "aweme_title": "市面上所有的手机型号都找到啦，不存在我没有的#手机壳 奶茶流沙都有哦#闺蜜 #717奇妙好物在这里", "aweme_url": "https://www.iesdouyin.com/share/video/6851467975082380559/?region=CN&mid=6851467986759404296&u_code=2g9cfffeefe2&titleType=title", "download_url": "https://www.chanmama.com/awemeDetail/6851467975082380559", "digg_count": 1289, "digg_incr": 1283, "aweme_create_time": 1595231703, "category": 12, "volume": 0, "amount": 0}, "author": {"author_id": "104929354160", "nickname": "小菲儿", "follower_count": 15100}}, {"aweme": {"aweme_id": "6851521793144933645", "aweme_title": "教你用镜头记录美景。#手机摄影 #水流 #瀑布 #镜头#小溪", "aweme_url": "https://www.iesdouyin.com/share/video/6851521793144933645/?region=CN&mid=6851521808001518344&u_code=0&titleType=title", "download_url": "https://www.chanmama.com/awemeDetail/6851521793144933645", "digg_count": 1909, "digg_incr": 1191, "aweme_create_time": 1595244232, "category": 12, "volume": 0, "amount": 0}, "author": {"author_id": "2510892314927388", "nickname": "青丞手机摄影", "follower_count": 464546}}, {"aweme": {"aweme_id": "6851512773294165256", "aweme_title": "想你的人一定会去找你，没有例外！#男朋友 #情侣 #情侣vlog", "aweme_url": "https://www.iesdouyin.com/share/video/6851512773294165256/?region=CN&mid=6851512858589596424&u_code=0&titleType=title", "download_url": "https://www.chanmama.com/awemeDetail/6851512773294165256", "digg_count": 70496, "digg_incr": 1157, "aweme_create_time": 1595242150, "category": 12, "volume": 0, "amount": 0}, "author": {"author_id": "75315858810", "nickname": "华米科技", "follower_count": 266026}}, {"aweme": {"aweme_id": "6851501034112584973", "aweme_title": "暑假去哪玩？#暑假 #创意 #好玩 #放假了 @抖音小助手", "aweme_url": "https://www.iesdouyin.com/share/video/6851501034112584973/?region=CN&mid=6849725313035798530&u_code=0&titleType=title", "download_url": "https://www.chanmama.com/awemeDetail/6851501034112584973", "digg_count": 1758, "digg_incr": 1084, "aweme_create_time": 1595239400, "category": 12, "volume": 0, "amount": 0}, "author": {"author_id": "3931454453331422", "nickname": "隔壁班好物", "follower_count": 190506}}, {"aweme": {"aweme_id": "6851440118276820237", "aweme_title": "车是男人第二个家，经常坐着老人和小孩的车，就更加要注意车里的环境 #汽车雾化消毒", "aweme_url": "https://www.iesdouyin.com/share/video/6851440118276820237/?region=CN&mid=6851440119879420679&u_code=27ba29hacmga&titleType=title", "download_url": "https://www.chanmama.com/awemeDetail/6851440118276820237", "digg_count": 1042, "digg_incr": 1042, "aweme_create_time": 1595225217, "category": 12, "volume": 5, "amount": 199.5}, "author": {"author_id": "3144248422315991", "nickname": "巴塞琉斯", "follower_count": 15322}}, {"aweme": {"aweme_id": "6851409658448547076", "aweme_title": "注意，投影是特效哦。一键音乐发光的手机壳，IQOO和黑鲨已退出群聊#赛博朋克风", "aweme_url": "https://www.iesdouyin.com/share/video/6851409658448547076/?region=CN&mid=6851409830370413320&u_code=13h2b40ld9m7&titleType=title", "download_url": "https://www.chanmama.com/awemeDetail/6851409658448547076", "digg_count": 1278, "digg_incr": 861, "aweme_create_time": 1595218160, "category": 12, "volume": 0, "amount": 0}, "author": {"author_id": "417409645676840", "nickname": "海钻科技", "follower_count": 119099}}, {"aweme": {"aweme_id": "6851480858373655821", "aweme_title": "正在直播中#喜欢的亲点开视频左下角头像名字找到主页橱窗里面就有", "aweme_url": "https://www.iesdouyin.com/share/video/6851480858373655821/?region=CN&mid=6851480870881086221&u_code=0&titleType=title", "download_url": "https://www.chanmama.com/awemeDetail/6851480858373655821", "digg_count": 1944, "digg_incr": 854, "aweme_create_time": 1595234702, "category": 12, "volume": 28, "amount": 1397.2}, "author": {"author_id": "64187150308", "nickname": "飞马🔥王子（好物分享）", "follower_count": 552028}}, {"aweme": {"aweme_id": "6851462602216770828", "aweme_title": "“这个宇航员长在我审美上了😭真的太可了！一定要跟男朋友一起安排！”#甜甜的恋爱 #宇航员", "aweme_url": "https://www.iesdouyin.com/share/video/6851462602216770828/?region=CN&mid=6841492789587364616&u_code=0&titleType=title", "download_url": "https://www.chanmama.com/awemeDetail/6851462602216770828", "digg_count": 1214, "digg_incr": 845, "aweme_create_time": 1595230461, "category": 12, "volume": 0, "amount": 0}, "author": {"author_id": "4067815970855383", "nickname": "Amy好物推荐", "follower_count": 386354}}, {"aweme": {"aweme_id": "6851501775736900871", "aweme_title": "3个夏季用车小妙招：胎压低也会爆胎！#dou是好车", "aweme_url": "https://www.iesdouyin.com/share/video/6851501775736900871/?region=CN&mid=6844102974784931854&u_code=2akd6hh64h1b&titleType=title", "download_url": "https://www.chanmama.com/awemeDetail/6851501775736900871", "digg_count": 1137, "digg_incr": 833, "aweme_create_time": 1595239572, "category": 12, "volume": 1, "amount": 4380}, "author": {"author_id": "94908356747", "nickname": "陈庚auto", "follower_count": 148659}}, {"aweme": {"aweme_id": "6851324882895031566", "aweme_title": "情花情花几时开，情人几时来，情话情话几时说，情歌飘过来……#正能量 #内蒙古女人 #@抖音小助手", "aweme_url": "https://www.iesdouyin.com/share/video/6851324882895031566/?region=CN&mid=6807196331695704846&u_code=0&titleType=title", "download_url": "https://www.chanmama.com/awemeDetail/6851324882895031566", "digg_count": 1025, "digg_incr": 815, "aweme_create_time": 1595198393, "category": 12, "volume": 0, "amount": 0}, "author": {"author_id": "110293319976", "nickname": "芬儿", "follower_count": 198109}}, {"aweme": {"aweme_id": "6850898740115426568", "aweme_title": "剪辑渲染制作的好帮手，生产力方面没的说 #电脑 #组装电脑#电脑配置#电脑装机", "aweme_url": "https://www.iesdouyin.com/share/video/6850898740115426568/?region=CN&mid=6850899656784808712&u_code=0&titleType=title", "download_url": "https://www.chanmama.com/awemeDetail/6850898740115426568", "digg_count": 1103, "digg_incr": 780, "aweme_create_time": 1595210400, "category": 12, "volume": 0, "amount": 0}, "author": {"author_id": "95286961931", "nickname": "猫的电脑日记-南京", "follower_count": 316088}}, {"aweme": {"aweme_id": "6851423408668839182", "aweme_title": "解锁神操作", "aweme_url": "https://www.iesdouyin.com/share/video/6851423408668839182/?region=CN&mid=6851423499911777038&u_code=39cg4d6b9039&titleType=title", "download_url": "https://www.chanmama.com/awemeDetail/6851423408668839182", "digg_count": 1166, "digg_incr": 739, "aweme_create_time": 1595221347, "category": 12, "volume": 0, "amount": 0}, "author": {"author_id": "188734253837112", "nickname": "白喵喵", "follower_count": 58490}}, {"aweme": {"aweme_id": "6851317280408636686", "aweme_title": "#朱迅", "aweme_url": "https://www.iesdouyin.com/share/video/6851317280408636686/?region=CN&mid=6844773311390418951&u_code=1fj9f270dcd&titleType=title", "download_url": "https://www.chanmama.com/awemeDetail/6851317280408636686", "digg_count": 1560, "digg_incr": 707, "aweme_create_time": 1595196630, "category": 12, "volume": 0, "amount": 0}, "author": {"author_id": "67844162966", "nickname": "双鑫好运", "follower_count": 776191}}, {"aweme": {"aweme_id": "6851445370048826635", "aweme_title": "@煮时森林发了一个抖音短视频，你尽管点开，不好看算我输！", "aweme_url": "https://www.iesdouyin.com/share/video/6851445370048826635/?region=CN&mid=6851445731434498824&u_code=0&titleType=", "download_url": "https://www.chanmama.com/awemeDetail/6851445370048826635", "digg_count": 20258, "digg_incr": 707, "aweme_create_time": 1595226482, "category": 12, "volume": 0, "amount": 0}, "author": {"author_id": "4503683271279880", "nickname": "煮时森林", "follower_count": 578173}}, {"aweme": {"aweme_id": "6851466634125790464", "aweme_title": "这个符合大家口味不 #性感", "aweme_url": "https://www.iesdouyin.com/share/video/6851466634125790464/?region=CN&mid=6851466657907493640&u_code=1am3aa602ah1&titleType=title", "download_url": "https://www.chanmama.com/awemeDetail/6851466634125790464", "digg_count": 1026, "digg_incr": 703, "aweme_create_time": 1595231391, "category": 12, "volume": 2, "amount": 39.6}, "author": {"author_id": "2084268666269159", "nickname": "抖音正能量.", "follower_count": 27354}}, {"aweme": {"aweme_id": "6851459807904419085", "aweme_title": "#卡绮cacci #圆圆君 #手机壳 💫有了圆圆君，给你们增添不一样的色彩，努力成长你们心中的美好✨#苹果", "aweme_url": "https://www.iesdouyin.com/share/video/6851459807904419085/?region=CN&mid=6849912650420193287&u_code=1e86e3gfc222&titleType=title", "download_url": "https://www.chanmama.com/awemeDetail/6851459807904419085", "digg_count": 4772, "digg_incr": 674, "aweme_create_time": 1595229802, "category": 12, "volume": 0, "amount": 0}, "author": {"author_id": "113977355940655", "nickname": "卡绮～樱桃🍒", "follower_count": 1756}}, {"aweme": {"aweme_id": "6851432614717377799", "aweme_title": "烟味、汗酸味、异味统统清除，杀菌消du！香味持久，久到离谱#汽车除味 #夏天必备", "aweme_url": "https://www.iesdouyin.com/share/video/6851432614717377799/?region=CN&mid=6851432607193451271&u_code=3ikd8hlb716l&titleType=title", "download_url": "https://www.chanmama.com/awemeDetail/6851432614717377799", "digg_count": 1679, "digg_incr": 619, "aweme_create_time": 1595223470, "category": 12, "volume": 3, "amount": 119.69999999999999}, "author": {"author_id": "3390494117209004", "nickname": "吉吉野", "follower_count": 3422}}, {"aweme": {"aweme_id": "6851363850680356096", "aweme_title": "@六道发了一个抖音短视频，你尽管点开，不好看算我输！", "aweme_url": "https://www.iesdouyin.com/share/video/6851363850680356096/?region=CN&mid=6851363843193539342&u_code=3cc1ga8lck8h&titleType=", "download_url": "https://www.chanmama.com/awemeDetail/6851363850680356096", "digg_count": 5488, "digg_incr": 509, "aweme_create_time": 1595207461, "category": 12, "volume": 0, "amount": 0}, "author": {"author_id": "2493296952481468", "nickname": "六道", "follower_count": 243653}}, {"aweme": {"aweme_id": "6851415886251707648", "aweme_title": "电影院回来了！！！开始吧！🤘🤟🖖 #电影院 #电影院要开门了", "aweme_url": "https://www.iesdouyin.com/share/video/6851415886251707648/?region=CN&mid=6851415886901922568&u_code=2g9cfffeefe2&titleType=title", "download_url": "https://www.chanmama.com/awemeDetail/6851415886251707648", "digg_count": 1048, "digg_incr": 500, "aweme_create_time": 1595219575, "category": 12, "volume": 0, "amount": 0}, "author": {"author_id": "95520631149", "nickname": "童年电影院", "follower_count": 119175}}, {"aweme": {"aweme_id": "6851573046503804163", "aweme_title": "你的手机支持快充吗#iPhone#快充 @DOU+小助手", "aweme_url": "https://www.iesdouyin.com/share/video/6851573046503804163/?region=CN&mid=6687385807903853319&u_code=0&titleType=title", "download_url": "https://www.chanmama.com/awemeDetail/6851573046503804163", "digg_count": 1363, "digg_incr": 458, "aweme_create_time": 1595256171, "category": 12, "volume": 1, "amount": 42}, "author": {"author_id": "109169284691", "nickname": "BYBMH", "follower_count": 30879}}, {"aweme": {"aweme_id": "6851496755029167374", "aweme_title": "高颜值#手机壳 全部型号都在这里了，是时候秀出你的大哥大了#学生党 @DOU+小助手", "aweme_url": "https://www.iesdouyin.com/share/video/6851496755029167374/?region=CN&mid=6827443366503779080&u_code=3cc1ga8lck8h&titleType=title", "download_url": "https://www.chanmama.com/awemeDetail/6851496755029167374", "digg_count": 3773, "digg_incr": 449, "aweme_create_time": 1595238404, "category": 12, "volume": 0, "amount": 0}, "author": {"author_id": "2172278307815454", "nickname": "小师妹好物选品官", "follower_count": 1760}}, {"aweme": {"aweme_id": "6851418044317666567", "aweme_title": "锌合金苹果数据线，强韧扁平线材不开裂，抗弯折，3a快充不伤机！", "aweme_url": "https://www.iesdouyin.com/share/video/6851418044317666567/?region=CN&mid=6851418048135400199&u_code=1kgi6h6afg08&titleType=title", "download_url": "https://www.chanmama.com/awemeDetail/6851418044317666567", "digg_count": 1399, "digg_incr": 444, "aweme_create_time": 1595220077, "category": 12, "volume": 138, "amount": 1642.2}, "author": {"author_id": "2915550376243256", "nickname": "深宏华数码配件", "follower_count": 9150}}, {"aweme": {"aweme_id": "6851403388794457355", "aweme_title": "你们觉得主播是不是聪明绝顶 人又好 长的又帅的大好青年呢？#电脑 #显卡", "aweme_url": "https://www.iesdouyin.com/share/video/6851403388794457355/?region=CN&mid=6851403439785003783&u_code=2g9cfffeefe2&titleType=title", "download_url": "https://www.chanmama.com/awemeDetail/6851403388794457355", "digg_count": 1218, "digg_incr": 430, "aweme_create_time": 1595216673, "category": 12, "volume": 0, "amount": 0}, "author": {"author_id": "106833816008", "nickname": "章贡区全青电脑", "follower_count": 17239}}, {"aweme": {"aweme_id": "6851509625653710080", "aweme_title": "生在华强北，不怕面容毁？#手机屏幕 #屏幕坏了", "aweme_url": "https://www.iesdouyin.com/share/video/6851509625653710080/?region=CN&mid=6851509637050551047&u_code=27l4hkd95f9c&titleType=title", "download_url": "https://www.chanmama.com/awemeDetail/6851509625653710080", "digg_count": 1057, "digg_incr": 369, "aweme_create_time": 1595241400, "category": 12, "volume": 0, "amount": 0}, "author": {"author_id": "3122229397166759", "nickname": "抖屏师", "follower_count": 3629}}, {"aweme": {"aweme_id": "6851452271641791747", "aweme_title": "30岁再买18岁喜欢的东西 已经毫无意义，很多事情没有来日方长 我要现在就快乐#蓝牙键盘 #机械键盘", "aweme_url": "https://www.iesdouyin.com/share/video/6851452271641791747/?region=CN&mid=6794745874632968967&u_code=1kgi6h6afg08&titleType=title", "download_url": "https://www.chanmama.com/awemeDetail/6851452271641791747", "digg_count": 4085, "digg_incr": 209, "aweme_create_time": 1595228056, "category": 12, "volume": 0, "amount": 0}, "author": {"author_id": "2365775649709806", "nickname": "Yummy", "follower_count": 22421}}]}