{"data": [{"aweme": {"aweme_id": "6851516620674731264", "aweme_title": "二小姐，来了@抖音小助手", "aweme_url": "https://www.iesdouyin.com/share/video/6851516620674731264/?region=CN&mid=6851516630927674126&u_code=0&titleType=title", "download_url": "https://www.chanmama.com/awemeDetail/6851516620674731264", "digg_count": 23746, "digg_incr": 14857, "aweme_create_time": 1595243028, "category": 13, "volume": 0, "amount": 0}, "author": {"author_id": "1297064683376120", "nickname": "贵阳二小姐", "follower_count": 327746}}, {"aweme": {"aweme_id": "6851495009770917134", "aweme_title": "今日份养生女孩已上线🧚🏻‍♀️滴~ #美食趣胃计划 #趣胃大比拼 @DOU+小助手", "aweme_url": "https://www.iesdouyin.com/share/video/6851495009770917134/?region=CN&mid=6710867582037003020&u_code=0&titleType=title", "download_url": "https://www.chanmama.com/awemeDetail/6851495009770917134", "digg_count": 17848, "digg_incr": 14352, "aweme_create_time": 1595237997, "category": 13, "volume": 42, "amount": 7098}, "author": {"author_id": "2594449673170830", "nickname": "门门小食记", "follower_count": 260607}}, {"aweme": {"aweme_id": "6851448827967327496", "aweme_title": "生活在北京，花32.5买了只3斤的鸭子，做家庭版北京烤鸭吃，鸭架做一锅老鸭汤，一点都不浪费！#北漂 #美食", "aweme_url": "https://www.iesdouyin.com/share/video/6851448827967327496/?region=CN&mid=6845073515214080781&u_code=3aj0322m7cj7&titleType=title", "download_url": "https://www.chanmama.com/awemeDetail/6851448827967327496", "digg_count": 26389, "digg_incr": 12641, "aweme_create_time": 1595227245, "category": 13, "volume": 0, "amount": 0}, "author": {"author_id": "98763926175", "nickname": "刘二娇", "follower_count": 106618}}, {"aweme": {"aweme_id": "6851511453124447488", "aweme_title": "没有盖的蓝牙耳机，游戏低延迟，一看就是稀罕货#我捡到宝了 #蓝牙耳机 #耳机", "aweme_url": "https://www.iesdouyin.com/share/video/6851511453124447488/?region=CN&mid=6851511475480709896&u_code=0&titleType=title", "download_url": "https://www.chanmama.com/awemeDetail/6851511453124447488", "digg_count": 24316, "digg_incr": 12230, "aweme_create_time": 1595241825, "category": 13, "volume": 0, "amount": 0}, "author": {"author_id": "94992667248", "nickname": "手残也要买", "follower_count": 863377}}, {"aweme": {"aweme_id": "6851516026530663695", "aweme_title": "#岩音乐队 #阿吉18阿哥 《爱你不应该》", "aweme_url": "https://www.iesdouyin.com/share/video/6851516026530663695/?region=CN&mid=6806845775206271752&u_code=0&titleType=title", "download_url": "https://www.chanmama.com/awemeDetail/6851516026530663695", "digg_count": 13192, "digg_incr": 11647, "aweme_create_time": 1595242890, "category": 13, "volume": 0, "amount": 0}, "author": {"author_id": "106185953598", "nickname": "@阿吉18阿哥", "follower_count": 421339}}, {"aweme": {"aweme_id": "6851492757500873988", "aweme_title": "#粤新粤潮粤有味 #一起揉揉小肚子 #玛莎拉蒂锋芒玩家 #全民dou爱吃", "aweme_url": "https://www.iesdouyin.com/share/video/6851492757500873988/?region=CN&mid=6837003551991253768&u_code=17d06gjgb3mm&titleType=title", "download_url": "https://www.chanmama.com/awemeDetail/6851492757500873988", "digg_count": 11236, "digg_incr": 11420, "aweme_create_time": 1595237480, "category": 13, "volume": 126, "amount": 4775.4}, "author": {"author_id": "3355347597918791", "nickname": "佳一严选服装工厂", "follower_count": 91147}}, {"aweme": {"aweme_id": "6851348252097367296", "aweme_title": "一顿丰富的早餐，让我暖心一整天，辛苦啦，孩儿爸💕💕#抖音记录美好生活", "aweme_url": "https://www.iesdouyin.com/share/video/6851348252097367296/?region=CN&mid=6793644161238059021&u_code=0&titleType=title", "download_url": "https://www.chanmama.com/awemeDetail/6851348252097367296", "digg_count": 9441, "digg_incr": 8819, "aweme_create_time": 1595203830, "category": 13, "volume": 1, "amount": 398}, "author": {"author_id": "2629624322078751", "nickname": "辰儿妈妈", "follower_count": 114714}}, {"aweme": {"aweme_id": "6851493546235579648", "aweme_title": "卷卷成精了！这智商相当几岁孩子？", "aweme_url": "https://www.iesdouyin.com/share/video/6851493546235579648/?region=CN&mid=6851493573037853448&u_code=0&titleType=title", "download_url": "https://www.chanmama.com/awemeDetail/6851493546235579648", "digg_count": 15752, "digg_incr": 7050, "aweme_create_time": 1595237656, "category": 13, "volume": 1, "amount": 88}, "author": {"author_id": "85822471359", "nickname": "✨刘元宝✨", "follower_count": 601602}}, {"aweme": {"aweme_id": "6851383796818824455", "aweme_title": "把这段视频倒放，我能火吗？", "aweme_url": "https://www.iesdouyin.com/share/video/6851383796818824455/?region=CN&mid=6851383810144144141&u_code=27l4hkd95f9c&titleType=title", "download_url": "https://www.chanmama.com/awemeDetail/6851383796818824455", "digg_count": 7002, "digg_incr": 7006, "aweme_create_time": 1595212103, "category": 13, "volume": 0, "amount": 0}, "author": {"author_id": "232717782619550", "nickname": "Leader统帅冰箱", "follower_count": 67130}}, {"aweme": {"aweme_id": "6851402527880154376", "aweme_title": "在线找个姐妹来迪士尼黑作坊陪我吃饭#717抖音嗨吃节 @DOU+小助手", "aweme_url": "https://www.iesdouyin.com/share/video/6851402527880154376/?region=CN&mid=6851402844692646664&u_code=0&titleType=title", "download_url": "https://www.chanmama.com/awemeDetail/6851402527880154376", "digg_count": 10094, "digg_incr": 6763, "aweme_create_time": 1595234400, "category": 13, "volume": 0, "amount": 0}, "author": {"author_id": "73928514661", "nickname": "大椰子爱吃肉", "follower_count": 221717}}, {"aweme": {"aweme_id": "6851488450642857219", "aweme_title": "和妈妈来一段，知道我老妈在说什么吗？😃😃😃😃😃", "aweme_url": "https://www.iesdouyin.com/share/video/6851488450642857219/?region=CN&mid=6623583100536359684&u_code=gcg00ice348&titleType=title", "download_url": "https://www.chanmama.com/awemeDetail/6851488450642857219", "digg_count": 11519, "digg_incr": 6043, "aweme_create_time": 1595236478, "category": 13, "volume": 0, "amount": 0}, "author": {"author_id": "103885396997", "nickname": "贵州  冯三妹", "follower_count": 117267}}, {"aweme": {"aweme_id": "6851456933380066564", "aweme_title": "新手初学者入门级声卡套装#声卡演示", "aweme_url": "https://www.iesdouyin.com/share/video/6851456933380066564/?region=CN&mid=6851456962832485133&u_code=379jm8h3l53m&titleType=title", "download_url": "https://www.chanmama.com/awemeDetail/6851456933380066564", "digg_count": 5809, "digg_incr": 5622, "aweme_create_time": 1595229140, "category": 13, "volume": 0, "amount": 0}, "author": {"author_id": "110074279997", "nickname": "阿丹儿声卡设备", "follower_count": 14414}}, {"aweme": {"aweme_id": "6851435703981640974", "aweme_title": "70.80.的回忆之声，没听过的算你太嫩？#感谢官方感谢热门 #巨量中国 #爱音乐", "aweme_url": "https://www.iesdouyin.com/share/video/6851435703981640974/?region=CN&mid=6851435723531651848&u_code=294bg9c3e87k&titleType=title", "download_url": "https://www.chanmama.com/awemeDetail/6851435703981640974", "digg_count": 5558, "digg_incr": 5522, "aweme_create_time": 1595224189, "category": 13, "volume": 0, "amount": 0}, "author": {"author_id": "923214949134173", "nickname": "海宁皮草服饰仝佟", "follower_count": 17620}}, {"aweme": {"aweme_id": "6851455436462312712", "aweme_title": "有了这个扫拖一体的电动拖把，以后做家务我真的要轻松太多了。#吸拖一体#洗地机", "aweme_url": "https://www.iesdouyin.com/share/video/6851455436462312712/?region=CN&mid=6543519450186910477&u_code=0&titleType=title", "download_url": "https://www.chanmama.com/awemeDetail/6851455436462312712", "digg_count": 5459, "digg_incr": 4933, "aweme_create_time": 1595242800, "category": 13, "volume": 0, "amount": 0}, "author": {"author_id": "62251093543", "nickname": "小两口", "follower_count": 551438}}, {"aweme": {"aweme_id": "6851450341959929088", "aweme_title": "𝐶𝑜𝑓𝑓𝑒𝑒 𝑡𝑒𝑎 𝑜𝑟 𝑚𝑒？我想喝你做的果汁～#好物 #种草 #榨汁机", "aweme_url": "https://www.iesdouyin.com/share/video/6851450341959929088/?region=CN&mid=6848386813334276872&u_code=0&titleType=title", "download_url": "https://www.chanmama.com/awemeDetail/6851450341959929088", "digg_count": 6412, "digg_incr": 4094, "aweme_create_time": 1595227598, "category": 13, "volume": 0, "amount": 0}, "author": {"author_id": "94045225558", "nickname": "𝑭𝒓𝒐𝒛𝒆𝒏. 𝑳", "follower_count": 460242}}, {"aweme": {"aweme_id": "6851433754146114823", "aweme_title": "偷偷告诉你们在家也可以做，煎饼果子了。很多朋友问我面糊的方法都写在评论区了。￼￼", "aweme_url": "https://www.iesdouyin.com/share/video/6851433754146114823/?region=CN&mid=6679783854015777549&u_code=3aj0322m7cj7&titleType=title", "download_url": "https://www.chanmama.com/awemeDetail/6851433754146114823", "digg_count": 5288, "digg_incr": 3742, "aweme_create_time": 1595223735, "category": 13, "volume": 182, "amount": 1419.6}, "author": {"author_id": "1490534760987476", "nickname": "10秒家常菜", "follower_count": 91445}}, {"aweme": {"aweme_id": "6851491508676283648", "aweme_title": "#美食趣胃计划 #破壁新饮力 薯片新吃法！苹果片裹上薯片碎烤至两面金黄！太好吃了！让你从此爱上苹果！", "aweme_url": "https://www.iesdouyin.com/share/video/6851491508676283648/?region=CN&mid=6840373972165561096&u_code=379jm8h3l53m&titleType=title", "download_url": "https://www.chanmama.com/awemeDetail/6851491508676283648", "digg_count": 5919, "digg_incr": 3239, "aweme_create_time": 1595237182, "category": 13, "volume": 0, "amount": 0}, "author": {"author_id": "94496447079", "nickname": "噗噗叽叽", "follower_count": 914103}}, {"aweme": {"aweme_id": "6851488320896257294", "aweme_title": "今日分享超奈斯的伯爵蜜桃奶冻#美食教学 #夏日美食我来探", "aweme_url": "https://www.iesdouyin.com/share/video/6851488320896257294/?region=CN&mid=6851488349786852110&u_code=1e86e3gfc222&titleType=title", "download_url": "https://www.chanmama.com/awemeDetail/6851488320896257294", "digg_count": 5010, "digg_incr": 3026, "aweme_create_time": 1595236440, "category": 13, "volume": 0, "amount": 0}, "author": {"author_id": "82316103816", "nickname": "伯爵私厨", "follower_count": 628695}}, {"aweme": {"aweme_id": "6851382678726397197", "aweme_title": "减脂也要好好吃饭呢，一定要适当吃主食，这样才会健康❤️#美食趣胃计划 #饭团 @DOU+小助手", "aweme_url": "https://www.iesdouyin.com/share/video/6851382678726397197/?region=CN&mid=6851382697433484046&u_code=0&titleType=title", "download_url": "https://www.chanmama.com/awemeDetail/6851382678726397197", "digg_count": 3203, "digg_incr": 3003, "aweme_create_time": 1595211844, "category": 13, "volume": 0, "amount": 0}, "author": {"author_id": "62868148636", "nickname": "柠檬爱做饭", "follower_count": 575394}}, {"aweme": {"aweme_id": "6851428013511281935", "aweme_title": "人老先老腿，膝盖是关键，每天这样做，七十八十想去哪去哪#膝盖保养#膝盖保护#膝关节 #锻炼", "aweme_url": "https://www.iesdouyin.com/share/video/6851428013511281935/?region=CN&mid=6848509031313672968&u_code=gmaek20dh2c&titleType=title", "download_url": "https://www.chanmama.com/awemeDetail/6851428013511281935", "digg_count": 2694, "digg_incr": 2360, "aweme_create_time": 1595222398, "category": 13, "volume": 231, "amount": 13629}, "author": {"author_id": "96823544072", "nickname": "冰婷爱生活", "follower_count": 81907}}, {"aweme": {"aweme_id": "6851397970697391375", "aweme_title": "@梁红唱歌🎤发了一个抖音短视频，你尽管点开，不好看算我输！", "aweme_url": "https://www.iesdouyin.com/share/video/6851397970697391375/?region=CN&mid=6851397992415513351&u_code=0&titleType=", "download_url": "https://www.chanmama.com/awemeDetail/6851397970697391375", "digg_count": 2765, "digg_incr": 2327, "aweme_create_time": 1595215403, "category": 13, "volume": 0, "amount": 0}, "author": {"author_id": "21620223914964", "nickname": "梁红唱歌🎤", "follower_count": 243008}}, {"aweme": {"aweme_id": "6851398571132996864", "aweme_title": "二小姐，来了@抖音小助手", "aweme_url": "https://www.iesdouyin.com/share/video/6851398571132996864/?region=CN&mid=6851398577722690317&u_code=0&titleType=title", "download_url": "https://www.chanmama.com/awemeDetail/6851398571132996864", "digg_count": 3482, "digg_incr": 2320, "aweme_create_time": 1595215543, "category": 13, "volume": 0, "amount": 0}, "author": {"author_id": "1297064683376120", "nickname": "贵阳二小姐", "follower_count": 327746}}, {"aweme": {"aweme_id": "6851441797663575307", "aweme_title": "成天因为谁在床上睡觉干仗！这回好了，一起睡吧！偏向一个都不行！#家有萌宠泰迪", "aweme_url": "https://www.iesdouyin.com/share/video/6851441797663575307/?region=CN&mid=6851441841741941518&u_code=0&titleType=title", "download_url": "https://www.chanmama.com/awemeDetail/6851441797663575307", "digg_count": 3213, "digg_incr": 2198, "aweme_create_time": 1595225616, "category": 13, "volume": 10, "amount": 690}, "author": {"author_id": "63095053115", "nickname": "耐ki", "follower_count": 462890}}, {"aweme": {"aweme_id": "6851329104298429700", "aweme_title": "零添加，绿色食品", "aweme_url": "https://www.iesdouyin.com/share/video/6851329104298429700/?region=CN&mid=6851329447099173639&u_code=gmaek20dh2c&titleType=title", "download_url": "https://www.chanmama.com/awemeDetail/6851329104298429700", "digg_count": 2334, "digg_incr": 2149, "aweme_create_time": 1595199408, "category": 13, "volume": 0, "amount": 0}, "author": {"author_id": "93287851849", "nickname": "豆芽哥🔥🔥", "follower_count": 142151}}, {"aweme": {"aweme_id": "6851107997024914701", "aweme_title": "#vlog日常 你最喜欢吃什么水果🍑 @抖音小助手", "aweme_url": "https://www.iesdouyin.com/share/video/6851107997024914701/?region=CN&mid=6848546873797233422&u_code=0&titleType=title", "download_url": "https://www.chanmama.com/awemeDetail/6851107997024914701", "digg_count": 2594, "digg_incr": 1992, "aweme_create_time": 1595237400, "category": 13, "volume": 0, "amount": 0}, "author": {"author_id": "71373103766", "nickname": "Ying", "follower_count": 354105}}, {"aweme": {"aweme_id": "6851471755433757952", "aweme_title": "世界上最遥远的距离不是生离死别，而是对方已经云淡风轻，你却念念不忘。晚安💤#vlog我的日常 #抖出家乡菜", "aweme_url": "https://www.iesdouyin.com/share/video/6851471755433757952/?region=CN&mid=6851471831518497549&u_code=0&titleType=title", "download_url": "https://www.chanmama.com/awemeDetail/6851471755433757952", "digg_count": 2630, "digg_incr": 1983, "aweme_create_time": 1595240880, "category": 13, "volume": 0, "amount": 0}, "author": {"author_id": "3707180071260429", "nickname": "杏仁", "follower_count": 181140}}, {"aweme": {"aweme_id": "6851464407923297539", "aweme_title": "#早餐 不要再喝饮料了，跟我来做好喝的豆浆 #五谷豆浆", "aweme_url": "https://www.iesdouyin.com/share/video/6851464407923297539/?region=CN&mid=6851464589046090504&u_code=2g9cfffeefe2&titleType=title", "download_url": "https://www.chanmama.com/awemeDetail/6851464407923297539", "digg_count": 2340, "digg_incr": 1868, "aweme_create_time": 1595237783, "category": 13, "volume": 0, "amount": 0}, "author": {"author_id": "707726829697108", "nickname": "良物说", "follower_count": 7044}}, {"aweme": {"aweme_id": "6851340739771649288", "aweme_title": "已婚女人，居然还不知道这个！", "aweme_url": "https://www.iesdouyin.com/share/video/6851340739771649288/?region=CN&mid=6851340694301297416&u_code=27l4hkd95f9c&titleType=title", "download_url": "https://www.chanmama.com/awemeDetail/6851340739771649288", "digg_count": 1831, "digg_incr": 1844, "aweme_create_time": 1595202083, "category": 13, "volume": 10, "amount": 790}, "author": {"author_id": "927635515120279", "nickname": "果蔬生活", "follower_count": 40456}}, {"aweme": {"aweme_id": "6851412818646830351", "aweme_title": "#不要在我寂寞的时候说爱我 @抖音小助手", "aweme_url": "https://www.iesdouyin.com/share/video/6851412818646830351/?region=CN&mid=6850141070433569550&u_code=39cg4d6b9039&titleType=title", "download_url": "https://www.chanmama.com/awemeDetail/6851412818646830351", "digg_count": 9285, "digg_incr": 1838, "aweme_create_time": 1595218860, "category": 13, "volume": 0, "amount": 0}, "author": {"author_id": "65358245937", "nickname": "小禾🌻（艾薇）", "follower_count": 56321}}, {"aweme": {"aweme_id": "6851351626360327438", "aweme_title": "#防风打火机 户外烧烤点碳焊接必备神器，火力超猛，据说还可以用来防身，你们想要吗？", "aweme_url": "https://www.iesdouyin.com/share/video/6851351626360327438/?region=CN&mid=6851351604780944136&u_code=379jm8h3l53m&titleType=title", "download_url": "https://www.chanmama.com/awemeDetail/6851351626360327438", "digg_count": 4197, "digg_incr": 1813, "aweme_create_time": 1595204616, "category": 13, "volume": 27, "amount": 2133}, "author": {"author_id": "95560765852", "nickname": "义乌市谭振电子商务商行.", "follower_count": 242616}}, {"aweme": {"aweme_id": "6851377165053758734", "aweme_title": "干啥啥不行，对口型第一名#直播，虾虾加油！这次的加油给自己！", "aweme_url": "https://www.iesdouyin.com/share/video/6851377165053758734/?region=CN&mid=6851377171438209800&u_code=0&titleType=title", "download_url": "https://www.chanmama.com/awemeDetail/6851377165053758734", "digg_count": 2253, "digg_incr": 1802, "aweme_create_time": 1595210560, "category": 13, "volume": 0, "amount": 0}, "author": {"author_id": "1257456653054750", "nickname": "巩虾虾", "follower_count": 109291}}, {"aweme": {"aweme_id": "6851501055063248131", "aweme_title": "#火锅 #美食趣味计划 我的理想周末：跟闺蜜一起吃顿火锅，一起看部电影~悠哉！", "aweme_url": "https://www.iesdouyin.com/share/video/6851501055063248131/?region=CN&mid=6851501266061789960&u_code=0&titleType=title", "download_url": "https://www.chanmama.com/awemeDetail/6851501055063248131", "digg_count": 3104, "digg_incr": 1681, "aweme_create_time": 1595239445, "category": 13, "volume": 0, "amount": 0}, "author": {"author_id": "4217325826353543", "nickname": "大瑶✨", "follower_count": 223159}}, {"aweme": {"aweme_id": "6851505969642474752", "aweme_title": "也许长大的感觉就是笑不再纯粹，哭不再彻底吧～#美食趣胃计划 #趣胃大比拼 #破壁新饮力 @DOU+小助手", "aweme_url": "https://www.iesdouyin.com/share/video/6851505969642474752/?region=CN&mid=6851505979096599309&u_code=0&titleType=title", "download_url": "https://www.chanmama.com/awemeDetail/6851505969642474752", "digg_count": 5448, "digg_incr": 1660, "aweme_create_time": 1595240549, "category": 13, "volume": 0, "amount": 0}, "author": {"author_id": "108311557947", "nickname": "一人厨_小斯", "follower_count": 522490}}, {"aweme": {"aweme_id": "6851483213617990912", "aweme_title": "想要#孩子聪明记忆力好，这款食谱你收好！味道超级好#益智#健脑 #破壁新饮力", "aweme_url": "https://www.iesdouyin.com/share/video/6851483213617990912/?region=CN&mid=6851483219251317511&u_code=1am3aa602ah1&titleType=title", "download_url": "https://www.chanmama.com/awemeDetail/6851483213617990912", "digg_count": 5720, "digg_incr": 1552, "aweme_create_time": 1595235251, "category": 13, "volume": 0, "amount": 0}, "author": {"author_id": "75878245983", "nickname": "小静子美食记", "follower_count": 965543}}, {"aweme": {"aweme_id": "6851445751436807439", "aweme_title": "作为一个三胎妈妈，我用过的辅食工具真的太多了，今天就来分享一下哪些好用、常用的#辅食工具 让新手妈妈们少踩雷哈", "aweme_url": "https://www.iesdouyin.com/share/video/6851445751436807439/?region=CN&mid=6810571395844770572&u_code=0&titleType=title", "download_url": "https://www.chanmama.com/awemeDetail/6851445751436807439", "digg_count": 3339, "digg_incr": 1524, "aweme_create_time": 1595226529, "category": 13, "volume": 0, "amount": 0}, "author": {"author_id": "2137066156334110", "nickname": "乐乐麻麻❤️", "follower_count": 109261}}, {"aweme": {"aweme_id": "6851501805772360967", "aweme_title": "高级法式甜点·马卡龙保姆级教程--详细到每一步的翻拌次数，及打发时间！ #烘焙", "aweme_url": "https://www.iesdouyin.com/share/video/6851501805772360967/?region=CN&mid=6851501915702987528&u_code=0&titleType=title", "download_url": "https://www.chanmama.com/awemeDetail/6851501805772360967", "digg_count": 2494, "digg_incr": 1466, "aweme_create_time": 1595239598, "category": 13, "volume": 0, "amount": 0}, "author": {"author_id": "4107377023400875", "nickname": "巴黎可可（燕子家庭烘焙）", "follower_count": 295916}}, {"aweme": {"aweme_id": "6851508071898844424", "aweme_title": "男女之间根本就没有普通朋友，只是没有机会而已。#情感文字 #正能量", "aweme_url": "https://www.iesdouyin.com/share/video/6851508071898844424/?region=CN&mid=6851508081869015816&u_code=0&titleType=title", "download_url": "https://www.chanmama.com/awemeDetail/6851508071898844424", "digg_count": 3163, "digg_incr": 1432, "aweme_create_time": 1595241038, "category": 13, "volume": 0, "amount": 0}, "author": {"author_id": "7787300820", "nickname": "🔥仙哥🔥", "follower_count": 496641}}, {"aweme": {"aweme_id": "6851390863591902479", "aweme_title": "这样的馒头你能吃几个?#美食推荐官 #趣胃大比拼 #早餐", "aweme_url": "https://www.iesdouyin.com/share/video/6851390863591902479/?region=CN&mid=6851390868075629319&u_code=0&titleType=title", "download_url": "https://www.chanmama.com/awemeDetail/6851390863591902479", "digg_count": 1485, "digg_incr": 1432, "aweme_create_time": 1595213749, "category": 13, "volume": 0, "amount": 0}, "author": {"author_id": "1508167081800836", "nickname": "猪妈妈美食", "follower_count": 374265}}, {"aweme": {"aweme_id": "6851511974619041024", "aweme_title": "好喝又补钙的豆浆，妈妈们快给宝宝们喝起来#宝宝辅食#美食#全民dou爱吃 #补钙#孩子#五谷杂粮 @抖音小助手", "aweme_url": "https://www.iesdouyin.com/share/video/6851511974619041024/?region=CN&mid=6809104851004377860&u_code=0&titleType=title", "download_url": "https://www.chanmama.com/awemeDetail/6851511974619041024", "digg_count": 2829, "digg_incr": 1415, "aweme_create_time": 1595241947, "category": 13, "volume": 0, "amount": 0}, "author": {"author_id": "3918305406232926", "nickname": "家有儿女辅食", "follower_count": 551272}}, {"aweme": {"aweme_id": "6851491035093159168", "aweme_title": "人老腿先老，保养膝盖是关键，每天这样保养保养，七十八十想去哪就去哪。#膝盖保护 #膝盖保养 #锻炼#膝关节", "aweme_url": "https://www.iesdouyin.com/share/video/6851491035093159168/?region=CN&mid=6848509031313672968&u_code=379jm8h3l53m&titleType=title", "download_url": "https://www.chanmama.com/awemeDetail/6851491035093159168", "digg_count": 1976, "digg_incr": 1407, "aweme_create_time": 1595237072, "category": 13, "volume": 0, "amount": 0}, "author": {"author_id": "109343866564", "nickname": "国强爱锻炼", "follower_count": 26083}}, {"aweme": {"aweme_id": "6851425333359447304", "aweme_title": "休息日要用心给自己做顿早餐，然后开启美美的一天~ #vlog我的日常", "aweme_url": "https://www.iesdouyin.com/share/video/6851425333359447304/?region=CN&mid=6851425404771961607&u_code=0&titleType=title", "download_url": "https://www.chanmama.com/awemeDetail/6851425333359447304", "digg_count": 1644, "digg_incr": 1356, "aweme_create_time": 1595221785, "category": 13, "volume": 0, "amount": 0}, "author": {"author_id": "69247293382", "nickname": "四加夕", "follower_count": 95962}}, {"aweme": {"aweme_id": "6851490062694157582", "aweme_title": "巨无霸三明治，想夹什么都可以，这也太满足了～#美食趣胃计划 #三明治 @抖音小助手 @DOU+小助手", "aweme_url": "https://www.iesdouyin.com/share/video/6851490062694157582/?region=CN&mid=6818458662110563080&u_code=b0ge2ik4jel&titleType=title", "download_url": "https://www.chanmama.com/awemeDetail/6851490062694157582", "digg_count": 5194, "digg_incr": 1335, "aweme_create_time": 1595236846, "category": 13, "volume": 0, "amount": 0}, "author": {"author_id": "61852986402", "nickname": "🌸羽姐儿的小食堂🌸", "follower_count": 36356}}, {"aweme": {"aweme_id": "6851471527901203723", "aweme_title": "@暴风雪王牌电器.发了一个抖音短视频，你尽管点开，不好看算我输！", "aweme_url": "https://www.iesdouyin.com/share/video/6851471527901203723/?region=CN&mid=6847386254020070157&u_code=294bg9c3e87k&titleType=", "download_url": "https://www.chanmama.com/awemeDetail/6851471527901203723", "digg_count": 1331, "digg_incr": 1296, "aweme_create_time": 1595232538, "category": 13, "volume": 0, "amount": 0}, "author": {"author_id": "2027127471342468", "nickname": "暴风雪王牌电器.", "follower_count": 14927}}, {"aweme": {"aweme_id": "6851387321393171719", "aweme_title": "我说我相信爱情❤️，我闺蜜当时噶一下就笑了！这个噶字用的好！😂😂😂😂#伤感情歌", "aweme_url": "https://www.iesdouyin.com/share/video/6851387321393171719/?region=CN&mid=6851387375973714695&u_code=1ei15mmlk3fa&titleType=title", "download_url": "https://www.chanmama.com/awemeDetail/6851387321393171719", "digg_count": 1798, "digg_incr": 1136, "aweme_create_time": 1595212933, "category": 13, "volume": 0, "amount": 0}, "author": {"author_id": "571384178946239", "nickname": "家庭KTV厂家～四妹儿", "follower_count": 71937}}, {"aweme": {"aweme_id": "6851471196551204096", "aweme_title": "4 k 防爆智能电视#4k超清", "aweme_url": "https://www.iesdouyin.com/share/video/6851471196551204096/?region=CN&mid=6738042740661652232&u_code=gcg00ice348&titleType=title", "download_url": "https://www.chanmama.com/awemeDetail/6851471196551204096", "digg_count": 1657, "digg_incr": 1062, "aweme_create_time": 1595232453, "category": 13, "volume": 0, "amount": 0}, "author": {"author_id": "2647237284082766", "nickname": "茗秋电器", "follower_count": 84353}}, {"aweme": {"aweme_id": "6851350051457928448", "aweme_title": "这个女的竟然会神龙摆尾，真是超出我的想象，唉，这回又是算了。￼#乡村栏目组 #感谢关注 #搞笑段子", "aweme_url": "https://www.iesdouyin.com/share/video/6851350051457928448/?region=CN&mid=6851350030494829320&u_code=39maj9d4m928&titleType=title", "download_url": "https://www.chanmama.com/awemeDetail/6851350051457928448", "digg_count": 1322, "digg_incr": 997, "aweme_create_time": 1595204249, "category": 13, "volume": 0, "amount": 0}, "author": {"author_id": "55498769723", "nickname": "乡村栏目组", "follower_count": 106099}}, {"aweme": {"aweme_id": "6851482988333583616", "aweme_title": "馋了好久的烤肉终于安排上了！滋滋冒油的感觉超有食欲～#美食 #烤肉", "aweme_url": "https://www.iesdouyin.com/share/video/6851482988333583616/?region=CN&mid=6784382827934485262&u_code=22j00im8c6fc&titleType=title", "download_url": "https://www.chanmama.com/awemeDetail/6851482988333583616", "digg_count": 1528, "digg_incr": 914, "aweme_create_time": 1595235199, "category": 13, "volume": 0, "amount": 0}, "author": {"author_id": "109256232866", "nickname": "饲养员🥘", "follower_count": 798895}}, {"aweme": {"aweme_id": "6851520053591002383", "aweme_title": "做馅用它太方便了，就是我想要的效果！", "aweme_url": "https://www.iesdouyin.com/share/video/6851520053591002383/?region=CN&mid=6851520056061545229&u_code=bab5m3jjg96&titleType=title", "download_url": "https://www.chanmama.com/awemeDetail/6851520053591002383", "digg_count": 1004, "digg_incr": 909, "aweme_create_time": 1595243827, "category": 13, "volume": 12, "amount": 948}, "author": {"author_id": "1015546860550747", "nickname": "庆九家居好物", "follower_count": 312836}}, {"aweme": {"aweme_id": "6851392861204729088", "aweme_title": "@火机杂货铺发了一个抖音短视频，你尽管点开，不好看算我输！", "aweme_url": "https://www.iesdouyin.com/share/video/6851392861204729088/?region=CN&mid=6851393050405505805&u_code=166g84l6dji5&titleType=", "download_url": "https://www.chanmama.com/awemeDetail/6851392861204729088", "digg_count": 1990, "digg_incr": 907, "aweme_create_time": 1595214232, "category": 13, "volume": 0, "amount": 0}, "author": {"author_id": "58506497693", "nickname": "火机杂货铺", "follower_count": 45024}}, {"aweme": {"aweme_id": "6851362799147322628", "aweme_title": "一早的美味暴击", "aweme_url": "https://www.iesdouyin.com/share/video/6851362799147322628/?region=CN&mid=6851362901698038541&u_code=114be364cdak&titleType=title", "download_url": "https://www.chanmama.com/awemeDetail/6851362799147322628", "digg_count": 1021, "digg_incr": 903, "aweme_create_time": 1595207226, "category": 13, "volume": 40, "amount": 10360}, "author": {"author_id": "63837544729", "nickname": "🐷不要再做乖女孩🐷", "follower_count": 307607}}, {"aweme": {"aweme_id": "6851435503481376014", "aweme_title": "不管有钱没钱，家里还是要用这样的暖菜板", "aweme_url": "https://www.iesdouyin.com/share/video/6851435503481376014/?region=CN&mid=6845384084341017352&u_code=294bg9c3e87k&titleType=title", "download_url": "https://www.chanmama.com/awemeDetail/6851435503481376014", "digg_count": 3184, "digg_incr": 891, "aweme_create_time": 1595224143, "category": 13, "volume": 0, "amount": 0}, "author": {"author_id": "101928783949", "nickname": "我叫燕子", "follower_count": 173641}}, {"aweme": {"aweme_id": "6851357375148870927", "aweme_title": "取悦自己不是自私，是让自己变得美好的同时让身边的人和事也变得快乐和美好才是真正的取悦自己#红薯在跑步感悟", "aweme_url": "https://www.iesdouyin.com/share/video/6851357375148870927/?region=CN&mid=6851357333646592782&u_code=0&titleType=title", "download_url": "https://www.chanmama.com/awemeDetail/6851357375148870927", "digg_count": 1556, "digg_incr": 889, "aweme_create_time": 1595205954, "category": 13, "volume": 1, "amount": 168}, "author": {"author_id": "4503675052540934", "nickname": "红薯在跑步", "follower_count": 250892}}, {"aweme": {"aweme_id": "6851460639878106375", "aweme_title": "很多人问我，家里猫jiojio 到处踩，你给不给他上🛏️？！搞笑哎！这事我能决定吗？", "aweme_url": "https://www.iesdouyin.com/share/video/6851460639878106375/?region=CN&mid=6830699449170397966&u_code=0&titleType=title", "download_url": "https://www.chanmama.com/awemeDetail/6851460639878106375", "digg_count": 1002, "digg_incr": 814, "aweme_create_time": 1595229995, "category": 13, "volume": 0, "amount": 0}, "author": {"author_id": "71510234894", "nickname": "山人喵", "follower_count": 542462}}, {"aweme": {"aweme_id": "6851439903331405063", "aweme_title": "我闺蜜的笑已经足足迷倒了六万男人啦！她说这辈子值啦😂😂😂😂#我最亲爱的 #伤感情歌", "aweme_url": "https://www.iesdouyin.com/share/video/6851439903331405063/?region=CN&mid=6851439919152302862&u_code=gmaek20dh2c&titleType=title", "download_url": "https://www.chanmama.com/awemeDetail/6851439903331405063", "digg_count": 1140, "digg_incr": 797, "aweme_create_time": 1595225167, "category": 13, "volume": 0, "amount": 0}, "author": {"author_id": "571384178946239", "nickname": "家庭KTV厂家～四妹儿", "follower_count": 71937}}, {"aweme": {"aweme_id": "6851520733479308557", "aweme_title": "外行吃燕窝 内行喝银耳  一碗银耳喝对了胜过敷30张面膜#五谷搭配 @抖音小助手", "aweme_url": "https://www.iesdouyin.com/share/video/6851520733479308557/?region=CN&mid=6820675121183721486&u_code=0&titleType=title", "download_url": "https://www.chanmama.com/awemeDetail/6851520733479308557", "digg_count": 1649, "digg_incr": 783, "aweme_create_time": 1595243986, "category": 13, "volume": 0, "amount": 0}, "author": {"author_id": "3267389295692552", "nickname": "五谷食聊", "follower_count": 203599}}, {"aweme": {"aweme_id": "6851378764065164559", "aweme_title": "院里又到了一年中最热闹的时候，孩都从老家过来了！我又可以继续当老大了😂俺这败家的闺女啥能时候学精点", "aweme_url": "https://www.iesdouyin.com/share/video/6851378764065164559/?region=CN&mid=6569419629951716104&u_code=3cc1ga8lck8h&titleType=title", "download_url": "https://www.chanmama.com/awemeDetail/6851378764065164559", "digg_count": 1320, "digg_incr": 776, "aweme_create_time": 1595211006, "category": 13, "volume": 3, "amount": 312}, "author": {"author_id": "4503652998826118", "nickname": "（娜娜姐）的日常生活", "follower_count": 86147}}, {"aweme": {"aweme_id": "6851498426312576269", "aweme_title": "有了这个炖盅今日的一日三餐我来做 #717奇妙好物在这里  #今天吃什么", "aweme_url": "https://www.iesdouyin.com/share/video/6851498426312576269/?region=CN&mid=6851498552099670797&u_code=b0ge2ik4jel&titleType=title", "download_url": "https://www.chanmama.com/awemeDetail/6851498426312576269", "digg_count": 1124, "digg_incr": 714, "aweme_create_time": 1595238809, "category": 13, "volume": 0, "amount": 0}, "author": {"author_id": "2330571662953899", "nickname": "性感“油”物", "follower_count": 84627}}, {"aweme": {"aweme_id": "6851506453551795460", "aweme_title": "只需要一台烤箱在家就能做出比必胜客还好吃的披萨，饼底酥脆饼边有嚼劲一个不够吃#一起揉揉小肚子", "aweme_url": "https://www.iesdouyin.com/share/video/6851506453551795460/?region=CN&mid=6844421706694642445&u_code=0&titleType=title", "download_url": "https://www.chanmama.com/awemeDetail/6851506453551795460", "digg_count": 1445, "digg_incr": 711, "aweme_create_time": 1595240668, "category": 13, "volume": 0, "amount": 0}, "author": {"author_id": "69636210289", "nickname": "田螺姑娘日记", "follower_count": 191175}}, {"aweme": {"aweme_id": "6851482705972956416", "aweme_title": "小亮亮成精了！我一问它怎么了！就像我告状！小辉更是精得不得了？还知道提醒我忘了的事！", "aweme_url": "https://www.iesdouyin.com/share/video/6851482705972956416/?region=CN&mid=6851483001672403719&u_code=0&titleType=title", "download_url": "https://www.chanmama.com/awemeDetail/6851482705972956416", "digg_count": 1121, "digg_incr": 711, "aweme_create_time": 1595235153, "category": 13, "volume": 2, "amount": 176}, "author": {"author_id": "66535652510", "nickname": "春华4090", "follower_count": 483617}}, {"aweme": {"aweme_id": "6851561034604498189", "aweme_title": "有一个吃货妹妹是什么体验……那就是任何问题在吃的面前都不是大事！", "aweme_url": "https://www.iesdouyin.com/share/video/6851561034604498189/?region=CN&mid=6851561038987512583&u_code=0&titleType=title", "download_url": "https://www.chanmama.com/awemeDetail/6851561034604498189", "digg_count": 1726, "digg_incr": 682, "aweme_create_time": 1595253369, "category": 13, "volume": 0, "amount": 0}, "author": {"author_id": "60737136237", "nickname": "云小云", "follower_count": 247187}}, {"aweme": {"aweme_id": "6851497662097804551", "aweme_title": "照烧鸡腿便当，颜值绝对满分！做法简单好吃又好看，快收藏#减脂餐 #便当", "aweme_url": "https://www.iesdouyin.com/share/video/6851497662097804551/?region=CN&mid=6851497683790646029&u_code=0&titleType=title", "download_url": "https://www.chanmama.com/awemeDetail/6851497662097804551", "digg_count": 1091, "digg_incr": 679, "aweme_create_time": 1595238615, "category": 13, "volume": 0, "amount": 0}, "author": {"author_id": "100347259367", "nickname": "棉花糖の自律减脂日记", "follower_count": 362661}}, {"aweme": {"aweme_id": "6851444959443275008", "aweme_title": "有时候挺羡慕不会做饭的人，下班回家就有热腾腾的饭菜等着了，赖床到凌晨都会有人起来给她煮夜宵。", "aweme_url": "https://www.iesdouyin.com/share/video/6851444959443275008/?region=CN&mid=6851444986194578190&u_code=1am3aa602ah1&titleType=title", "download_url": "https://www.chanmama.com/awemeDetail/6851444959443275008", "digg_count": 1349, "digg_incr": 656, "aweme_create_time": 1595226345, "category": 13, "volume": 4, "amount": 156}, "author": {"author_id": "97984724518", "nickname": "梓豪欧巴☀️", "follower_count": 63097}}, {"aweme": {"aweme_id": "6851501394730552591", "aweme_title": "云鲸我想就不用多说了吧，一致好评，只有30台，喜欢就点赞收藏❤️#极队严选", "aweme_url": "https://www.iesdouyin.com/share/video/6851501394730552591/?region=CN&mid=6582354188326406920&u_code=0&titleType=title", "download_url": "https://www.chanmama.com/awemeDetail/6851501394730552591", "digg_count": 1440, "digg_incr": 655, "aweme_create_time": 1595239484, "category": 13, "volume": 0, "amount": 0}, "author": {"author_id": "65865651144", "nickname": "极空队长", "follower_count": 431062}}, {"aweme": {"aweme_id": "6851405260464999687", "aweme_title": "三伏天必备神器，夏天让你每天都凉爽！#把你宠在手心 #好物推荐 #榨汁机 #便携", "aweme_url": "https://www.iesdouyin.com/share/video/6851405260464999687/?region=CN&mid=6851405279142152968&u_code=3aj0322m7cj7&titleType=title", "download_url": "https://www.chanmama.com/awemeDetail/6851405260464999687", "digg_count": 2164, "digg_incr": 619, "aweme_create_time": 1595217101, "category": 13, "volume": 0, "amount": 0}, "author": {"author_id": "2559296238276894", "nickname": "伊偌严选", "follower_count": 106233}}, {"aweme": {"aweme_id": "6851396145369894155", "aweme_title": "真细菌病毒病通杀，这些情况下直接用氯溴#氯溴异氰尿酸 #农业 #果树 #蔬菜", "aweme_url": "https://www.iesdouyin.com/share/video/6851396145369894155/?region=CN&mid=6851396201309358861&u_code=27l4hkd95f9c&titleType=title", "download_url": "https://www.chanmama.com/awemeDetail/6851396145369894155", "digg_count": 1306, "digg_incr": 517, "aweme_create_time": 1595214986, "category": 13, "volume": 10, "amount": 490}, "author": {"author_id": "102928518641", "nickname": "奥丰植保-刘秀秀", "follower_count": 30150}}, {"aweme": {"aweme_id": "6851471190209350912", "aweme_title": "防爆智能电视#4k超清", "aweme_url": "https://www.iesdouyin.com/share/video/6851471190209350912/?region=CN&mid=6738042740661652232&u_code=379jm8h3l53m&titleType=title", "download_url": "https://www.chanmama.com/awemeDetail/6851471190209350912", "digg_count": 1580, "digg_incr": 438, "aweme_create_time": 1595232460, "category": 13, "volume": 0, "amount": 0}, "author": {"author_id": "1028756228018327", "nickname": "佛山市.茗秋电器有限公司", "follower_count": 49845}}, {"aweme": {"aweme_id": "6851496889850793220", "aweme_title": "#燃气灶选购 你还在为选燃气灶而烦恼吗？他来了，易清洁，热效率高，#完美 @DOU+小助手", "aweme_url": "https://www.iesdouyin.com/share/video/6851496889850793220/?region=CN&mid=6851496941109447431&u_code=0&titleType=title", "download_url": "https://www.chanmama.com/awemeDetail/6851496889850793220", "digg_count": 1421, "digg_incr": 394, "aweme_create_time": 1595238442, "category": 13, "volume": 0, "amount": 0}, "author": {"author_id": "2999082738780788", "nickname": "鸿杰电器", "follower_count": 242895}}, {"aweme": {"aweme_id": "6851469683154111757", "aweme_title": "山里人大实话，为农民说话的好代表，感恩有您，9亿农民都支持您。#感谢抖音平台给的每一次热门 @抖音小助手", "aweme_url": "https://www.iesdouyin.com/share/video/6851469683154111757/?region=CN&mid=6851469700447226632&u_code=gmaek20dh2c&titleType=title", "download_url": "https://www.chanmama.com/awemeDetail/6851469683154111757", "digg_count": 1188, "digg_incr": 347, "aweme_create_time": 1595232101, "category": 13, "volume": 0, "amount": 0}, "author": {"author_id": "103388460859", "nickname": "山里人正能量", "follower_count": 148463}}, {"aweme": {"aweme_id": "6851511438721223939", "aweme_title": "智能电饭煲，有了它不再吃快餐了。@抖音小助手", "aweme_url": "https://www.iesdouyin.com/share/video/6851511438721223939/?region=CN&mid=6834379847150750471&u_code=d3cj78d2g00&titleType=title", "download_url": "https://www.chanmama.com/awemeDetail/6851511438721223939", "digg_count": 1016, "digg_incr": 296, "aweme_create_time": 1595241828, "category": 13, "volume": 0, "amount": 0}, "author": {"author_id": "97997236980", "nickname": "金尊商贸官方账号", "follower_count": 688251}}, {"aweme": {"aweme_id": "6851467662267092236", "aweme_title": "阿凡提大叔用了十几年的烤羊排方法，赶快收藏～#烤羊排 #美食推荐官", "aweme_url": "https://www.iesdouyin.com/share/video/6851467662267092236/?region=CN&mid=6851467725370395406&u_code=0&titleType=title", "download_url": "https://www.chanmama.com/awemeDetail/6851467662267092236", "digg_count": 1200, "digg_incr": 254, "aweme_create_time": 1595231640, "category": 13, "volume": 0, "amount": 0}, "author": {"author_id": "85168909949", "nickname": "大表姐", "follower_count": 522346}}, {"aweme": {"aweme_id": "6851465355915758848", "aweme_title": "#抖音好物 #厨房好帮手 #全自动面条机太方便了 #感谢支持与关注的每一位家人", "aweme_url": "https://www.iesdouyin.com/share/video/6851465355915758848/?region=CN&mid=6851465419501800206&u_code=39cg4d6b9039&titleType=title", "download_url": "https://www.chanmama.com/awemeDetail/6851465355915758848", "digg_count": 1866, "digg_incr": 252, "aweme_create_time": 1595231102, "category": 13, "volume": 0, "amount": 0}, "author": {"author_id": "1750018030056942", "nickname": "沈阳涵哥百货", "follower_count": 129570}}, {"aweme": {"aweme_id": "6851500147264867587", "aweme_title": "#燃气灶选购 猛火鸳鸯灶他来了，左边文火，右边猛火，猛火爆炒好味道，#完美 @DOU+小助手", "aweme_url": "https://www.iesdouyin.com/share/video/6851500147264867587/?region=CN&mid=6851500193781254925&u_code=0&titleType=title", "download_url": "https://www.chanmama.com/awemeDetail/6851500147264867587", "digg_count": 2109, "digg_incr": 251, "aweme_create_time": 1595239201, "category": 13, "volume": 0, "amount": 0}, "author": {"author_id": "2999082738780788", "nickname": "鸿杰电器", "follower_count": 242895}}]}