{"data": [{"aweme": {"aweme_id": "6851408499126045964", "aweme_title": "最喜欢这种豪横的老板娘了，一言不合就开送东西，一套桌子还送六把椅子，再问下去不是连人都送#家具#餐桌", "aweme_url": "https://www.iesdouyin.com/share/video/6851408499126045964/?region=CN&mid=6851408554289580813&u_code=0&titleType=title", "download_url": "https://www.chanmama.com/awemeDetail/6851408499126045964", "digg_count": 255661, "digg_incr": 226466, "aweme_create_time": 1595217862, "category": 14, "volume": 38, "amount": 52440}, "author": {"author_id": "109006880159", "nickname": "赣州匠心御品家俱城", "follower_count": 268947}}, {"aweme": {"aweme_id": "6851446258788306184", "aweme_title": "想养宠物又怕麻烦的宝宝，抱只“熊”肥家吧，拥抱很治愈哦#沙发#家居@抖音小助手", "aweme_url": "https://www.iesdouyin.com/share/video/6851446258788306184/?region=CN&mid=6851446371526986504&u_code=0&titleType=title", "download_url": "https://www.chanmama.com/awemeDetail/6851446258788306184", "digg_count": 272699, "digg_incr": 215773, "aweme_create_time": 1595226671, "category": 14, "volume": 2, "amount": 6198}, "author": {"author_id": "2277806939848567", "nickname": "设计师夹子", "follower_count": 303439}}, {"aweme": {"aweme_id": "6851576248024583439", "aweme_title": "“之前彩虹灯视频火了，好多人都不会用，今天给你们出个教程！”", "aweme_url": "https://www.iesdouyin.com/share/video/6851576248024583439/?region=CN&mid=6851576257042549517&u_code=0&titleType=title", "download_url": "https://www.chanmama.com/awemeDetail/6851576248024583439", "digg_count": 149232, "digg_incr": 63918, "aweme_create_time": 1595256912, "category": 14, "volume": 0, "amount": 0}, "author": {"author_id": "103600832706", "nickname": "别想太多", "follower_count": 17131}}, {"aweme": {"aweme_id": "6851361711480392971", "aweme_title": "洗屁屁，更干净#洗屁屁神器 #清洁神器 #居家必备 @抖音小助手", "aweme_url": "https://www.iesdouyin.com/share/video/6851361711480392971/?region=CN&mid=6851361748084149006&u_code=27l4hkd95f9c&titleType=title", "download_url": "https://www.chanmama.com/awemeDetail/6851361711480392971", "digg_count": 47893, "digg_incr": 36889, "aweme_create_time": 1595206974, "category": 14, "volume": 10, "amount": 1340}, "author": {"author_id": "96741328512", "nickname": "PHITO", "follower_count": 72457}}, {"aweme": {"aweme_id": "6851415548551564544", "aweme_title": "快速安装门禁房工地用#施工 @企业号小助手 @抖音小助手 @DOU+小助手 @抖音直播", "aweme_url": "https://www.iesdouyin.com/share/video/6851415548551564544/?region=CN&mid=6651462302422076174&u_code=9h9fdl8jha1&titleType=title", "download_url": "https://www.chanmama.com/awemeDetail/6851415548551564544", "digg_count": 55208, "digg_incr": 14453, "aweme_create_time": 1595219496, "category": 14, "volume": 0, "amount": 0}, "author": {"author_id": "1415781450262512", "nickname": "河北辉跃轻钢结构有限公司", "follower_count": 106570}}, {"aweme": {"aweme_id": "6851471573593918731", "aweme_title": "亲，家里用指纹锁了吗？非常方便哦，支持指纹，密码，卡片，钥匙，多种开锁方式#717奇妙好物在这里", "aweme_url": "https://www.iesdouyin.com/share/video/6851471573593918731/?region=CN&mid=6851471620414982919&u_code=0&titleType=title", "download_url": "https://www.chanmama.com/awemeDetail/6851471573593918731", "digg_count": 15275, "digg_incr": 11734, "aweme_create_time": 1595232550, "category": 14, "volume": 0, "amount": 0}, "author": {"author_id": "78030055653", "nickname": "季哥智能锁", "follower_count": 199277}}, {"aweme": {"aweme_id": "6851572943667858688", "aweme_title": "炎炎夏日，在家拥有这样一个迷你夏日荷塘，真的太满足了#717奇妙好物在这里 #植物 @DOU+小助手", "aweme_url": "https://www.iesdouyin.com/share/video/6851572943667858688/?region=CN&mid=6819982101728398093&u_code=0&titleType=title", "download_url": "https://www.chanmama.com/awemeDetail/6851572943667858688", "digg_count": 37019, "digg_incr": 10953, "aweme_create_time": 1595256142, "category": 14, "volume": 9, "amount": 179.1}, "author": {"author_id": "108727600688", "nickname": "小雨爱折腾", "follower_count": 202484}}, {"aweme": {"aweme_id": "6851491704986504462", "aweme_title": "@机电维修星哥发了一个抖音短视频，你尽管点开，不好看算我输！", "aweme_url": "https://www.iesdouyin.com/share/video/6851491704986504462/?region=CN&mid=6783948675644295943&u_code=379jm8h3l53m&titleType=", "download_url": "https://www.chanmama.com/awemeDetail/6851491704986504462", "digg_count": 22492, "digg_incr": 6292, "aweme_create_time": 1595237247, "category": 14, "volume": 1, "amount": 10.5}, "author": {"author_id": "1798441609997915", "nickname": "机电维修星哥", "follower_count": 135407}}, {"aweme": {"aweme_id": "6851411301596482830", "aweme_title": "客户说我家的餐桌电磁炉有问题，忙活半天才发现居然没插电，我是不是有点难？#家具 #餐桌 @DOU+小助手", "aweme_url": "https://www.iesdouyin.com/share/video/6851411301596482830/?region=CN&mid=6834803820657216269&u_code=9h9fdl8jha1&titleType=title", "download_url": "https://www.chanmama.com/awemeDetail/6851411301596482830", "digg_count": 6200, "digg_incr": 4842, "aweme_create_time": 1595218508, "category": 14, "volume": 2, "amount": 2760}, "author": {"author_id": "100864400753", "nickname": "赣州如盛家具", "follower_count": 172697}}, {"aweme": {"aweme_id": "6851467406267763975", "aweme_title": "仿木聚氨酯发泡。可私信联系！", "aweme_url": "https://www.iesdouyin.com/share/video/6851467406267763975/?region=CN&mid=6851467440115682061&u_code=3aj0322m7cj7&titleType=title", "download_url": "https://www.chanmama.com/awemeDetail/6851467406267763975", "digg_count": 9668, "digg_incr": 4427, "aweme_create_time": 1595231571, "category": 14, "volume": 22, "amount": 770}, "author": {"author_id": "94013967148", "nickname": "北京海贝思影视材料", "follower_count": 34736}}, {"aweme": {"aweme_id": "6851415221735607560", "aweme_title": "冷热水龙头，不好拆卸，我们可以用这个方法！#水暖维修", "aweme_url": "https://www.iesdouyin.com/share/video/6851415221735607560/?region=CN&mid=6851415216769862414&u_code=0&titleType=title", "download_url": "https://www.chanmama.com/awemeDetail/6851415221735607560", "digg_count": 4146, "digg_incr": 3842, "aweme_create_time": 1595219420, "category": 14, "volume": 80, "amount": 2560}, "author": {"author_id": "92672803082", "nickname": "日新五金工具", "follower_count": 516843}}, {"aweme": {"aweme_id": "6851252277706067215", "aweme_title": "当你老了，头发白了，还能说走就走那才叫幸福，不过前提是要这样做噢！#膝关节 #保养 #幸福触手可及 #热门", "aweme_url": "https://www.iesdouyin.com/share/video/6851252277706067215/?region=CN&mid=6849651539640978184&u_code=379jm8h3l53m&titleType=title", "download_url": "https://www.chanmama.com/awemeDetail/6851252277706067215", "digg_count": 2358, "digg_incr": 1873, "aweme_create_time": 1595181508, "category": 14, "volume": 22, "amount": 1056}, "author": {"author_id": "111577578436", "nickname": "甘叶爱健康", "follower_count": 840006}}, {"aweme": {"aweme_id": "6851532421645487360", "aweme_title": "#室内设计 量身定制的真美！@抖音小助手 @Colorfree小户型设计 @联一全屋设计", "aweme_url": "https://www.iesdouyin.com/share/video/6851532421645487360/?region=CN&mid=6851532438225914637&u_code=0&titleType=title", "download_url": "https://www.chanmama.com/awemeDetail/6851532421645487360", "digg_count": 25960, "digg_incr": 1758, "aweme_create_time": 1595246707, "category": 14, "volume": 0, "amount": 0}, "author": {"author_id": "12228014795", "nickname": "联一家具", "follower_count": 990630}}, {"aweme": {"aweme_id": "6851343270790860047", "aweme_title": "用了一年的两用长柄地刷，加长手柄，质保一年，刷地、刷地垫不弯腰，省时省力，比以前小刷子好用太多了！#居家好物", "aweme_url": "https://www.iesdouyin.com/share/video/6851343270790860047/?region=CN&mid=6543180257074088717&u_code=27l4hkd95f9c&titleType=title", "download_url": "https://www.chanmama.com/awemeDetail/6851343270790860047", "digg_count": 2750, "digg_incr": 1735, "aweme_create_time": 1595202671, "category": 14, "volume": 55, "amount": 1396.04}, "author": {"author_id": "108160275070", "nickname": "家用好物分享", "follower_count": 170937}}, {"aweme": {"aweme_id": "6851318766735789319", "aweme_title": "2～2.4米宽酒柜餐边柜实景案例#客厅酒柜 #餐边柜", "aweme_url": "https://www.iesdouyin.com/share/video/6851318766735789319/?region=CN&mid=6791443309609879566&u_code=27l4hkd95f9c&titleType=title", "download_url": "https://www.chanmama.com/awemeDetail/6851318766735789319", "digg_count": 1815, "digg_incr": 1708, "aweme_create_time": 1595196974, "category": 14, "volume": 3, "amount": 384}, "author": {"author_id": "99421720332", "nickname": "天怡濠庭装饰", "follower_count": 986166}}, {"aweme": {"aweme_id": "6851411049954938123", "aweme_title": "请记得一定要让自己一直美下去，超高超大容量储存，满足你的化妆梦，直播中！@抖音小助手 #梳妆台 #家具", "aweme_url": "https://www.iesdouyin.com/share/video/6851411049954938123/?region=CN&mid=6848572128061901576&u_code=27l4hkd95f9c&titleType=title", "download_url": "https://www.chanmama.com/awemeDetail/6851411049954938123", "digg_count": 1750, "digg_incr": 1617, "aweme_create_time": 1595218456, "category": 14, "volume": 0, "amount": 0}, "author": {"author_id": "2559294670645358", "nickname": "抖木家具", "follower_count": 153281}}, {"aweme": {"aweme_id": "6851403958326529280", "aweme_title": "一贴止漏哪漏贴哪，", "aweme_url": "https://www.iesdouyin.com/share/video/6851403958326529280/?region=CN&mid=6851403974113757965&u_code=166g84l6dji5&titleType=title", "download_url": "https://www.chanmama.com/awemeDetail/6851403958326529280", "digg_count": 1572, "digg_incr": 1572, "aweme_create_time": 1595216798, "category": 14, "volume": 14, "amount": 558.6}, "author": {"author_id": "1772002104839949", "nickname": "家居好物推荐", "follower_count": 23033}}, {"aweme": {"aweme_id": "6851483490454670603", "aweme_title": "防水，防污，防渗透，熊孩子也不怕的沙发…#沙发床 #科技布沙发 #折叠沙发 #上热门  #公寓 #上海 #美女", "aweme_url": "https://www.iesdouyin.com/share/video/6851483490454670603/?region=CN&mid=6851483547300039437&u_code=294bg9c3e87k&titleType=title", "download_url": "https://www.chanmama.com/awemeDetail/6851483490454670603", "digg_count": 1617, "digg_incr": 1481, "aweme_create_time": 1595235324, "category": 14, "volume": 0, "amount": 0}, "author": {"author_id": "61474384916", "nickname": "守真家具", "follower_count": 36070}}, {"aweme": {"aweme_id": "6851362527939529999", "aweme_title": "@良心好物测评发了一个抖音短视频，你尽管点开，不好看算我输！", "aweme_url": "https://www.iesdouyin.com/share/video/6851362527939529999/?region=CN&mid=6851362722110507784&u_code=13h2b40ld9m7&titleType=", "download_url": "https://www.chanmama.com/awemeDetail/6851362527939529999", "digg_count": 1409, "digg_incr": 1410, "aweme_create_time": 1595207175, "category": 14, "volume": 91, "amount": 5450.9}, "author": {"author_id": "241497477228142", "nickname": "良心好物测评", "follower_count": 385812}}, {"aweme": {"aweme_id": "6851529691157810439", "aweme_title": "多色可选的露肩上衣 面料柔软透气  我要给我闺蜜买两件换着穿 #穿搭#时尚", "aweme_url": "https://www.iesdouyin.com/share/video/6851529691157810439/?region=CN&mid=6851529796984343310&u_code=31186i4kmg41&titleType=title", "download_url": "https://www.chanmama.com/awemeDetail/6851529691157810439", "digg_count": 1327, "digg_incr": 1290, "aweme_create_time": 1595246092, "category": 14, "volume": 1, "amount": 49}, "author": {"author_id": "62594186718", "nickname": "小魔女时尚穿搭", "follower_count": 201197}}, {"aweme": {"aweme_id": "6851368641833815311", "aweme_title": "女孩房再小也不愿意做榻榻米，听说时间久了会发霉，放了一张1.5米的床，这样可以给孩子安排一床美美的四件套了！", "aweme_url": "https://www.iesdouyin.com/share/video/6851368641833815311/?region=CN&mid=6739442693379754763&u_code=1am3aa602ah1&titleType=title", "download_url": "https://www.chanmama.com/awemeDetail/6851368641833815311", "digg_count": 1418, "digg_incr": 1207, "aweme_create_time": 1595208576, "category": 14, "volume": 0, "amount": 0}, "author": {"author_id": "101813029657", "nickname": "随遇而安～", "follower_count": 154444}}, {"aweme": {"aweme_id": "6851559027004968205", "aweme_title": "看箭头方向去购买@火山小掌柜", "aweme_url": "https://www.iesdouyin.com/share/video/6851559027004968205/?region=CN&mid=6851559212833573643&u_code=0&titleType=title", "download_url": "https://www.chanmama.com/awemeDetail/6851559027004968205", "digg_count": 1185, "digg_incr": 1185, "aweme_create_time": 1595252918, "category": 14, "volume": 0, "amount": 0}, "author": {"author_id": "4503684316549426", "nickname": "昊家小百货", "follower_count": 334568}}, {"aweme": {"aweme_id": "6851454005286145295", "aweme_title": "雨天,很容易回忆,很容易想念; 雨天,很容易听歌,很容易寂寞。 雨天,很容易让人用最真实的思想细数走过的路…", "aweme_url": "https://www.iesdouyin.com/share/video/6851454005286145295/?region=CN&mid=6849295390739565320&u_code=1am3aa602ah1&titleType=title", "download_url": "https://www.chanmama.com/awemeDetail/6851454005286145295", "digg_count": 1304, "digg_incr": 1165, "aweme_create_time": 1595228451, "category": 14, "volume": 1, "amount": 86}, "author": {"author_id": "74602063663", "nickname": "紫云的小院", "follower_count": 121940}}, {"aweme": {"aweme_id": "6851503236801727744", "aweme_title": "#楚乔手工编织沾花惹草材料 @抖音小助手", "aweme_url": "https://www.iesdouyin.com/share/video/6851503236801727744/?region=CN&mid=6851503249339157256&u_code=0&titleType=title", "download_url": "https://www.chanmama.com/awemeDetail/6851503236801727744", "digg_count": 1477, "digg_incr": 1094, "aweme_create_time": 1595239912, "category": 14, "volume": 0, "amount": 0}, "author": {"author_id": "73552590458", "nickname": "细河区亚杰毛线时装", "follower_count": 283962}}, {"aweme": {"aweme_id": "6851307220420857088", "aweme_title": "常刮地筋，百病不侵！大家赶紧行动起来吧#养肝 #护肝 #提升睡眠质量 #健康#感谢抖音我要上热门", "aweme_url": "https://www.iesdouyin.com/share/video/6851307220420857088/?region=CN&mid=6851307071971838728&u_code=0&titleType=title", "download_url": "https://www.chanmama.com/awemeDetail/6851307220420857088", "digg_count": 1080, "digg_incr": 1080, "aweme_create_time": 1595194301, "category": 14, "volume": 1, "amount": 48}, "author": {"author_id": "3874309693782947", "nickname": "华姐健身美", "follower_count": 111956}}, {"aweme": {"aweme_id": "6851398915091156239", "aweme_title": "二十岁的时候总怕别人不喜欢自己，拼命迎合，一有误会恨不得掏心掏肺的解释！三十岁了越长大心越大，喜欢就处不合就散", "aweme_url": "https://www.iesdouyin.com/share/video/6851398915091156239/?region=CN&mid=6851398923954408200&u_code=2g9cfffeefe2&titleType=title", "download_url": "https://www.chanmama.com/awemeDetail/6851398915091156239", "digg_count": 1597, "digg_incr": 1076, "aweme_create_time": 1595215623, "category": 14, "volume": 0, "amount": 0}, "author": {"author_id": "1455343733848712", "nickname": "银子", "follower_count": 108512}}, {"aweme": {"aweme_id": "6851416133283695875", "aweme_title": "地漏怎么选？#果味相投一起混 @六安匠工装饰", "aweme_url": "https://www.iesdouyin.com/share/video/6851416133283695875/?region=CN&mid=6851416160253119245&u_code=0&titleType=title", "download_url": "https://www.chanmama.com/awemeDetail/6851416133283695875", "digg_count": 1972, "digg_incr": 1054, "aweme_create_time": 1595219640, "category": 14, "volume": 2, "amount": 170}, "author": {"author_id": "96614038512", "nickname": "天津市匠工装饰", "follower_count": 448521}}, {"aweme": {"aweme_id": "6851484404133481743", "aweme_title": "男人可以不帅，但是不可以黑，这款#面膜  让你告别油腻大叔，做一个精致男孩#一白遮百丑", "aweme_url": "https://www.iesdouyin.com/share/video/6851484404133481743/?region=CN&mid=6851484410655656718&u_code=287m9658k8h5&titleType=title", "download_url": "https://www.chanmama.com/awemeDetail/6851484404133481743", "digg_count": 1017, "digg_incr": 1017, "aweme_create_time": 1595235528, "category": 14, "volume": 3, "amount": 119.69999999999999}, "author": {"author_id": "72859037112", "nickname": "风吹麦浪鼓", "follower_count": 0}}, {"aweme": {"aweme_id": "6851425844632636675", "aweme_title": "带脉不通，小蛮腰不见了，和我一起刷起来疏通带脉#缓解妇科#腰部寒凉，#瘦肚子，#瘦侧腰，夏天瘦腰的好时节#健康", "aweme_url": "https://www.iesdouyin.com/share/video/6851425844632636675/?region=CN&mid=6800657387302292232&u_code=3ifejf4ch7m&titleType=title", "download_url": "https://www.chanmama.com/awemeDetail/6851425844632636675", "digg_count": 1336, "digg_incr": 1015, "aweme_create_time": 1595221902, "category": 14, "volume": 1, "amount": 48}, "author": {"author_id": "100367105976", "nickname": "蓉蓉健康之家", "follower_count": 23276}}, {"aweme": {"aweme_id": "6851404094142287117", "aweme_title": "坏掉的漏电保护开关#零基础学电工", "aweme_url": "https://www.iesdouyin.com/share/video/6851404094142287117/?region=CN&mid=6851404119324822279&u_code=448l6j1a70f3&titleType=title", "download_url": "https://www.chanmama.com/awemeDetail/6851404094142287117", "digg_count": 1572, "digg_incr": 865, "aweme_create_time": 1595216830, "category": 14, "volume": 11, "amount": 748}, "author": {"author_id": "65979797651", "nickname": "咔潘欣电子电工", "follower_count": 666405}}, {"aweme": {"aweme_id": "6851494585349246215", "aweme_title": "ᵀᵒ ᵐᵉᵉᵗ ʸᵒᵘ ⁱˢ ᵗᵒ ˢⁱᵍⁿ 遇见你便是上上签#飞鸟蓝牙音箱小夜灯", "aweme_url": "https://www.iesdouyin.com/share/video/6851494585349246215/?region=CN&mid=6849691226850282254&u_code=27l4hke24855&titleType=title", "download_url": "https://www.chanmama.com/awemeDetail/6851494585349246215", "digg_count": 3834, "digg_incr": 842, "aweme_create_time": 1595237898, "category": 14, "volume": 5, "amount": 295}, "author": {"author_id": "2730807476373934", "nickname": "银河八分甜", "follower_count": 8719}}, {"aweme": {"aweme_id": "6851514488772955403", "aweme_title": "每天#疏通带脉 远离#妊娠纹 抚平小肚子，和我一起刷起来！#瘦肚子 #腰部寒凉 #小蛮腰 #锻炼", "aweme_url": "https://www.iesdouyin.com/share/video/6851514488772955403/?region=CN&mid=6800657387302292232&u_code=0&titleType=title", "download_url": "https://www.chanmama.com/awemeDetail/6851514488772955403", "digg_count": 1421, "digg_incr": 840, "aweme_create_time": 1595242538, "category": 14, "volume": 0, "amount": 0}, "author": {"author_id": "2563692808117895", "nickname": "合泰健身课堂", "follower_count": 300968}}, {"aweme": {"aweme_id": "6851529234452647183", "aweme_title": "我粉丝必须看到最后，家里还没换指纹锁的也要看完！#指纹锁", "aweme_url": "https://www.iesdouyin.com/share/video/6851529234452647183/?region=CN&mid=6851529242711345933&u_code=0&titleType=title", "download_url": "https://www.chanmama.com/awemeDetail/6851529234452647183", "digg_count": 1021, "digg_incr": 821, "aweme_create_time": 1595245965, "category": 14, "volume": 1, "amount": 499}, "author": {"author_id": "3320117663120871", "nickname": "通化超哥指纹锁批发", "follower_count": 244919}}, {"aweme": {"aweme_id": "6851485644758306060", "aweme_title": "经常拍打这三个地方，帮您去除体内湿气#锻炼 #拍打#抖音小助手 坚持动起来", "aweme_url": "https://www.iesdouyin.com/share/video/6851485644758306060/?region=CN&mid=6808013550947158788&u_code=19fjbl89kf63&titleType=title", "download_url": "https://www.chanmama.com/awemeDetail/6851485644758306060", "digg_count": 1031, "digg_incr": 786, "aweme_create_time": 1595235826, "category": 14, "volume": 0, "amount": 0}, "author": {"author_id": "800062632102251", "nickname": "张利正能量小号", "follower_count": 176298}}, {"aweme": {"aweme_id": "6851501628395179279", "aweme_title": "@哥就这名咋的发了一个抖音短视频，你尽管点开，不好看算我输！", "aweme_url": "https://www.iesdouyin.com/share/video/6851501628395179279/?region=CN&mid=6851501648575990535&u_code=27l4hke24855&titleType=", "download_url": "https://www.chanmama.com/awemeDetail/6851501628395179279", "digg_count": 1708, "digg_incr": 785, "aweme_create_time": 1595239538, "category": 14, "volume": 0, "amount": 0}, "author": {"author_id": "68694598771", "nickname": "哥就这名咋的", "follower_count": 359299}}, {"aweme": {"aweme_id": "6851224917896154383", "aweme_title": "薪酬#薪酬 老板发愁，用这个方法发工资你就不用愁了#成长充电站#717奇妙好物在这里#创业@DOU+小助手", "aweme_url": "https://www.iesdouyin.com/share/video/6851224917896154383/?region=CN&mid=6851224916734397192&u_code=0&titleType=title", "download_url": "https://www.chanmama.com/awemeDetail/6851224917896154383", "digg_count": 3898, "digg_incr": 767, "aweme_create_time": 1595175117, "category": 14, "volume": 3, "amount": 597}, "author": {"author_id": "99010052004", "nickname": "宏酷培训", "follower_count": 448972}}, {"aweme": {"aweme_id": "6851486471258508559", "aweme_title": "欢迎大家进入直播间。几十元钱拿走菠萝蜜。香喷喷的。#717奇妙好物在这里 #海南菠萝蜜", "aweme_url": "https://www.iesdouyin.com/share/video/6851486471258508559/?region=CN&mid=6851486496030313229&u_code=0&titleType=title", "download_url": "https://www.chanmama.com/awemeDetail/6851486471258508559", "digg_count": 1031, "digg_incr": 752, "aweme_create_time": 1595236009, "category": 14, "volume": 3, "amount": 264}, "author": {"author_id": "82090272890", "nickname": "心静自然凉(二爷)", "follower_count": 296803}}, {"aweme": {"aweme_id": "6851464659929681155", "aweme_title": "@李老二五香牛肉发了一个抖音短视频，你尽管点开，不好看算我输！", "aweme_url": "https://www.iesdouyin.com/share/video/6851464659929681155/?region=CN&mid=6851464702095411981&u_code=294bg9c3e87k&titleType=", "download_url": "https://www.chanmama.com/awemeDetail/6851464659929681155", "digg_count": 1556, "digg_incr": 708, "aweme_create_time": 1595230939, "category": 14, "volume": 0, "amount": 0}, "author": {"author_id": "93193935520", "nickname": "李老二五香牛肉", "follower_count": 35435}}, {"aweme": {"aweme_id": "6851362441889107215", "aweme_title": "#电工字看不懂 #抖音汽车 #福特 #福特老贾  你修过这个变速箱吗？你们都是怎么拆掉的！", "aweme_url": "https://www.iesdouyin.com/share/video/6851362441889107215/?region=CN&mid=6851362439993346830&u_code=1idm1chbf928&titleType=title", "download_url": "https://www.chanmama.com/awemeDetail/6851362441889107215", "digg_count": 1323, "digg_incr": 656, "aweme_create_time": 1595207133, "category": 14, "volume": 0, "amount": 0}, "author": {"author_id": "1604925425190184", "nickname": "福特专修老贾", "follower_count": 35149}}, {"aweme": {"aweme_id": "6851435609676893455", "aweme_title": "常推地筋，提升睡眠质量！大家赶紧行动起来吧#养肝 #护肝 #睡眠#锻炼 #健康", "aweme_url": "https://www.iesdouyin.com/share/video/6851435609676893455/?region=CN&mid=6851435622159108878&u_code=0&titleType=title", "download_url": "https://www.chanmama.com/awemeDetail/6851435609676893455", "digg_count": 1012, "digg_incr": 655, "aweme_create_time": 1595224167, "category": 14, "volume": 5, "amount": 240}, "author": {"author_id": "1033181630836109", "nickname": "周姐分享", "follower_count": 323501}}, {"aweme": {"aweme_id": "6851518676307299584", "aweme_title": "空调一匹等于多少瓦？今天来告诉你#学电工购买彩图电工书", "aweme_url": "https://www.iesdouyin.com/share/video/6851518676307299584/?region=CN&mid=6851518691461368584&u_code=27l4hkd95f9c&titleType=title", "download_url": "https://www.chanmama.com/awemeDetail/6851518676307299584", "digg_count": 1096, "digg_incr": 567, "aweme_create_time": 1595243507, "category": 14, "volume": 0, "amount": 0}, "author": {"author_id": "2229434589655448", "nickname": "顺弘设备维修", "follower_count": 629220}}, {"aweme": {"aweme_id": "6851489853817752843", "aweme_title": "#全铜花洒   无敌全铜花洒、装修提前参考", "aweme_url": "https://www.iesdouyin.com/share/video/6851489853817752843/?region=CN&mid=6848195807972313864&u_code=b0ge2ik4jel&titleType=title", "download_url": "https://www.chanmama.com/awemeDetail/6851489853817752843", "digg_count": 1648, "digg_incr": 536, "aweme_create_time": 1595236803, "category": 14, "volume": 0, "amount": 0}, "author": {"author_id": "97048216880", "nickname": "悍玛拉居家卫浴生产厂家", "follower_count": 117980}}, {"aweme": {"aweme_id": "6851510325473217792", "aweme_title": "#我的财智之选 #功能沙发 #solo出道谁最nata #dou出你的健康范 @抖音小助手", "aweme_url": "https://www.iesdouyin.com/share/video/6851510325473217792/?region=CN&mid=6851510336471681800&u_code=2g9cfffeefe2&titleType=title", "download_url": "https://www.chanmama.com/awemeDetail/6851510325473217792", "digg_count": 2416, "digg_incr": 484, "aweme_create_time": 1595241562, "category": 14, "volume": 0, "amount": 0}, "author": {"author_id": "56207623582", "nickname": "麦吉纳", "follower_count": 822426}}, {"aweme": {"aweme_id": "6851486803958992128", "aweme_title": "渐渐忘了是因为伤心才喝酒，还是因为喝酒才伤心。#爱存在#阿雨生活吧台椅 #直男癌", "aweme_url": "https://www.iesdouyin.com/share/video/6851486803958992128/?region=CN&mid=6851486813098756878&u_code=0&titleType=title", "download_url": "https://www.chanmama.com/awemeDetail/6851486803958992128", "digg_count": 2140, "digg_incr": 473, "aweme_create_time": 1595236087, "category": 14, "volume": 0, "amount": 0}, "author": {"author_id": "68656554229", "nickname": "阿雨生活", "follower_count": 10869}}, {"aweme": {"aweme_id": "6851531134493379840", "aweme_title": "送给孩子的礼物🎁#玩具 @抖音小助手", "aweme_url": "https://www.iesdouyin.com/share/video/6851531134493379840/?region=CN&mid=6634861974792768260&u_code=0&titleType=title", "download_url": "https://www.chanmama.com/awemeDetail/6851531134493379840", "digg_count": 1515, "digg_incr": 430, "aweme_create_time": 1595246407, "category": 14, "volume": 0, "amount": 0}, "author": {"author_id": "1380615974032045", "nickname": "蒙哥哥", "follower_count": 12160}}, {"aweme": {"aweme_id": "6851522183622102272", "aweme_title": "如何判断固态继电器的好坏#零基础学电工", "aweme_url": "https://www.iesdouyin.com/share/video/6851522183622102272/?region=CN&mid=6851522281215249165&u_code=31186i4kmg41&titleType=title", "download_url": "https://www.chanmama.com/awemeDetail/6851522183622102272", "digg_count": 1253, "digg_incr": 425, "aweme_create_time": 1595244330, "category": 14, "volume": 1, "amount": 45}, "author": {"author_id": "65979797651", "nickname": "咔潘欣电子电工", "follower_count": 666405}}, {"aweme": {"aweme_id": "6851414683988053256", "aweme_title": "懒人沙发～外观可爱，纯棉面料，舒适柔软，防滑底座，绝对是居家带宝宝的好帮手👍 @抖音小助手@DOU+小助手", "aweme_url": "https://www.iesdouyin.com/share/video/6851414683988053256/?region=CN&mid=6851414719698455309&u_code=0&titleType=title", "download_url": "https://www.chanmama.com/awemeDetail/6851414683988053256", "digg_count": 1027, "digg_incr": 397, "aweme_create_time": 1595219303, "category": 14, "volume": 0, "amount": 0}, "author": {"author_id": "764880016914110", "nickname": "栎涵公仔优选", "follower_count": 130912}}, {"aweme": {"aweme_id": "6851501203889736973", "aweme_title": "#太阳能 #家居好物推荐", "aweme_url": "https://www.iesdouyin.com/share/video/6851501203889736973/?region=CN&mid=6851501225373502222&u_code=2g9cfffeefe2&titleType=title", "download_url": "https://www.chanmama.com/awemeDetail/6851501203889736973", "digg_count": 1163, "digg_incr": 396, "aweme_create_time": 1595239440, "category": 14, "volume": 0, "amount": 0}, "author": {"author_id": "76485194457", "nickname": "义乌市平凯贸易", "follower_count": 279114}}, {"aweme": {"aweme_id": "6851490249705622799", "aweme_title": "自从搬进新家，再也不爱买衣服了？就爱天天买家居，一步步填满家里。有了新衣架，再也不怕睡觉脱了衣服没得挂了。", "aweme_url": "https://www.iesdouyin.com/share/video/6851490249705622799/?region=CN&mid=6851490253174213390&u_code=0&titleType=title", "download_url": "https://www.chanmama.com/awemeDetail/6851490249705622799", "digg_count": 1377, "digg_incr": 382, "aweme_create_time": 1595236889, "category": 14, "volume": 0, "amount": 0}, "author": {"author_id": "3161827254483179", "nickname": "陈建伟", "follower_count": 239693}}, {"aweme": {"aweme_id": "6851551255374974216", "aweme_title": "最爱的萤火虫灯，你们说美不美😉简直是美爆了#灯饰 @抖音小助手", "aweme_url": "https://www.iesdouyin.com/share/video/6851551255374974216/?region=CN&mid=6851551265724959502&u_code=0&titleType=title", "download_url": "https://www.chanmama.com/awemeDetail/6851551255374974216", "digg_count": 1089, "digg_incr": 367, "aweme_create_time": 1595251092, "category": 14, "volume": 0, "amount": 0}, "author": {"author_id": "60305595891", "nickname": "💕王小姐", "follower_count": 280213}}, {"aweme": {"aweme_id": "6851506872256662784", "aweme_title": "@铺砖人生发了一个抖音短视频，你尽管点开，不好看算我输！", "aweme_url": "https://www.iesdouyin.com/share/video/6851506872256662784/?region=CN&mid=6851506882448788231&u_code=b0ge2ik4jel&titleType=", "download_url": "https://www.chanmama.com/awemeDetail/6851506872256662784", "digg_count": 1053, "digg_incr": 311, "aweme_create_time": 1595240759, "category": 14, "volume": 0, "amount": 0}, "author": {"author_id": "72559200291", "nickname": "铺砖人生", "follower_count": 451032}}, {"aweme": {"aweme_id": "6851520495079263501", "aweme_title": "2～2.4米宽2.2米高酒柜餐边柜实景案例#客厅酒柜 #餐边柜", "aweme_url": "https://www.iesdouyin.com/share/video/6851520495079263501/?region=CN&mid=6791443309609879566&u_code=1gb2j861imci&titleType=title", "download_url": "https://www.chanmama.com/awemeDetail/6851520495079263501", "digg_count": 1879, "digg_incr": 295, "aweme_create_time": 1595243930, "category": 14, "volume": 0, "amount": 0}, "author": {"author_id": "99421720332", "nickname": "天怡濠庭装饰", "follower_count": 986166}}, {"aweme": {"aweme_id": "6851454601770667275", "aweme_title": "出门提醒器，有了他再也不怕钥匙忘家里了 本圈全体成员", "aweme_url": "https://www.iesdouyin.com/share/video/6851454601770667275/?region=CN&mid=6851454876853996301&u_code=3cc1ga8lck8h&titleType=title", "download_url": "https://www.chanmama.com/awemeDetail/6851454601770667275", "digg_count": 4267, "digg_incr": 260, "aweme_create_time": 1595228631, "category": 14, "volume": 0, "amount": 0}, "author": {"author_id": "4230522019519292", "nickname": "电工宝哥", "follower_count": 111051}}, {"aweme": {"aweme_id": "6851478029743525132", "aweme_title": "大容量头灯，干活非常方便", "aweme_url": "https://www.iesdouyin.com/share/video/6851478029743525132/?region=CN&mid=6842624830324345608&u_code=379jm8h3l53m&titleType=title", "download_url": "https://www.chanmama.com/awemeDetail/6851478029743525132", "digg_count": 1386, "digg_incr": 217, "aweme_create_time": 1595234091, "category": 14, "volume": 0, "amount": 0}, "author": {"author_id": "86213117556", "nickname": "小哥哥好物推荐", "follower_count": 313066}}]}