{"data": [{"aweme": {"aweme_id": "6851222670172884224", "aweme_title": "街头采访路人听过最残忍的话是什么（2）", "aweme_url": "https://www.iesdouyin.com/share/video/6851222670172884224/?region=CN&mid=6851222683955333902&u_code=7ed9h7i2gel&titleType=title", "download_url": "https://www.chanmama.com/awemeDetail/6851222670172884224", "digg_count": 394700, "digg_incr": 394700, "aweme_create_time": 1595174593, "category": 15, "volume": 1, "amount": 36}, "author": {"author_id": "62015713066", "nickname": "从豆", "follower_count": 386404}}, {"aweme": {"aweme_id": "6851419148111727885", "aweme_title": "谁能告诉我这辈子为啥我要教语文还兼班主任？#语文#教育#读书#段子@抖音小助手", "aweme_url": "https://www.iesdouyin.com/share/video/6851419148111727885/?region=CN&mid=6851419327755389710&u_code=3cc1ga8lck8h&titleType=title", "download_url": "https://www.chanmama.com/awemeDetail/6851419148111727885", "digg_count": 134080, "digg_incr": 115718, "aweme_create_time": 1595220356, "category": 15, "volume": 188, "amount": 11261.199999999999}, "author": {"author_id": "61778309564", "nickname": "循循教育", "follower_count": 690778}}, {"aweme": {"aweme_id": "6851475581486304526", "aweme_title": "如果有无痛苦，无副作用，即时见效的 #戒烟 方法，你会尝试吗？ @DOU+小助手", "aweme_url": "https://www.iesdouyin.com/share/video/6851475581486304526/?region=CN&mid=6851475702722988807&u_code=2k5ab5a5913d&titleType=title", "download_url": "https://www.chanmama.com/awemeDetail/6851475581486304526", "digg_count": 152623, "digg_incr": 79114, "aweme_create_time": 1595238596, "category": 15, "volume": 904, "amount": 32544}, "author": {"author_id": "3966656219192711", "nickname": "杭州樊登文化传播", "follower_count": 158650}}, {"aweme": {"aweme_id": "6851547331851078912", "aweme_title": "到底是谁左右我们的选择？#商业@DOU+小助手", "aweme_url": "https://www.iesdouyin.com/share/video/6851547331851078912/?region=CN&mid=6851547378390928142&u_code=9h9fe5h9fm1&titleType=title", "download_url": "https://www.chanmama.com/awemeDetail/6851547331851078912", "digg_count": 109507, "digg_incr": 55476, "aweme_create_time": 1595250178, "category": 15, "volume": 33, "amount": 1976.7}, "author": {"author_id": "241516788324029", "nickname": "楠叔夜读", "follower_count": 783698}}, {"aweme": {"aweme_id": "6851538686379707659", "aweme_title": "#下车穿越挑战 学会关键对话，吵遍天下不怕！不管是菜市场大妈，还是欠寨不还老大，统统不在话下！😎", "aweme_url": "https://www.iesdouyin.com/share/video/6851538686379707659/?region=CN&mid=6851538747612547854&u_code=0&titleType=title", "download_url": "https://www.chanmama.com/awemeDetail/6851538686379707659", "digg_count": 29640, "digg_incr": 23734, "aweme_create_time": 1595248171, "category": 15, "volume": 191, "amount": 8595}, "author": {"author_id": "2757220705508635", "nickname": "一书一课精品知识重庆店", "follower_count": 695290}}, {"aweme": {"aweme_id": "6851501614646201611", "aweme_title": "盘点故事中拼命作死的英雄，一个死不了，一个已成神！", "aweme_url": "https://www.iesdouyin.com/share/video/6851501614646201611/?region=CN&mid=6851501674117352199&u_code=1e86e3gfc222&titleType=title", "download_url": "https://www.chanmama.com/awemeDetail/6851501614646201611", "digg_count": 29279, "digg_incr": 20885, "aweme_create_time": 1595239542, "category": 15, "volume": 0, "amount": 0}, "author": {"author_id": "83634441085", "nickname": "LOL二哈", "follower_count": 985144}}, {"aweme": {"aweme_id": "6851431572030115085", "aweme_title": "中餐礼仪的细节，很多人都忽略了。", "aweme_url": "https://www.iesdouyin.com/share/video/6851431572030115085/?region=CN&mid=6851431899483687688&u_code=379jm8h3l53m&titleType=title", "download_url": "https://www.chanmama.com/awemeDetail/6851431572030115085", "digg_count": 51508, "digg_incr": 16293, "aweme_create_time": 1595242800, "category": 15, "volume": 45, "amount": 1341}, "author": {"author_id": "2493294668157031", "nickname": "小路哥哥", "follower_count": 764885}}, {"aweme": {"aweme_id": "6851368892170784015", "aweme_title": "跳鼠是鼠辈中的鬼脚七，在黑暗中用灵敏的听觉躲避毒蛇的攻击。#动物#昆虫 #植物 #科普 @抖音小助手", "aweme_url": "https://www.iesdouyin.com/share/video/6851368892170784015/?region=CN&mid=6851368881941220104&u_code=0&titleType=title", "download_url": "https://www.chanmama.com/awemeDetail/6851368892170784015", "digg_count": 16612, "digg_incr": 12130, "aweme_create_time": 1595208634, "category": 15, "volume": 0, "amount": 0}, "author": {"author_id": "104387868594", "nickname": "冠宇生物科普", "follower_count": 483412}}, {"aweme": {"aweme_id": "6851492739205418255", "aweme_title": "#老人言 #文学", "aweme_url": "https://www.iesdouyin.com/share/video/6851492739205418255/?region=CN&mid=6851492762345360135&u_code=0&titleType=title", "download_url": "https://www.chanmama.com/awemeDetail/6851492739205418255", "digg_count": 44401, "digg_incr": 10497, "aweme_create_time": 1595237469, "category": 15, "volume": 9, "amount": 324}, "author": {"author_id": "734097124892776", "nickname": "格益读书", "follower_count": 687190}}, {"aweme": {"aweme_id": "6851501219223997704", "aweme_title": "这三种生物你知道吗？简直不敢相信它是第一", "aweme_url": "https://www.iesdouyin.com/share/video/6851501219223997704/?region=CN&mid=6851501346198227725&u_code=0&titleType=title", "download_url": "https://www.chanmama.com/awemeDetail/6851501219223997704", "digg_count": 10765, "digg_incr": 10375, "aweme_create_time": 1595239461, "category": 15, "volume": 0, "amount": 0}, "author": {"author_id": "47996724579357", "nickname": "牛哥怪谈", "follower_count": 448721}}, {"aweme": {"aweme_id": "6851414680238394638", "aweme_title": "信心比黄金珍贵，利他心是宇宙之道❤️一切由“心”造！", "aweme_url": "https://www.iesdouyin.com/share/video/6851414680238394638/?region=CN&mid=6827984780853054215&u_code=271fb502h6lf&titleType=title", "download_url": "https://www.chanmama.com/awemeDetail/6851414680238394638", "digg_count": 55504, "digg_incr": 9814, "aweme_create_time": 1595219294, "category": 15, "volume": 10, "amount": 590}, "author": {"author_id": "395453339807438", "nickname": "励志读书", "follower_count": 128931}}, {"aweme": {"aweme_id": "6851519981847366927", "aweme_title": "问路人“别人对你说过最残忍的一句话是什么？”", "aweme_url": "https://www.iesdouyin.com/share/video/6851519981847366927/?region=CN&mid=6851519987879480077&u_code=22j004jdhl6c&titleType=title", "download_url": "https://www.chanmama.com/awemeDetail/6851519981847366927", "digg_count": 9261, "digg_incr": 9261, "aweme_create_time": 1595243810, "category": 15, "volume": 0, "amount": 0}, "author": {"author_id": "62015713066", "nickname": "从豆", "follower_count": 386404}}, {"aweme": {"aweme_id": "6851407836191182080", "aweme_title": "路人突然被称赞好看，会是什么反应？", "aweme_url": "https://www.iesdouyin.com/share/video/6851407836191182080/?region=CN&mid=6851407867107691278&u_code=150992b41h80&titleType=title", "download_url": "https://www.chanmama.com/awemeDetail/6851407836191182080", "digg_count": 8840, "digg_incr": 8840, "aweme_create_time": 1595217700, "category": 15, "volume": 0, "amount": 0}, "author": {"author_id": "62015713066", "nickname": "从豆", "follower_count": 386404}}, {"aweme": {"aweme_id": "6851507276537187599", "aweme_title": "到底是谁在“左右”我们的选择？#商业@DOU+小助手", "aweme_url": "https://www.iesdouyin.com/share/video/6851507276537187599/?region=CN&mid=6851507315863046926&u_code=9h9fe5h9fm1&titleType=title", "download_url": "https://www.chanmama.com/awemeDetail/6851507276537187599", "digg_count": 17113, "digg_incr": 8609, "aweme_create_time": 1595240853, "category": 15, "volume": 35, "amount": 1680}, "author": {"author_id": "241516788324029", "nickname": "楠叔夜读", "follower_count": 783698}}, {"aweme": {"aweme_id": "6851373982541810959", "aweme_title": "为什么电视台解说不大量讲战术！#nba #詹姆斯 #湖人 #库里", "aweme_url": "https://www.iesdouyin.com/share/video/6851373982541810959/?region=CN&mid=6851374030662994702&u_code=27l4hkd95f9c&titleType=title", "download_url": "https://www.chanmama.com/awemeDetail/6851373982541810959", "digg_count": 8890, "digg_incr": 8071, "aweme_create_time": 1595209820, "category": 15, "volume": 0, "amount": 0}, "author": {"author_id": "59041598377", "nickname": "徐静雨", "follower_count": 819186}}, {"aweme": {"aweme_id": "6851503370495085831", "aweme_title": "有野心的男人都在读#我的高考记忆 #成长充电站 #学浪计划#读书", "aweme_url": "https://www.iesdouyin.com/share/video/6851503370495085831/?region=CN&mid=6851503391026236168&u_code=0&titleType=title", "download_url": "https://www.chanmama.com/awemeDetail/6851503370495085831", "digg_count": 12307, "digg_incr": 7508, "aweme_create_time": 1595239944, "category": 15, "volume": 75, "amount": 4425}, "author": {"author_id": "1275064086696976", "nickname": "阿甘阅读会", "follower_count": 647185}}, {"aweme": {"aweme_id": "6851322337199951104", "aweme_title": "经典老人言，受益匪浅，话虽糙理不糙#老人言受益一生 #民间俗语 @DOU+小助手", "aweme_url": "https://www.iesdouyin.com/share/video/6851322337199951104/?region=CN&mid=6759074953179679495&u_code=1fj9f270dcd&titleType=title", "download_url": "https://www.chanmama.com/awemeDetail/6851322337199951104", "digg_count": 21968, "digg_incr": 7498, "aweme_create_time": 1595197803, "category": 15, "volume": 2, "amount": 72}, "author": {"author_id": "3984279870387037", "nickname": "老人言‘汉臣’", "follower_count": 51926}}, {"aweme": {"aweme_id": "6851500981222526223", "aweme_title": "去想去的地方，见想见的人，活好当下每一天#当下 #抖音小助手", "aweme_url": "https://www.iesdouyin.com/share/video/6851500981222526223/?region=CN&mid=6851500999044451080&u_code=1am3aa602ah1&titleType=title", "download_url": "https://www.chanmama.com/awemeDetail/6851500981222526223", "digg_count": 25700, "digg_incr": 7137, "aweme_create_time": 1595239388, "category": 15, "volume": 11, "amount": 352}, "author": {"author_id": "105993958415", "nickname": "阅来阅好", "follower_count": 148996}}, {"aweme": {"aweme_id": "6851569803153542408", "aweme_title": "“经营之圣”稻盛和夫：世间万物，始于心，终于心！", "aweme_url": "https://www.iesdouyin.com/share/video/6851569803153542408/?region=CN&mid=6851569942815656718&u_code=0&titleType=title", "download_url": "https://www.chanmama.com/awemeDetail/6851569803153542408", "digg_count": 6921, "digg_incr": 6963, "aweme_create_time": 1595255429, "category": 15, "volume": 0, "amount": 0}, "author": {"author_id": "106257531545", "nickname": "陈皮果果", "follower_count": 988914}}, {"aweme": {"aweme_id": "6851437516646616328", "aweme_title": "#德云社 #秦霄贤 #孙九香 #尚九熙 #刘筱亭 好家伙 又说二哥黑 就不能给二哥一个面子嘛 一个黑黑的小面子", "aweme_url": "https://www.iesdouyin.com/share/video/6851437516646616328/?region=CN&mid=6851437513895119624&u_code=161hij66f27&titleType=title", "download_url": "https://www.chanmama.com/awemeDetail/6851437516646616328", "digg_count": 12344, "digg_incr": 6724, "aweme_create_time": 1595224612, "category": 15, "volume": 2, "amount": 72}, "author": {"author_id": "72157322729", "nickname": "秦霄贤妈妈", "follower_count": 139249}}, {"aweme": {"aweme_id": "6851487709979053320", "aweme_title": "#耽推 #小蘑菇 “把我儿子还给我”“我养的”“我生的”“再生一个我看看”#原耽", "aweme_url": "https://www.iesdouyin.com/share/video/6851487709979053320/?region=CN&mid=6837446103353953032&u_code=2g9cfffeefe2&titleType=title", "download_url": "https://www.chanmama.com/awemeDetail/6851487709979053320", "digg_count": 10115, "digg_incr": 6657, "aweme_create_time": 1595236298, "category": 15, "volume": 2, "amount": 129.48}, "author": {"author_id": "68293352358", "nickname": "Whatever", "follower_count": 74075}}, {"aweme": {"aweme_id": "6851404362569288974", "aweme_title": "#天道 你的G票翻倍了吗，看完最后这段话对投资帮助颇多", "aweme_url": "https://www.iesdouyin.com/share/video/6851404362569288974/?region=CN&mid=6851404502285765389&u_code=0&titleType=title", "download_url": "https://www.chanmama.com/awemeDetail/6851404362569288974", "digg_count": 14203, "digg_incr": 6454, "aweme_create_time": 1595216911, "category": 15, "volume": 2, "amount": 96}, "author": {"author_id": "725317655728412", "nickname": "老K爱分享", "follower_count": 569468}}, {"aweme": {"aweme_id": "6851437600436129027", "aweme_title": "《反经》，越早读越好，只要你越来越强大，就会有人带着资源主动来找你，你赞同吗?#反经 #国学 #国学智慧", "aweme_url": "https://www.iesdouyin.com/share/video/6851437600436129027/?region=CN&mid=6851437634771143437&u_code=0&titleType=title", "download_url": "https://www.chanmama.com/awemeDetail/6851437600436129027", "digg_count": 11766, "digg_incr": 6080, "aweme_create_time": 1595224639, "category": 15, "volume": 35, "amount": 1715}, "author": {"author_id": "2167870143077752", "nickname": "走进国学", "follower_count": 482346}}, {"aweme": {"aweme_id": "6851380296433110272", "aweme_title": "叨叨叨，叨叨叨（签名本随机发）#郭德纲 #郭论", "aweme_url": "https://www.iesdouyin.com/share/video/6851380296433110272/?region=CN&mid=6762380207656864526&u_code=39cg4d6b9039&titleType=title", "download_url": "https://www.chanmama.com/awemeDetail/6851380296433110272", "digg_count": 8923, "digg_incr": 5884, "aweme_create_time": 1595211289, "category": 15, "volume": 145, "amount": 7221}, "author": {"author_id": "63941747562", "nickname": "德云社", "follower_count": 899345}}, {"aweme": {"aweme_id": "6851467278593068295", "aweme_title": "从英国军官回忆1860年大沽口之战，看英法联军的真实伤亡数字（上）", "aweme_url": "https://www.iesdouyin.com/share/video/6851467278593068295/?region=CN&mid=6851467402908666631&u_code=3aj0322m7cj7&titleType=title", "download_url": "https://www.chanmama.com/awemeDetail/6851467278593068295", "digg_count": 7702, "digg_incr": 5859, "aweme_create_time": 1595231541, "category": 15, "volume": 1, "amount": 128}, "author": {"author_id": "659319315512221", "nickname": "哦吼", "follower_count": 900875}}, {"aweme": {"aweme_id": "6851468806246731016", "aweme_title": "软萌小蘑菇和末世审判者的绝美爱情，实体书周边都超好看，小蘑菇冲冲冲🍁#小蘑菇 #实体书 #亲签", "aweme_url": "https://www.iesdouyin.com/share/video/6851468806246731016/?region=CN&mid=6851468830930127623&u_code=0&titleType=title", "download_url": "https://www.chanmama.com/awemeDetail/6851468806246731016", "digg_count": 9724, "digg_incr": 5595, "aweme_create_time": 1595231897, "category": 15, "volume": 4, "amount": 258.96}, "author": {"author_id": "94355763657", "nickname": "风茉", "follower_count": 70609}}, {"aweme": {"aweme_id": "6851255058089266445", "aweme_title": "下象棋：开局双马时候跳边马最有力", "aweme_url": "https://www.iesdouyin.com/share/video/6851255058089266445/?region=CN&mid=6851255949903072007&u_code=1e86e3gfc222&titleType=title", "download_url": "https://www.chanmama.com/awemeDetail/6851255058089266445", "digg_count": 5806, "digg_incr": 5439, "aweme_create_time": 1595205000, "category": 15, "volume": 0, "amount": 0}, "author": {"author_id": "103634371504", "nickname": "象棋风繁讲棋", "follower_count": 872410}}, {"aweme": {"aweme_id": "6851485468060634376", "aweme_title": "你不服，你来读一下这组韩语句子^^ #学浪计划 #学韩语 #暑期充电指南", "aweme_url": "https://www.iesdouyin.com/share/video/6851485468060634376/?region=CN&mid=6851485571001469709&u_code=1am3aa602ah1&titleType=title", "download_url": "https://www.chanmama.com/awemeDetail/6851485468060634376", "digg_count": 5607, "digg_incr": 5359, "aweme_create_time": 1595235793, "category": 15, "volume": 2, "amount": 338}, "author": {"author_id": "1578549250636599", "nickname": "小伊韩语", "follower_count": 126355}}, {"aweme": {"aweme_id": "6851502782105554191", "aweme_title": "公交车上牛气的大妈#高情商 #说话技巧 #口才 #思维", "aweme_url": "https://www.iesdouyin.com/share/video/6851502782105554191/?region=CN&mid=6851502807481486087&u_code=0&titleType=title", "download_url": "https://www.chanmama.com/awemeDetail/6851502782105554191", "digg_count": 5927, "digg_incr": 5067, "aweme_create_time": 1595239807, "category": 15, "volume": 5, "amount": 240}, "author": {"author_id": "3667586581542991", "nickname": "創经验分享", "follower_count": 561973}}, {"aweme": {"aweme_id": "6851395308589501703", "aweme_title": "别划走，说的就是你这个富贵的人#我要上大热门 #创意 #抖音小助手", "aweme_url": "https://www.iesdouyin.com/share/video/6851395308589501703/?region=CN&mid=6804180618054863623&u_code=0&titleType=title", "download_url": "https://www.chanmama.com/awemeDetail/6851395308589501703", "digg_count": 5494, "digg_incr": 5055, "aweme_create_time": 1595214784, "category": 15, "volume": 7, "amount": 69.3}, "author": {"author_id": "63331444436", "nickname": "诗诗【免费教特效】", "follower_count": 302694}}, {"aweme": {"aweme_id": "6851507345399352576", "aweme_title": "人生无须过于执着，尽人事安天命而已，努力了坚持了，问心无愧就好，至于结果，并不重要，人这辈子，无非就是个过程…", "aweme_url": "https://www.iesdouyin.com/share/video/6851507345399352576/?region=CN&mid=6847028788929334023&u_code=1am3aa602ah1&titleType=title", "download_url": "https://www.chanmama.com/awemeDetail/6851507345399352576", "digg_count": 15745, "digg_incr": 4945, "aweme_create_time": 1595240869, "category": 15, "volume": 2, "amount": 19.8}, "author": {"author_id": "51265571833", "nickname": "情感语录【陶子】", "follower_count": 178446}}, {"aweme": {"aweme_id": "6851400045699353864", "aweme_title": "做人做事没有捷径，只有德厚才能载物#学浪计划 #成长充电站 #我的高考记忆 #读书", "aweme_url": "https://www.iesdouyin.com/share/video/6851400045699353864/?region=CN&mid=6851400060819852046&u_code=0&titleType=title", "download_url": "https://www.chanmama.com/awemeDetail/6851400045699353864", "digg_count": 7303, "digg_incr": 4755, "aweme_create_time": 1595215887, "category": 15, "volume": 87, "amount": 5133}, "author": {"author_id": "1275064086696976", "nickname": "阿甘阅读会", "follower_count": 647185}}, {"aweme": {"aweme_id": "6851492398011387144", "aweme_title": "你以为背3500个单词，考试就没问题啦？#英语 #高考 #学浪计划", "aweme_url": "https://www.iesdouyin.com/share/video/6851492398011387144/?region=CN&mid=6851492489376172808&u_code=2gj76me4agk5&titleType=title", "download_url": "https://www.chanmama.com/awemeDetail/6851492398011387144", "digg_count": 5083, "digg_incr": 4736, "aweme_create_time": 1595237406, "category": 15, "volume": 8, "amount": 72}, "author": {"author_id": "99009890617", "nickname": "有料学神Wendy", "follower_count": 418157}}, {"aweme": {"aweme_id": "6851549058344029447", "aweme_title": "#二年级 #语文 一直期待的语文重点知识集锦终于收到了，每篇课文的知识点和单元点总结，暑假必备❤️", "aweme_url": "https://www.iesdouyin.com/share/video/6851549058344029447/?region=CN&mid=6762362881485835015&u_code=cgi4b1b04gd&titleType=title", "download_url": "https://www.chanmama.com/awemeDetail/6851549058344029447", "digg_count": 4796, "digg_incr": 4712, "aweme_create_time": 1595250580, "category": 15, "volume": 0, "amount": 0}, "author": {"author_id": "61184578041", "nickname": "妞妞🍼", "follower_count": 579199}}, {"aweme": {"aweme_id": "6851393167585987844", "aweme_title": "夫妻间，如果实在指望不上对方，那你就这么做#致自己 #成长#认知#思维", "aweme_url": "https://www.iesdouyin.com/share/video/6851393167585987844/?region=CN&mid=6851393213954018055&u_code=0&titleType=title", "download_url": "https://www.chanmama.com/awemeDetail/6851393167585987844", "digg_count": 7532, "digg_incr": 4704, "aweme_create_time": 1595214292, "category": 15, "volume": 47, "amount": 1786}, "author": {"author_id": "3597237957692740", "nickname": "智慧人生", "follower_count": 229546}}, {"aweme": {"aweme_id": "6851336559766129933", "aweme_title": "说的就是我妈啊！#老妈 #可爱的妈妈大人 @抖音小助手", "aweme_url": "https://www.iesdouyin.com/share/video/6851336559766129933/?region=CN&mid=6832044277950909191&u_code=0&titleType=title", "download_url": "https://www.chanmama.com/awemeDetail/6851336559766129933", "digg_count": 5913, "digg_incr": 4640, "aweme_create_time": 1595201110, "category": 15, "volume": 0, "amount": 0}, "author": {"author_id": "2770368657104391", "nickname": "旺旺吠财", "follower_count": 299941}}, {"aweme": {"aweme_id": "6851483328231591175", "aweme_title": "#重启之极海听雷 #揭秘 #原著党 #盗墓笔记  皮甬和禁婆你选谁？我选海猴子", "aweme_url": "https://www.iesdouyin.com/share/video/6851483328231591175/?region=CN&mid=6851483354802522887&u_code=0&titleType=title", "download_url": "https://www.chanmama.com/awemeDetail/6851483328231591175", "digg_count": 6761, "digg_incr": 4634, "aweme_create_time": 1595235278, "category": 15, "volume": 1, "amount": 235}, "author": {"author_id": "1209070440680372", "nickname": "黑咖解说", "follower_count": 278927}}, {"aweme": {"aweme_id": "6851317377267797263", "aweme_title": "湖畔战略22：公司请人的一个标准就是比你能干、超越你的人#人才 #马云说 @DOU+小助手 @抖音星探家", "aweme_url": "https://www.iesdouyin.com/share/video/6851317377267797263/?region=CN&mid=6582354188326406920&u_code=114bdgc2a0cj&titleType=title", "download_url": "https://www.chanmama.com/awemeDetail/6851317377267797263", "digg_count": 4651, "digg_incr": 4604, "aweme_create_time": 1595196651, "category": 15, "volume": 39, "amount": 3822}, "author": {"author_id": "93162704200", "nickname": "慧道企业学堂", "follower_count": 21972}}, {"aweme": {"aweme_id": "6851415397124558095", "aweme_title": "接班科比是夸张，想想米切尔看看利拉德！#nba #科比 #经典nba #nba吐槽大会", "aweme_url": "https://www.iesdouyin.com/share/video/6851415397124558095/?region=CN&mid=6851415454607543053&u_code=9h9fdl8jha1&titleType=title", "download_url": "https://www.chanmama.com/awemeDetail/6851415397124558095", "digg_count": 5287, "digg_incr": 4511, "aweme_create_time": 1595219461, "category": 15, "volume": 0, "amount": 0}, "author": {"author_id": "59041598377", "nickname": "徐静雨", "follower_count": 819186}}, {"aweme": {"aweme_id": "6851231203509538059", "aweme_title": "不是你喜欢的人不喜欢你，而是你偏要喜欢一个不喜欢你的人！#dou出新知 #十万个怎么做 #成长充电站", "aweme_url": "https://www.iesdouyin.com/share/video/6851231203509538059/?region=CN&mid=6851231290491013901&u_code=0&titleType=title", "download_url": "https://www.chanmama.com/awemeDetail/6851231203509538059", "digg_count": 4524, "digg_incr": 4475, "aweme_create_time": 1595176609, "category": 15, "volume": 15, "amount": 1125}, "author": {"author_id": "64616664114", "nickname": "品牌研习社", "follower_count": 323122}}, {"aweme": {"aweme_id": "6851255282199285000", "aweme_title": "重男轻女不知伤害了多少孩子#重男轻女#家暴#伤害#生儿育女#家教@抖音小助手", "aweme_url": "https://www.iesdouyin.com/share/video/6851255282199285000/?region=CN&mid=6851255324758772493&u_code=0&titleType=title", "download_url": "https://www.chanmama.com/awemeDetail/6851255282199285000", "digg_count": 9749, "digg_incr": 4428, "aweme_create_time": 1595182211, "category": 15, "volume": 0, "amount": 0}, "author": {"author_id": "106772824154", "nickname": "明儒至善", "follower_count": 391130}}, {"aweme": {"aweme_id": "6851414961042803968", "aweme_title": "台湾海峡地形与位置#台湾海峡 #台湾省 #福建省 #立体地图", "aweme_url": "https://www.iesdouyin.com/share/video/6851414961042803968/?region=CN&mid=6851414978034338568&u_code=b0ge2ik4jel&titleType=title", "download_url": "https://www.chanmama.com/awemeDetail/6851414961042803968", "digg_count": 5716, "digg_incr": 4322, "aweme_create_time": 1595219359, "category": 15, "volume": 0, "amount": 0}, "author": {"author_id": "88306885588", "nickname": "和你一起观世界（地形）", "follower_count": 858796}}, {"aweme": {"aweme_id": "6851429068659870983", "aweme_title": "练字先练心，拿笔即控笔！兴趣来引导，方法很重要！ #练字 #控笔 @DOU+小助手", "aweme_url": "https://www.iesdouyin.com/share/video/6851429068659870983/?region=CN&mid=6618734063077460739&u_code=0&titleType=title", "download_url": "https://www.chanmama.com/awemeDetail/6851429068659870983", "digg_count": 15952, "digg_incr": 4244, "aweme_create_time": 1595222644, "category": 15, "volume": 0, "amount": 0}, "author": {"author_id": "55271595415", "nickname": "纵横练字（每晚八点直播练字）", "follower_count": 167917}}, {"aweme": {"aweme_id": "6851188734382165262", "aweme_title": "猜猜布丁上幼儿园时哭了几天？入园要做哪些准备？宝妈们互相交流哦！@果果家的布丁", "aweme_url": "https://www.iesdouyin.com/share/video/6851188734382165262/?region=CN&mid=6851189118031596301&u_code=0&titleType=title", "download_url": "https://www.chanmama.com/awemeDetail/6851188734382165262", "digg_count": 4931, "digg_incr": 4202, "aweme_create_time": 1595206800, "category": 15, "volume": 86, "amount": 4291.4}, "author": {"author_id": "109637266377", "nickname": "布丁妈妈果果", "follower_count": 243007}}, {"aweme": {"aweme_id": "6851323662000327939", "aweme_title": "只要你学会管理好你的时间，你就可以做牛的仔！#自律 #英语 #英语没那么难", "aweme_url": "https://www.iesdouyin.com/share/video/6851323662000327939/?region=CN&mid=6566622095839759108&u_code=0&titleType=title", "download_url": "https://www.chanmama.com/awemeDetail/6851323662000327939", "digg_count": 4951, "digg_incr": 4161, "aweme_create_time": 1595198137, "category": 15, "volume": 10, "amount": 680}, "author": {"author_id": "2801179046714379", "nickname": "Jerry轻松说英语", "follower_count": 452134}}, {"aweme": {"aweme_id": "6851498817276218624", "aweme_title": "你认为2020年适合做什么副业呢？#万万没想到 #成长充电站", "aweme_url": "https://www.iesdouyin.com/share/video/6851498817276218624/?region=CN&mid=6851498839330409223&u_code=0&titleType=title", "download_url": "https://www.chanmama.com/awemeDetail/6851498817276218624", "digg_count": 4201, "digg_incr": 4158, "aweme_create_time": 1595238884, "category": 15, "volume": 10, "amount": 360}, "author": {"author_id": "109301450446", "nickname": "总裁必修课", "follower_count": 231414}}, {"aweme": {"aweme_id": "6851483552815549699", "aweme_title": "#空调维修 #家电维修 #电子电工 #电工知识 新手对空调维修的好帮手", "aweme_url": "https://www.iesdouyin.com/share/video/6851483552815549699/?region=CN&mid=6851483633822075661&u_code=18j755hikigj&titleType=title", "download_url": "https://www.chanmama.com/awemeDetail/6851483552815549699", "digg_count": 4331, "digg_incr": 4022, "aweme_create_time": 1595235338, "category": 15, "volume": 69, "amount": 3229.2}, "author": {"author_id": "111124435751", "nickname": "阿兵电器维修", "follower_count": 922779}}, {"aweme": {"aweme_id": "6851418472006651151", "aweme_title": "#文具安利 #小学生 #玩具", "aweme_url": "https://www.iesdouyin.com/share/video/6851418472006651151/?region=CN&mid=6544952673429359363&u_code=2g9cfffeefe2&titleType=title", "download_url": "https://www.chanmama.com/awemeDetail/6851418472006651151", "digg_count": 10286, "digg_incr": 3914, "aweme_create_time": 1595220177, "category": 15, "volume": 0, "amount": 0}, "author": {"author_id": "105097158013", "nickname": "清扬麻麻", "follower_count": 131939}}, {"aweme": {"aweme_id": "6851172799768169741", "aweme_title": "#黄渤  #会说话 #高情商 知道为什么黄渤被称为高情商教科书 @抖音小助手", "aweme_url": "https://www.iesdouyin.com/share/video/6851172799768169741/?region=CN&mid=6851172897927547655&u_code=1am3aa602ah1&titleType=title", "download_url": "https://www.chanmama.com/awemeDetail/6851172799768169741", "digg_count": 5173, "digg_incr": 3906, "aweme_create_time": 1595196000, "category": 15, "volume": 5, "amount": 440}, "author": {"author_id": "111493313225", "nickname": "陪你逛街", "follower_count": 938672}}, {"aweme": {"aweme_id": "6851508725635747084", "aweme_title": "#卡耐基 女孩子在感情中要学会适当的提出要求#女人 #情感 #成长", "aweme_url": "https://www.iesdouyin.com/share/video/6851508725635747084/?region=CN&mid=6794420227453438728&u_code=gmaek20dh2c&titleType=title", "download_url": "https://www.chanmama.com/awemeDetail/6851508725635747084", "digg_count": 6520, "digg_incr": 3847, "aweme_create_time": 1595241197, "category": 15, "volume": 3, "amount": 108}, "author": {"author_id": "2840767931887966", "nickname": "成长心语", "follower_count": 175800}}, {"aweme": {"aweme_id": "6851425348521823496", "aweme_title": "顺炮布局主播很拿手，让你3先 微微一笑  @DOU+小助手", "aweme_url": "https://www.iesdouyin.com/share/video/6851425348521823496/?region=CN&mid=6851425635496233736&u_code=gcg00ice348&titleType=title", "download_url": "https://www.chanmama.com/awemeDetail/6851425348521823496", "digg_count": 4240, "digg_incr": 3753, "aweme_create_time": 1595237400, "category": 15, "volume": 0, "amount": 0}, "author": {"author_id": "103634371504", "nickname": "象棋风繁讲棋", "follower_count": 872410}}, {"aweme": {"aweme_id": "6851550919864175887", "aweme_title": "以心为擎，万象可抵#王阳明心学 #知行合一", "aweme_url": "https://www.iesdouyin.com/share/video/6851550919864175887/?region=CN&mid=6851550939749403400&u_code=0&titleType=title", "download_url": "https://www.chanmama.com/awemeDetail/6851550919864175887", "digg_count": 4074, "digg_incr": 3712, "aweme_create_time": 1595251013, "category": 15, "volume": 140, "amount": 5388}, "author": {"author_id": "3843533883845567", "nickname": "商道.", "follower_count": 148188}}, {"aweme": {"aweme_id": "6851482556504771844", "aweme_title": "割补法巧求特殊形状面积，更多解题技巧请看奥数举一反三#学浪计划", "aweme_url": "https://www.iesdouyin.com/share/video/6851482556504771844/?region=CN&mid=6842794104687020808&u_code=0&titleType=title", "download_url": "https://www.chanmama.com/awemeDetail/6851482556504771844", "digg_count": 4651, "digg_incr": 3672, "aweme_create_time": 1595235106, "category": 15, "volume": 0, "amount": 0}, "author": {"author_id": "50800525206", "nickname": "每天60秒学奥数", "follower_count": 217941}}, {"aweme": {"aweme_id": "6851502029500583182", "aweme_title": "睡前撩男友的“勾魂”情话，让他想你一整晚#情话 #恋爱 #情感", "aweme_url": "https://www.iesdouyin.com/share/video/6851502029500583182/?region=CN&mid=6820712245619116807&u_code=1kgi6h6afg08&titleType=title", "download_url": "https://www.chanmama.com/awemeDetail/6851502029500583182", "digg_count": 4141, "digg_incr": 3616, "aweme_create_time": 1595239632, "category": 15, "volume": 0, "amount": 0}, "author": {"author_id": "2546073702770973", "nickname": "社交口才", "follower_count": 108340}}, {"aweme": {"aweme_id": "6851401514401975560", "aweme_title": "仔细听，你能听见蝉鸣😛😛😛", "aweme_url": "https://www.iesdouyin.com/share/video/6851401514401975560/?region=CN&mid=6851401539613969160&u_code=0&titleType=title", "download_url": "https://www.chanmama.com/awemeDetail/6851401514401975560", "digg_count": 4905, "digg_incr": 3593, "aweme_create_time": 1595216229, "category": 15, "volume": 34, "amount": 3056.6000000000004}, "author": {"author_id": "67359410732", "nickname": "纵马西风", "follower_count": 187547}}, {"aweme": {"aweme_id": "6851397877990821134", "aweme_title": "#早教 游戏从3个月就可以开始，寓教于乐，在玩乐中提升孩子#育儿 #家有萌娃 @抖音小助手", "aweme_url": "https://www.iesdouyin.com/share/video/6851397877990821134/?region=CN&mid=6851397908504267528&u_code=1e86e3gfc222&titleType=title", "download_url": "https://www.chanmama.com/awemeDetail/6851397877990821134", "digg_count": 4592, "digg_incr": 3576, "aweme_create_time": 1595215382, "category": 15, "volume": 221, "amount": 15028}, "author": {"author_id": "67302254945", "nickname": "窝窝头育儿日记", "follower_count": 97520}}, {"aweme": {"aweme_id": "6851392853214579968", "aweme_title": "人世间最大的伤害莫过于无视，比任何辱骂和打闹都严重~", "aweme_url": "https://www.iesdouyin.com/share/video/6851392853214579968/?region=CN&mid=6851392874173762317&u_code=0&titleType=title", "download_url": "https://www.chanmama.com/awemeDetail/6851392853214579968", "digg_count": 5408, "digg_incr": 3514, "aweme_create_time": 1595214212, "category": 15, "volume": 3, "amount": 149.39999999999998}, "author": {"author_id": "3579602984514430", "nickname": "德云·语录馆", "follower_count": 262938}}, {"aweme": {"aweme_id": "6851548418238713103", "aweme_title": "和男生应该如何聊天？#聊天技巧", "aweme_url": "https://www.iesdouyin.com/share/video/6851548418238713103/?region=CN&mid=6851548450103823117&u_code=0&titleType=title", "download_url": "https://www.chanmama.com/awemeDetail/6851548418238713103", "digg_count": 4905, "digg_incr": 3478, "aweme_create_time": 1595250431, "category": 15, "volume": 7, "amount": 266}, "author": {"author_id": "105339544730", "nickname": "臭猪一只", "follower_count": 503671}}, {"aweme": {"aweme_id": "6851315787806854400", "aweme_title": "美国人发疯了，到处传播，幸好我跑得快！#海外生活 #笑对人生 #搞笑 #热门 #脱口秀 #情绪管理", "aweme_url": "https://www.iesdouyin.com/share/video/6851315787806854400/?region=CN&mid=6851315762343561997&u_code=39cg4d6b9039&titleType=title", "download_url": "https://www.chanmama.com/awemeDetail/6851315787806854400", "digg_count": 4511, "digg_incr": 3470, "aweme_create_time": 1595196283, "category": 15, "volume": 0, "amount": 0}, "author": {"author_id": "81715232940", "nickname": "蕉滴滴米国历险记", "follower_count": 80682}}, {"aweme": {"aweme_id": "6851493008706211087", "aweme_title": "记住这些，老板们再也不敢跟你打擦边球了#法律 #成长充电站 #老板", "aweme_url": "https://www.iesdouyin.com/share/video/6851493008706211087/?region=CN&mid=6851493013451295501&u_code=gmaek20dh2c&titleType=title", "download_url": "https://www.chanmama.com/awemeDetail/6851493008706211087", "digg_count": 5608, "digg_incr": 3435, "aweme_create_time": 1595237531, "category": 15, "volume": 0, "amount": 0}, "author": {"author_id": "2207452094537863", "nickname": "法律研习社", "follower_count": 964794}}, {"aweme": {"aweme_id": "6851410801354362112", "aweme_title": "#思考 #读书", "aweme_url": "https://www.iesdouyin.com/share/video/6851410801354362112/?region=CN&mid=6851410826931292935&u_code=0&titleType=title", "download_url": "https://www.chanmama.com/awemeDetail/6851410801354362112", "digg_count": 3789, "digg_incr": 3258, "aweme_create_time": 1595218391, "category": 15, "volume": 0, "amount": 0}, "author": {"author_id": "48024782647016", "nickname": "深度思考", "follower_count": 613331}}, {"aweme": {"aweme_id": "6851517663563353359", "aweme_title": "#民法典", "aweme_url": "https://www.iesdouyin.com/share/video/6851517663563353359/?region=CN&mid=6851517679396768519&u_code=0&titleType=title", "download_url": "https://www.chanmama.com/awemeDetail/6851517663563353359", "digg_count": 5563, "digg_incr": 3133, "aweme_create_time": 1595243271, "category": 15, "volume": 1, "amount": 28}, "author": {"author_id": "84732991113", "nickname": "吴律", "follower_count": 310074}}, {"aweme": {"aweme_id": "6851340531704909063", "aweme_title": "主业求生存，副业某发展，什么样的副业才真正是有价值的副业？#思维 #职场 #副业 #工作 @DOU+小助手", "aweme_url": "https://www.iesdouyin.com/share/video/6851340531704909063/?region=CN&mid=6850281484020976398&u_code=0&titleType=title", "download_url": "https://www.chanmama.com/awemeDetail/6851340531704909063", "digg_count": 3181, "digg_incr": 3082, "aweme_create_time": 1595202035, "category": 15, "volume": 157, "amount": 6186}, "author": {"author_id": "3298141930263767", "nickname": "慧言绘语", "follower_count": 125453}}, {"aweme": {"aweme_id": "6851500914662984963", "aweme_title": "#破云2 已经在各大书店上架啦！#破云女孩 们快看看有没有你家附近的书店～#淮上 #破云 #都来读书", "aweme_url": "https://www.iesdouyin.com/share/video/6851500914662984963/?region=CN&mid=6851500954085673735&u_code=0&titleType=title", "download_url": "https://www.chanmama.com/awemeDetail/6851500914662984963", "digg_count": 3739, "digg_incr": 3047, "aweme_create_time": 1595239379, "category": 15, "volume": 10, "amount": 344}, "author": {"author_id": "95419395467", "nickname": "磨铁图书（破云2来啦）", "follower_count": 475533}}, {"aweme": {"aweme_id": "6851349847409298703", "aweme_title": "做一个美丽又有趣的女人#幸福忠告", "aweme_url": "https://www.iesdouyin.com/share/video/6851349847409298703/?region=CN&mid=6701705405384444679&u_code=0&titleType=title", "download_url": "https://www.chanmama.com/awemeDetail/6851349847409298703", "digg_count": 2986, "digg_incr": 3031, "aweme_create_time": 1595204202, "category": 15, "volume": 0, "amount": 0}, "author": {"author_id": "101258806166", "nickname": "情感自律书屋✍️", "follower_count": 213205}}, {"aweme": {"aweme_id": "6851516257716456718", "aweme_title": "和大人很对于皇上的心思是琢磨透了，一人之下万人之上，要风得风要雨得雨。#思维", "aweme_url": "https://www.iesdouyin.com/share/video/6851516257716456718/?region=CN&mid=6851516399630715655&u_code=11e65mdhifgb&titleType=title", "download_url": "https://www.chanmama.com/awemeDetail/6851516257716456718", "digg_count": 9380, "digg_incr": 2992, "aweme_create_time": 1595242962, "category": 15, "volume": 4, "amount": 144}, "author": {"author_id": "3584044285041092", "nickname": "名人之言", "follower_count": 848596}}, {"aweme": {"aweme_id": "6851496989939600647", "aweme_title": "江西女孩邓宇涵，被14所世界名校疯抢，并获得200万奖学金", "aweme_url": "https://www.iesdouyin.com/share/video/6851496989939600647/?region=CN&mid=6763143225659820808&u_code=379jm8h3l53m&titleType=title", "download_url": "https://www.chanmama.com/awemeDetail/6851496989939600647", "digg_count": 208388, "digg_incr": 2936, "aweme_create_time": 1595238458, "category": 15, "volume": 0, "amount": 0}, "author": {"author_id": "3509270093773779", "nickname": "成长•蜕变", "follower_count": 244368}}, {"aweme": {"aweme_id": "6851515508991315208", "aweme_title": "再发一次这段视频，家庭真的很重要，家和万事兴，家才是最重要的！", "aweme_url": "https://www.iesdouyin.com/share/video/6851515508991315208/?region=CN&mid=6582354188326406920&u_code=0&titleType=title", "download_url": "https://www.chanmama.com/awemeDetail/6851515508991315208", "digg_count": 6015, "digg_incr": 2898, "aweme_create_time": 1595242770, "category": 15, "volume": 1, "amount": 88}, "author": {"author_id": "105251545692", "nickname": "良师雅集大师", "follower_count": 454696}}, {"aweme": {"aweme_id": "6851424445597273355", "aweme_title": "发朋友圈有趣的皮句子😂🤣#情商 #聊天 #有趣的灵魂 #好书联盟 #玛莎拉蒂锋芒玩家 @抖音小助手", "aweme_url": "https://www.iesdouyin.com/share/video/6851424445597273355/?region=CN&mid=6813680380567243523&u_code=1e86e3gfc222&titleType=title", "download_url": "https://www.chanmama.com/awemeDetail/6851424445597273355", "digg_count": 3341, "digg_incr": 2892, "aweme_create_time": 1595221576, "category": 15, "volume": 1, "amount": 39.8}, "author": {"author_id": "2792349284187635", "nickname": "情商日记", "follower_count": 651948}}, {"aweme": {"aweme_id": "6851354675397053711", "aweme_title": "#育儿 #早教 #幼儿手指游戏 和蒙豫姐姐一起快乐学古诗吧#幼儿园 #国学经典 @李昕融一家 @抖音小助手", "aweme_url": "https://www.iesdouyin.com/share/video/6851354675397053711/?region=CN&mid=6661479989227031300&u_code=29e685i9la4c&titleType=title", "download_url": "https://www.chanmama.com/awemeDetail/6851354675397053711", "digg_count": 13913, "digg_incr": 2860, "aweme_create_time": 1595205325, "category": 15, "volume": 0, "amount": 0}, "author": {"author_id": "993588479527791", "nickname": "蒙豫有约·阅读吧", "follower_count": 141148}}, {"aweme": {"aweme_id": "6851499417762073869", "aweme_title": "活的明白，不需要时间，需要经历。但是，吃亏要趁早……#励志语录 #正能量语录 #郭德纲 @抖音小助手", "aweme_url": "https://www.iesdouyin.com/share/video/6851499417762073869/?region=CN&mid=6851499443666176776&u_code=0&titleType=title", "download_url": "https://www.chanmama.com/awemeDetail/6851499417762073869", "digg_count": 6591, "digg_incr": 2803, "aweme_create_time": 1595239024, "category": 15, "volume": 5, "amount": 249}, "author": {"author_id": "2035930560470188", "nickname": "德云社值得", "follower_count": 559903}}, {"aweme": {"aweme_id": "6851339065573281036", "aweme_title": "#幼儿园大班 假期依旧早早起床，晨读第731天，现在吃学习的苦，将来就不用吃生活的苦#日积月累 #晨读", "aweme_url": "https://www.iesdouyin.com/share/video/6851339065573281036/?region=CN&mid=6555243045854710541&u_code=gmaek20dh2c&titleType=title", "download_url": "https://www.chanmama.com/awemeDetail/6851339065573281036", "digg_count": 2743, "digg_incr": 2687, "aweme_create_time": 1595201708, "category": 15, "volume": 75, "amount": 2235}, "author": {"author_id": "3038687264259564", "nickname": "家有悠浩", "follower_count": 572019}}, {"aweme": {"aweme_id": "6851406472987921678", "aweme_title": "你了解自己吗？你想快速了解谁？直播连线解答，留言血型星座详解哦#超速识人 #星座#性格", "aweme_url": "https://www.iesdouyin.com/share/video/6851406472987921678/?region=CN&mid=6851406519141976840&u_code=i5hd8ml6f59&titleType=title", "download_url": "https://www.chanmama.com/awemeDetail/6851406472987921678", "digg_count": 4971, "digg_incr": 2656, "aweme_create_time": 1595217384, "category": 15, "volume": 9, "amount": 89.10000000000001}, "author": {"author_id": "54905119734", "nickname": "星座血型识人", "follower_count": 135329}}, {"aweme": {"aweme_id": "6851491419832536320", "aweme_title": "#法医 #开膛手杰克 我的🐎呀", "aweme_url": "https://www.iesdouyin.com/share/video/6851491419832536320/?region=CN&mid=6851491448160832263&u_code=0&titleType=title", "download_url": "https://www.chanmama.com/awemeDetail/6851491419832536320", "digg_count": 3200, "digg_incr": 2567, "aweme_create_time": 1595237161, "category": 15, "volume": 0, "amount": 0}, "author": {"author_id": "883627664870244", "nickname": "GanMa", "follower_count": 300167}}, {"aweme": {"aweme_id": "6851426160467856655", "aweme_title": "毛毛虫点读笔自制点读书教程‼️中文、非凯迪克家英文绘本都可以点～～速度收藏起来#育儿 #宝妈", "aweme_url": "https://www.iesdouyin.com/share/video/6851426160467856655/?region=CN&mid=6851426188456413965&u_code=379jm8h3l53m&titleType=title", "download_url": "https://www.chanmama.com/awemeDetail/6851426160467856655", "digg_count": 3079, "digg_incr": 2563, "aweme_create_time": 1595221967, "category": 15, "volume": 4, "amount": 1192}, "author": {"author_id": "619764138120894", "nickname": "小花生妈妈（7.28中午直播）", "follower_count": 122131}}, {"aweme": {"aweme_id": "6851473265030958347", "aweme_title": "来看一下，建筑物的防雷接地怎么做！#干货 #建筑工程 #建筑识图", "aweme_url": "https://www.iesdouyin.com/share/video/6851473265030958347/?region=CN&mid=6845171491123383047&u_code=mba0i1gklbj&titleType=title", "download_url": "https://www.chanmama.com/awemeDetail/6851473265030958347", "digg_count": 4002, "digg_incr": 2554, "aweme_create_time": 1595232943, "category": 15, "volume": 1, "amount": 129}, "author": {"author_id": "1033179485710829", "nickname": "建筑工程师-王小昱", "follower_count": 134178}}, {"aweme": {"aweme_id": "6851380659911445774", "aweme_title": "来，这一包包足以~#企业号 #抖音小助手", "aweme_url": "https://www.iesdouyin.com/share/video/6851380659911445774/?region=CN&mid=6851380748889475854&u_code=2d09blljf2md&titleType=title", "download_url": "https://www.chanmama.com/awemeDetail/6851380659911445774", "digg_count": 2526, "digg_incr": 2517, "aweme_create_time": 1595211393, "category": 15, "volume": 165, "amount": 3283.4999999999995}, "author": {"author_id": "96049627140", "nickname": "LH981482027", "follower_count": 193293}}, {"aweme": {"aweme_id": "6851506640798190856", "aweme_title": "老人言受益一生。#我的高考记忆 #学浪计划#成长充电站", "aweme_url": "https://www.iesdouyin.com/share/video/6851506640798190856/?region=CN&mid=6851506662651185928&u_code=0&titleType=title", "download_url": "https://www.chanmama.com/awemeDetail/6851506640798190856", "digg_count": 6895, "digg_incr": 2451, "aweme_create_time": 1595240705, "category": 15, "volume": 3, "amount": 108}, "author": {"author_id": "4019462112033320", "nickname": "郑颖读书", "follower_count": 362664}}, {"aweme": {"aweme_id": "6851476285257043215", "aweme_title": "很多人都想改变身材，也坚持每天锻炼，但是就是没结果！不用担心，跟我学习3天！打造完美身材！#健身教程 #健身", "aweme_url": "https://www.iesdouyin.com/share/video/6851476285257043215/?region=CN&mid=6851476312037526286&u_code=0&titleType=title", "download_url": "https://www.chanmama.com/awemeDetail/6851476285257043215", "digg_count": 2611, "digg_incr": 2350, "aweme_create_time": 1595233638, "category": 15, "volume": 85, "amount": 841.5}, "author": {"author_id": "276680044446364", "nickname": "健美冠军王森贵", "follower_count": 601169}}, {"aweme": {"aweme_id": "6851229672169082125", "aweme_title": "#稻盛和夫 #心  世间万物，始于心，终于心！#成长充电站", "aweme_url": "https://www.iesdouyin.com/share/video/6851229672169082125/?region=CN&mid=6851229645179144974&u_code=0&titleType=title", "download_url": "https://www.chanmama.com/awemeDetail/6851229672169082125", "digg_count": 2242, "digg_incr": 2242, "aweme_create_time": 1595176227, "category": 15, "volume": 49, "amount": 2891}, "author": {"author_id": "106257531545", "nickname": "陈皮果果", "follower_count": 988914}}, {"aweme": {"aweme_id": "6851352299013541133", "aweme_title": "#日本知识酱带你读日本原版书 #日本 #书 #读书 #图书 #好书分享 #女人魅力 #优雅 #仪态 #高贵", "aweme_url": "https://www.iesdouyin.com/share/video/6851352299013541133/?region=CN&mid=6824793994652813319&u_code=379jm8h3l53m&titleType=title", "download_url": "https://www.chanmama.com/awemeDetail/6851352299013541133", "digg_count": 3770, "digg_incr": 2239, "aweme_create_time": 1595204773, "category": 15, "volume": 64, "amount": 2496}, "author": {"author_id": "65542179668", "nickname": "日本知识酱", "follower_count": 38476}}, {"aweme": {"aweme_id": "6851423679058840846", "aweme_title": "试试让我摸不 还可爱的老虎🐯😄", "aweme_url": "https://www.iesdouyin.com/share/video/6851423679058840846/?region=CN&mid=6851423692467997454&u_code=0&titleType=title", "download_url": "https://www.chanmama.com/awemeDetail/6851423679058840846", "digg_count": 2562, "digg_incr": 2226, "aweme_create_time": 1595221389, "category": 15, "volume": 3, "amount": 89.69999999999999}, "author": {"author_id": "72211003152", "nickname": "阳光", "follower_count": 405457}}, {"aweme": {"aweme_id": "6851537419108502798", "aweme_title": "有个大学老师老婆是什么体验😆特别爱给孩子买书，布书、洞洞书、触摸书，最近买了推拉机关书宝宝超喜欢，天天让我读", "aweme_url": "https://www.iesdouyin.com/share/video/6851537419108502798/?region=CN&mid=6789573950117858059&u_code=392lcgmfjmi6&titleType=title", "download_url": "https://www.chanmama.com/awemeDetail/6851537419108502798", "digg_count": 2212, "digg_incr": 2215, "aweme_create_time": 1595247870, "category": 15, "volume": 109, "amount": 7357.5}, "author": {"author_id": "69449375280", "nickname": "自立妈妈", "follower_count": 89391}}, {"aweme": {"aweme_id": "6851503055377157389", "aweme_title": "几天没吃肉了，做个肉丸子吃，干炸丸子 #美食趣胃计划  #追寻儿时的味道", "aweme_url": "https://www.iesdouyin.com/share/video/6851503055377157389/?region=CN&mid=6851503162755435278&u_code=0&titleType=title", "download_url": "https://www.chanmama.com/awemeDetail/6851503055377157389", "digg_count": 2574, "digg_incr": 2131, "aweme_create_time": 1595239888, "category": 15, "volume": 1, "amount": 79}, "author": {"author_id": "3949071782124400", "nickname": "河南老马", "follower_count": 361635}}, {"aweme": {"aweme_id": "6851472746996714767", "aweme_title": "王阳明的故事，你知道多少？#王阳明 #读书 #成长充电站 @DOU+小助手 #热门", "aweme_url": "https://www.iesdouyin.com/share/video/6851472746996714767/?region=CN&mid=6851472758191246093&u_code=0&titleType=title", "download_url": "https://www.chanmama.com/awemeDetail/6851472746996714767", "digg_count": 3077, "digg_incr": 2120, "aweme_create_time": 1595232814, "category": 15, "volume": 46, "amount": 1794}, "author": {"author_id": "92535133452", "nickname": "智慧私塾", "follower_count": 942382}}, {"aweme": {"aweme_id": "6851486867917999363", "aweme_title": "#体质 的表象有哪些？一起进来看看吧#热爱生活 #抖音推广#锻炼@抖音小助手", "aweme_url": "https://www.iesdouyin.com/share/video/6851486867917999363/?region=CN&mid=6831815266675051278&u_code=294bg9c3e87k&titleType=title", "download_url": "https://www.chanmama.com/awemeDetail/6851486867917999363", "digg_count": 2927, "digg_incr": 1948, "aweme_create_time": 1595236110, "category": 15, "volume": 6, "amount": 1.2000000000000002}, "author": {"author_id": "2730827215279716", "nickname": "奢觅美业", "follower_count": 130384}}, {"aweme": {"aweme_id": "6851502446255164676", "aweme_title": "姑娘，舍得为你花钱的男人，是爱你一世的男人#致自己 #成长 #认知 #爱情", "aweme_url": "https://www.iesdouyin.com/share/video/6851502446255164676/?region=CN&mid=6851502487468329742&u_code=0&titleType=title", "download_url": "https://www.chanmama.com/awemeDetail/6851502446255164676", "digg_count": 3545, "digg_incr": 1946, "aweme_create_time": 1595239736, "category": 15, "volume": 10, "amount": 380}, "author": {"author_id": "3597237957692740", "nickname": "智慧人生", "follower_count": 229546}}, {"aweme": {"aweme_id": "6851418208839191822", "aweme_title": "你们要的链接来了@DOU+小助手", "aweme_url": "https://www.iesdouyin.com/share/video/6851418208839191822/?region=CN&mid=6851418179110357774&u_code=12aiccea89lc&titleType=title", "download_url": "https://www.chanmama.com/awemeDetail/6851418208839191822", "digg_count": 2616, "digg_incr": 1939, "aweme_create_time": 1595220116, "category": 15, "volume": 4, "amount": 147.2}, "author": {"author_id": "100406677421", "nickname": "奇葩买家秀 原追风少年", "follower_count": 351562}}, {"aweme": {"aweme_id": "6851470415177485568", "aweme_title": "湖畔战略(24)：要想请人的人必须是开除过人的人#人才#马云说 #阿里巴巴 #@DOU+小助手 @抖音星探家", "aweme_url": "https://www.iesdouyin.com/share/video/6851470415177485568/?region=CN&mid=6582354188326406920&u_code=6i13ghj92ck&titleType=title", "download_url": "https://www.chanmama.com/awemeDetail/6851470415177485568", "digg_count": 1998, "digg_incr": 1919, "aweme_create_time": 1595232271, "category": 15, "volume": 7, "amount": 686}, "author": {"author_id": "93162704200", "nickname": "慧道企业学堂", "follower_count": 21972}}, {"aweme": {"aweme_id": "6851498239569448192", "aweme_title": "色狼啥时候不偷腥？女人遇到色狼老公到底应该怎么办呢？#婚姻 #家庭 #情感 #情感", "aweme_url": "https://www.iesdouyin.com/share/video/6851498239569448192/?region=CN&mid=6566622092949719811&u_code=19fjbl89kf63&titleType=title", "download_url": "https://www.chanmama.com/awemeDetail/6851498239569448192", "digg_count": 2486, "digg_incr": 1845, "aweme_create_time": 1595238749, "category": 15, "volume": 0, "amount": 0}, "author": {"author_id": "1450949200328444", "nickname": "说情道理", "follower_count": 164686}}, {"aweme": {"aweme_id": "6851528984459480328", "aweme_title": "当下互联网时代，社交平台就是你能够借力的最大资源#思维格局  @抖音小助手", "aweme_url": "https://www.iesdouyin.com/share/video/6851528984459480328/?region=CN&mid=6851529026880703239&u_code=0&titleType=title", "download_url": "https://www.chanmama.com/awemeDetail/6851528984459480328", "digg_count": 2890, "digg_incr": 1829, "aweme_create_time": 1595245906, "category": 15, "volume": 1, "amount": 48}, "author": {"author_id": "96408903866", "nickname": "逆境思维", "follower_count": 738359}}, {"aweme": {"aweme_id": "6851486216118914317", "aweme_title": "太多人留言问这个问题咯，答案都在这里了，别在问我咯#刘丰 #智慧", "aweme_url": "https://www.iesdouyin.com/share/video/6851486216118914317/?region=CN&mid=6851486241018252040&u_code=0&titleType=title", "download_url": "https://www.chanmama.com/awemeDetail/6851486216118914317", "digg_count": 3263, "digg_incr": 1828, "aweme_create_time": 1595235950, "category": 15, "volume": 0, "amount": 0}, "author": {"author_id": "92630656564", "nickname": "良师雅集", "follower_count": 618439}}, {"aweme": {"aweme_id": "6851486898792221966", "aweme_title": "很多妈妈说宝宝不爱看书，我觉得陪伴和耐心很重要，我的教师老婆最近买了推拉机关书，培养阅读兴趣，宝宝超喜欢🥰", "aweme_url": "https://www.iesdouyin.com/share/video/6851486898792221966/?region=CN&mid=6789573950117858059&u_code=27l4hkd95f9c&titleType=title", "download_url": "https://www.chanmama.com/awemeDetail/6851486898792221966", "digg_count": 1833, "digg_incr": 1813, "aweme_create_time": 1595236109, "category": 15, "volume": 118, "amount": 7965}, "author": {"author_id": "69449375280", "nickname": "自立妈妈", "follower_count": 89391}}, {"aweme": {"aweme_id": "6851432316728921358", "aweme_title": "第二十八期来了，支持一下#我的世界vs迷你世界 #主播麦克尔", "aweme_url": "https://www.iesdouyin.com/share/video/6851432316728921358/?region=CN&mid=6851432318964468487&u_code=2g9cfffeefe2&titleType=title", "download_url": "https://www.chanmama.com/awemeDetail/6851432316728921358", "digg_count": 2203, "digg_incr": 1737, "aweme_create_time": 1595223401, "category": 15, "volume": 0, "amount": 0}, "author": {"author_id": "66004794943", "nickname": "一只被限流的Michael（立场青衫）", "follower_count": 123205}}, {"aweme": {"aweme_id": "6851485587149425920", "aweme_title": "90%的人，不知道的动物叫声！#语文 #学浪计划 #涨知识 #小学语文 #亲子教育 @DOU+小助手", "aweme_url": "https://www.iesdouyin.com/share/video/6851485587149425920/?region=CN&mid=6851485598830988046&u_code=0&titleType=title", "download_url": "https://www.chanmama.com/awemeDetail/6851485587149425920", "digg_count": 2486, "digg_incr": 1708, "aweme_create_time": 1595235803, "category": 15, "volume": 1, "amount": 98}, "author": {"author_id": "4300911357986640", "nickname": "耐飞语文", "follower_count": 298106}}, {"aweme": {"aweme_id": "6851494657319341316", "aweme_title": "#电影院要开门了 终于可以看 #唐人街探案3 今天你们去看#电影 了吗#学浪计划", "aweme_url": "https://www.iesdouyin.com/share/video/6851494657319341316/?region=CN&mid=6851494724088466184&u_code=0&titleType=title", "download_url": "https://www.chanmama.com/awemeDetail/6851494657319341316", "digg_count": 1733, "digg_incr": 1690, "aweme_create_time": 1595237923, "category": 15, "volume": 0, "amount": 0}, "author": {"author_id": "63079733923", "nickname": "花木君", "follower_count": 391113}}, {"aweme": {"aweme_id": "6851511562365111555", "aweme_title": "其实，折磨你的，不是任何人的绝情，而是，你一直心存幻想的期待。", "aweme_url": "https://www.iesdouyin.com/share/video/6851511562365111555/?region=CN&mid=6851511618841496328&u_code=1am3aa602ah1&titleType=title", "download_url": "https://www.chanmama.com/awemeDetail/6851511562365111555", "digg_count": 5245, "digg_incr": 1670, "aweme_create_time": 1595241858, "category": 15, "volume": 0, "amount": 0}, "author": {"author_id": "95106036870", "nickname": "云故事", "follower_count": 176280}}, {"aweme": {"aweme_id": "6851377585763486990", "aweme_title": "#童趣花生葫芦娃弟弟和蒜头葫芦娃哥哥失散多年，今日兄弟终于相聚#搞笑我是认真的 @抖音小助手", "aweme_url": "https://www.iesdouyin.com/share/video/6851377585763486990/?region=CN&mid=6844107049316403975&u_code=12kd4bb55549&titleType=title", "download_url": "https://www.chanmama.com/awemeDetail/6851377585763486990", "digg_count": 1649, "digg_incr": 1642, "aweme_create_time": 1595210658, "category": 15, "volume": 0, "amount": 0}, "author": {"author_id": "641759853152381", "nickname": "Z友哥时光", "follower_count": 20054}}, {"aweme": {"aweme_id": "6851509556808387848", "aweme_title": "做生意小财靠勤 中财靠德 大财靠命，诚实为人是基础，基础打牢了，生意自然也就来了", "aweme_url": "https://www.iesdouyin.com/share/video/6851509556808387848/?region=CN&mid=6740155562467721227&u_code=4e3d3322c7c4&titleType=title", "download_url": "https://www.chanmama.com/awemeDetail/6851509556808387848", "digg_count": 2562, "digg_incr": 1641, "aweme_create_time": 1595241384, "category": 15, "volume": 0, "amount": 0}, "author": {"author_id": "1666471479481495", "nickname": "黑学长", "follower_count": 926490}}, {"aweme": {"aweme_id": "6851412743757532428", "aweme_title": "#北京 #老炮儿 分享#青春 #江湖 #故事 南北城百人#茬架 @DOU+小助手", "aweme_url": "https://www.iesdouyin.com/share/video/6851412743757532428/?region=CN&mid=6851412795167116046&u_code=0&titleType=title", "download_url": "https://www.chanmama.com/awemeDetail/6851412743757532428", "digg_count": 1795, "digg_incr": 1633, "aweme_create_time": 1595218851, "category": 15, "volume": 3, "amount": 119.69999999999999}, "author": {"author_id": "4296534862081864", "nickname": "卤煮火烧", "follower_count": 229140}}, {"aweme": {"aweme_id": "6851534086331206919", "aweme_title": "空油罐车被扣车罚款，货车司机凭罚单反告交警获赔80万。你看懂了吗？#思维 #逆向思维 #知识 @抖音小助手", "aweme_url": "https://www.iesdouyin.com/share/video/6851534086331206919/?region=CN&mid=6851534113753533197&u_code=jlj3h5hh617&titleType=title", "download_url": "https://www.chanmama.com/awemeDetail/6851534086331206919", "digg_count": 1933, "digg_incr": 1609, "aweme_create_time": 1595247094, "category": 15, "volume": 4, "amount": 239.2}, "author": {"author_id": "1222270971285278", "nickname": "励志：正能量", "follower_count": 754054}}, {"aweme": {"aweme_id": "6851361684213353741", "aweme_title": "#一年级 重温成语之最～知识在于积累#语文#成语#涨知识 #日积月累", "aweme_url": "https://www.iesdouyin.com/share/video/6851361684213353741/?region=CN&mid=6613878032845245192&u_code=0&titleType=title", "download_url": "https://www.chanmama.com/awemeDetail/6851361684213353741", "digg_count": 1729, "digg_incr": 1590, "aweme_create_time": 1595206957, "category": 15, "volume": 40, "amount": 1192}, "author": {"author_id": "61745351550", "nickname": "Evan妈咪（娟子）", "follower_count": 346096}}, {"aweme": {"aweme_id": "6851325856896257288", "aweme_title": "#恩恩背诗词《悯农•其二》#锄禾#李绅 #小学必背古诗 #国学 #古诗 #汉服 #手势舞", "aweme_url": "https://www.iesdouyin.com/share/video/6851325856896257288/?region=CN&mid=6851325790403971853&u_code=0&titleType=title", "download_url": "https://www.chanmama.com/awemeDetail/6851325856896257288", "digg_count": 2165, "digg_incr": 1564, "aweme_create_time": 1595198619, "category": 15, "volume": 0, "amount": 0}, "author": {"author_id": "3874305737500444", "nickname": "恩恩背诗词", "follower_count": 362371}}, {"aweme": {"aweme_id": "6851335358886530311", "aweme_title": "在每一个充满希望的清晨，告诉自己：努力是为了遇见更好的自己！早安亲爱的朋友们！！#单反拍摄 #气场全开女王范", "aweme_url": "https://www.iesdouyin.com/share/video/6851335358886530311/?region=CN&mid=6851335293845424903&u_code=1kgi6h6afg08&titleType=title", "download_url": "https://www.chanmama.com/awemeDetail/6851335358886530311", "digg_count": 3569, "digg_incr": 1523, "aweme_create_time": 1595200831, "category": 15, "volume": 0, "amount": 0}, "author": {"author_id": "93051647186", "nickname": "品味", "follower_count": 24053}}, {"aweme": {"aweme_id": "6851312059834043663", "aweme_title": "#吸引力法则 #心灵成长 内心有一颗富足的心，你就会成为富人。", "aweme_url": "https://www.iesdouyin.com/share/video/6851312059834043663/?region=CN&mid=6851311974307859208&u_code=0&titleType=title", "download_url": "https://www.chanmama.com/awemeDetail/6851312059834043663", "digg_count": 1902, "digg_incr": 1487, "aweme_create_time": 1595195421, "category": 15, "volume": 1, "amount": 499}, "author": {"author_id": "96308144752", "nickname": "易成", "follower_count": 270657}}, {"aweme": {"aweme_id": "6851223458223787278", "aweme_title": "这套书可以培养孩子的专注力和耐性", "aweme_url": "https://www.iesdouyin.com/share/video/6851223458223787278/?region=CN&mid=6851223452444019470&u_code=27l4hkd95f9c&titleType=title", "download_url": "https://www.chanmama.com/awemeDetail/6851223458223787278", "digg_count": 6042, "digg_incr": 1483, "aweme_create_time": 1595177874, "category": 15, "volume": 107, "amount": 6313}, "author": {"author_id": "149159965108652", "nickname": "樊登读书分享", "follower_count": 122778}}, {"aweme": {"aweme_id": "6851537960068746496", "aweme_title": "世界上最伟大的六条销售准则！#营销思维 #销售思维 #抖音小助手", "aweme_url": "https://www.iesdouyin.com/share/video/6851537960068746496/?region=CN&mid=6851537969300474638&u_code=0&titleType=title", "download_url": "https://www.chanmama.com/awemeDetail/6851537960068746496", "digg_count": 2385, "digg_incr": 1481, "aweme_create_time": 1595247996, "category": 15, "volume": 1, "amount": 98}, "author": {"author_id": "118386798898295", "nickname": "销售思维模式", "follower_count": 325381}}, {"aweme": {"aweme_id": "6851472130643725583", "aweme_title": "为什么我们要重视家庭教育包括和亲子关系？#家庭教育 #人生智慧 #教育 #曾仕强教授", "aweme_url": "https://www.iesdouyin.com/share/video/6851472130643725583/?region=CN&mid=6851472155189005070&u_code=294bg9c3e87k&titleType=title", "download_url": "https://www.chanmama.com/awemeDetail/6851472130643725583", "digg_count": 2081, "digg_incr": 1459, "aweme_create_time": 1595232671, "category": 15, "volume": 0, "amount": 0}, "author": {"author_id": "958383147719230", "nickname": "国学智慧", "follower_count": 150208}}, {"aweme": {"aweme_id": "6851222163484200196", "aweme_title": "#博君一肖bjyx #陈情令 #忘羡", "aweme_url": "https://www.iesdouyin.com/share/video/6851222163484200196/?region=CN&mid=6851222257675864845&u_code=0&titleType=title", "download_url": "https://www.chanmama.com/awemeDetail/6851222163484200196", "digg_count": 1603, "digg_incr": 1440, "aweme_create_time": 1595174489, "category": 15, "volume": 0, "amount": 0}, "author": {"author_id": "109954592516", "nickname": "黄鼠狼给鸡拜年", "follower_count": 80040}}, {"aweme": {"aweme_id": "6851516811255516431", "aweme_title": "#涨知识 #dou出新知 #读书 从农村走出的寒门学子#教育 #励志", "aweme_url": "https://www.iesdouyin.com/share/video/6851516811255516431/?region=CN&mid=6851516837830609677&u_code=0&titleType=title", "download_url": "https://www.chanmama.com/awemeDetail/6851516811255516431", "digg_count": 1864, "digg_incr": 1391, "aweme_create_time": 1595243072, "category": 15, "volume": 0, "amount": 0}, "author": {"author_id": "866055753310027", "nickname": "創业分享敏老师", "follower_count": 542107}}, {"aweme": {"aweme_id": "6851402037591149837", "aweme_title": "蒙古帝国杰出的领袖-蒙哥汗#蒙古帝国 #草原帝国 #关注我持续更新 #历史", "aweme_url": "https://www.iesdouyin.com/share/video/6851402037591149837/?region=CN&mid=6772032135718112012&u_code=19fjbl89kf63&titleType=title", "download_url": "https://www.chanmama.com/awemeDetail/6851402037591149837", "digg_count": 1869, "digg_incr": 1378, "aweme_create_time": 1595216350, "category": 15, "volume": 0, "amount": 0}, "author": {"author_id": "106706588298", "nickname": "@记录民俗", "follower_count": 13666}}, {"aweme": {"aweme_id": "6851217313652362510", "aweme_title": "#张康阳  #苏宁易购  #国米 他是富二代中的佼佼者他就是张康阳 @抖音小助手", "aweme_url": "https://www.iesdouyin.com/share/video/6851217313652362510/?region=CN&mid=6851217606557453069&u_code=0&titleType=title", "download_url": "https://www.chanmama.com/awemeDetail/6851217313652362510", "digg_count": 1369, "digg_incr": 1369, "aweme_create_time": 1595227389, "category": 15, "volume": 5, "amount": 495}, "author": {"author_id": "111493313225", "nickname": "陪你逛街", "follower_count": 938672}}, {"aweme": {"aweme_id": "6851553490532093197", "aweme_title": "有个大学老师老婆是什么体验😆特别爱给孩子买书，布书、洞洞书、触摸书，最近买了推拉机关书宝宝超喜欢，天天让我读", "aweme_url": "https://www.iesdouyin.com/share/video/6851553490532093197/?region=CN&mid=6789573950117858059&u_code=jlj3h5hh617&titleType=title", "download_url": "https://www.chanmama.com/awemeDetail/6851553490532093197", "digg_count": 1397, "digg_incr": 1366, "aweme_create_time": 1595251612, "category": 15, "volume": 80, "amount": 5400}, "author": {"author_id": "69449375280", "nickname": "自立妈妈", "follower_count": 89391}}, {"aweme": {"aweme_id": "6851491787500948750", "aweme_title": "和羞走，三个字把少女娇羞的姿态展现的恰到好处#诗词 #李清照", "aweme_url": "https://www.iesdouyin.com/share/video/6851491787500948750/?region=CN&mid=6851491820325669639&u_code=0&titleType=title", "download_url": "https://www.chanmama.com/awemeDetail/6851491787500948750", "digg_count": 2251, "digg_incr": 1361, "aweme_create_time": 1595237247, "category": 15, "volume": 0, "amount": 0}, "author": {"author_id": "575766611638040", "nickname": "诗词Vae", "follower_count": 143887}}, {"aweme": {"aweme_id": "6851525378792623375", "aweme_title": "#考古肖战 发现一只没看过的兔兔，赶紧来分享给大家。#肖战的小飞侠 #肖战", "aweme_url": "https://www.iesdouyin.com/share/video/6851525378792623375/?region=CN&mid=6851525426326620942&u_code=2k5ab5a5913d&titleType=title", "download_url": "https://www.chanmama.com/awemeDetail/6851525378792623375", "digg_count": 1928, "digg_incr": 1348, "aweme_create_time": 1595245067, "category": 15, "volume": 0, "amount": 0}, "author": {"author_id": "413050870183088", "nickname": "肖战.", "follower_count": 7140}}, {"aweme": {"aweme_id": "6851382285896338692", "aweme_title": "小学一到六年级语数英整套版#学霸笔记 其实暑假真的是拉开差距的分水岭，要想不掉队，一定做好假期学习计划", "aweme_url": "https://www.iesdouyin.com/share/video/6851382285896338692/?region=CN&mid=6851382337093651208&u_code=0&titleType=title", "download_url": "https://www.chanmama.com/awemeDetail/6851382285896338692", "digg_count": 1461, "digg_incr": 1341, "aweme_create_time": 1595212385, "category": 15, "volume": 30, "amount": 2640}, "author": {"author_id": "2189856654244413", "nickname": "樊登带你读书", "follower_count": 206751}}, {"aweme": {"aweme_id": "6851409746486988039", "aweme_title": "任意数乘5的巧算，速算就是这么简单#暑期充电指南 #学浪计划 #抖音小助手 @学浪计划 @DOU+小助手", "aweme_url": "https://www.iesdouyin.com/share/video/6851409746486988039/?region=CN&mid=6851409751394241287&u_code=43m3emh773ff&titleType=title", "download_url": "https://www.chanmama.com/awemeDetail/6851409746486988039", "digg_count": 1660, "digg_incr": 1337, "aweme_create_time": 1595218145, "category": 15, "volume": 0, "amount": 0}, "author": {"author_id": "3452116302563415", "nickname": "数学大王周老师", "follower_count": 406369}}, {"aweme": {"aweme_id": "6851233412007693582", "aweme_title": "#营销", "aweme_url": "https://www.iesdouyin.com/share/video/6851233412007693582/?region=CN&mid=6851233394106731278&u_code=1ei15mmlk3fa&titleType=title", "download_url": "https://www.chanmama.com/awemeDetail/6851233412007693582", "digg_count": 1993, "digg_incr": 1318, "aweme_create_time": 1595177100, "category": 15, "volume": 8, "amount": 544}, "author": {"author_id": "2405333247206747", "nickname": "【格局】", "follower_count": 129696}}, {"aweme": {"aweme_id": "6851433304239983883", "aweme_title": "#肖战 “是闪闪发，不需要形容词的肖战啊！”@抖音小助手 @DOU+小助手", "aweme_url": "https://www.iesdouyin.com/share/video/6851433304239983883/?region=CN&mid=6851433344287214349&u_code=0&titleType=title", "download_url": "https://www.chanmama.com/awemeDetail/6851433304239983883", "digg_count": 1487, "digg_incr": 1301, "aweme_create_time": 1595223639, "category": 15, "volume": 0, "amount": 0}, "author": {"author_id": "95677246939", "nickname": "肖战1005", "follower_count": 106000}}, {"aweme": {"aweme_id": "6851409408556141831", "aweme_title": "为什么女人都喜欢老男人？我来告诉你答案吧……#成长充电站", "aweme_url": "https://www.iesdouyin.com/share/video/6851409408556141831/?region=CN&mid=6851409459877530381&u_code=jlj3h4mld84&titleType=title", "download_url": "https://www.chanmama.com/awemeDetail/6851409408556141831", "digg_count": 2011, "digg_incr": 1288, "aweme_create_time": 1595218067, "category": 15, "volume": 2, "amount": 79.6}, "author": {"author_id": "72698470562", "nickname": "磊哥", "follower_count": 893908}}, {"aweme": {"aweme_id": "6851356549529505024", "aweme_title": "有个博士爸爸是一种什么体验😂四个月开始看布书，十个月看洞洞书，15个月开始看小熊很忙机关书，有趣又好玩😊", "aweme_url": "https://www.iesdouyin.com/share/video/6851356549529505024/?region=CN&mid=6824310970006113032&u_code=0&titleType=title", "download_url": "https://www.chanmama.com/awemeDetail/6851356549529505024", "digg_count": 1293, "digg_incr": 1272, "aweme_create_time": 1595205774, "category": 15, "volume": 0, "amount": 0}, "author": {"author_id": "106100834452", "nickname": "米乐", "follower_count": 146871}}, {"aweme": {"aweme_id": "6851362701638176015", "aweme_title": "@DOU+小助手 #休闲减龄穿搭 @我要上热门！", "aweme_url": "https://www.iesdouyin.com/share/video/6851362701638176015/?region=CN&mid=6847291263469816590&u_code=1ei15mmlk3fa&titleType=title", "download_url": "https://www.chanmama.com/awemeDetail/6851362701638176015", "digg_count": 1382, "digg_incr": 1267, "aweme_create_time": 1595207193, "category": 15, "volume": 5, "amount": 995}, "author": {"author_id": "1560928337531707", "nickname": "安安精品服装店", "follower_count": 154491}}, {"aweme": {"aweme_id": "6851386236230208783", "aweme_title": "不要听他怎么说，要看他怎么做。不要光看他怎么做，要想他为什么要这样做。#成长充电站 @DOU+小助手", "aweme_url": "https://www.iesdouyin.com/share/video/6851386236230208783/?region=CN&mid=6851386229527726862&u_code=0&titleType=title", "download_url": "https://www.chanmama.com/awemeDetail/6851386236230208783", "digg_count": 2731, "digg_incr": 1261, "aweme_create_time": 1595212671, "category": 15, "volume": 27, "amount": 1053}, "author": {"author_id": "92535133452", "nickname": "智慧私塾", "follower_count": 942382}}, {"aweme": {"aweme_id": "6851331847222316303", "aweme_title": "韩商言去学校找佟年，差点被佟年的导师赶出来，没想到。。。#亲爱的热爱的 #李现 #杨紫 #追剧 @抖音小助手", "aweme_url": "https://www.iesdouyin.com/share/video/6851331847222316303/?region=CN&mid=6851331854571293453&u_code=0&titleType=title", "download_url": "https://www.chanmama.com/awemeDetail/6851331847222316303", "digg_count": 2309, "digg_incr": 1256, "aweme_create_time": 1595200014, "category": 15, "volume": 1, "amount": 9.9}, "author": {"author_id": "71008084253", "nickname": "好友影视", "follower_count": 251556}}, {"aweme": {"aweme_id": "6851504670184099086", "aweme_title": "付出终有回报，要做就做最好……南通大叔热情厚道，积极正能量,喜欢交朋友，乐于助人#创业", "aweme_url": "https://www.iesdouyin.com/share/video/6851504670184099086/?region=CN&mid=6745620521972402955&u_code=0&titleType=title", "download_url": "https://www.chanmama.com/awemeDetail/6851504670184099086", "digg_count": 1837, "digg_incr": 1252, "aweme_create_time": 1595240246, "category": 15, "volume": 0, "amount": 0}, "author": {"author_id": "94837664111", "nickname": "丁总", "follower_count": 243011}}, {"aweme": {"aweme_id": "6851474182392302856", "aweme_title": "大明王朝（三）:此役堪称明末时期最悲壮的守城战，让后人看到了明朝的气节#历史 #涨知识", "aweme_url": "https://www.iesdouyin.com/share/video/6851474182392302856/?region=CN&mid=6851474198188411655&u_code=0&titleType=title", "download_url": "https://www.chanmama.com/awemeDetail/6851474182392302856", "digg_count": 3005, "digg_incr": 1252, "aweme_create_time": 1595233148, "category": 15, "volume": 0, "amount": 0}, "author": {"author_id": "66482981435", "nickname": "阳仔侃历史", "follower_count": 189089}}, {"aweme": {"aweme_id": "6851491537226910990", "aweme_title": "别划走了，你这个幸运的人#抖音小助手 #我要上大热门 #创意", "aweme_url": "https://www.iesdouyin.com/share/video/6851491537226910990/?region=CN&mid=6804180618054863623&u_code=0&titleType=title", "download_url": "https://www.chanmama.com/awemeDetail/6851491537226910990", "digg_count": 1919, "digg_incr": 1240, "aweme_create_time": 1595237189, "category": 15, "volume": 0, "amount": 0}, "author": {"author_id": "63331444436", "nickname": "诗诗【免费教特效】", "follower_count": 302694}}, {"aweme": {"aweme_id": "6851530233808522509", "aweme_title": "欢迎大家到来，感谢一直有你的陪伴。", "aweme_url": "https://www.iesdouyin.com/share/video/6851530233808522509/?region=CN&mid=6817829970069506819&u_code=0&titleType=title", "download_url": "https://www.chanmama.com/awemeDetail/6851530233808522509", "digg_count": 1201, "digg_incr": 1201, "aweme_create_time": 1595246197, "category": 15, "volume": 0, "amount": 0}, "author": {"author_id": "105640290122", "nickname": "🔥柳州大叔®🔥", "follower_count": 568227}}, {"aweme": {"aweme_id": "6851353366983970056", "aweme_title": "#一年级 假期是提升看图写话写作最佳时期，多读多写多积累范文，为新学期打基础#看图写话", "aweme_url": "https://www.iesdouyin.com/share/video/6851353366983970056/?region=CN&mid=6805427831519070215&u_code=27l4hkd95f9c&titleType=title", "download_url": "https://www.chanmama.com/awemeDetail/6851353366983970056", "digg_count": 1225, "digg_incr": 1176, "aweme_create_time": 1595205021, "category": 15, "volume": 65, "amount": 3237}, "author": {"author_id": "61184578041", "nickname": "妞妞🍼", "follower_count": 579199}}, {"aweme": {"aweme_id": "6851503032702635279", "aweme_title": "他说：我考的好是因为记忆力好，能记住考纲里所有考点并且不断的训练。#思维", "aweme_url": "https://www.iesdouyin.com/share/video/6851503032702635279/?region=CN&mid=6851503066789874440&u_code=2g9cfffeefe2&titleType=title", "download_url": "https://www.chanmama.com/awemeDetail/6851503032702635279", "digg_count": 1211, "digg_incr": 1161, "aweme_create_time": 1595239865, "category": 15, "volume": 0, "amount": 0}, "author": {"author_id": "2594462137597133", "nickname": "真英雄", "follower_count": 149498}}, {"aweme": {"aweme_id": "6851474054726176014", "aweme_title": "听表扬吃不饱肚子,能挨骂也能长能耐 看懂的人 #受益一生 #思维 #人性 #职场", "aweme_url": "https://www.iesdouyin.com/share/video/6851474054726176014/?region=CN&mid=6851474168102341390&u_code=0&titleType=title", "download_url": "https://www.chanmama.com/awemeDetail/6851474054726176014", "digg_count": 9959, "digg_incr": 1144, "aweme_create_time": 1595240400, "category": 15, "volume": 0, "amount": 0}, "author": {"author_id": "2154659269584718", "nickname": "强者的思维", "follower_count": 530307}}, {"aweme": {"aweme_id": "6850652786003119373", "aweme_title": "这大概是赢的最快的一局棋了 #象棋  #抖音小助手", "aweme_url": "https://www.iesdouyin.com/share/video/6850652786003119373/?region=CN&mid=6850652884875447048&u_code=2lbh94h721ba&titleType=title", "download_url": "https://www.chanmama.com/awemeDetail/6850652786003119373", "digg_count": 1166, "digg_incr": 1142, "aweme_create_time": 1595214000, "category": 15, "volume": 0, "amount": 0}, "author": {"author_id": "105101172182", "nickname": "大禾象棋", "follower_count": 840349}}, {"aweme": {"aweme_id": "6851328697434148103", "aweme_title": "一年级看图写话，标点符号不正确书写也会被扣分，送你们一个小儿歌，看图写话得满分！#小学语文 #标点符号", "aweme_url": "https://www.iesdouyin.com/share/video/6851328697434148103/?region=CN&mid=6851328631608789767&u_code=13h2b40ld9m7&titleType=title", "download_url": "https://www.chanmama.com/awemeDetail/6851328697434148103", "digg_count": 1473, "digg_incr": 1141, "aweme_create_time": 1595199281, "category": 15, "volume": 0, "amount": 0}, "author": {"author_id": "2875952287458909", "nickname": "大辉辉老师", "follower_count": 65251}}, {"aweme": {"aweme_id": "6851411597844303119", "aweme_title": "#傅雷家书 #艺术修养 为什么很多老师这么推崇，这本书受到千万人喜爱？人生修养亲子必备书籍。", "aweme_url": "https://www.iesdouyin.com/share/video/6851411597844303119/?region=CN&mid=6851411630325123853&u_code=0&titleType=title", "download_url": "https://www.chanmama.com/awemeDetail/6851411597844303119", "digg_count": 1422, "digg_incr": 1138, "aweme_create_time": 1595218576, "category": 15, "volume": 18, "amount": 882}, "author": {"author_id": "34772727103887", "nickname": "FD. 星空文艺知识学堂", "follower_count": 85579}}, {"aweme": {"aweme_id": "6851349049753242887", "aweme_title": "想要舞蹈跳的好，基本功训练不可少#爵士舞基本功", "aweme_url": "https://www.iesdouyin.com/share/video/6851349049753242887/?region=CN&mid=6851349054912252685&u_code=0&titleType=title", "download_url": "https://www.chanmama.com/awemeDetail/6851349049753242887", "digg_count": 1498, "digg_incr": 1129, "aweme_create_time": 1595204017, "category": 15, "volume": 0, "amount": 0}, "author": {"author_id": "65309490536", "nickname": "黄冈0713", "follower_count": 622067}}, {"aweme": {"aweme_id": "6851403958699724045", "aweme_title": "世界好小啊！买家具、法院开庭、跑步都能碰到粉丝，今天竟然在派出所又碰到位民警粉丝，为民警依法办事的态度点赞！", "aweme_url": "https://www.iesdouyin.com/share/video/6851403958699724045/?region=CN&mid=6851403969592314637&u_code=166g84l6dji5&titleType=title", "download_url": "https://www.chanmama.com/awemeDetail/6851403958699724045", "digg_count": 1366, "digg_incr": 1127, "aweme_create_time": 1595216798, "category": 15, "volume": 8, "amount": 224}, "author": {"author_id": "77355169124", "nickname": "💋。焕小状律师", "follower_count": 786032}}, {"aweme": {"aweme_id": "6851258147034778893", "aweme_title": "#天才 并非天生，对于任何行业或领域中希望提升自己的每个人#刻意练习 是黄金标准，是迄今为止发现最强的学习方法", "aweme_url": "https://www.iesdouyin.com/share/video/6851258147034778893/?region=CN&mid=6851258173039315726&u_code=0&titleType=title", "download_url": "https://www.chanmama.com/awemeDetail/6851258147034778893", "digg_count": 1187, "digg_incr": 1115, "aweme_create_time": 1595201611, "category": 15, "volume": 1, "amount": 39}, "author": {"author_id": "3966656219192711", "nickname": "杭州樊登文化传播", "follower_count": 160961}}, {"aweme": {"aweme_id": "6851518762605120768", "aweme_title": "安乐公主仗着父亲的宠爱，卖官鬻爵，挥霍无度#乘风破浪一起浪", "aweme_url": "https://www.iesdouyin.com/share/video/6851518762605120768/?region=CN&mid=6851518790969051912&u_code=d3cj78d2g00&titleType=title", "download_url": "https://www.chanmama.com/awemeDetail/6851518762605120768", "digg_count": 1840, "digg_incr": 1113, "aweme_create_time": 1595243527, "category": 15, "volume": 0, "amount": 0}, "author": {"author_id": "3971078620192487", "nickname": "历史刊", "follower_count": 949349}}, {"aweme": {"aweme_id": "6851518016534891788", "aweme_title": "#杨石头  #立体思维营销  如何制造用户心里的连续购买，高频！", "aweme_url": "https://www.iesdouyin.com/share/video/6851518016534891788/?region=CN&mid=6851518139356695309&u_code=0&titleType=title", "download_url": "https://www.chanmama.com/awemeDetail/6851518016534891788", "digg_count": 1265, "digg_incr": 1108, "aweme_create_time": 1595243359, "category": 15, "volume": 0, "amount": 0}, "author": {"author_id": "108058070740", "nickname": "获客文化", "follower_count": 327635}}, {"aweme": {"aweme_id": "6851404606816177412", "aweme_title": "泰戈尔的诗，总能看出他对于梦幻童真以及爱的向往#泰戈尔 #经典", "aweme_url": "https://www.iesdouyin.com/share/video/6851404606816177412/?region=CN&mid=6851404655780907790&u_code=19fjbl89kf63&titleType=title", "download_url": "https://www.chanmama.com/awemeDetail/6851404606816177412", "digg_count": 1903, "digg_incr": 1104, "aweme_create_time": 1595216957, "category": 15, "volume": 3, "amount": 89.4}, "author": {"author_id": "105149213743", "nickname": "天天有诗", "follower_count": 880971}}, {"aweme": {"aweme_id": "6851437530630458638", "aweme_title": "不要温和的走入那个良夜#原耽 #小蘑菇 绝美爱情，绝美周边🥳#推荐", "aweme_url": "https://www.iesdouyin.com/share/video/6851437530630458638/?region=CN&mid=6839627774203431687&u_code=4ck63ki2883f&titleType=title", "download_url": "https://www.chanmama.com/awemeDetail/6851437530630458638", "digg_count": 1089, "digg_incr": 1089, "aweme_create_time": 1595224615, "category": 15, "volume": 16, "amount": 1035.84}, "author": {"author_id": "91658675269", "nickname": "霜漫金陵时", "follower_count": 44312}}, {"aweme": {"aweme_id": "6851483280542420239", "aweme_title": "古人总结的天气预报，你觉得现在还准确吗？#天气预报 #民间老话 #美好加热节 @二哥(小号) @DOU+小助手", "aweme_url": "https://www.iesdouyin.com/share/video/6851483280542420239/?region=CN&mid=6851483302617303816&u_code=0&titleType=title", "download_url": "https://www.chanmama.com/awemeDetail/6851483280542420239", "digg_count": 1337, "digg_incr": 1084, "aweme_create_time": 1595235267, "category": 15, "volume": 0, "amount": 0}, "author": {"author_id": "55315338449", "nickname": "二哥（8月18号开播更多惊喜请期待）", "follower_count": 440192}}, {"aweme": {"aweme_id": "6851458240224431364", "aweme_title": "#马云 送给#年轻人 的忠告！#阿里巴巴 #涨知识 #云上大课堂 #创业 #商界大佬 #抖音小助手", "aweme_url": "https://www.iesdouyin.com/share/video/6851458240224431364/?region=CN&mid=6851458284513217293&u_code=14deh3daede3&titleType=title", "download_url": "https://www.chanmama.com/awemeDetail/6851458240224431364", "digg_count": 1066, "digg_incr": 1066, "aweme_create_time": 1595229444, "category": 15, "volume": 2, "amount": 187.8}, "author": {"author_id": "3526846550379197", "nickname": "博易混沌超级思维", "follower_count": 32785}}, {"aweme": {"aweme_id": "6851317016419110159", "aweme_title": "#正能量 #资源 #营销 #思维 大学生容易找让顾客爆满@抖音小助手 #财富 #创业", "aweme_url": "https://www.iesdouyin.com/share/video/6851317016419110159/?region=CN&mid=6851316943601912589&u_code=0&titleType=title", "download_url": "https://www.chanmama.com/awemeDetail/6851317016419110159", "digg_count": 1261, "digg_incr": 1062, "aweme_create_time": 1595196567, "category": 15, "volume": 5, "amount": 375}, "author": {"author_id": "1490573457370253", "nickname": "正能量逻辑思维", "follower_count": 88562}}, {"aweme": {"aweme_id": "6851230407891913997", "aweme_title": "你看见马路对面抽烟的女人了吗，那是我妻子”#情感 #爱情 #推荐", "aweme_url": "https://www.iesdouyin.com/share/video/6851230407891913997/?region=CN&mid=6830772409927355144&u_code=2h61m86hh6b7&titleType=title", "download_url": "https://www.chanmama.com/awemeDetail/6851230407891913997", "digg_count": 1272, "digg_incr": 1049, "aweme_create_time": 1595176397, "category": 15, "volume": 0, "amount": 0}, "author": {"author_id": "59458937167", "nickname": "桥北", "follower_count": 20930}}]}