{
  "data": [
    {
      "aweme": {
        "aweme_id": "6851406430285614350",
        "aweme_title": "八月即将流行的秋装，最后一套太骚了，不骚我把女朋友寄给你#男生穿搭 #穿搭 #solo出道谁最nata",
        "aweme_url": "https://www.iesdouyin.com/share/video/6851406430285614350/?region=CN&mid=6851406464507366151&u_code=0&titleType=title",
        "download_url": "https://www.chanmama.com/awemeDetail/6851406430285614350",
        "digg_count": 71790,
        "digg_incr": -10,
        "aweme_create_time": 1595217373,
        "category": 2,
        "volume": 5,
        "amount": 373
      },
      "author": {
        "author_id": "610926286613547",
        "nickname": "打造型男工作坊",
        "follower_count": 774031
      }
    },
    {
      "aweme": {
        "aweme_id": "6851391289364188429",
        "aweme_title": "倒不上赖我吗？上不来我是不费了，下这事还能管吗#机车 @DOU+小助手",
        "aweme_url": "https://www.iesdouyin.com/share/video/6851391289364188429/?region=CN&mid=6851391439449312014&u_code=379jm8h3l53m&titleType=title",
        "download_url": "https://www.chanmama.com/awemeDetail/6851391289364188429",
        "digg_count": 70503,
        "digg_incr": 501,
        "aweme_create_time": 1595213871,
        "category": 2,
        "volume": 0,
        "amount": 0
      },
      "author": {
        "author_id": "71214245227",
        "nickname": "计晓蓝",
        "follower_count": 946851
      }
    },
    {
      "aweme": {
        "aweme_id": "6851409237738818831",
        "aweme_title": "男款速干套装（上衣+裤子）一套39.9米三套100米#热门 #套装 @DOU+小助手 @抖音小助手",
        "aweme_url": "https://www.iesdouyin.com/share/video/6851409237738818831/?region=CN&mid=6851409251181546254&u_code=3aj0322m7cj7&titleType=title",
        "download_url": "https://www.chanmama.com/awemeDetail/6851409237738818831",
        "digg_count": 46530,
        "digg_incr": -53,
        "aweme_create_time": 1595218027,
        "category": 2,
        "volume": 3425,
        "amount": 136657.5
      },
      "author": {
        "author_id": "3284938086418716",
        "nickname": "孙尚时尚男装",
        "follower_count": 85075
      }
    },
    {
      "aweme": {
        "aweme_id": "6851465697151814926",
        "aweme_title": "有一种关系，叫#竹马情 ！#灿烈 #世勋 #exo",
        "aweme_url": "https://www.iesdouyin.com/share/video/6851465697151814926/?region=CN&mid=6851465833139849998&u_code=0&titleType=title",
        "download_url": "https://www.chanmama.com/awemeDetail/6851465697151814926",
        "digg_count": 40803,
        "digg_incr": 1534,
        "aweme_create_time": 1595239200,
        "category": 2,
        "volume": 1,
        "amount": 139
      },
      "author": {
        "author_id": "59142153173",
        "nickname": "王引號",
        "follower_count": 336342
      }
    },
    {
      "aweme": {
        "aweme_id": "6851487543947545856",
        "aweme_title": "求与人相比，但求超越自己。要哭就哭出感动的泪水，要笑就笑出成长的性格！@DOU+小助手 #感谢抖音平台",
        "aweme_url": "https://www.iesdouyin.com/share/video/6851487543947545856/?region=CN&mid=6851487568043739911&u_code=1am3aa602ah1&titleType=title",
        "download_url": "https://www.chanmama.com/awemeDetail/6851487543947545856",
        "digg_count": 40499,
        "digg_incr": -12,
        "aweme_create_time": 1595236259,
        "category": 2,
        "volume": 0,
        "amount": 0
      },
      "author": {
        "author_id": "54584044662",
        "nickname": "常熟市莫城街道守诺服装商行",
        "follower_count": 112390
      }
    },
    {
      "aweme": {
        "aweme_id": "6851397443469249792",
        "aweme_title": "李小龙拍摄《死亡游戏》花絮！#李小龙逝世47周年 #李小龙",
        "aweme_url": "https://www.iesdouyin.com/share/video/6851397443469249792/?region=CN&mid=6851397464784734984&u_code=0&titleType=title",
        "download_url": "https://www.chanmama.com/awemeDetail/6851397443469249792",
        "digg_count": 16340,
        "digg_incr": 21,
        "aweme_create_time": 1595215280,
        "category": 2,
        "volume": 0,
        "amount": 0
      },
      "author": {
        "author_id": "95431877065",
        "nickname": "用武之地 武林大事件",
        "follower_count": 612768
      }
    },
    {
      "aweme": {
        "aweme_id": "6851472604537064719",
        "aweme_title": "踢你们一下，你们要的上衣来了#微胖穿搭 #针织衫开衫",
        "aweme_url": "https://www.iesdouyin.com/share/video/6851472604537064719/?region=CN&mid=6846947210576743182&u_code=2g9cfffeefe2&titleType=title",
        "download_url": "https://www.chanmama.com/awemeDetail/6851472604537064719",
        "digg_count": 17573,
        "digg_incr": 398,
        "aweme_create_time": 1595232781,
        "category": 2,
        "volume": 97,
        "amount": 6453
      },
      "author": {
        "author_id": "110669977061",
        "nickname": "156高的粗腿苏苏",
        "follower_count": 79178
      }
    },
    {
      "aweme": {
        "aweme_id": "6851427210750889216",
        "aweme_title": "如果你和老詹一对一能赢一球，你会做什么?#詹姆斯 #勒布朗詹姆斯 #单挑 #篮球 #重启新赛季",
        "aweme_url": "https://www.iesdouyin.com/share/video/6851427210750889216/?region=CN&mid=6725744998459017991&u_code=2k5ab5a5913d&titleType=title",
        "download_url": "https://www.chanmama.com/awemeDetail/6851427210750889216",
        "digg_count": 14189,
        "digg_incr": 370,
        "aweme_create_time": 1595222220,
        "category": 2,
        "volume": 2,
        "amount": 118
      },
      "author": {
        "author_id": "395426556022163",
        "nickname": "蜗壳体育",
        "follower_count": 46220
      }
    },
    {
      "aweme": {
        "aweme_id": "6851531743871241479",
        "aweme_title": "#肖战#小飞侠 央视将邀请肖战？“职黑”溃不成军，难道还有能力去“狙击”？",
        "aweme_url": "https://www.iesdouyin.com/share/video/6851531743871241479/?region=CN&mid=6851531770723044109&u_code=27l4hke24855&titleType=title",
        "download_url": "https://www.chanmama.com/awemeDetail/6851531743871241479",
        "digg_count": 14338,
        "digg_incr": 195,
        "aweme_create_time": 1595246549,
        "category": 2,
        "volume": 0,
        "amount": 0
      },
      "author": {
        "author_id": "4388892409343579",
        "nickname": "小小羊娱乐",
        "follower_count": 4844
      }
    },
    {
      "aweme": {
        "aweme_id": "6851367774334242056",
        "aweme_title": "为什么这么拼？为了生活啊，开播前还抹了两把泪！你们喜欢的丝滑薄软牛仔裤，最后看细节#大码搭配 #热门 #穿搭",
        "aweme_url": "https://www.iesdouyin.com/share/video/6851367774334242056/?region=CN&mid=6754434162377100035&u_code=27l4hkdla013&titleType=title",
        "download_url": "https://www.chanmama.com/awemeDetail/6851367774334242056",
        "digg_count": 10569,
        "digg_incr": 241,
        "aweme_create_time": 1595208374,
        "category": 2,
        "volume": 1644,
        "amount": 113436
      },
      "author": {
        "author_id": "81663567352",
        "nickname": "薇雅熙大码穿搭",
        "follower_count": 48673
      }
    },
    {
      "aweme": {
        "aweme_id": "6851258024288472320",
        "aweme_title": "希望对喜欢这个单人休闲伦巴的友友们有帮助！#原创单人休闲伦巴 @小棉袄&傲雪 @DOU+小助手 @抖音小助手",
        "aweme_url": "https://www.iesdouyin.com/share/video/6851258024288472320/?region=CN&mid=6851258019259468557&u_code=29e685i9la4c&titleType=title",
        "download_url": "https://www.chanmama.com/awemeDetail/6851258024288472320",
        "digg_count": 10696,
        "digg_incr": 205,
        "aweme_create_time": 1595182851,
        "category": 2,
        "volume": 12,
        "amount": 3314
      },
      "author": {
        "author_id": "94090527874",
        "nickname": "傲雪",
        "follower_count": 97842
      }
    },
    {
      "aweme": {
        "aweme_id": "6851427402539633931",
        "aweme_title": "文艺风上衣搭配裤裙太漂亮啦，胖瘦都好穿，点头像正在直播👉👉👉👉👉",
        "aweme_url": "https://www.iesdouyin.com/share/video/6851427402539633931/?region=CN&mid=6851427448454646541&u_code=2k5ab5a5913d&titleType=title",
        "download_url": "https://www.chanmama.com/awemeDetail/6851427402539633931",
        "digg_count": 8148,
        "digg_incr": 123,
        "aweme_create_time": 1595222264,
        "category": 2,
        "volume": 51,
        "amount": 3009
      },
      "author": {
        "author_id": "3337770389478872",
        "nickname": "昕梓琳服饰",
        "follower_count": 481266
      }
    },
    {
      "aweme": {
        "aweme_id": "6851334518754807040",
        "aweme_title": "其实生活很简单，忘掉年龄，忘掉烦恼，过了今天就是明天，大叔和兄弟们每天11点在直播间等你来......",
        "aweme_url": "https://www.iesdouyin.com/share/video/6851334518754807040/?region=CN&mid=6850764513017793287&u_code=1kgi6h6afg08&titleType=title",
        "download_url": "https://www.chanmama.com/awemeDetail/6851334518754807040",
        "digg_count": 11865,
        "digg_incr": 691,
        "aweme_create_time": 1595200635,
        "category": 2,
        "volume": 4,
        "amount": 1112
      },
      "author": {
        "author_id": "94558696167",
        "nickname": "杰克朗博",
        "follower_count": 668216
      }
    },
    {
      "aweme": {
        "aweme_id": "6851528501766524173",
        "aweme_title": "遇到凡事不要慌 还来得及@抖音小助手 @抖音MCN",
        "aweme_url": "https://www.iesdouyin.com/share/video/6851528501766524173/?region=CN&mid=6851528522188819207&u_code=0&titleType=title",
        "download_url": "https://www.chanmama.com/awemeDetail/6851528501766524173",
        "digg_count": 7166,
        "digg_incr": 212,
        "aweme_create_time": 1595245794,
        "category": 2,
        "volume": 2,
        "amount": 98
      },
      "author": {
        "author_id": "64854863333",
        "nickname": "江龙",
        "follower_count": 517005
      }
    },
    {
      "aweme": {
        "aweme_id": "6851441127296355599",
        "aweme_title": "小姐姐乘风破浪再次失败！#抖音小助手",
        "aweme_url": "https://www.iesdouyin.com/share/video/6851441127296355599/?region=CN&mid=6844173798577638157&u_code=294bg9c3e87k&titleType=title",
        "download_url": "https://www.chanmama.com/awemeDetail/6851441127296355599",
        "digg_count": 7092,
        "digg_incr": 260,
        "aweme_create_time": 1595225452,
        "category": 2,
        "volume": 0,
        "amount": 0
      },
      "author": {
        "author_id": "96414351050",
        "nickname": "Jordan",
        "follower_count": 82667
      }
    },
    {
      "aweme": {
        "aweme_id": "6851408683583180043",
        "aweme_title": "耶",
        "aweme_url": "https://www.iesdouyin.com/share/video/6851408683583180043/?region=CN&mid=6847003459502279438&u_code=294bg9c3e87k&titleType=title",
        "download_url": "https://www.chanmama.com/awemeDetail/6851408683583180043",
        "digg_count": 6777,
        "digg_incr": 163,
        "aweme_create_time": 1595217906,
        "category": 2,
        "volume": 2,
        "amount": 336
      },
      "author": {
        "author_id": "4173369140060455",
        "nickname": "透明",
        "follower_count": 71939
      }
    },
    {
      "aweme": {
        "aweme_id": "6851542985360936207",
        "aweme_title": "男士五分袖衬衫，我穿了帅气吗？#上热门 #男装@DOU+小助手",
        "aweme_url": "https://www.iesdouyin.com/share/video/6851542985360936207/?region=CN&mid=6851543004030700302&u_code=13h2b40ld9m7&titleType=title",
        "download_url": "https://www.chanmama.com/awemeDetail/6851542985360936207",
        "digg_count": 6168,
        "digg_incr": 123,
        "aweme_create_time": 1595249166,
        "category": 2,
        "volume": 280,
        "amount": 16240
      },
      "author": {
        "author_id": "3702782644719950",
        "nickname": "遇见最好的你",
        "follower_count": 118580
      }
    },
    {
      "aweme": {
        "aweme_id": "6851418875813235975",
        "aweme_title": "闺蜜给我画的眼妆，然后我把她带到了#天台   #舞蹈",
        "aweme_url": "https://www.iesdouyin.com/share/video/6851418875813235975/?region=CN&mid=6851418963272944392&u_code=0&titleType=title",
        "download_url": "https://www.chanmama.com/awemeDetail/6851418875813235975",
        "digg_count": 5943,
        "digg_incr": 224,
        "aweme_create_time": 1595220292,
        "category": 2,
        "volume": 12,
        "amount": 1068
      },
      "author": {
        "author_id": "360259853746685",
        "nickname": "工藤心仪",
        "follower_count": 443333
      }
    },
    {
      "aweme": {
        "aweme_id": "6851514878943939840",
        "aweme_title": "#曳步舞 #教学 #全民健身 #运动 #越跳越健康 @抖音小助手",
        "aweme_url": "https://www.iesdouyin.com/share/video/6851514878943939840/?region=CN&mid=6851514901622426376&u_code=0&titleType=title",
        "download_url": "https://www.chanmama.com/awemeDetail/6851514878943939840",
        "digg_count": 5244,
        "digg_incr": 77,
        "aweme_create_time": 1595242623,
        "category": 2,
        "volume": 0,
        "amount": 0
      },
      "author": {
        "author_id": "1692895611191784",
        "nickname": "曳步舞可可",
        "follower_count": 490500
      }
    },
    {
      "aweme": {
        "aweme_id": "6851487471876803854",
        "aweme_title": "“愿世俗多点温柔，也愿你少点难过”#史迪仔#可达鸭原创",
        "aweme_url": "https://www.iesdouyin.com/share/video/6851487471876803854/?region=CN&mid=6851487470610746125&u_code=0&titleType=title",
        "download_url": "https://www.chanmama.com/awemeDetail/6851487471876803854",
        "digg_count": 7643,
        "digg_incr": 1110,
        "aweme_create_time": 1595236243,
        "category": 2,
        "volume": 2,
        "amount": 116
      },
      "author": {
        "author_id": "104770159972",
        "nickname": "可达鸭",
        "follower_count": 308705
      }
    },
    {
      "aweme": {
        "aweme_id": "6851399236236446983",
        "aweme_title": "太喜欢老板娘身上这款简约大方的外套了！#穿搭 @抖音小助手 #apm第一老板娘",
        "aweme_url": "https://www.iesdouyin.com/share/video/6851399236236446983/?region=CN&mid=6772000074605153032&u_code=0&titleType=title",
        "download_url": "https://www.chanmama.com/awemeDetail/6851399236236446983",
        "digg_count": 8228,
        "digg_incr": 385,
        "aweme_create_time": 1595215698,
        "category": 2,
        "volume": 29,
        "amount": 7221
      },
      "author": {
        "author_id": "75626898352",
        "nickname": "辰禹服饰",
        "follower_count": 18758
      }
    },
    {
      "aweme": {
        "aweme_id": "6851454838216133903",
        "aweme_title": "是不是经常打球的人 就算不打很多年 几个动作就能看得出！#肌肉记忆",
        "aweme_url": "https://www.iesdouyin.com/share/video/6851454838216133903/?region=CN&mid=6851454865013820167&u_code=0&titleType=title",
        "download_url": "https://www.chanmama.com/awemeDetail/6851454838216133903",
        "digg_count": 6726,
        "digg_incr": 478,
        "aweme_create_time": 1595228645,
        "category": 2,
        "volume": 0,
        "amount": 0
      },
      "author": {
        "author_id": "79488822796",
        "nickname": "大舌头Golden Triangle",
        "follower_count": 235345
      }
    },
    {
      "aweme": {
        "aweme_id": "6851478816309677316",
        "aweme_title": "@中老年妈妈装发了一个抖音短视频，你尽管点开，不好看算我输！",
        "aweme_url": "https://www.iesdouyin.com/share/video/6851478816309677316/?region=CN&mid=6851479563612982019&u_code=3aj0322m7cj7&titleType=",
        "download_url": "https://www.chanmama.com/awemeDetail/6851478816309677316",
        "digg_count": 3880,
        "digg_incr": 4,
        "aweme_create_time": 1595234371,
        "category": 2,
        "volume": 6,
        "amount": 414
      },
      "author": {
        "author_id": "1842401224953708",
        "nickname": "中老年妈妈装",
        "follower_count": 56596
      }
    },
    {
      "aweme": {
        "aweme_id": "6851317588488621327",
        "aweme_title": "全网超🔥的骑马舞背面分解来了#曳步舞#教学 #全民健身 #运动 #骑马舞",
        "aweme_url": "https://www.iesdouyin.com/share/video/6851317588488621327/?region=CN&mid=6851317527981624078&u_code=0&titleType=title",
        "download_url": "https://www.chanmama.com/awemeDetail/6851317588488621327",
        "digg_count": 4348,
        "digg_incr": 47,
        "aweme_create_time": 1595196700,
        "category": 2,
        "volume": 0,
        "amount": 0
      },
      "author": {
        "author_id": "1692895611191784",
        "nickname": "曳步舞可可",
        "follower_count": 490500
      }
    },
    {
      "aweme": {
        "aweme_id": "6851444227637857539",
        "aweme_title": "以后会看到身披湖人球衣的老詹JR空接暴扣#詹姆斯 #jr #重启新赛季",
        "aweme_url": "https://www.iesdouyin.com/share/video/6851444227637857539/?region=CN&mid=6846717521987439367&u_code=2fd090284mjk&titleType=title",
        "download_url": "https://www.chanmama.com/awemeDetail/6851444227637857539",
        "digg_count": 3947,
        "digg_incr": 9,
        "aweme_create_time": 1595226183,
        "category": 2,
        "volume": 1,
        "amount": 59
      },
      "author": {
        "author_id": "1310209144789115",
        "nickname": "篮球之王",
        "follower_count": 14095
      }
    },
    {
      "aweme": {
        "aweme_id": "6851468893211413760",
        "aweme_title": "吃播德善再次上线，哈哈哈！#德善 #请回答1988 #李惠利",
        "aweme_url": "https://www.iesdouyin.com/share/video/6851468893211413760/?region=CN&mid=6826269167567063821&u_code=1e86e3gfc222&titleType=title",
        "download_url": "https://www.chanmama.com/awemeDetail/6851468893211413760",
        "digg_count": 4460,
        "digg_incr": 45,
        "aweme_create_time": 1595231917,
        "category": 2,
        "volume": 1,
        "amount": 65
      },
      "author": {
        "author_id": "60469879213",
        "nickname": "野生电影院",
        "follower_count": 64538
      }
    },
    {
      "aweme": {
        "aweme_id": "6851501472329288975",
        "aweme_title": "做人有品，做事有度，穿衣有型，孝敬父母，疼爱孩子 这样的大叔你喜欢吗？#时尚穿搭 #裤子 #励志 @抖音小助手",
        "aweme_url": "https://www.iesdouyin.com/share/video/6851501472329288975/?region=CN&mid=6820807639912876808&u_code=3cc1ga8lck8h&titleType=title",
        "download_url": "https://www.chanmama.com/awemeDetail/6851501472329288975",
        "digg_count": 5278,
        "digg_incr": 117,
        "aweme_create_time": 1595239502,
        "category": 2,
        "volume": 6,
        "amount": 2988
      },
      "author": {
        "author_id": "60610990158",
        "nickname": "于子程",
        "follower_count": 127247
      }
    },
    {
      "aweme": {
        "aweme_id": "6851391768211000583",
        "aweme_title": "早起的女人有腹肌看",
        "aweme_url": "https://www.iesdouyin.com/share/video/6851391768211000583/?region=CN&mid=6851391787937483533&u_code=1e86e3gfc222&titleType=title",
        "download_url": "https://www.chanmama.com/awemeDetail/6851391768211000583",
        "digg_count": 4421,
        "digg_incr": 162,
        "aweme_create_time": 1595213959,
        "category": 2,
        "volume": 0,
        "amount": 0
      },
      "author": {
        "author_id": "59109254087",
        "nickname": "Kiss me",
        "follower_count": 682623
      }
    },
    {
      "aweme": {
        "aweme_id": "6851331281343581455",
        "aweme_title": "S7香锅直接选盲僧，三星教练大笑，结果比赛结束笑不出来了！#rng",
        "aweme_url": "https://www.iesdouyin.com/share/video/6851331281343581455/?region=CN&mid=6851331235696904974&u_code=b0ge2ik4jel&titleType=title",
        "download_url": "https://www.chanmama.com/awemeDetail/6851331281343581455",
        "digg_count": 4006,
        "digg_incr": 74,
        "aweme_create_time": 1595199882,
        "category": 2,
        "volume": 3,
        "amount": 149.7
      },
      "author": {
        "author_id": "96147499374",
        "nickname": "小虎hi",
        "follower_count": 62081
      }
    },
    {
      "aweme": {
        "aweme_id": "6851353704902216971",
        "aweme_title": "#我是新网红  @新网银行夏季超流行的女生休闲系列你喜欢第几套？#粤新粤潮粤有味 #我的财智之选",
        "aweme_url": "https://www.iesdouyin.com/share/video/6851353704902216971/?region=CN&mid=6851353731268266766&u_code=2g9cfffeefe2&titleType=title",
        "download_url": "https://www.chanmama.com/awemeDetail/6851353704902216971",
        "digg_count": 3291,
        "digg_incr": 1,
        "aweme_create_time": 1595205111,
        "category": 2,
        "volume": 196,
        "amount": 10570
      },
      "author": {
        "author_id": "3526872101830399",
        "nickname": "木夕穿搭",
        "follower_count": 8480
      }
    },
    {
      "aweme": {
        "aweme_id": "6851527857529752844",
        "aweme_title": "今年超级🔥的裤子，面料舒服洋气，百搭又显瘦，太喜欢了#女装新品日 #直播",
        "aweme_url": "https://www.iesdouyin.com/share/video/6851527857529752844/?region=CN&mid=6831481304660380423&u_code=3aj0322m7cj7&titleType=title",
        "download_url": "https://www.chanmama.com/awemeDetail/6851527857529752844",
        "digg_count": 3548,
        "digg_incr": 431,
        "aweme_create_time": 1595245649,
        "category": 2,
        "volume": 80,
        "amount": 3945.4
      },
      "author": {
        "author_id": "3491658966280303",
        "nickname": "赵比比制衣厂",
        "follower_count": 147028
      }
    },
    {
      "aweme": {
        "aweme_id": "6851528990126132484",
        "aweme_title": "富贵花开  中袖上市啦！正在直播，点头像👉👉👉👉👉👉",
        "aweme_url": "https://www.iesdouyin.com/share/video/6851528990126132484/?region=CN&mid=6851529033273494285&u_code=1e86e3gfc222&titleType=title",
        "download_url": "https://www.chanmama.com/awemeDetail/6851528990126132484",
        "digg_count": 2848,
        "digg_incr": 2,
        "aweme_create_time": 1595245914,
        "category": 2,
        "volume": 26,
        "amount": 1534
      },
      "author": {
        "author_id": "3337770389478872",
        "nickname": "昕梓琳服饰",
        "follower_count": 481266
      }
    },
    {
      "aweme": {
        "aweme_id": "6851406340586261768",
        "aweme_title": "小姐姐卖萌好像跟别人不太一样哦✔️",
        "aweme_url": "https://www.iesdouyin.com/share/video/6851406340586261768/?region=CN&mid=6851406446769343245&u_code=0&titleType=title",
        "download_url": "https://www.chanmama.com/awemeDetail/6851406340586261768",
        "digg_count": 3611,
        "digg_incr": 103,
        "aweme_create_time": 1595217371,
        "category": 2,
        "volume": 0,
        "amount": 0
      },
      "author": {
        "author_id": "399815475201672",
        "nickname": "成都潮男榜",
        "follower_count": 541185
      }
    },
    {
      "aweme": {
        "aweme_id": "6851542245145955598",
        "aweme_title": "和舒服的人在一起是养生 和有趣的人在一起是养心 懂得珍惜才配拥有 余生请远离消耗你的人好好爱自己 #感悟",
        "aweme_url": "https://www.iesdouyin.com/share/video/6851542245145955598/?region=CN&mid=6848458233422580493&u_code=0&titleType=title",
        "download_url": "https://www.chanmama.com/awemeDetail/6851542245145955598",
        "digg_count": 2520,
        "digg_incr": 2,
        "aweme_create_time": 1595248994,
        "category": 2,
        "volume": 164,
        "amount": 12792
      },
      "author": {
        "author_id": "78290249080",
        "nickname": "金华璇璇家服装店",
        "follower_count": 318155
      }
    },
    {
      "aweme": {
        "aweme_id": "6851262865735748875",
        "aweme_title": "#我是新网红  @新网银行上班没衣服穿的女生这里都是整套搭配好的#乘风破浪幸盔有你 #粤新粤潮粤有味",
        "aweme_url": "https://www.iesdouyin.com/share/video/6851262865735748875/?region=CN&mid=6851263155641830151&u_code=i5hd8ml6f59&titleType=title",
        "download_url": "https://www.chanmama.com/awemeDetail/6851262865735748875",
        "digg_count": 3890,
        "digg_incr": 34,
        "aweme_create_time": 1595184059,
        "category": 2,
        "volume": 142,
        "amount": 7660
      },
      "author": {
        "author_id": "3526872101830399",
        "nickname": "木夕穿搭",
        "follower_count": 8480
      }
    },
    {
      "aweme": {
        "aweme_id": "6851437838169296132",
        "aweme_title": "一位粉丝私信我，店在哪里？我告诉了他，他来了，说不看衣服，看看我和抖音里是不是长的一样，我气呀！白激动一上午",
        "aweme_url": "https://www.iesdouyin.com/share/video/6851437838169296132/?region=CN&mid=6837240536101866247&u_code=0&titleType=title",
        "download_url": "https://www.chanmama.com/awemeDetail/6851437838169296132",
        "digg_count": 5718,
        "digg_incr": 1317,
        "aweme_create_time": 1595224694,
        "category": 2,
        "volume": 13,
        "amount": 3497
      },
      "author": {
        "author_id": "338276441667607",
        "nickname": "韩衣舍女装服饰官方",
        "follower_count": 454661
      }
    },
    {
      "aweme": {
        "aweme_id": "6851506911854988547",
        "aweme_title": "#樱木花道 #灌篮高手 #秋之国体 23 王牌对王牌 #流川枫 #泽北荣治 两人单挑谁更强呢？",
        "aweme_url": "https://www.iesdouyin.com/share/video/6851506911854988547/?region=CN&mid=6851507032755817223&u_code=379jm8h3l53m&titleType=title",
        "download_url": "https://www.chanmama.com/awemeDetail/6851506911854988547",
        "digg_count": 4068,
        "digg_incr": 449,
        "aweme_create_time": 1595240774,
        "category": 2,
        "volume": 0,
        "amount": 0
      },
      "author": {
        "author_id": "97086481511",
        "nickname": "井下雄彦（鲁鲁看动漫）",
        "follower_count": 124498
      }
    },
    {
      "aweme": {
        "aweme_id": "6851465199027817742",
        "aweme_title": "我可不是 为了姑娘 才这样的😌#戏精 #街溜子",
        "aweme_url": "https://www.iesdouyin.com/share/video/6851465199027817742/?region=CN&mid=6851465208612539150&u_code=3cc1ga8lck8h&titleType=title",
        "download_url": "https://www.chanmama.com/awemeDetail/6851465199027817742",
        "digg_count": 3718,
        "digg_incr": 219,
        "aweme_create_time": 1595231057,
        "category": 2,
        "volume": 0,
        "amount": 0
      },
      "author": {
        "author_id": "89200572540",
        "nickname": "乔老弟（街溜子）",
        "follower_count": 182270
      }
    },
    {
      "aweme": {
        "aweme_id": "6851472700175617288",
        "aweme_title": "#蹦迪 安排 @W立鹏 @W大東",
        "aweme_url": "https://www.iesdouyin.com/share/video/6851472700175617288/?region=CN&mid=6842616443407076103&u_code=0&titleType=title",
        "download_url": "https://www.chanmama.com/awemeDetail/6851472700175617288",
        "digg_count": 3760,
        "digg_incr": 295,
        "aweme_create_time": 1595232803,
        "category": 2,
        "volume": 1,
        "amount": 198
      },
      "author": {
        "author_id": "84674878743",
        "nickname": "W电梯兄弟",
        "follower_count": 725548
      }
    },
    {
      "aweme": {
        "aweme_id": "6851318986483698944",
        "aweme_title": "把热爱的事情做到了极致便成了价值，不要因为5%的负面情绪去否定自己100%的努力。#乘风破浪的好物",
        "aweme_url": "https://www.iesdouyin.com/share/video/6851318986483698944/?region=CN&mid=6849139081226619661&u_code=379jm8h3l53m&titleType=title",
        "download_url": "https://www.chanmama.com/awemeDetail/6851318986483698944",
        "digg_count": 2149,
        "digg_incr": -1,
        "aweme_create_time": 1595197025,
        "category": 2,
        "volume": 2,
        "amount": 1798
      },
      "author": {
        "author_id": "1187088784432247",
        "nickname": "筱菲服饰",
        "follower_count": 250506
      }
    },
    {
      "aweme": {
        "aweme_id": "6851507588790586627",
        "aweme_title": "好喜欢这个军绿色，显白洋气又百搭#抖音小助手 @DOU+小助手",
        "aweme_url": "https://www.iesdouyin.com/share/video/6851507588790586627/?region=CN&mid=6835968967799016199&u_code=3aj0322m7cj7&titleType=title",
        "download_url": "https://www.chanmama.com/awemeDetail/6851507588790586627",
        "digg_count": 5709,
        "digg_incr": 761,
        "aweme_create_time": 1595240934,
        "category": 2,
        "volume": 0,
        "amount": 0
      },
      "author": {
        "author_id": "3284996970524711",
        "nickname": "常熟丽姿秀服装商行",
        "follower_count": 146571
      }
    },
    {
      "aweme": {
        "aweme_id": "6851399422920740111",
        "aweme_title": "若无那次垫脚事件！你觉得这位冷酷的机械战警是否会联手波波维奇终老马刺吗？而马刺的命运又会如何呢？#伦纳德",
        "aweme_url": "https://www.iesdouyin.com/share/video/6851399422920740111/?region=CN&mid=6851399431351192328&u_code=294bg9c3e87k&titleType=title",
        "download_url": "https://www.chanmama.com/awemeDetail/6851399422920740111",
        "digg_count": 2030,
        "digg_incr": 19,
        "aweme_create_time": 1595215742,
        "category": 2,
        "volume": 0,
        "amount": 0
      },
      "author": {
        "author_id": "98230460060",
        "nickname": "T·古城🇨🇳篮坛·L",
        "follower_count": 148529
      }
    },
    {
      "aweme": {
        "aweme_id": "6851374977376095501",
        "aweme_title": "#原创国风计划 #潮牌 #换装 夏日潮牌穿搭，原创设计，撞衫不存在的@DOU+小助手",
        "aweme_url": "https://www.iesdouyin.com/share/video/6851374977376095501/?region=CN&mid=6851374968358357768&u_code=13h2b40ld9m7&titleType=title",
        "download_url": "https://www.chanmama.com/awemeDetail/6851374977376095501",
        "digg_count": 1901,
        "digg_incr": "-",
        "aweme_create_time": 1595210050,
        "category": 2,
        "volume": 2,
        "amount": 179.2
      },
      "author": {
        "author_id": "1415794535960029",
        "nickname": "TR原创潮牌工作室",
        "follower_count": 1036
      }
    },
    {
      "aweme": {
        "aweme_id": "6851555146317450504",
        "aweme_title": "男士冰丝渐变色套装，垂感顺滑，帅气又便宜~#冰丝套装 @抖音小助手 #男装",
        "aweme_url": "https://www.iesdouyin.com/share/video/6851555146317450504/?region=CN&mid=6851555224260266760&u_code=1e86e3gfc222&titleType=title",
        "download_url": "https://www.chanmama.com/awemeDetail/6851555146317450504",
        "digg_count": 1856,
        "digg_incr": "-",
        "aweme_create_time": 1595252012,
        "category": 2,
        "volume": 0,
        "amount": 0
      },
      "author": {
        "author_id": "94800652201",
        "nickname": "包大发私服穿搭",
        "follower_count": 37324
      }
    },
    {
      "aweme": {
        "aweme_id": "6851348289430785295",
        "aweme_title": "直播喽宝宝们#哈哈哈 #热门 #衬衫 #时尚穿搭",
        "aweme_url": "https://www.iesdouyin.com/share/video/6851348289430785295/?region=CN&mid=6851348276659096334&u_code=1fj9f270dcd&titleType=title",
        "download_url": "https://www.chanmama.com/awemeDetail/6851348289430785295",
        "digg_count": 2308,
        "digg_incr": 41,
        "aweme_create_time": 1595203839,
        "category": 2,
        "volume": 86,
        "amount": 3354
      },
      "author": {
        "author_id": "3737953565157976",
        "nickname": "常熟刘玲服装商行",
        "follower_count": 154023
      }
    },
    {
      "aweme": {
        "aweme_id": "6851571540908133647",
        "aweme_title": "姐妹们显瘦显高好看呢赶紧的#女装新品日 #穿搭 @DOU+小助手 @我要上热门 @乘风破浪的姐姐",
        "aweme_url": "https://www.iesdouyin.com/share/video/6851571540908133647/?region=CN&mid=6851571552216877831&u_code=294bg9c3e87k&titleType=title",
        "download_url": "https://www.chanmama.com/awemeDetail/6851571540908133647",
        "digg_count": 2039,
        "digg_incr": 12,
        "aweme_create_time": 1595255815,
        "category": 2,
        "volume": 0,
        "amount": 0
      },
      "author": {
        "author_id": "97223506995",
        "nickname": "常熟密码服饰有限公司",
        "follower_count": 388836
      }
    },
    {
      "aweme": {
        "aweme_id": "6851459065952931080",
        "aweme_title": "#薛之谦 当贴膜boy会魔法…",
        "aweme_url": "https://www.iesdouyin.com/share/video/6851459065952931080/?region=CN&mid=6851459083644521224&u_code=mba0i1gklbj&titleType=title",
        "download_url": "https://www.chanmama.com/awemeDetail/6851459065952931080",
        "digg_count": 2533,
        "digg_incr": 141,
        "aweme_create_time": 1595229629,
        "category": 2,
        "volume": 1,
        "amount": 199
      },
      "author": {
        "author_id": "2994706805424301",
        "nickname": "DangerousPeople",
        "follower_count": 137014
      }
    },
    {
      "aweme": {
        "aweme_id": "6851368110675496207",
        "aweme_title": "#我要上热门 #抖音小助手",
        "aweme_url": "https://www.iesdouyin.com/share/video/6851368110675496207/?region=CN&mid=6828108065494009870&u_code=2g9cfffeefe2&titleType=title",
        "download_url": "https://www.chanmama.com/awemeDetail/6851368110675496207",
        "digg_count": 2437,
        "digg_incr": 216,
        "aweme_create_time": 1595208452,
        "category": 2,
        "volume": 7,
        "amount": 455
      },
      "author": {
        "author_id": "73543329338",
        "nickname": "小东北时尚情侣装",
        "follower_count": 107818
      }
    },
    {
      "aweme": {
        "aweme_id": "6851307811637300493",
        "aweme_title": "#717抖音奇妙好物市集 #实惠又便宜 #时尚穿搭 @抖音小助手 #感谢官方",
        "aweme_url": "https://www.iesdouyin.com/share/video/6851307811637300493/?region=CN&mid=6779579332027042573&u_code=1fj9f270dcd&titleType=title",
        "download_url": "https://www.chanmama.com/awemeDetail/6851307811637300493",
        "digg_count": 1885,
        "digg_incr": "-",
        "aweme_create_time": 1595194437,
        "category": 2,
        "volume": 78,
        "amount": 5182
      },
      "author": {
        "author_id": "101922526016",
        "nickname": "常熟市飞飞鞋业商行",
        "follower_count": 200087
      }
    },
    {
      "aweme": {
        "aweme_id": "6851490450587651328",
        "aweme_title": "#郭士强",
        "aweme_url": "https://www.iesdouyin.com/share/video/6851490450587651328/?region=CN&mid=6519117596774632205&u_code=19fjbl89kf63&titleType=title",
        "download_url": "https://www.chanmama.com/awemeDetail/6851490450587651328",
        "digg_count": 1926,
        "digg_incr": 14,
        "aweme_create_time": 1595236936,
        "category": 2,
        "volume": 0,
        "amount": 0
      },
      "author": {
        "author_id": "58362203264",
        "nickname": "辽宁男篮资讯",
        "follower_count": 58477
      }
    },
    {
      "aweme": {
        "aweme_id": "6851362543231880455",
        "aweme_title": "#717抖音奇妙好物在这里，入手一飞织休闲鞋，好穿又累脚#时尚穿搭 #感谢抖音巴巴热门",
        "aweme_url": "https://www.iesdouyin.com/share/video/6851362543231880455/?region=CN&mid=6779579332027042573&u_code=19fjbl89kf63&titleType=title",
        "download_url": "https://www.chanmama.com/awemeDetail/6851362543231880455",
        "digg_count": 1741,
        "digg_incr": "-",
        "aweme_create_time": 1595207157,
        "category": 2,
        "volume": 6,
        "amount": 414
      },
      "author": {
        "author_id": "101922526016",
        "nickname": "常熟市飞飞鞋业商行",
        "follower_count": 200087
      }
    },
    {
      "aweme": {
        "aweme_id": "6851516872467221764",
        "aweme_title": "喜欢穿西装的人都很帅，我说的对吗#西装控 #休闲西装 #男生穿搭 #抖音小助手",
        "aweme_url": "https://www.iesdouyin.com/share/video/6851516872467221764/?region=CN&mid=6851516898677492494&u_code=27l4hke24855&titleType=title",
        "download_url": "https://www.chanmama.com/awemeDetail/6851516872467221764",
        "digg_count": 1772,
        "digg_incr": 2,
        "aweme_create_time": 1595243093,
        "category": 2,
        "volume": 6,
        "amount": 588
      },
      "author": {
        "author_id": "1314616494530647",
        "nickname": "圆桌派",
        "follower_count": 425175
      }
    },
    {
      "aweme": {
        "aweme_id": "6851426418803461380",
        "aweme_title": "百搭款毛衣来啦，直播间来浮力继续",
        "aweme_url": "https://www.iesdouyin.com/share/video/6851426418803461380/?region=CN&mid=6851426464902941447&u_code=0&titleType=title",
        "download_url": "https://www.chanmama.com/awemeDetail/6851426418803461380",
        "digg_count": 2738,
        "digg_incr": 9,
        "aweme_create_time": 1595222035,
        "category": 2,
        "volume": 337,
        "amount": 10076.3
      },
      "author": {
        "author_id": "110535603568",
        "nickname": "毛毛姐好物推荐",
        "follower_count": 126032
      }
    },
    {
      "aweme": {
        "aweme_id": "6851450467604565248",
        "aweme_title": "这个Dj有点欠揍啦哈哈#bboy #街舞 #dj @DOU+小助手",
        "aweme_url": "https://www.iesdouyin.com/share/video/6851450467604565248/?region=CN&mid=6851450487649274631&u_code=379jm8h3l53m&titleType=title",
        "download_url": "https://www.chanmama.com/awemeDetail/6851450467604565248",
        "digg_count": 1992,
        "digg_incr": 7,
        "aweme_create_time": 1595227627,
        "category": 2,
        "volume": 0,
        "amount": 0
      },
      "author": {
        "author_id": "21448862636",
        "nickname": "FlyingRoc",
        "follower_count": 33979
      }
    },
    {
      "aweme": {
        "aweme_id": "6851506029562268940",
        "aweme_title": "文艺风上衣太漂亮啦！胖瘦好穿又便宜！正在直播👉👉👉👉👉",
        "aweme_url": "https://www.iesdouyin.com/share/video/6851506029562268940/?region=CN&mid=6851506219560733454&u_code=27l4hke24855&titleType=title",
        "download_url": "https://www.chanmama.com/awemeDetail/6851506029562268940",
        "digg_count": 1711,
        "digg_incr": "-",
        "aweme_create_time": 1595240570,
        "category": 2,
        "volume": 17,
        "amount": 833
      },
      "author": {
        "author_id": "3337770389478872",
        "nickname": "昕梓琳服饰",
        "follower_count": 481266
      }
    },
    {
      "aweme": {
        "aweme_id": "6851418125691342093",
        "aweme_title": "王牌飞行员申请出站！@赛车教练袁际博 @张千翻你翻哥🖤",
        "aweme_url": "https://www.iesdouyin.com/share/video/6851418125691342093/?region=CN&mid=6840378761498725127&u_code=0&titleType=title",
        "download_url": "https://www.chanmama.com/awemeDetail/6851418125691342093",
        "digg_count": 1907,
        "digg_incr": 46,
        "aweme_create_time": 1595220096,
        "category": 2,
        "volume": 0,
        "amount": 0
      },
      "author": {
        "author_id": "64109990799",
        "nickname": "沙俊同",
        "follower_count": 543295
      }
    },
    {
      "aweme": {
        "aweme_id": "6851393750401371396",
        "aweme_title": "有人等烟雨 有人怪雨急 有人在等伞 有人等雨停",
        "aweme_url": "https://www.iesdouyin.com/share/video/6851393750401371396/?region=CN&mid=6844052380963654408&u_code=0&titleType=title",
        "download_url": "https://www.chanmama.com/awemeDetail/6851393750401371396",
        "digg_count": 2210,
        "digg_incr": 139,
        "aweme_create_time": 1595214430,
        "category": 2,
        "volume": 2,
        "amount": 96
      },
      "author": {
        "author_id": "2436130990200408",
        "nickname": "大牛马总的迷妹",
        "follower_count": 285688
      }
    },
    {
      "aweme": {
        "aweme_id": "6851347211389816072",
        "aweme_title": "被认可倍感幸福…感恩有你们…#717奇妙好物在这里 #秒团行动ing #穿搭 #最美穿搭",
        "aweme_url": "https://www.iesdouyin.com/share/video/6851347211389816072/?region=CN&mid=6734666530971732743&u_code=gmaek20dh2c&titleType=title",
        "download_url": "https://www.chanmama.com/awemeDetail/6851347211389816072",
        "digg_count": 2357,
        "digg_incr": 49,
        "aweme_create_time": 1595203589,
        "category": 2,
        "volume": 114,
        "amount": 9006
      },
      "author": {
        "author_id": "105158581793",
        "nickname": "小鱼鱼服装搭配",
        "follower_count": 746153
      }
    },
    {
      "aweme": {
        "aweme_id": "6851334758052482312",
        "aweme_title": "夏季套装，每天不重样#男装穿搭 #七天无理由退换",
        "aweme_url": "https://www.iesdouyin.com/share/video/6851334758052482312/?region=CN&mid=6851334824632814344&u_code=0&titleType=title",
        "download_url": "https://www.chanmama.com/awemeDetail/6851334758052482312",
        "digg_count": 1436,
        "digg_incr": "-",
        "aweme_create_time": 1595200715,
        "category": 2,
        "volume": 335,
        "amount": 33165
      },
      "author": {
        "author_id": "2291012634163304",
        "nickname": "瑞安鲁文鞋服",
        "follower_count": 143080
      }
    },
    {
      "aweme": {
        "aweme_id": "6851483948078419215",
        "aweme_title": "帅的不要不要的，这款今晚必没老顾客抓紧",
        "aweme_url": "https://www.iesdouyin.com/share/video/6851483948078419215/?region=CN&mid=6838260051552357133&u_code=0&titleType=title",
        "download_url": "https://www.chanmama.com/awemeDetail/6851483948078419215",
        "digg_count": 1431,
        "digg_incr": "-",
        "aweme_create_time": 1595235422,
        "category": 2,
        "volume": 90,
        "amount": 8910
      },
      "author": {
        "author_id": "96384415935",
        "nickname": "沈阳语乐服饰店",
        "follower_count": 265556
      }
    },
    {
      "aweme": {
        "aweme_id": "6851456375864741131",
        "aweme_title": "艾特这个夏天一起炸街的人，穿上它舒适透气又清凉！#夏季穿搭 #感谢抖音小助手 #热门 #好物推荐",
        "aweme_url": "https://www.iesdouyin.com/share/video/6851456375864741131/?region=CN&mid=6851456413923887885&u_code=379jm8h3l53m&titleType=title",
        "download_url": "https://www.chanmama.com/awemeDetail/6851456375864741131",
        "digg_count": 2168,
        "digg_incr": 0,
        "aweme_create_time": 1595229011,
        "category": 2,
        "volume": 0,
        "amount": 0
      },
      "author": {
        "author_id": "659358410870164",
        "nickname": "唯衣品汇女装店",
        "follower_count": 4647
      }
    },
    {
      "aweme": {
        "aweme_id": "6851562607229324551",
        "aweme_title": "河南南阳人 在广州穿女装做直播 感恩媳妇  因为自己的压力这样 她真的承受了太多的压力",
        "aweme_url": "https://www.iesdouyin.com/share/video/6851562607229324551/?region=CN&mid=6824441291406101262&u_code=392lcgmlb7i7&titleType=title",
        "download_url": "https://www.chanmama.com/awemeDetail/6851562607229324551",
        "digg_count": 1791,
        "digg_incr": "-",
        "aweme_create_time": 1595253735,
        "category": 2,
        "volume": 50,
        "amount": 1995
      },
      "author": {
        "author_id": "81556042931",
        "nickname": "大脸酥服装工厂（七月宠粉月）",
        "follower_count": 616156
      }
    },
    {
      "aweme": {
        "aweme_id": "6851490831426129156",
        "aweme_title": "好久没热门了，抖音哥哥你还记得我吗，一会直播间里见",
        "aweme_url": "https://www.iesdouyin.com/share/video/6851490831426129156/?region=CN&mid=6839616164679666440&u_code=i5hd90h2gbh&titleType=title",
        "download_url": "https://www.chanmama.com/awemeDetail/6851490831426129156",
        "digg_count": 1939,
        "digg_incr": 4,
        "aweme_create_time": 1595237032,
        "category": 2,
        "volume": 5,
        "amount": 295
      },
      "author": {
        "author_id": "86894748344",
        "nickname": "丽姐衣舍",
        "follower_count": 26811
      }
    },
    {
      "aweme": {
        "aweme_id": "6851332490729196813",
        "aweme_title": "微胖！肚子有肉肉！胯宽！腿粗！买什么裤子穿？让我们一起进直播间康康..#微胖穿搭 #矮个子搭配",
        "aweme_url": "https://www.iesdouyin.com/share/video/6851332490729196813/?region=CN&mid=6835554252220320519&u_code=1fj9f270dcd&titleType=title",
        "download_url": "https://www.chanmama.com/awemeDetail/6851332490729196813",
        "digg_count": 1555,
        "digg_incr": "-",
        "aweme_create_time": 1595200164,
        "category": 2,
        "volume": 12,
        "amount": 1188
      },
      "author": {
        "author_id": "106782618463",
        "nickname": "欧加恋恋服饰",
        "follower_count": 182193
      }
    },
    {
      "aweme": {
        "aweme_id": "6851476626438475016",
        "aweme_title": "女生都顶不住的渣男套装，整套帮你搭配好了！ #渣男  #夏季穿搭",
        "aweme_url": "https://www.iesdouyin.com/share/video/6851476626438475016/?region=CN&mid=6851476737617496845&u_code=0&titleType=title",
        "download_url": "https://www.chanmama.com/awemeDetail/6851476626438475016",
        "digg_count": 1351,
        "digg_incr": 5,
        "aweme_create_time": 1595233742,
        "category": 2,
        "volume": 14,
        "amount": 1042
      },
      "author": {
        "author_id": "98478231465",
        "nickname": "华仔潮搭",
        "follower_count": 532200
      }
    },
    {
      "aweme": {
        "aweme_id": "6851387729087876365",
        "aweme_title": "你喜欢第几套呢？#穿搭 #酷玩潮男 #潮男",
        "aweme_url": "https://www.iesdouyin.com/share/video/6851387729087876365/?region=CN&mid=6851387735366798094&u_code=379jm8h3l53m&titleType=title",
        "download_url": "https://www.chanmama.com/awemeDetail/6851387729087876365",
        "digg_count": 3608,
        "digg_incr": 157,
        "aweme_create_time": 1595213019,
        "category": 2,
        "volume": 55,
        "amount": 4853.8
      },
      "author": {
        "author_id": "98009510033",
        "nickname": "潮男前线",
        "follower_count": 916911
      }
    },
    {
      "aweme": {
        "aweme_id": "6851500529063972109",
        "aweme_title": "好像被人抱抱，不带任何想法，只是心疼，摸着我的头说其实你不必那么坚强💪💪，，，#趣星传媒",
        "aweme_url": "https://www.iesdouyin.com/share/video/6851500529063972109/?region=CN&mid=6827766923263314702&u_code=0&titleType=title",
        "download_url": "https://www.chanmama.com/awemeDetail/6851500529063972109",
        "digg_count": 1731,
        "digg_incr": 93,
        "aweme_create_time": 1595239282,
        "category": 2,
        "volume": 0,
        "amount": 0
      },
      "author": {
        "author_id": "71143341012",
        "nickname": "梅花",
        "follower_count": 265785
      }
    },
    {
      "aweme": {
        "aweme_id": "6851536433040198927",
        "aweme_title": "每个男士都应该有一件属于自己机车夹克！",
        "aweme_url": "https://www.iesdouyin.com/share/video/6851536433040198927/?region=CN&mid=6838260051552357133&u_code=0&titleType=title",
        "download_url": "https://www.chanmama.com/awemeDetail/6851536433040198927",
        "digg_count": 1331,
        "digg_incr": 3,
        "aweme_create_time": 1595247641,
        "category": 2,
        "volume": 45,
        "amount": 4455
      },
      "author": {
        "author_id": "96384415935",
        "nickname": "沈阳语乐服饰店",
        "follower_count": 265556
      }
    },
    {
      "aweme": {
        "aweme_id": "6851360423283870980",
        "aweme_title": "2020年我熬过了三月还是输给7月，公司亏损严重，库存达到700多万，我真的好累，吓到的请划走，不嫌弃的给个鼓",
        "aweme_url": "https://www.iesdouyin.com/share/video/6851360423283870980/?region=CN&mid=6798423581853256461&u_code=0&titleType=title",
        "download_url": "https://www.chanmama.com/awemeDetail/6851360423283870980",
        "digg_count": 1521,
        "digg_incr": 51,
        "aweme_create_time": 1595206674,
        "category": 2,
        "volume": 0,
        "amount": 0
      },
      "author": {
        "author_id": "66531942710",
        "nickname": "杨大大（服饰商贸）",
        "follower_count": 445370
      }
    },
    {
      "aweme": {
        "aweme_id": "6851450830789348623",
        "aweme_title": "#粉红色的回忆 怀旧也能搭配出经典，姐妹间的友情也是如此，永恒并且不会褪色！#7月30的福利日",
        "aweme_url": "https://www.iesdouyin.com/share/video/6851450830789348623/?region=CN&mid=6851450859806116621&u_code=294bg9c3e87k&titleType=title",
        "download_url": "https://www.chanmama.com/awemeDetail/6851450830789348623",
        "digg_count": 2890,
        "digg_incr": 0,
        "aweme_create_time": 1595227712,
        "category": 2,
        "volume": 0,
        "amount": 0
      },
      "author": {
        "author_id": "58683047113",
        "nickname": "KD正品折扣店（7.30福利直播）",
        "follower_count": 9297
      }
    },
    {
      "aweme": {
        "aweme_id": "6851336986410716431",
        "aweme_title": "现在这社会男女都很难#@DOU+小助手 @抖音小助手 @我要上热门！",
        "aweme_url": "https://www.iesdouyin.com/share/video/6851336986410716431/?region=CN&mid=6850824374163229454&u_code=27l4hkd95f9c&titleType=title",
        "download_url": "https://www.chanmama.com/awemeDetail/6851336986410716431",
        "digg_count": 1194,
        "digg_incr": 4,
        "aweme_create_time": 1595201209,
        "category": 2,
        "volume": 0,
        "amount": 0
      },
      "author": {
        "author_id": "104026677493",
        "nickname": "这都不是事",
        "follower_count": 31927
      }
    },
    {
      "aweme": {
        "aweme_id": "6851505533682224391",
        "aweme_title": "你凭什么觉得只要你一回头我就在",
        "aweme_url": "https://www.iesdouyin.com/share/video/6851505533682224391/?region=CN&mid=6842992622601456392&u_code=0&titleType=title",
        "download_url": "https://www.chanmama.com/awemeDetail/6851505533682224391",
        "digg_count": 1635,
        "digg_incr": 59,
        "aweme_create_time": 1595240447,
        "category": 2,
        "volume": 0,
        "amount": 0
      },
      "author": {
        "author_id": "60957171356",
        "nickname": "早乙女惠子",
        "follower_count": 197959
      }
    },
    {
      "aweme": {
        "aweme_id": "6851450066863983872",
        "aweme_title": "不管做什么都不要急于回报，播种和收获在不同的季节，中间隔着一个成长期，我们称它为“坚持 努力”#加油",
        "aweme_url": "https://www.iesdouyin.com/share/video/6851450066863983872/?region=CN&mid=6840406788627172104&u_code=2g9cfffeefe2&titleType=title",
        "download_url": "https://www.chanmama.com/awemeDetail/6851450066863983872",
        "digg_count": 1882,
        "digg_incr": 92,
        "aweme_create_time": 1595227534,
        "category": 2,
        "volume": 47,
        "amount": 4653
      },
      "author": {
        "author_id": "109217990233",
        "nickname": "衣心衣意时尚女装",
        "follower_count": 12552
      }
    },
    {
      "aweme": {
        "aweme_id": "6851519602359356687",
        "aweme_title": "#工装裤 #穿搭 你们要的工装裤合集来了哦 兄弟萌",
        "aweme_url": "https://www.iesdouyin.com/share/video/6851519602359356687/?region=CN&mid=6851519617240681223&u_code=0&titleType=title",
        "download_url": "https://www.chanmama.com/awemeDetail/6851519602359356687",
        "digg_count": 1538,
        "digg_incr": 36,
        "aweme_create_time": 1595243722,
        "category": 2,
        "volume": 3,
        "amount": 504
      },
      "author": {
        "author_id": "73305001315",
        "nickname": "小栋",
        "follower_count": 304621
      }
    },
    {
      "aweme": {
        "aweme_id": "6851503304585923853",
        "aweme_title": "不是你长得黑，而是你穿错了颜色！#穿搭 #每日穿搭分享",
        "aweme_url": "https://www.iesdouyin.com/share/video/6851503304585923853/?region=CN&mid=6851503316846512909&u_code=379jm8h3l53m&titleType=title",
        "download_url": "https://www.chanmama.com/awemeDetail/6851503304585923853",
        "digg_count": 1447,
        "digg_incr": 32,
        "aweme_create_time": 1595239929,
        "category": 2,
        "volume": 1,
        "amount": 58
      },
      "author": {
        "author_id": "4283344495058094",
        "nickname": "型男工作室",
        "follower_count": 128376
      }
    },
    {
      "aweme": {
        "aweme_id": "6851455650904427784",
        "aweme_title": "人生都从简单的开始,到后来变得复杂.然后经历过风雨明白真正的简单,最后用心享受简单生活。#生活很美好记得微笑",
        "aweme_url": "https://www.iesdouyin.com/share/video/6851455650904427784/?region=CN&mid=6823745381680023565&u_code=3g7mb6ma0ia3&titleType=title",
        "download_url": "https://www.chanmama.com/awemeDetail/6851455650904427784",
        "digg_count": 1090,
        "digg_incr": "-",
        "aweme_create_time": 1595228833,
        "category": 2,
        "volume": 0,
        "amount": 0
      },
      "author": {
        "author_id": "85808166883",
        "nickname": "笑对人生-阿聪",
        "follower_count": 430873
      }
    },
    {
      "aweme": {
        "aweme_id": "6851416938246180110",
        "aweme_title": "男生一定要知道、什么腿型穿什么裤子，建议收藏！#每日穿搭分享 #男生穿搭",
        "aweme_url": "https://www.iesdouyin.com/share/video/6851416938246180110/?region=CN&mid=6851416944990522120&u_code=43m3emh773ff&titleType=title",
        "download_url": "https://www.chanmama.com/awemeDetail/6851416938246180110",
        "digg_count": 1301,
        "digg_incr": 30,
        "aweme_create_time": 1595219820,
        "category": 2,
        "volume": 9,
        "amount": 433.4
      },
      "author": {
        "author_id": "4283344495058094",
        "nickname": "型男工作室",
        "follower_count": 128376
      }
    },
    {
      "aweme": {
        "aweme_id": "6851514218932374787",
        "aweme_title": "来吧，展示.这款男款套装我穿的好看吗？#上热门 @DOU+小助手 @抖音小助手",
        "aweme_url": "https://www.iesdouyin.com/share/video/6851514218932374787/?region=CN&mid=6831454345951808264&u_code=1e86e3gfc222&titleType=title",
        "download_url": "https://www.chanmama.com/awemeDetail/6851514218932374787",
        "digg_count": 1296,
        "digg_incr": "-",
        "aweme_create_time": 1595242475,
        "category": 2,
        "volume": 11,
        "amount": 548.9
      },
      "author": {
        "author_id": "1692901699231916",
        "nickname": "常熟伶俐家服饰",
        "follower_count": 228173
      }
    },
    {
      "aweme": {
        "aweme_id": "6851283608158719232",
        "aweme_title": "瞧一瞧看一看啦，地摊儿我又摆出来了…嘤酱被迫来充当麻豆，大家穿上肯定比他帅…",
        "aweme_url": "https://www.iesdouyin.com/share/video/6851283608158719232/?region=CN&mid=6798711130689784579&u_code=3iaih4ej6idh&titleType=title",
        "download_url": "https://www.chanmama.com/awemeDetail/6851283608158719232",
        "digg_count": 1142,
        "digg_incr": 5,
        "aweme_create_time": 1595188838,
        "category": 2,
        "volume": 12,
        "amount": 1188
      },
      "author": {
        "author_id": "58758144377",
        "nickname": "🌟超级大喵酱和嘤酱",
        "follower_count": 307111
      }
    },
    {
      "aweme": {
        "aweme_id": "6851371918986169614",
        "aweme_title": "一款休闲运动套装。我穿好看吗？#上热门 #抖音小助手 @DOU+小助手",
        "aweme_url": "https://www.iesdouyin.com/share/video/6851371918986169614/?region=CN&mid=6842236113470475015&u_code=1ei15mmlk3fa&titleType=title",
        "download_url": "https://www.chanmama.com/awemeDetail/6851371918986169614",
        "digg_count": 1057,
        "digg_incr": "-",
        "aweme_create_time": 1595209339,
        "category": 2,
        "volume": 4,
        "amount": 196
      },
      "author": {
        "author_id": "106347681681",
        "nickname": "张天恩服饰",
        "follower_count": 89278
      }
    },
    {
      "aweme": {
        "aweme_id": "6851519606935325960",
        "aweme_title": "大部分东西还是有用的，但那两样就……@抖音小助手 #快递拆箱",
        "aweme_url": "https://www.iesdouyin.com/share/video/6851519606935325960/?region=CN&mid=6851519698211818254&u_code=0&titleType=title",
        "download_url": "https://www.chanmama.com/awemeDetail/6851519606935325960",
        "digg_count": 1508,
        "digg_incr": 51,
        "aweme_create_time": 1595243723,
        "category": 2,
        "volume": 0,
        "amount": 0
      },
      "author": {
        "author_id": "108027291796",
        "nickname": "老表与老弟",
        "follower_count": 256582
      }
    },
    {
      "aweme": {
        "aweme_id": "6851487724776557839",
        "aweme_title": "回沈阳比较开心，   连体还有个100多套没拍到的抓紧😁",
        "aweme_url": "https://www.iesdouyin.com/share/video/6851487724776557839/?region=CN&mid=6851487742627744520&u_code=0&titleType=title",
        "download_url": "https://www.chanmama.com/awemeDetail/6851487724776557839",
        "digg_count": 1212,
        "digg_incr": 57,
        "aweme_create_time": 1595236301,
        "category": 2,
        "volume": 22,
        "amount": 3058
      },
      "author": {
        "author_id": "96384415935",
        "nickname": "沈阳语乐服饰店",
        "follower_count": 265556
      }
    },
    {
      "aweme": {
        "aweme_id": "6851244338773495040",
        "aweme_title": "不要说我穿的衣服土，因为我不会修图，穿上的效果就是买家秀##电商小助手",
        "aweme_url": "https://www.iesdouyin.com/share/video/6851244338773495040/?region=CN&mid=6851244229281319688&u_code=0&titleType=title",
        "download_url": "https://www.chanmama.com/awemeDetail/6851244338773495040",
        "digg_count": 1147,
        "digg_incr": 13,
        "aweme_create_time": 1595179650,
        "category": 2,
        "volume": 8,
        "amount": 399.2
      },
      "author": {
        "author_id": "93100454908",
        "nickname": "南南服装",
        "follower_count": 109105
      }
    },
    {
      "aweme": {
        "aweme_id": "6851445065148157192",
        "aweme_title": "拍视频有什么诀窍？慢就完事了🌚#慢动作 #原相机",
        "aweme_url": "https://www.iesdouyin.com/share/video/6851445065148157192/?region=CN&mid=6851445069157763847&u_code=0&titleType=title",
        "download_url": "https://www.chanmama.com/awemeDetail/6851445065148157192",
        "digg_count": 1190,
        "digg_incr": 8,
        "aweme_create_time": 1595226369,
        "category": 2,
        "volume": 1,
        "amount": 148
      },
      "author": {
        "author_id": "4190974431470125",
        "nickname": "小秀秀睡衣穿搭",
        "follower_count": 19549
      }
    },
    {
      "aweme": {
        "aweme_id": "6851453898612313351",
        "aweme_title": "今天咱们奢侈一把！嘎嘎香！#健身 #减脂 #减脂餐 #撸铁 #金枪鱼 #西兰花 #热门",
        "aweme_url": "https://www.iesdouyin.com/share/video/6851453898612313351/?region=CN&mid=6851453903381646094&u_code=39cg4d6b9039&titleType=title",
        "download_url": "https://www.chanmama.com/awemeDetail/6851453898612313351",
        "digg_count": 1210,
        "digg_incr": 10,
        "aweme_create_time": 1595228425,
        "category": 2,
        "volume": 2,
        "amount": 198
      },
      "author": {
        "author_id": "69358475685",
        "nickname": "尼基塔🥦",
        "follower_count": 124271
      }
    },
    {
      "aweme": {
        "aweme_id": "6851418069915421959",
        "aweme_title": "其实，很多事情都已经料到了结局。往后所有的折腾，都只是为了拖延散场的时间！#穿搭 @抖音小助手",
        "aweme_url": "https://www.iesdouyin.com/share/video/6851418069915421959/?region=CN&mid=6842483465376500493&u_code=1am3aa602ah1&titleType=title",
        "download_url": "https://www.chanmama.com/awemeDetail/6851418069915421959",
        "digg_count": 1308,
        "digg_incr": "-",
        "aweme_create_time": 1595220083,
        "category": 2,
        "volume": 8,
        "amount": 792
      },
      "author": {
        "author_id": "1820419031310535",
        "nickname": "凡凡的！",
        "follower_count": 5620
      }
    },
    {
      "aweme": {
        "aweme_id": "6851305881892588814",
        "aweme_title": "#格子衬衫 今年流行格子衬衫，减龄又时尚#妈妈装 #穿搭 @DOU+小助手",
        "aweme_url": "https://www.iesdouyin.com/share/video/6851305881892588814/?region=CN&mid=6851305733351377672&u_code=1am3aa602ah1&titleType=title",
        "download_url": "https://www.chanmama.com/awemeDetail/6851305881892588814",
        "digg_count": 1074,
        "digg_incr": "-",
        "aweme_create_time": 1595193990,
        "category": 2,
        "volume": 8,
        "amount": 319.2
      },
      "author": {
        "author_id": "2598897393346429",
        "nickname": "常熟市李珍女装服饰商行",
        "follower_count": 198717
      }
    },
    {
      "aweme": {
        "aweme_id": "6851484672120212749",
        "aweme_title": "又翻出来一件可以搭配马甲的衬衣！太有垂感了！#穿搭 #每日穿搭",
        "aweme_url": "https://www.iesdouyin.com/share/video/6851484672120212749/?region=CN&mid=6851484676696197902&u_code=gcg00ice348&titleType=title",
        "download_url": "https://www.chanmama.com/awemeDetail/6851484672120212749",
        "digg_count": 2346,
        "digg_incr": 111,
        "aweme_create_time": 1595235591,
        "category": 2,
        "volume": 0,
        "amount": 0
      },
      "author": {
        "author_id": "86574604000",
        "nickname": "小熊的新衣",
        "follower_count": 33231
      }
    },
    {
      "aweme": {
        "aweme_id": "6851400907406494983",
        "aweme_title": "只为大家开心，忘掉不愉快，把我家公牛笑翻了，#两头牛 #我要上热门 #音乐 @抖音小助手",
        "aweme_url": "https://www.iesdouyin.com/share/video/6851400907406494983/?region=CN&mid=6850368977772776199&u_code=0&titleType=title",
        "download_url": "https://www.chanmama.com/awemeDetail/6851400907406494983",
        "digg_count": 1085,
        "digg_incr": 27,
        "aweme_create_time": 1595216087,
        "category": 2,
        "volume": 0,
        "amount": 0
      },
      "author": {
        "author_id": "103057602195",
        "nickname": "青岛学军欧韩时尚大码女装",
        "follower_count": 216474
      }
    },
    {
      "aweme": {
        "aweme_id": "6851355093883768071",
        "aweme_title": "不是吧，阿sir小蜜蜂又快断码了，集美们你们还在等待什么呢正在直播中#穿搭",
        "aweme_url": "https://www.iesdouyin.com/share/video/6851355093883768071/?region=CN&mid=6851355166290070279&u_code=27l4hkd95f9c&titleType=title",
        "download_url": "https://www.chanmama.com/awemeDetail/6851355093883768071",
        "digg_count": 1560,
        "digg_incr": "-",
        "aweme_create_time": 1595205448,
        "category": 2,
        "volume": 29,
        "amount": 2581
      },
      "author": {
        "author_id": "100721650017",
        "nickname": "星柚女装",
        "follower_count": 407362
      }
    },
    {
      "aweme": {
        "aweme_id": "6851498485225704707",
        "aweme_title": "天气那么热，还穿什么短裤，短袖呀？#穿搭技巧 #男装搭配 #西装",
        "aweme_url": "https://www.iesdouyin.com/share/video/6851498485225704707/?region=CN&mid=6851498528879971080&u_code=d3cj78d2g00&titleType=title",
        "download_url": "https://www.chanmama.com/awemeDetail/6851498485225704707",
        "digg_count": 1341,
        "digg_incr": 51,
        "aweme_create_time": 1595238813,
        "category": 2,
        "volume": 4,
        "amount": 992
      },
      "author": {
        "author_id": "2669222945633316",
        "nickname": "一轩轩轩",
        "follower_count": 671993
      }
    },
    {
      "aweme": {
        "aweme_id": "6851546623214947584",
        "aweme_title": "新款衬衫，面料舒服透气，搭配裤子好看洋气，喜欢",
        "aweme_url": "https://www.iesdouyin.com/share/video/6851546623214947584/?region=CN&mid=6812924891973782280&u_code=2k5ab5a5913d&titleType=title",
        "download_url": "https://www.chanmama.com/awemeDetail/6851546623214947584",
        "digg_count": 1854,
        "digg_incr": "-",
        "aweme_create_time": 1595250013,
        "category": 2,
        "volume": 0,
        "amount": 0
      },
      "author": {
        "author_id": "1662066375530312",
        "nickname": "吴小声女装",
        "follower_count": 536730
      }
    },
    {
      "aweme": {
        "aweme_id": "6851318483532238080",
        "aweme_title": "来吧！展示！柜子里你怎能少一条这样的裤呢？超薄、速干、透气，不挑身材#显瘦穿搭 #长裤@DOU+小助手",
        "aweme_url": "https://www.iesdouyin.com/share/video/6851318483532238080/?region=CN&mid=6851318373578459912&u_code=0&titleType=title",
        "download_url": "https://www.chanmama.com/awemeDetail/6851318483532238080",
        "digg_count": 3186,
        "digg_incr": 164,
        "aweme_create_time": 1595196909,
        "category": 2,
        "volume": 42,
        "amount": 1470
      },
      "author": {
        "author_id": "69471134307",
        "nickname": "梵珂时尚女装",
        "follower_count": 165826
      }
    },
    {
      "aweme": {
        "aweme_id": "6851408969794161933",
        "aweme_title": "条纹T恤➕工装裤，一套搭配洋气还便宜，减龄又时髦",
        "aweme_url": "https://www.iesdouyin.com/share/video/6851408969794161933/?region=CN&mid=6832097685307247374&u_code=1210kik8eh5f&titleType=title",
        "download_url": "https://www.chanmama.com/awemeDetail/6851408969794161933",
        "digg_count": 1078,
        "digg_incr": "-",
        "aweme_create_time": 1595217965,
        "category": 2,
        "volume": 83,
        "amount": 4141.7
      },
      "author": {
        "author_id": "3298163996504663",
        "nickname": "常熟市阑桂坊服装商行",
        "follower_count": 216548
      }
    },
    {
      "aweme": {
        "aweme_id": "6851399736021257484",
        "aweme_title": "叫我杭州詹姆斯的人你给我出来！！🤣#重启新赛季 #是时候上场了 #詹姆斯 #湖人 @路人王篮球",
        "aweme_url": "https://www.iesdouyin.com/share/video/6851399736021257484/?region=CN&mid=6851399771551189768&u_code=3g7mc03jhkfb&titleType=title",
        "download_url": "https://www.chanmama.com/awemeDetail/6851399736021257484",
        "digg_count": 3682,
        "digg_incr": 6,
        "aweme_create_time": 1595215822,
        "category": 2,
        "volume": 1,
        "amount": 59
      },
      "author": {
        "author_id": "1631328267417896",
        "nickname": "詹妹兔七七🏀",
        "follower_count": 65093
      }
    },
    {
      "aweme": {
        "aweme_id": "6851509435546848527",
        "aweme_title": "男生穿粉色也可以很blackpink。你觉得男生穿粉色娘吗？#男生搭配 #blackpink回归",
        "aweme_url": "https://www.iesdouyin.com/share/video/6851509435546848527/?region=CN&mid=6851509447475415816&u_code=0&titleType=title",
        "download_url": "https://www.chanmama.com/awemeDetail/6851509435546848527",
        "digg_count": 2837,
        "digg_incr": 189,
        "aweme_create_time": 1595241356,
        "category": 2,
        "volume": 9,
        "amount": 595
      },
      "author": {
        "author_id": "111522277399",
        "nickname": "物空",
        "follower_count": 472152
      }
    },
    {
      "aweme": {
        "aweme_id": "6851439014797528320",
        "aweme_title": "水貂绒外套秒杀喽！随视频进直播间哦！#反季特卖 #便宜好物 #外套外套 #上热门 @抖音小助手",
        "aweme_url": "https://www.iesdouyin.com/share/video/6851439014797528320/?region=CN&mid=6851439014756190983&u_code=i5hd8ml6f59&titleType=title",
        "download_url": "https://www.chanmama.com/awemeDetail/6851439014797528320",
        "digg_count": 2066,
        "digg_incr": 307,
        "aweme_create_time": 1595224961,
        "category": 2,
        "volume": 15,
        "amount": 885
      },
      "author": {
        "author_id": "93477771909",
        "nickname": "常熟沈凤服装商行",
        "follower_count": 45975
      }
    },
    {
      "aweme": {
        "aweme_id": "6851560781037833484",
        "aweme_title": "只要衣服搭配好，对象一个比一个小。",
        "aweme_url": "https://www.iesdouyin.com/share/video/6851560781037833484/?region=CN&mid=6851560809223572237&u_code=0&titleType=title",
        "download_url": "https://www.chanmama.com/awemeDetail/6851560781037833484",
        "digg_count": 1976,
        "digg_incr": 96,
        "aweme_create_time": 1595253314,
        "category": 2,
        "volume": 5,
        "amount": 282
      },
      "author": {
        "author_id": "80001432787",
        "nickname": "迷人乏味 男生搭配",
        "follower_count": 435461
      }
    },
    {
      "aweme": {
        "aweme_id": "6851495091098438927",
        "aweme_title": "四季可以穿，也可以代替安全裤！210斤都可以穿的收 腹裤！亲身实践6年，不掉 不勒 不紧绷！#穿搭",
        "aweme_url": "https://www.iesdouyin.com/share/video/6851495091098438927/?region=CN&mid=6751320434718818318&u_code=27l4hkd95f9c&titleType=title",
        "download_url": "https://www.chanmama.com/awemeDetail/6851495091098438927",
        "digg_count": 1370,
        "digg_incr": "-",
        "aweme_create_time": 1595238016,
        "category": 2,
        "volume": 81,
        "amount": 3159
      },
      "author": {
        "author_id": "97422942372",
        "nickname": "大码胖媛媛服饰",
        "follower_count": 874058
      }
    },
    {
      "aweme": {
        "aweme_id": "6851397021446851847",
        "aweme_title": "#火影忍者 全力七代目火影！博人从未见过的样子！ @抖音小助手",
        "aweme_url": "https://www.iesdouyin.com/share/video/6851397021446851847/?region=CN&mid=6851397186943126285&u_code=0&titleType=title",
        "download_url": "https://www.chanmama.com/awemeDetail/6851397021446851847",
        "digg_count": 1033,
        "digg_incr": 18,
        "aweme_create_time": 1595215203,
        "category": 2,
        "volume": 0,
        "amount": 0
      },
      "author": {
        "author_id": "95687102804",
        "nickname": "小柒原创服装工作室",
        "follower_count": 484959
      }
    },
    {
      "aweme": {
        "aweme_id": "6851485784168500492",
        "aweme_title": "女人啊就要多赚钱多旅游，把自己打扮漂亮，天天纠结一个男人爱不爱你，没多大出息，不知道刷到的姐妹怎么认为…#穿搭",
        "aweme_url": "https://www.iesdouyin.com/share/video/6851485784168500492/?region=CN&mid=6837240536101866247&u_code=0&titleType=title",
        "download_url": "https://www.chanmama.com/awemeDetail/6851485784168500492",
        "digg_count": 1595,
        "digg_incr": 188,
        "aweme_create_time": 1595235857,
        "category": 2,
        "volume": 0,
        "amount": 0
      },
      "author": {
        "author_id": "338276441667607",
        "nickname": "韩衣舍女装服饰官方",
        "follower_count": 454661
      }
    },
    {
      "aweme": {
        "aweme_id": "6851240364699847949",
        "aweme_title": "谁说夏天穿长裤会热，这条你试试，面料透气舒适 ，显瘦显高哦#穿搭  #显瘦穿搭",
        "aweme_url": "https://www.iesdouyin.com/share/video/6851240364699847949/?region=CN&mid=6851240890699533070&u_code=2g9cfffeefe2&titleType=title",
        "download_url": "https://www.chanmama.com/awemeDetail/6851240364699847949",
        "digg_count": 1209,
        "digg_incr": "-",
        "aweme_create_time": 1595193780,
        "category": 2,
        "volume": 294,
        "amount": 14406
      },
      "author": {
        "author_id": "99144022204",
        "nickname": "鑫衣尚女装店",
        "follower_count": 686389
      }
    },
    {
      "aweme": {
        "aweme_id": "6851421173863959822",
        "aweme_title": "#派大星 #配音 你喜欢派大星嘛？",
        "aweme_url": "https://www.iesdouyin.com/share/video/6851421173863959822/?region=CN&mid=6851421174874835726&u_code=1am3aa602ah1&titleType=title",
        "download_url": "https://www.chanmama.com/awemeDetail/6851421173863959822",
        "digg_count": 1223,
        "digg_incr": 58,
        "aweme_create_time": 1595220806,
        "category": 2,
        "volume": 0,
        "amount": 0
      },
      "author": {
        "author_id": "3702767095650212",
        "nickname": "泰B~",
        "follower_count": 159391
      }
    },
    {
      "aweme": {
        "aweme_id": "6851435505461021966",
        "aweme_title": "长的瘦,穿衣服好看算啥 长得胖 穿衣服好看才行  暗藏玄机的三分裤#大码女装120斤到220斤",
        "aweme_url": "https://www.iesdouyin.com/share/video/6851435505461021966/?region=CN&mid=6750937915989196814&u_code=1kgi6h6afg08&titleType=title",
        "download_url": "https://www.chanmama.com/awemeDetail/6851435505461021966",
        "digg_count": 3541,
        "digg_incr": "-",
        "aweme_create_time": 1595224143,
        "category": 2,
        "volume": 33,
        "amount": 986.6999999999999
      },
      "author": {
        "author_id": "3320180095844844",
        "nickname": "沐予穆大码女装穿搭",
        "follower_count": 3568
      }
    },
    {
      "aweme": {
        "aweme_id": "6851458128920333572",
        "aweme_title": "一批市场款式多上新快，相对来说出货会慢点。发货时间我们都会在产品页面标注的，下单的宝宝们一定要注意下！",
        "aweme_url": "https://www.iesdouyin.com/share/video/6851458128920333572/?region=CN&mid=6851458187335371528&u_code=0&titleType=title",
        "download_url": "https://www.chanmama.com/awemeDetail/6851458128920333572",
        "digg_count": 1043,
        "digg_incr": 24,
        "aweme_create_time": 1595229420,
        "category": 2,
        "volume": 0,
        "amount": 0
      },
      "author": {
        "author_id": "110954432888",
        "nickname": "严肃图志服饰官方账号",
        "follower_count": 188111
      }
    },
    {
      "aweme": {
        "aweme_id": "6851547944882097415",
        "aweme_title": "今天穿什么呢？不如看看这一套呢~ #时尚女装  @DOU+小助手",
        "aweme_url": "https://www.iesdouyin.com/share/video/6851547944882097415/?region=CN&mid=6851548022657075975&u_code=392lcgmlb7i7&titleType=title",
        "download_url": "https://www.chanmama.com/awemeDetail/6851547944882097415",
        "digg_count": 1108,
        "digg_incr": "-",
        "aweme_create_time": 1595250337,
        "category": 2,
        "volume": 0,
        "amount": 0
      },
      "author": {
        "author_id": "1398173310913198",
        "nickname": "楚怡时尚女装",
        "follower_count": 130328
      }
    },
    {
      "aweme": {
        "aweme_id": "6851329056986746119",
        "aweme_title": "这款卫衣原来还能这样搭配，你更喜欢配哪个色？#服装搭配 #连帽卫衣 #套装穿搭 @DOU+小助手",
        "aweme_url": "https://www.iesdouyin.com/share/video/6851329056986746119/?region=CN&mid=6810571395844770572&u_code=4gg403k8ikig&titleType=title",
        "download_url": "https://www.chanmama.com/awemeDetail/6851329056986746119",
        "digg_count": 1693,
        "digg_incr": 153,
        "aweme_create_time": 1595199365,
        "category": 2,
        "volume": 53,
        "amount": 1855
      },
      "author": {
        "author_id": "66329712408",
        "nickname": "蒋毅服装商行",
        "follower_count": 30945
      }
    },
    {
      "aweme": {
        "aweme_id": "6851311054924893444",
        "aweme_title": "#上热门 #男装 #中国风 #棉麻 男士短袖套装（上衣+裤子）@DOU+小助手 @抖音小助手",
        "aweme_url": "https://www.iesdouyin.com/share/video/6851311054924893444/?region=CN&mid=6833679753455618056&u_code=1ei15mmlk3fa&titleType=title",
        "download_url": "https://www.chanmama.com/awemeDetail/6851311054924893444",
        "digg_count": 2383,
        "digg_incr": "-",
        "aweme_create_time": 1595195230,
        "category": 2,
        "volume": 8,
        "amount": 552
      },
      "author": {
        "author_id": "71108866172",
        "nickname": "常熟市琴川街道荟宸宫服装商行",
        "follower_count": 42958
      }
    },
    {
      "aweme": {
        "aweme_id": "6851441476480601355",
        "aweme_title": "连我你都不点赞 那你点什么 点外卖吗？#今天穿什么衣服 #男友风 #韩系穿搭",
        "aweme_url": "https://www.iesdouyin.com/share/video/6851441476480601355/?region=CN&mid=6827406719256054542&u_code=1am3aa602ah1&titleType=title",
        "download_url": "https://www.chanmama.com/awemeDetail/6851441476480601355",
        "digg_count": 1131,
        "digg_incr": 63,
        "aweme_create_time": 1595225542,
        "category": 2,
        "volume": 4,
        "amount": 300
      },
      "author": {
        "author_id": "68080069530",
        "nickname": "永进的日常",
        "follower_count": 29145
      }
    },
    {
      "aweme": {
        "aweme_id": "6851571288243277056",
        "aweme_title": "妹妹说这套好看 #每日分享穿搭",
        "aweme_url": "https://www.iesdouyin.com/share/video/6851571288243277056/?region=CN&mid=6851571281134242568&u_code=c70cehk5bi7&titleType=title",
        "download_url": "https://www.chanmama.com/awemeDetail/6851571288243277056",
        "digg_count": 1077,
        "digg_incr": "-",
        "aweme_create_time": 1595255757,
        "category": 2,
        "volume": 0,
        "amount": 0
      },
      "author": {
        "author_id": "59690141385",
        "nickname": "鑫良服装商行",
        "follower_count": 791278
      }
    },
    {
      "aweme": {
        "aweme_id": "6851502245247208719",
        "aweme_title": "89年32岁，浙江温州人，经营男装店，擅长男装搭配，不抽烟不喝酒，不嫌弃认识一下，旁边箭头第一排第四个可以找我",
        "aweme_url": "https://www.iesdouyin.com/share/video/6851502245247208719/?region=CN&mid=6583996049243769607&u_code=2k5ab5a5913d&titleType=title",
        "download_url": "https://www.chanmama.com/awemeDetail/6851502245247208719",
        "digg_count": 1708,
        "digg_incr": 2,
        "aweme_create_time": 1595239682,
        "category": 2,
        "volume": 0,
        "amount": 0
      },
      "author": {
        "author_id": "2378991298684196",
        "nickname": "天颜美服装店",
        "follower_count": 254673
      }
    }
  ]
}