{
  "data": [
    {
      "aweme": {
        "aweme_id": "6851499185968024845",
        "aweme_title": "没想到妖兄竟然是个…？？？ @顾朝",
        "aweme_url": "https://www.iesdouyin.com/share/video/6851499185968024845/?region=CN&mid=6832269569449527310&u_code=4918919hj2gi&titleType=title",
        "download_url": "https://www.chanmama.com/awemeDetail/6851499185968024845",
        "digg_count": 181001,
        "digg_incr": 9651,
        "aweme_create_time": 1595238969,
        "category": 3,
        "volume": 114,
        "amount": 5688.599999999999
      },
      "author": {
        "author_id": "103736528544",
        "nickname": "莱汀Rei",
        "follower_count": 722962
      }
    },
    {
      "aweme": {
        "aweme_id": "6851521185088294156",
        "aweme_title": "坚持听回顾记忆音乐，提高大脑灵活性，清理干净大脑每一个角落，提高记忆力#阿尔法脑波音乐",
        "aweme_url": "https://www.iesdouyin.com/share/video/6851521185088294156/?region=CN&mid=6851521218999667464&u_code=0&titleType=title",
        "download_url": "https://www.chanmama.com/awemeDetail/6851521185088294156",
        "digg_count": 135366,
        "digg_incr": 41,
        "aweme_create_time": 1595244096,
        "category": 3,
        "volume": 0,
        "amount": 0
      },
      "author": {
        "author_id": "4358107531058344",
        "nickname": "神奇的催眠",
        "follower_count": 751922
      }
    },
    {
      "aweme": {
        "aweme_id": "6851414334233382155",
        "aweme_title": "文成公主;我去的 #西藏也是故乡 #历史 #古风 #汉服 #原创国风计划 #原创",
        "aweme_url": "https://www.iesdouyin.com/share/video/6851414334233382155/?region=CN&mid=6851414494099409671&u_code=0&titleType=title",
        "download_url": "https://www.chanmama.com/awemeDetail/6851414334233382155",
        "digg_count": 81201,
        "digg_incr": 6976,
        "aweme_create_time": 1595242753,
        "category": 3,
        "volume": 0,
        "amount": 0
      },
      "author": {
        "author_id": "1363012756967699",
        "nickname": "美人渡ss",
        "follower_count": 304784
      }
    },
    {
      "aweme": {
        "aweme_id": "6851196955188612364",
        "aweme_title": "再臭美的妈妈都要被孩子们使唤#神仙妈妈",
        "aweme_url": "https://www.iesdouyin.com/share/video/6851196955188612364/?region=CN&mid=6851197030363499277&u_code=9h9fdl8jha1&titleType=title",
        "download_url": "https://www.chanmama.com/awemeDetail/6851196955188612364",
        "digg_count": 44686,
        "digg_incr": 1301,
        "aweme_create_time": 1595219400,
        "category": 3,
        "volume": 26,
        "amount": 4654
      },
      "author": {
        "author_id": "98261358758",
        "nickname": "林怡伦",
        "follower_count": 698030
      }
    },
    {
      "aweme": {
        "aweme_id": "6851499479753854223",
        "aweme_title": "你们要的会动的我来了 粉粉nunnun的肥请接收",
        "aweme_url": "https://www.iesdouyin.com/share/video/6851499479753854223/?region=CN&mid=6851499544174463752&u_code=0&titleType=title",
        "download_url": "https://www.chanmama.com/awemeDetail/6851499479753854223",
        "digg_count": 40608,
        "digg_incr": 578,
        "aweme_create_time": 1595245225,
        "category": 3,
        "volume": 61,
        "amount": 3599
      },
      "author": {
        "author_id": "60552729494",
        "nickname": "你的肥肥",
        "follower_count": 679174
      }
    },
    {
      "aweme": {
        "aweme_id": "6851382048251301128",
        "aweme_title": "是这个沐浴露不够香，还是你不想要漂亮的女朋友？#香水沐浴露",
        "aweme_url": "https://www.iesdouyin.com/share/video/6851382048251301128/?region=CN&mid=6851382345149238030&u_code=29e685i9la4c&titleType=title",
        "download_url": "https://www.chanmama.com/awemeDetail/6851382048251301128",
        "digg_count": 27568,
        "digg_incr": -21,
        "aweme_create_time": 1595211764,
        "category": 3,
        "volume": 197,
        "amount": 7860.299999999999
      },
      "author": {
        "author_id": "99599529554",
        "nickname": "兮兮star",
        "follower_count": 4692
      }
    },
    {
      "aweme": {
        "aweme_id": "6851485675238264072",
        "aweme_title": "#中韩夫妇改编#蔡徐坤情人舞蹈！你们老公的歌太好听了吧！！",
        "aweme_url": "https://www.iesdouyin.com/share/video/6851485675238264072/?region=CN&mid=6851485800425982734&u_code=0&titleType=title",
        "download_url": "https://www.chanmama.com/awemeDetail/6851485675238264072",
        "digg_count": 39045,
        "digg_incr": 2827,
        "aweme_create_time": 1595241826,
        "category": 3,
        "volume": 4,
        "amount": 316
      },
      "author": {
        "author_id": "95846874450",
        "nickname": "泫京欧尼",
        "follower_count": 582346
      }
    },
    {
      "aweme": {
        "aweme_id": "6851438613910015232",
        "aweme_title": "每天来不及化妆全靠这#遮暇小风蛋素颜霜 才让我30s搞定出门🥰",
        "aweme_url": "https://www.iesdouyin.com/share/video/6851438613910015232/?region=CN&mid=6851438618767084301&u_code=i5hd8ml6f59&titleType=title",
        "download_url": "https://www.chanmama.com/awemeDetail/6851438613910015232",
        "digg_count": 39127,
        "digg_incr": "-",
        "aweme_create_time": 1595224867,
        "category": 3,
        "volume": 389,
        "amount": 11281
      },
      "author": {
        "author_id": "56034330605",
        "nickname": "美容院甜妹💕（直播中…）",
        "follower_count": 88649
      }
    },
    {
      "aweme": {
        "aweme_id": "6851436874267970816",
        "aweme_title": "脖子僵硬，头昏脑胀快给你的颈椎放个假吧！#颈椎 #锻炼 #健康",
        "aweme_url": "https://www.iesdouyin.com/share/video/6851436874267970816/?region=CN&mid=6832132175781971981&u_code=0&titleType=title",
        "download_url": "https://www.chanmama.com/awemeDetail/6851436874267970816",
        "digg_count": 41916,
        "digg_incr": 89,
        "aweme_create_time": 1595224462,
        "category": 3,
        "volume": 0,
        "amount": 0
      },
      "author": {
        "author_id": "111450019371",
        "nickname": "七月阳光",
        "follower_count": 106540
      }
    },
    {
      "aweme": {
        "aweme_id": "6851373304675077384",
        "aweme_title": "高光时的#丁俊晖 到底有多牛？喷点香水慢慢看！#台球 #斯诺克",
        "aweme_url": "https://www.iesdouyin.com/share/video/6851373304675077384/?region=CN&mid=6851373306323733261&u_code=0&titleType=title",
        "download_url": "https://www.chanmama.com/awemeDetail/6851373304675077384",
        "digg_count": 44420,
        "digg_incr": 130,
        "aweme_create_time": 1595209661,
        "category": 3,
        "volume": 1,
        "amount": 49
      },
      "author": {
        "author_id": "83650570223",
        "nickname": "台球圈有料",
        "follower_count": 440366
      }
    },
    {
      "aweme": {
        "aweme_id": "6851404420257811720",
        "aweme_title": "我贲生日快乐爱你(有彩蛋) #搞点美食717 #美食趣胃计划 #今天吃什么",
        "aweme_url": "https://www.iesdouyin.com/share/video/6851404420257811720/?region=CN&mid=6851404544094915335&u_code=0&titleType=title",
        "download_url": "https://www.chanmama.com/awemeDetail/6851404420257811720",
        "digg_count": 14030,
        "digg_incr": 324,
        "aweme_create_time": 1595239044,
        "category": 3,
        "volume": 10,
        "amount": 349
      },
      "author": {
        "author_id": "93262159339",
        "nickname": "你的尘尘啊",
        "follower_count": 531337
      }
    },
    {
      "aweme": {
        "aweme_id": "6851229658881592588",
        "aweme_title": "#一条腿妹子",
        "aweme_url": "https://www.iesdouyin.com/share/video/6851229658881592588/?region=CN&mid=6816950846585391880&u_code=1jab7c7bljgk&titleType=title",
        "download_url": "https://www.chanmama.com/awemeDetail/6851229658881592588",
        "digg_count": 11358,
        "digg_incr": "-",
        "aweme_create_time": 1595176246,
        "category": 3,
        "volume": 0,
        "amount": 0
      },
      "author": {
        "author_id": "3315770758535691",
        "nickname": "萌萌❤️",
        "follower_count": 0
      }
    },
    {
      "aweme": {
        "aweme_id": "6851424393311063303",
        "aweme_title": "#今天 漂亮的女生都要有一支属于自己的💄口红#迪奥999@DOU+小助手",
        "aweme_url": "https://www.iesdouyin.com/share/video/6851424393311063303/?region=CN&mid=6851424408821975815&u_code=1am3aa602ah1&titleType=title",
        "download_url": "https://www.chanmama.com/awemeDetail/6851424393311063303",
        "digg_count": 10287,
        "digg_incr": -36,
        "aweme_create_time": 1595221556,
        "category": 3,
        "volume": 1,
        "amount": 89.7
      },
      "author": {
        "author_id": "106264742619",
        "nickname": "汇美肤护品",
        "follower_count": 7168
      }
    },
    {
      "aweme": {
        "aweme_id": "6851408001857867021",
        "aweme_title": "小辫子 扎发 一定要用强力定型喷雾",
        "aweme_url": "https://www.iesdouyin.com/share/video/6851408001857867021/?region=CN&mid=6838971572494813959&u_code=9h9fdl8jha1&titleType=title",
        "download_url": "https://www.chanmama.com/awemeDetail/6851408001857867021",
        "digg_count": 35621,
        "digg_incr": 11930,
        "aweme_create_time": 1595217739,
        "category": 3,
        "volume": 0,
        "amount": 0
      },
      "author": {
        "author_id": "58936132667",
        "nickname": "罗定市Jimmy理发店",
        "follower_count": 121098
      }
    },
    {
      "aweme": {
        "aweme_id": "6851431986863623432",
        "aweme_title": "这世界要么出局要么出众.所谓幸运,不过是努力的另一个名字#日常vlog",
        "aweme_url": "https://www.iesdouyin.com/share/video/6851431986863623432/?region=CN&mid=6851432128660785934&u_code=0&titleType=title",
        "download_url": "https://www.chanmama.com/awemeDetail/6851431986863623432",
        "digg_count": 11006,
        "digg_incr": 191,
        "aweme_create_time": 1595241000,
        "category": 3,
        "volume": 0,
        "amount": 0
      },
      "author": {
        "author_id": "63771093357",
        "nickname": "沪漂少女灵芝",
        "follower_count": 884865
      }
    },
    {
      "aweme": {
        "aweme_id": "6851500454841552141",
        "aweme_title": "拉丝胶画线条真的太香了，手绘都画不出这么细致均匀的线条~ #美甲  #美甲教程",
        "aweme_url": "https://www.iesdouyin.com/share/video/6851500454841552141/?region=CN&mid=6851500537658624776&u_code=b0ge2ik4jel&titleType=title",
        "download_url": "https://www.chanmama.com/awemeDetail/6851500454841552141",
        "digg_count": 13038,
        "digg_incr": 955,
        "aweme_create_time": 1595239279,
        "category": 3,
        "volume": 8,
        "amount": 134.4
      },
      "author": {
        "author_id": "102292978727",
        "nickname": "达蒙美甲课堂",
        "follower_count": 962713
      }
    },
    {
      "aweme": {
        "aweme_id": "6851495498247834895",
        "aweme_title": "这个发膜超级好用还特别实惠，大家快冲@安心妈妈小捣蛋 ￼@美女小盈_ @长安月下⛅️ n",
        "aweme_url": "https://www.iesdouyin.com/share/video/6851495498247834895/?region=CN&mid=6851495523703163661&u_code=gcg00ice348&titleType=title",
        "download_url": "https://www.chanmama.com/awemeDetail/6851495498247834895",
        "digg_count": 13105,
        "digg_incr": 346,
        "aweme_create_time": 1595238111,
        "category": 3,
        "volume": 10,
        "amount": 490
      },
      "author": {
        "author_id": "60754587014",
        "nickname": "白桃是雯雯啊🐰",
        "follower_count": 128804
      }
    },
    {
      "aweme": {
        "aweme_id": "6851458306985200910",
        "aweme_title": "如果皮肤吸收不了，用多贵的护肤品都没用  #木木三攻略#好物推荐",
        "aweme_url": "https://www.iesdouyin.com/share/video/6851458306985200910/?region=CN&mid=6851458439328107271&u_code=0&titleType=title",
        "download_url": "https://www.chanmama.com/awemeDetail/6851458306985200910",
        "digg_count": 8039,
        "digg_incr": -1,
        "aweme_create_time": 1595235602,
        "category": 3,
        "volume": 1,
        "amount": 99
      },
      "author": {
        "author_id": "98534048224",
        "nickname": "朱彬彬",
        "follower_count": 866782
      }
    },
    {
      "aweme": {
        "aweme_id": "6851478453800209664",
        "aweme_title": "最爱的海盐除螨皂来啦！控油除螨祛黑头 通通搞定！洗脸洗澡一皂多用#除螨",
        "aweme_url": "https://www.iesdouyin.com/share/video/6851478453800209664/?region=CN&mid=6812152349226732300&u_code=2k5ab5a5913d&titleType=title",
        "download_url": "https://www.chanmama.com/awemeDetail/6851478453800209664",
        "digg_count": 14853,
        "digg_incr": -15,
        "aweme_create_time": 1595234142,
        "category": 3,
        "volume": 0,
        "amount": 0
      },
      "author": {
        "author_id": "107750379490",
        "nickname": "多肉葡萄",
        "follower_count": 686
      }
    },
    {
      "aweme": {
        "aweme_id": "6851488063588207880",
        "aweme_title": "今天是软Fufu的蜜桃日常妆🍑",
        "aweme_url": "https://www.iesdouyin.com/share/video/6851488063588207880/?region=CN&mid=6751320470697590796&u_code=1e86e3gfc222&titleType=title",
        "download_url": "https://www.chanmama.com/awemeDetail/6851488063588207880",
        "digg_count": 10778,
        "digg_incr": 616,
        "aweme_create_time": 1595236380,
        "category": 3,
        "volume": 6,
        "amount": 478.79999999999995
      },
      "author": {
        "author_id": "67027842036",
        "nickname": "0818ᴳᴰ",
        "follower_count": 646050
      }
    },
    {
      "aweme": {
        "aweme_id": "6851426679886253319",
        "aweme_title": "@阿阳微观实验室发了一个抖音短视频，你尽管点开，不好看算我输！",
        "aweme_url": "https://www.iesdouyin.com/share/video/6851426679886253319/?region=CN&mid=6851426695598131976&u_code=448l6j1a70f3&titleType=",
        "download_url": "https://www.chanmama.com/awemeDetail/6851426679886253319",
        "digg_count": 34028,
        "digg_incr": 4733,
        "aweme_create_time": 1595222088,
        "category": 3,
        "volume": 3,
        "amount": 149.7
      },
      "author": {
        "author_id": "109274920522",
        "nickname": "阿阳微观实验室",
        "follower_count": 861793
      }
    },
    {
      "aweme": {
        "aweme_id": "6851510462178217216",
        "aweme_title": "买一瓶洗发水送一瓶护发素在送一瓶沐浴露",
        "aweme_url": "https://www.iesdouyin.com/share/video/6851510462178217216/?region=CN&mid=6851510475910712078&u_code=i5hd8ml6f59&titleType=title",
        "download_url": "https://www.chanmama.com/awemeDetail/6851510462178217216",
        "digg_count": 6303,
        "digg_incr": 12,
        "aweme_create_time": 1595241594,
        "category": 3,
        "volume": 696,
        "amount": 27770.399999999998
      },
      "author": {
        "author_id": "3861126543579091",
        "nickname": "李喜梅嫂嫂",
        "follower_count": 186209
      }
    },
    {
      "aweme": {
        "aweme_id": "6851306882267696384",
        "aweme_title": "#新的一天祝您好运 #感谢宝贝们的支持和关注 @抖音小助手",
        "aweme_url": "https://www.iesdouyin.com/share/video/6851306882267696384/?region=CN&mid=6851306740344965901&u_code=0&titleType=title",
        "download_url": "https://www.chanmama.com/awemeDetail/6851306882267696384",
        "digg_count": 7242,
        "digg_incr": 29,
        "aweme_create_time": 1595194222,
        "category": 3,
        "volume": 0,
        "amount": 0
      },
      "author": {
        "author_id": "92498495574",
        "nickname": "六人舞美艺术服装",
        "follower_count": 216356
      }
    },
    {
      "aweme": {
        "aweme_id": "6851383489854508292",
        "aweme_title": "你得好好做我乖姐姐，听见没😍❤😘",
        "aweme_url": "https://www.iesdouyin.com/share/video/6851383489854508292/?region=CN&mid=6848876523886562062&u_code=0&titleType=title",
        "download_url": "https://www.chanmama.com/awemeDetail/6851383489854508292",
        "digg_count": 8882,
        "digg_incr": 1173,
        "aweme_create_time": 1595212131,
        "category": 3,
        "volume": 0,
        "amount": 0
      },
      "author": {
        "author_id": "98229938635",
        "nickname": "正能量暖哥呀",
        "follower_count": 321944
      }
    },
    {
      "aweme": {
        "aweme_id": "6851464072844594439",
        "aweme_title": "那些脸上爱出油的同学们，可以安排起来了",
        "aweme_url": "https://www.iesdouyin.com/share/video/6851464072844594439/?region=CN&mid=6851464083716557581&u_code=0&titleType=title",
        "download_url": "https://www.chanmama.com/awemeDetail/6851464072844594439",
        "digg_count": 22007,
        "digg_incr": 10483,
        "aweme_create_time": 1595239200,
        "category": 3,
        "volume": 19,
        "amount": 1138.1
      },
      "author": {
        "author_id": "523020167817357",
        "nickname": "黑仔评测",
        "follower_count": 445720
      }
    },
    {
      "aweme": {
        "aweme_id": "6851501732258745615",
        "aweme_title": "#萨维尔琨护肤记 #洁面 你又错了！怎么正确选择洗面奶你到底知道吗？",
        "aweme_url": "https://www.iesdouyin.com/share/video/6851501732258745615/?region=CN&mid=6851501763732851464&u_code=1e86e3gfc222&titleType=title",
        "download_url": "https://www.chanmama.com/awemeDetail/6851501732258745615",
        "digg_count": 9360,
        "digg_incr": -14,
        "aweme_create_time": 1595239562,
        "category": 3,
        "volume": 1,
        "amount": 168
      },
      "author": {
        "author_id": "69620950593",
        "nickname": "小啊茶",
        "follower_count": 737606
      }
    },
    {
      "aweme": {
        "aweme_id": "6851455983336672525",
        "aweme_title": "试用直男挑选的礼物…最后真相了！#情侣 #恋爱 #礼物 #测评 #种草 #我要上热门 @DOU+小助手",
        "aweme_url": "https://www.iesdouyin.com/share/video/6851455983336672525/?region=CN&mid=6851456046326696717&u_code=0&titleType=title",
        "download_url": "https://www.chanmama.com/awemeDetail/6851455983336672525",
        "digg_count": 6708,
        "digg_incr": 220,
        "aweme_create_time": 1595239200,
        "category": 3,
        "volume": 1,
        "amount": 159
      },
      "author": {
        "author_id": "106198940603",
        "nickname": "Vincent+依",
        "follower_count": 311148
      }
    },
    {
      "aweme": {
        "aweme_id": "6851446687358094607",
        "aweme_title": "#进阶版日常妆 好像变了又好像什么都没变 #小金筷",
        "aweme_url": "https://www.iesdouyin.com/share/video/6851446687358094607/?region=CN&mid=6812538880793774082&u_code=0&titleType=title",
        "download_url": "https://www.chanmama.com/awemeDetail/6851446687358094607",
        "digg_count": 11295,
        "digg_incr": 91,
        "aweme_create_time": 1595237400,
        "category": 3,
        "volume": 86,
        "amount": 4644
      },
      "author": {
        "author_id": "79769741508",
        "nickname": "美谁妹妹",
        "follower_count": 916651
      }
    },
    {
      "aweme": {
        "aweme_id": "6851399882360605952",
        "aweme_title": "#抖音小助手 #养生 #感谢官方感谢热门 #企业号小助手 #健康 #肚子 #经络养生 #我要上热门 腹部刮痧",
        "aweme_url": "https://www.iesdouyin.com/share/video/6851399882360605952/?region=CN&mid=6851399896860248839&u_code=0&titleType=title",
        "download_url": "https://www.chanmama.com/awemeDetail/6851399882360605952",
        "digg_count": 4856,
        "digg_incr": 47,
        "aweme_create_time": 1595215849,
        "category": 3,
        "volume": 34,
        "amount": 2312
      },
      "author": {
        "author_id": "59040571327",
        "nickname": "女神美容工作室",
        "follower_count": 213342
      }
    },
    {
      "aweme": {
        "aweme_id": "6851475832964123911",
        "aweme_title": "温和卸妆乳来咯，用了它就是小公举哈哈 #卸妆水  #好物种草  #卸妆乳",
        "aweme_url": "https://www.iesdouyin.com/share/video/6851475832964123911/?region=CN&mid=6851475942726568718&u_code=0&titleType=title",
        "download_url": "https://www.chanmama.com/awemeDetail/6851475832964123911",
        "digg_count": 5781,
        "digg_incr": 84,
        "aweme_create_time": 1595242837,
        "category": 3,
        "volume": 12,
        "amount": 348
      },
      "author": {
        "author_id": "63454973206",
        "nickname": "尹可以啊",
        "follower_count": 308135
      }
    },
    {
      "aweme": {
        "aweme_id": "6851359705273486599",
        "aweme_title": "这就是所谓的月上柳梢头吗？喜欢的画中画添加照片即可#抖音小助手 #动态壁纸 #我要上热门 @抖音小助手 #童话",
        "aweme_url": "https://www.iesdouyin.com/share/video/6851359705273486599/?region=CN&mid=6851117502204087053&u_code=b0ge2ik4jel&titleType=title",
        "download_url": "https://www.chanmama.com/awemeDetail/6851359705273486599",
        "digg_count": 4776,
        "digg_incr": 53,
        "aweme_create_time": 1595206496,
        "category": 3,
        "volume": 1,
        "amount": 19.8
      },
      "author": {
        "author_id": "109619491100",
        "nickname": "方圆",
        "follower_count": 22052
      }
    },
    {
      "aweme": {
        "aweme_id": "6851409703566658823",
        "aweme_title": "来Diy一个夏天阳光新味道 #ttouchme #香水 #diy香水",
        "aweme_url": "https://www.iesdouyin.com/share/video/6851409703566658823/?region=CN&mid=6851409715973409550&u_code=0&titleType=title",
        "download_url": "https://www.chanmama.com/awemeDetail/6851409703566658823",
        "digg_count": 9060,
        "digg_incr": 67,
        "aweme_create_time": 1595237400,
        "category": 3,
        "volume": 54,
        "amount": 4806
      },
      "author": {
        "author_id": "108162182571",
        "nickname": "奇哆哆",
        "follower_count": 292575
      }
    },
    {
      "aweme": {
        "aweme_id": "6851418466747010317",
        "aweme_title": "我的夏季安全感来源  #防晒  #驱蚊止痒  @抖音小助手",
        "aweme_url": "https://www.iesdouyin.com/share/video/6851418466747010317/?region=CN&mid=6851418569352891143&u_code=0&titleType=title",
        "download_url": "https://www.chanmama.com/awemeDetail/6851418466747010317",
        "digg_count": 5767,
        "digg_incr": 116,
        "aweme_create_time": 1595237400,
        "category": 3,
        "volume": 0,
        "amount": 0
      },
      "author": {
        "author_id": "817652848404408",
        "nickname": "童白白",
        "follower_count": 165699
      }
    },
    {
      "aweme": {
        "aweme_id": "6851366762915613952",
        "aweme_title": "小李のVLOG｜又过上了每天上课（迟到）的日子...#vlog日常",
        "aweme_url": "https://www.iesdouyin.com/share/video/6851366762915613952/?region=CN&mid=6851366773690764046&u_code=0&titleType=title",
        "download_url": "https://www.chanmama.com/awemeDetail/6851366762915613952",
        "digg_count": 4713,
        "digg_incr": 39,
        "aweme_create_time": 1595241031,
        "category": 3,
        "volume": 2,
        "amount": 198
      },
      "author": {
        "author_id": "94891152957",
        "nickname": "我超爱吃烤鸭的",
        "follower_count": 375232
      }
    },
    {
      "aweme": {
        "aweme_id": "6851495075495562511",
        "aweme_title": "你们要的吹风机分享来喽～一定要用这种负离子吹风机不伤头发哦！#负离子吹风机",
        "aweme_url": "https://www.iesdouyin.com/share/video/6851495075495562511/?region=CN&mid=6679663039014439691&u_code=0&titleType=title",
        "download_url": "https://www.chanmama.com/awemeDetail/6851495075495562511",
        "digg_count": 3917,
        "digg_incr": 45,
        "aweme_create_time": 1595238012,
        "category": 3,
        "volume": 0,
        "amount": 0
      },
      "author": {
        "author_id": "59878463347",
        "nickname": "杜大宝",
        "follower_count": 328198
      }
    },
    {
      "aweme": {
        "aweme_id": "6851225902945209608",
        "aweme_title": "低频电流放松颈部肌肉，倍科B31颈部按摩仪，每天15分钟效果就很好",
        "aweme_url": "https://www.iesdouyin.com/share/video/6851225902945209608/?region=CN&mid=6851226876011170568&u_code=1am3aa602ah1&titleType=title",
        "download_url": "https://www.chanmama.com/awemeDetail/6851225902945209608",
        "digg_count": 13628,
        "digg_incr": 3295,
        "aweme_create_time": 1595235794,
        "category": 3,
        "volume": 15,
        "amount": 2385
      },
      "author": {
        "author_id": "75082632898",
        "nickname": "发烧门诊室",
        "follower_count": 858054
      }
    },
    {
      "aweme": {
        "aweme_id": "6851503808292474126",
        "aweme_title": "今日vlog上线｜是吃日料和护肤的一天！简单而轻松的一天",
        "aweme_url": "https://www.iesdouyin.com/share/video/6851503808292474126/?region=CN&mid=6842529779343002382&u_code=0&titleType=title",
        "download_url": "https://www.chanmama.com/awemeDetail/6851503808292474126",
        "digg_count": 4785,
        "digg_incr": 17,
        "aweme_create_time": 1595240046,
        "category": 3,
        "volume": 16,
        "amount": 1278.4
      },
      "author": {
        "author_id": "100716988822",
        "nickname": "肥猪雨爱吃草莓🍓",
        "follower_count": 441625
      }
    },
    {
      "aweme": {
        "aweme_id": "6851495232043830528",
        "aweme_title": "#抖音小助手 #养生 #感谢官方感谢热门  #健康 #肚子 #经络养生 #我要上热门 带脉刮痧手法",
        "aweme_url": "https://www.iesdouyin.com/share/video/6851495232043830528/?region=CN&mid=6851495251740248846&u_code=0&titleType=title",
        "download_url": "https://www.chanmama.com/awemeDetail/6851495232043830528",
        "digg_count": 3924,
        "digg_incr": 87,
        "aweme_create_time": 1595238049,
        "category": 3,
        "volume": 5,
        "amount": 340
      },
      "author": {
        "author_id": "59040571327",
        "nickname": "女神美容工作室",
        "follower_count": 213342
      }
    },
    {
      "aweme": {
        "aweme_id": "6851415136041798912",
        "aweme_title": "不是吧不是吧这么清爽的卸妆油还会有人不知道吗～#卸妆",
        "aweme_url": "https://www.iesdouyin.com/share/video/6851415136041798912/?region=CN&mid=6812538880793774082&u_code=0&titleType=title",
        "download_url": "https://www.chanmama.com/awemeDetail/6851415136041798912",
        "digg_count": 4421,
        "digg_incr": 80,
        "aweme_create_time": 1595219400,
        "category": 3,
        "volume": 8,
        "amount": 792
      },
      "author": {
        "author_id": "59878463347",
        "nickname": "杜大宝",
        "follower_count": 328198
      }
    },
    {
      "aweme": {
        "aweme_id": "6851469916567014664",
        "aweme_title": "男孩子可以没有💰，可以不好看，但是一定要干干净净，女朋友就都来啦",
        "aweme_url": "https://www.iesdouyin.com/share/video/6851469916567014664/?region=CN&mid=6851469920669469447&u_code=15a419d534de&titleType=title",
        "download_url": "https://www.chanmama.com/awemeDetail/6851469916567014664",
        "digg_count": 3693,
        "digg_incr": -1,
        "aweme_create_time": 1595232155,
        "category": 3,
        "volume": 3,
        "amount": 119.69999999999999
      },
      "author": {
        "author_id": "1486132814036574",
        "nickname": "南汐",
        "follower_count": 11505
      }
    },
    {
      "aweme": {
        "aweme_id": "6851384542134062344",
        "aweme_title": "我踩过的坑你们可别踩了！#双闪高光",
        "aweme_url": "https://www.iesdouyin.com/share/video/6851384542134062344/?region=CN&mid=6851384675542665997&u_code=0&titleType=title",
        "download_url": "https://www.chanmama.com/awemeDetail/6851384542134062344",
        "digg_count": 6706,
        "digg_incr": 19,
        "aweme_create_time": 1595239200,
        "category": 3,
        "volume": 20,
        "amount": 200
      },
      "author": {
        "author_id": "2044740138441531",
        "nickname": "王大妙儿",
        "follower_count": 580281
      }
    },
    {
      "aweme": {
        "aweme_id": "6851495446204927239",
        "aweme_title": "羡慕姐姐的睫毛好长哦",
        "aweme_url": "https://www.iesdouyin.com/share/video/6851495446204927239/?region=CN&mid=6837808766935993096&u_code=39cg4d6b9039&titleType=title",
        "download_url": "https://www.chanmama.com/awemeDetail/6851495446204927239",
        "digg_count": 3329,
        "digg_incr": 20,
        "aweme_create_time": 1595238099,
        "category": 3,
        "volume": 8,
        "amount": 312
      },
      "author": {
        "author_id": "96177092356",
        "nickname": "BB",
        "follower_count": 156810
      }
    },
    {
      "aweme": {
        "aweme_id": "6851399268415098119",
        "aweme_title": "用完它老公都夸你白了#我要上热门 #牛奶海藻面膜",
        "aweme_url": "https://www.iesdouyin.com/share/video/6851399268415098119/?region=CN&mid=6797406028260920072&u_code=0&titleType=title",
        "download_url": "https://www.chanmama.com/awemeDetail/6851399268415098119",
        "digg_count": 3146,
        "digg_incr": 1,
        "aweme_create_time": 1595215706,
        "category": 3,
        "volume": 282,
        "amount": 24816
      },
      "author": {
        "author_id": "58766958727",
        "nickname": "红姐护肤（每晚9点直播）",
        "follower_count": 206410
      }
    },
    {
      "aweme": {
        "aweme_id": "6851471212648926479",
        "aweme_title": "美少女在做头发，这个蓬松造型很少女@梁子呀 @抖音小助手",
        "aweme_url": "https://www.iesdouyin.com/share/video/6851471212648926479/?region=CN&mid=6851471228935342855&u_code=27l4hkd95f9c&titleType=title",
        "download_url": "https://www.chanmama.com/awemeDetail/6851471212648926479",
        "digg_count": 4160,
        "digg_incr": -11,
        "aweme_create_time": 1595232457,
        "category": 3,
        "volume": 8,
        "amount": 1912
      },
      "author": {
        "author_id": "110134285346",
        "nickname": "韦恩恩哥",
        "follower_count": 38845
      }
    },
    {
      "aweme": {
        "aweme_id": "6851554706305682696",
        "aweme_title": "世界这么大，我想给大家挖掘好物推荐一下#夏日必备好物",
        "aweme_url": "https://www.iesdouyin.com/share/video/6851554706305682696/?region=CN&mid=6851554745811880712&u_code=0&titleType=title",
        "download_url": "https://www.chanmama.com/awemeDetail/6851554706305682696",
        "digg_count": 5246,
        "digg_incr": 48,
        "aweme_create_time": 1595251895,
        "category": 3,
        "volume": 17,
        "amount": 2006
      },
      "author": {
        "author_id": "103395160116",
        "nickname": "太阳婶子",
        "follower_count": 923599
      }
    },
    {
      "aweme": {
        "aweme_id": "6851385619956911364",
        "aweme_title": "可以吗姐姐",
        "aweme_url": "https://www.iesdouyin.com/share/video/6851385619956911364/?region=CN&mid=6849966237762784012&u_code=1am3aa602ah1&titleType=title",
        "download_url": "https://www.chanmama.com/awemeDetail/6851385619956911364",
        "digg_count": 4279,
        "digg_incr": 74,
        "aweme_create_time": 1595212566,
        "category": 3,
        "volume": 0,
        "amount": 0
      },
      "author": {
        "author_id": "2013944011565352",
        "nickname": "单身暖哥",
        "follower_count": 29421
      }
    },
    {
      "aweme": {
        "aweme_id": "6851407545668619534",
        "aweme_title": "很适合学生党的洗面奶！适合自己的就好！尽管它只要9.9yuan！#平价 #学生党 #今天你拆快递了么",
        "aweme_url": "https://www.iesdouyin.com/share/video/6851407545668619534/?region=CN&mid=6842253852247427854&u_code=0&titleType=title",
        "download_url": "https://www.chanmama.com/awemeDetail/6851407545668619534",
        "digg_count": 4689,
        "digg_incr": 121,
        "aweme_create_time": 1595217633,
        "category": 3,
        "volume": 0,
        "amount": 0
      },
      "author": {
        "author_id": "61531717036",
        "nickname": "是三叁吖🐰",
        "follower_count": 201092
      }
    },
    {
      "aweme": {
        "aweme_id": "6851398667341958415",
        "aweme_title": "无限回购的山茶花水乳｜拯救你的敏感肌#烂脸#护肤",
        "aweme_url": "https://www.iesdouyin.com/share/video/6851398667341958415/?region=CN&mid=6779041629568239617&u_code=2akd6hh1cdil&titleType=title",
        "download_url": "https://www.chanmama.com/awemeDetail/6851398667341958415",
        "digg_count": 3005,
        "digg_incr": 3,
        "aweme_create_time": 1595215566,
        "category": 3,
        "volume": 2,
        "amount": 338
      },
      "author": {
        "author_id": "91965992999",
        "nickname": "酱酱爱种草",
        "follower_count": 708797
      }
    },
    {
      "aweme": {
        "aweme_id": "6851514125101649152",
        "aweme_title": "真正的化妆师同款，单个真的只要一杯声声乌龙💰#无美颜无滤镜",
        "aweme_url": "https://www.iesdouyin.com/share/video/6851514125101649152/?region=CN&mid=6839257205419264775&u_code=0&titleType=title",
        "download_url": "https://www.chanmama.com/awemeDetail/6851514125101649152",
        "digg_count": 4608,
        "digg_incr": 307,
        "aweme_create_time": 1595242447,
        "category": 3,
        "volume": 12,
        "amount": 92.9
      },
      "author": {
        "author_id": "67364465217",
        "nickname": "谭闹海🍓",
        "follower_count": 254641
      }
    },
    {
      "aweme": {
        "aweme_id": "6850393020756446478",
        "aweme_title": "明星化妆师只用大牌？没想到他的包里有这个...... #韩国  #美妆  #散粉",
        "aweme_url": "https://www.iesdouyin.com/share/video/6850393020756446478/?region=CN&mid=6850393146069682958&u_code=2k5ab5a5913d&titleType=title",
        "download_url": "https://www.chanmama.com/awemeDetail/6850393020756446478",
        "digg_count": 4680,
        "digg_incr": 223,
        "aweme_create_time": 1595239200,
        "category": 3,
        "volume": 1,
        "amount": 109.9
      },
      "author": {
        "author_id": "68512575015",
        "nickname": "明星化妆师朴东民",
        "follower_count": 786466
      }
    },
    {
      "aweme": {
        "aweme_id": "6851485148794375437",
        "aweme_title": "正确卸妆，才是养成牛奶肌的第一步~ #卸妆  #夏日必备神器",
        "aweme_url": "https://www.iesdouyin.com/share/video/6851485148794375437/?region=CN&mid=6851485261843401486&u_code=0&titleType=title",
        "download_url": "https://www.chanmama.com/awemeDetail/6851485148794375437",
        "digg_count": 2919,
        "digg_incr": 9,
        "aweme_create_time": 1595243242,
        "category": 3,
        "volume": 3,
        "amount": 87
      },
      "author": {
        "author_id": "101512415000",
        "nickname": "赤名梨香",
        "follower_count": 489309
      }
    },
    {
      "aweme": {
        "aweme_id": "6851492168419331335",
        "aweme_title": "腿爱抽筋，腿部寒凉的家人多做这个锻炼，人老腿先老，要保护好我们的腿#腿 #健康 #上热门",
        "aweme_url": "https://www.iesdouyin.com/share/video/6851492168419331335/?region=CN&mid=6800657387302292232&u_code=27l4hkd95f9c&titleType=title",
        "download_url": "https://www.chanmama.com/awemeDetail/6851492168419331335",
        "digg_count": 3523,
        "digg_incr": 45,
        "aweme_create_time": 1595237336,
        "category": 3,
        "volume": 0,
        "amount": 0
      },
      "author": {
        "author_id": "2101878781907150",
        "nickname": "维一健身",
        "follower_count": 146957
      }
    },
    {
      "aweme": {
        "aweme_id": "6851383544560782603",
        "aweme_title": "日常更新#今日发型",
        "aweme_url": "https://www.iesdouyin.com/share/video/6851383544560782603/?region=CN&mid=6808781470107994894&u_code=0&titleType=title",
        "download_url": "https://www.chanmama.com/awemeDetail/6851383544560782603",
        "digg_count": 8886,
        "digg_incr": 2072,
        "aweme_create_time": 1595212053,
        "category": 3,
        "volume": 1,
        "amount": 49.9
      },
      "author": {
        "author_id": "3689568391401564",
        "nickname": "静静哎",
        "follower_count": 432483
      }
    },
    {
      "aweme": {
        "aweme_id": "6851487475039358212",
        "aweme_title": "懒人运动，躺着就可以做的修复腹直肌分离的运动。趁着孩子午睡和你们分享，赶紧动起来。#产后修复 #宝妈",
        "aweme_url": "https://www.iesdouyin.com/share/video/6851487475039358212/?region=CN&mid=6851487541615512334&u_code=19fjbl89kf63&titleType=title",
        "download_url": "https://www.chanmama.com/awemeDetail/6851487475039358212",
        "digg_count": 6875,
        "digg_incr": 1616,
        "aweme_create_time": 1595241048,
        "category": 3,
        "volume": 4,
        "amount": 316
      },
      "author": {
        "author_id": "56716766899",
        "nickname": "晓露妈妈",
        "follower_count": 135987
      }
    },
    {
      "aweme": {
        "aweme_id": "6851408079897038087",
        "aweme_title": "这可能是我闻过最还原青草和黄瓜味的香水了 #香水 #平价",
        "aweme_url": "https://www.iesdouyin.com/share/video/6851408079897038087/?region=CN&mid=6851408124847442702&u_code=0&titleType=title",
        "download_url": "https://www.chanmama.com/awemeDetail/6851408079897038087",
        "digg_count": 3703,
        "digg_incr": 49,
        "aweme_create_time": 1595217757,
        "category": 3,
        "volume": 12,
        "amount": 36
      },
      "author": {
        "author_id": "3548837872149102",
        "nickname": "大珊的气味宇宙",
        "follower_count": 386675
      }
    },
    {
      "aweme": {
        "aweme_id": "6851405580762893583",
        "aweme_title": "看见这个礼盒的第一眼，我就想到了洛神赋，这眼影真的太神仙了，我还要再买一盘供着#周深遇见花西子",
        "aweme_url": "https://www.iesdouyin.com/share/video/6851405580762893583/?region=CN&mid=6848925583519254530&u_code=0&titleType=title",
        "download_url": "https://www.chanmama.com/awemeDetail/6851405580762893583",
        "digg_count": 3442,
        "digg_incr": 340,
        "aweme_create_time": 1595239200,
        "category": 3,
        "volume": 0,
        "amount": 0
      },
      "author": {
        "author_id": "70169894678",
        "nickname": "袅袅",
        "follower_count": 620164
      }
    },
    {
      "aweme": {
        "aweme_id": "6851449181115043085",
        "aweme_title": "我从来没那么墙裂的想让你们入手一款产品…这次墙都塌了…",
        "aweme_url": "https://www.iesdouyin.com/share/video/6851449181115043085/?region=CN&mid=6851449208524802829&u_code=0&titleType=title",
        "download_url": "https://www.chanmama.com/awemeDetail/6851449181115043085",
        "digg_count": 3743,
        "digg_incr": 55,
        "aweme_create_time": 1595232070,
        "category": 3,
        "volume": 183,
        "amount": 16287
      },
      "author": {
        "author_id": "57712892750",
        "nickname": "Sooki莹莹孙（30号回天津）",
        "follower_count": 736883
      }
    },
    {
      "aweme": {
        "aweme_id": "6851409697300385039",
        "aweme_title": "妈耶！这是啥神仙口红哇～101胡萝卜色美哭了#半桃柔雾口红 #口红试色@DOU+小助手",
        "aweme_url": "https://www.iesdouyin.com/share/video/6851409697300385039/?region=CN&mid=6805907571627559694&u_code=0&titleType=title",
        "download_url": "https://www.chanmama.com/awemeDetail/6851409697300385039",
        "digg_count": 5993,
        "digg_incr": 46,
        "aweme_create_time": 1595218134,
        "category": 3,
        "volume": 5,
        "amount": 295
      },
      "author": {
        "author_id": "382239111651923",
        "nickname": "zZ元气酱",
        "follower_count": 110507
      }
    },
    {
      "aweme": {
        "aweme_id": "6851186842658802956",
        "aweme_title": "跟我pick #吴宣仪的敏感诀窍 同款特护霜 #天猫超级品牌日 预售火热进行中！",
        "aweme_url": "https://www.iesdouyin.com/share/video/6851186842658802956/?region=CN&mid=6851187252396411662&u_code=448l6j1a70f3&titleType=title",
        "download_url": "https://www.chanmama.com/awemeDetail/6851186842658802956",
        "digg_count": 2922,
        "digg_incr": 15,
        "aweme_create_time": 1595206800,
        "category": 3,
        "volume": 0,
        "amount": 0
      },
      "author": {
        "author_id": "95277421229",
        "nickname": "薇诺娜",
        "follower_count": 42615
      }
    },
    {
      "aweme": {
        "aweme_id": "6851489312249269504",
        "aweme_title": "长嫂如母，小叔子结婚没房，我把给儿子准备的楼房给小叔子，有支持我的吗？#嫂子与小叔子#家和万事兴#我要上热门",
        "aweme_url": "https://www.iesdouyin.com/share/video/6851489312249269504/?region=CN&mid=6801312361186593543&u_code=0&titleType=title",
        "download_url": "https://www.chanmama.com/awemeDetail/6851489312249269504",
        "digg_count": 6510,
        "digg_incr": 2663,
        "aweme_create_time": 1595236671,
        "category": 3,
        "volume": 0,
        "amount": 0
      },
      "author": {
        "author_id": "103722171454",
        "nickname": "芙蓉姐姐",
        "follower_count": 602620
      }
    },
    {
      "aweme": {
        "aweme_id": "6851506364011842830",
        "aweme_title": "你们要的神仙眼影盘来了,才9块9,,粉质细腻不飞粉,快艾特 #闺蜜 看 #眼影盘",
        "aweme_url": "https://www.iesdouyin.com/share/video/6851506364011842830/?region=CN&mid=6851506530064321287&u_code=0&titleType=title",
        "download_url": "https://www.chanmama.com/awemeDetail/6851506364011842830",
        "digg_count": 2264,
        "digg_incr": -10,
        "aweme_create_time": 1595240658,
        "category": 3,
        "volume": 0,
        "amount": 0
      },
      "author": {
        "author_id": "954004143618712",
        "nickname": "潮港好物日记",
        "follower_count": 63195
      }
    },
    {
      "aweme": {
        "aweme_id": "6851129675373169935",
        "aweme_title": "你与漂亮的发型只差一个刘海#刘海 #复古 #短发 #港风 #编发 #耳环",
        "aweme_url": "https://www.iesdouyin.com/share/video/6851129675373169935/?region=CN&mid=6851129694130047752&u_code=2k5ab5a5913d&titleType=title",
        "download_url": "https://www.chanmama.com/awemeDetail/6851129675373169935",
        "digg_count": 3542,
        "digg_incr": 162,
        "aweme_create_time": 1595239200,
        "category": 3,
        "volume": 63,
        "amount": 4347
      },
      "author": {
        "author_id": "3343893735",
        "nickname": "兰壹壹",
        "follower_count": 642965
      }
    },
    {
      "aweme": {
        "aweme_id": "6851464718738099456",
        "aweme_title": "据不完全统计美妆博主一个月至少试30+护肤品｜那我过M了如何自救？",
        "aweme_url": "https://www.iesdouyin.com/share/video/6851464718738099456/?region=CN&mid=6851464789462453005&u_code=0&titleType=title",
        "download_url": "https://www.chanmama.com/awemeDetail/6851464718738099456",
        "digg_count": 4075,
        "digg_incr": 511,
        "aweme_create_time": 1595240929,
        "category": 3,
        "volume": 1,
        "amount": 98
      },
      "author": {
        "author_id": "4146975913020891",
        "nickname": "刘真Eeeeee_L",
        "follower_count": 709220
      }
    },
    {
      "aweme": {
        "aweme_id": "6851424769678511373",
        "aweme_title": "已经带妆12小时了，底妆还是很ok,这么好用的粉底我不允许你们不知道~#单眼皮 #化妆教程",
        "aweme_url": "https://www.iesdouyin.com/share/video/6851424769678511373/?region=CN&mid=6687390992317811463&u_code=1bifh33d5ie5&titleType=title",
        "download_url": "https://www.chanmama.com/awemeDetail/6851424769678511373",
        "digg_count": 3162,
        "digg_incr": 58,
        "aweme_create_time": 1595241000,
        "category": 3,
        "volume": 18,
        "amount": 1438.2
      },
      "author": {
        "author_id": "93440423096",
        "nickname": "大肚子油油",
        "follower_count": 382436
      }
    },
    {
      "aweme": {
        "aweme_id": "6851422188621368579",
        "aweme_title": "哎呦，店长原来你是那种很容易陷入爱情的人啊 #妆教 #一定要看到最后",
        "aweme_url": "https://www.iesdouyin.com/share/video/6851422188621368579/?region=CN&mid=6851422276496280333&u_code=0&titleType=title",
        "download_url": "https://www.chanmama.com/awemeDetail/6851422188621368579",
        "digg_count": 2798,
        "digg_incr": 87,
        "aweme_create_time": 1595242800,
        "category": 3,
        "volume": 1,
        "amount": 79.8
      },
      "author": {
        "author_id": "88795223823",
        "nickname": "Rmoong龙龙",
        "follower_count": 246624
      }
    },
    {
      "aweme": {
        "aweme_id": "6851521038912589063",
        "aweme_title": "#3ce居然与#白雪公主 联名了 ，颜色都好好看。这次你当白雪公主我当皇后，镜子送给我好不好😊",
        "aweme_url": "https://www.iesdouyin.com/share/video/6851521038912589063/?region=CN&mid=6690003604541016843&u_code=d3cj78d2g00&titleType=title",
        "download_url": "https://www.chanmama.com/awemeDetail/6851521038912589063",
        "digg_count": 1943,
        "digg_incr": "-",
        "aweme_create_time": 1595244057,
        "category": 3,
        "volume": 0,
        "amount": 0
      },
      "author": {
        "author_id": "4230549273344477",
        "nickname": "旺仔蜂",
        "follower_count": 2679
      }
    },
    {
      "aweme": {
        "aweme_id": "6851268458479389952",
        "aweme_title": "同款套盒，在送一盒面膜",
        "aweme_url": "https://www.iesdouyin.com/share/video/6851268458479389952/?region=CN&mid=6723751411605048067&u_code=27l4hkd95f9c&titleType=title",
        "download_url": "https://www.chanmama.com/awemeDetail/6851268458479389952",
        "digg_count": 2289,
        "digg_incr": 17,
        "aweme_create_time": 1595185290,
        "category": 3,
        "volume": 5,
        "amount": 1340
      },
      "author": {
        "author_id": "3861126543579091",
        "nickname": "李喜梅嫂嫂",
        "follower_count": 186209
      }
    },
    {
      "aweme": {
        "aweme_id": "6851252277706067215",
        "aweme_title": "当你老了，头发白了，还能说走就走那才叫幸福，不过前提是要这样做噢！#膝关节 #保养 #幸福触手可及 #热门",
        "aweme_url": "https://www.iesdouyin.com/share/video/6851252277706067215/?region=CN&mid=6849651539640978184&u_code=379jm8h3l53m&titleType=title",
        "download_url": "https://www.chanmama.com/awemeDetail/6851252277706067215",
        "digg_count": 2358,
        "digg_incr": 88,
        "aweme_create_time": 1595181508,
        "category": 3,
        "volume": 22,
        "amount": 1056
      },
      "author": {
        "author_id": "111577578436",
        "nickname": "甘叶爱健康",
        "follower_count": 840006
      }
    },
    {
      "aweme": {
        "aweme_id": "6851330120536411406",
        "aweme_title": "有个宝妈说婆婆。婆婆不给看，孩子儿儿媳妇儿就不养她的老。",
        "aweme_url": "https://www.iesdouyin.com/share/video/6851330120536411406/?region=CN&mid=6837951118723517187&u_code=0&titleType=title",
        "download_url": "https://www.chanmama.com/awemeDetail/6851330120536411406",
        "digg_count": 2233,
        "digg_incr": 100,
        "aweme_create_time": 1595199613,
        "category": 3,
        "volume": 0,
        "amount": 0
      },
      "author": {
        "author_id": "55874229508",
        "nickname": "幸福每一天",
        "follower_count": 509686
      }
    },
    {
      "aweme": {
        "aweme_id": "6851490065101704452",
        "aweme_title": "新款单色真丝套装，正在活动，进直播间 #套装",
        "aweme_url": "https://www.iesdouyin.com/share/video/6851490065101704452/?region=CN&mid=6851490262842100493&u_code=2f35h3i7la8d&titleType=title",
        "download_url": "https://www.chanmama.com/awemeDetail/6851490065101704452",
        "digg_count": 2089,
        "digg_incr": 19,
        "aweme_create_time": 1595246400,
        "category": 3,
        "volume": 60,
        "amount": 4740
      },
      "author": {
        "author_id": "76188871187",
        "nickname": "常熟市王珍萍服装商行",
        "follower_count": 168363
      }
    },
    {
      "aweme": {
        "aweme_id": "6851465901649267983",
        "aweme_title": "适合#学生党 #平价 好用的#口红 #唇釉 来喽，显白不沾杯，颜色超好看￼，艾特#闺蜜 #安排上 #化妆",
        "aweme_url": "https://www.iesdouyin.com/share/video/6851465901649267983/?region=CN&mid=6843607089181362177&u_code=1gb2il00853c&titleType=title",
        "download_url": "https://www.chanmama.com/awemeDetail/6851465901649267983",
        "digg_count": 1846,
        "digg_incr": "-",
        "aweme_create_time": 1595231220,
        "category": 3,
        "volume": 1336,
        "amount": 2538.4
      },
      "author": {
        "author_id": "92990908892",
        "nickname": "✨团团开箱记💕",
        "follower_count": 2667
      }
    },
    {
      "aweme": {
        "aweme_id": "6851421517167791374",
        "aweme_title": "别让眼睛出卖你的年龄 国货平价又好用眼霜来啦~用着效果不输大牌。#眼霜 @抖音小助手",
        "aweme_url": "https://www.iesdouyin.com/share/video/6851421517167791374/?region=CN&mid=6851421512386693896&u_code=27l4hkd95f9c&titleType=title",
        "download_url": "https://www.chanmama.com/awemeDetail/6851421517167791374",
        "digg_count": 6865,
        "digg_incr": 311,
        "aweme_create_time": 1595220886,
        "category": 3,
        "volume": 1,
        "amount": 49
      },
      "author": {
        "author_id": "2581245772693915",
        "nickname": "國貨（经典1928）",
        "follower_count": 24386
      }
    },
    {
      "aweme": {
        "aweme_id": "6851512824154344711",
        "aweme_title": "没办法就这套衣服抖粑粑也喜欢，所以就天天拍这套衣服的视频啦，都评论衣服和腿好看😂😂😂那要是光腿你们吓得",
        "aweme_url": "https://www.iesdouyin.com/share/video/6851512824154344711/?region=CN&mid=6792154119643171592&u_code=1gb2j861imci&titleType=title",
        "download_url": "https://www.chanmama.com/awemeDetail/6851512824154344711",
        "digg_count": 1863,
        "digg_incr": 8,
        "aweme_create_time": 1595242144,
        "category": 3,
        "volume": 0,
        "amount": 0
      },
      "author": {
        "author_id": "98245338194",
        "nickname": "爱笑的小燕子",
        "follower_count": 180869
      }
    },
    {
      "aweme": {
        "aweme_id": "6851446358096841984",
        "aweme_title": "韩国闺蜜果然没有骗我，这个#积雪草泥膜 清洁力是真的强，简直就是毛孔吸尘器！！！爱了爱了！",
        "aweme_url": "https://www.iesdouyin.com/share/video/6851446358096841984/?region=CN&mid=6851446368113085197&u_code=1210k6c8dehf&titleType=title",
        "download_url": "https://www.chanmama.com/awemeDetail/6851446358096841984",
        "digg_count": 9231,
        "digg_incr": "-",
        "aweme_create_time": 1595226670,
        "category": 3,
        "volume": 342,
        "amount": 10225.8
      },
      "author": {
        "author_id": "2137080646599219",
        "nickname": "卷进月亮弯",
        "follower_count": 7001
      }
    },
    {
      "aweme": {
        "aweme_id": "6851511492697787663",
        "aweme_title": "这就是男女老少三姑六婆通吃的妆容吧！ #绿茶",
        "aweme_url": "https://www.iesdouyin.com/share/video/6851511492697787663/?region=CN&mid=6824024402556979976&u_code=0&titleType=title",
        "download_url": "https://www.chanmama.com/awemeDetail/6851511492697787663",
        "digg_count": 2476,
        "digg_incr": 85,
        "aweme_create_time": 1595241835,
        "category": 3,
        "volume": 0,
        "amount": 0
      },
      "author": {
        "author_id": "86936899430",
        "nickname": "超胖桃几",
        "follower_count": 128729
      }
    },
    {
      "aweme": {
        "aweme_id": "6851505456918121728",
        "aweme_title": "亚洲脸型设计的“蛋蛋”哦~快速上妆小心机get~#美妆 #彩妆",
        "aweme_url": "https://www.iesdouyin.com/share/video/6851505456918121728/?region=CN&mid=6851505512711129870&u_code=27l4hkd95f9c&titleType=title",
        "download_url": "https://www.chanmama.com/awemeDetail/6851505456918121728",
        "digg_count": 3531,
        "digg_incr": 362,
        "aweme_create_time": 1595240429,
        "category": 3,
        "volume": 48,
        "amount": 1728
      },
      "author": {
        "author_id": "81742678487",
        "nickname": "Benny董子初",
        "follower_count": 714087
      }
    },
    {
      "aweme": {
        "aweme_id": "6851493486584139023",
        "aweme_title": "手把手教你茶里茶气～#绿茶妆 #绿茶拍照  #抖音好物推荐",
        "aweme_url": "https://www.iesdouyin.com/share/video/6851493486584139023/?region=CN&mid=6851493522424548110&u_code=0&titleType=title",
        "download_url": "https://www.chanmama.com/awemeDetail/6851493486584139023",
        "digg_count": 1680,
        "digg_incr": 8,
        "aweme_create_time": 1595241520,
        "category": 3,
        "volume": 0,
        "amount": 0
      },
      "author": {
        "author_id": "1297032825807902",
        "nickname": "Red袖袖",
        "follower_count": 248561
      }
    },
    {
      "aweme": {
        "aweme_id": "6851356098620886279",
        "aweme_title": "狂拽炫酷帅炸燃!街舞东西南北四大赛区队长领队炸街!偏心一博给他镜头多了点#王一博 #王嘉尔#张艺兴#钟汉良",
        "aweme_url": "https://www.iesdouyin.com/share/video/6851356098620886279/?region=CN&mid=6851356064659950343&u_code=3cc1ga8lck8h&titleType=title",
        "download_url": "https://www.chanmama.com/awemeDetail/6851356098620886279",
        "digg_count": 1605,
        "digg_incr": "-",
        "aweme_create_time": 1595205657,
        "category": 3,
        "volume": 0,
        "amount": 0
      },
      "author": {
        "author_id": "1226652296166619",
        "nickname": "薇宝vibao",
        "follower_count": 1876
      }
    },
    {
      "aweme": {
        "aweme_id": "6851484517992123648",
        "aweme_title": "一克喜欢",
        "aweme_url": "https://www.iesdouyin.com/share/video/6851484517992123648/?region=CN&mid=6842878180026551048&u_code=d3cj78d2g00&titleType=title",
        "download_url": "https://www.chanmama.com/awemeDetail/6851484517992123648",
        "digg_count": 2001,
        "digg_incr": 33,
        "aweme_create_time": 1595235555,
        "category": 3,
        "volume": 60,
        "amount": 4740
      },
      "author": {
        "author_id": "59516171140",
        "nickname": "就是不吃饭",
        "follower_count": 20221
      }
    },
    {
      "aweme": {
        "aweme_id": "6851501002709896448",
        "aweme_title": "#原相机 那么疫情前最后一次陪你看电影的人 现在还在吗？",
        "aweme_url": "https://www.iesdouyin.com/share/video/6851501002709896448/?region=CN&mid=6843607089181362177&u_code=0&titleType=title",
        "download_url": "https://www.chanmama.com/awemeDetail/6851501002709896448",
        "digg_count": 2606,
        "digg_incr": 80,
        "aweme_create_time": 1595239392,
        "category": 3,
        "volume": 0,
        "amount": 0
      },
      "author": {
        "author_id": "64188473604",
        "nickname": "雁女",
        "follower_count": 267454
      }
    },
    {
      "aweme": {
        "aweme_id": "6851463068661091597",
        "aweme_title": "名媛妆这个题真的害怕，就是这位家银催促的，让我感觉不出良心都过意不去了hhh，狠还是你们狠。感谢观看～#日常妆",
        "aweme_url": "https://www.iesdouyin.com/share/video/6851463068661091597/?region=CN&mid=6851463082145843982&u_code=27l4hkd95f9c&titleType=title",
        "download_url": "https://www.chanmama.com/awemeDetail/6851463068661091597",
        "digg_count": 3009,
        "digg_incr": 978,
        "aweme_create_time": 1595237339,
        "category": 3,
        "volume": 3,
        "amount": 105
      },
      "author": {
        "author_id": "63087464637",
        "nickname": "天蝎子精",
        "follower_count": 130086
      }
    },
    {
      "aweme": {
        "aweme_id": "6851495074036043022",
        "aweme_title": "最近喜欢这个#酸奶白美甲#教程",
        "aweme_url": "https://www.iesdouyin.com/share/video/6851495074036043022/?region=CN&mid=6851495102775364360&u_code=0&titleType=title",
        "download_url": "https://www.chanmama.com/awemeDetail/6851495074036043022",
        "digg_count": 3131,
        "digg_incr": 32,
        "aweme_create_time": 1595238013,
        "category": 3,
        "volume": 16,
        "amount": 156.8
      },
      "author": {
        "author_id": "59470050022",
        "nickname": "欧琳汀美甲",
        "follower_count": 323579
      }
    },
    {
      "aweme": {
        "aweme_id": "6851543850289253640",
        "aweme_title": "补充头顶发量，减缓染发次数 #假发  #假发补发  @抖音小助手",
        "aweme_url": "https://www.iesdouyin.com/share/video/6851543850289253640/?region=CN&mid=6851543926474574606&u_code=0&titleType=title",
        "download_url": "https://www.chanmama.com/awemeDetail/6851543850289253640",
        "digg_count": 1504,
        "digg_incr": 8,
        "aweme_create_time": 1595249382,
        "category": 3,
        "volume": 3,
        "amount": 1797
      },
      "author": {
        "author_id": "98057396431",
        "nickname": "艾维假发",
        "follower_count": 136618
      }
    },
    {
      "aweme": {
        "aweme_id": "6851378539036511501",
        "aweme_title": "关于护发的毕生所学都在这里了 集美们搬好小板凳 #ouai护发黑科技",
        "aweme_url": "https://www.iesdouyin.com/share/video/6851378539036511501/?region=CN&mid=6851378655474944782&u_code=0&titleType=title",
        "download_url": "https://www.chanmama.com/awemeDetail/6851378539036511501",
        "digg_count": 2304,
        "digg_incr": 86,
        "aweme_create_time": 1595232806,
        "category": 3,
        "volume": 0,
        "amount": 0
      },
      "author": {
        "author_id": "2774774354809566",
        "nickname": "宵夜大哥",
        "follower_count": 608558
      }
    },
    {
      "aweme": {
        "aweme_id": "6850443593287503104",
        "aweme_title": "搞定胶水定妆法，先选对产品，无惧脱妆……#定妆喷雾",
        "aweme_url": "https://www.iesdouyin.com/share/video/6850443593287503104/?region=CN&mid=6850443608164748045&u_code=0&titleType=title",
        "download_url": "https://www.chanmama.com/awemeDetail/6850443593287503104",
        "digg_count": 1977,
        "digg_incr": 6,
        "aweme_create_time": 1595239200,
        "category": 3,
        "volume": 0,
        "amount": 0
      },
      "author": {
        "author_id": "103422928388",
        "nickname": "鸡哥扒成分",
        "follower_count": 532237
      }
    },
    {
      "aweme": {
        "aweme_id": "6851491798095891725",
        "aweme_title": "猫和老鼠会在路上，但是永远不会迟到～#姐密妆备好物出道",
        "aweme_url": "https://www.iesdouyin.com/share/video/6851491798095891725/?region=CN&mid=6851491816266255118&u_code=379jm8h3l53m&titleType=title",
        "download_url": "https://www.chanmama.com/awemeDetail/6851491798095891725",
        "digg_count": 3557,
        "digg_incr": 3,
        "aweme_create_time": 1595237250,
        "category": 3,
        "volume": 2,
        "amount": 178
      },
      "author": {
        "author_id": "2308599824794813",
        "nickname": "柒柒种草所",
        "follower_count": 160784
      }
    },
    {
      "aweme": {
        "aweme_id": "6851504125859958030",
        "aweme_title": "看人最重要的就是看人品，你的人品绝对了你的日后。",
        "aweme_url": "https://www.iesdouyin.com/share/video/6851504125859958030/?region=CN&mid=6851504175709506311&u_code=0&titleType=title",
        "download_url": "https://www.chanmama.com/awemeDetail/6851504125859958030",
        "digg_count": 4524,
        "digg_incr": 131,
        "aweme_create_time": 1595240120,
        "category": 3,
        "volume": 1,
        "amount": 36.8
      },
      "author": {
        "author_id": "75939309390",
        "nickname": "小明月😘",
        "follower_count": 266583
      }
    },
    {
      "aweme": {
        "aweme_id": "6851487459922988292",
        "aweme_title": "炒鸡火爆的早秋亲子套装来了，可以跟女儿一起穿出去炸街的那种，你喜欢吗？#我要上热门 #365天365穿搭",
        "aweme_url": "https://www.iesdouyin.com/share/video/6851487459922988292/?region=CN&mid=6626921478493309704&u_code=i5hd8ml6f59&titleType=title",
        "download_url": "https://www.chanmama.com/awemeDetail/6851487459922988292",
        "digg_count": 1711,
        "digg_incr": "-",
        "aweme_create_time": 1595236247,
        "category": 3,
        "volume": 58,
        "amount": 3474.2
      },
      "author": {
        "author_id": "75734830129",
        "nickname": "雅雅童装",
        "follower_count": 243510
      }
    },
    {
      "aweme": {
        "aweme_id": "6851445172203572480",
        "aweme_title": "王一博和黄轩玩街头小霸王，谁更厉害点呢？低头玩游戏久了记得用SKG呦！#王一博 #黄轩 #夏日冲浪店王一博",
        "aweme_url": "https://www.iesdouyin.com/share/video/6851445172203572480/?region=CN&mid=6851445198491110152&u_code=0&titleType=title",
        "download_url": "https://www.chanmama.com/awemeDetail/6851445172203572480",
        "digg_count": 1356,
        "digg_incr": 0,
        "aweme_create_time": 1595226394,
        "category": 3,
        "volume": 1,
        "amount": 499
      },
      "author": {
        "author_id": "85133232829",
        "nickname": "SKG未来穿戴",
        "follower_count": 430056
      }
    },
    {
      "aweme": {
        "aweme_id": "6851418368143019264",
        "aweme_title": "今天你有好好护肤吗～#肌肤管理 #黎蓓露极简护肤",
        "aweme_url": "https://www.iesdouyin.com/share/video/6851418368143019264/?region=CN&mid=6851418364867398414&u_code=0&titleType=title",
        "download_url": "https://www.chanmama.com/awemeDetail/6851418368143019264",
        "digg_count": 1358,
        "digg_incr": 0,
        "aweme_create_time": 1595220152,
        "category": 3,
        "volume": 12,
        "amount": 2388
      },
      "author": {
        "author_id": "72621682025",
        "nickname": "小青椒",
        "follower_count": 226248
      }
    },
    {
      "aweme": {
        "aweme_id": "6851490902674902280",
        "aweme_title": "我说我爱熬夜，应该没人会反驳吧~哈哈~也不知道每天在熬什~#护肤 #面膜",
        "aweme_url": "https://www.iesdouyin.com/share/video/6851490902674902280/?region=CN&mid=6851491043314043661&u_code=0&titleType=title",
        "download_url": "https://www.chanmama.com/awemeDetail/6851490902674902280",
        "digg_count": 5521,
        "digg_incr": 15,
        "aweme_create_time": 1595241382,
        "category": 3,
        "volume": 95,
        "amount": 10830
      },
      "author": {
        "author_id": "101837512999",
        "nickname": "璋哥",
        "follower_count": 688539
      }
    },
    {
      "aweme": {
        "aweme_id": "6851503349221707022",
        "aweme_title": "让我们一起来康康出门必贴双眼皮的小姐姐素颜是什么样子 ？#卸妆#街访",
        "aweme_url": "https://www.iesdouyin.com/share/video/6851503349221707022/?region=CN&mid=6851503477420526350&u_code=0&titleType=title",
        "download_url": "https://www.chanmama.com/awemeDetail/6851503349221707022",
        "digg_count": 1903,
        "digg_incr": 72,
        "aweme_create_time": 1595239957,
        "category": 3,
        "volume": 0,
        "amount": 0
      },
      "author": {
        "author_id": "3900692712928891",
        "nickname": "爆改突击队",
        "follower_count": 579802
      }
    },
    {
      "aweme": {
        "aweme_id": "6851473319967952128",
        "aweme_title": "#vlog日常 你们都放假啦嘛",
        "aweme_url": "https://www.iesdouyin.com/share/video/6851473319967952128/?region=CN&mid=6765402631096519427&u_code=0&titleType=title",
        "download_url": "https://www.chanmama.com/awemeDetail/6851473319967952128",
        "digg_count": 1716,
        "digg_incr": 54,
        "aweme_create_time": 1595239435,
        "category": 3,
        "volume": 0,
        "amount": 0
      },
      "author": {
        "author_id": "101078583862",
        "nickname": "阿辰一米八.W",
        "follower_count": 317518
      }
    },
    {
      "aweme": {
        "aweme_id": "6851487916833656064",
        "aweme_title": "每次和你见面，你总说我身上的味道让你上瘾，简直就是行走的荷尔蒙 #香水 #斩女香",
        "aweme_url": "https://www.iesdouyin.com/share/video/6851487916833656064/?region=CN&mid=6851487950681721613&u_code=0&titleType=title",
        "download_url": "https://www.chanmama.com/awemeDetail/6851487916833656064",
        "digg_count": 1278,
        "digg_incr": "-",
        "aweme_create_time": 1595236346,
        "category": 3,
        "volume": 583,
        "amount": 12021.9
      },
      "author": {
        "author_id": "3966666434687117",
        "nickname": "大腕大倦后一瓶19两瓶29",
        "follower_count": 149995
      }
    },
    {
      "aweme": {
        "aweme_id": "6851431360549178624",
        "aweme_title": "我也要做一个精致的男孩子，油腻大叔找不到女朋友#果然一白遮百丑",
        "aweme_url": "https://www.iesdouyin.com/share/video/6851431360549178624/?region=CN&mid=6851431357118302990&u_code=2a10m9icbde5&titleType=title",
        "download_url": "https://www.chanmama.com/awemeDetail/6851431360549178624",
        "digg_count": 1230,
        "digg_incr": "-",
        "aweme_create_time": 1595223178,
        "category": 3,
        "volume": 102,
        "amount": 4069.8
      },
      "author": {
        "author_id": "1578547806222270",
        "nickname": "面膜39三盒（90片）李佳绮推荐",
        "follower_count": 3113
      }
    },
    {
      "aweme": {
        "aweme_id": "6851483892130598157",
        "aweme_title": "#男士发型 明星长发就该这样打理#发型#粤新粤潮粤有味",
        "aweme_url": "https://www.iesdouyin.com/share/video/6851483892130598157/?region=CN&mid=6851483907787967246&u_code=0&titleType=title",
        "download_url": "https://www.chanmama.com/awemeDetail/6851483892130598157",
        "digg_count": 2212,
        "digg_incr": 131,
        "aweme_create_time": 1595235409,
        "category": 3,
        "volume": 0,
        "amount": 0
      },
      "author": {
        "author_id": "111405132313",
        "nickname": "🇨🇳33男士造型频道",
        "follower_count": 269922
      }
    },
    {
      "aweme": {
        "aweme_id": "6851484951573974279",
        "aweme_title": "贫民窟女孩也可以冲冲冲#平价安利 #面膜 #学生 #少女心好物 #护肤走起",
        "aweme_url": "https://www.iesdouyin.com/share/video/6851484951573974279/?region=CN&mid=6851484970058943240&u_code=0&titleType=title",
        "download_url": "https://www.chanmama.com/awemeDetail/6851484951573974279",
        "digg_count": 1739,
        "digg_incr": 78,
        "aweme_create_time": 1595235655,
        "category": 3,
        "volume": 0,
        "amount": 0
      },
      "author": {
        "author_id": "19306678092",
        "nickname": "好物驿站",
        "follower_count": 237625
      }
    },
    {
      "aweme": {
        "aweme_id": "6851484020111412480",
        "aweme_title": "以前老是被说脸上都可以插秧，直到遇见它！！#毛孔粗大",
        "aweme_url": "https://www.iesdouyin.com/share/video/6851484020111412480/?region=CN&mid=6851484249736907533&u_code=adllglijag7&titleType=title",
        "download_url": "https://www.chanmama.com/awemeDetail/6851484020111412480",
        "digg_count": 1237,
        "digg_incr": "-",
        "aweme_create_time": 1595235463,
        "category": 3,
        "volume": 5,
        "amount": 199.5
      },
      "author": {
        "author_id": "2066721682242055",
        "nickname": "0毛孔的快乐(直播中）",
        "follower_count": 0
      }
    },
    {
      "aweme": {
        "aweme_id": "6851416178485677324",
        "aweme_title": "收到了这个bling的小冰钻电动牙刷，感觉太上头了#电动牙刷 #mole电动牙刷",
        "aweme_url": "https://www.iesdouyin.com/share/video/6851416178485677324/?region=CN&mid=6851416310996454151&u_code=0&titleType=title",
        "download_url": "https://www.chanmama.com/awemeDetail/6851416178485677324",
        "digg_count": 1212,
        "digg_incr": 5,
        "aweme_create_time": 1595219666,
        "category": 3,
        "volume": 0,
        "amount": 0
      },
      "author": {
        "author_id": "104248093807",
        "nickname": "少女心una酱",
        "follower_count": 421795
      }
    },
    {
      "aweme": {
        "aweme_id": "6851498308968385792",
        "aweme_title": "你们要滴口红分享来了！#口红试色",
        "aweme_url": "https://www.iesdouyin.com/share/video/6851498308968385792/?region=CN&mid=6851498326546828046&u_code=27l4hke24855&titleType=title",
        "download_url": "https://www.chanmama.com/awemeDetail/6851498308968385792",
        "digg_count": 1744,
        "digg_incr": 81,
        "aweme_create_time": 1595238765,
        "category": 3,
        "volume": 0,
        "amount": 0
      },
      "author": {
        "author_id": "96106298622",
        "nickname": "是于十二",
        "follower_count": 181786
      }
    },
    {
      "aweme": {
        "aweme_id": "6851244168937803023",
        "aweme_title": "感谢抖音平台#读书 #读书分享 #学习 #英语",
        "aweme_url": "https://www.iesdouyin.com/share/video/6851244168937803023/?region=CN&mid=6668758712099949323&u_code=0&titleType=title",
        "download_url": "https://www.chanmama.com/awemeDetail/6851244168937803023",
        "digg_count": 1614,
        "digg_incr": 69,
        "aweme_create_time": 1595179612,
        "category": 3,
        "volume": 0,
        "amount": 0
      },
      "author": {
        "author_id": "110339444291",
        "nickname": "格雅英语",
        "follower_count": 203611
      }
    },
    {
      "aweme": {
        "aweme_id": "6851394599437536512",
        "aweme_title": "快来跟我一起养成星星眼呀！！这土豆片还是有那么点上头喔",
        "aweme_url": "https://www.iesdouyin.com/share/video/6851394599437536512/?region=CN&mid=6847696650589555464&u_code=31b2leb8m8fh&titleType=title",
        "download_url": "https://www.chanmama.com/awemeDetail/6851394599437536512",
        "digg_count": 2334,
        "digg_incr": 21,
        "aweme_create_time": 1595214618,
        "category": 3,
        "volume": 65,
        "amount": 1293.5
      },
      "author": {
        "author_id": "1239866560482719",
        "nickname": "奶油给你次。",
        "follower_count": 52865
      }
    },
    {
      "aweme": {
        "aweme_id": "6851517664771329280",
        "aweme_title": "#免洗发膜 #燕窝发膜 #高光发膜 托尼老师一直不肯告诉你的护发神器，免洗的发膜，稻草秒变海藻哦～@抖音小助手",
        "aweme_url": "https://www.iesdouyin.com/share/video/6851517664771329280/?region=CN&mid=6851517693200501511&u_code=0&titleType=title",
        "download_url": "https://www.chanmama.com/awemeDetail/6851517664771329280",
        "digg_count": 1164,
        "digg_incr": 1,
        "aweme_create_time": 1595243271,
        "category": 3,
        "volume": 0,
        "amount": 0
      },
      "author": {
        "author_id": "3179385940352520",
        "nickname": "嗲汩",
        "follower_count": 221748
      }
    },
    {
      "aweme": {
        "aweme_id": "6851421262841924871",
        "aweme_title": "绝美丝绒色～超显白！里面还藏着小星星哦",
        "aweme_url": "https://www.iesdouyin.com/share/video/6851421262841924871/?region=CN&mid=6812538880793774082&u_code=0&titleType=title",
        "download_url": "https://www.chanmama.com/awemeDetail/6851421262841924871",
        "digg_count": 1196,
        "digg_incr": 8,
        "aweme_create_time": 1595239200,
        "category": 3,
        "volume": 0,
        "amount": 0
      },
      "author": {
        "author_id": "81191008720",
        "nickname": "你的芳姨",
        "follower_count": 202082
      }
    },
    {
      "aweme": {
        "aweme_id": "6851397401232657671",
        "aweme_title": "#奥克斯足浴盆 点👆👆车车下丹，领100绻！",
        "aweme_url": "https://www.iesdouyin.com/share/video/6851397401232657671/?region=CN&mid=6851397411458255623&u_code=1dbh6lbg8m2e&titleType=title",
        "download_url": "https://www.chanmama.com/awemeDetail/6851397401232657671",
        "digg_count": 1118,
        "digg_incr": "-",
        "aweme_create_time": 1595215271,
        "category": 3,
        "volume": 0,
        "amount": 0
      },
      "author": {
        "author_id": "1626886335373981",
        "nickname": "西峰区育古百货",
        "follower_count": 11369
      }
    },
    {
      "aweme": {
        "aweme_id": "6851483675243056399",
        "aweme_title": "介个清洁彩妆残留泡泡面膜 爱了爱了#malingoetz #泡泡清洁面膜",
        "aweme_url": "https://www.iesdouyin.com/share/video/6851483675243056399/?region=CN&mid=6679663039014439691&u_code=0&titleType=title",
        "download_url": "https://www.chanmama.com/awemeDetail/6851483675243056399",
        "digg_count": 1287,
        "digg_incr": 8,
        "aweme_create_time": 1595241492,
        "category": 3,
        "volume": 0,
        "amount": 0
      },
      "author": {
        "author_id": "382239111651923",
        "nickname": "zZ元气酱",
        "follower_count": 110507
      }
    },
    {
      "aweme": {
        "aweme_id": "6851500485820599567",
        "aweme_title": "在能力范围之内让生活更精致一点#男士沐浴露",
        "aweme_url": "https://www.iesdouyin.com/share/video/6851500485820599567/?region=CN&mid=6851500504997366541&u_code=0&titleType=title",
        "download_url": "https://www.chanmama.com/awemeDetail/6851500485820599567",
        "digg_count": 1392,
        "digg_incr": "-",
        "aweme_create_time": 1595239272,
        "category": 3,
        "volume": 0,
        "amount": 0
      },
      "author": {
        "author_id": "100612401693",
        "nickname": "你脸红什么啊🤔",
        "follower_count": 1491
      }
    },
    {
      "aweme": {
        "aweme_id": "6851549834948644099",
        "aweme_title": "国货超好用的四款眼霜大集合来咯！@抖音小助手",
        "aweme_url": "https://www.iesdouyin.com/share/video/6851549834948644099/?region=CN&mid=6851549867341957896&u_code=0&titleType=title",
        "download_url": "https://www.chanmama.com/awemeDetail/6851549834948644099",
        "digg_count": 1168,
        "digg_incr": 5,
        "aweme_create_time": 1595250765,
        "category": 3,
        "volume": 42,
        "amount": 2768
      },
      "author": {
        "author_id": "2809997929482605",
        "nickname": "'彤彤重逢国货铺",
        "follower_count": 287581
      }
    },
    {
      "aweme": {
        "aweme_id": "6851481690947341582",
        "aweme_title": "详细的遮瑕教程~ #苹果原相机 #遮瑕",
        "aweme_url": "https://www.iesdouyin.com/share/video/6851481690947341582/?region=CN&mid=6851481819314309896&u_code=379jm8h3l53m&titleType=title",
        "download_url": "https://www.chanmama.com/awemeDetail/6851481690947341582",
        "digg_count": 3229,
        "digg_incr": 92,
        "aweme_create_time": 1595234917,
        "category": 3,
        "volume": 14,
        "amount": 1246
      },
      "author": {
        "author_id": "100409457664",
        "nickname": "是星星啊cc",
        "follower_count": 53245
      }
    },
    {
      "aweme": {
        "aweme_id": "6851495015198395656",
        "aweme_title": "出门在外没带支架和补光灯，是我鲁莽了#日常妆 #单眼皮",
        "aweme_url": "https://www.iesdouyin.com/share/video/6851495015198395656/?region=CN&mid=6846262676767673096&u_code=13h2b42lac20&titleType=title",
        "download_url": "https://www.chanmama.com/awemeDetail/6851495015198395656",
        "digg_count": 1455,
        "digg_incr": 34,
        "aweme_create_time": 1595237999,
        "category": 3,
        "volume": 4,
        "amount": 119.6
      },
      "author": {
        "author_id": "63952669139",
        "nickname": "小顾是个精灵鬼",
        "follower_count": 144494
      }
    },
    {
      "aweme": {
        "aweme_id": "6851396567266610445",
        "aweme_title": "#长虹足浴盆 点☝️☝️车车下丹，领100绻！",
        "aweme_url": "https://www.iesdouyin.com/share/video/6851396567266610445/?region=CN&mid=6851396572048018184&u_code=2k5aafja7dbf&titleType=title",
        "download_url": "https://www.chanmama.com/awemeDetail/6851396567266610445",
        "digg_count": 1092,
        "digg_incr": "-",
        "aweme_create_time": 1595215077,
        "category": 3,
        "volume": 0,
        "amount": 0
      },
      "author": {
        "author_id": "1626886335373981",
        "nickname": "西峰区育古百货",
        "follower_count": 11369
      }
    },
    {
      "aweme": {
        "aweme_id": "6851413210411633932",
        "aweme_title": "我的天 小冰钻的性价比也太可以了吧 #电动牙刷 #mole电动牙刷",
        "aweme_url": "https://www.iesdouyin.com/share/video/6851413210411633932/?region=CN&mid=6851413408512756494&u_code=29e685i9la4c&titleType=title",
        "download_url": "https://www.chanmama.com/awemeDetail/6851413210411633932",
        "digg_count": 1249,
        "digg_incr": "-",
        "aweme_create_time": 1595218994,
        "category": 3,
        "volume": 0,
        "amount": 0
      },
      "author": {
        "author_id": "4406470366471918",
        "nickname": "迷路小麋鹿er",
        "follower_count": 48
      }
    },
    {
      "aweme": {
        "aweme_id": "6851502412151262475",
        "aweme_title": "仙女的夏日战场又也能容🍓鼻放肆#hfp鼻贴 #hfp乳糖酸鼻贴 #薇娅 #鼻贴 #优惠券",
        "aweme_url": "https://www.iesdouyin.com/share/video/6851502412151262475/?region=CN&mid=6838154549069417224&u_code=1e86e3gfc222&titleType=title",
        "download_url": "https://www.chanmama.com/awemeDetail/6851502412151262475",
        "digg_count": 1738,
        "digg_incr": "-",
        "aweme_create_time": 1595239728,
        "category": 3,
        "volume": 0,
        "amount": 0
      },
      "author": {
        "author_id": "1081565377475774",
        "nickname": "我是林小小",
        "follower_count": 1213
      }
    },
    {
      "aweme": {
        "aweme_id": "6851390898735942912",
        "aweme_title": "熬夜党的王炸面膜，快给暗沉干燥的脸来杯夏日emoji吧～#高姿面膜蜂巢水库 #高姿面膜 #补水面膜 #陈彦妃",
        "aweme_url": "https://www.iesdouyin.com/share/video/6851390898735942912/?region=CN&mid=6851390910085729038&u_code=i5hd8ml6f59&titleType=title",
        "download_url": "https://www.chanmama.com/awemeDetail/6851390898735942912",
        "digg_count": 2546,
        "digg_incr": 3,
        "aweme_create_time": 1595213757,
        "category": 3,
        "volume": 116,
        "amount": 9164
      },
      "author": {
        "author_id": "606577411767076",
        "nickname": "伴伴❤️分享",
        "follower_count": 12297
      }
    },
    {
      "aweme": {
        "aweme_id": "6851396686875577612",
        "aweme_title": "可以抗老紧致的保湿水 我选蓓慕海藻润泽水#护肤",
        "aweme_url": "https://www.iesdouyin.com/share/video/6851396686875577612/?region=CN&mid=6851396737022675726&u_code=21mah37i2207&titleType=title",
        "download_url": "https://www.chanmama.com/awemeDetail/6851396686875577612",
        "digg_count": 1040,
        "digg_incr": 4,
        "aweme_create_time": 1595215112,
        "category": 3,
        "volume": 0,
        "amount": 0
      },
      "author": {
        "author_id": "61322451668",
        "nickname": "LM琳曼🌈",
        "follower_count": 826104
      }
    },
    {
      "aweme": {
        "aweme_id": "6851425844632636675",
        "aweme_title": "带脉不通，小蛮腰不见了，和我一起刷起来疏通带脉#缓解妇科#腰部寒凉，#瘦肚子，#瘦侧腰，夏天瘦腰的好时节#健康",
        "aweme_url": "https://www.iesdouyin.com/share/video/6851425844632636675/?region=CN&mid=6800657387302292232&u_code=3ifejf4ch7m&titleType=title",
        "download_url": "https://www.chanmama.com/awemeDetail/6851425844632636675",
        "digg_count": 1336,
        "digg_incr": "-",
        "aweme_create_time": 1595221902,
        "category": 3,
        "volume": 1,
        "amount": 48
      },
      "author": {
        "author_id": "100367105976",
        "nickname": "蓉蓉健康之家",
        "follower_count": 23276
      }
    },
    {
      "aweme": {
        "aweme_id": "6851448369865329928",
        "aweme_title": "5周时间，记录我的脱毛全过程#测评测评 #我又心动了 #变白 #黑科技 #脱毛前后",
        "aweme_url": "https://www.iesdouyin.com/share/video/6851448369865329928/?region=CN&mid=6851448485003463437&u_code=27l4hkd95f9c&titleType=title",
        "download_url": "https://www.chanmama.com/awemeDetail/6851448369865329928",
        "digg_count": 1050,
        "digg_incr": 6,
        "aweme_create_time": 1595235574,
        "category": 3,
        "volume": 0,
        "amount": 0
      },
      "author": {
        "author_id": "5270573573",
        "nickname": "直子",
        "follower_count": 109309
      }
    },
    {
      "aweme": {
        "aweme_id": "6851382881957235980",
        "aweme_title": "你分手了都让前任忘不了的是什么？如果没有那是你还没有用过半格诗#香水 @DOU+小助手",
        "aweme_url": "https://www.iesdouyin.com/share/video/6851382881957235980/?region=CN&mid=6851382929948412685&u_code=gmaek20dh2c&titleType=title",
        "download_url": "https://www.chanmama.com/awemeDetail/6851382881957235980",
        "digg_count": 1648,
        "digg_incr": "-",
        "aweme_create_time": 1595211899,
        "category": 3,
        "volume": 11,
        "amount": 638
      },
      "author": {
        "author_id": "98354795536",
        "nickname": "巴莉奥barrio香水",
        "follower_count": 1245
      }
    },
    {
      "aweme": {
        "aweme_id": "6851449161905229064",
        "aweme_title": "想要变白变美怎能少了它？#变白 #变美#夏日  #好物推荐 #好物种草",
        "aweme_url": "https://www.iesdouyin.com/share/video/6851449161905229064/?region=CN&mid=6851449300925418248&u_code=4d70jaa87c69&titleType=title",
        "download_url": "https://www.chanmama.com/awemeDetail/6851449161905229064",
        "digg_count": 1085,
        "digg_incr": 17,
        "aweme_create_time": 1595235560,
        "category": 3,
        "volume": 0,
        "amount": 0
      },
      "author": {
        "author_id": "435036287667038",
        "nickname": "[纹叶]",
        "follower_count": 122127
      }
    },
    {
      "aweme": {
        "aweme_id": "6851470245916445959",
        "aweme_title": "在吃饭的别点开！老王的黑头会让你想吐🤮#清洁面膜",
        "aweme_url": "https://www.iesdouyin.com/share/video/6851470245916445959/?region=CN&mid=6851470304888228622&u_code=0&titleType=title",
        "download_url": "https://www.chanmama.com/awemeDetail/6851470245916445959",
        "digg_count": 1990,
        "digg_incr": 62,
        "aweme_create_time": 1595239200,
        "category": 3,
        "volume": 7,
        "amount": 616
      },
      "author": {
        "author_id": "58905245087",
        "nickname": "小王同学_hana",
        "follower_count": 668511
      }
    },
    {
      "aweme": {
        "aweme_id": "6851402285084429575",
        "aweme_title": "被颜值耽误了的老国货蜂胶眼霜，有黑眼圈眼袋细纹，用它效果不输大牌",
        "aweme_url": "https://www.iesdouyin.com/share/video/6851402285084429575/?region=CN&mid=6851402385479273229&u_code=0&titleType=title",
        "download_url": "https://www.chanmama.com/awemeDetail/6851402285084429575",
        "digg_count": 1441,
        "digg_incr": 250,
        "aweme_create_time": 1595216428,
        "category": 3,
        "volume": 16,
        "amount": 910.4
      },
      "author": {
        "author_id": "84586424504",
        "nickname": "國货（时光记忆）",
        "follower_count": 88884
      }
    },
    {
      "aweme": {
        "aweme_id": "6851414888703593728",
        "aweme_title": "李东旭色彩图 多段发可以一步统一的配方",
        "aweme_url": "https://www.iesdouyin.com/share/video/6851414888703593728/?region=CN&mid=6843607089181362177&u_code=1am3aa602ah1&titleType=title",
        "download_url": "https://www.chanmama.com/awemeDetail/6851414888703593728",
        "digg_count": 1318,
        "digg_incr": 27,
        "aweme_create_time": 1595219342,
        "category": 3,
        "volume": 54,
        "amount": 3672
      },
      "author": {
        "author_id": "75368473327",
        "nickname": "万家文墨",
        "follower_count": 64454
      }
    },
    {
      "aweme": {
        "aweme_id": "6851496675807087872",
        "aweme_title": "我带着它来了#美妆护肤 #卸妆 @抖音小助手",
        "aweme_url": "https://www.iesdouyin.com/share/video/6851496675807087872/?region=CN&mid=6851496702814292750&u_code=0&titleType=title",
        "download_url": "https://www.chanmama.com/awemeDetail/6851496675807087872",
        "digg_count": 2616,
        "digg_incr": 4,
        "aweme_create_time": 1595238385,
        "category": 3,
        "volume": 0,
        "amount": 0
      },
      "author": {
        "author_id": "62577651397",
        "nickname": "蒲儿姓蒲",
        "follower_count": 660408
      }
    },
    {
      "aweme": {
        "aweme_id": "6851461943329410316",
        "aweme_title": "瑕疵皮的夏日质感底妆分享#单眼皮 #妆容",
        "aweme_url": "https://www.iesdouyin.com/share/video/6851461943329410316/?region=CN&mid=6851461998891272974&u_code=379jm8h3l53m&titleType=title",
        "download_url": "https://www.chanmama.com/awemeDetail/6851461943329410316",
        "digg_count": 1236,
        "digg_incr": 15,
        "aweme_create_time": 1595238803,
        "category": 3,
        "volume": 0,
        "amount": 0
      },
      "author": {
        "author_id": "57478770868",
        "nickname": "CherryDevil",
        "follower_count": 168872
      }
    },
    {
      "aweme": {
        "aweme_id": "6851439464519175432",
        "aweme_title": "“我不能说一辈子只能爱一个人，这根本不可能，一定有个人能让我笑得最灿烂，哭得最透彻，记的最深刻。”@抖音小助手",
        "aweme_url": "https://www.iesdouyin.com/share/video/6851439464519175432/?region=CN&mid=6840751028170803975&u_code=0&titleType=title",
        "download_url": "https://www.chanmama.com/awemeDetail/6851439464519175432",
        "digg_count": 1143,
        "digg_incr": 10,
        "aweme_create_time": 1595225066,
        "category": 3,
        "volume": 0,
        "amount": 0
      },
      "author": {
        "author_id": "108471571923",
        "nickname": "张艳",
        "follower_count": 330531
      }
    },
    {
      "aweme": {
        "aweme_id": "6851460442481626380",
        "aweme_title": "你曾经那么爱的人，到最后却没有了结果，你有没有感觉好遗憾？#美妆 #情感 #抖音小助手 @电商小助手",
        "aweme_url": "https://www.iesdouyin.com/share/video/6851460442481626380/?region=CN&mid=6851460496831384334&u_code=1d1mfeihje50&titleType=title",
        "download_url": "https://www.chanmama.com/awemeDetail/6851460442481626380",
        "digg_count": 11716,
        "digg_incr": 21,
        "aweme_create_time": 1595229958,
        "category": 3,
        "volume": 3,
        "amount": 294
      },
      "author": {
        "author_id": "69851832016",
        "nickname": "118882966",
        "follower_count": 143363
      }
    },
    {
      "aweme": {
        "aweme_id": "6851514488772955403",
        "aweme_title": "每天#疏通带脉 远离#妊娠纹 抚平小肚子，和我一起刷起来！#瘦肚子 #腰部寒凉 #小蛮腰 #锻炼",
        "aweme_url": "https://www.iesdouyin.com/share/video/6851514488772955403/?region=CN&mid=6800657387302292232&u_code=0&titleType=title",
        "download_url": "https://www.chanmama.com/awemeDetail/6851514488772955403",
        "digg_count": 1421,
        "digg_incr": 87,
        "aweme_create_time": 1595242538,
        "category": 3,
        "volume": 0,
        "amount": 0
      },
      "author": {
        "author_id": "2563692808117895",
        "nickname": "合泰健身课堂",
        "follower_count": 300968
      }
    },
    {
      "aweme": {
        "aweme_id": "6851465755930660096",
        "aweme_title": "#口红试色 女孩子不能多有几个#男朋友 还能多几个#口红 了！！@电商小助手 #狗子 #闺蜜",
        "aweme_url": "https://www.iesdouyin.com/share/video/6851465755930660096/?region=CN&mid=6477398356422789901&u_code=22958c82g6a9&titleType=title",
        "download_url": "https://www.chanmama.com/awemeDetail/6851465755930660096",
        "digg_count": 1121,
        "digg_incr": "-",
        "aweme_create_time": 1595231186,
        "category": 3,
        "volume": 372,
        "amount": 706.8
      },
      "author": {
        "author_id": "857223250584660",
        "nickname": "桃子蜜好物集🍑",
        "follower_count": 23278
      }
    },
    {
      "aweme": {
        "aweme_id": "6851434281999338760",
        "aweme_title": "给男盆友安排的面膜到了，让他从此告别嘿脸豆豆肌，白白净净的男孩子才会有女生爱😊",
        "aweme_url": "https://www.iesdouyin.com/share/video/6851434281999338760/?region=CN&mid=6851434288106638087&u_code=jc1b9hk96fm&titleType=title",
        "download_url": "https://www.chanmama.com/awemeDetail/6851434281999338760",
        "digg_count": 4843,
        "digg_incr": "-",
        "aweme_create_time": 1595223858,
        "category": 3,
        "volume": 0,
        "amount": 0
      },
      "author": {
        "author_id": "2792394183418827",
        "nickname": "苏小小",
        "follower_count": 250315
      }
    },
    {
      "aweme": {
        "aweme_id": "6851399564226825486",
        "aweme_title": "打假测评清洁力好又很温和的竹炭洁面液，不好用就扔掉！#测评",
        "aweme_url": "https://www.iesdouyin.com/share/video/6851399564226825486/?region=CN&mid=6851399586011974407&u_code=0&titleType=title",
        "download_url": "https://www.chanmama.com/awemeDetail/6851399564226825486",
        "digg_count": 9058,
        "digg_incr": 628,
        "aweme_create_time": 1595235600,
        "category": 3,
        "volume": 3,
        "amount": 149.7
      },
      "author": {
        "author_id": "4252555486439623",
        "nickname": "熊老三打假测评",
        "follower_count": 651433
      }
    },
    {
      "aweme": {
        "aweme_id": "6851352993749634312",
        "aweme_title": "中午12点集合喽，潮妈直播😘😘😘#抖音🔥🔥🔥 #抖音🔥🔥🔥 #七月你好",
        "aweme_url": "https://www.iesdouyin.com/share/video/6851352993749634312/?region=CN&mid=6754434162377100035&u_code=4f4lc5l78l4&titleType=title",
        "download_url": "https://www.chanmama.com/awemeDetail/6851352993749634312",
        "digg_count": 1090,
        "digg_incr": 10,
        "aweme_create_time": 1595204934,
        "category": 3,
        "volume": 0,
        "amount": 0
      },
      "author": {
        "author_id": "109110889954",
        "nickname": "潮妈衣帽店",
        "follower_count": 74765
      }
    }
  ]
}