{"data": [{"aweme": {"aweme_id": "6851485972773833996", "aweme_title": "#程秀琴🤞 彩票，那些事儿", "aweme_url": "https://www.iesdouyin.com/share/video/6851485972773833996/?region=CN&mid=6851486044630600462&u_code=27l4hkd95f9c&titleType=title", "download_url": "https://www.chanmama.com/awemeDetail/6851485972773833996", "digg_count": 286898, "digg_incr": 301, "aweme_create_time": 1595235901, "category": 5, "volume": 9, "amount": 414}, "author": {"author_id": "109977400980", "nickname": "程秀琴🤞", "follower_count": 648541}}, {"aweme": {"aweme_id": "6851550518137916679", "aweme_title": "感觉没必要分期，全款拿了！", "aweme_url": "https://www.iesdouyin.com/share/video/6851550518137916679/?region=CN&mid=6851550661428546317&u_code=0&titleType=title", "download_url": "https://www.chanmama.com/awemeDetail/6851550518137916679", "digg_count": 187582, "digg_incr": -176, "aweme_create_time": 1595250952, "category": 5, "volume": 19607, "amount": 194109.30000000002}, "author": {"author_id": "97990141349", "nickname": "康康运动严选", "follower_count": 106216}}, {"aweme": {"aweme_id": "6851464062736387341", "aweme_title": "欢迎收看大型无聊生活剧！小不点的成人礼？？？#无聊生活剧", "aweme_url": "https://www.iesdouyin.com/share/video/6851464062736387341/?region=CN&mid=6851464076158520072&u_code=gmaek20dh2c&titleType=title", "download_url": "https://www.chanmama.com/awemeDetail/6851464062736387341", "digg_count": 128316, "digg_incr": 8479, "aweme_create_time": 1595242653, "category": 5, "volume": 392, "amount": 34888}, "author": {"author_id": "91873071792", "nickname": "兔子先生的宅生活", "follower_count": 728755}}, {"aweme": {"aweme_id": "6851521129870347532", "aweme_title": "#程秀琴🤞", "aweme_url": "https://www.iesdouyin.com/share/video/6851521129870347532/?region=CN&mid=6851521200066169608&u_code=379jm8h3l53m&titleType=title", "download_url": "https://www.chanmama.com/awemeDetail/6851521129870347532", "digg_count": 62195, "digg_incr": 299, "aweme_create_time": 1595244084, "category": 5, "volume": 2, "amount": 92}, "author": {"author_id": "109977400980", "nickname": "程秀琴🤞", "follower_count": 648541}}, {"aweme": {"aweme_id": "6851504956747353357", "aweme_title": "看完你就知道背什么包了   #是时候上场了  @路人王篮球   #抖音球鞋测评", "aweme_url": "https://www.iesdouyin.com/share/video/6851504956747353357/?region=CN&mid=6851505066058648334&u_code=2k5ab5a5913d&titleType=title", "download_url": "https://www.chanmama.com/awemeDetail/6851504956747353357", "digg_count": 60799, "digg_incr": 459, "aweme_create_time": 1595240333, "category": 5, "volume": 128, "amount": 3814.4}, "author": {"author_id": "2554895089008861", "nickname": "可以才说-FC", "follower_count": 742722}}, {"aweme": {"aweme_id": "6851509453989334285", "aweme_title": "就问你这个火霍霍的火不火？不说一段儿怎么学#画画 #油画棒 #教程 @抖音小助手", "aweme_url": "https://www.iesdouyin.com/share/video/6851509453989334285/?region=CN&mid=6851509545743682318&u_code=0&titleType=title", "download_url": "https://www.chanmama.com/awemeDetail/6851509453989334285", "digg_count": 286698, "digg_incr": 108567, "aweme_create_time": 1595241376, "category": 5, "volume": 5, "amount": 54}, "author": {"author_id": "84081425245", "nickname": "神经笔", "follower_count": 235570}}, {"aweme": {"aweme_id": "6851458603455368463", "aweme_title": "张嘉芮：“可以换个姐夫吗”#三谷 #沐浴露", "aweme_url": "https://www.iesdouyin.com/share/video/6851458603455368463/?region=CN&mid=6836991226521094146&u_code=0&titleType=title", "download_url": "https://www.chanmama.com/awemeDetail/6851458603455368463", "digg_count": 45995, "digg_incr": 4795, "aweme_create_time": 1595239200, "category": 5, "volume": 149, "amount": 9685}, "author": {"author_id": "1134318814496989", "nickname": "多肉小芮", "follower_count": 391388}}, {"aweme": {"aweme_id": "6851439531896392963", "aweme_title": "#vlog日常 想喝白桃乌龙茶了", "aweme_url": "https://www.iesdouyin.com/share/video/6851439531896392963/?region=CN&mid=6851413309405661965&u_code=0&titleType=title", "download_url": "https://www.chanmama.com/awemeDetail/6851439531896392963", "digg_count": 26992, "digg_incr": 607, "aweme_create_time": 1595239200, "category": 5, "volume": 31, "amount": 1829}, "author": {"author_id": "111500543921", "nickname": "Yik -", "follower_count": 282885}}, {"aweme": {"aweme_id": "6851521025079856384", "aweme_title": "老板娘悲伤到晕厥...#717抖音奇妙好物市集 #抖音小助手 #我要上热门 #发绳", "aweme_url": "https://www.iesdouyin.com/share/video/6851521025079856384/?region=CN&mid=6851521033816623886&u_code=0&titleType=title", "download_url": "https://www.chanmama.com/awemeDetail/6851521025079856384", "digg_count": 24916, "digg_incr": 442, "aweme_create_time": 1595244054, "category": 5, "volume": 159, "amount": 1574.1000000000001}, "author": {"author_id": "223951651606055", "nickname": "时尚麦乐", "follower_count": 236376}}, {"aweme": {"aweme_id": "6851496903666896128", "aweme_title": "手帐素材包测评#手帐素材 #手帐 @抖音小助手", "aweme_url": "https://www.iesdouyin.com/share/video/6851496903666896128/?region=CN&mid=6734569335194501134&u_code=0&titleType=title", "download_url": "https://www.chanmama.com/awemeDetail/6851496903666896128", "digg_count": 18222, "digg_incr": 177, "aweme_create_time": 1595238438, "category": 5, "volume": 72, "amount": 1432.08}, "author": {"author_id": "73707343156", "nickname": "TongC小萝卜", "follower_count": 504604}}, {"aweme": {"aweme_id": "6851362342719081743", "aweme_title": "回娘家看到#婆婆 居然用这块毛巾洗脸，我也是醉了，抖音里的方法教她洗，结果……#翻新 #家居好物 @抖音小助手", "aweme_url": "https://www.iesdouyin.com/share/video/6851362342719081743/?region=CN&mid=6851362337933232903&u_code=0&titleType=title", "download_url": "https://www.chanmama.com/awemeDetail/6851362342719081743", "digg_count": 34009, "digg_incr": 2600, "aweme_create_time": 1595207110, "category": 5, "volume": 8, "amount": 384}, "author": {"author_id": "60351116814", "nickname": "潇然百货", "follower_count": 202732}}, {"aweme": {"aweme_id": "6851364990641769743", "aweme_title": "星河滚烫，你是人间理想.#复古 #火漆", "aweme_url": "https://www.iesdouyin.com/share/video/6851364990641769743/?region=CN&mid=6848386813334276872&u_code=0&titleType=title", "download_url": "https://www.chanmama.com/awemeDetail/6851364990641769743", "digg_count": 25994, "digg_incr": 2393, "aweme_create_time": 1595207726, "category": 5, "volume": 8, "amount": 175.2}, "author": {"author_id": "94045225558", "nickname": "𝑭𝒓𝒐𝒛𝒆𝒏. 𝑳", "follower_count": 459962}}, {"aweme": {"aweme_id": "6851422809093180687", "aweme_title": "#vlog日常 听说99%的人打出“nc”都是奶茶", "aweme_url": "https://www.iesdouyin.com/share/video/6851422809093180687/?region=CN&mid=6746546984577927940&u_code=0&titleType=title", "download_url": "https://www.chanmama.com/awemeDetail/6851422809093180687", "digg_count": 16806, "digg_incr": 498, "aweme_create_time": 1595239200, "category": 5, "volume": 1, "amount": 75.9}, "author": {"author_id": "62651536819", "nickname": "Sweetie甜橋.🐇", "follower_count": 598851}}, {"aweme": {"aweme_id": "6851475692975131911", "aweme_title": "这世道太好商量也是一个错！# 马克笔 #宝妈  #717奇妙好物在这里", "aweme_url": "https://www.iesdouyin.com/share/video/6851475692975131911/?region=CN&mid=6851475793869114119&u_code=1am3aa602ah1&titleType=title", "download_url": "https://www.chanmama.com/awemeDetail/6851475692975131911", "digg_count": 10605, "digg_incr": 2, "aweme_create_time": 1595233521, "category": 5, "volume": 7, "amount": 188.29999999999998}, "author": {"author_id": "2308612364440180", "nickname": "小玲优选", "follower_count": 71025}}, {"aweme": {"aweme_id": "6851516691738807567", "aweme_title": "各科老师的情感语录", "aweme_url": "https://www.iesdouyin.com/share/video/6851516691738807567/?region=CN&mid=6851516707509504781&u_code=0&titleType=title", "download_url": "https://www.chanmama.com/awemeDetail/6851516691738807567", "digg_count": 14539, "digg_incr": 727, "aweme_create_time": 1595243044, "category": 5, "volume": 0, "amount": 0}, "author": {"author_id": "3795161102680931", "nickname": "阿卿", "follower_count": 332103}}, {"aweme": {"aweme_id": "6851353267654462734", "aweme_title": "整那一出好像你敢踢似的#家有暴风雪@♥暴风雪☞", "aweme_url": "https://www.iesdouyin.com/share/video/6851353267654462734/?region=CN&mid=6851353255533185799&u_code=0&titleType=title", "download_url": "https://www.chanmama.com/awemeDetail/6851353267654462734", "digg_count": 11775, "digg_incr": 1718, "aweme_create_time": 1595204998, "category": 5, "volume": 0, "amount": 0}, "author": {"author_id": "65589891956", "nickname": "胖大山And暴风雪", "follower_count": 287819}}, {"aweme": {"aweme_id": "6851382726189174027", "aweme_title": "姐姐你让我找的好苦，来个拥抱吧", "aweme_url": "https://www.iesdouyin.com/share/video/6851382726189174027/?region=CN&mid=6848117560940956430&u_code=0&titleType=title", "download_url": "https://www.chanmama.com/awemeDetail/6851382726189174027", "digg_count": 10037, "digg_incr": 221, "aweme_create_time": 1595211892, "category": 5, "volume": 0, "amount": 0}, "author": {"author_id": "98229938635", "nickname": "正能量暖哥呀", "follower_count": 321944}}, {"aweme": {"aweme_id": "6851225560060841229", "aweme_title": "这是我拿命换来的两张纸，必须好好保存，一不小心就生了两个儿子，这辈子看来只有当婆婆的命了", "aweme_url": "https://www.iesdouyin.com/share/video/6851225560060841229/?region=CN&mid=6801641674381626126&u_code=0&titleType=title", "download_url": "https://www.chanmama.com/awemeDetail/6851225560060841229", "digg_count": 9622, "digg_incr": "-", "aweme_create_time": 1595175266, "category": 5, "volume": 49, "amount": 169.54}, "author": {"author_id": "106774863405", "nickname": "蜡笔妈妈最美👩🏻", "follower_count": 117620}}, {"aweme": {"aweme_id": "6851258024288472320", "aweme_title": "希望对喜欢这个单人休闲伦巴的友友们有帮助！#原创单人休闲伦巴 @小棉袄&傲雪 @DOU+小助手 @抖音小助手", "aweme_url": "https://www.iesdouyin.com/share/video/6851258024288472320/?region=CN&mid=6851258019259468557&u_code=29e685i9la4c&titleType=title", "download_url": "https://www.chanmama.com/awemeDetail/6851258024288472320", "digg_count": 10696, "digg_incr": 205, "aweme_create_time": 1595182851, "category": 5, "volume": 12, "amount": 3314}, "author": {"author_id": "94090527874", "nickname": "傲雪", "follower_count": 97842}}, {"aweme": {"aweme_id": "6851416863533059335", "aweme_title": "〈无处不控挑战#〉数一数我过了多少人😎#GOTO @韩潮HC", "aweme_url": "https://www.iesdouyin.com/share/video/6851416863533059335/?region=CN&mid=6851416888778558215&u_code=0&titleType=title", "download_url": "https://www.chanmama.com/awemeDetail/6851416863533059335", "digg_count": 10117, "digg_incr": 149, "aweme_create_time": 1595219802, "category": 5, "volume": 21, "amount": 625.8000000000001}, "author": {"author_id": "68585646017", "nickname": "凯瑞图Carry2", "follower_count": 242784}}, {"aweme": {"aweme_id": "6851364717038931204", "aweme_title": "这个硅胶蒸笼垫太#好用了！食品级硅胶材质干净卫生，可反复使用，在也不会粘锅了", "aweme_url": "https://www.iesdouyin.com/share/video/6851364717038931204/?region=CN&mid=6851365244896758536&u_code=8kk8l7b72ei&titleType=title", "download_url": "https://www.chanmama.com/awemeDetail/6851364717038931204", "digg_count": 9768, "digg_incr": 674, "aweme_create_time": 1595207791, "category": 5, "volume": 929, "amount": 9197.1}, "author": {"author_id": "1820404453216142", "nickname": "哇塞好物推荐", "follower_count": 159243}}, {"aweme": {"aweme_id": "6851459267694841101", "aweme_title": "购买请关注@兄弟联真人CS装备 这个号的主页商品橱窗", "aweme_url": "https://www.iesdouyin.com/share/video/6851459267694841101/?region=CN&mid=6851459287618374413&u_code=1e86e3gfc222&titleType=title", "download_url": "https://www.chanmama.com/awemeDetail/6851459267694841101", "digg_count": 9905, "digg_incr": 464, "aweme_create_time": 1595229676, "category": 5, "volume": 8, "amount": 300}, "author": {"author_id": "100822123158", "nickname": "兄弟联真人cs装备", "follower_count": 502297}}, {"aweme": {"aweme_id": "6851501405887368455", "aweme_title": "#哈利波特 酒保在做酒保之前，从事了一些其他工作，所以会的多一点很合理。", "aweme_url": "https://www.iesdouyin.com/share/video/6851501405887368455/?region=CN&mid=6851501495934847758&u_code=0&titleType=title", "download_url": "https://www.chanmama.com/awemeDetail/6851501405887368455", "digg_count": 9021, "digg_incr": 149, "aweme_create_time": 1595239501, "category": 5, "volume": 17, "amount": 331.5}, "author": {"author_id": "94374284836", "nickname": "猪头酒吧酒保", "follower_count": 568436}}, {"aweme": {"aweme_id": "6851523147523525900", "aweme_title": "没有什么比坚持更强大 所有人都喜欢写字认真的你…#练字 #手写@抖音小助手 @DOU+小助手", "aweme_url": "https://www.iesdouyin.com/share/video/6851523147523525900/?region=CN&mid=6851523183473150734&u_code=b0ge2ik4jel&titleType=title", "download_url": "https://www.chanmama.com/awemeDetail/6851523147523525900", "digg_count": 6630, "digg_incr": -2, "aweme_create_time": 1595244554, "category": 5, "volume": 0, "amount": 0}, "author": {"author_id": "3913898042329981", "nickname": "琴石练字推荐", "follower_count": 3805}}, {"aweme": {"aweme_id": "6851440087952067848", "aweme_title": "复杂字简单写#感谢抖音", "aweme_url": "https://www.iesdouyin.com/share/video/6851440087952067848/?region=CN&mid=6851440107260070670&u_code=27l4hkd95f9c&titleType=title", "download_url": "https://www.chanmama.com/awemeDetail/6851440087952067848", "digg_count": 8273, "digg_incr": 300, "aweme_create_time": 1595225210, "category": 5, "volume": 13, "amount": 518.6999999999999}, "author": {"author_id": "102254890803", "nickname": "夏天练字", "follower_count": 931693}}, {"aweme": {"aweme_id": "6851486155075046656", "aweme_title": "这个调味瓶太有艺术感了！！放厨房都舍不得用！！#种草 #高颜值", "aweme_url": "https://www.iesdouyin.com/share/video/6851486155075046656/?region=CN&mid=6851486172251015949&u_code=0&titleType=title", "download_url": "https://www.chanmama.com/awemeDetail/6851486155075046656", "digg_count": 14419, "digg_incr": 299, "aweme_create_time": 1595235936, "category": 5, "volume": 8, "amount": 304}, "author": {"author_id": "2766002651411597", "nickname": "大方朱", "follower_count": 489762}}, {"aweme": {"aweme_id": "6851515926479703311", "aweme_title": "这到底是一根鸡毛 还是一片叶子啊", "aweme_url": "https://www.iesdouyin.com/share/video/6851515926479703311/?region=CN&mid=6798696497317153544&u_code=0&titleType=title", "download_url": "https://www.chanmama.com/awemeDetail/6851515926479703311", "digg_count": 19137, "digg_incr": 4356, "aweme_create_time": 1595242866, "category": 5, "volume": 0, "amount": 0}, "author": {"author_id": "63464661560", "nickname": "弄 画吧", "follower_count": 590453}}, {"aweme": {"aweme_id": "6851374045456272654", "aweme_title": "你还这样写姚字吗？", "aweme_url": "https://www.iesdouyin.com/share/video/6851374045456272654/?region=CN&mid=6851374035172166408&u_code=27l4hkd95f9c&titleType=title", "download_url": "https://www.chanmama.com/awemeDetail/6851374045456272654", "digg_count": 8035, "digg_incr": 245, "aweme_create_time": 1595209834, "category": 5, "volume": 12, "amount": 478.79999999999995}, "author": {"author_id": "102254890803", "nickname": "夏天练字", "follower_count": 931693}}, {"aweme": {"aweme_id": "6851411310807108872", "aweme_title": "现在的商家都封了吗？ #717抖音奇妙好物市集  #马克笔  #好物推荐", "aweme_url": "https://www.iesdouyin.com/share/video/6851411310807108872/?region=CN&mid=6851411409008724744&u_code=9h9fdl8jha1&titleType=title", "download_url": "https://www.chanmama.com/awemeDetail/6851411310807108872", "digg_count": 5932, "digg_incr": 0, "aweme_create_time": 1595218529, "category": 5, "volume": 83, "amount": 2232.7}, "author": {"author_id": "2308612364440180", "nickname": "小玲优选", "follower_count": 71025}}, {"aweme": {"aweme_id": "6851381394367696128", "aweme_title": "空中露台鱼池养鱼，会有蚊子吗？下雨怎么办？冬天怎么办？#鱼池 #露台", "aweme_url": "https://www.iesdouyin.com/share/video/6851381394367696128/?region=CN&mid=6851381401154063117&u_code=0&titleType=title", "download_url": "https://www.chanmama.com/awemeDetail/6851381394367696128", "digg_count": 8557, "digg_incr": 108, "aweme_create_time": 1595211545, "category": 5, "volume": 1, "amount": 45}, "author": {"author_id": "97713144206", "nickname": "素野君露台园艺", "follower_count": 541897}}, {"aweme": {"aweme_id": "6851441376341658892", "aweme_title": "内心慌的一批#我要上热门 #不要限流我要上热门 #创业", "aweme_url": "https://www.iesdouyin.com/share/video/6851441376341658892/?region=CN&mid=6851441411192113933&u_code=gmaek20dh2c&titleType=title", "download_url": "https://www.chanmama.com/awemeDetail/6851441376341658892", "digg_count": 5596, "digg_incr": -12, "aweme_create_time": 1595225519, "category": 5, "volume": 2526, "amount": 25007.4}, "author": {"author_id": "96469319477", "nickname": "荣光优选", "follower_count": 23249}}, {"aweme": {"aweme_id": "6851380750562921742", "aweme_title": "家用真空保鲜机", "aweme_url": "https://www.iesdouyin.com/share/video/6851380750562921742/?region=CN&mid=6851380749048892167&u_code=39cg4d6b9039&titleType=title", "download_url": "https://www.chanmama.com/awemeDetail/6851380750562921742", "digg_count": 5652, "digg_incr": -6, "aweme_create_time": 1595211395, "category": 5, "volume": 0, "amount": 0}, "author": {"author_id": "285511626014199", "nickname": "生活优品汇", "follower_count": 347368}}, {"aweme": {"aweme_id": "6851365445597924608", "aweme_title": "一个普通的人来到厂里面干着普通的工作，我喜欢这种，这就是最真实的我。干嘛大家不同意这个观点。#谢谢抖音官方", "aweme_url": "https://www.iesdouyin.com/share/video/6851365445597924608/?region=CN&mid=6761286182531042052&u_code=8kk8l7b72ei&titleType=title", "download_url": "https://www.chanmama.com/awemeDetail/6851365445597924608", "digg_count": 15121, "digg_incr": 2040, "aweme_create_time": 1595207832, "category": 5, "volume": 1, "amount": 6.9}, "author": {"author_id": "61783657298", "nickname": "天山雪莲", "follower_count": 57046}}, {"aweme": {"aweme_id": "6851489429664697615", "aweme_title": "这样你还说我赚💰？我就真的服了你的算数能力了", "aweme_url": "https://www.iesdouyin.com/share/video/6851489429664697615/?region=CN&mid=6851489432328080141&u_code=379jm8h3l53m&titleType=title", "download_url": "https://www.chanmama.com/awemeDetail/6851489429664697615", "digg_count": 4713, "digg_incr": 3, "aweme_create_time": 1595236698, "category": 5, "volume": 1664, "amount": 16473.600000000002}, "author": {"author_id": "870435004886184", "nickname": "峰哥又来了", "follower_count": 230540}}, {"aweme": {"aweme_id": "6851452211382340877", "aweme_title": "巨能装", "aweme_url": "https://www.iesdouyin.com/share/video/6851452211382340877/?region=CN&mid=6851452241510976263&u_code=1kgi6h6afg08&titleType=title", "download_url": "https://www.chanmama.com/awemeDetail/6851452211382340877", "digg_count": 4397, "digg_incr": 1, "aweme_create_time": 1595228033, "category": 5, "volume": 194, "amount": 3647.2000000000003}, "author": {"author_id": "2352544839898568", "nickname": "鲁大梅", "follower_count": 60378}}, {"aweme": {"aweme_id": "6851252790509997327", "aweme_title": "很多人骂我喷我说我我配不上她，但是她还是选择愿意跟着我吃着一份苦！希望我能给她更好的#傻子男友 #创业青年", "aweme_url": "https://www.iesdouyin.com/share/video/6851252790509997327/?region=CN&mid=6851253046610086663&u_code=29e685i9la4c&titleType=title", "download_url": "https://www.chanmama.com/awemeDetail/6851252790509997327", "digg_count": 4296, "digg_incr": -3, "aweme_create_time": 1595181684, "category": 5, "volume": 0, "amount": 0}, "author": {"author_id": "88430058045", "nickname": "广东步四季袜业", "follower_count": 48560}}, {"aweme": {"aweme_id": "6851557392077868299", "aweme_title": "这些历史典故的主人翁，你都有了解吗？赶紧收藏起来吧！#历史 #典故 #涨知识 #手写文字", "aweme_url": "https://www.iesdouyin.com/share/video/6851557392077868299/?region=CN&mid=6828385827354102542&u_code=0&titleType=title", "download_url": "https://www.chanmama.com/awemeDetail/6851557392077868299", "digg_count": 9384, "digg_incr": 1294, "aweme_create_time": 1595252524, "category": 5, "volume": 10, "amount": 350}, "author": {"author_id": "3689566242607912", "nickname": "抚沐", "follower_count": 763424}}, {"aweme": {"aweme_id": "6851348635636993280", "aweme_title": "以前我不缺💰，不缺爱，自从结了一次婚，现在即缺💰，也缺爱，还缺心眼，关键是还特么欠了一屁股zhai", "aweme_url": "https://www.iesdouyin.com/share/video/6851348635636993280/?region=CN&mid=6842560470071658503&u_code=2aaiela529d4&titleType=title", "download_url": "https://www.chanmama.com/awemeDetail/6851348635636993280", "digg_count": 4511, "digg_incr": 29, "aweme_create_time": 1595203920, "category": 5, "volume": 9, "amount": 89.10000000000001}, "author": {"author_id": "104273206332", "nickname": "记录我们的点点滴滴", "follower_count": 202990}}, {"aweme": {"aweme_id": "6851521857221348608", "aweme_title": "#儿童真人编发教程 #宝宝编发 #编发 #编发教程 @DOU+小助手 @抖音小助手", "aweme_url": "https://www.iesdouyin.com/share/video/6851521857221348608/?region=CN&mid=6851521869326142222&u_code=0&titleType=title", "download_url": "https://www.chanmama.com/awemeDetail/6851521857221348608", "digg_count": 5952, "digg_incr": 141, "aweme_create_time": 1595244247, "category": 5, "volume": 0, "amount": 0}, "author": {"author_id": "105953531422", "nickname": "彩虹妈妈爱编发1", "follower_count": 487186}}, {"aweme": {"aweme_id": "6851433754146114823", "aweme_title": "偷偷告诉你们在家也可以做，煎饼果子了。很多朋友问我面糊的方法都写在评论区了。￼￼", "aweme_url": "https://www.iesdouyin.com/share/video/6851433754146114823/?region=CN&mid=6679783854015777549&u_code=3aj0322m7cj7&titleType=title", "download_url": "https://www.chanmama.com/awemeDetail/6851433754146114823", "digg_count": 5288, "digg_incr": 44, "aweme_create_time": 1595223735, "category": 5, "volume": 182, "amount": 1419.6}, "author": {"author_id": "1490534760987476", "nickname": "10秒家常菜", "follower_count": 91445}}, {"aweme": {"aweme_id": "6851403006173367567", "aweme_title": "温暖的颜色和温暖的你.😌#复古 #火漆 #混色", "aweme_url": "https://www.iesdouyin.com/share/video/6851403006173367567/?region=CN&mid=6814366289314794243&u_code=0&titleType=title", "download_url": "https://www.chanmama.com/awemeDetail/6851403006173367567", "digg_count": 5950, "digg_incr": 186, "aweme_create_time": 1595216576, "category": 5, "volume": 1, "amount": 21.9}, "author": {"author_id": "94045225558", "nickname": "𝑭𝒓𝒐𝒛𝒆𝒏. 𝑳", "follower_count": 459962}}, {"aweme": {"aweme_id": "6851450964856048904", "aweme_title": "什么也挡不了我对钓鱼痴迷。 #钓鱼  #钓鱼那些事 @抖音小助手", "aweme_url": "https://www.iesdouyin.com/share/video/6851450964856048904/?region=CN&mid=6851451084087560973&u_code=0&titleType=title", "download_url": "https://www.chanmama.com/awemeDetail/6851450964856048904", "digg_count": 3371, "digg_incr": 7, "aweme_create_time": 1595227765, "category": 5, "volume": 5, "amount": 599.5}, "author": {"author_id": "72468766469", "nickname": "摆摊爱钓鱼", "follower_count": 324193}}, {"aweme": {"aweme_id": "6851479876545924352", "aweme_title": "#五月天 我爱你用五月天怎么说", "aweme_url": "https://www.iesdouyin.com/share/video/6851479876545924352/?region=CN&mid=6851479895399287560&u_code=0&titleType=title", "download_url": "https://www.chanmama.com/awemeDetail/6851479876545924352", "digg_count": 5137, "digg_incr": 270, "aweme_create_time": 1595234474, "category": 5, "volume": 0, "amount": 0}, "author": {"author_id": "95892646991", "nickname": "五月天饭团", "follower_count": 534862}}, {"aweme": {"aweme_id": "6851573927530056960", "aweme_title": "用的时候可能会有点自卑，但是终于可以清爽过夏天了！谁还不是个精致的仙女呢！", "aweme_url": "https://www.iesdouyin.com/share/video/6851573927530056960/?region=CN&mid=6847696650589555464&u_code=b0ge2ik4jel&titleType=title", "download_url": "https://www.chanmama.com/awemeDetail/6851573927530056960", "digg_count": 6618, "digg_incr": 272, "aweme_create_time": 1595256372, "category": 5, "volume": 0, "amount": 0}, "author": {"author_id": "2400959729242411", "nickname": "祖贤她妹祖安", "follower_count": 3486}}, {"aweme": {"aweme_id": "6850379622606032142", "aweme_title": "这是最平凡的一天啊，你也想念吗？#平遥古城 #植观 #旅行vlog #发膜", "aweme_url": "https://www.iesdouyin.com/share/video/6850379622606032142/?region=CN&mid=6850379733285866253&u_code=0&titleType=title", "download_url": "https://www.chanmama.com/awemeDetail/6850379622606032142", "digg_count": 7750, "digg_incr": 1494, "aweme_create_time": 1595242800, "category": 5, "volume": 2, "amount": 198}, "author": {"author_id": "95899946249", "nickname": "Zeta-Zeta（是小墨啊）", "follower_count": 450661}}, {"aweme": {"aweme_id": "6851401920473599244", "aweme_title": "以为媳妇去洗衣服了，想出门玩玩，没想到辣妹子￼在门口等着我洗，有洗衣凝珠三两件衣服我搞定就是@抖音小助手", "aweme_url": "https://www.iesdouyin.com/share/video/6851401920473599244/?region=CN&mid=6561031505396091655&u_code=379jm8h3l53m&titleType=title", "download_url": "https://www.chanmama.com/awemeDetail/6851401920473599244", "digg_count": 3061, "digg_incr": 22, "aweme_create_time": 1595216332, "category": 5, "volume": 12, "amount": 118.80000000000001}, "author": {"author_id": "1288249534842587", "nickname": "猪猪兄弟(甄选)", "follower_count": 95960}}, {"aweme": {"aweme_id": "6851384165313694990", "aweme_title": "这个削笔器 你们喜欢吗？正在直播~#企业号", "aweme_url": "https://www.iesdouyin.com/share/video/6851384165313694990/?region=CN&mid=6851384472009526023&u_code=2d09blljf2md&titleType=title", "download_url": "https://www.chanmama.com/awemeDetail/6851384165313694990", "digg_count": 2572, "digg_incr": -1, "aweme_create_time": 1595212260, "category": 5, "volume": 918, "amount": 9088.2}, "author": {"author_id": "96049627140", "nickname": "LH981482027", "follower_count": 193059}}, {"aweme": {"aweme_id": "6851509575053593871", "aweme_title": "#手帐 这么万能的胶带，马上安排起来！", "aweme_url": "https://www.iesdouyin.com/share/video/6851509575053593871/?region=CN&mid=6851509593013521166&u_code=4e3d3322c7c4&titleType=title", "download_url": "https://www.chanmama.com/awemeDetail/6851509575053593871", "digg_count": 4149, "digg_incr": 151, "aweme_create_time": 1595241388, "category": 5, "volume": 4, "amount": 12.48}, "author": {"author_id": "104610715149", "nickname": "初心原创笔记本", "follower_count": 833392}}, {"aweme": {"aweme_id": "6851484523239099663", "aweme_title": "这个方子做出来的千层口感太可了！建议动手！不要只会收藏吃灰！#美食趣胃计划 #美食推荐官 @💢王、", "aweme_url": "https://www.iesdouyin.com/share/video/6851484523239099663/?region=CN&mid=6851484536778885901&u_code=0&titleType=title", "download_url": "https://www.chanmama.com/awemeDetail/6851484523239099663", "digg_count": 3135, "digg_incr": 111, "aweme_create_time": 1595235556, "category": 5, "volume": 3, "amount": 89.69999999999999}, "author": {"author_id": "70790255059", "nickname": "你泡", "follower_count": 269701}}, {"aweme": {"aweme_id": "6851291004700593421", "aweme_title": "女朋友看完这个视频看了一眼家里的杯子眉头一锁，我就感觉不太妙！ #好物推存", "aweme_url": "https://www.iesdouyin.com/share/video/6851291004700593421/?region=CN&mid=6851291033188551431&u_code=27l4hkd95f9c&titleType=title", "download_url": "https://www.chanmama.com/awemeDetail/6851291004700593421", "digg_count": 2660, "digg_incr": -1, "aweme_create_time": 1595223240, "category": 5, "volume": 5, "amount": 190}, "author": {"author_id": "993582363980109", "nickname": "英子严选", "follower_count": 261420}}, {"aweme": {"aweme_id": "6851417349401169167", "aweme_title": "转角系列收纳2#好物推荐 #不锈钢 #洞洞板 #免打孔 #厨房置物架 #居家好物 @抖音小助手", "aweme_url": "https://www.iesdouyin.com/share/video/6851417349401169167/?region=CN&mid=6851417343604886280&u_code=3aj0322m7cj7&titleType=title", "download_url": "https://www.chanmama.com/awemeDetail/6851417349401169167", "digg_count": 4595, "digg_incr": 325, "aweme_create_time": 1595219916, "category": 5, "volume": 0, "amount": 0}, "author": {"author_id": "96559151472", "nickname": "YSJ家居屋", "follower_count": 11092}}, {"aweme": {"aweme_id": "6851412027726941451", "aweme_title": "##大家好，尽量排文明作品，做个优秀的人才", "aweme_url": "https://www.iesdouyin.com/share/video/6851412027726941451/?region=CN&mid=6851412086895971080&u_code=379jm8h3l53m&titleType=title", "download_url": "https://www.chanmama.com/awemeDetail/6851412027726941451", "digg_count": 2826, "digg_incr": 58, "aweme_create_time": 1595218684, "category": 5, "volume": 1, "amount": 9.9}, "author": {"author_id": "103017985776", "nickname": "龙文珍，女，中午一点，播到四点", "follower_count": 142213}}, {"aweme": {"aweme_id": "6851406027120790792", "aweme_title": "对酒当歌，人生几何", "aweme_url": "https://www.iesdouyin.com/share/video/6851406027120790792/?region=CN&mid=6811528518686624523&u_code=2g9cfffeefe2&titleType=title", "download_url": "https://www.chanmama.com/awemeDetail/6851406027120790792", "digg_count": 3277, "digg_incr": 262, "aweme_create_time": 1595217279, "category": 5, "volume": 1, "amount": 46}, "author": {"author_id": "78424595261", "nickname": "盘丝洞小妖精", "follower_count": 909176}}, {"aweme": {"aweme_id": "6851316209359523079", "aweme_title": "@奋斗的茜姐姐😊发了一个抖音短视频，你尽管点开，不好看算我输！", "aweme_url": "https://www.iesdouyin.com/share/video/6851316209359523079/?region=CN&mid=6851316158688234247&u_code=287m9gl18m34&titleType=", "download_url": "https://www.chanmama.com/awemeDetail/6851316209359523079", "digg_count": 2076, "digg_incr": 1, "aweme_create_time": 1595196381, "category": 5, "volume": 188, "amount": 3534.4}, "author": {"author_id": "857217934047880", "nickname": "奋斗的茜姐姐😊", "follower_count": 60552}}, {"aweme": {"aweme_id": "6851493560492051719", "aweme_title": "斑马十周年纪念版荧光笔💕这个大大大的荧光笔笔筒戳中👇我的心#文具安利 #斑马百乐", "aweme_url": "https://www.iesdouyin.com/share/video/6851493560492051719/?region=CN&mid=6819588575680629512&u_code=0&titleType=title", "download_url": "https://www.chanmama.com/awemeDetail/6851493560492051719", "digg_count": 2266, "digg_incr": 9, "aweme_create_time": 1595237660, "category": 5, "volume": 0, "amount": 0}, "author": {"author_id": "102776265170", "nickname": "有家本店", "follower_count": 478351}}, {"aweme": {"aweme_id": "6851379697633266951", "aweme_title": "这款削笔器你们喜欢吗？正在直播#抖音小助手", "aweme_url": "https://www.iesdouyin.com/share/video/6851379697633266951/?region=CN&mid=6851379757775997704&u_code=1l3cl4k8c4d2&titleType=title", "download_url": "https://www.chanmama.com/awemeDetail/6851379697633266951", "digg_count": 1923, "digg_incr": "-", "aweme_create_time": 1595211161, "category": 5, "volume": 693, "amount": 6860.7}, "author": {"author_id": "96049627140", "nickname": "LH981482027", "follower_count": 193059}}, {"aweme": {"aweme_id": "6851493469710585101", "aweme_title": "嗨，我来了！#儿童创意美术 #儿童绘画 2⃣️一6⃣️岁@抖音小助手 @DOU+小助手", "aweme_url": "https://www.iesdouyin.com/share/video/6851493469710585101/?region=CN&mid=6851493486324206343&u_code=294bg9c3e87k&titleType=title", "download_url": "https://www.chanmama.com/awemeDetail/6851493469710585101", "digg_count": 6891, "digg_incr": 205, "aweme_create_time": 1595237639, "category": 5, "volume": 0, "amount": 0}, "author": {"author_id": "73094340649", "nickname": "可儿绘星空", "follower_count": 44742}}, {"aweme": {"aweme_id": "6851397525581073679", "aweme_title": "以茶会友，好好喝茶", "aweme_url": "https://www.iesdouyin.com/share/video/6851397525581073679/?region=CN&mid=6651861085831826183&u_code=1e86e3gfc222&titleType=title", "download_url": "https://www.chanmama.com/awemeDetail/6851397525581073679", "digg_count": 2004, "digg_incr": 0, "aweme_create_time": 1595215300, "category": 5, "volume": 108, "amount": 14904}, "author": {"author_id": "108728829829", "nickname": "世纪茶具", "follower_count": 108457}}, {"aweme": {"aweme_id": "6851498844924939534", "aweme_title": "原来这就是学霸的小秘诀 @抖音小助手", "aweme_url": "https://www.iesdouyin.com/share/video/6851498844924939534/?region=CN&mid=6851498949568989965&u_code=27l4hkd95f9c&titleType=title", "download_url": "https://www.chanmama.com/awemeDetail/6851498844924939534", "digg_count": 2204, "digg_incr": 54, "aweme_create_time": 1595238907, "category": 5, "volume": 0, "amount": 0}, "author": {"author_id": "96242969878", "nickname": "小奇文具控", "follower_count": 919750}}, {"aweme": {"aweme_id": "6851408244255018248", "aweme_title": "#桌面改造  #ins风 分享一些实用小物 希望你们喜欢哟~ #少女心好物", "aweme_url": "https://www.iesdouyin.com/share/video/6851408244255018248/?region=CN&mid=6851408342238137102&u_code=0&titleType=title", "download_url": "https://www.chanmama.com/awemeDetail/6851408244255018248", "digg_count": 2610, "digg_incr": 128, "aweme_create_time": 1595217814, "category": 5, "volume": 1, "amount": 16.8}, "author": {"author_id": "106631847954", "nickname": "是喵小酱呀", "follower_count": 104231}}, {"aweme": {"aweme_id": "6851343270790860047", "aweme_title": "用了一年的两用长柄地刷，加长手柄，质保一年，刷地、刷地垫不弯腰，省时省力，比以前小刷子好用太多了！#居家好物", "aweme_url": "https://www.iesdouyin.com/share/video/6851343270790860047/?region=CN&mid=6543180257074088717&u_code=27l4hkd95f9c&titleType=title", "download_url": "https://www.chanmama.com/awemeDetail/6851343270790860047", "digg_count": 2750, "digg_incr": 55, "aweme_create_time": 1595202671, "category": 5, "volume": 55, "amount": 1396.04}, "author": {"author_id": "108160275070", "nickname": "家用好物分享", "follower_count": 170937}}, {"aweme": {"aweme_id": "6851226356974439695", "aweme_title": "#谁家缺儿媳妇", "aweme_url": "https://www.iesdouyin.com/share/video/6851226356974439695/?region=CN&mid=6792154119643171592&u_code=0&titleType=title", "download_url": "https://www.chanmama.com/awemeDetail/6851226356974439695", "digg_count": 1663, "digg_incr": "-", "aweme_create_time": 1595175452, "category": 5, "volume": 0, "amount": 0}, "author": {"author_id": "60212415577", "nickname": "芳 姐💋", "follower_count": 651463}}, {"aweme": {"aweme_id": "6851419316034817280", "aweme_title": "恍惚中，半生已过……", "aweme_url": "https://www.iesdouyin.com/share/video/6851419316034817280/?region=CN&mid=6851419329368574733&u_code=0&titleType=title", "download_url": "https://www.chanmama.com/awemeDetail/6851419316034817280", "digg_count": 1911, "digg_incr": 31, "aweme_create_time": 1595220373, "category": 5, "volume": 0, "amount": 0}, "author": {"author_id": "56162899314", "nickname": "辉哥", "follower_count": 384159}}, {"aweme": {"aweme_id": "6851435695320468748", "aweme_title": "连续下雨好多天，家里晾衣架都不够用了，今天衣架到了出大太阳了😂二石多买了四把还挺化蒜的，买的挂钩的可以晾吊带", "aweme_url": "https://www.iesdouyin.com/share/video/6851435695320468748/?region=CN&mid=6818848418799323917&u_code=3ifejek1cj5&titleType=title", "download_url": "https://www.chanmama.com/awemeDetail/6851435695320468748", "digg_count": 1903, "digg_incr": "-", "aweme_create_time": 1595224196, "category": 5, "volume": 0, "amount": 0}, "author": {"author_id": "74428016331", "nickname": "、小余姐", "follower_count": 80097}}, {"aweme": {"aweme_id": "6851474730206235919", "aweme_title": "𝓓𝓸𝓷'𝓽𝔀𝓸𝓻𝓻𝔂,𝓘𝓵𝓸𝓿𝓮𝔂𝓸𝓾.（不用担心，我在爱你)#重彩油画棒", "aweme_url": "https://www.iesdouyin.com/share/video/6851474730206235919/?region=CN&mid=6822630937025956615&u_code=2c3k56f4j29e&titleType=title", "download_url": "https://www.chanmama.com/awemeDetail/6851474730206235919", "digg_count": 2738, "digg_incr": 102, "aweme_create_time": 1595233276, "category": 5, "volume": 2, "amount": 298}, "author": {"author_id": "4142583736448391", "nickname": "阿秋和油画棒", "follower_count": 65768}}, {"aweme": {"aweme_id": "6851486247827885315", "aweme_title": "老板减肥记，洗衣液举重法真的挺有效的，我做了一周，二头肌💪都出来了#办公室 #减肥 #精洗", "aweme_url": "https://www.iesdouyin.com/share/video/6851486247827885315/?region=CN&mid=6851486320259238670&u_code=0&titleType=title", "download_url": "https://www.chanmama.com/awemeDetail/6851486247827885315", "digg_count": 1558, "digg_incr": "-", "aweme_create_time": 1595235965, "category": 5, "volume": 0, "amount": 0}, "author": {"author_id": "102464495516", "nickname": "十八萬", "follower_count": 154638}}, {"aweme": {"aweme_id": "6851491866018417928", "aweme_title": "粉丝浮力! 评论区捉3枚小可爱，送同款线稿教程书~明晚7点开奖❤️#彩铅 #抽奖 #浮力 #彩铅画", "aweme_url": "https://www.iesdouyin.com/share/video/6851491866018417928/?region=CN&mid=6585061783990438670&u_code=0&titleType=title", "download_url": "https://www.chanmama.com/awemeDetail/6851491866018417928", "digg_count": 2138, "digg_incr": 75, "aweme_create_time": 1595237265, "category": 5, "volume": 5, "amount": 259}, "author": {"author_id": "725305305078589", "nickname": "心蓝手绘", "follower_count": 264401}}, {"aweme": {"aweme_id": "6851507743736499459", "aweme_title": "千万不要让闺蜜知道你有这个#少女心", "aweme_url": "https://www.iesdouyin.com/share/video/6851507743736499459/?region=CN&mid=6851507795859180302&u_code=0&titleType=title", "download_url": "https://www.chanmama.com/awemeDetail/6851507743736499459", "digg_count": 1778, "digg_incr": 76, "aweme_create_time": 1595240969, "category": 5, "volume": 1, "amount": 16.8}, "author": {"author_id": "215152023052359", "nickname": "少女心好物集", "follower_count": 486894}}, {"aweme": {"aweme_id": "6851530358828305679", "aweme_title": "红酒爱好者必备电动#红酒 #开瓶器 ，自带割纸器，真空瓶塞，防洒引流器#717奇妙好物在这里", "aweme_url": "https://www.iesdouyin.com/share/video/6851530358828305679/?region=CN&mid=6851530383050296078&u_code=0&titleType=title", "download_url": "https://www.chanmama.com/awemeDetail/6851530358828305679", "digg_count": 1931, "digg_incr": 50, "aweme_create_time": 1595246227, "category": 5, "volume": 0, "amount": 0}, "author": {"author_id": "96089881161", "nickname": "京内科技馆", "follower_count": 934716}}, {"aweme": {"aweme_id": "6851224025536974087", "aweme_title": "#爱官方爱热门 #乘风破浪的好物 #家用好物", "aweme_url": "https://www.iesdouyin.com/share/video/6851224025536974087/?region=CN&mid=6851224022412495624&u_code=27l4hkd95f9c&titleType=title", "download_url": "https://www.chanmama.com/awemeDetail/6851224025536974087", "digg_count": 1732, "digg_incr": "-", "aweme_create_time": 1595174908, "category": 5, "volume": 0, "amount": 0}, "author": {"author_id": "74412939769", "nickname": "兄弟小商品", "follower_count": 42475}}, {"aweme": {"aweme_id": "6851425206901247232", "aweme_title": "宝宝不爱吃蔬菜试试这样做吧，香香糯糯，不知不觉就爱上吃蔬菜🥬#宝宝辅食 #全民dou爱吃 @抖音小助手", "aweme_url": "https://www.iesdouyin.com/share/video/6851425206901247232/?region=CN&mid=6830413820033714958&u_code=0&titleType=title", "download_url": "https://www.chanmama.com/awemeDetail/6851425206901247232", "digg_count": 2779, "digg_incr": 130, "aweme_create_time": 1595221745, "category": 5, "volume": 11, "amount": 218.89999999999998}, "author": {"author_id": "2335011405314030", "nickname": "婷婷妈教做宝宝辅食", "follower_count": 244271}}, {"aweme": {"aweme_id": "6851450959978040591", "aweme_title": "迅速提升幸福感的小秘密#精致生活 #香薰", "aweme_url": "https://www.iesdouyin.com/share/video/6851450959978040591/?region=CN&mid=6851451004563639047&u_code=0&titleType=title", "download_url": "https://www.chanmama.com/awemeDetail/6851450959978040591", "digg_count": 3422, "digg_incr": 237, "aweme_create_time": 1595231232, "category": 5, "volume": 1, "amount": 59}, "author": {"author_id": "74776159422", "nickname": "Demon大王", "follower_count": 255963}}, {"aweme": {"aweme_id": "6851488566334229774", "aweme_title": "每次拖地要半天，有了这个一拖就干净的懒人拖把，不需手洗真是省事了 #生活小妙招", "aweme_url": "https://www.iesdouyin.com/share/video/6851488566334229774/?region=CN&mid=6851488661679213320&u_code=0&titleType=title", "download_url": "https://www.chanmama.com/awemeDetail/6851488566334229774", "digg_count": 1511, "digg_incr": "-", "aweme_create_time": 1595236516, "category": 5, "volume": 0, "amount": 0}, "author": {"author_id": "4230516014068461", "nickname": "科普大全", "follower_count": 860982}}, {"aweme": {"aweme_id": "6851471507412028679", "aweme_title": "时间匆匆忙忙，放慢脚步，来杯玉液凉茶，品，细品！", "aweme_url": "https://www.iesdouyin.com/share/video/6851471507412028679/?region=CN&mid=6820322787824044813&u_code=i5hd8ml6f59&titleType=title", "download_url": "https://www.chanmama.com/awemeDetail/6851471507412028679", "digg_count": 1557, "digg_incr": "-", "aweme_create_time": 1595232526, "category": 5, "volume": 0, "amount": 0}, "author": {"author_id": "1239876974951355", "nickname": "德化太豪陶瓷有限公司", "follower_count": 141673}}, {"aweme": {"aweme_id": "6851371525539466496", "aweme_title": "这个视频也许你们会很好奇我们是什么关系，你们来猜猜吧，评论区见，等你们哦#26周早产宝宝", "aweme_url": "https://www.iesdouyin.com/share/video/6851371525539466496/?region=CN&mid=6851371522779548424&u_code=19fjbl89kf63&titleType=title", "download_url": "https://www.chanmama.com/awemeDetail/6851371525539466496", "digg_count": 1779, "digg_incr": 28, "aweme_create_time": 1595209247, "category": 5, "volume": 2, "amount": 19.8}, "author": {"author_id": "104273206332", "nickname": "记录我们的点点滴滴", "follower_count": 202990}}, {"aweme": {"aweme_id": "6851392342537080079", "aweme_title": "#江南小镇的日常 关于小镇你们有什么好奇的，问吧～哈哈哈", "aweme_url": "https://www.iesdouyin.com/share/video/6851392342537080079/?region=CN&mid=6847344968856521480&u_code=0&titleType=title", "download_url": "https://www.chanmama.com/awemeDetail/6851392342537080079", "digg_count": 1630, "digg_incr": 31, "aweme_create_time": 1595214093, "category": 5, "volume": 0, "amount": 0}, "author": {"author_id": "85248432527", "nickname": "南街壶娘", "follower_count": 585958}}, {"aweme": {"aweme_id": "6851360192966184207", "aweme_title": "人这一生真的很累，你体谅别人，可谁又曾体谅你？", "aweme_url": "https://www.iesdouyin.com/share/video/6851360192966184207/?region=CN&mid=6851360165132831495&u_code=0&titleType=title", "download_url": "https://www.chanmama.com/awemeDetail/6851360192966184207", "digg_count": 1579, "digg_incr": 37, "aweme_create_time": 1595206609, "category": 5, "volume": 0, "amount": 0}, "author": {"author_id": "56162899314", "nickname": "辉哥", "follower_count": 384159}}, {"aweme": {"aweme_id": "6851380388451896584", "aweme_title": "男孩子可以没💰，也可以不帅，但是一定要白白净净的！这样才能找到漂亮女盆友~", "aweme_url": "https://www.iesdouyin.com/share/video/6851380388451896584/?region=CN&mid=6851380382659578631&u_code=39cg4d6b9039&titleType=title", "download_url": "https://www.chanmama.com/awemeDetail/6851380388451896584", "digg_count": 66098, "digg_incr": 11656, "aweme_create_time": 1595211310, "category": 5, "volume": 155, "amount": 5054.500000000002}, "author": {"author_id": "2510912739091309", "nickname": "女王范儿", "follower_count": 168716}}, {"aweme": {"aweme_id": "6851515556714138893", "aweme_title": "@阔喵🐱狂躁开箱发了一个抖音短视频，你尽管点开，不好看算我输！", "aweme_url": "https://www.iesdouyin.com/share/video/6851515556714138893/?region=CN&mid=6851515584367479565&u_code=1e86e3gfc222&titleType=", "download_url": "https://www.chanmama.com/awemeDetail/6851515556714138893", "digg_count": 1585, "digg_incr": "-", "aweme_create_time": 1595242780, "category": 5, "volume": 23, "amount": 409.40000000000003}, "author": {"author_id": "103378630943", "nickname": "阔喵🐱狂躁开箱", "follower_count": 688859}}, {"aweme": {"aweme_id": "6851366045777710349", "aweme_title": "麦秆菜板只要2.8，手慢无，直播中#好物推荐", "aweme_url": "https://www.iesdouyin.com/share/video/6851366045777710349/?region=CN&mid=6851366111187847943&u_code=0&titleType=title", "download_url": "https://www.chanmama.com/awemeDetail/6851366045777710349", "digg_count": 1415, "digg_incr": "-", "aweme_create_time": 1595207991, "category": 5, "volume": 0, "amount": 0}, "author": {"author_id": "74330202482", "nickname": "子津好物", "follower_count": 42720}}, {"aweme": {"aweme_id": "6851505526161820943", "aweme_title": "#哈利波特 #画画 没天赋还画画……我不管我就是喜欢画画", "aweme_url": "https://www.iesdouyin.com/share/video/6851505526161820943/?region=CN&mid=6851505586434362120&u_code=2akd6hh64h1b&titleType=title", "download_url": "https://www.chanmama.com/awemeDetail/6851505526161820943", "digg_count": 1605, "digg_incr": 23, "aweme_create_time": 1595240445, "category": 5, "volume": 0, "amount": 0}, "author": {"author_id": "93173085750", "nickname": "9又3/4站台", "follower_count": 157061}}, {"aweme": {"aweme_id": "6851231410888412430", "aweme_title": "女明星豪宅大公开，你准备好了吗？？？", "aweme_url": "https://www.iesdouyin.com/share/video/6851231410888412430/?region=CN&mid=6851231407532968712&u_code=0&titleType=title", "download_url": "https://www.chanmama.com/awemeDetail/6851231410888412430", "digg_count": 1556, "digg_incr": 53, "aweme_create_time": 1595242800, "category": 5, "volume": 1, "amount": 68.5}, "author": {"author_id": "58899166281", "nickname": "小嘟娜donna", "follower_count": 701417}}, {"aweme": {"aweme_id": "6851248956689730831", "aweme_title": "#热门", "aweme_url": "https://www.iesdouyin.com/share/video/6851248956689730831/?region=CN&mid=6841760526704331533&u_code=379jm8h3l53m&titleType=title", "download_url": "https://www.chanmama.com/awemeDetail/6851248956689730831", "digg_count": 6722, "digg_incr": 260, "aweme_create_time": 1595180787, "category": 5, "volume": 19, "amount": 948.1}, "author": {"author_id": "104656650583", "nickname": "高高妹", "follower_count": 177957}}, {"aweme": {"aweme_id": "6851428576957336832", "aweme_title": "含泪推荐 有了它想怎么穿就怎么穿", "aweme_url": "https://www.iesdouyin.com/share/video/6851428576957336832/?region=CN&mid=6851428601166924558&u_code=2k5ab5a5913d&titleType=title", "download_url": "https://www.chanmama.com/awemeDetail/6851428576957336832", "digg_count": 3182, "digg_incr": 290, "aweme_create_time": 1595239200, "category": 5, "volume": 4, "amount": 556}, "author": {"author_id": "58014205396", "nickname": "imptggg魔法少女", "follower_count": 671328}}, {"aweme": {"aweme_id": "6851381741156879624", "aweme_title": "小时候最喜欢踩的坑 你有没有? #好物推荐 #怀念儿时", "aweme_url": "https://www.iesdouyin.com/share/video/6851381741156879624/?region=CN&mid=6851381841975347976&u_code=2akd6hh1cdil&titleType=title", "download_url": "https://www.chanmama.com/awemeDetail/6851381741156879624", "digg_count": 2383, "digg_incr": 16, "aweme_create_time": 1595215557, "category": 5, "volume": 8, "amount": 294.4}, "author": {"author_id": "57919066821", "nickname": "豆豆啊黄", "follower_count": 67739}}, {"aweme": {"aweme_id": "6851336065819610382", "aweme_title": "深藏不露是大智慧#智慧 #经验 #抖音小助手", "aweme_url": "https://www.iesdouyin.com/share/video/6851336065819610382/?region=CN&mid=6593253918774397700&u_code=3cc1ga8lck8h&titleType=title", "download_url": "https://www.chanmama.com/awemeDetail/6851336065819610382", "digg_count": 1447, "digg_incr": 84, "aweme_create_time": 1595200995, "category": 5, "volume": 0, "amount": 0}, "author": {"author_id": "105149050066", "nickname": "张生读书", "follower_count": 957953}}, {"aweme": {"aweme_id": "6851409199545568527", "aweme_title": "一人推荐一首适合毕业季听的歌", "aweme_url": "https://www.iesdouyin.com/share/video/6851409199545568527/?region=CN&mid=6697163321172495111&u_code=0&titleType=title", "download_url": "https://www.chanmama.com/awemeDetail/6851409199545568527", "digg_count": 1686, "digg_incr": 85, "aweme_create_time": 1595218018, "category": 5, "volume": 0, "amount": 0}, "author": {"author_id": "96928445296", "nickname": "阿么", "follower_count": 570471}}, {"aweme": {"aweme_id": "6851541208515366152", "aweme_title": "@阔喵🐱狂躁开箱发了一个抖音短视频，你尽管点开，不好看算我输！", "aweme_url": "https://www.iesdouyin.com/share/video/6851541208515366152/?region=CN&mid=6851541245471705863&u_code=26534c9bi103&titleType=", "download_url": "https://www.chanmama.com/awemeDetail/6851541208515366152", "digg_count": 1319, "digg_incr": "-", "aweme_create_time": 1595248753, "category": 5, "volume": 0, "amount": 0}, "author": {"author_id": "103378630943", "nickname": "阔喵🐱狂躁开箱", "follower_count": 688859}}, {"aweme": {"aweme_id": "6851442936748576008", "aweme_title": "手抓饼这样做，老公一口气能吃10张~#手抓饼  #手抓饼的最新吃法", "aweme_url": "https://www.iesdouyin.com/share/video/6851442936748576008/?region=CN&mid=6851443268626975501&u_code=379jm8h3l53m&titleType=title", "download_url": "https://www.chanmama.com/awemeDetail/6851442936748576008", "digg_count": 3187, "digg_incr": 446, "aweme_create_time": 1595225955, "category": 5, "volume": 8, "amount": 167.2}, "author": {"author_id": "76068414731", "nickname": "蜜籽家常菜", "follower_count": 797944}}, {"aweme": {"aweme_id": "6851517315511586063", "aweme_title": "我不允许怕热的闺蜜还不知道它！#叽叽种草 ，@抖音小助手", "aweme_url": "https://www.iesdouyin.com/share/video/6851517315511586063/?region=CN&mid=6798052413760326414&u_code=c70cehk5bi7&titleType=title", "download_url": "https://www.chanmama.com/awemeDetail/6851517315511586063", "digg_count": 1427, "digg_incr": 25, "aweme_create_time": 1595243190, "category": 5, "volume": 0, "amount": 0}, "author": {"author_id": "105785801442", "nickname": "少女心收割机", "follower_count": 691130}}, {"aweme": {"aweme_id": "6851397401232657671", "aweme_title": "#奥克斯足浴盆 点👆👆车车下丹，领100绻！", "aweme_url": "https://www.iesdouyin.com/share/video/6851397401232657671/?region=CN&mid=6851397411458255623&u_code=1dbh6lbg8m2e&titleType=title", "download_url": "https://www.chanmama.com/awemeDetail/6851397401232657671", "digg_count": 1118, "digg_incr": "-", "aweme_create_time": 1595215271, "category": 5, "volume": 0, "amount": 0}, "author": {"author_id": "1626886335373981", "nickname": "西峰区育古百货", "follower_count": 11369}}, {"aweme": {"aweme_id": "6851396567266610445", "aweme_title": "#长虹足浴盆 点☝️☝️车车下丹，领100绻！", "aweme_url": "https://www.iesdouyin.com/share/video/6851396567266610445/?region=CN&mid=6851396572048018184&u_code=2k5aafja7dbf&titleType=title", "download_url": "https://www.chanmama.com/awemeDetail/6851396567266610445", "digg_count": 1092, "digg_incr": "-", "aweme_create_time": 1595215077, "category": 5, "volume": 0, "amount": 0}, "author": {"author_id": "1626886335373981", "nickname": "西峰区育古百货", "follower_count": 11369}}, {"aweme": {"aweme_id": "6851463940023618823", "aweme_title": "#兄弟联cs装备 购买请关注@兄弟联真人CS装备 这个号的主页商品橱窗", "aweme_url": "https://www.iesdouyin.com/share/video/6851463940023618823/?region=CN&mid=6845236005386061837&u_code=1e86e3gfc222&titleType=title", "download_url": "https://www.chanmama.com/awemeDetail/6851463940023618823", "digg_count": 1314, "digg_incr": "-", "aweme_create_time": 1595230763, "category": 5, "volume": 0, "amount": 0}, "author": {"author_id": "100822123158", "nickname": "兄弟联真人cs装备", "follower_count": 502297}}, {"aweme": {"aweme_id": "6851307220420857088", "aweme_title": "常刮地筋，百病不侵！大家赶紧行动起来吧#养肝 #护肝 #提升睡眠质量 #健康#感谢抖音我要上热门", "aweme_url": "https://www.iesdouyin.com/share/video/6851307220420857088/?region=CN&mid=6851307071971838728&u_code=0&titleType=title", "download_url": "https://www.chanmama.com/awemeDetail/6851307220420857088", "digg_count": 1080, "digg_incr": "-", "aweme_create_time": 1595194301, "category": 5, "volume": 1, "amount": 48}, "author": {"author_id": "3874309693782947", "nickname": "华姐健身美", "follower_count": 111956}}, {"aweme": {"aweme_id": "6851484130882997512", "aweme_title": "#奇妙 #鸡翅尖 这样做，太费啤酒了#美食趣胃计划 #美食推荐官", "aweme_url": "https://www.iesdouyin.com/share/video/6851484130882997512/?region=CN&mid=6676604054744861452&u_code=b0ge2ik4jel&titleType=title", "download_url": "https://www.chanmama.com/awemeDetail/6851484130882997512", "digg_count": 2760, "digg_incr": 424, "aweme_create_time": 1595235464, "category": 5, "volume": 2, "amount": 558}, "author": {"author_id": "3438902900172744", "nickname": "燕子嗨美食", "follower_count": 156472}}, {"aweme": {"aweme_id": "6851465973090766093", "aweme_title": "暑假在家想吃雪糕，别再去超市买了，快试试这个雪糕模具吧，好看又实用 #好物推荐", "aweme_url": "https://www.iesdouyin.com/share/video/6851465973090766093/?region=CN&mid=6851466058864282376&u_code=0&titleType=title", "download_url": "https://www.chanmama.com/awemeDetail/6851465973090766093", "digg_count": 3868, "digg_incr": 1, "aweme_create_time": 1595231254, "category": 5, "volume": 0, "amount": 0}, "author": {"author_id": "1011141411347613", "nickname": "龙叔优选", "follower_count": 12814}}, {"aweme": {"aweme_id": "6851487986866048256", "aweme_title": "#好货推荐  洗衣液39.9拍一发五", "aweme_url": "https://www.iesdouyin.com/share/video/6851487986866048256/?region=CN&mid=6851488093057469198&u_code=0&titleType=title", "download_url": "https://www.chanmama.com/awemeDetail/6851487986866048256", "digg_count": 1116, "digg_incr": 7, "aweme_create_time": 1595236371, "category": 5, "volume": 0, "amount": 0}, "author": {"author_id": "3241009465007756", "nickname": "KL、昆仑", "follower_count": 194684}}, {"aweme": {"aweme_id": "6851488500768918791", "aweme_title": "购买请关注@兄弟联真人CS装备 主页橱窗购买", "aweme_url": "https://www.iesdouyin.com/share/video/6851488500768918791/?region=CN&mid=6851488511800314632&u_code=0&titleType=title", "download_url": "https://www.chanmama.com/awemeDetail/6851488500768918791", "digg_count": 1558, "digg_incr": 120, "aweme_create_time": 1595236482, "category": 5, "volume": 0, "amount": 0}, "author": {"author_id": "100822123158", "nickname": "兄弟联真人cs装备", "follower_count": 502297}}, {"aweme": {"aweme_id": "6851498625256656141", "aweme_title": "用了一次就爱上了！#香氛洗衣液 ，洗完的衣服真的好好闻！爱了爱了！#好物推荐", "aweme_url": "https://www.iesdouyin.com/share/video/6851498625256656141/?region=CN&mid=6851498638604045069&u_code=45a61al4ib5&titleType=title", "download_url": "https://www.chanmama.com/awemeDetail/6851498625256656141", "digg_count": 1014, "digg_incr": "-", "aweme_create_time": 1595238839, "category": 5, "volume": 0, "amount": 0}, "author": {"author_id": "2242591598582248", "nickname": "小仙女的夏天✨", "follower_count": 5347}}, {"aweme": {"aweme_id": "6851434359220620559", "aweme_title": "#彩虹伞 这不知道是哪个牛人发明的，既能简单收纳起来也能防止雨水到处滴，还可以当遮阳伞，安逸不安逸！", "aweme_url": "https://www.iesdouyin.com/share/video/6851434359220620559/?region=CN&mid=6851434388506037005&u_code=0&titleType=title", "download_url": "https://www.chanmama.com/awemeDetail/6851434359220620559", "digg_count": 1271, "digg_incr": 17, "aweme_create_time": 1595223876, "category": 5, "volume": 3, "amount": 100.80000000000001}, "author": {"author_id": "3650000478541504", "nickname": "工具妹妹", "follower_count": 338426}}, {"aweme": {"aweme_id": "6851353804147887374", "aweme_title": "老板娘太豪横了！这么多！#热门推荐 #抖音小助手 #是时候放大招了 #热门", "aweme_url": "https://www.iesdouyin.com/share/video/6851353804147887374/?region=CN&mid=6851353773026183950&u_code=13h2b40ld9m7&titleType=title", "download_url": "https://www.chanmama.com/awemeDetail/6851353804147887374", "digg_count": 1034, "digg_incr": "-", "aweme_create_time": 1595205123, "category": 5, "volume": 0, "amount": 0}, "author": {"author_id": "4494399192709214", "nickname": "玩趣童鞋", "follower_count": 461016}}, {"aweme": {"aweme_id": "6851498042642812175", "aweme_title": "听说南方人从来不搓澡，你也是吗？#电动搓澡神器 #宝藏好物打卡", "aweme_url": "https://www.iesdouyin.com/share/video/6851498042642812175/?region=CN&mid=6851498054538103565&u_code=0&titleType=title", "download_url": "https://www.chanmama.com/awemeDetail/6851498042642812175", "digg_count": 4317, "digg_incr": -17, "aweme_create_time": 1595238704, "category": 5, "volume": 3, "amount": 204}, "author": {"author_id": "103400430766", "nickname": "魅力中华", "follower_count": 309575}}, {"aweme": {"aweme_id": "6851452580720053517", "aweme_title": "垂钓无境界 #钓鱼", "aweme_url": "https://www.iesdouyin.com/share/video/6851452580720053517/?region=CN&mid=6851452706855357198&u_code=1e86e3gfc222&titleType=title", "download_url": "https://www.chanmama.com/awemeDetail/6851452580720053517", "digg_count": 1015, "digg_incr": 2, "aweme_create_time": 1595228143, "category": 5, "volume": 0, "amount": 0}, "author": {"author_id": "85054943125", "nickname": "钓大鱼高手", "follower_count": 102531}}, {"aweme": {"aweme_id": "6851513768434814216", "aweme_title": "我想成为你接下来的全部", "aweme_url": "https://www.iesdouyin.com/share/video/6851513768434814216/?region=CN&mid=6688089058226227980&u_code=0&titleType=title", "download_url": "https://www.chanmama.com/awemeDetail/6851513768434814216", "digg_count": 2582, "digg_incr": 416, "aweme_create_time": 1595242364, "category": 5, "volume": 0, "amount": 0}, "author": {"author_id": "975975670875198", "nickname": "英小文", "follower_count": 819964}}, {"aweme": {"aweme_id": "6851395950221511944", "aweme_title": "今天早上没帅哥追了  只能将就追骑单车的大爷了 你觉得我能追上骑单车的大爷不😂#@DOU+小助手", "aweme_url": "https://www.iesdouyin.com/share/video/6851395950221511944/?region=CN&mid=6844342280904608526&u_code=166g84l6dji5&titleType=title", "download_url": "https://www.chanmama.com/awemeDetail/6851395950221511944", "digg_count": 1235, "digg_incr": 15, "aweme_create_time": 1595214933, "category": 5, "volume": 7, "amount": 343}, "author": {"author_id": "92893737539", "nickname": "70后跑步狂", "follower_count": 45494}}, {"aweme": {"aweme_id": "6851407897004395791", "aweme_title": "买了买了！9米辅食锅终于收到啦！我还配了个煮锅和蒸屉，这下做辅食得心应手多了！麦饭石不粘锅电气两用👍奈斯呦", "aweme_url": "https://www.iesdouyin.com/share/video/6851407897004395791/?region=CN&mid=6848237910069660429&u_code=0&titleType=title", "download_url": "https://www.chanmama.com/awemeDetail/6851407897004395791", "digg_count": 1148, "digg_incr": 0, "aweme_create_time": 1595217714, "category": 5, "volume": 0, "amount": 0}, "author": {"author_id": "111407003630", "nickname": "妖精✦七七", "follower_count": 104530}}, {"aweme": {"aweme_id": "6851406521444601096", "aweme_title": "大婚在吉第30集 我们江氏高攀不起#玉如易 #慕笙阁", "aweme_url": "https://www.iesdouyin.com/share/video/6851406521444601096/?region=CN&mid=6851406606228294413&u_code=27l4hkd95f9c&titleType=title", "download_url": "https://www.chanmama.com/awemeDetail/6851406521444601096", "digg_count": 1260, "digg_incr": 5, "aweme_create_time": 1595217395, "category": 5, "volume": 0, "amount": 0}, "author": {"author_id": "71996563821", "nickname": "玉如易【剧情剪辑】", "follower_count": 19538}}, {"aweme": {"aweme_id": "6851464160132238604", "aweme_title": "夏日想吃点童年的冰块？食品级材质制冰袋，让你随意冰镇整个夏天！", "aweme_url": "https://www.iesdouyin.com/share/video/6851464160132238604/?region=CN&mid=6851464207037172493&u_code=379jm8h3l53m&titleType=title", "download_url": "https://www.chanmama.com/awemeDetail/6851464160132238604", "digg_count": 1007, "digg_incr": "-", "aweme_create_time": 1595230823, "category": 5, "volume": 5, "amount": 49.5}, "author": {"author_id": "94409926892", "nickname": "茉莉好物（直播中）", "follower_count": 326258}}, {"aweme": {"aweme_id": "6851429231897988359", "aweme_title": "自从生病后就没有写过诗歌散文了，消极痛苦，希望所有的磨难早点结束，回到从前那个意气风发的自己#白血病患者", "aweme_url": "https://www.iesdouyin.com/share/video/6851429231897988359/?region=CN&mid=6851429245953116942&u_code=1fj9f270dcd&titleType=title", "download_url": "https://www.chanmama.com/awemeDetail/6851429231897988359", "digg_count": 1247, "digg_incr": 21, "aweme_create_time": 1595222683, "category": 5, "volume": 0, "amount": 0}, "author": {"author_id": "8366909345", "nickname": "坚强的小白", "follower_count": 63900}}, {"aweme": {"aweme_id": "6851370937678417164", "aweme_title": "真的，能用到丢！#717奇妙好物在这里 #乘风破浪的好物", "aweme_url": "https://www.iesdouyin.com/share/video/6851370937678417164/?region=CN&mid=6553511263517969159&u_code=0&titleType=title", "download_url": "https://www.chanmama.com/awemeDetail/6851370937678417164", "digg_count": 1341, "digg_incr": 14, "aweme_create_time": 1595209120, "category": 5, "volume": 50, "amount": 1200}, "author": {"author_id": "101132250393", "nickname": "you哩", "follower_count": 497117}}, {"aweme": {"aweme_id": "6851375525114465539", "aweme_title": "防滑加厚，下雨出门更省心🤣#雨天踩水", "aweme_url": "https://www.iesdouyin.com/share/video/6851375525114465539/?region=CN&mid=6851375554709490446&u_code=0&titleType=title", "download_url": "https://www.chanmama.com/awemeDetail/6851375525114465539", "digg_count": 1012, "digg_incr": "-", "aweme_create_time": 1595210187, "category": 5, "volume": 0, "amount": 0}, "author": {"author_id": "2313010580562435", "nickname": "大案异事故事汇", "follower_count": 787789}}, {"aweme": {"aweme_id": "6851398795238968588", "aweme_title": "咖啡手冲壶到底能有多贵？#fellow手冲壶#玩转手冲咖啡@电商小助手", "aweme_url": "https://www.iesdouyin.com/share/video/6851398795238968588/?region=CN&mid=6851398987992320782&u_code=0&titleType=title", "download_url": "https://www.chanmama.com/awemeDetail/6851398795238968588", "digg_count": 1220, "digg_incr": 18, "aweme_create_time": 1595215632, "category": 5, "volume": 2, "amount": 1180}, "author": {"author_id": "60695192075", "nickname": "捌比特咖啡", "follower_count": 185066}}, {"aweme": {"aweme_id": "6851556961687801103", "aweme_title": "#香水洗衣液 洗后衣服散发着淡淡的香味，出门再也不用喷香水了", "aweme_url": "https://www.iesdouyin.com/share/video/6851556961687801103/?region=CN&mid=6851557154588265230&u_code=c70cehk5bi7&titleType=title", "download_url": "https://www.chanmama.com/awemeDetail/6851556961687801103", "digg_count": 1121, "digg_incr": "-", "aweme_create_time": 1595252438, "category": 5, "volume": 0, "amount": 0}, "author": {"author_id": "4476856762120495", "nickname": "小浅好物推荐～", "follower_count": 2710}}, {"aweme": {"aweme_id": "6851018402887142670", "aweme_title": "小时候看《泡沫之夏》尹夏沫“海藻般的长发”，就心想长大了我也要拥有。这一留就是十几年.#长发", "aweme_url": "https://www.iesdouyin.com/share/video/6851018402887142670/?region=CN&mid=6851018412476074766&u_code=0&titleType=title", "download_url": "https://www.chanmama.com/awemeDetail/6851018402887142670", "digg_count": 3389, "digg_incr": 640, "aweme_create_time": 1595239200, "category": 5, "volume": 21, "amount": 1470}, "author": {"author_id": "77819715657", "nickname": "大宝子", "follower_count": 302485}}, {"aweme": {"aweme_id": "6851428868906061056", "aweme_title": "69年单亲小姐姐，11年虽没有家的温暖，但重感情有爱心，懂得包容，最大的缺点就是容易相信人，有愿意交朋友的吗！", "aweme_url": "https://www.iesdouyin.com/share/video/6851428868906061056/?region=CN&mid=6745942092746476295&u_code=b0ge2ik4jel&titleType=title", "download_url": "https://www.chanmama.com/awemeDetail/6851428868906061056", "digg_count": 3436, "digg_incr": 382, "aweme_create_time": 1595222598, "category": 5, "volume": 0, "amount": 0}, "author": {"author_id": "3153045535601006", "nickname": "东方商人", "follower_count": 22367}}, {"aweme": {"aweme_id": "6851330546455350536", "aweme_title": "老婆切瓜切的乱七八糟，有了这个切瓜工具，切完像开花一样，很方便！", "aweme_url": "https://www.iesdouyin.com/share/video/6851330546455350536/?region=CN&mid=6772405352878049291&u_code=0&titleType=title", "download_url": "https://www.chanmama.com/awemeDetail/6851330546455350536", "digg_count": 1203, "digg_incr": 39, "aweme_create_time": 1595199712, "category": 5, "volume": 0, "amount": 0}, "author": {"author_id": "53087627791", "nickname": "小妹优品", "follower_count": 553272}}, {"aweme": {"aweme_id": "6851408321270893828", "aweme_title": "活冻21.9四十包，太值了，忍不住再发一次，让你们都知道😂", "aweme_url": "https://www.iesdouyin.com/share/video/6851408321270893828/?region=CN&mid=6809907467644979980&u_code=b0ge2ik4jel&titleType=title", "download_url": "https://www.chanmama.com/awemeDetail/6851408321270893828", "digg_count": 1197, "digg_incr": 43, "aweme_create_time": 1595217821, "category": 5, "volume": 3, "amount": 65.69999999999999}, "author": {"author_id": "135960515590270", "nickname": "大航小昊", "follower_count": 770393}}, {"aweme": {"aweme_id": "6851539151628553487", "aweme_title": "微压不粘锅我妈说挺好，省火省时间#方便生活的神器", "aweme_url": "https://www.iesdouyin.com/share/video/6851539151628553487/?region=CN&mid=6851539182448659213&u_code=0&titleType=title", "download_url": "https://www.chanmama.com/awemeDetail/6851539151628553487", "digg_count": 1280, "digg_incr": 24, "aweme_create_time": 1595248273, "category": 5, "volume": 120, "amount": 23880}, "author": {"author_id": "64639536588", "nickname": "种草丛", "follower_count": 401380}}, {"aweme": {"aweme_id": "6851408394423684355", "aweme_title": "给我不送饭的原因是摔了一跤，我说你如果及时送猪蹄上来，就不会摔，老婆不敢惹😄😄😄@抖音小助手 @鸭掌门（", "aweme_url": "https://www.iesdouyin.com/share/video/6851408394423684355/?region=CN&mid=6851408463878867720&u_code=2g9cfffeefe2&titleType=title", "download_url": "https://www.chanmama.com/awemeDetail/6851408394423684355", "digg_count": 1038, "digg_incr": 6, "aweme_create_time": 1595217839, "category": 5, "volume": 9, "amount": 261}, "author": {"author_id": "70882177256", "nickname": "调皮婆媳", "follower_count": 105983}}, {"aweme": {"aweme_id": "6851443147281599758", "aweme_title": "入住这么久第一次擦玻璃，擦的很干净", "aweme_url": "https://www.iesdouyin.com/share/video/6851443147281599758/?region=CN&mid=6805862339640838157&u_code=0&titleType=title", "download_url": "https://www.chanmama.com/awemeDetail/6851443147281599758", "digg_count": 2007, "digg_incr": 156, "aweme_create_time": 1595225932, "category": 5, "volume": 0, "amount": 0}, "author": {"author_id": "75234907759", "nickname": "小笨熊ʚ🧸ིྀɞ hf", "follower_count": 145144}}, {"aweme": {"aweme_id": "6851485069232622861", "aweme_title": "#兄弟联cs装备 彩色烟雾棒 请在 @兄弟联真人CS装备 主页橱窗购买", "aweme_url": "https://www.iesdouyin.com/share/video/6851485069232622861/?region=CN&mid=6851485120713607944&u_code=379jm8h3l53m&titleType=title", "download_url": "https://www.chanmama.com/awemeDetail/6851485069232622861", "digg_count": 1022, "digg_incr": "-", "aweme_create_time": 1595235692, "category": 5, "volume": 0, "amount": 0}, "author": {"author_id": "100822123158", "nickname": "兄弟联真人cs装备", "follower_count": 502297}}, {"aweme": {"aweme_id": "6851489616835398912", "aweme_title": "八杯装福利款#山朵瓷器阿龙严选 #福利 #717奇妙好物在这里", "aweme_url": "https://www.iesdouyin.com/share/video/6851489616835398912/?region=CN&mid=6851489638952028941&u_code=27l4hkd95f9c&titleType=title", "download_url": "https://www.chanmama.com/awemeDetail/6851489616835398912", "digg_count": 1167, "digg_incr": 31, "aweme_create_time": 1595236742, "category": 5, "volume": 44, "amount": 2552}, "author": {"author_id": "1516952127277309", "nickname": "山朵瓷器阿龙严选", "follower_count": 128634}}, {"aweme": {"aweme_id": "6851504431440104711", "aweme_title": "@啊典--魔幻艺术发了一个抖音短视频，你尽管点开，不好看算我输！", "aweme_url": "https://www.iesdouyin.com/share/video/6851504431440104711/?region=CN&mid=6533427171187559182&u_code=294bg9c3e87k&titleType=", "download_url": "https://www.chanmama.com/awemeDetail/6851504431440104711", "digg_count": 1734, "digg_incr": 147, "aweme_create_time": 1595240206, "category": 5, "volume": 0, "amount": 0}, "author": {"author_id": "4503660589996073", "nickname": "啊典--魔幻艺术", "follower_count": 873695}}, {"aweme": {"aweme_id": "6851209638411554056", "aweme_title": "正所谓乐极生悲。心胸狭隘，到最后都是一场空 #影视剪辑  #宫心计1", "aweme_url": "https://www.iesdouyin.com/share/video/6851209638411554056/?region=CN&mid=6851209952653282061&u_code=166g84l6dji5&titleType=title", "download_url": "https://www.chanmama.com/awemeDetail/6851209638411554056", "digg_count": 1064, "digg_incr": 22, "aweme_create_time": 1595217600, "category": 5, "volume": 0, "amount": 0}, "author": {"author_id": "64284128372", "nickname": "五爱剪辑", "follower_count": 142019}}, {"aweme": {"aweme_id": "6851450600937295117", "aweme_title": "数量不多，解放双手的自动晴雨伞", "aweme_url": "https://www.iesdouyin.com/share/video/6851450600937295117/?region=CN&mid=6851451058385160967&u_code=d3cj78d2g00&titleType=title", "download_url": "https://www.chanmama.com/awemeDetail/6851450600937295117", "digg_count": 1562, "digg_incr": 125, "aweme_create_time": 1595235057, "category": 5, "volume": 3, "amount": 44.400000000000006}, "author": {"author_id": "3632426975233527", "nickname": "鹏于晏", "follower_count": 839137}}, {"aweme": {"aweme_id": "6851496761442192655", "aweme_title": "早餐这样吃，保证你家孩子长的快~#美食推荐官 #全民dou爱吃 #美食趣胃计划", "aweme_url": "https://www.iesdouyin.com/share/video/6851496761442192655/?region=CN&mid=6851496782690962184&u_code=2g9cfffeefe2&titleType=title", "download_url": "https://www.chanmama.com/awemeDetail/6851496761442192655", "digg_count": 1764, "digg_incr": 283, "aweme_create_time": 1595238405, "category": 5, "volume": 1, "amount": 19.9}, "author": {"author_id": "2449359373345245", "nickname": "馋哭日记", "follower_count": 823261}}, {"aweme": {"aweme_id": "6851488664854351118", "aweme_title": "#猪油 卤面，炒菜，拌饭都非常香，这样教你还学不会吗#夏日云派对 #夏日美食我来探 #福建奇妙夜", "aweme_url": "https://www.iesdouyin.com/share/video/6851488664854351118/?region=CN&mid=6851488695141305096&u_code=i5hd90h2gbh&titleType=title", "download_url": "https://www.chanmama.com/awemeDetail/6851488664854351118", "digg_count": 1269, "digg_incr": 57, "aweme_create_time": 1595236520, "category": 5, "volume": 0, "amount": 0}, "author": {"author_id": "59210472179", "nickname": "莆田味道", "follower_count": 205289}}, {"aweme": {"aweme_id": "6851400225949617423", "aweme_title": "再也不怕背部脸部螨虫啦！颜值超高的#除螨皂 #好物分享 #颜值", "aweme_url": "https://www.iesdouyin.com/share/video/6851400225949617423/?region=CN&mid=6851400236921817869&u_code=1e86e3gfc222&titleType=title", "download_url": "https://www.chanmama.com/awemeDetail/6851400225949617423", "digg_count": 2317, "digg_incr": 117, "aweme_create_time": 1595215929, "category": 5, "volume": 0, "amount": 0}, "author": {"author_id": "3742342786856123", "nickname": "小玖の杂货铺", "follower_count": 85027}}]}