{"data": [{"aweme": {"aweme_id": "6851487616001461518", "aweme_title": "送给小朋友的玩具！被大朋友玩上瘾了😂", "aweme_url": "https://www.iesdouyin.com/share/video/6851487616001461518/?region=CN&mid=6701265611961486092&u_code=1am3aa602ah1&titleType=title", "download_url": "https://www.chanmama.com/awemeDetail/6851487616001461518", "digg_count": 99261, "digg_incr": 9345, "aweme_create_time": 1595236276, "category": 6, "volume": 0, "amount": 0}, "author": {"author_id": "109022841431", "nickname": "小明好物推荐", "follower_count": 50260}}, {"aweme": {"aweme_id": "6851515864852843780", "aweme_title": "4000多块积木拼起来确实不容易，但是拼完出来的那一刻太满足了！#礼物 #积木", "aweme_url": "https://www.iesdouyin.com/share/video/6851515864852843780/?region=CN&mid=6841001974717090568&u_code=0&titleType=title", "download_url": "https://www.chanmama.com/awemeDetail/6851515864852843780", "digg_count": 26539, "digg_incr": -27, "aweme_create_time": 1595242859, "category": 6, "volume": 15, "amount": 1020}, "author": {"author_id": "52591868292", "nickname": "陈荔枝", "follower_count": 4714}}, {"aweme": {"aweme_id": "6851443611461061888", "aweme_title": "遇到美的事物，妈妈也变得像个小孩子🤣#乐高 #宅物 #充能计划 #乐高泰姬陵 #泰姬陵积木", "aweme_url": "https://www.iesdouyin.com/share/video/6851443611461061888/?region=CN&mid=6779041629568239617&u_code=379jm8h3l53m&titleType=title", "download_url": "https://www.chanmama.com/awemeDetail/6851443611461061888", "digg_count": 22478, "digg_incr": 36, "aweme_create_time": 1595226031, "category": 6, "volume": 3, "amount": 264}, "author": {"author_id": "3742330147045639", "nickname": "乐高科技™", "follower_count": 606551}}, {"aweme": {"aweme_id": "6851318776948952335", "aweme_title": "姐妹们，点头像正在直播👉", "aweme_url": "https://www.iesdouyin.com/share/video/6851318776948952335/?region=CN&mid=6851318572107909896&u_code=379jm8h3l53m&titleType=title", "download_url": "https://www.chanmama.com/awemeDetail/6851318776948952335", "digg_count": 16950, "digg_incr": -6, "aweme_create_time": 1595196976, "category": 6, "volume": 1222, "amount": 60208}, "author": {"author_id": "1578532566736478", "nickname": "常熟市语曦服饰商行", "follower_count": 162617}}, {"aweme": {"aweme_id": "6851488893552889102", "aweme_title": "珍珠发抓浮力9.9三个包由，正在直播#717奇妙好物在这里 #义乌 #solo出道谁最nata #宝妈创业", "aweme_url": "https://www.iesdouyin.com/share/video/6851488893552889102/?region=CN&mid=6851488900129999623&u_code=81825g6738b&titleType=title", "download_url": "https://www.chanmama.com/awemeDetail/6851488893552889102", "digg_count": 14269, "digg_incr": 128, "aweme_create_time": 1595236573, "category": 6, "volume": 278, "amount": 2752.2000000000003}, "author": {"author_id": "103996993813", "nickname": "小笨闯义乌", "follower_count": 196356}}, {"aweme": {"aweme_id": "6851522383547780364", "aweme_title": "谁说减肥要节食？正常吃喝不行吗？#平衡波 #减脂", "aweme_url": "https://www.iesdouyin.com/share/video/6851522383547780364/?region=CN&mid=6801035742194993934&u_code=0&titleType=title", "download_url": "https://www.chanmama.com/awemeDetail/6851522383547780364", "digg_count": 12796, "digg_incr": 1104, "aweme_create_time": 1595244376, "category": 6, "volume": 0, "amount": 0}, "author": {"author_id": "659316696947979", "nickname": "波动空间", "follower_count": 164403}}, {"aweme": {"aweme_id": "6851315274986097934", "aweme_title": "胡萝卜抱枕来了~有些人白天看上去成熟稳重，谁知道晚上还得夹着娃娃才能睡觉 #娃娃 #毛绒玩具@DOU+小助手", "aweme_url": "https://www.iesdouyin.com/share/video/6851315274986097934/?region=CN&mid=6851315225820416776&u_code=0&titleType=title", "download_url": "https://www.chanmama.com/awemeDetail/6851315274986097934", "digg_count": 12536, "digg_incr": 35, "aweme_create_time": 1595196165, "category": 6, "volume": 0, "amount": 0}, "author": {"author_id": "62219583895", "nickname": "棒棒熊毛绒玩具店", "follower_count": 183697}}, {"aweme": {"aweme_id": "6851401498505563400", "aweme_title": "带宝宝去母婴馆游泳一次要168，现在花几十就能在家每天游泳也太爽了！瞧把娃开心的😆能玩一下午，简直是乐园", "aweme_url": "https://www.iesdouyin.com/share/video/6851401498505563400/?region=CN&mid=6830015748845751053&u_code=0&titleType=title", "download_url": "https://www.chanmama.com/awemeDetail/6851401498505563400", "digg_count": 9666, "digg_incr": 1, "aweme_create_time": 1595216225, "category": 6, "volume": 0, "amount": 0}, "author": {"author_id": "3117864116037534", "nickname": "小胖老师🐷（直播中）", "follower_count": 197810}}, {"aweme": {"aweme_id": "6851360051521735944", "aweme_title": "早上给大家上小象套装，来直播间看看😘#婴装#717奇妙好物在这里", "aweme_url": "https://www.iesdouyin.com/share/video/6851360051521735944/?region=CN&mid=6851360123844102920&u_code=0&titleType=title", "download_url": "https://www.chanmama.com/awemeDetail/6851360051521735944", "digg_count": 9409, "digg_incr": -16, "aweme_create_time": 1595206600, "category": 6, "volume": 2, "amount": 199.8}, "author": {"author_id": "4050223440859367", "nickname": "一寸婴童优选店(每天早上10开播～)", "follower_count": 27562}}, {"aweme": {"aweme_id": "6851521625699929357", "aweme_title": "不怀个孕你永远都不知道腰有多酸 有多粗 晚上有多难熬 抽筋有多痛 脾气有多差", "aweme_url": "https://www.iesdouyin.com/share/video/6851521625699929357/?region=CN&mid=6851521714552441613&u_code=0&titleType=title", "download_url": "https://www.chanmama.com/awemeDetail/6851521625699929357", "digg_count": 11974, "digg_incr": -19, "aweme_create_time": 1595244212, "category": 6, "volume": 0, "amount": 0}, "author": {"author_id": "93193462186", "nickname": "AROOM孕妇装", "follower_count": 377102}}, {"aweme": {"aweme_id": "6851392483285355791", "aweme_title": "买了一只鸭子回家当对手，平时太孤独了@DOU+小助手 @孟菜狗", "aweme_url": "https://www.iesdouyin.com/share/video/6851392483285355791/?region=CN&mid=6851213927222348558&u_code=27l4hkd95f9c&titleType=title", "download_url": "https://www.chanmama.com/awemeDetail/6851392483285355791", "digg_count": 8288, "digg_incr": "-", "aweme_create_time": 1595214126, "category": 6, "volume": 15, "amount": 597}, "author": {"author_id": "641742905287359", "nickname": "小智好物", "follower_count": 88547}}, {"aweme": {"aweme_id": "6851446154530491660", "aweme_title": "我的标准体重75kg，你呢？#专业健身联盟", "aweme_url": "https://www.iesdouyin.com/share/video/6851446154530491660/?region=CN&mid=6631421977586305796&u_code=3cc1ga8lck8h&titleType=title", "download_url": "https://www.chanmama.com/awemeDetail/6851446154530491660", "digg_count": 8360, "digg_incr": 13, "aweme_create_time": 1595226632, "category": 6, "volume": 0, "amount": 0}, "author": {"author_id": "97134065809", "nickname": "郭梁郭子豪", "follower_count": 639377}}, {"aweme": {"aweme_id": "6851477717485997325", "aweme_title": "听说大家喜欢看#lolita #转圈圈 ，好的，今天的客服娘也是无情的转圈机器人！全价598", "aweme_url": "https://www.iesdouyin.com/share/video/6851477717485997325/?region=CN&mid=6838179056975186696&u_code=294bg9c3e87k&titleType=title", "download_url": "https://www.chanmama.com/awemeDetail/6851477717485997325", "digg_count": 24596, "digg_incr": 1349, "aweme_create_time": 1595233972, "category": 6, "volume": 0, "amount": 0}, "author": {"author_id": "103782810159", "nickname": "Neverland星芙颂", "follower_count": 105761}}, {"aweme": {"aweme_id": "6851482450359586048", "aweme_title": "迷你厨房续集来了，上个视频很多问题的宝宝看过来啦，看完还有什么问题吗？#迷你厨房", "aweme_url": "https://www.iesdouyin.com/share/video/6851482450359586048/?region=CN&mid=6851482460212120328&u_code=0&titleType=title", "download_url": "https://www.chanmama.com/awemeDetail/6851482450359586048", "digg_count": 10144, "digg_incr": 75, "aweme_create_time": 1595235073, "category": 6, "volume": 0, "amount": 0}, "author": {"author_id": "329445349527227", "nickname": "玩具大王国", "follower_count": 329746}}, {"aweme": {"aweme_id": "6851391381856914688", "aweme_title": "夏天宝宝值得拥有清新小肌密薄至刚刚好#天生明星御智柔系列", "aweme_url": "https://www.iesdouyin.com/share/video/6851391381856914688/?region=CN&mid=6779041629568239617&u_code=0&titleType=title", "download_url": "https://www.chanmama.com/awemeDetail/6851391381856914688", "digg_count": 8045, "digg_incr": -3, "aweme_create_time": 1595239200, "category": 6, "volume": 2, "amount": 237.8}, "author": {"author_id": "2766020075327700", "nickname": "章鱼麻麻", "follower_count": 624591}}, {"aweme": {"aweme_id": "6851394666332491022", "aweme_title": "夏季炎炎，有你超甜，珍珠抓夹浮力9.9三个包由#717奇妙好物在这里 #solo出道谁最nata #义乌", "aweme_url": "https://www.iesdouyin.com/share/video/6851394666332491022/?region=CN&mid=6851394668249697032&u_code=31b2leb8m8fh&titleType=title", "download_url": "https://www.chanmama.com/awemeDetail/6851394666332491022", "digg_count": 7088, "digg_incr": 3, "aweme_create_time": 1595214634, "category": 6, "volume": 2985, "amount": 29551.5}, "author": {"author_id": "103996993813", "nickname": "小笨闯义乌", "follower_count": 196356}}, {"aweme": {"aweme_id": "6851483761465462023", "aweme_title": "如何预防和淡化已有的妊娠纹？我的血泪经验来啦！", "aweme_url": "https://www.iesdouyin.com/share/video/6851483761465462023/?region=CN&mid=6851483880239745805&u_code=0&titleType=title", "download_url": "https://www.chanmama.com/awemeDetail/6851483761465462023", "digg_count": 13737, "digg_incr": 421, "aweme_create_time": 1595241148, "category": 6, "volume": 26, "amount": 5382}, "author": {"author_id": "105691757641", "nickname": "六豆妈", "follower_count": 958572}}, {"aweme": {"aweme_id": "6851393233696640269", "aweme_title": "“萌萌哒”的096 #scp  #动画", "aweme_url": "https://www.iesdouyin.com/share/video/6851393233696640269/?region=CN&mid=6851393356627544846&u_code=0&titleType=title", "download_url": "https://www.chanmama.com/awemeDetail/6851393233696640269", "digg_count": 8409, "digg_incr": 244, "aweme_create_time": 1595214320, "category": 6, "volume": 1, "amount": 1}, "author": {"author_id": "3003467736038584", "nickname": "一只学霸熊", "follower_count": 456499}}, {"aweme": {"aweme_id": "6851569337506024711", "aweme_title": "#好物分享 #闺蜜 超级可爱的独角兽安排上了you", "aweme_url": "https://www.iesdouyin.com/share/video/6851569337506024711/?region=CN&mid=6851569373124348679&u_code=0&titleType=title", "download_url": "https://www.chanmama.com/awemeDetail/6851569337506024711", "digg_count": 11678, "digg_incr": 2275, "aweme_create_time": 1595255308, "category": 6, "volume": 0, "amount": 0}, "author": {"author_id": "26030248565900", "nickname": "小小的田螺", "follower_count": 7125}}, {"aweme": {"aweme_id": "6851477336563551503", "aweme_title": "姐妹们，点头像正在直播👉", "aweme_url": "https://www.iesdouyin.com/share/video/6851477336563551503/?region=CN&mid=6851477337603640072&u_code=294bg9c3e87k&titleType=title", "download_url": "https://www.chanmama.com/awemeDetail/6851477336563551503", "digg_count": 4867, "digg_incr": 9, "aweme_create_time": 1595233883, "category": 6, "volume": 20, "amount": 980}, "author": {"author_id": "1578532566736478", "nickname": "常熟市语曦服饰商行", "follower_count": 162617}}, {"aweme": {"aweme_id": "6851391198251289856", "aweme_title": "我这样会不会被抓起来#民航人 #飞行员 #空姐 @抖音小助手 @四川航空 ##飞机", "aweme_url": "https://www.iesdouyin.com/share/video/6851391198251289856/?region=CN&mid=6851391208149814023&u_code=0&titleType=title", "download_url": "https://www.chanmama.com/awemeDetail/6851391198251289856", "digg_count": 6440, "digg_incr": 158, "aweme_create_time": 1595213827, "category": 6, "volume": 5, "amount": 225}, "author": {"author_id": "58902602223", "nickname": "被飞行耽误的厨子", "follower_count": 293289}}, {"aweme": {"aweme_id": "6851369143606840576", "aweme_title": "没有“假胯宽”真的是看起来好多了，总归假胯宽圆肩小腹凸起那可不就是胖嘛#155 #跳绳 #核心力量", "aweme_url": "https://www.iesdouyin.com/share/video/6851369143606840576/?region=CN&mid=6851369134044023559&u_code=0&titleType=title", "download_url": "https://www.chanmama.com/awemeDetail/6851369143606840576", "digg_count": 9849, "digg_incr": 1283, "aweme_create_time": 1595208693, "category": 6, "volume": 6, "amount": 150}, "author": {"author_id": "905588251569356", "nickname": "元气少女野", "follower_count": 162406}}, {"aweme": {"aweme_id": "6851401757025635591", "aweme_title": "你慢慢考虑，错过了我这个村儿，还有我开的店，还有我开的连锁店，还有我摆的地摊   #jk制服", "aweme_url": "https://www.iesdouyin.com/share/video/6851401757025635591/?region=CN&mid=6834041036478679822&u_code=0&titleType=title", "download_url": "https://www.chanmama.com/awemeDetail/6851401757025635591", "digg_count": 5828, "digg_incr": 183, "aweme_create_time": 1595216285, "category": 6, "volume": 260, "amount": 5200}, "author": {"author_id": "61794597025", "nickname": "要吃芋圆吗🐰", "follower_count": 446048}}, {"aweme": {"aweme_id": "6851418472006651151", "aweme_title": "#文具安利 #小学生 #玩具", "aweme_url": "https://www.iesdouyin.com/share/video/6851418472006651151/?region=CN&mid=6544952673429359363&u_code=2g9cfffeefe2&titleType=title", "download_url": "https://www.chanmama.com/awemeDetail/6851418472006651151", "digg_count": 10286, "digg_incr": 1922, "aweme_create_time": 1595220177, "category": 6, "volume": 0, "amount": 0}, "author": {"author_id": "105097158013", "nickname": "清扬麻麻", "follower_count": 131843}}, {"aweme": {"aweme_id": "6851379527294127360", "aweme_title": "给你们看看沙雕闺蜜给我寄的沙雕鸭鸭，都把我小仙女的气质带偏了😂", "aweme_url": "https://www.iesdouyin.com/share/video/6851379527294127360/?region=CN&mid=6851379929792121604&u_code=3aj0322m7cj7&titleType=title", "download_url": "https://www.chanmama.com/awemeDetail/6851379527294127360", "digg_count": 3802, "digg_incr": 0, "aweme_create_time": 1595211177, "category": 6, "volume": 592, "amount": 23088}, "author": {"author_id": "110838196648", "nickname": "小丸子呀", "follower_count": 5277}}, {"aweme": {"aweme_id": "6851336045502500096", "aweme_title": "此肚已开奖#女宝宝 刚怀孕老公就盼着是个女宝，天天在抖音接，7.17如愿开奖，无侧切顺产没打无痛，喜欢女宝来接", "aweme_url": "https://www.iesdouyin.com/share/video/6851336045502500096/?region=CN&mid=6823662022254512904&u_code=0&titleType=title", "download_url": "https://www.chanmama.com/awemeDetail/6851336045502500096", "digg_count": 4318, "digg_incr": 57, "aweme_create_time": 1595200990, "category": 6, "volume": 11, "amount": 1419}, "author": {"author_id": "514223834148983", "nickname": "糯米麻麻", "follower_count": 4070}}, {"aweme": {"aweme_id": "6851557511338757384", "aweme_title": "只要胆子够大，就没有撩不到的妞🔫#情侣礼物 #甜甜的恋爱", "aweme_url": "https://www.iesdouyin.com/share/video/6851557511338757384/?region=CN&mid=6838518831309572872&u_code=2f35h3i9iecg&titleType=title", "download_url": "https://www.chanmama.com/awemeDetail/6851557511338757384", "digg_count": 3700, "digg_incr": 0, "aweme_create_time": 1595252548, "category": 6, "volume": 18, "amount": 956.7}, "author": {"author_id": "2651640812279175", "nickname": "礼物礼物种草🎁", "follower_count": 2991}}, {"aweme": {"aweme_id": "6851558708124650752", "aweme_title": "我要的爱❤️在你身上存在，余生每天每时每分每秒有你，爱老虎油💕#热门 @DOU+小助手 @抖音小助手", "aweme_url": "https://www.iesdouyin.com/share/video/6851558708124650752/?region=CN&mid=6847745709240748039&u_code=13h2b40ld9m7&titleType=title", "download_url": "https://www.chanmama.com/awemeDetail/6851558708124650752", "digg_count": 5081, "digg_incr": 162, "aweme_create_time": 1595252827, "category": 6, "volume": 0, "amount": 0}, "author": {"author_id": "59200171449", "nickname": "保定菲菲毛绒玩具", "follower_count": 196381}}, {"aweme": {"aweme_id": "6851418959917403407", "aweme_title": "闺女午饭～蜗牛意面，蔬菜角瓜圈，西红柿鸡蛋卷，刚吃完午饭就要想着晚饭做啥吃😂又不想随便糊弄，愁人啊", "aweme_url": "https://www.iesdouyin.com/share/video/6851418959917403407/?region=CN&mid=6851418963547179789&u_code=0&titleType=title", "download_url": "https://www.chanmama.com/awemeDetail/6851418959917403407", "digg_count": 4473, "digg_incr": 104, "aweme_create_time": 1595220290, "category": 6, "volume": 64, "amount": 1267.2}, "author": {"author_id": "78936336847", "nickname": "雨馨妈妈", "follower_count": 283220}}, {"aweme": {"aweme_id": "6851454336669633804", "aweme_title": "#一起揉揉小肚子 #玛莎拉蒂锋芒玩家 #水族 #萌宠 #隔离盒 #小鱼繁殖 有些看似一样的东西实际上差别很大", "aweme_url": "https://www.iesdouyin.com/share/video/6851454336669633804/?region=CN&mid=6686684382322756359&u_code=3cc1ga8lck8h&titleType=title", "download_url": "https://www.chanmama.com/awemeDetail/6851454336669633804", "digg_count": 3997, "digg_incr": 156, "aweme_create_time": 1595228536, "category": 6, "volume": 4, "amount": 168}, "author": {"author_id": "59181562166", "nickname": "养鱼说鱼花鹦鹉", "follower_count": 849524}}, {"aweme": {"aweme_id": "6851527249179561219", "aweme_title": "什么都不说就是好玩#大嘴的沙雕日常", "aweme_url": "https://www.iesdouyin.com/share/video/6851527249179561219/?region=CN&mid=6851527288979639053&u_code=0&titleType=title", "download_url": "https://www.chanmama.com/awemeDetail/6851527249179561219", "digg_count": 3258, "digg_incr": 19, "aweme_create_time": 1595245508, "category": 6, "volume": 0, "amount": 0}, "author": {"author_id": "2211859477306717", "nickname": "武小畅畅", "follower_count": 50183}}, {"aweme": {"aweme_id": "6851405514505538827", "aweme_title": "宝宝六个月后可以开始给他吃这些水果了，我们孩子用的这个咬袋，吃得同时还能帮助磨牙", "aweme_url": "https://www.iesdouyin.com/share/video/6851405514505538827/?region=CN&mid=6851405554703764232&u_code=3aj0322m7cj7&titleType=title", "download_url": "https://www.chanmama.com/awemeDetail/6851405514505538827", "digg_count": 20437, "digg_incr": 1795, "aweme_create_time": 1595217168, "category": 6, "volume": 3, "amount": 84}, "author": {"author_id": "259133859432840", "nickname": "无忧妈妈养仔记", "follower_count": 94046}}, {"aweme": {"aweme_id": "6851571866746768655", "aweme_title": "“如果你家小公主不听话，那么请用这把🔫堵住她的嘴”#礼物  #甜甜的恋爱", "aweme_url": "https://www.iesdouyin.com/share/video/6851571866746768655/?region=CN&mid=6838518831309572872&u_code=1735ei7akb8h&titleType=title", "download_url": "https://www.chanmama.com/awemeDetail/6851571866746768655", "digg_count": 3120, "digg_incr": 4, "aweme_create_time": 1595255891, "category": 6, "volume": 0, "amount": 0}, "author": {"author_id": "2576908635085296", "nickname": "猫仙人💕", "follower_count": 8109}}, {"aweme": {"aweme_id": "6851299239591431424", "aweme_title": "喜欢饰品的宝宝们记得关注我哦#夏天还能这么玩 #好物推荐 #网红饰品 @DOU+小助手 @抖音小助手", "aweme_url": "https://www.iesdouyin.com/share/video/6851299239591431424/?region=CN&mid=6824793994652813319&u_code=29e685i9la4c&titleType=title", "download_url": "https://www.chanmama.com/awemeDetail/6851299239591431424", "digg_count": 3020, "digg_incr": 0, "aweme_create_time": 1595192461, "category": 6, "volume": 0, "amount": 0}, "author": {"author_id": "99118725484", "nickname": "玲姐姐首饰", "follower_count": 270608}}, {"aweme": {"aweme_id": "6851348968429931783", "aweme_title": "#男人的大玩具 #悍马 #悍马h1 #汽车模型 男人就该拥有一辆这样的越野车", "aweme_url": "https://www.iesdouyin.com/share/video/6851348968429931783/?region=CN&mid=6851348955524107016&u_code=0&titleType=title", "download_url": "https://www.chanmama.com/awemeDetail/6851348968429931783", "digg_count": 3696, "digg_incr": 337, "aweme_create_time": 1595203997, "category": 6, "volume": 4, "amount": 272}, "author": {"author_id": "97199539440", "nickname": "环网立迅科技有限公司", "follower_count": 185823}}, {"aweme": {"aweme_id": "6851509761767263501", "aweme_title": "艾特你男朋友让他和你拍这个！#jk #jk制服 @抖音小助手", "aweme_url": "https://www.iesdouyin.com/share/video/6851509761767263501/?region=CN&mid=6841492789587364616&u_code=27l4hkd95f9c&titleType=title", "download_url": "https://www.chanmama.com/awemeDetail/6851509761767263501", "digg_count": 3216, "digg_incr": 160, "aweme_create_time": 1595241432, "category": 6, "volume": 1, "amount": 78}, "author": {"author_id": "70181951529", "nickname": "澈里里！", "follower_count": 660576}}, {"aweme": {"aweme_id": "6851334435049180416", "aweme_title": "#睡衣家居服 #好物推荐 #家居服 #居家服 @DOU+小助手 @抖音小助手", "aweme_url": "https://www.iesdouyin.com/share/video/6851334435049180416/?region=CN&mid=6851334374634392334&u_code=0&titleType=title", "download_url": "https://www.chanmama.com/awemeDetail/6851334435049180416", "digg_count": 5203, "digg_incr": 726, "aweme_create_time": 1595200616, "category": 6, "volume": 680, "amount": 53720}, "author": {"author_id": "2225053750014952", "nickname": "常星电子商务有限公司", "follower_count": 14640}}, {"aweme": {"aweme_id": "6851489312249269504", "aweme_title": "长嫂如母，小叔子结婚没房，我把给儿子准备的楼房给小叔子，有支持我的吗？#嫂子与小叔子#家和万事兴#我要上热门", "aweme_url": "https://www.iesdouyin.com/share/video/6851489312249269504/?region=CN&mid=6801312361186593543&u_code=0&titleType=title", "download_url": "https://www.chanmama.com/awemeDetail/6851489312249269504", "digg_count": 6510, "digg_incr": 2663, "aweme_create_time": 1595236671, "category": 6, "volume": 0, "amount": 0}, "author": {"author_id": "103722171454", "nickname": "芙蓉姐姐", "follower_count": 602620}}, {"aweme": {"aweme_id": "6851427712742034692", "aweme_title": "人老腿先老，膝盖是关键！每天做这个动作，等到七十八十想去哪去哪#膝关节保养#老寒腿#三伏灸#健康#好物推荐", "aweme_url": "https://www.iesdouyin.com/share/video/6851427712742034692/?region=CN&mid=6848509031313672968&u_code=2k5ab5a5913d&titleType=title", "download_url": "https://www.chanmama.com/awemeDetail/6851427712742034692", "digg_count": 2496, "digg_incr": 36, "aweme_create_time": 1595222337, "category": 6, "volume": 0, "amount": 0}, "author": {"author_id": "2946316820557507", "nickname": "丹青运动", "follower_count": 126235}}, {"aweme": {"aweme_id": "6851506698004286720", "aweme_title": "你们就想昊天锤大大大，超大号的昊天锤安排，1.8公斤重，，先睹图为快#斗罗大陆 #唐三", "aweme_url": "https://www.iesdouyin.com/share/video/6851506698004286720/?region=CN&mid=6850427491664923399&u_code=jc1bkla2acm&titleType=title", "download_url": "https://www.chanmama.com/awemeDetail/6851506698004286720", "digg_count": 3365, "digg_incr": 146, "aweme_create_time": 1595240718, "category": 6, "volume": 3, "amount": 375}, "author": {"author_id": "104437775945", "nickname": "雲晓漫", "follower_count": 180775}}, {"aweme": {"aweme_id": "6851513264023653639", "aweme_title": "爱是相互的默默承受与付出 #情感  #DOU上热门  @DOU+小助手", "aweme_url": "https://www.iesdouyin.com/share/video/6851513264023653639/?region=CN&mid=6851513398715222797&u_code=3aj0322m7cj7&titleType=title", "download_url": "https://www.chanmama.com/awemeDetail/6851513264023653639", "digg_count": 2009, "digg_incr": 14, "aweme_create_time": 1595242264, "category": 6, "volume": 0, "amount": 0}, "author": {"author_id": "62718929585", "nickname": "卓理超人", "follower_count": 793945}}, {"aweme": {"aweme_id": "6851401292057775372", "aweme_title": "#lolita 是你喜欢的样子吗？", "aweme_url": "https://www.iesdouyin.com/share/video/6851401292057775372/?region=CN&mid=6751320470638936072&u_code=3aj0322m7cj7&titleType=title", "download_url": "https://www.chanmama.com/awemeDetail/6851401292057775372", "digg_count": 3771, "digg_incr": -2, "aweme_create_time": 1595216186, "category": 6, "volume": 0, "amount": 0}, "author": {"author_id": "2185454834691996", "nickname": "星辰猫lolita原创设计", "follower_count": 5230}}, {"aweme": {"aweme_id": "6851226785699384580", "aweme_title": "23岁的姑姑和两岁的毛蛋玩多美，毛蛋手里拿着还抢姑姑的小黄鸭，感谢好心人给婉儿的支持#小黄鸭毛绒玩具 热卖中", "aweme_url": "https://www.iesdouyin.com/share/video/6851226785699384580/?region=CN&mid=6851226856289471245&u_code=0&titleType=title", "download_url": "https://www.chanmama.com/awemeDetail/6851226785699384580", "digg_count": 2461, "digg_incr": 101, "aweme_create_time": 1595175571, "category": 6, "volume": 0, "amount": 0}, "author": {"author_id": "73719168270", "nickname": "坚强的女孩♥️小仙女♥️", "follower_count": 488773}}, {"aweme": {"aweme_id": "6851450023159319815", "aweme_title": "特工战士的暴风机关枪发射 果然好厉害#弗特 #玩具 #迷你特工队 #露西", "aweme_url": "https://www.iesdouyin.com/share/video/6851450023159319815/?region=CN&mid=6851450032898591496&u_code=2g9cfffeefe2&titleType=title", "download_url": "https://www.chanmama.com/awemeDetail/6851450023159319815", "digg_count": 2293, "digg_incr": 161, "aweme_create_time": 1595227524, "category": 6, "volume": 0, "amount": 0}, "author": {"author_id": "1129934350728932", "nickname": "圣际星缘", "follower_count": 482790}}, {"aweme": {"aweme_id": "6851342950501321992", "aweme_title": "猎模人DH-01蓝色武者伊达政宗再版 #充能计划 #宅物", "aweme_url": "https://www.iesdouyin.com/share/video/6851342950501321992/?region=CN&mid=6851342918582553351&u_code=3cc1ga8lck8h&titleType=title", "download_url": "https://www.chanmama.com/awemeDetail/6851342950501321992", "digg_count": 1965, "digg_incr": 12, "aweme_create_time": 1595202597, "category": 6, "volume": 48, "amount": 1440}, "author": {"author_id": "1297014537335751", "nickname": "少木示", "follower_count": 23126}}, {"aweme": {"aweme_id": "6851510019381316878", "aweme_title": "这个是我妈，真的拿她一点办法都没有，总让我喊她小姐姐，哼 #lolita", "aweme_url": "https://www.iesdouyin.com/share/video/6851510019381316878/?region=CN&mid=6784709050732038916&u_code=0&titleType=title", "download_url": "https://www.chanmama.com/awemeDetail/6851510019381316878", "digg_count": 2354, "digg_incr": 50, "aweme_create_time": 1595241492, "category": 6, "volume": 0, "amount": 0}, "author": {"author_id": "85703700506", "nickname": "菲娘", "follower_count": 475676}}, {"aweme": {"aweme_id": "6851426696290176263", "aweme_title": "何其幸运 遇见你，你是我的满心欢喜#热门 @DOU+小助手 @抖音小助手", "aweme_url": "https://www.iesdouyin.com/share/video/6851426696290176263/?region=CN&mid=6851426711817571086&u_code=0&titleType=title", "download_url": "https://www.chanmama.com/awemeDetail/6851426696290176263", "digg_count": 6370, "digg_incr": 1688, "aweme_create_time": 1595222092, "category": 6, "volume": 25, "amount": 1125}, "author": {"author_id": "712096802415936", "nickname": "丫丫毛绒玩具", "follower_count": 249317}}, {"aweme": {"aweme_id": "6851505707880107268", "aweme_title": "#孩子#成长#育儿 你知道吗？你家孩子不自信原来和爸爸有关#运动#专注力@抖音小助手", "aweme_url": "https://www.iesdouyin.com/share/video/6851505707880107268/?region=CN&mid=6805421611441719310&u_code=0&titleType=title", "download_url": "https://www.chanmama.com/awemeDetail/6851505707880107268", "digg_count": 2584, "digg_incr": 74, "aweme_create_time": 1595240496, "category": 6, "volume": 16, "amount": 204.8}, "author": {"author_id": "945174501134557", "nickname": "园长妈妈", "follower_count": 732409}}, {"aweme": {"aweme_id": "6851463894242692352", "aweme_title": "当沙雕鸭子遇到另外一只鸭子时、#沙雕复读鸭 另外那只鸭子的反应惊了。", "aweme_url": "https://www.iesdouyin.com/share/video/6851463894242692352/?region=CN&mid=6851463904812714759&u_code=0&titleType=title", "download_url": "https://www.chanmama.com/awemeDetail/6851463894242692352", "digg_count": 56555, "digg_incr": 154, "aweme_create_time": 1595230753, "category": 6, "volume": 21, "amount": 819}, "author": {"author_id": "64117239874", "nickname": "张小维", "follower_count": 35048}}, {"aweme": {"aweme_id": "6851224951614082304", "aweme_title": "自从给狗子买了这只沙雕鸭，之后就发生了不可思议的一幕…#717奇妙好物在这里 @DOU+小助手", "aweme_url": "https://www.iesdouyin.com/share/video/6851224951614082304/?region=CN&mid=6846849973879966477&u_code=0&titleType=title", "download_url": "https://www.chanmama.com/awemeDetail/6851224951614082304", "digg_count": 1607, "digg_incr": "-", "aweme_create_time": 1595175125, "category": 6, "volume": 4, "amount": 159.2}, "author": {"author_id": "641742905287359", "nickname": "小智好物", "follower_count": 88547}}, {"aweme": {"aweme_id": "6851534306909637896", "aweme_title": "#好物分享 #闺蜜 朋友一生一起走，谁先变瘦谁是🐶", "aweme_url": "https://www.iesdouyin.com/share/video/6851534306909637896/?region=CN&mid=6842943189440006152&u_code=0&titleType=title", "download_url": "https://www.chanmama.com/awemeDetail/6851534306909637896", "digg_count": 1468, "digg_incr": 16, "aweme_create_time": 1595247146, "category": 6, "volume": 15, "amount": 247.5}, "author": {"author_id": "26030248565900", "nickname": "小小的田螺", "follower_count": 7177}}, {"aweme": {"aweme_id": "6851361274182241548", "aweme_title": "老公给宝宝买的这个仿真小鸡🐥，一开始我还以为是真的，小橙子居然跟后面捉！还可以段练手眼灵活力🤗", "aweme_url": "https://www.iesdouyin.com/share/video/6851361274182241548/?region=CN&mid=6849997569364462344&u_code=1jab858a335j&titleType=title", "download_url": "https://www.chanmama.com/awemeDetail/6851361274182241548", "digg_count": 1444, "digg_incr": -6, "aweme_create_time": 1595206872, "category": 6, "volume": 868, "amount": 8671.32}, "author": {"author_id": "4107403639915916", "nickname": "橙子麻麻🍼", "follower_count": 11659}}, {"aweme": {"aweme_id": "6851383351002025228", "aweme_title": "现学现卖的rap高手哈哈哈，我服了！@DOU+小助手", "aweme_url": "https://www.iesdouyin.com/share/video/6851383351002025228/?region=CN&mid=6851383667458050829&u_code=27l4hkd95f9c&titleType=title", "download_url": "https://www.chanmama.com/awemeDetail/6851383351002025228", "digg_count": 6173, "digg_incr": 158, "aweme_create_time": 1595212039, "category": 6, "volume": 131, "amount": 5109}, "author": {"author_id": "624163146446712", "nickname": "爱吃可爱多的多多（16:00点开播）", "follower_count": 1974}}, {"aweme": {"aweme_id": "6851510791552732430", "aweme_title": "好险好险😱", "aweme_url": "https://www.iesdouyin.com/share/video/6851510791552732430/?region=CN&mid=6851510997291633412&u_code=379jm8h3l53m&titleType=title", "download_url": "https://www.chanmama.com/awemeDetail/6851510791552732430", "digg_count": 2997, "digg_incr": 211, "aweme_create_time": 1595241688, "category": 6, "volume": 0, "amount": 0}, "author": {"author_id": "4503680894896859", "nickname": "💖丶骚唐", "follower_count": 218070}}, {"aweme": {"aweme_id": "6851500935919848712", "aweme_title": "一桌10个人900多岁👍奶奶一百岁生日，不喜欢的划过，喜欢的就祝福老人福如东海 寿比南山🙏🙏@抖音小助手", "aweme_url": "https://www.iesdouyin.com/share/video/6851500935919848712/?region=CN&mid=6851500954605406989&u_code=1am3aa602ah1&titleType=title", "download_url": "https://www.chanmama.com/awemeDetail/6851500935919848712", "digg_count": 2944, "digg_incr": 80, "aweme_create_time": 1595239377, "category": 6, "volume": 0, "amount": 0}, "author": {"author_id": "104765669757", "nickname": "宇哥同醉🔥", "follower_count": 176809}}, {"aweme": {"aweme_id": "6851420659155750144", "aweme_title": "听说每一个女生衣柜里都要有一条深绿色的裙子", "aweme_url": "https://www.iesdouyin.com/share/video/6851420659155750144/?region=CN&mid=6739044188555447044&u_code=29e685i9la4c&titleType=title", "download_url": "https://www.chanmama.com/awemeDetail/6851420659155750144", "digg_count": 1884, "digg_incr": 85, "aweme_create_time": 1595220686, "category": 6, "volume": 79, "amount": 1580}, "author": {"author_id": "65893862689", "nickname": "草莓味的豌豆苗", "follower_count": 124594}}, {"aweme": {"aweme_id": "6851485769815592199", "aweme_title": "宝宝溶豆新吃法get✅果然不能低估吃货的创新能力 哈哈哈~#溶豆 @抖音小助手", "aweme_url": "https://www.iesdouyin.com/share/video/6851485769815592199/?region=CN&mid=6851485794357103373&u_code=0&titleType=title", "download_url": "https://www.chanmama.com/awemeDetail/6851485769815592199", "digg_count": 2111, "digg_incr": 18, "aweme_create_time": 1595235846, "category": 6, "volume": 0, "amount": 0}, "author": {"author_id": "101486150764", "nickname": "萌仓探物", "follower_count": 687200}}, {"aweme": {"aweme_id": "6851529691157810439", "aweme_title": "多色可选的露肩上衣 面料柔软透气  我要给我闺蜜买两件换着穿 #穿搭#时尚", "aweme_url": "https://www.iesdouyin.com/share/video/6851529691157810439/?region=CN&mid=6851529796984343310&u_code=31186i4kmg41&titleType=title", "download_url": "https://www.chanmama.com/awemeDetail/6851529691157810439", "digg_count": 1327, "digg_incr": "-", "aweme_create_time": 1595246092, "category": 6, "volume": 1, "amount": 49}, "author": {"author_id": "62594186718", "nickname": "小魔女时尚穿搭", "follower_count": 200813}}, {"aweme": {"aweme_id": "6851397792762563848", "aweme_title": "期待第八季啊，期待白光莹到底如何了…#叶罗丽精灵梦", "aweme_url": "https://www.iesdouyin.com/share/video/6851397792762563848/?region=CN&mid=6621778298189908739&u_code=379jm8h3l53m&titleType=title", "download_url": "https://www.chanmama.com/awemeDetail/6851397792762563848", "digg_count": 1627, "digg_incr": 72, "aweme_create_time": 1595215362, "category": 6, "volume": 0, "amount": 0}, "author": {"author_id": "64768158792", "nickname": "维艺薇薇礼品屋", "follower_count": 777944}}, {"aweme": {"aweme_id": "6851525190778703117", "aweme_title": "#洛丽塔 我在等风，等风热吻你@CuteQ-Official", "aweme_url": "https://www.iesdouyin.com/share/video/6851525190778703117/?region=CN&mid=6834349018307496712&u_code=0&titleType=title", "download_url": "https://www.chanmama.com/awemeDetail/6851525190778703117", "digg_count": 2256, "digg_incr": 49, "aweme_create_time": 1595245023, "category": 6, "volume": 0, "amount": 0}, "author": {"author_id": "96964880358", "nickname": "akaneko_", "follower_count": 78652}}, {"aweme": {"aweme_id": "6851459424377113869", "aweme_title": "当山口胜平#声优都是怪物 给#艾斯 配音，另外，认识一下这个男人。", "aweme_url": "https://www.iesdouyin.com/share/video/6851459424377113869/?region=CN&mid=6851459452303215367&u_code=379jm8h3l53m&titleType=title", "download_url": "https://www.chanmama.com/awemeDetail/6851459424377113869", "digg_count": 1629, "digg_incr": 17, "aweme_create_time": 1595229712, "category": 6, "volume": 0, "amount": 0}, "author": {"author_id": "2704428523069668", "nickname": "大话海贼_OP", "follower_count": 172094}}, {"aweme": {"aweme_id": "6851490821141826816", "aweme_title": "#沙雕复读鸭 当复读鸭看着（官方回答 ）不是所有的鸭纸都会RAP...#玩具@DOU+小助手", "aweme_url": "https://www.iesdouyin.com/share/video/6851490821141826816/?region=CN&mid=6851490843778435847&u_code=0&titleType=title", "download_url": "https://www.chanmama.com/awemeDetail/6851490821141826816", "digg_count": 1731, "digg_incr": 5, "aweme_create_time": 1595237022, "category": 6, "volume": 135, "amount": 5265}, "author": {"author_id": "64117239874", "nickname": "张小维", "follower_count": 35048}}, {"aweme": {"aweme_id": "6851421281896664327", "aweme_title": "心情不好的时候，就多出去走走，喝杯喜欢的奶茶，回家洗个热水澡，听听音乐，成年人的情绪要学会自己消化#心情", "aweme_url": "https://www.iesdouyin.com/share/video/6851421281896664327/?region=CN&mid=6848916317987588877&u_code=0&titleType=title", "download_url": "https://www.chanmama.com/awemeDetail/6851421281896664327", "digg_count": 4741, "digg_incr": 25, "aweme_create_time": 1595220831, "category": 6, "volume": 32, "amount": 2080}, "author": {"author_id": "55100450280", "nickname": "美妈孕妇哺乳衣🍒", "follower_count": 16113}}, {"aweme": {"aweme_id": "6851404902984436996", "aweme_title": "皮卡~#皮卡丘 这么可爱的毛绒#玩偶 快艾特你的#闺蜜 #男朋友 来安排", "aweme_url": "https://www.iesdouyin.com/share/video/6851404902984436996/?region=CN&mid=6693758985545190152&u_code=27l4hkd95f9c&titleType=title", "download_url": "https://www.chanmama.com/awemeDetail/6851404902984436996", "digg_count": 1208, "digg_incr": "-", "aweme_create_time": 1595217025, "category": 6, "volume": 15, "amount": 247.5}, "author": {"author_id": "2422940201653719", "nickname": "鸭梨种草", "follower_count": 3383}}, {"aweme": {"aweme_id": "6851376633807473935", "aweme_title": "之前问了很多问题的宝宝们看过来啦，今天给大家大概介绍这款真煮厨房！#迷你厨房 #玩具", "aweme_url": "https://www.iesdouyin.com/share/video/6851376633807473935/?region=CN&mid=6851376626710760200&u_code=0&titleType=title", "download_url": "https://www.chanmama.com/awemeDetail/6851376633807473935", "digg_count": 1768, "digg_incr": 257, "aweme_create_time": 1595210436, "category": 6, "volume": 0, "amount": 0}, "author": {"author_id": "329445349527227", "nickname": "玩具大王国", "follower_count": 329746}}, {"aweme": {"aweme_id": "6851333448121027840", "aweme_title": "非拉着人家的宝宝去跳舞，把人家孩子吓到哭😊😁😁", "aweme_url": "https://www.iesdouyin.com/share/video/6851333448121027840/?region=CN&mid=6851333752338320141&u_code=340gif6g447c&titleType=title", "download_url": "https://www.chanmama.com/awemeDetail/6851333448121027840", "digg_count": 1299, "digg_incr": "-", "aweme_create_time": 1595200401, "category": 6, "volume": 0, "amount": 0}, "author": {"author_id": "4503615901934184", "nickname": "闫帅和丸子头", "follower_count": 512856}}, {"aweme": {"aweme_id": "6850983616881773838", "aweme_title": "#假面骑士 假面骑士豪华版开拆，据说SP卡价值连城，以后可以通过平台交易喽", "aweme_url": "https://www.iesdouyin.com/share/video/6850983616881773838/?region=CN&mid=6850983789311478535&u_code=19fjbl89kf63&titleType=title", "download_url": "https://www.chanmama.com/awemeDetail/6850983616881773838", "digg_count": 1620, "digg_incr": 131, "aweme_create_time": 1595235720, "category": 6, "volume": 2, "amount": 59.8}, "author": {"author_id": "70924925383", "nickname": "鹿子也的玩具屋", "follower_count": 786217}}, {"aweme": {"aweme_id": "6851331117811911936", "aweme_title": "抱着娃跳晃悠💋💋💋", "aweme_url": "https://www.iesdouyin.com/share/video/6851331117811911936/?region=CN&mid=6851331344585198347&u_code=2egb27akahc7&titleType=title", "download_url": "https://www.chanmama.com/awemeDetail/6851331117811911936", "digg_count": 1400, "digg_incr": "-", "aweme_create_time": 1595199860, "category": 6, "volume": 0, "amount": 0}, "author": {"author_id": "4503615901934184", "nickname": "闫帅和丸子头", "follower_count": 512856}}, {"aweme": {"aweme_id": "6851458808707861760", "aweme_title": "自己出去玩了一圈，回来敲门吓我一跳，你是掉猪圈里了吗？@DOU+小助手 #萌宠", "aweme_url": "https://www.iesdouyin.com/share/video/6851458808707861760/?region=CN&mid=6848056312157326094&u_code=0&titleType=title", "download_url": "https://www.chanmama.com/awemeDetail/6851458808707861760", "digg_count": 2456, "digg_incr": 316, "aweme_create_time": 1595229569, "category": 6, "volume": 0, "amount": 0}, "author": {"author_id": "72004399464", "nickname": "雷哥萌宠", "follower_count": 298755}}, {"aweme": {"aweme_id": "6851397953190415628", "aweme_title": "97号荧光绿来咯，送袜子，这个色真的好看哦，你们心动了吗#抖音小助手 #热门 #服装搭配 @DOU+小助手", "aweme_url": "https://www.iesdouyin.com/share/video/6851397953190415628/?region=CN&mid=6816303570783045645&u_code=2hfje4e1c248&titleType=title", "download_url": "https://www.chanmama.com/awemeDetail/6851397953190415628", "digg_count": 1626, "digg_incr": "-", "aweme_create_time": 1595215407, "category": 6, "volume": 330, "amount": 16467}, "author": {"author_id": "64116100804", "nickname": "猜猜每日穿搭", "follower_count": 11207}}, {"aweme": {"aweme_id": "6851502269955935495", "aweme_title": "#卡游VS非卡游！#刺客伍六七卡片大PK！是碾压还是各有千秋？#刺客伍六七", "aweme_url": "https://www.iesdouyin.com/share/video/6851502269955935495/?region=CN&mid=6851502434175765255&u_code=0&titleType=title", "download_url": "https://www.chanmama.com/awemeDetail/6851502269955935495", "digg_count": 1745, "digg_incr": 119, "aweme_create_time": 1595239706, "category": 6, "volume": 0, "amount": 0}, "author": {"author_id": "76497026965", "nickname": "奥特曼卡片柚子爸", "follower_count": 444895}}, {"aweme": {"aweme_id": "6851384257903004928", "aweme_title": "地铁站无意中拍到这一幕，小哥哥看起来忙着接电话，其实心思全都在老婆身上，一个小动作也太甜了#孕妇 #穿搭", "aweme_url": "https://www.iesdouyin.com/share/video/6851384257903004928/?region=CN&mid=6851384254732716807&u_code=1kgi6h6afg08&titleType=title", "download_url": "https://www.chanmama.com/awemeDetail/6851384257903004928", "digg_count": 1812, "digg_incr": "-", "aweme_create_time": 1595212211, "category": 6, "volume": 0, "amount": 0}, "author": {"author_id": "2598887917629453", "nickname": "大肚皮辣妈", "follower_count": 208347}}, {"aweme": {"aweme_id": "6851496707226750220", "aweme_title": "#daydream生活馆 一周私信回复，详情看评论#lolita #jk制服 #充能计划 #元气出镜班", "aweme_url": "https://www.iesdouyin.com/share/video/6851496707226750220/?region=CN&mid=6851496767285283591&u_code=2akd6hh64h1b&titleType=title", "download_url": "https://www.chanmama.com/awemeDetail/6851496707226750220", "digg_count": 1616, "digg_incr": 11, "aweme_create_time": 1595238400, "category": 6, "volume": 0, "amount": 0}, "author": {"author_id": "71209043052", "nickname": "魔都巧克力", "follower_count": 122402}}, {"aweme": {"aweme_id": "6851557478908448015", "aweme_title": "谢谢所有信任和支持我的朋友们#电商小助手", "aweme_url": "https://www.iesdouyin.com/share/video/6851557478908448015/?region=CN&mid=6851558584544004878&u_code=0&titleType=title", "download_url": "https://www.chanmama.com/awemeDetail/6851557478908448015", "digg_count": 1070, "digg_incr": 11, "aweme_create_time": 1595252541, "category": 6, "volume": 2, "amount": 45.8}, "author": {"author_id": "3223956830", "nickname": "南姿娇服饰", "follower_count": 383871}}, {"aweme": {"aweme_id": "6851379838842932493", "aweme_title": "孩子的东西都是选了又选，尤其是纸尿裤#母婴好物 #带娃好物", "aweme_url": "https://www.iesdouyin.com/share/video/6851379838842932493/?region=CN&mid=6851379852717624071&u_code=0&titleType=title", "download_url": "https://www.chanmama.com/awemeDetail/6851379838842932493", "digg_count": 1727, "digg_incr": 13, "aweme_create_time": 1595211182, "category": 6, "volume": 0, "amount": 0}, "author": {"author_id": "505374651187671", "nickname": "爱分享的洛妈", "follower_count": 50240}}, {"aweme": {"aweme_id": "6851449044926008576", "aweme_title": "想问一下有经验的大哥大姐！大妹我啥时候能熬到头啊😭只要他睡醒😥那小手跟绑了小马达一样根本停不下来", "aweme_url": "https://www.iesdouyin.com/share/video/6851449044926008576/?region=CN&mid=6848130301072247564&u_code=1am3aa602ah1&titleType=title", "download_url": "https://www.chanmama.com/awemeDetail/6851449044926008576", "digg_count": 1121, "digg_incr": 33, "aweme_create_time": 1595227322, "category": 6, "volume": 0, "amount": 0}, "author": {"author_id": "4503652998826118", "nickname": "（娜娜姐）的日常生活", "follower_count": 86147}}, {"aweme": {"aweme_id": "6851504735158111491", "aweme_title": "送姐姐上课，一人一辆车，追了一路也没追上姐姐 可累坏了拉车人😂😂", "aweme_url": "https://www.iesdouyin.com/share/video/6851504735158111491/?region=CN&mid=6717266948297591563&u_code=27l4hke24855&titleType=title", "download_url": "https://www.chanmama.com/awemeDetail/6851504735158111491", "digg_count": 1120, "digg_incr": 12, "aweme_create_time": 1595240391, "category": 6, "volume": 0, "amount": 0}, "author": {"author_id": "4503676973630371", "nickname": "我爱咖啡加牛奶", "follower_count": 467738}}, {"aweme": {"aweme_id": "6851540796206779663", "aweme_title": "一岁半左右的宝宝多玩颜色配对的玩具，蘑菇钉挺大的，误食几率小，还能锻炼精细动作😄😘", "aweme_url": "https://www.iesdouyin.com/share/video/6851540796206779663/?region=CN&mid=6634730156084693767&u_code=392lcgmlb7i7&titleType=title", "download_url": "https://www.chanmama.com/awemeDetail/6851540796206779663", "digg_count": 1203, "digg_incr": 3, "aweme_create_time": 1595248656, "category": 6, "volume": 84, "amount": 2503.2000000000003}, "author": {"author_id": "93009744089", "nickname": "噔噔麻麻💖", "follower_count": 234383}}, {"aweme": {"aweme_id": "6851450167258844429", "aweme_title": "自己代理的产品，含泪也要打个广告😭😭😭@抖音小助手 @DOU+小助手", "aweme_url": "https://www.iesdouyin.com/share/video/6851450167258844429/?region=CN&mid=6851450188117134094&u_code=0&titleType=title", "download_url": "https://www.chanmama.com/awemeDetail/6851450167258844429", "digg_count": 2127, "digg_incr": 353, "aweme_create_time": 1595227557, "category": 6, "volume": 0, "amount": 0}, "author": {"author_id": "2225027900256040", "nickname": "晴哥手工玩具", "follower_count": 274260}}, {"aweme": {"aweme_id": "6851509507596635406", "aweme_title": "这个太好玩了，给我儿子来两个！！#热门推荐 #热门 #717奇妙好物在这里", "aweme_url": "https://www.iesdouyin.com/share/video/6851509507596635406/?region=CN&mid=6851509648122776328&u_code=d3cj78d2g00&titleType=title", "download_url": "https://www.chanmama.com/awemeDetail/6851509507596635406", "digg_count": 1050, "digg_incr": "-", "aweme_create_time": 1595241373, "category": 6, "volume": 24, "amount": 211.20000000000002}, "author": {"author_id": "4494399192709214", "nickname": "玩趣童鞋", "follower_count": 460985}}, {"aweme": {"aweme_id": "6851361440092278023", "aweme_title": "半天没找到人 原来在偷偷玩具😂", "aweme_url": "https://www.iesdouyin.com/share/video/6851361440092278023/?region=CN&mid=6850387580094040839&u_code=448l6j1a70f3&titleType=title", "download_url": "https://www.chanmama.com/awemeDetail/6851361440092278023", "digg_count": 2345, "digg_incr": -1, "aweme_create_time": 1595206900, "category": 6, "volume": 0, "amount": 0}, "author": {"author_id": "109022841431", "nickname": "小明好物推荐", "follower_count": 50260}}, {"aweme": {"aweme_id": "6851443414219754767", "aweme_title": "#遇见古代的自己 晚8点，连体衣继续上课", "aweme_url": "https://www.iesdouyin.com/share/video/6851443414219754767/?region=CN&mid=6700841874334157576&u_code=1am3aa602ah1&titleType=title", "download_url": "https://www.chanmama.com/awemeDetail/6851443414219754767", "digg_count": 1135, "digg_incr": 27, "aweme_create_time": 1595225985, "category": 6, "volume": 3, "amount": 240}, "author": {"author_id": "98011214721", "nickname": "锦蕊", "follower_count": 78280}}, {"aweme": {"aweme_id": "6851509437069298958", "aweme_title": "胖MM们，200斤了，都得给我美❗️#大码女装 #显瘦穿搭 #点头像进直播间正在直播 😘", "aweme_url": "https://www.iesdouyin.com/share/video/6851509437069298958/?region=CN&mid=6851509462507735816&u_code=0&titleType=title", "download_url": "https://www.chanmama.com/awemeDetail/6851509437069298958", "digg_count": 1045, "digg_incr": 13, "aweme_create_time": 1595241356, "category": 6, "volume": 32, "amount": 2848}, "author": {"author_id": "61565833606", "nickname": "心美美●今晚7点直播", "follower_count": 581753}}, {"aweme": {"aweme_id": "6851416147095555328", "aweme_title": "#手工编织", "aweme_url": "https://www.iesdouyin.com/share/video/6851416147095555328/?region=CN&mid=6841510069344029448&u_code=gmaek20dh2c&titleType=title", "download_url": "https://www.chanmama.com/awemeDetail/6851416147095555328", "digg_count": 1118, "digg_incr": 20, "aweme_create_time": 1595219635, "category": 6, "volume": 0, "amount": 0}, "author": {"author_id": "107952974475", "nickname": "木兰阁手艺编织教室", "follower_count": 171358}}, {"aweme": {"aweme_id": "6851230632132021518", "aweme_title": "#足月啦 再也不用担心早产了，整个孕期所有产检都是一次过！没长纹，也没水肿！真是麻麻的天使宝宝！", "aweme_url": "https://www.iesdouyin.com/share/video/6851230632132021518/?region=CN&mid=6851230604589976333&u_code=3aj0322m7cj7&titleType=title", "download_url": "https://www.chanmama.com/awemeDetail/6851230632132021518", "digg_count": 2650, "digg_incr": 337, "aweme_create_time": 1595176451, "category": 6, "volume": 0, "amount": 0}, "author": {"author_id": "96806056074", "nickname": "蒋萍", "follower_count": 15209}}, {"aweme": {"aweme_id": "6851388858207128845", "aweme_title": "多陪陪你的手机吧，不要让它孤独寂寞了…#解压", "aweme_url": "https://www.iesdouyin.com/share/video/6851388858207128845/?region=CN&mid=6664438027085056776&u_code=448l6j1a70f3&titleType=title", "download_url": "https://www.chanmama.com/awemeDetail/6851388858207128845", "digg_count": 1123, "digg_incr": 17, "aweme_create_time": 1595213282, "category": 6, "volume": 0, "amount": 0}, "author": {"author_id": "4129413337992397", "nickname": "益智小休闲", "follower_count": 140821}}, {"aweme": {"aweme_id": "6851480972853071115", "aweme_title": "你们让我分享的，宝宝牙刷～我来啦～", "aweme_url": "https://www.iesdouyin.com/share/video/6851480972853071115/?region=CN&mid=6851481030399314696&u_code=0&titleType=title", "download_url": "https://www.chanmama.com/awemeDetail/6851480972853071115", "digg_count": 1407, "digg_incr": 103, "aweme_create_time": 1595234738, "category": 6, "volume": 105, "amount": 1328.7}, "author": {"author_id": "59581561751", "nickname": "💗枕头麻麻💗", "follower_count": 172001}}, {"aweme": {"aweme_id": "6851508255882104079", "aweme_title": "乌鸦喝水，寓教于乐#益智玩具", "aweme_url": "https://www.iesdouyin.com/share/video/6851508255882104079/?region=CN&mid=6851508267022125831&u_code=379jm8h3l53m&titleType=title", "download_url": "https://www.chanmama.com/awemeDetail/6851508255882104079", "digg_count": 1319, "digg_incr": 180, "aweme_create_time": 1595241081, "category": 6, "volume": 2, "amount": 177.8}, "author": {"author_id": "105097158013", "nickname": "清扬麻麻", "follower_count": 131843}}, {"aweme": {"aweme_id": "6851348972712365326", "aweme_title": "#作品放久了 #玩具 #简笔画 #黑科技 见过这么有意思的绘画机器人吗？以后是不是可以抢美术老师的饭碗了", "aweme_url": "https://www.iesdouyin.com/share/video/6851348972712365326/?region=CN&mid=6851348952630070024&u_code=0&titleType=title", "download_url": "https://www.chanmama.com/awemeDetail/6851348972712365326", "digg_count": 2409, "digg_incr": 55, "aweme_create_time": 1595203998, "category": 6, "volume": 0, "amount": 0}, "author": {"author_id": "2000760940537396", "nickname": "生活好物家", "follower_count": 103805}}, {"aweme": {"aweme_id": "6851253151626972431", "aweme_title": "网红同款遥控蜘蛛#益智玩具 #网红玩具 #儿童玩具", "aweme_url": "https://www.iesdouyin.com/share/video/6851253151626972431/?region=CN&mid=6847760047066385160&u_code=27l4hkd95f9c&titleType=title", "download_url": "https://www.chanmama.com/awemeDetail/6851253151626972431", "digg_count": 1292, "digg_incr": "-", "aweme_create_time": 1595181711, "category": 6, "volume": 0, "amount": 0}, "author": {"author_id": "109519189341", "nickname": "那古拉", "follower_count": 18736}}, {"aweme": {"aweme_id": "6851512521912831247", "aweme_title": "闺女一抱肩膀说明是生气了😁😁", "aweme_url": "https://www.iesdouyin.com/share/video/6851512521912831247/?region=CN&mid=6851512726557035268&u_code=jlj3h5hh617&titleType=title", "download_url": "https://www.chanmama.com/awemeDetail/6851512521912831247", "digg_count": 1233, "digg_incr": "-", "aweme_create_time": 1595242093, "category": 6, "volume": 0, "amount": 0}, "author": {"author_id": "4503615901934184", "nickname": "闫帅和丸子头", "follower_count": 512856}}, {"aweme": {"aweme_id": "6851489559776136462", "aweme_title": "#竞技叠杯  2017年的考古视频，大家认出来都有谁吗？😉", "aweme_url": "https://www.iesdouyin.com/share/video/6851489559776136462/?region=CN&mid=6625486592402426638&u_code=379jm8h3l53m&titleType=title", "download_url": "https://www.chanmama.com/awemeDetail/6851489559776136462", "digg_count": 5171, "digg_incr": 651, "aweme_create_time": 1595236728, "category": 6, "volume": 0, "amount": 0}, "author": {"author_id": "53238667608", "nickname": "WSSA世界竞技叠杯运动协会", "follower_count": 117942}}, {"aweme": {"aweme_id": "6851369438235675904", "aweme_title": "女生太难懂了 上班想成熟 下班只想装嫩#我要上热门 #孕妇装 #穿搭 #余杭生活家", "aweme_url": "https://www.iesdouyin.com/share/video/6851369438235675904/?region=CN&mid=6851369432749542158&u_code=27l4hkd95f9c&titleType=title", "download_url": "https://www.chanmama.com/awemeDetail/6851369438235675904", "digg_count": 1383, "digg_incr": 29, "aweme_create_time": 1595208762, "category": 6, "volume": 0, "amount": 0}, "author": {"author_id": "97353311296", "nickname": "小柒搭配师", "follower_count": 86078}}, {"aweme": {"aweme_id": "6851183958298840327", "aweme_title": "愺率了#袜子鞋 #童鞋 #dou十小助手", "aweme_url": "https://www.iesdouyin.com/share/video/6851183958298840327/?region=CN&mid=6851184327737264904&u_code=13h2b40ld9m7&titleType=title", "download_url": "https://www.chanmama.com/awemeDetail/6851183958298840327", "digg_count": 1034, "digg_incr": 44, "aweme_create_time": 1595201400, "category": 6, "volume": 47, "amount": 1175}, "author": {"author_id": "1437793934123587", "nickname": "台州卡勒商贸有限公司", "follower_count": 416481}}, {"aweme": {"aweme_id": "6851485160324484360", "aweme_title": "在戴可思手上薅下来的羊毛套餐😂 这次好像我薅的有点过份了 哈哈哈哈", "aweme_url": "https://www.iesdouyin.com/share/video/6851485160324484360/?region=CN&mid=6851485189311646478&u_code=294bg9c3e87k&titleType=title", "download_url": "https://www.chanmama.com/awemeDetail/6851485160324484360", "digg_count": 1126, "digg_incr": "-", "aweme_create_time": 1595235704, "category": 6, "volume": 0, "amount": 0}, "author": {"author_id": "106916853433", "nickname": "玥玥妈", "follower_count": 284849}}, {"aweme": {"aweme_id": "6851449693738683655", "aweme_title": "太TM真实了😂#学生党", "aweme_url": "https://www.iesdouyin.com/share/video/6851449693738683655/?region=CN&mid=6547592920445225736&u_code=12kd4bb55549&titleType=title", "download_url": "https://www.chanmama.com/awemeDetail/6851449693738683655", "digg_count": 1243, "digg_incr": 35, "aweme_create_time": 1595227447, "category": 6, "volume": 0, "amount": 0}, "author": {"author_id": "3504895160760264", "nickname": "一起玩太空沙", "follower_count": 175281}}, {"aweme": {"aweme_id": "6851406458089688334", "aweme_title": "交了个土豪朋友，伙食明显有所改善😂豪饮一杯庆祝下🍺@抖音小助手 ##真煮迷你厨房", "aweme_url": "https://www.iesdouyin.com/share/video/6851406458089688334/?region=CN&mid=6775393428260784135&u_code=10hgm6m73kjb&titleType=title", "download_url": "https://www.chanmama.com/awemeDetail/6851406458089688334", "digg_count": 1524, "digg_incr": 69, "aweme_create_time": 1595217380, "category": 6, "volume": 0, "amount": 0}, "author": {"author_id": "62922929664", "nickname": "田小厨", "follower_count": 24901}}, {"aweme": {"aweme_id": "6851408149535051011", "aweme_title": "出嫁了，出嫁了，嫁入豪门！嘉宝果就出趟门，就需要借助这些重型设备才可以动起来，真不容易啊？", "aweme_url": "https://www.iesdouyin.com/share/video/6851408149535051011/?region=CN&mid=6851408212059540231&u_code=4f9k1eml8lai&titleType=title", "download_url": "https://www.chanmama.com/awemeDetail/6851408149535051011", "digg_count": 1202, "digg_incr": 4, "aweme_create_time": 1595217782, "category": 6, "volume": 0, "amount": 0}, "author": {"author_id": "104745125851", "nickname": "广东阜昌嘉宝果产业", "follower_count": 71983}}, {"aweme": {"aweme_id": "6851393661712796931", "aweme_title": "托马斯小火车快乐出发了 #玩具  #托马斯小火车玩具", "aweme_url": "https://www.iesdouyin.com/share/video/6851393661712796931/?region=CN&mid=6851393820073020173&u_code=0&titleType=title", "download_url": "https://www.chanmama.com/awemeDetail/6851393661712796931", "digg_count": 1575, "digg_incr": 186, "aweme_create_time": 1595214437, "category": 6, "volume": 57, "amount": 2565}, "author": {"author_id": "3056274105442871", "nickname": "玩具奶爸", "follower_count": 113147}}, {"aweme": {"aweme_id": "6851461469104590080", "aweme_title": "终于给我闺女选了一款适合大热天的纸尿裤，很薄很柔软，虽然才四 毛前一片，但是用着不红p不侧漏确实好！", "aweme_url": "https://www.iesdouyin.com/share/video/6851461469104590080/?region=CN&mid=6823307426033650439&u_code=0&titleType=title", "download_url": "https://www.chanmama.com/awemeDetail/6851461469104590080", "digg_count": 3181, "digg_incr": 107, "aweme_create_time": 1595230188, "category": 6, "volume": 0, "amount": 0}, "author": {"author_id": "111046448144", "nickname": "大婷子👭👭", "follower_count": 272532}}, {"aweme": {"aweme_id": "6851500964013247744", "aweme_title": "杂蔬牛肉粥，一岁以上的宝宝。荤素搭配，营养丰富。#宝宝辅食 #宝宝粥 @抖音小助手", "aweme_url": "https://www.iesdouyin.com/share/video/6851500964013247744/?region=CN&mid=6834072004363094798&u_code=0&titleType=title", "download_url": "https://www.chanmama.com/awemeDetail/6851500964013247744", "digg_count": 1161, "digg_incr": 77, "aweme_create_time": 1595239383, "category": 6, "volume": 0, "amount": 0}, "author": {"author_id": "63872346725", "nickname": "阿哲妈咪🍀", "follower_count": 335897}}, {"aweme": {"aweme_id": "6851227328949849344", "aweme_title": "打气按压会飞天气球飞机#新奇特玩具 太空人火箭🚀", "aweme_url": "https://www.iesdouyin.com/share/video/6851227328949849344/?region=CN&mid=6851217648311651080&u_code=2g9cfffeefe2&titleType=title", "download_url": "https://www.chanmama.com/awemeDetail/6851227328949849344", "digg_count": 1030, "digg_incr": -3, "aweme_create_time": 1595175679, "category": 6, "volume": 1, "amount": 17.8}, "author": {"author_id": "66411988655", "nickname": "小玩手玩具城", "follower_count": 98882}}]}