{"data": [{"aweme": {"aweme_id": "6851499556492856590", "aweme_title": "太可怜了吧，哈哈哈哈 #美食趣胃计划  @抖音美食", "aweme_url": "https://www.iesdouyin.com/share/video/6851499556492856590/?region=CN&mid=6851499709510077197&u_code=0&titleType=title", "download_url": "https://www.chanmama.com/awemeDetail/6851499556492856590", "digg_count": 178452, "digg_incr": 5944, "aweme_create_time": 1595239073, "category": 7, "volume": 4, "amount": 124}, "author": {"author_id": "1499365378631607", "nickname": "下铺刘三好", "follower_count": 829164}}, {"aweme": {"aweme_id": "6851465281210961165", "aweme_title": "草原人的早餐 乌日莫 越吃越香", "aweme_url": "https://www.iesdouyin.com/share/video/6851465281210961165/?region=CN&mid=6851465510421596936&u_code=3cc1ga8lck8h&titleType=title", "download_url": "https://www.chanmama.com/awemeDetail/6851465281210961165", "digg_count": 100109, "digg_incr": "-", "aweme_create_time": 1595231098, "category": 7, "volume": 16, "amount": 617.6}, "author": {"author_id": "3597230131121454", "nickname": "内蒙古特产部落", "follower_count": 142769}}, {"aweme": {"aweme_id": "6851397495147351299", "aweme_title": "鱼头加满满一大盘剁辣椒，草率了！ #家乡美食  #农村美食  #农村", "aweme_url": "https://www.iesdouyin.com/share/video/6851397495147351299/?region=CN&mid=6851397691604290311&u_code=1e86e3gfc222&titleType=title", "download_url": "https://www.chanmama.com/awemeDetail/6851397495147351299", "digg_count": 60281, "digg_incr": 91, "aweme_create_time": 1595215331, "category": 7, "volume": 5, "amount": 99}, "author": {"author_id": "976020916150910", "nickname": "农家一碗香", "follower_count": 41853}}, {"aweme": {"aweme_id": "6851477910084144391", "aweme_title": "女生很多事情是容不得沙子的 @恭叔", "aweme_url": "https://www.iesdouyin.com/share/video/6851477910084144391/?region=CN&mid=6851478036618677006&u_code=0&titleType=title", "download_url": "https://www.chanmama.com/awemeDetail/6851477910084144391", "digg_count": 76905, "digg_incr": 4346, "aweme_create_time": 1595243400, "category": 7, "volume": 0, "amount": 0}, "author": {"author_id": "62505919683", "nickname": "恩娜_肋骨", "follower_count": 281305}}, {"aweme": {"aweme_id": "6851507357130706190", "aweme_title": "多么希望我们爷俩的角色调换一下啊！只要孩子能站起来，我愿意做到轮椅上或者消失掉！#热门 @抖音小助手", "aweme_url": "https://www.iesdouyin.com/share/video/6851507357130706190/?region=CN&mid=6761934136660790029&u_code=0&titleType=title", "download_url": "https://www.chanmama.com/awemeDetail/6851507357130706190", "digg_count": 51101, "digg_incr": 1120, "aweme_create_time": 1595240872, "category": 7, "volume": 0, "amount": 0}, "author": {"author_id": "110954722440", "nickname": "友叔", "follower_count": 472402}}, {"aweme": {"aweme_id": "6851405765907942664", "aweme_title": "不务正业的曾小贤，又做起了自热火锅……#乘风破浪的好物 #美食趣胃计划@DOU+小助手", "aweme_url": "https://www.iesdouyin.com/share/video/6851405765907942664/?region=CN&mid=6851405780365609735&u_code=0&titleType=title", "download_url": "https://www.chanmama.com/awemeDetail/6851405765907942664", "digg_count": 109226, "digg_incr": 7890, "aweme_create_time": 1595217219, "category": 7, "volume": 0, "amount": 0}, "author": {"author_id": "103034972343", "nickname": "小晴天☀️", "follower_count": 457722}}, {"aweme": {"aweme_id": "6851522684610809096", "aweme_title": "《太郎的瘦身日记》2020.7.20天气晴 心情 极佳#宝藏女孩 #健身", "aweme_url": "https://www.iesdouyin.com/share/video/6851522684610809096/?region=CN&mid=6851522742911601421&u_code=258dkk14d5jg&titleType=title", "download_url": "https://www.chanmama.com/awemeDetail/6851522684610809096", "digg_count": 47550, "digg_incr": 899, "aweme_create_time": 1595250480, "category": 7, "volume": 8, "amount": 1192}, "author": {"author_id": "2475737256297223", "nickname": "西瓜太郎妹", "follower_count": 911700}}, {"aweme": {"aweme_id": "6851407581785722112", "aweme_title": "#果味相投一起混 #金坛茅山dou起来 #我的财智之选 #糖果", "aweme_url": "https://www.iesdouyin.com/share/video/6851407581785722112/?region=CN&mid=6851407597556288263&u_code=0&titleType=title", "download_url": "https://www.chanmama.com/awemeDetail/6851407581785722112", "digg_count": 23801, "digg_incr": 132, "aweme_create_time": 1595217641, "category": 7, "volume": 202, "amount": 7676}, "author": {"author_id": "2612059918578224", "nickname": "赣榆区海头镇王程玲海鲜经营部", "follower_count": 388679}}, {"aweme": {"aweme_id": "6851436536437673216", "aweme_title": "#金坛茅山dou起来 #玛莎拉蒂锋芒玩家 #全民dou爱吃 #糖果", "aweme_url": "https://www.iesdouyin.com/share/video/6851436536437673216/?region=CN&mid=6851436554594962190&u_code=0&titleType=title", "download_url": "https://www.chanmama.com/awemeDetail/6851436536437673216", "digg_count": 24356, "digg_incr": 965, "aweme_create_time": 1595224383, "category": 7, "volume": 157, "amount": 5966}, "author": {"author_id": "2612059918578224", "nickname": "赣榆区海头镇王程玲海鲜经营部", "follower_count": 388679}}, {"aweme": {"aweme_id": "6851474926893813007", "aweme_title": "是你吗是你吗？拌面创意料理大师！参加#你能拿我怎么拌 秀出你的拌面创意吃法，还有机会赢取华为手机哦！", "aweme_url": "https://www.iesdouyin.com/share/video/6851474926893813007/?region=CN&mid=6851474954035202830&u_code=0&titleType=title", "download_url": "https://www.chanmama.com/awemeDetail/6851474926893813007", "digg_count": 17609, "digg_incr": 45, "aweme_create_time": 1595233322, "category": 7, "volume": 0, "amount": 0}, "author": {"author_id": "104801609014", "nickname": "康师傅", "follower_count": 318519}}, {"aweme": {"aweme_id": "6851576468330253576", "aweme_title": "#螺蛳粉 麻烦吗？我都是跟别人学的，怎么到我这就不好使了？！", "aweme_url": "https://www.iesdouyin.com/share/video/6851576468330253576/?region=CN&mid=6851576622022937352&u_code=0&titleType=title", "download_url": "https://www.chanmama.com/awemeDetail/6851576468330253576", "digg_count": 15317, "digg_incr": -6, "aweme_create_time": 1595257001, "category": 7, "volume": 118, "amount": 7056.4}, "author": {"author_id": "2000739004850852", "nickname": "柳福记螺蛳粉", "follower_count": 303849}}, {"aweme": {"aweme_id": "6851567104936774912", "aweme_title": "气质这一块，三妹没服过谁！我会告诉你，有了这个水杯，我的饮水量是平时的2倍？#超大水杯", "aweme_url": "https://www.iesdouyin.com/share/video/6851567104936774912/?region=CN&mid=6835216116088834055&u_code=2k5ab5a5913d&titleType=title", "download_url": "https://www.chanmama.com/awemeDetail/6851567104936774912", "digg_count": 13096, "digg_incr": -10, "aweme_create_time": 1595254783, "category": 7, "volume": 0, "amount": 0}, "author": {"author_id": "78149423586", "nickname": "和谐三妹严选好物（杯子全力发货中）", "follower_count": 270865}}, {"aweme": {"aweme_id": "6851451888504687883", "aweme_title": "有些打假的不把好东西说成坏的 他就难受🙊#测评 #企业号小助手", "aweme_url": "https://www.iesdouyin.com/share/video/6851451888504687883/?region=CN&mid=6851451946839100173&u_code=1am3aa602ah1&titleType=title", "download_url": "https://www.chanmama.com/awemeDetail/6851451888504687883", "digg_count": 16804, "digg_incr": 332, "aweme_create_time": 1595227966, "category": 7, "volume": 2, "amount": 59.8}, "author": {"author_id": "602177607314612", "nickname": "卓壮麻辣美食", "follower_count": 96634}}, {"aweme": {"aweme_id": "6851472287988845831", "aweme_title": "老板我信你，肯定行", "aweme_url": "https://www.iesdouyin.com/share/video/6851472287988845831/?region=CN&mid=6851472297526643469&u_code=0&titleType=title", "download_url": "https://www.chanmama.com/awemeDetail/6851472287988845831", "digg_count": 16429, "digg_incr": "-", "aweme_create_time": 1595232708, "category": 7, "volume": 0, "amount": 0}, "author": {"author_id": "3896324404030551", "nickname": "无爱。", "follower_count": 0}}, {"aweme": {"aweme_id": "6851471011745959183", "aweme_title": "倒是是谁的生日#搞笑", "aweme_url": "https://www.iesdouyin.com/share/video/6851471011745959183/?region=CN&mid=6851471035699661575&u_code=27l4hkd95f9c&titleType=title", "download_url": "https://www.chanmama.com/awemeDetail/6851471011745959183", "digg_count": 18501, "digg_incr": 1574, "aweme_create_time": 1595232410, "category": 7, "volume": 0, "amount": 0}, "author": {"author_id": "102750044669", "nickname": "香梨姑娘（小店）", "follower_count": 54091}}, {"aweme": {"aweme_id": "6851495924292717824", "aweme_title": "#抖音好货推荐给你 #美食分享 麻辣乌鸡爪夏天必备的开胃小凉菜吃货必备", "aweme_url": "https://www.iesdouyin.com/share/video/6851495924292717824/?region=CN&mid=6851495948070193933&u_code=gcg00ice348&titleType=title", "download_url": "https://www.chanmama.com/awemeDetail/6851495924292717824", "digg_count": 10520, "digg_incr": 2, "aweme_create_time": 1595238210, "category": 7, "volume": 520, "amount": 51480}, "author": {"author_id": "1420181992645611", "nickname": "统疆海产品", "follower_count": 337637}}, {"aweme": {"aweme_id": "6851487605767408911", "aweme_title": "要是火锅不能烫藕片带鱼洋芋耗儿鱼，你还喜欢吗#夏日热辣美食 #重庆美食 #火锅 @DOU+小助手", "aweme_url": "https://www.iesdouyin.com/share/video/6851487605767408911/?region=CN&mid=6851487622032804621&u_code=1am3aa602ah1&titleType=title", "download_url": "https://www.chanmama.com/awemeDetail/6851487605767408911", "digg_count": 12328, "digg_incr": -1, "aweme_create_time": 1595236273, "category": 7, "volume": 0, "amount": 0}, "author": {"author_id": "2000760255283724", "nickname": "Taste重庆", "follower_count": 95176}}, {"aweme": {"aweme_id": "6851513694673849615", "aweme_title": "好吃又健康 童年的记忆 拉丝水果糖#搞点新品778 #童年回忆 #预定下半年快乐 #这也太好吃了", "aweme_url": "https://www.iesdouyin.com/share/video/6851513694673849615/?region=CN&mid=6851513709727402766&u_code=1am3aa602ah1&titleType=title", "download_url": "https://www.chanmama.com/awemeDetail/6851513694673849615", "digg_count": 10231, "digg_incr": 41, "aweme_create_time": 1595242347, "category": 7, "volume": 0, "amount": 0}, "author": {"author_id": "96234533893", "nickname": "海草姐姐", "follower_count": 835495}}, {"aweme": {"aweme_id": "6851372829334621440", "aweme_title": "你知道吗？早醒比失眠更可怕#中医养生 #健康", "aweme_url": "https://www.iesdouyin.com/share/video/6851372829334621440/?region=CN&mid=6851372819985484557&u_code=0&titleType=title", "download_url": "https://www.chanmama.com/awemeDetail/6851372829334621440", "digg_count": 29258, "digg_incr": 5417, "aweme_create_time": 1595209551, "category": 7, "volume": 21, "amount": 1257.8999999999999}, "author": {"author_id": "870465339132112", "nickname": "中医陈琦医生", "follower_count": 491416}}, {"aweme": {"aweme_id": "6851426187420503311", "aweme_title": "一个娘生的亲兄弟，我爸儿孙满堂，享受天伦之乐！我叔叔一辈子不婚，无依无靠无儿无女，自己种大米每个月送到城里给我", "aweme_url": "https://www.iesdouyin.com/share/video/6851426187420503311/?region=CN&mid=6615471997625469704&u_code=379jm8h3l53m&titleType=title", "download_url": "https://www.chanmama.com/awemeDetail/6851426187420503311", "digg_count": 24250, "digg_incr": 2169, "aweme_create_time": 1595221973, "category": 7, "volume": 0, "amount": 0}, "author": {"author_id": "4371252665656663", "nickname": "黎家二姐", "follower_count": 12129}}, {"aweme": {"aweme_id": "6851530321364520205", "aweme_title": "没时间准备减脂餐的人可以燕麦➕蛋白粉，代替早餐和晚餐。#健身 #减脂 #减脂餐", "aweme_url": "https://www.iesdouyin.com/share/video/6851530321364520205/?region=CN&mid=6851530335432346381&u_code=0&titleType=title", "download_url": "https://www.chanmama.com/awemeDetail/6851530321364520205", "digg_count": 10285, "digg_incr": 62, "aweme_create_time": 1595246218, "category": 7, "volume": 0, "amount": 0}, "author": {"author_id": "103601231391", "nickname": "小硕硕塑身", "follower_count": 791091}}, {"aweme": {"aweme_id": "6851393046496480527", "aweme_title": "这位阿姨要1斤萝卜干回家炒肉吃，称了一下刚刚好，我又夹了一小块萝卜干送给她。人心是杆秤，善良诚信人常在。", "aweme_url": "https://www.iesdouyin.com/share/video/6851393046496480527/?region=CN&mid=6725913086739352328&u_code=1jab858l915l&titleType=title", "download_url": "https://www.chanmama.com/awemeDetail/6851393046496480527", "digg_count": 13144, "digg_incr": 18, "aweme_create_time": 1595214257, "category": 7, "volume": 481, "amount": 6637.8}, "author": {"author_id": "4441653348941022", "nickname": "地摊西施•梅香", "follower_count": 107986}}, {"aweme": {"aweme_id": "6851483162887933198", "aweme_title": "爷爷种的枣是整个村里最好的，大家都喜欢吃，但是却很少有人mai枣都放坏了，只能喂羊，爷爷在一旁心疼的只抹泪", "aweme_url": "https://www.iesdouyin.com/share/video/6851483162887933198/?region=CN&mid=6851483179321166606&u_code=45a644ic9ae&titleType=title", "download_url": "https://www.chanmama.com/awemeDetail/6851483162887933198", "digg_count": 9193, "digg_incr": "-", "aweme_create_time": 1595235239, "category": 7, "volume": 126, "amount": 2368.8}, "author": {"author_id": "97015795338", "nickname": "花姐精选果业", "follower_count": 0}}, {"aweme": {"aweme_id": "6851399264057216263", "aweme_title": "大哥绝对好人", "aweme_url": "https://www.iesdouyin.com/share/video/6851399264057216263/?region=CN&mid=6851399277533661960&u_code=0&titleType=title", "download_url": "https://www.chanmama.com/awemeDetail/6851399264057216263", "digg_count": 10095, "digg_incr": 183, "aweme_create_time": 1595215705, "category": 7, "volume": 245, "amount": 9797.550000000001}, "author": {"author_id": "96833063482", "nickname": "邢大运", "follower_count": 198221}}, {"aweme": {"aweme_id": "6851500702322150660", "aweme_title": "亲手做一碗美味的烧仙草，开盖即食，好吃不胖！但是没想到会是这个结局……#下午茶 #抖音直播秒杀狂欢节", "aweme_url": "https://www.iesdouyin.com/share/video/6851500702322150660/?region=CN&mid=6851500751983086350&u_code=0&titleType=title", "download_url": "https://www.chanmama.com/awemeDetail/6851500702322150660", "digg_count": 12500, "digg_incr": 671, "aweme_create_time": 1595239329, "category": 7, "volume": 16, "amount": 192}, "author": {"author_id": "2836391020213292", "nickname": "众趣办公室女团", "follower_count": 595644}}, {"aweme": {"aweme_id": "6851482092115692814", "aweme_title": "哥哥姐姐来攀枝花我请你吃芒果#攀枝花彩虹芒果 #直播 #川货dou起来", "aweme_url": "https://www.iesdouyin.com/share/video/6851482092115692814/?region=CN&mid=6851482199682779911&u_code=1a2e33531074&titleType=title", "download_url": "https://www.chanmama.com/awemeDetail/6851482092115692814", "digg_count": 8652, "digg_incr": "-", "aweme_create_time": 1595235013, "category": 7, "volume": 98, "amount": 1646.4}, "author": {"author_id": "1750053821360640", "nickname": "一方水土水果", "follower_count": 133776}}, {"aweme": {"aweme_id": "6851422057125793032", "aweme_title": "我：酸奶黄桃和西米露都是我喜欢吃的！我哥：有什么不是你喜欢吃的！", "aweme_url": "https://www.iesdouyin.com/share/video/6851422057125793032/?region=CN&mid=6851422437557439246&u_code=0&titleType=title", "download_url": "https://www.chanmama.com/awemeDetail/6851422057125793032", "digg_count": 13487, "digg_incr": 938, "aweme_create_time": 1595221092, "category": 7, "volume": 12, "amount": 538.8}, "author": {"author_id": "110265633467", "nickname": "小酒蜗日常", "follower_count": 846648}}, {"aweme": {"aweme_id": "6851539835056917773", "aweme_title": "人生建议一定要跟#男朋友 玩扭蛋机！约会再也不是看电影和吃饭啦#恋爱", "aweme_url": "https://www.iesdouyin.com/share/video/6851539835056917773/?region=CN&mid=6727927747915631372&u_code=0&titleType=title", "download_url": "https://www.chanmama.com/awemeDetail/6851539835056917773", "digg_count": 12135, "digg_incr": "-", "aweme_create_time": 1595248433, "category": 7, "volume": 4, "amount": 180}, "author": {"author_id": "60615118989", "nickname": "智哥好物（直播中）", "follower_count": 141370}}, {"aweme": {"aweme_id": "6851389148771667207", "aweme_title": "女孩子出门在外一定要小心的一款酒！注意看到最后！#酒 #野格", "aweme_url": "https://www.iesdouyin.com/share/video/6851389148771667207/?region=CN&mid=6851389157944658702&u_code=0&titleType=title", "download_url": "https://www.chanmama.com/awemeDetail/6851389148771667207", "digg_count": 8291, "digg_incr": 32, "aweme_create_time": 1595213350, "category": 7, "volume": 0, "amount": 0}, "author": {"author_id": "99826327826", "nickname": "大海爱喝酒", "follower_count": 217164}}, {"aweme": {"aweme_id": "6851535363316387087", "aweme_title": "无核荔枝不止带给你的是大口过瘾的满足，更多的还是好吃@DOU+小助手", "aweme_url": "https://www.iesdouyin.com/share/video/6851535363316387087/?region=CN&mid=6734569335194501134&u_code=0&titleType=title", "download_url": "https://www.chanmama.com/awemeDetail/6851535363316387087", "digg_count": 15277, "digg_incr": 459, "aweme_create_time": 1595247392, "category": 7, "volume": 7, "amount": 1393}, "author": {"author_id": "106734984252", "nickname": "高端进口水果森叔", "follower_count": 299492}}, {"aweme": {"aweme_id": "6851240035287600398", "aweme_title": "终于火了，感谢平台！咱家无骨鸡爪坚持手工脱骨，酸辣劲道，新鲜选材 #网红鸡爪", "aweme_url": "https://www.iesdouyin.com/share/video/6851240035287600398/?region=CN&mid=6835510195687590664&u_code=3f1fcjihjejf&titleType=title", "download_url": "https://www.chanmama.com/awemeDetail/6851240035287600398", "digg_count": 7514, "digg_incr": "-", "aweme_create_time": 1595178645, "category": 7, "volume": 823, "amount": 39421.7}, "author": {"author_id": "2810002401671576", "nickname": "无骨鸡爪（3罐57🔥）", "follower_count": 5545}}, {"aweme": {"aweme_id": "6851534701472009472", "aweme_title": "#极客农场冰烤红薯 你会吃吗？", "aweme_url": "https://www.iesdouyin.com/share/video/6851534701472009472/?region=CN&mid=6851534735803108104&u_code=0&titleType=title", "download_url": "https://www.chanmama.com/awemeDetail/6851534701472009472", "digg_count": 8195, "digg_incr": 56, "aweme_create_time": 1595247238, "category": 7, "volume": 18, "amount": 1078.2}, "author": {"author_id": "23397071188", "nickname": "极客农场", "follower_count": 461776}}, {"aweme": {"aweme_id": "6851503643309477128", "aweme_title": "开箱“99两斤牛肉干” ，对比内蒙正宗风干牛肉干！#内蒙古 #牛肉干", "aweme_url": "https://www.iesdouyin.com/share/video/6851503643309477128/?region=CN&mid=6851503789971688206&u_code=0&titleType=title", "download_url": "https://www.chanmama.com/awemeDetail/6851503643309477128", "digg_count": 9115, "digg_incr": 111, "aweme_create_time": 1595240025, "category": 7, "volume": 58, "amount": 4408}, "author": {"author_id": "1666504552621149", "nickname": "胡子王", "follower_count": 217014}}, {"aweme": {"aweme_id": "6851257449047936269", "aweme_title": "这个九蔬饼干好吃，一口一个嘎嘣脆，关键低卡路里，我一天可以恰10包。#饼干 #零食", "aweme_url": "https://www.iesdouyin.com/share/video/6851257449047936269/?region=CN&mid=6851257433231330056&u_code=29e685i9la4c&titleType=title", "download_url": "https://www.chanmama.com/awemeDetail/6851257449047936269", "digg_count": 7774, "digg_incr": -7, "aweme_create_time": 1595182717, "category": 7, "volume": 448, "amount": 5868.8}, "author": {"author_id": "769246114611678", "nickname": "语过添情💍", "follower_count": 63499}}, {"aweme": {"aweme_id": "6851501052416576783", "aweme_title": "月老太忙，有些姻缘交给他弟弟月半管了😂😂😂#凭实力单身 #贾玲", "aweme_url": "https://www.iesdouyin.com/share/video/6851501052416576783/?region=CN&mid=6851501087912921863&u_code=0&titleType=title", "download_url": "https://www.chanmama.com/awemeDetail/6851501052416576783", "digg_count": 9468, "digg_incr": 124, "aweme_create_time": 1595239404, "category": 7, "volume": 0, "amount": 0}, "author": {"author_id": "3944697848402868", "nickname": "包装印刷 假玲", "follower_count": 230292}}, {"aweme": {"aweme_id": "6851414890347859208", "aweme_title": "陈赫到底是谁啊？", "aweme_url": "https://www.iesdouyin.com/share/video/6851414890347859208/?region=CN&mid=6706783948791401224&u_code=b0ge2ik4jel&titleType=title", "download_url": "https://www.chanmama.com/awemeDetail/6851414890347859208", "digg_count": 6738, "digg_incr": -1, "aweme_create_time": 1595219343, "category": 7, "volume": 0, "amount": 0}, "author": {"author_id": "109012974638", "nickname": "贫穷玩家", "follower_count": 686646}}, {"aweme": {"aweme_id": "6851458243663793415", "aweme_title": "自家菜园的辣椒红透了，姐姐做成蒸辣椒，简单美味。 #农村美食  #农村生活", "aweme_url": "https://www.iesdouyin.com/share/video/6851458243663793415/?region=CN&mid=6851458346034170637&u_code=0&titleType=title", "download_url": "https://www.chanmama.com/awemeDetail/6851458243663793415", "digg_count": 6886, "digg_incr": 26, "aweme_create_time": 1595229458, "category": 7, "volume": 50, "amount": 840}, "author": {"author_id": "3830325638332775", "nickname": "益阳恰香妹特产商行", "follower_count": 575620}}, {"aweme": {"aweme_id": "6851489690948750603", "aweme_title": "#抖音美食  #香菇牛肉酱  #美食", "aweme_url": "https://www.iesdouyin.com/share/video/6851489690948750603/?region=CN&mid=6851489882775849735&u_code=19fjbl89kf63&titleType=title", "download_url": "https://www.chanmama.com/awemeDetail/6851489690948750603", "digg_count": 15504, "digg_incr": 227, "aweme_create_time": 1595236802, "category": 7, "volume": 0, "amount": 0}, "author": {"author_id": "3632423800935216", "nickname": "炭烧海鲜", "follower_count": 31002}}, {"aweme": {"aweme_id": "6851511855865793807", "aweme_title": "生在海边，长在海边，希望把最优质，最实惠的海鲜，带给喜欢吃海鲜的您！感谢您的支持！", "aweme_url": "https://www.iesdouyin.com/share/video/6851511855865793807/?region=CN&mid=6851511883061594893&u_code=3he6ac1feabe&titleType=title", "download_url": "https://www.chanmama.com/awemeDetail/6851511855865793807", "digg_count": 6769, "digg_incr": 29, "aweme_create_time": 1595241919, "category": 7, "volume": 0, "amount": 0}, "author": {"author_id": "3161793361622488", "nickname": "李加亮海产品经营部", "follower_count": 794106}}, {"aweme": {"aweme_id": "6851517980661042440", "aweme_title": "谁能告诉我为啥会天天吃撑啊？#美食 #瓜瓜偷吃@抖音小助手", "aweme_url": "https://www.iesdouyin.com/share/video/6851517980661042440/?region=CN&mid=6851518262552054536&u_code=3aj0322m7cj7&titleType=title", "download_url": "https://www.chanmama.com/awemeDetail/6851517980661042440", "digg_count": 10120, "digg_incr": 454, "aweme_create_time": 1595243406, "category": 7, "volume": 0, "amount": 0}, "author": {"author_id": "2203066521096412", "nickname": "瓜瓜偷吃堂", "follower_count": 727944}}, {"aweme": {"aweme_id": "6851384037760683276", "aweme_title": "农村的花生大丰收了，婆媳地里现摘现吃尝个鲜，又甜又脆真是过瘾", "aweme_url": "https://www.iesdouyin.com/share/video/6851384037760683276/?region=CN&mid=6851384426824223496&u_code=29e685i9la4c&titleType=title", "download_url": "https://www.chanmama.com/awemeDetail/6851384037760683276", "digg_count": 6487, "digg_incr": 35, "aweme_create_time": 1595212203, "category": 7, "volume": 176, "amount": 6476.799999999999}, "author": {"author_id": "90023552726", "nickname": "翠花和大根", "follower_count": 80173}}, {"aweme": {"aweme_id": "6851358164198214916", "aweme_title": "生活不易，摆地摊分享家乡特产，不怕苦不怕累，坚持就是胜利，愿老公早日康复#地摊#717抖音奇妙好物", "aweme_url": "https://www.iesdouyin.com/share/video/6851358164198214916/?region=CN&mid=6543774634989488910&u_code=0&titleType=title", "download_url": "https://www.chanmama.com/awemeDetail/6851358164198214916", "digg_count": 6738, "digg_incr": 247, "aweme_create_time": 1595206149, "category": 7, "volume": 10, "amount": 249}, "author": {"author_id": "2229451096860440", "nickname": "坚强的益香", "follower_count": 336667}}, {"aweme": {"aweme_id": "6851368944717024523", "aweme_title": "大蒜丰收，蒜农愁，如果您刚好需要，可以帮帮他们带上一份爱心，感谢#大蒜 #助农 #企业号小助手", "aweme_url": "https://www.iesdouyin.com/share/video/6851368944717024523/?region=CN&mid=6851368964730129159&u_code=29e685i9la4c&titleType=title", "download_url": "https://www.chanmama.com/awemeDetail/6851368944717024523", "digg_count": 5857, "digg_incr": 15, "aweme_create_time": 1595208655, "category": 7, "volume": 0, "amount": 0}, "author": {"author_id": "3900661192734092", "nickname": "冠霖水果", "follower_count": 411616}}, {"aweme": {"aweme_id": "6851353714792451331", "aweme_title": "#声控吃播 #解压 #减肥 #吃辣 辣鸡腿的做法这么简单啊！那么问题来了，我怎么做炸鸡腿呢？", "aweme_url": "https://www.iesdouyin.com/share/video/6851353714792451331/?region=CN&mid=6851353738632825613&u_code=0&titleType=title", "download_url": "https://www.chanmama.com/awemeDetail/6851353714792451331", "digg_count": 11797, "digg_incr": 1942, "aweme_create_time": 1595205114, "category": 7, "volume": 14, "amount": 364}, "author": {"author_id": "1978736675654220", "nickname": "韩国🇰🇷虎尼弟弟", "follower_count": 245316}}, {"aweme": {"aweme_id": "6851486203225689355", "aweme_title": "特别好吃，今年丰收了，", "aweme_url": "https://www.iesdouyin.com/share/video/6851486203225689355/?region=CN&mid=6851486253179833096&u_code=3cc1ga8lck8h&titleType=title", "download_url": "https://www.chanmama.com/awemeDetail/6851486203225689355", "digg_count": 8599, "digg_incr": -5, "aweme_create_time": 1595235955, "category": 7, "volume": 0, "amount": 0}, "author": {"author_id": "102193361330", "nickname": "李丹丹农场", "follower_count": 140409}}, {"aweme": {"aweme_id": "6851501496220060936", "aweme_title": "动漫角色里的祖安语录 #祖安 #派大星", "aweme_url": "https://www.iesdouyin.com/share/video/6851501496220060936/?region=CN&mid=6851501526352005896&u_code=1dbh713ic108&titleType=title", "download_url": "https://www.chanmama.com/awemeDetail/6851501496220060936", "digg_count": 6433, "digg_incr": "-", "aweme_create_time": 1595239507, "category": 7, "volume": 0, "amount": 0}, "author": {"author_id": "2915541911866635", "nickname": "周憨憨～", "follower_count": 470602}}, {"aweme": {"aweme_id": "6851412642981072140", "aweme_title": "只顾练习走路好久没蹬车，右边腿一直都是往外倒，今天突然好了，娃反而有点不相信😺#感谢支持 #荞面饸饹热卖中", "aweme_url": "https://www.iesdouyin.com/share/video/6851412642981072140/?region=CN&mid=6851412682914974477&u_code=0&titleType=title", "download_url": "https://www.chanmama.com/awemeDetail/6851412642981072140", "digg_count": 7025, "digg_incr": 119, "aweme_create_time": 1595218827, "category": 7, "volume": 10, "amount": 399.90000000000003}, "author": {"author_id": "73719168270", "nickname": "坚强的女孩♥️小仙女♥️", "follower_count": 488773}}, {"aweme": {"aweme_id": "6851498117905321229", "aweme_title": "这次低卡小冰箱里拿出了什么减脂期好物？emmmm 低脂高蛋白，超好吃！#减脂 #美胃趣计划 #全民dou爱吃", "aweme_url": "https://www.iesdouyin.com/share/video/6851498117905321229/?region=CN&mid=6851498131998509837&u_code=19fjbl89kf63&titleType=title", "download_url": "https://www.chanmama.com/awemeDetail/6851498117905321229", "digg_count": 5329, "digg_incr": -2, "aweme_create_time": 1595238721, "category": 7, "volume": 0, "amount": 0}, "author": {"author_id": "52392982699", "nickname": "ZenGo健身生活", "follower_count": 138177}}, {"aweme": {"aweme_id": "6851365445597924608", "aweme_title": "一个普通的人来到厂里面干着普通的工作，我喜欢这种，这就是最真实的我。干嘛大家不同意这个观点。#谢谢抖音官方", "aweme_url": "https://www.iesdouyin.com/share/video/6851365445597924608/?region=CN&mid=6761286182531042052&u_code=8kk8l7b72ei&titleType=title", "download_url": "https://www.chanmama.com/awemeDetail/6851365445597924608", "digg_count": 15121, "digg_incr": 2040, "aweme_create_time": 1595207832, "category": 7, "volume": 1, "amount": 6.9}, "author": {"author_id": "61783657298", "nickname": "天山雪莲", "follower_count": 57046}}, {"aweme": {"aweme_id": "6851517725022375175", "aweme_title": "一定看到最后哦，咱家脆枣无添加哦，保证香酥脆甜，包你满意！#717奇妙好物在这里 #美食趣味计划", "aweme_url": "https://www.iesdouyin.com/share/video/6851517725022375175/?region=CN&mid=6823577188546300680&u_code=0&titleType=title", "download_url": "https://www.chanmama.com/awemeDetail/6851517725022375175", "digg_count": 6423, "digg_incr": 305, "aweme_create_time": 1595243285, "category": 7, "volume": 2, "amount": 57.8}, "author": {"author_id": "72568377157", "nickname": "枣哥零食", "follower_count": 416800}}, {"aweme": {"aweme_id": "6851424346620153088", "aweme_title": "新疆很大很大，快递更新慢，我们也很着急，有朋友已经发货了，又来退Q，我们也不懂拦截快递，希望您拒收哦", "aweme_url": "https://www.iesdouyin.com/share/video/6851424346620153088/?region=CN&mid=6851424865858095883&u_code=0&titleType=title", "download_url": "https://www.chanmama.com/awemeDetail/6851424346620153088", "digg_count": 6712, "digg_incr": 111, "aweme_create_time": 1595221568, "category": 7, "volume": 1, "amount": 69.9}, "author": {"author_id": "4503651028209108", "nickname": "刘波8670明珠旅行", "follower_count": 384236}}, {"aweme": {"aweme_id": "6851444810230861064", "aweme_title": "大爷拍视频几个月了，有一批粉丝了，非常开心，大爷说会继续坚持下去", "aweme_url": "https://www.iesdouyin.com/share/video/6851444810230861064/?region=CN&mid=6814274876719909644&u_code=1e86e3gfc222&titleType=title", "download_url": "https://www.chanmama.com/awemeDetail/6851444810230861064", "digg_count": 7054, "digg_incr": 301, "aweme_create_time": 1595226310, "category": 7, "volume": 0, "amount": 0}, "author": {"author_id": "3390522813581528", "nickname": "斗影短视频服务", "follower_count": 824113}}, {"aweme": {"aweme_id": "6851392701573778702", "aweme_title": "教练和儿子都爱的西米露，6种水果味大人小孩都爱了，教练天天狂吃也是80斤#减肥 #抖音小助手 @抖音小助手", "aweme_url": "https://www.iesdouyin.com/share/video/6851392701573778702/?region=CN&mid=6851392731302923022&u_code=1kgi6h6afg08&titleType=title", "download_url": "https://www.chanmama.com/awemeDetail/6851392701573778702", "digg_count": 6608, "digg_incr": 422, "aweme_create_time": 1595214177, "category": 7, "volume": 6, "amount": 234}, "author": {"author_id": "109023093621", "nickname": "洋小洋爱健身(小师妹团队）", "follower_count": 278251}}, {"aweme": {"aweme_id": "6851411095782018308", "aweme_title": "山核桃仁颗粒饱满，酥香可口，每一颗都让你停不下来！#美食 #吃货 @DOU+小助手", "aweme_url": "https://www.iesdouyin.com/share/video/6851411095782018308/?region=CN&mid=6851411135837506318&u_code=9h9fdl8jha1&titleType=title", "download_url": "https://www.chanmama.com/awemeDetail/6851411095782018308", "digg_count": 5282, "digg_incr": -3, "aweme_create_time": 1595218467, "category": 7, "volume": 607, "amount": 42429.3}, "author": {"author_id": "76431586322", "nickname": "雪飞在村里", "follower_count": 51396}}, {"aweme": {"aweme_id": "6851400192554519816", "aweme_title": "#鱿鱼仔 新鲜到货的小零食 #夏天  #717抖音奇妙好物市集", "aweme_url": "https://www.iesdouyin.com/share/video/6851400192554519816/?region=CN&mid=6851400297441495822&u_code=0&titleType=title", "download_url": "https://www.chanmama.com/awemeDetail/6851400192554519816", "digg_count": 4960, "digg_incr": -9, "aweme_create_time": 1595215940, "category": 7, "volume": 0, "amount": 0}, "author": {"author_id": "848460027271019", "nickname": "馥临海鲜", "follower_count": 78904}}, {"aweme": {"aweme_id": "6851499037166669071", "aweme_title": "我来到了美丽的砀山 这里的梨 脆甜爽口 感谢大家对我和我的家乡支持 黄桃和梨直播间见", "aweme_url": "https://www.iesdouyin.com/share/video/6851499037166669071/?region=CN&mid=6851499046360894216&u_code=3ghh35a146gd&titleType=title", "download_url": "https://www.chanmama.com/awemeDetail/6851499037166669071", "digg_count": 4894, "digg_incr": "-", "aweme_create_time": 1595238934, "category": 7, "volume": 0, "amount": 0}, "author": {"author_id": "96220251565", "nickname": "安徽刘大美", "follower_count": 286356}}, {"aweme": {"aweme_id": "6851451655553060103", "aweme_title": "下午客服小姐姐直播要是麦的鸡腿多 晚上给同事们加鸡腿吧", "aweme_url": "https://www.iesdouyin.com/share/video/6851451655553060103/?region=CN&mid=6851451792338455303&u_code=1am3aa602ah1&titleType=title", "download_url": "https://www.chanmama.com/awemeDetail/6851451655553060103", "digg_count": 7381, "digg_incr": 842, "aweme_create_time": 1595227927, "category": 7, "volume": 2, "amount": 180}, "author": {"author_id": "97334840284", "nickname": "米小姐生鲜食材", "follower_count": 177826}}, {"aweme": {"aweme_id": "6851381168630254863", "aweme_title": "大叔每天剥二千多个椰子皮🥥，为了生活过得好，一转眼就是十几年了，炼成肌肉男#椰子 #上热门 #企业号小助手", "aweme_url": "https://www.iesdouyin.com/share/video/6851381168630254863/?region=CN&mid=6756521142317828872&u_code=2g9cfffeefe2&titleType=title", "download_url": "https://www.chanmama.com/awemeDetail/6851381168630254863", "digg_count": 4662, "digg_incr": 1, "aweme_create_time": 1595211492, "category": 7, "volume": 83, "amount": 2730.7}, "author": {"author_id": "94621535471", "nickname": "宝岛水果", "follower_count": 14691}}, {"aweme": {"aweme_id": "6851495343960395012", "aweme_title": "#抖音小助手  遇上又帅又喜欢的人，就要勇敢的去表白 我丑没关系，万一他傻呢@阿清哥", "aweme_url": "https://www.iesdouyin.com/share/video/6851495343960395012/?region=CN&mid=6851495391846779655&u_code=39cg4d6b9039&titleType=title", "download_url": "https://www.chanmama.com/awemeDetail/6851495343960395012", "digg_count": 6421, "digg_incr": 659, "aweme_create_time": 1595238082, "category": 7, "volume": 0, "amount": 0}, "author": {"author_id": "3601618138578509", "nickname": "赣州💓燕子💓", "follower_count": 722402}}, {"aweme": {"aweme_id": "6851430818347289869", "aweme_title": "几天不吃 #螺蛳粉就不行", "aweme_url": "https://www.iesdouyin.com/share/video/6851430818347289869/?region=CN&mid=6851430920655162126&u_code=0&titleType=title", "download_url": "https://www.chanmama.com/awemeDetail/6851430818347289869", "digg_count": 7902, "digg_incr": 340, "aweme_create_time": 1595223074, "category": 7, "volume": 0, "amount": 0}, "author": {"author_id": "77988791834", "nickname": "贺贺姐会做饭", "follower_count": 538896}}, {"aweme": {"aweme_id": "6851492434816322824", "aweme_title": "内蒙古粉丝推荐的奶嚼口，味道为什么…… #美食趣胃计划  #美食测评", "aweme_url": "https://www.iesdouyin.com/share/video/6851492434816322824/?region=CN&mid=6851492535781968654&u_code=0&titleType=title", "download_url": "https://www.chanmama.com/awemeDetail/6851492434816322824", "digg_count": 9671, "digg_incr": 486, "aweme_create_time": 1595237412, "category": 7, "volume": 29, "amount": 1119.4}, "author": {"author_id": "101143413783", "nickname": "拉布斯的帽子", "follower_count": 434139}}, {"aweme": {"aweme_id": "6851501680991767816", "aweme_title": "老是老 味道好 要是再冻一下就更棒了~#椰汁", "aweme_url": "https://www.iesdouyin.com/share/video/6851501680991767816/?region=CN&mid=6851501759953636103&u_code=0&titleType=title", "download_url": "https://www.chanmama.com/awemeDetail/6851501680991767816", "digg_count": 4580, "digg_incr": "-", "aweme_create_time": 1595247001, "category": 7, "volume": 1, "amount": 62.8}, "author": {"author_id": "1138695489210507", "nickname": "隔壁大哥与邻居小李", "follower_count": 503896}}, {"aweme": {"aweme_id": "6851244744304037124", "aweme_title": "他家的扇贝肉我一直在吃，口感很好，一看就是新鲜制作的，口感细腻层次分明@DOU+小助手", "aweme_url": "https://www.iesdouyin.com/share/video/6851244744304037124/?region=CN&mid=6851244865758481159&u_code=1k70e487j57h&titleType=title", "download_url": "https://www.chanmama.com/awemeDetail/6851244744304037124", "digg_count": 4335, "digg_incr": "-", "aweme_create_time": 1595179786, "category": 7, "volume": 111, "amount": 2985.8999999999996}, "author": {"author_id": "1345414775707709", "nickname": "⬆️扇贝肉26.9两罐⬆️🌊", "follower_count": 3161}}, {"aweme": {"aweme_id": "6851544356168486151", "aweme_title": "#vlog我的日常 还有什么彩色好吃的东西呢？", "aweme_url": "https://www.iesdouyin.com/share/video/6851544356168486151/?region=CN&mid=6607667275321314051&u_code=0&titleType=title", "download_url": "https://www.chanmama.com/awemeDetail/6851544356168486151", "digg_count": 5621, "digg_incr": "-", "aweme_create_time": 1595249485, "category": 7, "volume": 225, "amount": 2430}, "author": {"author_id": "97055625937", "nickname": "爱吃的恋恋", "follower_count": 484729}}, {"aweme": {"aweme_id": "6851379933013495040", "aweme_title": "肉黄满满，新鲜制作的扇贝肉#美食趣胃计划 #美好加热节 @DOU+小助手", "aweme_url": "https://www.iesdouyin.com/share/video/6851379933013495040/?region=CN&mid=6851379936054364936&u_code=24c1db196cmh&titleType=title", "download_url": "https://www.chanmama.com/awemeDetail/6851379933013495040", "digg_count": 4204, "digg_incr": "-", "aweme_create_time": 1595211205, "category": 7, "volume": 107, "amount": 2878.2999999999997}, "author": {"author_id": "3443310588082094", "nickname": "👆28.9两罐新鲜鲍鱼", "follower_count": 10659}}, {"aweme": {"aweme_id": "6851449206209596680", "aweme_title": "嫂子给半个村的姐姐们带来了工作和收入#助农 @抖音小助手", "aweme_url": "https://www.iesdouyin.com/share/video/6851449206209596680/?region=CN&mid=6851449217265847047&u_code=1gb2if2h93mg&titleType=title", "download_url": "https://www.chanmama.com/awemeDetail/6851449206209596680", "digg_count": 3975, "digg_incr": "-", "aweme_create_time": 1595227333, "category": 7, "volume": 3, "amount": 86.4}, "author": {"author_id": "65691550049", "nickname": "农村姑嫂", "follower_count": 823927}}, {"aweme": {"aweme_id": "6851441751954099469", "aweme_title": "做酸辣粉，粉饼是关键！专注工艺和选材，这样才能出美味。 #酸辣粉", "aweme_url": "https://www.iesdouyin.com/share/video/6851441751954099469/?region=CN&mid=6851442088861895438&u_code=0&titleType=title", "download_url": "https://www.chanmama.com/awemeDetail/6851441751954099469", "digg_count": 4383, "digg_incr": 17, "aweme_create_time": 1595242800, "category": 7, "volume": 38, "amount": 1364.2}, "author": {"author_id": "110516099676", "nickname": "辣条源叔", "follower_count": 329282}}, {"aweme": {"aweme_id": "6851418934344830223", "aweme_title": "因为新疆太大，物流更新慢，有朋友退kuan，我们也不懂拦截，Q退了，枸杞也发了，希望您到时候拒收一下", "aweme_url": "https://www.iesdouyin.com/share/video/6851418934344830223/?region=CN&mid=6851419447963044612&u_code=0&titleType=title", "download_url": "https://www.chanmama.com/awemeDetail/6851418934344830223", "digg_count": 4272, "digg_incr": 43, "aweme_create_time": 1595220308, "category": 7, "volume": 3, "amount": 209.70000000000002}, "author": {"author_id": "4503651028209108", "nickname": "刘波8670明珠旅行", "follower_count": 384236}}, {"aweme": {"aweme_id": "6851385469574335744", "aweme_title": "#极客农场冰烤红薯 到货会化冻变软，直接吃就很美味！有用户专门拿来泡妞儿。", "aweme_url": "https://www.iesdouyin.com/share/video/6851385469574335744/?region=CN&mid=6851385495474572039&u_code=0&titleType=title", "download_url": "https://www.chanmama.com/awemeDetail/6851385469574335744", "digg_count": 4950, "digg_incr": 114, "aweme_create_time": 1595212493, "category": 7, "volume": 14, "amount": 838.6}, "author": {"author_id": "23397071188", "nickname": "极客农场", "follower_count": 461776}}, {"aweme": {"aweme_id": "6851512416669371655", "aweme_title": "千万别把裙带菜和海带搞错啦！#全民dou爱吃 #一口解锁暑假快落", "aweme_url": "https://www.iesdouyin.com/share/video/6851512416669371655/?region=CN&mid=6851512439251421960&u_code=3ghh3jai1efc&titleType=title", "download_url": "https://www.chanmama.com/awemeDetail/6851512416669371655", "digg_count": 4359, "digg_incr": 13, "aweme_create_time": 1595242049, "category": 7, "volume": 253, "amount": 5057.469999999999}, "author": {"author_id": "3575267387259444", "nickname": "金庆海鲜产地直发", "follower_count": 564176}}, {"aweme": {"aweme_id": "6851489782653095171", "aweme_title": "东北朋友推荐的东北饭包，真的是太好吃了！没吃过的一定要试试！#藜麦#减脂@DOU+小助手 @抖音小助手", "aweme_url": "https://www.iesdouyin.com/share/video/6851489782653095171/?region=CN&mid=6851489830896601870&u_code=0&titleType=title", "download_url": "https://www.chanmama.com/awemeDetail/6851489782653095171", "digg_count": 13130, "digg_incr": 948, "aweme_create_time": 1595236788, "category": 7, "volume": 2, "amount": 79.8}, "author": {"author_id": "3355365314930119", "nickname": "天一轻食", "follower_count": 97522}}, {"aweme": {"aweme_id": "6851394388447317262", "aweme_title": "咬一大口 太软乎了", "aweme_url": "https://www.iesdouyin.com/share/video/6851394388447317262/?region=CN&mid=6851394402410138382&u_code=379jm8h3l53m&titleType=title", "download_url": "https://www.chanmama.com/awemeDetail/6851394388447317262", "digg_count": 3934, "digg_incr": 24, "aweme_create_time": 1595214570, "category": 7, "volume": 462, "amount": 17556}, "author": {"author_id": "104958503756", "nickname": "王赫", "follower_count": 685375}}, {"aweme": {"aweme_id": "6851557511338757384", "aweme_title": "只要胆子够大，就没有撩不到的妞🔫#情侣礼物 #甜甜的恋爱", "aweme_url": "https://www.iesdouyin.com/share/video/6851557511338757384/?region=CN&mid=6838518831309572872&u_code=2f35h3i9iecg&titleType=title", "download_url": "https://www.chanmama.com/awemeDetail/6851557511338757384", "digg_count": 3700, "digg_incr": 0, "aweme_create_time": 1595252548, "category": 7, "volume": 18, "amount": 956.7}, "author": {"author_id": "2651640812279175", "nickname": "礼物礼物种草🎁", "follower_count": 2991}}, {"aweme": {"aweme_id": "6851500242408328463", "aweme_title": "多爷爷九亩蜜瓜快完了，老人出了一口气，我也感觉轻松了一些，他们脸上的笑容，就是我们助农的意义。#助农 #蜜瓜", "aweme_url": "https://www.iesdouyin.com/share/video/6851500242408328463/?region=CN&mid=6851500255256185607&u_code=39cg4d6b9039&titleType=title", "download_url": "https://www.chanmama.com/awemeDetail/6851500242408328463", "digg_count": 3895, "digg_incr": 36, "aweme_create_time": 1595239215, "category": 7, "volume": 16, "amount": 400}, "author": {"author_id": "4498856289241997", "nickname": "陕西张悟农", "follower_count": 111233}}, {"aweme": {"aweme_id": "6851474341369105667", "aweme_title": "#我的财智之选 #全民dou爱吃 #717抖音嗨吃节", "aweme_url": "https://www.iesdouyin.com/share/video/6851474341369105667/?region=CN&mid=6851474394326698765&u_code=0&titleType=title", "download_url": "https://www.chanmama.com/awemeDetail/6851474341369105667", "digg_count": 5014, "digg_incr": 74, "aweme_create_time": 1595233195, "category": 7, "volume": 1019, "amount": 20278.1}, "author": {"author_id": "111124683778", "nickname": "阿美海鲜", "follower_count": 466859}}, {"aweme": {"aweme_id": "6851547279657012483", "aweme_title": "#粤新粤潮粤有味 ￼各位朋友，请问你们都是怎么用的？￼￼", "aweme_url": "https://www.iesdouyin.com/share/video/6851547279657012483/?region=CN&mid=6851547322879347469&u_code=0&titleType=title", "download_url": "https://www.chanmama.com/awemeDetail/6851547279657012483", "digg_count": 4141, "digg_incr": 187, "aweme_create_time": 1595250171, "category": 7, "volume": 5, "amount": 675}, "author": {"author_id": "23400745183", "nickname": "潮味优信牛肉丸", "follower_count": 238966}}, {"aweme": {"aweme_id": "6851390879148608781", "aweme_title": "#抖音有好货 #热门  尝一尝当季鲜美的海鲜吧～", "aweme_url": "https://www.iesdouyin.com/share/video/6851390879148608781/?region=CN&mid=6851390888917404429&u_code=gmaek29lie6&titleType=title", "download_url": "https://www.chanmama.com/awemeDetail/6851390879148608781", "digg_count": 3486, "digg_incr": 9, "aweme_create_time": 1595213753, "category": 7, "volume": 61, "amount": 6039}, "author": {"author_id": "110811900536", "nickname": "天悦海鲜经营部", "follower_count": 762947}}, {"aweme": {"aweme_id": "6851451818564685059", "aweme_title": "小侄子来我家 说想吃鸡腿 外面两个鸡腿就要18块钱 我没有买 去超市买了几个做了一锅 小侄子说比外面好吃#美食", "aweme_url": "https://www.iesdouyin.com/share/video/6851451818564685059/?region=CN&mid=6837421679304936200&u_code=1am3aa602ah1&titleType=title", "download_url": "https://www.chanmama.com/awemeDetail/6851451818564685059", "digg_count": 4103, "digg_incr": 205, "aweme_create_time": 1595227951, "category": 7, "volume": 9, "amount": 224.1}, "author": {"author_id": "94377219443", "nickname": "兰花的执着#美食", "follower_count": 163203}}, {"aweme": {"aweme_id": "6851247372954045709", "aweme_title": "真解馋，好吃，我经常吃他家的扇贝肉，口感很好@DOU+小助手", "aweme_url": "https://www.iesdouyin.com/share/video/6851247372954045709/?region=CN&mid=6851247374002883336&u_code=j26j7d7gi10&titleType=title", "download_url": "https://www.chanmama.com/awemeDetail/6851247372954045709", "digg_count": 3322, "digg_incr": "-", "aweme_create_time": 1595180363, "category": 7, "volume": 85, "amount": 2286.5}, "author": {"author_id": "3038640525808259", "nickname": "👆二十岁严选海鲜", "follower_count": 16312}}, {"aweme": {"aweme_id": "6851503492406807815", "aweme_title": "纯属娱乐", "aweme_url": "https://www.iesdouyin.com/share/video/6851503492406807815/?region=CN&mid=6851503507560794893&u_code=b0ge2ik4jel&titleType=title", "download_url": "https://www.chanmama.com/awemeDetail/6851503492406807815", "digg_count": 4541, "digg_incr": 131, "aweme_create_time": 1595239972, "category": 7, "volume": 0, "amount": 0}, "author": {"author_id": "100972459397", "nickname": "疙瘩子", "follower_count": 840537}}, {"aweme": {"aweme_id": "6851478021099080973", "aweme_title": "#攀枝花彩虹 生长在高山上的芒果你们喜欢吗？#川货dou起来 #助农水果", "aweme_url": "https://www.iesdouyin.com/share/video/6851478021099080973/?region=CN&mid=6851478035243830029&u_code=3ikd90mi0k81&titleType=title", "download_url": "https://www.chanmama.com/awemeDetail/6851478021099080973", "digg_count": 3326, "digg_incr": 1, "aweme_create_time": 1595234042, "category": 7, "volume": 21, "amount": 352.8}, "author": {"author_id": "3262966960232398", "nickname": "洋涛鲜果", "follower_count": 14587}}, {"aweme": {"aweme_id": "6851487127864102157", "aweme_title": "#黄焖猪皮猪身上最便宜的地方做出来却是最美味的 #美食推荐官@DOU+小助手", "aweme_url": "https://www.iesdouyin.com/share/video/6851487127864102157/?region=CN&mid=6851487248928541453&u_code=0&titleType=title", "download_url": "https://www.chanmama.com/awemeDetail/6851487127864102157", "digg_count": 10972, "digg_incr": 575, "aweme_create_time": 1595236179, "category": 7, "volume": 28, "amount": 463.4}, "author": {"author_id": "61202083526", "nickname": "唐帅美食记", "follower_count": 523145}}, {"aweme": {"aweme_id": "6851376622818397440", "aweme_title": "有些人没见过核桃长什么样，有些人说核桃这两天就成熟了吗？你们看，在树上自然开口算成熟了吗？#购物分享", "aweme_url": "https://www.iesdouyin.com/share/video/6851376622818397440/?region=CN&mid=6688896935639649035&u_code=0&titleType=title", "download_url": "https://www.chanmama.com/awemeDetail/6851376622818397440", "digg_count": 3524, "digg_incr": 35, "aweme_create_time": 1595210434, "category": 7, "volume": 12, "amount": 504}, "author": {"author_id": "77374488173", "nickname": "小张 哥", "follower_count": 517361}}, {"aweme": {"aweme_id": "6851389418046000396", "aweme_title": "你们点的爆炒鱿鱼须来了 #美食趣胃计划  #美食  @抖音星探家", "aweme_url": "https://www.iesdouyin.com/share/video/6851389418046000396/?region=CN&mid=6851389596475935495&u_code=0&titleType=title", "download_url": "https://www.chanmama.com/awemeDetail/6851389418046000396", "digg_count": 4835, "digg_incr": 167, "aweme_create_time": 1595237400, "category": 7, "volume": 1, "amount": 48}, "author": {"author_id": "103294355616", "nickname": "老薛的晚餐", "follower_count": 406493}}, {"aweme": {"aweme_id": "6851150465783123215", "aweme_title": "这个夏天你有实现一次小龙虾自由么🦞@抖音小助手     #顾大嫂  #网红拌面", "aweme_url": "https://www.iesdouyin.com/share/video/6851150465783123215/?region=CN&mid=6851150477116377869&u_code=0&titleType=title", "download_url": "https://www.chanmama.com/awemeDetail/6851150465783123215", "digg_count": 7435, "digg_incr": 1094, "aweme_create_time": 1595241000, "category": 7, "volume": 13, "amount": 440.7}, "author": {"author_id": "2493280517632712", "nickname": "柚子の食", "follower_count": 364402}}, {"aweme": {"aweme_id": "6851369578870705423", "aweme_title": "其实没有什么不同，就是纯", "aweme_url": "https://www.iesdouyin.com/share/video/6851369578870705423/?region=CN&mid=6851369590195325704&u_code=0&titleType=title", "download_url": "https://www.chanmama.com/awemeDetail/6851369578870705423", "digg_count": 3509, "digg_incr": 46, "aweme_create_time": 1595208794, "category": 7, "volume": 44, "amount": 1755.6}, "author": {"author_id": "110910173136", "nickname": "家乡的春夏秋冬", "follower_count": 581166}}, {"aweme": {"aweme_id": "6851431549531901187", "aweme_title": "大别山散养的乌金土猪肉#土猪肉", "aweme_url": "https://www.iesdouyin.com/share/video/6851431549531901187/?region=CN&mid=6848067020672486152&u_code=27l4hkd95f9c&titleType=title", "download_url": "https://www.chanmama.com/awemeDetail/6851431549531901187", "digg_count": 3324, "digg_incr": "-", "aweme_create_time": 1595223231, "category": 7, "volume": 38, "amount": 2280}, "author": {"author_id": "307484637008061", "nickname": "熊大的出没", "follower_count": 23822}}, {"aweme": {"aweme_id": "6851407567462108416", "aweme_title": "老板娘我想说……？😄#百万开麦 #直播 #麻花", "aweme_url": "https://www.iesdouyin.com/share/video/6851407567462108416/?region=CN&mid=6851407598642596615&u_code=1kgi6h6afg08&titleType=title", "download_url": "https://www.chanmama.com/awemeDetail/6851407567462108416", "digg_count": 2990, "digg_incr": 0, "aweme_create_time": 1595217638, "category": 7, "volume": 0, "amount": 0}, "author": {"author_id": "102216712658", "nickname": "翡翡好物", "follower_count": 70340}}, {"aweme": {"aweme_id": "6851571866746768655", "aweme_title": "“如果你家小公主不听话，那么请用这把🔫堵住她的嘴”#礼物  #甜甜的恋爱", "aweme_url": "https://www.iesdouyin.com/share/video/6851571866746768655/?region=CN&mid=6838518831309572872&u_code=1735ei7akb8h&titleType=title", "download_url": "https://www.chanmama.com/awemeDetail/6851571866746768655", "digg_count": 3120, "digg_incr": 4, "aweme_create_time": 1595255891, "category": 7, "volume": 0, "amount": 0}, "author": {"author_id": "2576908635085296", "nickname": "猫仙人💕", "follower_count": 8110}}, {"aweme": {"aweme_id": "6851562483791006990", "aweme_title": "爷爷种的枣是整个村里最好的，大家都喜欢吃，但是却很少有人mai枣都放坏了，只能喂羊，爷爷在一旁心疼的只抹泪", "aweme_url": "https://www.iesdouyin.com/share/video/6851562483791006990/?region=CN&mid=6851562490087312135&u_code=3he6a075c04k&titleType=title", "download_url": "https://www.chanmama.com/awemeDetail/6851562483791006990", "digg_count": 2825, "digg_incr": "-", "aweme_create_time": 1595253706, "category": 7, "volume": 0, "amount": 0}, "author": {"author_id": "97015795338", "nickname": "花姐精选果业", "follower_count": 0}}, {"aweme": {"aweme_id": "6851484989717024008", "aweme_title": "好吃到舔盘的#有你一面 连吃三天都不过瘾，赶紧安排起来！", "aweme_url": "https://www.iesdouyin.com/share/video/6851484989717024008/?region=CN&mid=6779086582050736129&u_code=3ikd90mi0k81&titleType=title", "download_url": "https://www.chanmama.com/awemeDetail/6851484989717024008", "digg_count": 2796, "digg_incr": 3, "aweme_create_time": 1595235664, "category": 7, "volume": 2, "amount": 79.6}, "author": {"author_id": "109493496117", "nickname": "颖子酱", "follower_count": 673609}}, {"aweme": {"aweme_id": "6851424184518708494", "aweme_title": "这个芋圆真的太太太...太好吃了 #芋圆 #717奇妙好物在这里 #美食", "aweme_url": "https://www.iesdouyin.com/share/video/6851424184518708494/?region=CN&mid=6851424551251839757&u_code=0&titleType=title", "download_url": "https://www.chanmama.com/awemeDetail/6851424184518708494", "digg_count": 9323, "digg_incr": 316, "aweme_create_time": 1595221588, "category": 7, "volume": 0, "amount": 0}, "author": {"author_id": "523011370006941", "nickname": "小盟主（直播中）", "follower_count": 147783}}, {"aweme": {"aweme_id": "6851509037247286536", "aweme_title": "@DOU+小助手#我要上热门", "aweme_url": "https://www.iesdouyin.com/share/video/6851509037247286536/?region=CN&mid=6851509058894383886&u_code=0&titleType=title", "download_url": "https://www.chanmama.com/awemeDetail/6851509037247286536", "digg_count": 4598, "digg_incr": 130, "aweme_create_time": 1595241263, "category": 7, "volume": 0, "amount": 0}, "author": {"author_id": "3759975674688797", "nickname": "惠惠", "follower_count": 292015}}, {"aweme": {"aweme_id": "6851428916033326336", "aweme_title": "吃猪脚杆肉煮好了，糯香十足安逸得很哦！你能吃几块，喜欢的可以点击小黄车带走哦#农村腊肉 @DOU+小助手", "aweme_url": "https://www.iesdouyin.com/share/video/6851428916033326336/?region=CN&mid=6851428926491609869&u_code=b0ge2ik4jel&titleType=title", "download_url": "https://www.chanmama.com/awemeDetail/6851428916033326336", "digg_count": 3298, "digg_incr": 142, "aweme_create_time": 1595222609, "category": 7, "volume": 0, "amount": 0}, "author": {"author_id": "1297068288902461", "nickname": "溢源", "follower_count": 19875}}, {"aweme": {"aweme_id": "6851262736895102220", "aweme_title": "#烟台暖哥 大福大贵的姐姐你终于来了", "aweme_url": "https://www.iesdouyin.com/share/video/6851262736895102220/?region=CN&mid=6643766534109924104&u_code=i5hd8ml6f59&titleType=title", "download_url": "https://www.chanmama.com/awemeDetail/6851262736895102220", "digg_count": 3094, "digg_incr": 37, "aweme_create_time": 1595184038, "category": 7, "volume": 0, "amount": 0}, "author": {"author_id": "98229938635", "nickname": "正能量暖哥呀", "follower_count": 321944}}, {"aweme": {"aweme_id": "6851356557871992076", "aweme_title": "#抖音小助手  总有一天我要si你的床  吃你做的饭，还天天惹你生气  再给你生两个🐒让你尝尝社会的险恶", "aweme_url": "https://www.iesdouyin.com/share/video/6851356557871992076/?region=CN&mid=6851356579548252942&u_code=3aj0322m7cj7&titleType=title", "download_url": "https://www.chanmama.com/awemeDetail/6851356557871992076", "digg_count": 3558, "digg_incr": 329, "aweme_create_time": 1595205775, "category": 7, "volume": 0, "amount": 0}, "author": {"author_id": "3601618138578509", "nickname": "赣州💓燕子💓", "follower_count": 722402}}, {"aweme": {"aweme_id": "6851481950515973376", "aweme_title": "@小张 哥发了一个抖音短视频，你尽管点开，不好看算我输！", "aweme_url": "https://www.iesdouyin.com/share/video/6851481950515973376/?region=CN&mid=6732509291682466573&u_code=0&titleType=", "download_url": "https://www.chanmama.com/awemeDetail/6851481950515973376", "digg_count": 3191, "digg_incr": 58, "aweme_create_time": 1595234957, "category": 7, "volume": 2, "amount": 84}, "author": {"author_id": "77374488173", "nickname": "小张 哥", "follower_count": 517361}}, {"aweme": {"aweme_id": "6851397614169017608", "aweme_title": "俩人喝的太香了", "aweme_url": "https://www.iesdouyin.com/share/video/6851397614169017608/?region=CN&mid=6851397613984566029&u_code=1e86e3gfc222&titleType=title", "download_url": "https://www.chanmama.com/awemeDetail/6851397614169017608", "digg_count": 2988, "digg_incr": 24, "aweme_create_time": 1595215320, "category": 7, "volume": 120, "amount": 4440}, "author": {"author_id": "104958503756", "nickname": "王赫", "follower_count": 685375}}, {"aweme": {"aweme_id": "6851495479545548045", "aweme_title": "一方水土养一方人，一方土地结一方瓜果，没有什么普不普通", "aweme_url": "https://www.iesdouyin.com/share/video/6851495479545548045/?region=CN&mid=6851495518603234061&u_code=0&titleType=title", "download_url": "https://www.chanmama.com/awemeDetail/6851495479545548045", "digg_count": 13156, "digg_incr": 18, "aweme_create_time": 1595238107, "category": 7, "volume": 498, "amount": 14890.199999999999}, "author": {"author_id": "3416932005449980", "nickname": "果小蒙", "follower_count": 704194}}, {"aweme": {"aweme_id": "6851400231645449486", "aweme_title": "你有过去餐馆吃饭自带食物的经历吗？#肌肉女#烤鱼 @抖音小助手", "aweme_url": "https://www.iesdouyin.com/share/video/6851400231645449486/?region=CN&mid=6851400245676280590&u_code=0&titleType=title", "download_url": "https://www.chanmama.com/awemeDetail/6851400231645449486", "digg_count": 3727, "digg_incr": 209, "aweme_create_time": 1595215930, "category": 7, "volume": 0, "amount": 0}, "author": {"author_id": "53105966122", "nickname": "哪吒驾到", "follower_count": 318782}}, {"aweme": {"aweme_id": "6851244189452160271", "aweme_title": "吃着口感很细腻，肉质很紧实，一看就是新鲜扇贝肉做的！@DOU+小助手", "aweme_url": "https://www.iesdouyin.com/share/video/6851244189452160271/?region=CN&mid=6626584281093409549&u_code=40d0abkfjb96&titleType=title", "download_url": "https://www.chanmama.com/awemeDetail/6851244189452160271", "digg_count": 2611, "digg_incr": "-", "aweme_create_time": 1595179617, "category": 7, "volume": 67, "amount": 1802.3}, "author": {"author_id": "102518180071", "nickname": "⬆️扇贝肉26.9两大罐⬆️", "follower_count": 56093}}, {"aweme": {"aweme_id": "6851526766989774088", "aweme_title": "你要是屁股上有味觉的话，你就知道shi是苦的！#正在直播中 #柳州螺蛳粉", "aweme_url": "https://www.iesdouyin.com/share/video/6851526766989774088/?region=CN&mid=6851527063542188813&u_code=0&titleType=title", "download_url": "https://www.chanmama.com/awemeDetail/6851526766989774088", "digg_count": 2632, "digg_incr": "-", "aweme_create_time": 1595257200, "category": 7, "volume": 133, "amount": 7953.4}, "author": {"author_id": "4041446702202428", "nickname": "大圣有好货", "follower_count": 392696}}, {"aweme": {"aweme_id": "6851504466395417864", "aweme_title": "一遍一遍听着你会爱我#717抖音奇妙好物市集", "aweme_url": "https://www.iesdouyin.com/share/video/6851504466395417864/?region=CN&mid=6597923667642944269&u_code=0&titleType=title", "download_url": "https://www.chanmama.com/awemeDetail/6851504466395417864", "digg_count": 4098, "digg_incr": 103, "aweme_create_time": 1595240199, "category": 7, "volume": 0, "amount": 0}, "author": {"author_id": "76706431752", "nickname": "か傻丫头，我陪你", "follower_count": 217662}}, {"aweme": {"aweme_id": "6851457484452826375", "aweme_title": "#扭腰 #腹肌 妖娆？", "aweme_url": "https://www.iesdouyin.com/share/video/6851457484452826375/?region=CN&mid=6838914204334902024&u_code=39cg4d6b9039&titleType=title", "download_url": "https://www.chanmama.com/awemeDetail/6851457484452826375", "digg_count": 4010, "digg_incr": 20, "aweme_create_time": 1595229261, "category": 7, "volume": 0, "amount": 0}, "author": {"author_id": "93308355081", "nickname": "小梅没腹肌", "follower_count": 57744}}, {"aweme": {"aweme_id": "6851378320433499396", "aweme_title": "大虾仁来啦#美食 #虾仁", "aweme_url": "https://www.iesdouyin.com/share/video/6851378320433499396/?region=CN&mid=6851378357716732679&u_code=3b5hhbic721e&titleType=title", "download_url": "https://www.chanmama.com/awemeDetail/6851378320433499396", "digg_count": 3060, "digg_incr": "-", "aweme_create_time": 1595210837, "category": 7, "volume": 1, "amount": 35.9}, "author": {"author_id": "602177607314612", "nickname": "卓壮麻辣美食", "follower_count": 96634}}, {"aweme": {"aweme_id": "6851394433305414912", "aweme_title": "#抖音好货推荐给你 #美食分享 #让海鲜成为家常菜", "aweme_url": "https://www.iesdouyin.com/share/video/6851394433305414912/?region=CN&mid=6851394459339344647&u_code=379jm8h3l53m&titleType=title", "download_url": "https://www.chanmama.com/awemeDetail/6851394433305414912", "digg_count": 3015, "digg_incr": 153, "aweme_create_time": 1595214580, "category": 7, "volume": 222, "amount": 21978}, "author": {"author_id": "1420181992645611", "nickname": "统疆海产品", "follower_count": 337637}}, {"aweme": {"aweme_id": "6851444606664559872", "aweme_title": "#全民dou爱吃 昨晚直播到凌晨一点气色不好，0利润活动最后一天点击小黄车下单@DOU+小助手", "aweme_url": "https://www.iesdouyin.com/share/video/6851444606664559872/?region=CN&mid=6851444612255877895&u_code=1e86e3gfc222&titleType=title", "download_url": "https://www.chanmama.com/awemeDetail/6851444606664559872", "digg_count": 2443, "digg_incr": 0, "aweme_create_time": 1595226262, "category": 7, "volume": 1417, "amount": 38117.299999999996}, "author": {"author_id": "518619174013470", "nickname": "中莱果品经营部", "follower_count": 6896}}, {"aweme": {"aweme_id": "6851410582294236427", "aweme_title": "运动前一杯黑咖啡，真的事半功倍 #瘦  #减脂  #黑咖啡  @抖音小助手", "aweme_url": "https://www.iesdouyin.com/share/video/6851410582294236427/?region=CN&mid=6851410766407879437&u_code=27l4hkd95f9c&titleType=title", "download_url": "https://www.chanmama.com/awemeDetail/6851410582294236427", "digg_count": 2460, "digg_incr": 2, "aweme_create_time": 1595218381, "category": 7, "volume": 0, "amount": 0}, "author": {"author_id": "75061055182", "nickname": "暴躁的波哥", "follower_count": 85710}}, {"aweme": {"aweme_id": "6849970676917439758", "aweme_title": "用了ta，工作效率都变高了 #星猫文创  @我叫星猫  @星猫广场", "aweme_url": "https://www.iesdouyin.com/share/video/6849970676917439758/?region=CN&mid=6849970813697886989&u_code=1e86e3gfc222&titleType=title", "download_url": "https://www.chanmama.com/awemeDetail/6849970676917439758", "digg_count": 2383, "digg_incr": -1, "aweme_create_time": 1595205000, "category": 7, "volume": 0, "amount": 0}, "author": {"author_id": "62799741605", "nickname": "星猫文创", "follower_count": 35036}}, {"aweme": {"aweme_id": "6851425487189757197", "aweme_title": "竟然有这么神奇的奶盖茶？ #奶盖茶", "aweme_url": "https://www.iesdouyin.com/share/video/6851425487189757197/?region=CN&mid=6851425558627191566&u_code=0&titleType=title", "download_url": "https://www.chanmama.com/awemeDetail/6851425487189757197", "digg_count": 4125, "digg_incr": 298, "aweme_create_time": 1595239538, "category": 7, "volume": 0, "amount": 0}, "author": {"author_id": "60729758880", "nickname": "哈皮悠悠～", "follower_count": 621235}}, {"aweme": {"aweme_id": "6851481307839597838", "aweme_title": "闭着眼睛都煎不坏的牛排！居然还附带那么多好吃的！", "aweme_url": "https://www.iesdouyin.com/share/video/6851481307839597838/?region=CN&mid=6706783948791401224&u_code=27l4hkd95f9c&titleType=title", "download_url": "https://www.chanmama.com/awemeDetail/6851481307839597838", "digg_count": 2419, "digg_incr": 7, "aweme_create_time": 1595234807, "category": 7, "volume": 9, "amount": 1323}, "author": {"author_id": "109012974638", "nickname": "贫穷玩家", "follower_count": 686646}}, {"aweme": {"aweme_id": "6851252493326814467", "aweme_title": "弟弟很担心你，你现在好吗", "aweme_url": "https://www.iesdouyin.com/share/video/6851252493326814467/?region=CN&mid=6850753392559131400&u_code=29e685i9la4c&titleType=title", "download_url": "https://www.chanmama.com/awemeDetail/6851252493326814467", "digg_count": 2885, "digg_incr": 55, "aweme_create_time": 1595182009, "category": 7, "volume": 0, "amount": 0}, "author": {"author_id": "77328957405", "nickname": "阳光暖哥，", "follower_count": 152910}}, {"aweme": {"aweme_id": "6851393046588771591", "aweme_title": "油炸扇贝肉 炸完后要趁热吃  再蘸点番茄酱更美味", "aweme_url": "https://www.iesdouyin.com/share/video/6851393046588771591/?region=CN&mid=6851393164851284743&u_code=9h9fdl6mjlg&titleType=title", "download_url": "https://www.chanmama.com/awemeDetail/6851393046588771591", "digg_count": 2428, "digg_incr": 15, "aweme_create_time": 1595214278, "category": 7, "volume": 0, "amount": 0}, "author": {"author_id": "96000241730", "nickname": "顺子韩食坊", "follower_count": 904100}}, {"aweme": {"aweme_id": "6851495365045210382", "aweme_title": "自热烤鱼你吃过没？@抖音美食 #浪计划#浪吃500斤", "aweme_url": "https://www.iesdouyin.com/share/video/6851495365045210382/?region=CN&mid=6851495420435188487&u_code=0&titleType=title", "download_url": "https://www.chanmama.com/awemeDetail/6851495365045210382", "digg_count": 2329, "digg_incr": "-", "aweme_create_time": 1595238080, "category": 7, "volume": 7, "amount": 174.29999999999998}, "author": {"author_id": "4366907307733108", "nickname": "老成都马大姐", "follower_count": 559598}}, {"aweme": {"aweme_id": "6851259402150792461", "aweme_title": "#正能量暖哥 十劝世人顺口溜", "aweme_url": "https://www.iesdouyin.com/share/video/6851259402150792461/?region=CN&mid=6850938736671279885&u_code=i5hd8ml6f59&titleType=title", "download_url": "https://www.chanmama.com/awemeDetail/6851259402150792461", "digg_count": 3644, "digg_incr": 50, "aweme_create_time": 1595183175, "category": 7, "volume": 0, "amount": 0}, "author": {"author_id": "98229938635", "nickname": "正能量暖哥呀", "follower_count": 321944}}, {"aweme": {"aweme_id": "6851530130230201607", "aweme_title": "老铁我做的对吗？正道的光。。。#柳福记#螺蛳粉", "aweme_url": "https://www.iesdouyin.com/share/video/6851530130230201607/?region=CN&mid=6851530426114067213&u_code=0&titleType=title", "download_url": "https://www.chanmama.com/awemeDetail/6851530130230201607", "digg_count": 2426, "digg_incr": 17, "aweme_create_time": 1595253614, "category": 7, "volume": 406, "amount": 24278.8}, "author": {"author_id": "219523361028285", "nickname": "贫穷吃货", "follower_count": 245520}}, {"aweme": {"aweme_id": "6851371920554740992", "aweme_title": "这个菜一定拿他产个肉，只有吃过的人才知道有多巴士😋", "aweme_url": "https://www.iesdouyin.com/share/video/6851371920554740992/?region=CN&mid=6752691609491835652&u_code=0&titleType=title", "download_url": "https://www.chanmama.com/awemeDetail/6851371920554740992", "digg_count": 2402, "digg_incr": 20, "aweme_create_time": 1595209339, "category": 7, "volume": 57, "amount": 2268.6}, "author": {"author_id": "105319096247", "nickname": "王婆家泡菜", "follower_count": 193717}}, {"aweme": {"aweme_id": "6851347650558692611", "aweme_title": "人类的起点源于无知，何为有知何为无知？#王东岳", "aweme_url": "https://www.iesdouyin.com/share/video/6851347650558692611/?region=CN&mid=6851347757564054286&u_code=0&titleType=title", "download_url": "https://www.chanmama.com/awemeDetail/6851347650558692611", "digg_count": 3646, "digg_incr": 154, "aweme_create_time": 1595203705, "category": 7, "volume": 0, "amount": 0}, "author": {"author_id": "92951486742", "nickname": "混沌星球哲思", "follower_count": 571061}}, {"aweme": {"aweme_id": "6851491662758153475", "aweme_title": "西瓜凤梨缺点就是甜……", "aweme_url": "https://www.iesdouyin.com/share/video/6851491662758153475/?region=CN&mid=6851491716604676872&u_code=0&titleType=title", "download_url": "https://www.chanmama.com/awemeDetail/6851491662758153475", "digg_count": 2574, "digg_incr": 15, "aweme_create_time": 1595237226, "category": 7, "volume": 13, "amount": 507}, "author": {"author_id": "97086169393", "nickname": "阿辉！", "follower_count": 313317}}, {"aweme": {"aweme_id": "6851501842615110925", "aweme_title": "#营养 #减肥 抛开优点和计量就是伪知识@DOU+小助手", "aweme_url": "https://www.iesdouyin.com/share/video/6851501842615110925/?region=CN&mid=6851501937414753037&u_code=0&titleType=title", "download_url": "https://www.chanmama.com/awemeDetail/6851501842615110925", "digg_count": 2689, "digg_incr": 43, "aweme_create_time": 1595239606, "category": 7, "volume": 4, "amount": 252}, "author": {"author_id": "70329619408", "nickname": "斯巴达光Ethan（19：30直播训训练", "follower_count": 223789}}, {"aweme": {"aweme_id": "6851419216533392648", "aweme_title": "大家瞅瞅这一天m出一w斤嘞牛肉，你咋看?评论区给个建议，争取突破两w斤#加油#努力@我要上热门！", "aweme_url": "https://www.iesdouyin.com/share/video/6851419216533392648/?region=CN&mid=6851419218651400974&u_code=1e86e3gfc222&titleType=title", "download_url": "https://www.chanmama.com/awemeDetail/6851419216533392648", "digg_count": 3515, "digg_incr": 17, "aweme_create_time": 1595220351, "category": 7, "volume": 5, "amount": 680}, "author": {"author_id": "84172954201", "nickname": "（牛肉哥）河南小公牛", "follower_count": 17395}}]}