{"data": [{"aweme": {"aweme_id": "6851404305795157260", "aweme_title": "太惊险了，这是有去无回啊！", "aweme_url": "https://www.iesdouyin.com/share/video/6851404305795157260/?region=CN&mid=6843277342475814926&u_code=1e86e3gfc222&titleType=title", "download_url": "https://www.chanmama.com/awemeDetail/6851404305795157260", "digg_count": 189127, "digg_incr": 666, "aweme_create_time": 1595216886, "category": 8, "volume": 1, "amount": 520}, "author": {"author_id": "4503698121929087", "nickname": "小姜爱户外", "follower_count": 140045}}, {"aweme": {"aweme_id": "6851492568635575565", "aweme_title": "洋妈粉丝单挑第一战斗，不用投篮只想怼 #野球帝courtman  @野球帝", "aweme_url": "https://www.iesdouyin.com/share/video/6851492568635575565/?region=CN&mid=6851492699699186446&u_code=0&titleType=title", "download_url": "https://www.chanmama.com/awemeDetail/6851492568635575565", "digg_count": 43629, "digg_incr": 186, "aweme_create_time": 1595237445, "category": 8, "volume": 2, "amount": 318}, "author": {"author_id": "64705054080", "nickname": "风一样的男子🏀郭小洋", "follower_count": 332006}}, {"aweme": {"aweme_id": "6851474977145851136", "aweme_title": "@沙家浜物語晴发了一个抖音短视频，你尽管点开，不好看算我输！", "aweme_url": "https://www.iesdouyin.com/share/video/6851474977145851136/?region=CN&mid=6849569505941768968&u_code=0&titleType=", "download_url": "https://www.chanmama.com/awemeDetail/6851474977145851136", "digg_count": 78463, "digg_incr": 561, "aweme_create_time": 1595233333, "category": 8, "volume": 36, "amount": 2124}, "author": {"author_id": "68841148283", "nickname": "沙家浜物語晴", "follower_count": 959499}}, {"aweme": {"aweme_id": "6851495557031021837", "aweme_title": "#格斗  #女子安全防卫 如何击败比你强壮的对手", "aweme_url": "https://www.iesdouyin.com/share/video/6851495557031021837/?region=CN&mid=6851495666985208583&u_code=0&titleType=title", "download_url": "https://www.chanmama.com/awemeDetail/6851495557031021837", "digg_count": 88994, "digg_incr": 12954, "aweme_create_time": 1595238140, "category": 8, "volume": 17, "amount": 1003}, "author": {"author_id": "1310264745012592", "nickname": "精武讲堂", "follower_count": 355231}}, {"aweme": {"aweme_id": "6851459401413446920", "aweme_title": "不知道有几个年轻人认识曾经四大天王之一黎天王手里这把G3。 #大皮球的装备库", "aweme_url": "https://www.iesdouyin.com/share/video/6851459401413446920/?region=CN&mid=6851459529624800008&u_code=0&titleType=title", "download_url": "https://www.chanmama.com/awemeDetail/6851459401413446920", "digg_count": 30177, "digg_incr": 516, "aweme_create_time": 1595241300, "category": 8, "volume": 0, "amount": 0}, "author": {"author_id": "81848661237", "nickname": "我是大大大皮球", "follower_count": 492327}}, {"aweme": {"aweme_id": "6851466283314171149", "aweme_title": "超弹力 穿到200斤没有任何问题  这个品我是真心想推荐给大家的 之后也会拍一些怎么使用暴汗服快速燃脂#减肥", "aweme_url": "https://www.iesdouyin.com/share/video/6851466283314171149/?region=CN&mid=6851466303279663879&u_code=2b77le14bbib&titleType=title", "download_url": "https://www.chanmama.com/awemeDetail/6851466283314171149", "digg_count": 27248, "digg_incr": 895, "aweme_create_time": 1595231309, "category": 8, "volume": 1288, "amount": 95312}, "author": {"author_id": "84146421046", "nickname": "大春子瘦了100斤", "follower_count": 21591}}, {"aweme": {"aweme_id": "6851499160542137615", "aweme_title": "看似简单的动作细节全在里面啦，希望能帮到你们#野球帝courtman", "aweme_url": "https://www.iesdouyin.com/share/video/6851499160542137615/?region=CN&mid=6851499176283343630&u_code=0&titleType=title", "download_url": "https://www.chanmama.com/awemeDetail/6851499160542137615", "digg_count": 17549, "digg_incr": 308, "aweme_create_time": 1595238963, "category": 8, "volume": 0, "amount": 0}, "author": {"author_id": "55827465684", "nickname": "李峙锦hyperkiller", "follower_count": 356737}}, {"aweme": {"aweme_id": "6851393029375266056", "aweme_title": "其实，我想说，我也是个旱鸭子#老婆掉水里怎么办", "aweme_url": "https://www.iesdouyin.com/share/video/6851393029375266056/?region=CN&mid=6851393050271763214&u_code=1jab858l915l&titleType=title", "download_url": "https://www.chanmama.com/awemeDetail/6851393029375266056", "digg_count": 19158, "digg_incr": 1358, "aweme_create_time": 1595214253, "category": 8, "volume": 0, "amount": 0}, "author": {"author_id": "101213572732", "nickname": "董老三", "follower_count": 116932}}, {"aweme": {"aweme_id": "6851404071316901131", "aweme_title": "@凤华网具厂发了一个抖音短视频，你尽管点开，不好看算我输！", "aweme_url": "https://www.iesdouyin.com/share/video/6851404071316901131/?region=CN&mid=6851404124152400653&u_code=2akd6hh1cdil&titleType=", "download_url": "https://www.chanmama.com/awemeDetail/6851404071316901131", "digg_count": 10883, "digg_incr": 25, "aweme_create_time": 1595216832, "category": 8, "volume": 0, "amount": 0}, "author": {"author_id": "3029887330293692", "nickname": "凤华网具厂", "follower_count": 168493}}, {"aweme": {"aweme_id": "6851410324361497863", "aweme_title": "高度退步了，不过弹速还在", "aweme_url": "https://www.iesdouyin.com/share/video/6851410324361497863/?region=CN&mid=6839641635350235912&u_code=379jm8h3l53m&titleType=title", "download_url": "https://www.chanmama.com/awemeDetail/6851410324361497863", "digg_count": 11555, "digg_incr": 122, "aweme_create_time": 1595218280, "category": 8, "volume": 1, "amount": 34.9}, "author": {"author_id": "83150231873", "nickname": "7号唐日辉呀", "follower_count": 811133}}, {"aweme": {"aweme_id": "6851496038012865805", "aweme_title": "#格斗  #武术 遇到高大对手，不要硬碰硬，要学会利用工具", "aweme_url": "https://www.iesdouyin.com/share/video/6851496038012865805/?region=CN&mid=6851496163137407757&u_code=0&titleType=title", "download_url": "https://www.chanmama.com/awemeDetail/6851496038012865805", "digg_count": 16984, "digg_incr": 1115, "aweme_create_time": 1595238254, "category": 8, "volume": 51, "amount": 3009}, "author": {"author_id": "1310264745012592", "nickname": "精武讲堂", "follower_count": 355231}}, {"aweme": {"aweme_id": "6851228821031554317", "aweme_title": "男性胸部突出，穿衣服更影响美观，该如何改善呢#练胸 @DOU+小助手", "aweme_url": "https://www.iesdouyin.com/share/video/6851228821031554317/?region=CN&mid=6841543803753548552&u_code=2k5ab5a5913d&titleType=title", "download_url": "https://www.chanmama.com/awemeDetail/6851228821031554317", "digg_count": 10235, "digg_incr": 209, "aweme_create_time": 1595176028, "category": 8, "volume": 103, "amount": 3079.7}, "author": {"author_id": "99742330577", "nickname": "阿峰爱健身", "follower_count": 776971}}, {"aweme": {"aweme_id": "6851531308837915917", "aweme_title": "新出的一款裙子叫减龄裙  四五十岁女人穿上美丽洋气#穿搭 @抖音小助手", "aweme_url": "https://www.iesdouyin.com/share/video/6851531308837915917/?region=CN&mid=6825189844520651528&u_code=d3cj78d2g00&titleType=title", "download_url": "https://www.chanmama.com/awemeDetail/6851531308837915917", "digg_count": 8032, "digg_incr": 109, "aweme_create_time": 1595246448, "category": 8, "volume": 89, "amount": 7921}, "author": {"author_id": "96376652312615", "nickname": "方夫人（中年穿搭）", "follower_count": 205312}}, {"aweme": {"aweme_id": "6851478936250043661", "aweme_title": "被你们吐槽最多的，我的【肋骨外翻】~  #专业健身联盟", "aweme_url": "https://www.iesdouyin.com/share/video/6851478936250043661/?region=CN&mid=6851479048871217934&u_code=0&titleType=title", "download_url": "https://www.chanmama.com/awemeDetail/6851478936250043661", "digg_count": 9862, "digg_incr": 243, "aweme_create_time": 1595234275, "category": 8, "volume": 1, "amount": 89}, "author": {"author_id": "3390524896582547", "nickname": "Rosie的瑜伽乐园", "follower_count": 837880}}, {"aweme": {"aweme_id": "6851569664577899776", "aweme_title": "#科比 这才是男孩子最想收到的礼物吧#缅怀科比致敬传奇 #纪念品", "aweme_url": "https://www.iesdouyin.com/share/video/6851569664577899776/?region=CN&mid=6851569676795906823&u_code=0&titleType=title", "download_url": "https://www.chanmama.com/awemeDetail/6851569664577899776", "digg_count": 6756, "digg_incr": 186, "aweme_create_time": 1595255379, "category": 8, "volume": 4, "amount": 272}, "author": {"author_id": "1481787285178206", "nickname": "答案篮球", "follower_count": 550073}}, {"aweme": {"aweme_id": "6851386626497711373", "aweme_title": "站出挺拔身姿，每天15分钟，男女老少皆可练，提升气质，减脂瘦身！#体态纠正", "aweme_url": "https://www.iesdouyin.com/share/video/6851386626497711373/?region=CN&mid=6851386623297473288&u_code=1e86e3gfc222&titleType=title", "download_url": "https://www.chanmama.com/awemeDetail/6851386626497711373", "digg_count": 5282, "digg_incr": 12, "aweme_create_time": 1595212763, "category": 8, "volume": 1, "amount": 23.9}, "author": {"author_id": "111430669733", "nickname": "丹教瘦", "follower_count": 826361}}, {"aweme": {"aweme_id": "6851507081753726216", "aweme_title": "俯卧撑练胸，你需要知道这些！#专业健身联盟 #增肌 #胸肌训练", "aweme_url": "https://www.iesdouyin.com/share/video/6851507081753726216/?region=CN&mid=6837237519214578439&u_code=0&titleType=title", "download_url": "https://www.chanmama.com/awemeDetail/6851507081753726216", "digg_count": 7690, "digg_incr": 460, "aweme_create_time": 1595240808, "category": 8, "volume": 0, "amount": 0}, "author": {"author_id": "67373425447", "nickname": "雷音入象", "follower_count": 435186}}, {"aweme": {"aweme_id": "6851431388231601419", "aweme_title": "减脂不减凶，哑铃#练胸 练紧致上提", "aweme_url": "https://www.iesdouyin.com/share/video/6851431388231601419/?region=CN&mid=6851431435249683213&u_code=19fjbl89kf63&titleType=title", "download_url": "https://www.chanmama.com/awemeDetail/6851431388231601419", "digg_count": 4367, "digg_incr": 28, "aweme_create_time": 1595223193, "category": 8, "volume": 1, "amount": 49}, "author": {"author_id": "760488903327491", "nickname": "北京瑞意汇生网络技术", "follower_count": 124062}}, {"aweme": {"aweme_id": "6851411963323419912", "aweme_title": "女孩要远离那些抹灭你自信 让你变自卑的人 多和正能量爱你的人一起玩 比如说跟我玩", "aweme_url": "https://www.iesdouyin.com/share/video/6851411963323419912/?region=CN&mid=6851412289963199246&u_code=0&titleType=title", "download_url": "https://www.chanmama.com/awemeDetail/6851411963323419912", "digg_count": 4393, "digg_incr": 14, "aweme_create_time": 1595218737, "category": 8, "volume": 3, "amount": 717}, "author": {"author_id": "70266198636", "nickname": "Jelly兔耳朵", "follower_count": 223673}}, {"aweme": {"aweme_id": "6851325193105820928", "aweme_title": "音乐好喜庆，一起扭起来！😛😛😛", "aweme_url": "https://www.iesdouyin.com/share/video/6851325193105820928/?region=CN&mid=6831313678122371853&u_code=0&titleType=title", "download_url": "https://www.chanmama.com/awemeDetail/6851325193105820928", "digg_count": 4781, "digg_incr": 110, "aweme_create_time": 1595198466, "category": 8, "volume": 0, "amount": 0}, "author": {"author_id": "69784450226", "nickname": "冰莲（60后鸡🐔）", "follower_count": 198453}}, {"aweme": {"aweme_id": "6851504451421801728", "aweme_title": "打野打挡拆，遇到会穿会拆的队友很轻松啊！", "aweme_url": "https://www.iesdouyin.com/share/video/6851504451421801728/?region=CN&mid=6851504497429515015&u_code=0&titleType=title", "download_url": "https://www.chanmama.com/awemeDetail/6851504451421801728", "digg_count": 4275, "digg_incr": 30, "aweme_create_time": 1595240204, "category": 8, "volume": 0, "amount": 0}, "author": {"author_id": "69238572649", "nickname": "方良超", "follower_count": 424950}}, {"aweme": {"aweme_id": "6851327450446662927", "aweme_title": "@沙家浜物語晴发了一个抖音短视频，你尽管点开，不好看算我输！", "aweme_url": "https://www.iesdouyin.com/share/video/6851327450446662927/?region=CN&mid=6851327377419553544&u_code=27l4hkd95f9c&titleType=", "download_url": "https://www.chanmama.com/awemeDetail/6851327450446662927", "digg_count": 9981, "digg_incr": 164, "aweme_create_time": 1595198992, "category": 8, "volume": 7, "amount": 343}, "author": {"author_id": "68841148283", "nickname": "沙家浜物語晴", "follower_count": 959499}}, {"aweme": {"aweme_id": "6851365668370025728", "aweme_title": "下课了，放松一下！请原谅还没有顾上拖地！#热门 #热门音乐 #717抖音奇妙好物市集", "aweme_url": "https://www.iesdouyin.com/share/video/6851365668370025728/?region=CN&mid=6851365646161595150&u_code=0&titleType=title", "download_url": "https://www.chanmama.com/awemeDetail/6851365668370025728", "digg_count": 5258, "digg_incr": 198, "aweme_create_time": 1595207884, "category": 8, "volume": 1, "amount": 89}, "author": {"author_id": "68087992757", "nickname": "山妹她爸", "follower_count": 271420}}, {"aweme": {"aweme_id": "6851462590510533895", "aweme_title": "想减肥夏天又太热，其实开空调看电视就能做到，半年前我还很臃肿，想不到吧#腹肌#减肥 #跳绳 @DOU+小助手", "aweme_url": "https://www.iesdouyin.com/share/video/6851462590510533895/?region=CN&mid=6851462609938434830&u_code=1e86e3gfc222&titleType=title", "download_url": "https://www.chanmama.com/awemeDetail/6851462590510533895", "digg_count": 4090, "digg_incr": 207, "aweme_create_time": 1595230450, "category": 8, "volume": 27, "amount": 1077.3}, "author": {"author_id": "1103543681695351", "nickname": "了不起的大脑", "follower_count": 140642}}, {"aweme": {"aweme_id": "6851362449795468557", "aweme_title": "歌曲《梦中的姑娘》百听不厌的一首歌🎶", "aweme_url": "https://www.iesdouyin.com/share/video/6851362449795468557/?region=CN&mid=6830336764797487879&u_code=22958me9ib9j&titleType=title", "download_url": "https://www.chanmama.com/awemeDetail/6851362449795468557", "digg_count": 3787, "digg_incr": 33, "aweme_create_time": 1595207135, "category": 8, "volume": 26, "amount": 754}, "author": {"author_id": "68841148283", "nickname": "沙家浜物語晴", "follower_count": 959499}}, {"aweme": {"aweme_id": "6851310374772280584", "aweme_title": "#717抖音奇妙好物市集 #热门 #热门音乐", "aweme_url": "https://www.iesdouyin.com/share/video/6851310374772280584/?region=CN&mid=6851310248238549773&u_code=0&titleType=title", "download_url": "https://www.chanmama.com/awemeDetail/6851310374772280584", "digg_count": 4836, "digg_incr": 299, "aweme_create_time": 1595195028, "category": 8, "volume": 7, "amount": 413}, "author": {"author_id": "68087992757", "nickname": "山妹她爸", "follower_count": 271420}}, {"aweme": {"aweme_id": "6851431563436100872", "aweme_title": "亲子款来啦。￼终于可以跟女儿一起穿亲子装了。￼#童装#亲子款#365天365穿搭 #热门", "aweme_url": "https://www.iesdouyin.com/share/video/6851431563436100872/?region=CN&mid=6851431569949821709&u_code=27l4hkd95f9c&titleType=title", "download_url": "https://www.chanmama.com/awemeDetail/6851431563436100872", "digg_count": 6356, "digg_incr": 189, "aweme_create_time": 1595223225, "category": 8, "volume": 84, "amount": 5031.599999999999}, "author": {"author_id": "100818907867", "nickname": "星际小熊精品童装", "follower_count": 505202}}, {"aweme": {"aweme_id": "6851396504058400011", "aweme_title": "我的世界，只有你懂…", "aweme_url": "https://www.iesdouyin.com/share/video/6851396504058400011/?region=CN&mid=6844457385457616898&u_code=0&titleType=title", "download_url": "https://www.chanmama.com/awemeDetail/6851396504058400011", "digg_count": 3989, "digg_incr": 177, "aweme_create_time": 1595215070, "category": 8, "volume": 0, "amount": 0}, "author": {"author_id": "60535493242", "nickname": "灿灿", "follower_count": 304502}}, {"aweme": {"aweme_id": "6851497672906427662", "aweme_title": "赵睿肘击程帅鹏 #dou来cba #是时候上场了 #重启本赛季 @路人王篮球", "aweme_url": "https://www.iesdouyin.com/share/video/6851497672906427662/?region=CN&mid=6851497735061883662&u_code=2k5ab5a5913d&titleType=title", "download_url": "https://www.chanmama.com/awemeDetail/6851497672906427662", "digg_count": 3067, "digg_incr": 19, "aweme_create_time": 1595238617, "category": 8, "volume": 0, "amount": 0}, "author": {"author_id": "109051955143", "nickname": "中国篮球梦", "follower_count": 163283}}, {"aweme": {"aweme_id": "6851399418420202760", "aweme_title": "别追公交车了，追我吧。我走的很慢，而且很可爱！@灿灿", "aweme_url": "https://www.iesdouyin.com/share/video/6851399418420202760/?region=CN&mid=6844457385457616898&u_code=294bg9c3e87k&titleType=title", "download_url": "https://www.chanmama.com/awemeDetail/6851399418420202760", "digg_count": 2985, "digg_incr": 16, "aweme_create_time": 1595215741, "category": 8, "volume": 0, "amount": 0}, "author": {"author_id": "69863798454", "nickname": "赛冰冰", "follower_count": 15187}}, {"aweme": {"aweme_id": "6851492168419331335", "aweme_title": "腿爱抽筋，腿部寒凉的家人多做这个锻炼，人老腿先老，要保护好我们的腿#腿 #健康 #上热门", "aweme_url": "https://www.iesdouyin.com/share/video/6851492168419331335/?region=CN&mid=6800657387302292232&u_code=27l4hkd95f9c&titleType=title", "download_url": "https://www.chanmama.com/awemeDetail/6851492168419331335", "digg_count": 3523, "digg_incr": 45, "aweme_create_time": 1595237336, "category": 8, "volume": 0, "amount": 0}, "author": {"author_id": "2101878781907150", "nickname": "维一健身", "follower_count": 146957}}, {"aweme": {"aweme_id": "6851281801592311052", "aweme_title": "今天晚上又要通宵了", "aweme_url": "https://www.iesdouyin.com/share/video/6851281801592311052/?region=CN&mid=6850788334232161031&u_code=0&titleType=title", "download_url": "https://www.chanmama.com/awemeDetail/6851281801592311052", "digg_count": 2908, "digg_incr": 20, "aweme_create_time": 1595188530, "category": 8, "volume": 44, "amount": 2635.6}, "author": {"author_id": "105492943887", "nickname": "依新伊忆", "follower_count": 279925}}, {"aweme": {"aweme_id": "6851401643590831360", "aweme_title": "#尴尬时刻 #搞笑 #沙雕 #真实 谢谢有被冒犯 我替你们说了", "aweme_url": "https://www.iesdouyin.com/share/video/6851401643590831360/?region=CN&mid=6851401649060072199&u_code=379jm8h3l53m&titleType=title", "download_url": "https://www.chanmama.com/awemeDetail/6851401643590831360", "digg_count": 3727, "digg_incr": 52, "aweme_create_time": 1595216259, "category": 8, "volume": 0, "amount": 0}, "author": {"author_id": "3073888198342987", "nickname": "小水水iii", "follower_count": 167261}}, {"aweme": {"aweme_id": "6851490535564184847", "aweme_title": "好物推荐，蛮舒服，去球场的路上再也不怕球鞋底塞满小石子了。#拖鞋 @抖音小助手", "aweme_url": "https://www.iesdouyin.com/share/video/6851490535564184847/?region=CN&mid=6712660619285400332&u_code=1e86e3gfc222&titleType=title", "download_url": "https://www.chanmama.com/awemeDetail/6851490535564184847", "digg_count": 3511, "digg_incr": 82, "aweme_create_time": 1595236956, "category": 8, "volume": 0, "amount": 0}, "author": {"author_id": "65514805206", "nickname": "放松滴🏀阿琪", "follower_count": 806905}}, {"aweme": {"aweme_id": "6851495135453269261", "aweme_title": "“你要相信，世界上总有一个人愿意用最朴素的方式爱你，不是撩你，也不是套路，就是单纯的想对你好，忍不住的对你好”", "aweme_url": "https://www.iesdouyin.com/share/video/6851495135453269261/?region=CN&mid=6747895781254269707&u_code=b0ge2ik4jel&titleType=title", "download_url": "https://www.chanmama.com/awemeDetail/6851495135453269261", "digg_count": 2809, "digg_incr": 8, "aweme_create_time": 1595238027, "category": 8, "volume": 1, "amount": 49}, "author": {"author_id": "70253036418", "nickname": "@美丽的守候7@", "follower_count": 217827}}, {"aweme": {"aweme_id": "6851564569274354952", "aweme_title": "穿女装直播 最对不起的是我的老婆孩子 面对的非议太多 最感恩的也是他们 他们一直在支持我 一个男人成功！", "aweme_url": "https://www.iesdouyin.com/share/video/6851564569274354952/?region=CN&mid=6824441291406101262&u_code=27l4hkd95f9c&titleType=title", "download_url": "https://www.chanmama.com/awemeDetail/6851564569274354952", "digg_count": 2996, "digg_incr": 19, "aweme_create_time": 1595254192, "category": 8, "volume": 32, "amount": 1276.8}, "author": {"author_id": "81556042931", "nickname": "大脸酥服装工厂（七月宠粉月）", "follower_count": 616116}}, {"aweme": {"aweme_id": "6851346504548961544", "aweme_title": "阻力训练，是速度的源泉#定格美好瞬间 #抖音体育", "aweme_url": "https://www.iesdouyin.com/share/video/6851346504548961544/?region=CN&mid=6851346472986807048&u_code=gmaek20dh2c&titleType=title", "download_url": "https://www.chanmama.com/awemeDetail/6851346504548961544", "digg_count": 2937, "digg_incr": 87, "aweme_create_time": 1595203424, "category": 8, "volume": 16, "amount": 416}, "author": {"author_id": "58838659766", "nickname": "许月娥", "follower_count": 13890}}, {"aweme": {"aweme_id": "6851472467190451469", "aweme_title": "北京体育大学@刘毅Ethan_ 超级拉杆，拉杆是北体的必修课吗？@准者篮球小分队🌊 @抖音小助手", "aweme_url": "https://www.iesdouyin.com/share/video/6851472467190451469/?region=CN&mid=6851472482667367175&u_code=294bg9c3e87k&titleType=title", "download_url": "https://www.chanmama.com/awemeDetail/6851472467190451469", "digg_count": 7138, "digg_incr": 1048, "aweme_create_time": 1595232749, "category": 8, "volume": 0, "amount": 0}, "author": {"author_id": "91656185972", "nickname": "准者篮球训练营", "follower_count": 624884}}, {"aweme": {"aweme_id": "6851500283181141263", "aweme_title": "这个裤子真的很舒服~~另外就是，我腿不短，我也不矮🙄🙄", "aweme_url": "https://www.iesdouyin.com/share/video/6851500283181141263/?region=CN&mid=6844450189260950279&u_code=1e86e3gfc222&titleType=title", "download_url": "https://www.chanmama.com/awemeDetail/6851500283181141263", "digg_count": 3130, "digg_incr": 48, "aweme_create_time": 1595239225, "category": 8, "volume": 0, "amount": 0}, "author": {"author_id": "105481925296", "nickname": "小宇宙⭐", "follower_count": 158999}}, {"aweme": {"aweme_id": "6851318983145098510", "aweme_title": "@暗香梅花舞发了一个抖音短视频，你尽管点开，不好看算我输！", "aweme_url": "https://www.iesdouyin.com/share/video/6851318983145098510/?region=CN&mid=6851318865486564110&u_code=379jm8h3l53m&titleType=", "download_url": "https://www.chanmama.com/awemeDetail/6851318983145098510", "digg_count": 2601, "digg_incr": 17, "aweme_create_time": 1595197025, "category": 8, "volume": 0, "amount": 0}, "author": {"author_id": "2510900657131357", "nickname": "暗香梅花舞", "follower_count": 565746}}, {"aweme": {"aweme_id": "6851513185137151245", "aweme_title": "我一向都很宠粉的哈哈哈 看到结尾有惊喜！@准者篮球训练营（福利继续）", "aweme_url": "https://www.iesdouyin.com/share/video/6851513185137151245/?region=CN&mid=6851513192628472583&u_code=0&titleType=title", "download_url": "https://www.chanmama.com/awemeDetail/6851513185137151245", "digg_count": 3003, "digg_incr": 85, "aweme_create_time": 1595242228, "category": 8, "volume": 4, "amount": 176}, "author": {"author_id": "52645869414", "nickname": "张楠说篮球(暑假班咨询)", "follower_count": 362823}}, {"aweme": {"aweme_id": "6851493902222937348", "aweme_title": "潮流又不失高达元素，来battle#宅物 #充能计划 #高达 #开箱测评 #潮流 #潮牌 #好物分享", "aweme_url": "https://www.iesdouyin.com/share/video/6851493902222937348/?region=CN&mid=6851493959538166536&u_code=3aj0322m7cj7&titleType=title", "download_url": "https://www.chanmama.com/awemeDetail/6851493902222937348", "digg_count": 2331, "digg_incr": 7, "aweme_create_time": 1595237747, "category": 8, "volume": 4, "amount": 756}, "author": {"author_id": "100656575354", "nickname": "胶佬大王（高达模型）", "follower_count": 88029}}, {"aweme": {"aweme_id": "6851498718416473356", "aweme_title": "我像个小鸟在等归燕🛫#骑公路的小姐姐 #女神爱单车", "aweme_url": "https://www.iesdouyin.com/share/video/6851498718416473356/?region=CN&mid=6851498765841435399&u_code=27l4hkd95f9c&titleType=title", "download_url": "https://www.chanmama.com/awemeDetail/6851498718416473356", "digg_count": 2460, "digg_incr": 34, "aweme_create_time": 1595238869, "category": 8, "volume": 0, "amount": 0}, "author": {"author_id": "93597585563", "nickname": "Miya小姐姐", "follower_count": 162182}}, {"aweme": {"aweme_id": "6851420813044862223", "aweme_title": "回忆当年红番区#回顾经典", "aweme_url": "https://www.iesdouyin.com/share/video/6851420813044862223/?region=CN&mid=6851420818248321805&u_code=1am3aa602ah1&titleType=title", "download_url": "https://www.chanmama.com/awemeDetail/6851420813044862223", "digg_count": 2325, "digg_incr": 17, "aweme_create_time": 1595220722, "category": 8, "volume": 0, "amount": 0}, "author": {"author_id": "2084268666269159", "nickname": "抖音正能量.", "follower_count": 27354}}, {"aweme": {"aweme_id": "6851349947615366400", "aweme_title": "@二婷衣橱发了一个抖音短视频，你尽管点开，不好看算我输！", "aweme_url": "https://www.iesdouyin.com/share/video/6851349947615366400/?region=CN&mid=6851349937926474504&u_code=0&titleType=", "download_url": "https://www.chanmama.com/awemeDetail/6851349947615366400", "digg_count": 2086, "digg_incr": 30, "aweme_create_time": 1595204225, "category": 8, "volume": 0, "amount": 0}, "author": {"author_id": "61840835092", "nickname": "二婷衣橱", "follower_count": 306364}}, {"aweme": {"aweme_id": "6851467598467517709", "aweme_title": "大爷气人不😡", "aweme_url": "https://www.iesdouyin.com/share/video/6851467598467517709/?region=CN&mid=6851467640968399624&u_code=0&titleType=title", "download_url": "https://www.chanmama.com/awemeDetail/6851467598467517709", "digg_count": 63649, "digg_incr": 10977, "aweme_create_time": 1595231615, "category": 8, "volume": 1, "amount": 19}, "author": {"author_id": "71308227792", "nickname": "卧佛昆仑僧🏀", "follower_count": 296910}}, {"aweme": {"aweme_id": "6851525847623453966", "aweme_title": "新出的一款裙子叫减龄裙  四五十岁的女人穿上美丽洋气！#穿搭 @抖音小助手", "aweme_url": "https://www.iesdouyin.com/share/video/6851525847623453966/?region=CN&mid=6825189844520651528&u_code=27l4hke24855&titleType=title", "download_url": "https://www.chanmama.com/awemeDetail/6851525847623453966", "digg_count": 1903, "digg_incr": "-", "aweme_create_time": 1595245176, "category": 8, "volume": 27, "amount": 2403}, "author": {"author_id": "96376652312615", "nickname": "方夫人（中年穿搭）", "follower_count": 205312}}, {"aweme": {"aweme_id": "6851381753186225416", "aweme_title": "真的是令人期待而又完美的一天nice@天极街球头盔哥", "aweme_url": "https://www.iesdouyin.com/share/video/6851381753186225416/?region=CN&mid=6851381810589715208&u_code=0&titleType=title", "download_url": "https://www.chanmama.com/awemeDetail/6851381753186225416", "digg_count": 2655, "digg_incr": 241, "aweme_create_time": 1595211628, "category": 8, "volume": 0, "amount": 0}, "author": {"author_id": "101515286193", "nickname": "街球小酷翔", "follower_count": 194942}}, {"aweme": {"aweme_id": "6851501228401216782", "aweme_title": "腹肌轮你在做对了吗？#腹肌 #马甲线", "aweme_url": "https://www.iesdouyin.com/share/video/6851501228401216782/?region=CN&mid=6837390535901088525&u_code=0&titleType=title", "download_url": "https://www.chanmama.com/awemeDetail/6851501228401216782", "digg_count": 9576, "digg_incr": 1107, "aweme_create_time": 1595239445, "category": 8, "volume": 0, "amount": 0}, "author": {"author_id": "97891203542", "nickname": "健身刘教练", "follower_count": 206617}}, {"aweme": {"aweme_id": "6851395172383706379", "aweme_title": "长时间书写者的福音！！我要早知道这个手指上的茧子也不会越磨越大了！", "aweme_url": "https://www.iesdouyin.com/share/video/6851395172383706379/?region=CN&mid=6833506548744997645&u_code=e9jhj663i97&titleType=title", "download_url": "https://www.chanmama.com/awemeDetail/6851395172383706379", "digg_count": 2678, "digg_incr": 4, "aweme_create_time": 1595214760, "category": 8, "volume": 0, "amount": 0}, "author": {"author_id": "989195192763831", "nickname": "就是CC呀", "follower_count": 15461}}, {"aweme": {"aweme_id": "6851416222139993352", "aweme_title": "我知道46岁已经是老阿姨了，请看我的背影，再过10年也许依旧，让我们一起见证吧！#正能量 #跑步", "aweme_url": "https://www.iesdouyin.com/share/video/6851416222139993352/?region=CN&mid=6851416228314041096&u_code=1kgi6h6afg08&titleType=title", "download_url": "https://www.chanmama.com/awemeDetail/6851416222139993352", "digg_count": 1865, "digg_incr": 8, "aweme_create_time": 1595219653, "category": 8, "volume": 0, "amount": 0}, "author": {"author_id": "83092807301", "nickname": "路路运动装备", "follower_count": 53169}}, {"aweme": {"aweme_id": "6851563272202669324", "aweme_title": "用不完的火柴，不锈钢材质，精美礼盒包装#送老公的礼物 #好物推荐 #热门走一走 #抖音小助手", "aweme_url": "https://www.iesdouyin.com/share/video/6851563272202669324/?region=CN&mid=6609624307763333902&u_code=1gb2j865e0l1&titleType=title", "download_url": "https://www.chanmama.com/awemeDetail/6851563272202669324", "digg_count": 1659, "digg_incr": "-", "aweme_create_time": 1595253894, "category": 8, "volume": 51, "amount": 2034.8999999999999}, "author": {"author_id": "108383132423", "nickname": "火机小妮子", "follower_count": 6987}}, {"aweme": {"aweme_id": "6851408045797281031", "aweme_title": "@木子发了一个抖音短视频，你尽管点开，不好看算我输！", "aweme_url": "https://www.iesdouyin.com/share/video/6851408045797281031/?region=CN&mid=6834618491836893966&u_code=0&titleType=", "download_url": "https://www.chanmama.com/awemeDetail/6851408045797281031", "digg_count": 1748, "digg_incr": 24, "aweme_create_time": 1595217749, "category": 8, "volume": 0, "amount": 0}, "author": {"author_id": "104165307187", "nickname": "木子", "follower_count": 285108}}, {"aweme": {"aweme_id": "6851339663249067264", "aweme_title": "#所有朋友们的支持和鼓励 #感谢官方感谢热门 @抖音小助手", "aweme_url": "https://www.iesdouyin.com/share/video/6851339663249067264/?region=CN&mid=6794461096368556811&u_code=2g9cfffeefe2&titleType=title", "download_url": "https://www.chanmama.com/awemeDetail/6851339663249067264", "digg_count": 4970, "digg_incr": 134, "aweme_create_time": 1595201831, "category": 8, "volume": 1, "amount": 99}, "author": {"author_id": "2629650741998301", "nickname": "戈壁老孟", "follower_count": 95412}}, {"aweme": {"aweme_id": "6851497404336721160", "aweme_title": "坚强，不是面对悲伤不流一滴泪，而是擦干眼泪后微笑着面对以后的生活，自强，自立，自信的我，有木有给我点赞😄", "aweme_url": "https://www.iesdouyin.com/share/video/6851497404336721160/?region=CN&mid=6851497433793350414&u_code=0&titleType=title", "download_url": "https://www.chanmama.com/awemeDetail/6851497404336721160", "digg_count": 2064, "digg_incr": 45, "aweme_create_time": 1595238554, "category": 8, "volume": 6, "amount": 119.39999999999999}, "author": {"author_id": "3795125821513755", "nickname": "无臂杨莉", "follower_count": 397331}}, {"aweme": {"aweme_id": "6851504246102166795", "aweme_title": "微笑男神萨迪克教你练腿，能完成第一个就很棒了#练腿 #健身教学 #精神氮泵", "aweme_url": "https://www.iesdouyin.com/share/video/6851504246102166795/?region=CN&mid=6772234874674759682&u_code=0&titleType=title", "download_url": "https://www.chanmama.com/awemeDetail/6851504246102166795", "digg_count": 2260, "digg_incr": 45, "aweme_create_time": 1595240154, "category": 8, "volume": 2, "amount": 118}, "author": {"author_id": "3584002906666860", "nickname": "氮泵健身", "follower_count": 308924}}, {"aweme": {"aweme_id": "6851449096755006720", "aweme_title": "和女朋友一样高的好处就是衣服可以一起穿哈哈#是时候上场了 #篮球 @路人王篮球", "aweme_url": "https://www.iesdouyin.com/share/video/6851449096755006720/?region=CN&mid=6851449115478674189&u_code=0&titleType=title", "download_url": "https://www.chanmama.com/awemeDetail/6851449096755006720", "digg_count": 1804, "digg_incr": 63, "aweme_create_time": 1595227308, "category": 8, "volume": 0, "amount": 0}, "author": {"author_id": "60637064984", "nickname": "baller丶陈文钦🏀", "follower_count": 433581}}, {"aweme": {"aweme_id": "6851413735437765888", "aweme_title": "在想要不要白一点？#肌肉男神 #猛男舞", "aweme_url": "https://www.iesdouyin.com/share/video/6851413735437765888/?region=CN&mid=6846366341104962312&u_code=294bg9c3e87k&titleType=title", "download_url": "https://www.chanmama.com/awemeDetail/6851413735437765888", "digg_count": 2017, "digg_incr": 55, "aweme_create_time": 1595219074, "category": 8, "volume": 0, "amount": 0}, "author": {"author_id": "62430786432", "nickname": "王的的", "follower_count": 104482}}, {"aweme": {"aweme_id": "6851506573827706127", "aweme_title": "一味max博弈20+大物是什么感受，本事哥来告诉你@李大本事钓鱼", "aweme_url": "https://www.iesdouyin.com/share/video/6851506573827706127/?region=CN&mid=6851506674852006664&u_code=0&titleType=title", "download_url": "https://www.chanmama.com/awemeDetail/6851506573827706127", "digg_count": 1913, "digg_incr": 51, "aweme_create_time": 1595240689, "category": 8, "volume": 26, "amount": 1040}, "author": {"author_id": "69382154764", "nickname": "一味钓鱼说", "follower_count": 193656}}, {"aweme": {"aweme_id": "6851352578672872715", "aweme_title": "耐心和持久胜过激烈和狂热#坚持#自律#", "aweme_url": "https://www.iesdouyin.com/share/video/6851352578672872715/?region=CN&mid=6848437109410319117&u_code=0&titleType=title", "download_url": "https://www.chanmama.com/awemeDetail/6851352578672872715", "digg_count": 2116, "digg_incr": 76, "aweme_create_time": 1595204850, "category": 8, "volume": 4, "amount": 56}, "author": {"author_id": "98642453261", "nickname": "Cai熙", "follower_count": 282572}}, {"aweme": {"aweme_id": "6851509915052166414", "aweme_title": "我们是来自农村的小夫妻，没有文华，头脑不够聪明，有时候会感觉很迷茫，但是我们依然要积极努力的生活加油💪", "aweme_url": "https://www.iesdouyin.com/share/video/6851509915052166414/?region=CN&mid=6831778680197351432&u_code=27l4hkd95f9c&titleType=title", "download_url": "https://www.chanmama.com/awemeDetail/6851509915052166414", "digg_count": 1782, "digg_incr": 27, "aweme_create_time": 1595241467, "category": 8, "volume": 0, "amount": 0}, "author": {"author_id": "206314823749159", "nickname": "萍儿是全家的希望", "follower_count": 135258}}, {"aweme": {"aweme_id": "6851512562052254984", "aweme_title": "《妹妹你等着我》#广场舞 ，简单易学", "aweme_url": "https://www.iesdouyin.com/share/video/6851512562052254984/?region=CN&mid=6845749847149038344&u_code=d3cj78d2g00&titleType=title", "download_url": "https://www.chanmama.com/awemeDetail/6851512562052254984", "digg_count": 1634, "digg_incr": 21, "aweme_create_time": 1595242083, "category": 8, "volume": 0, "amount": 0}, "author": {"author_id": "83926582025", "nickname": "林妹妹❤️跳舞", "follower_count": 666437}}, {"aweme": {"aweme_id": "6851340761120787716", "aweme_title": "无论社会如何复杂，坚持做自己就好！#晨跑六公里打卡 #自律#跑步", "aweme_url": "https://www.iesdouyin.com/share/video/6851340761120787716/?region=CN&mid=6840012118331329287&u_code=1am3aa602ah1&titleType=title", "download_url": "https://www.chanmama.com/awemeDetail/6851340761120787716", "digg_count": 2020, "digg_incr": 126, "aweme_create_time": 1595202104, "category": 8, "volume": 2, "amount": 358}, "author": {"author_id": "71369914105", "nickname": "王家小姐姐", "follower_count": 41228}}, {"aweme": {"aweme_id": "6851330316976540931", "aweme_title": "女人的风情万种，一半来自阅历，一半来自打扮，与其仰望时尚，不如穿在身上，精致来自于你对生活的态度！直播中……", "aweme_url": "https://www.iesdouyin.com/share/video/6851330316976540931/?region=CN&mid=6851330329354029837&u_code=1am3aa602ah1&titleType=title", "download_url": "https://www.chanmama.com/awemeDetail/6851330316976540931", "digg_count": 3637, "digg_incr": 108, "aweme_create_time": 1595199676, "category": 8, "volume": 31, "amount": 3379}, "author": {"author_id": "4054637772803917", "nickname": "义乌市庆萱贸易商行", "follower_count": 8303}}, {"aweme": {"aweme_id": "6851394300056587534", "aweme_title": "@垂纶钓具『粉丝破万』发了一个抖音短视频，你尽管点开，不好看算我输！", "aweme_url": "https://www.iesdouyin.com/share/video/6851394300056587534/?region=CN&mid=6851394743627025166&u_code=379jm8h3l53m&titleType=", "download_url": "https://www.chanmama.com/awemeDetail/6851394300056587534", "digg_count": 10054, "digg_incr": 1730, "aweme_create_time": 1595214569, "category": 8, "volume": 0, "amount": 0}, "author": {"author_id": "4314108979588212", "nickname": "垂纶钓具『粉丝破万』", "follower_count": 14116}}, {"aweme": {"aweme_id": "6851375846930910477", "aweme_title": "什么都不说了。捡杆子去吧 #钓鱼  #热门  @DOU+小助手  @抖音小助手", "aweme_url": "https://www.iesdouyin.com/share/video/6851375846930910477/?region=CN&mid=6851375948114217735&u_code=0&titleType=title", "download_url": "https://www.chanmama.com/awemeDetail/6851375846930910477", "digg_count": 1309, "digg_incr": 1, "aweme_create_time": 1595210276, "category": 8, "volume": 19, "amount": 627}, "author": {"author_id": "76546579160", "nickname": "本言钓鱼钓具店", "follower_count": 177337}}, {"aweme": {"aweme_id": "6851408027682163968", "aweme_title": "89年32岁，浙江温州人，经营男装店，喜欢交朋友，不抽烟不喝酒，不嫌弃认识一下，右下角➡️第一排第四个可以找我", "aweme_url": "https://www.iesdouyin.com/share/video/6851408027682163968/?region=CN&mid=6810620592413281035&u_code=9h9fdl8jha1&titleType=title", "download_url": "https://www.chanmama.com/awemeDetail/6851408027682163968", "digg_count": 2295, "digg_incr": 62, "aweme_create_time": 1595217745, "category": 8, "volume": 0, "amount": 0}, "author": {"author_id": "2378991298684196", "nickname": "天颜美服装店", "follower_count": 254673}}, {"aweme": {"aweme_id": "6851325053527772416", "aweme_title": "跑完6公里感觉一点都不累、来吧展示、爬一爬舒展一下筋骨、我爬的够帅吗？#飞比特隐形腰包 @抖音小助手", "aweme_url": "https://www.iesdouyin.com/share/video/6851325053527772416/?region=CN&mid=6851324987018726157&u_code=1e86e3gfc222&titleType=title", "download_url": "https://www.chanmama.com/awemeDetail/6851325053527772416", "digg_count": 2153, "digg_incr": 18, "aweme_create_time": 1595198434, "category": 8, "volume": 2, "amount": 358}, "author": {"author_id": "103875028386", "nickname": "逆龄小姐姐", "follower_count": 38947}}, {"aweme": {"aweme_id": "6851340359293848844", "aweme_title": "拒绝了一辆宝马，拒收了两个520，只因我是有老公的人，不想有任何故事可言！", "aweme_url": "https://www.iesdouyin.com/share/video/6851340359293848844/?region=CN&mid=6823584427092740110&u_code=3m6gch9b0c98&titleType=title", "download_url": "https://www.chanmama.com/awemeDetail/6851340359293848844", "digg_count": 1606, "digg_incr": 44, "aweme_create_time": 1595202011, "category": 8, "volume": 0, "amount": 0}, "author": {"author_id": "63209766963", "nickname": "琪小范", "follower_count": 18032}}, {"aweme": {"aweme_id": "6851308789791051008", "aweme_title": "早上好！美好的一天开始了！起床了吗？#热门音乐 #热门 #717抖音奇妙好物市集", "aweme_url": "https://www.iesdouyin.com/share/video/6851308789791051008/?region=CN&mid=6847793329204136712&u_code=0&titleType=title", "download_url": "https://www.chanmama.com/awemeDetail/6851308789791051008", "digg_count": 1538, "digg_incr": "-", "aweme_create_time": 1595194661, "category": 8, "volume": 0, "amount": 0}, "author": {"author_id": "4019435223134067", "nickname": "阳城县山妹舞蹈俱乐部", "follower_count": 196182}}, {"aweme": {"aweme_id": "6851330081646808332", "aweme_title": "早起饭后原地走一走，每天十分钟，胜过跑步两小时。#健身运动 #减肥", "aweme_url": "https://www.iesdouyin.com/share/video/6851330081646808332/?region=CN&mid=6806347851887627020&u_code=1fj9f270dcd&titleType=title", "download_url": "https://www.chanmama.com/awemeDetail/6851330081646808332", "digg_count": 1552, "digg_incr": 41, "aweme_create_time": 1595199622, "category": 8, "volume": 0, "amount": 0}, "author": {"author_id": "102869335633", "nickname": "双妹", "follower_count": 858233}}, {"aweme": {"aweme_id": "6851441386982477069", "aweme_title": "大哥词穷 大哥没文化 但是大哥爱你😊#圆气动感单车", "aweme_url": "https://www.iesdouyin.com/share/video/6851441386982477069/?region=CN&mid=6849307605765393165&u_code=0&titleType=title", "download_url": "https://www.chanmama.com/awemeDetail/6851441386982477069", "digg_count": 1515, "digg_incr": 35, "aweme_create_time": 1595225512, "category": 8, "volume": 0, "amount": 0}, "author": {"author_id": "66041117014", "nickname": "兔酱", "follower_count": 313682}}, {"aweme": {"aweme_id": "6851473189353295119", "aweme_title": "用推进器追鱼，属于降维打击", "aweme_url": "https://www.iesdouyin.com/share/video/6851473189353295119/?region=CN&mid=6851473214414146317&u_code=mba0i1gklbj&titleType=title", "download_url": "https://www.chanmama.com/awemeDetail/6851473189353295119", "digg_count": 2150, "digg_incr": 54, "aweme_create_time": 1595232917, "category": 8, "volume": 0, "amount": 0}, "author": {"author_id": "96454341077", "nickname": "三亚赏金猎人🏝️海岛生活", "follower_count": 137657}}, {"aweme": {"aweme_id": "6851409092553051406", "aweme_title": "一定要搭配减震的亚瑟士足球鞋😋#遇见足球 #footballtime #足球小知识 #腿部力量训练", "aweme_url": "https://www.iesdouyin.com/share/video/6851409092553051406/?region=CN&mid=6851409104670722824&u_code=27l4hkd95f9c&titleType=title", "download_url": "https://www.chanmama.com/awemeDetail/6851409092553051406", "digg_count": 1490, "digg_incr": 72, "aweme_create_time": 1595217993, "category": 8, "volume": 0, "amount": 0}, "author": {"author_id": "104560797867", "nickname": "Footballtime足球", "follower_count": 174181}}, {"aweme": {"aweme_id": "6851484320192826638", "aweme_title": "很多隐藏的细节贯穿其中，很是调皮 #野球帝courtman @野球帝", "aweme_url": "https://www.iesdouyin.com/share/video/6851484320192826638/?region=CN&mid=6851484636699314952&u_code=gcg00ice348&titleType=title", "download_url": "https://www.chanmama.com/awemeDetail/6851484320192826638", "digg_count": 4157, "digg_incr": 19, "aweme_create_time": 1595235574, "category": 8, "volume": 1, "amount": 137}, "author": {"author_id": "78284177340", "nickname": "胖哥球鞋故事", "follower_count": 60668}}, {"aweme": {"aweme_id": "6851517009335766285", "aweme_title": "32步《最炫民族风》@抖音小助手 @DOU+小助手", "aweme_url": "https://www.iesdouyin.com/share/video/6851517009335766285/?region=CN&mid=6567164864962398979&u_code=0&titleType=title", "download_url": "https://www.chanmama.com/awemeDetail/6851517009335766285", "digg_count": 1409, "digg_incr": 15, "aweme_create_time": 1595243119, "category": 8, "volume": 0, "amount": 0}, "author": {"author_id": "62319652366", "nickname": "轩～", "follower_count": 311295}}, {"aweme": {"aweme_id": "6851537256457571587", "aweme_title": "@广州露美希👑今晚直播新款发了一个抖音短视频，你尽管点开，不好看算我输！", "aweme_url": "https://www.iesdouyin.com/share/video/6851537256457571587/?region=CN&mid=6851537294101433096&u_code=0&titleType=", "download_url": "https://www.chanmama.com/awemeDetail/6851537256457571587", "digg_count": 1246, "digg_incr": 13, "aweme_create_time": 1595247838, "category": 8, "volume": 0, "amount": 0}, "author": {"author_id": "3003490548333980", "nickname": "广州露美希👑今晚直播新款", "follower_count": 387752}}, {"aweme": {"aweme_id": "6851543607359311118", "aweme_title": "有点当年MIXTAPE 内个意思了吗？", "aweme_url": "https://www.iesdouyin.com/share/video/6851543607359311118/?region=CN&mid=6828375854658210573&u_code=0&titleType=title", "download_url": "https://www.chanmama.com/awemeDetail/6851543607359311118", "digg_count": 1395, "digg_incr": 30, "aweme_create_time": 1595249311, "category": 8, "volume": 1, "amount": 149}, "author": {"author_id": "81846956884", "nickname": "吴悠morefree", "follower_count": 742422}}, {"aweme": {"aweme_id": "6851379220560563470", "aweme_title": "这是通往哪里的早班车？（｡ò ∀ ó｡）……#跑步 男人的 #充能计划 唯有美食", "aweme_url": "https://www.iesdouyin.com/share/video/6851379220560563470/?region=CN&mid=6850882543168883464&u_code=2g9cfffeefe2&titleType=title", "download_url": "https://www.chanmama.com/awemeDetail/6851379220560563470", "digg_count": 1195, "digg_incr": 3, "aweme_create_time": 1595211038, "category": 8, "volume": 0, "amount": 0}, "author": {"author_id": "70886786819", "nickname": "爱运动的张波【汗水英雄联盟】", "follower_count": 107941}}, {"aweme": {"aweme_id": "6851390692107799822", "aweme_title": "一切都那么美好#海滩美女", "aweme_url": "https://www.iesdouyin.com/share/video/6851390692107799822/?region=CN&mid=6723044773327800322&u_code=1ei15mmlk3fa&titleType=title", "download_url": "https://www.chanmama.com/awemeDetail/6851390692107799822", "digg_count": 1733, "digg_incr": 91, "aweme_create_time": 1595213709, "category": 8, "volume": 0, "amount": 0}, "author": {"author_id": "1679649491398076", "nickname": "爱(⑉°з°)-♡", "follower_count": 160586}}, {"aweme": {"aweme_id": "6851359536440216847", "aweme_title": "小东西可以起到大作用😄的确不错", "aweme_url": "https://www.iesdouyin.com/share/video/6851359536440216847/?region=CN&mid=6851359506719345421&u_code=0&titleType=title", "download_url": "https://www.chanmama.com/awemeDetail/6851359536440216847", "digg_count": 1098, "digg_incr": 0, "aweme_create_time": 1595206456, "category": 8, "volume": 6, "amount": 10.8}, "author": {"author_id": "72468766469", "nickname": "摆摊爱钓鱼", "follower_count": 324193}}, {"aweme": {"aweme_id": "6851325651467799816", "aweme_title": "🥰我们是一群快乐的黄鹂丫！@一路芬芳 @歪多多 @开心每一天 @椰子~山西永济心悦舞队 @永济心悦❤️茶香", "aweme_url": "https://www.iesdouyin.com/share/video/6851325651467799816/?region=CN&mid=6833333388301503239&u_code=0&titleType=title", "download_url": "https://www.chanmama.com/awemeDetail/6851325651467799816", "digg_count": 1158, "digg_incr": 22, "aweme_create_time": 1595198575, "category": 8, "volume": 0, "amount": 0}, "author": {"author_id": "65309834403", "nickname": "山西永济心悦（本尊）", "follower_count": 551432}}, {"aweme": {"aweme_id": "6851339634643881230", "aweme_title": "吉米来吧32步扭转，早安🌹宝宝们，喜欢的一起来扭转吧", "aweme_url": "https://www.iesdouyin.com/share/video/6851339634643881230/?region=CN&mid=6839180556144511757&u_code=2g9cfffeefe2&titleType=title", "download_url": "https://www.chanmama.com/awemeDetail/6851339634643881230", "digg_count": 1159, "digg_incr": 15, "aweme_create_time": 1595201826, "category": 8, "volume": 0, "amount": 0}, "author": {"author_id": "83926582025", "nickname": "林妹妹❤️跳舞", "follower_count": 666437}}, {"aweme": {"aweme_id": "6851517846220983567", "aweme_title": "慢动作，回味无穷#水兵舞 #果果不不 #广场舞", "aweme_url": "https://www.iesdouyin.com/share/video/6851517846220983567/?region=CN&mid=6851517868317526792&u_code=379jm8h3l53m&titleType=title", "download_url": "https://www.chanmama.com/awemeDetail/6851517846220983567", "digg_count": 1655, "digg_incr": "-", "aweme_create_time": 1595243313, "category": 8, "volume": 0, "amount": 0}, "author": {"author_id": "110274110663", "nickname": "糖豆水兵舞", "follower_count": 9890}}, {"aweme": {"aweme_id": "6851397950829022477", "aweme_title": "新来的销售经理据说卖鞋十几年了，本想给同事们上一课，结果尴尬了，下一位在哪里？#足球鞋 @球星崔神", "aweme_url": "https://www.iesdouyin.com/share/video/6851397950829022477/?region=CN&mid=6851397969862822669&u_code=19fjbl89kf63&titleType=title", "download_url": "https://www.chanmama.com/awemeDetail/6851397950829022477", "digg_count": 1545, "digg_incr": 20, "aweme_create_time": 1595215399, "category": 8, "volume": 1, "amount": 289}, "author": {"author_id": "106795543966", "nickname": "麒天小胜足球", "follower_count": 19101}}, {"aweme": {"aweme_id": "6851396747432889607", "aweme_title": "跑步中腿抬不足，蹬伸无力，坚持做这个动作，每周2/3次，每次4/5组，每组30/35次！", "aweme_url": "https://www.iesdouyin.com/share/video/6851396747432889607/?region=CN&mid=6851396749811010317&u_code=2g9cfffeefe2&titleType=title", "download_url": "https://www.chanmama.com/awemeDetail/6851396747432889607", "digg_count": 2424, "digg_incr": 173, "aweme_create_time": 1595215119, "category": 8, "volume": 22, "amount": 330}, "author": {"author_id": "97279140265", "nickname": "爱言体育", "follower_count": 75049}}, {"aweme": {"aweme_id": "6851515075648294144", "aweme_title": "#热门#爱生活爱美丽爱你们 #女装新品日", "aweme_url": "https://www.iesdouyin.com/share/video/6851515075648294144/?region=CN&mid=6851515092421462792&u_code=0&titleType=title", "download_url": "https://www.chanmama.com/awemeDetail/6851515075648294144", "digg_count": 1291, "digg_incr": 49, "aweme_create_time": 1595242669, "category": 8, "volume": 0, "amount": 0}, "author": {"author_id": "67951708666", "nickname": "领悟@", "follower_count": 387872}}, {"aweme": {"aweme_id": "6851509515435773199", "aweme_title": "很多人已经把毛巾丢了！用上了这个压缩毛巾了#居家好物 #717奇妙好物在这里", "aweme_url": "https://www.iesdouyin.com/share/video/6851509515435773199/?region=CN&mid=6851509523870780173&u_code=d3cj78d2g00&titleType=title", "download_url": "https://www.chanmama.com/awemeDetail/6851509515435773199", "digg_count": 1421, "digg_incr": "-", "aweme_create_time": 1595241374, "category": 8, "volume": 17, "amount": 442}, "author": {"author_id": "2488886064321520", "nickname": "类康综合商店", "follower_count": 316279}}, {"aweme": {"aweme_id": "6851508698909510927", "aweme_title": "运动➕蹦迪？健身也可以很有乐趣！#健身", "aweme_url": "https://www.iesdouyin.com/share/video/6851508698909510927/?region=CN&mid=6851508713850129166&u_code=0&titleType=title", "download_url": "https://www.chanmama.com/awemeDetail/6851508698909510927", "digg_count": 1006, "digg_incr": 0, "aweme_create_time": 1595241184, "category": 8, "volume": 0, "amount": 0}, "author": {"author_id": "72621682025", "nickname": "小青椒", "follower_count": 226248}}, {"aweme": {"aweme_id": "6851474099277958414", "aweme_title": "@抖音小助手 @Amber Yoga 前臂慢起➕哈努曼教学#amberyoga #瑜伽前臂倒立 #瑜伽", "aweme_url": "https://www.iesdouyin.com/share/video/6851474099277958414/?region=CN&mid=6851474112427445000&u_code=i5hd8ml6f59&titleType=title", "download_url": "https://www.chanmama.com/awemeDetail/6851474099277958414", "digg_count": 1723, "digg_incr": 37, "aweme_create_time": 1595233129, "category": 8, "volume": 0, "amount": 0}, "author": {"author_id": "1028767168073806", "nickname": "AmberYoga-Lora", "follower_count": 68939}}, {"aweme": {"aweme_id": "6851392016736128263", "aweme_title": "防止胸部下垂，增强腹部力量", "aweme_url": "https://www.iesdouyin.com/share/video/6851392016736128263/?region=CN&mid=6779514859827496967&u_code=1kgi6h6afg08&titleType=title", "download_url": "https://www.chanmama.com/awemeDetail/6851392016736128263", "digg_count": 1215, "digg_incr": 3, "aweme_create_time": 1595214034, "category": 8, "volume": 0, "amount": 0}, "author": {"author_id": "4503675462065031", "nickname": "佳佳爱运动", "follower_count": 297647}}, {"aweme": {"aweme_id": "6851398653320449280", "aweme_title": "#羽毛球 最后一拍勾的绝了，李龙大太帅了👍。", "aweme_url": "https://www.iesdouyin.com/share/video/6851398653320449280/?region=CN&mid=6851398668637965064&u_code=27l4hkd95f9c&titleType=title", "download_url": "https://www.chanmama.com/awemeDetail/6851398653320449280", "digg_count": 1256, "digg_incr": 37, "aweme_create_time": 1595215562, "category": 8, "volume": 1, "amount": 108}, "author": {"author_id": "162377210530382", "nickname": "羽毛球爱好者", "follower_count": 134185}}, {"aweme": {"aweme_id": "6851497004695063811", "aweme_title": "小姨子又钓到大鱼了！真不错👍", "aweme_url": "https://www.iesdouyin.com/share/video/6851497004695063811/?region=CN&mid=6851497064583269134&u_code=0&titleType=title", "download_url": "https://www.chanmama.com/awemeDetail/6851497004695063811", "digg_count": 1339, "digg_incr": 19, "aweme_create_time": 1595238470, "category": 8, "volume": 0, "amount": 0}, "author": {"author_id": "99311344429", "nickname": "独爱钓鱼", "follower_count": 970918}}, {"aweme": {"aweme_id": "6851339302530452744", "aweme_title": "#平板支撑 你能撑多久？#核心力量 #健身#减肥@抖音小助手", "aweme_url": "https://www.iesdouyin.com/share/video/6851339302530452744/?region=CN&mid=6799865702137203459&u_code=81825fkk2jk&titleType=title", "download_url": "https://www.chanmama.com/awemeDetail/6851339302530452744", "digg_count": 1298, "digg_incr": "-", "aweme_create_time": 1595201748, "category": 8, "volume": 0, "amount": 0}, "author": {"author_id": "96484773679", "nickname": "&沿途有你", "follower_count": 301590}}, {"aweme": {"aweme_id": "6851333594154077451", "aweme_title": "半夜2点半睡 6点半醒 早上7点半开始直播 每天连续直播15个小时以上，还有体力去跑步😳我都佩服我自己🙈", "aweme_url": "https://www.iesdouyin.com/share/video/6851333594154077451/?region=CN&mid=6839661119528078088&u_code=0&titleType=title", "download_url": "https://www.chanmama.com/awemeDetail/6851333594154077451", "digg_count": 1074, "digg_incr": 5, "aweme_create_time": 1595200438, "category": 8, "volume": 2, "amount": 118}, "author": {"author_id": "93106991771", "nickname": "辫子奕", "follower_count": 180405}}, {"aweme": {"aweme_id": "6851458586284002574", "aweme_title": "一家只做单身分层嫁接睫毛的店每天服务20个顾客就下班#美睫培训", "aweme_url": "https://www.iesdouyin.com/share/video/6851458586284002574/?region=CN&mid=6851458627052571406&u_code=0&titleType=title", "download_url": "https://www.chanmama.com/awemeDetail/6851458586284002574", "digg_count": 2197, "digg_incr": 39, "aweme_create_time": 1595229517, "category": 8, "volume": 14, "amount": 1120}, "author": {"author_id": "72259905564", "nickname": "睫鹿美睫", "follower_count": 211363}}, {"aweme": {"aweme_id": "6851392604077116687", "aweme_title": "鬼有什么可怕的，我带你去看看人心，身边处处是戏子，人人一张百变脸，今天你和别人掏心掏肺，明天一定撕心裂肺。￼", "aweme_url": "https://www.iesdouyin.com/share/video/6851392604077116687/?region=CN&mid=6847483390187424525&u_code=0&titleType=title", "download_url": "https://www.chanmama.com/awemeDetail/6851392604077116687", "digg_count": 1196, "digg_incr": 9, "aweme_create_time": 1595214154, "category": 8, "volume": 4, "amount": 396}, "author": {"author_id": "80714904397", "nickname": "韩衣舍服装（下午1点直播）", "follower_count": 574865}}, {"aweme": {"aweme_id": "6851345171251072270", "aweme_title": "晨跑打卡10公里，配速6“36跑了1小时6分钟，心率125 步频182步幅85，避免受伤就跟我一样小碎步慢跑哦", "aweme_url": "https://www.iesdouyin.com/share/video/6851345171251072270/?region=CN&mid=6823745381680023565&u_code=1am3aa602ah1&titleType=title", "download_url": "https://www.chanmama.com/awemeDetail/6851345171251072270", "digg_count": 1635, "digg_incr": 2, "aweme_create_time": 1595203114, "category": 8, "volume": 12, "amount": 708}, "author": {"author_id": "63903446653", "nickname": "大宝儿", "follower_count": 31205}}, {"aweme": {"aweme_id": "6851407947860430095", "aweme_title": "#怕老婆 #夫妻 有了这个压缩毛巾出门住酒店带着也很方便！", "aweme_url": "https://www.iesdouyin.com/share/video/6851407947860430095/?region=CN&mid=6851407970610187021&u_code=1am3aa602ah1&titleType=title", "download_url": "https://www.chanmama.com/awemeDetail/6851407947860430095", "digg_count": 1939, "digg_incr": 407, "aweme_create_time": 1595217727, "category": 8, "volume": 0, "amount": 0}, "author": {"author_id": "3654374433764302", "nickname": "囤不完的好物", "follower_count": 70145}}, {"aweme": {"aweme_id": "6851301791083138311", "aweme_title": "心情不好的时候就练习后弯吧，每天练一次，舒展腋窝释放情绪，消除副乳使面色红润。初学者也可以练习#直播", "aweme_url": "https://www.iesdouyin.com/share/video/6851301791083138311/?region=CN&mid=6822207160974478093&u_code=0&titleType=title", "download_url": "https://www.chanmama.com/awemeDetail/6851301791083138311", "digg_count": 1040, "digg_incr": 21, "aweme_create_time": 1595193049, "category": 8, "volume": 0, "amount": 0}, "author": {"author_id": "74825776076", "nickname": "辣妈瑜伽", "follower_count": 375782}}, {"aweme": {"aweme_id": "6851366068707986702", "aweme_title": "保持热爱，坚持下去，或许前方未必光明坦荡，但一定拥有无限可能#跑步#十公里 #越自律越自由", "aweme_url": "https://www.iesdouyin.com/share/video/6851366068707986702/?region=CN&mid=6727045409987889927&u_code=2g9cfffeefe2&titleType=title", "download_url": "https://www.chanmama.com/awemeDetail/6851366068707986702", "digg_count": 1093, "digg_incr": 29, "aweme_create_time": 1595207977, "category": 8, "volume": 1, "amount": 179}, "author": {"author_id": "62230421804", "nickname": "居居aya", "follower_count": 31599}}, {"aweme": {"aweme_id": "6851348918807153932", "aweme_title": "晨练开始，带上你的小沙袋，跟我练会跳舞的蜜桃🍑Tun。#家庭健身 #臀腿训练", "aweme_url": "https://www.iesdouyin.com/share/video/6851348918807153932/?region=CN&mid=6851348963354872583&u_code=1ei15mmlk3fa&titleType=title", "download_url": "https://www.chanmama.com/awemeDetail/6851348918807153932", "digg_count": 1120, "digg_incr": 17, "aweme_create_time": 1595204000, "category": 8, "volume": 6, "amount": 408}, "author": {"author_id": "760488903327491", "nickname": "北京瑞意汇生网络技术", "follower_count": 124062}}, {"aweme": {"aweme_id": "6851500194849213704", "aweme_title": "这一网有鱼啦！", "aweme_url": "https://www.iesdouyin.com/share/video/6851500194849213704/?region=CN&mid=6851500242068671246&u_code=0&titleType=title", "download_url": "https://www.chanmama.com/awemeDetail/6851500194849213704", "digg_count": 6893, "digg_incr": 54, "aweme_create_time": 1595239205, "category": 8, "volume": 0, "amount": 0}, "author": {"author_id": "63907064823", "nickname": "一只撒八妹", "follower_count": 412637}}, {"aweme": {"aweme_id": "6851389483556949255", "aweme_title": "车载户外必备", "aweme_url": "https://www.iesdouyin.com/share/video/6851389483556949255/?region=CN&mid=6851389505251478280&u_code=29e685i9la4c&titleType=title", "download_url": "https://www.chanmama.com/awemeDetail/6851389483556949255", "digg_count": 6880, "digg_incr": 553, "aweme_create_time": 1595213428, "category": 8, "volume": 0, "amount": 0}, "author": {"author_id": "64005506530", "nickname": "小姐姐钰", "follower_count": 44253}}, {"aweme": {"aweme_id": "6851378015117577472", "aweme_title": "我有预感：刷到此视频的人，未来一个星期里一定会发生意想不到的好事", "aweme_url": "https://www.iesdouyin.com/share/video/6851378015117577472/?region=CN&mid=6851378011057752840&u_code=22e1b9gc31b&titleType=title", "download_url": "https://www.chanmama.com/awemeDetail/6851378015117577472", "digg_count": 1369, "digg_incr": 15, "aweme_create_time": 1595210758, "category": 8, "volume": 73, "amount": 10950}, "author": {"author_id": "2013926632470797", "nickname": "多多家女鞋", "follower_count": 31147}}, {"aweme": {"aweme_id": "6851189150599630088", "aweme_title": "休闲娱乐每天半小时摇一摇，变成小蛮腰#智能呼啦圈 #呼啦圈 #好物推荐 #上热门", "aweme_url": "https://www.iesdouyin.com/share/video/6851189150599630088/?region=CN&mid=6851189296196864775&u_code=379jm8h3l53m&titleType=title", "download_url": "https://www.chanmama.com/awemeDetail/6851189150599630088", "digg_count": 1777, "digg_incr": "-", "aweme_create_time": 1595206800, "category": 8, "volume": 10, "amount": 399}, "author": {"author_id": "2471293741701965", "nickname": "爱萌商贸有限公司", "follower_count": 160280}}, {"aweme": {"aweme_id": "6851359486486007043", "aweme_title": "孩子不自信和爸爸有关，你认同吗？#亲子 #家有萌娃 #全民dou爱吃 #爸爸带娃 @抖音小助手", "aweme_url": "https://www.iesdouyin.com/share/video/6851359486486007043/?region=CN&mid=6844464421595514887&u_code=0&titleType=title", "download_url": "https://www.chanmama.com/awemeDetail/6851359486486007043", "digg_count": 1035, "digg_incr": 51, "aweme_create_time": 1595206456, "category": 8, "volume": 19, "amount": 357.2}, "author": {"author_id": "408672372260957", "nickname": "园长妈妈", "follower_count": 927605}}, {"aweme": {"aweme_id": "6851407373991513358", "aweme_title": "全网都在跳这个舞，下雨了冒雨跟风走一个，跳的不好不重要，重要的是可以给你带来快乐，一起来#运动打卡", "aweme_url": "https://www.iesdouyin.com/share/video/6851407373991513358/?region=CN&mid=6847965125232593671&u_code=gmaek20dh2c&titleType=title", "download_url": "https://www.chanmama.com/awemeDetail/6851407373991513358", "digg_count": 1121, "digg_incr": 64, "aweme_create_time": 1595217593, "category": 8, "volume": 0, "amount": 0}, "author": {"author_id": "1679646225867975", "nickname": "双妹❤运动", "follower_count": 765617}}, {"aweme": {"aweme_id": "6851428316147109127", "aweme_title": "刚刚放完钩子，回来一看这地方已经中货了，收上来看一下。@抖音小助手", "aweme_url": "https://www.iesdouyin.com/share/video/6851428316147109127/?region=CN&mid=6709059248585919240&u_code=29e685i9la4c&titleType=title", "download_url": "https://www.chanmama.com/awemeDetail/6851428316147109127", "digg_count": 1010, "digg_incr": "-", "aweme_create_time": 1595222469, "category": 8, "volume": 0, "amount": 0}, "author": {"author_id": "3548857388774967", "nickname": "二娃户外优质视频", "follower_count": 123537}}, {"aweme": {"aweme_id": "6851554371977694477", "aweme_title": "孩子们的“绿野仙踪”，野趣满满，暑期限时特惠#抖in睡务局  #常州常州", "aweme_url": "https://www.iesdouyin.com/share/video/6851554371977694477/?region=CN&mid=6851554446898023181&u_code=0&titleType=title", "download_url": "https://www.chanmama.com/awemeDetail/6851554371977694477", "digg_count": 1584, "digg_incr": 60, "aweme_create_time": 1595251833, "category": 8, "volume": 3, "amount": 1797}, "author": {"author_id": "96454092961", "nickname": "周末酒店APP", "follower_count": 44424}}, {"aweme": {"aweme_id": "6851386875375062280", "aweme_title": "#zszz  #lsfy  #连琑反应 我我我真的是个大笨蛋 #肖战  #王一博", "aweme_url": "https://www.iesdouyin.com/share/video/6851386875375062280/?region=CN&mid=6851386966928362254&u_code=379jm8h3l53m&titleType=title", "download_url": "https://www.chanmama.com/awemeDetail/6851386875375062280", "digg_count": 1398, "digg_incr": 5, "aweme_create_time": 1595212841, "category": 8, "volume": 0, "amount": 0}, "author": {"author_id": "3122232028046541", "nickname": "KPOP服装设计定制", "follower_count": 21923}}, {"aweme": {"aweme_id": "6851492857019239687", "aweme_title": "#海钓 #鲨鱼 撸鲨有风险请勿模仿", "aweme_url": "https://www.iesdouyin.com/share/video/6851492857019239687/?region=CN&mid=6851492968377944845&u_code=27l4hkd95f9c&titleType=title", "download_url": "https://www.chanmama.com/awemeDetail/6851492857019239687", "digg_count": 2074, "digg_incr": 254, "aweme_create_time": 1595237516, "category": 8, "volume": 0, "amount": 0}, "author": {"author_id": "4410829129394908", "nickname": "极点旅行", "follower_count": 107100}}]}