{"data": [{"aweme": {"aweme_id": "6851403036456127757", "aweme_title": "粉丝的要求真是奇奇怪怪可可爱爱，这是你要的五彩斑斓的黑吗？#手工包包 #传统文化", "aweme_url": "https://www.iesdouyin.com/share/video/6851403036456127757/?region=CN&mid=6851403057469639432&u_code=0&titleType=title", "download_url": "https://www.chanmama.com/awemeDetail/6851403036456127757", "digg_count": 29753, "digg_incr": 30, "aweme_create_time": 1595216583, "category": 9, "volume": 1, "amount": 680}, "author": {"author_id": "101132180204", "nickname": "皮雕大师周三晚8点半直播宠粉(奇人匠心)", "follower_count": 406439}}, {"aweme": {"aweme_id": "6851358898851515661", "aweme_title": "划过的朋友如果支持我的就给我点赞个赞#正能量", "aweme_url": "https://www.iesdouyin.com/share/video/6851358898851515661/?region=CN&mid=6851358887686212365&u_code=i5hd8ml6f59&titleType=title", "download_url": "https://www.chanmama.com/awemeDetail/6851358898851515661", "digg_count": 17151, "digg_incr": -8, "aweme_create_time": 1595206309, "category": 9, "volume": 0, "amount": 0}, "author": {"author_id": "64494896781", "nickname": "校园床品", "follower_count": 3559}}, {"aweme": {"aweme_id": "6851502892323589376", "aweme_title": "以后就只穿这家的拖鞋了，真的超级舒服，就像踩在棉花上一样，质量好又防滑！#家 #拖鞋 @抖音小助手", "aweme_url": "https://www.iesdouyin.com/share/video/6851502892323589376/?region=CN&mid=6851502907511360264&u_code=0&titleType=title", "download_url": "https://www.chanmama.com/awemeDetail/6851502892323589376", "digg_count": 11455, "digg_incr": 720, "aweme_create_time": 1595239832, "category": 9, "volume": 0, "amount": 0}, "author": {"author_id": "95624191711", "nickname": "浩～怡", "follower_count": 410551}}, {"aweme": {"aweme_id": "6851484402128555268", "aweme_title": "非洲人眼中神秘的中国人（6/9）饮食篇@抖音带你去旅行", "aweme_url": "https://www.iesdouyin.com/share/video/6851484402128555268/?region=CN&mid=6851484451349039879&u_code=294bg9c3e87k&titleType=title", "download_url": "https://www.chanmama.com/awemeDetail/6851484402128555268", "digg_count": 18995, "digg_incr": 907, "aweme_create_time": 1595235536, "category": 9, "volume": 4, "amount": 432}, "author": {"author_id": "3839139959289179", "nickname": "非洲努力12年", "follower_count": 161246}}, {"aweme": {"aweme_id": "6851418159275150607", "aweme_title": "你们觉得哪个星座发男友(女友)最好呢？#手工刺绣 #甜甜的恋爱 #星座", "aweme_url": "https://www.iesdouyin.com/share/video/6851418159275150607/?region=CN&mid=6851418175469341447&u_code=0&titleType=title", "download_url": "https://www.chanmama.com/awemeDetail/6851418159275150607", "digg_count": 11881, "digg_incr": 151, "aweme_create_time": 1595220104, "category": 9, "volume": 11, "amount": 251.89999999999998}, "author": {"author_id": "97581624418", "nickname": "四月", "follower_count": 223620}}, {"aweme": {"aweme_id": "6851489773157240072", "aweme_title": "希望汉服和油纸伞有一天可以不被大家误解，走近生活！#民俗守艺人", "aweme_url": "https://www.iesdouyin.com/share/video/6851489773157240072/?region=CN&mid=6851489800386972423&u_code=0&titleType=title", "download_url": "https://www.chanmama.com/awemeDetail/6851489773157240072", "digg_count": 7069, "digg_incr": 40, "aweme_create_time": 1595236779, "category": 9, "volume": 0, "amount": 0}, "author": {"author_id": "566985438793780", "nickname": "古伞大师（匠林风华）", "follower_count": 330623}}, {"aweme": {"aweme_id": "6851474751685233935", "aweme_title": "有这样的老公吗？什么是不和你商量，自己当家做主犟得跟头驴似的。#家有一老如有一宝", "aweme_url": "https://www.iesdouyin.com/share/video/6851474751685233935/?region=CN&mid=6851474779229571847&u_code=0&titleType=title", "download_url": "https://www.chanmama.com/awemeDetail/6851474751685233935", "digg_count": 6367, "digg_incr": 38, "aweme_create_time": 1595233281, "category": 9, "volume": 0, "amount": 0}, "author": {"author_id": "58538114722", "nickname": "同聚家纺", "follower_count": 188784}}, {"aweme": {"aweme_id": "6851378192935161088", "aweme_title": "太阳起了我也起 我是人间小甜饼 #早上好", "aweme_url": "https://www.iesdouyin.com/share/video/6851378192935161088/?region=CN&mid=6835952745154284295&u_code=i5hd8ml6f59&titleType=title", "download_url": "https://www.chanmama.com/awemeDetail/6851378192935161088", "digg_count": 10815, "digg_incr": 954, "aweme_create_time": 1595210799, "category": 9, "volume": 1, "amount": 128}, "author": {"author_id": "55142488271", "nickname": "Mrs. Chen 🌴", "follower_count": 72382}}, {"aweme": {"aweme_id": "6851363752495910159", "aweme_title": "@抖音小助手", "aweme_url": "https://www.iesdouyin.com/share/video/6851363752495910159/?region=CN&mid=6851363754618161928&u_code=3cc1ga8lck8h&titleType=title", "download_url": "https://www.chanmama.com/awemeDetail/6851363752495910159", "digg_count": 5517, "digg_incr": 301, "aweme_create_time": 1595207438, "category": 9, "volume": 0, "amount": 0}, "author": {"author_id": "3122201082203592", "nickname": "媛源衣坊服装", "follower_count": 29708}}, {"aweme": {"aweme_id": "6851487744703614208", "aweme_title": "馒头家滴！i love u all❤️🧡💛💚💙💜🤍所以这个周边送你", "aweme_url": "https://www.iesdouyin.com/share/video/6851487744703614208/?region=CN&mid=6851487753796864775&u_code=2g9cfffeefe2&titleType=title", "download_url": "https://www.chanmama.com/awemeDetail/6851487744703614208", "digg_count": 5040, "digg_incr": 33, "aweme_create_time": 1595236306, "category": 9, "volume": 2, "amount": 80}, "author": {"author_id": "70861681743", "nickname": "👶你的可爱小馒头", "follower_count": 98259}}, {"aweme": {"aweme_id": "6851399748591586568", "aweme_title": "你们要的#米奇妙妙屋 来到#大大的办公室 啦@大大资讯 @抖音小助手", "aweme_url": "https://www.iesdouyin.com/share/video/6851399748591586568/?region=CN&mid=6851399838333209352&u_code=17d06gjeelal&titleType=title", "download_url": "https://www.chanmama.com/awemeDetail/6851399748591586568", "digg_count": 5547, "digg_incr": 196, "aweme_create_time": 1595215835, "category": 9, "volume": 0, "amount": 0}, "author": {"author_id": "111227130308", "nickname": "大大的办公室", "follower_count": 160686}}, {"aweme": {"aweme_id": "6851394375298075919", "aweme_title": "#汉服配饰 #汉服出行 #手工伞 真的是这个伞这个做工，今天开始陆续发货，3天后给大家上全穿伞🧐", "aweme_url": "https://www.iesdouyin.com/share/video/6851394375298075919/?region=CN&mid=6829970014427286280&u_code=0&titleType=title", "download_url": "https://www.chanmama.com/awemeDetail/6851394375298075919", "digg_count": 4236, "digg_incr": 8, "aweme_create_time": 1595214566, "category": 9, "volume": 51, "amount": 1018.98}, "author": {"author_id": "99334934042", "nickname": "兴汉阁（早上11点直播）", "follower_count": 30907}}, {"aweme": {"aweme_id": "6851403217935355151", "aweme_title": "手把手教你复制一盆油画吊兰", "aweme_url": "https://www.iesdouyin.com/share/video/6851403217935355151/?region=CN&mid=6851403225963236104&u_code=0&titleType=title", "download_url": "https://www.chanmama.com/awemeDetail/6851403217935355151", "digg_count": 6221, "digg_incr": 10, "aweme_create_time": 1595216625, "category": 9, "volume": 10, "amount": 50}, "author": {"author_id": "53455047756", "nickname": "朝阳君的花园", "follower_count": 852613}}, {"aweme": {"aweme_id": "6851410989821250831", "aweme_title": "拥有双面天丝四件套，让你在炎热的夏季也能舒适安眠！#四件套 @DOU+小助手", "aweme_url": "https://www.iesdouyin.com/share/video/6851410989821250831/?region=CN&mid=6686718695558875911&u_code=4e3d29gme5hg&titleType=title", "download_url": "https://www.chanmama.com/awemeDetail/6851410989821250831", "digg_count": 3014, "digg_incr": "-", "aweme_create_time": 1595218435, "category": 9, "volume": 1, "amount": 148}, "author": {"author_id": "18914779575", "nickname": "橙子🍊种草", "follower_count": 8995}}, {"aweme": {"aweme_id": "6851384463406959887", "aweme_title": "成年人的世界，似乎只有赚到足够的💰，才能过上简单、安逸、自由的生活。加油吧，87年的老阿姨#热门", "aweme_url": "https://www.iesdouyin.com/share/video/6851384463406959887/?region=CN&mid=6835510195687590664&u_code=29e685i9la4c&titleType=title", "download_url": "https://www.chanmama.com/awemeDetail/6851384463406959887", "digg_count": 3020, "digg_incr": -4, "aweme_create_time": 1595212259, "category": 9, "volume": 113, "amount": 4508.7}, "author": {"author_id": "83375039218", "nickname": "曦月花卉", "follower_count": 87396}}, {"aweme": {"aweme_id": "6851463147392339207", "aweme_title": "婚前婚后就是这样子。￼", "aweme_url": "https://www.iesdouyin.com/share/video/6851463147392339207/?region=CN&mid=6851463213382028045&u_code=0&titleType=title", "download_url": "https://www.chanmama.com/awemeDetail/6851463147392339207", "digg_count": 3386, "digg_incr": 70, "aweme_create_time": 1595230579, "category": 9, "volume": 0, "amount": 0}, "author": {"author_id": "74027548848", "nickname": "儿媳妇", "follower_count": 345435}}, {"aweme": {"aweme_id": "6851438573476973827", "aweme_title": "#vlog日常 说出你超喜欢的学科吧/", "aweme_url": "https://www.iesdouyin.com/share/video/6851438573476973827/?region=CN&mid=6851438609950575367&u_code=2g9cfffeefe2&titleType=title", "download_url": "https://www.chanmama.com/awemeDetail/6851438573476973827", "digg_count": 4122, "digg_incr": 108, "aweme_create_time": 1595237778, "category": 9, "volume": 11, "amount": 768.9000000000001}, "author": {"author_id": "4006268254563960", "nickname": "油油娜酱", "follower_count": 113429}}, {"aweme": {"aweme_id": "6851529432688020747", "aweme_title": "直播中....快进来吧", "aweme_url": "https://www.iesdouyin.com/share/video/6851529432688020747/?region=CN&mid=6823152141700958989&u_code=0&titleType=title", "download_url": "https://www.chanmama.com/awemeDetail/6851529432688020747", "digg_count": 2703, "digg_incr": 18, "aweme_create_time": 1595246016, "category": 9, "volume": 0, "amount": 0}, "author": {"author_id": "65978063277", "nickname": "组美服饰（每天7:00直播）", "follower_count": 805323}}, {"aweme": {"aweme_id": "6851499386153864462", "aweme_title": "最终挑了这条喵喵~图案太多挑花眼了已经#少女心好物 #种草", "aweme_url": "https://www.iesdouyin.com/share/video/6851499386153864462/?region=CN&mid=6851499481121180429&u_code=0&titleType=title", "download_url": "https://www.chanmama.com/awemeDetail/6851499386153864462", "digg_count": 3891, "digg_incr": 52, "aweme_create_time": 1595239034, "category": 9, "volume": 0, "amount": 0}, "author": {"author_id": "2647214188402974", "nickname": "安利一波少女心", "follower_count": 194002}}, {"aweme": {"aweme_id": "6851291617576357120", "aweme_title": "#夏被四件套 即柔软又轻薄的空调被夏被四件套#清凉一夏 #717抖音奇妙好物市集 #好物分享 #感谢抖音", "aweme_url": "https://www.iesdouyin.com/share/video/6851291617576357120/?region=CN&mid=6831108443152141063&u_code=0&titleType=title", "download_url": "https://www.chanmama.com/awemeDetail/6851291617576357120", "digg_count": 2212, "digg_incr": 2, "aweme_create_time": 1595190697, "category": 9, "volume": 112, "amount": 16576}, "author": {"author_id": "79527512667", "nickname": "巷轩家纺", "follower_count": 27463}}, {"aweme": {"aweme_id": "6851382930120527117", "aweme_title": "难怪闺蜜家里这么香啊#家用香薰  真是平价又好用，我真是太爱了～", "aweme_url": "https://www.iesdouyin.com/share/video/6851382930120527117/?region=CN&mid=6851381684420594439&u_code=1fj9f270dcd&titleType=title", "download_url": "https://www.chanmama.com/awemeDetail/6851382930120527117", "digg_count": 2541, "digg_incr": -1, "aweme_create_time": 1595211902, "category": 9, "volume": 737, "amount": 29406.3}, "author": {"author_id": "892441183398190", "nickname": "香飞", "follower_count": 1543}}, {"aweme": {"aweme_id": "6851406948345187592", "aweme_title": "花生芽都长好了", "aweme_url": "https://www.iesdouyin.com/share/video/6851406948345187592/?region=CN&mid=6851406978112064263&u_code=19fjbl89kf63&titleType=title", "download_url": "https://www.chanmama.com/awemeDetail/6851406948345187592", "digg_count": 3425, "digg_incr": 567, "aweme_create_time": 1595217494, "category": 9, "volume": 0, "amount": 0}, "author": {"author_id": "104958503756", "nickname": "王赫", "follower_count": 685375}}, {"aweme": {"aweme_id": "6851488528543632644", "aweme_title": "#有好货 #卖货能手 #预定下半年快乐@DOU+小助手", "aweme_url": "https://www.iesdouyin.com/share/video/6851488528543632644/?region=CN&mid=6851488571883686670&u_code=0&titleType=title", "download_url": "https://www.chanmama.com/awemeDetail/6851488528543632644", "digg_count": 1861, "digg_incr": -2, "aweme_create_time": 1595236496, "category": 9, "volume": 24, "amount": 1656}, "author": {"author_id": "96465835835", "nickname": "汇杰纺织品(工厂)", "follower_count": 23698}}, {"aweme": {"aweme_id": "6851484206158105871", "aweme_title": "@爱生活爱分享发了一个抖音短视频，你尽管点开，不好看算我输！", "aweme_url": "https://www.iesdouyin.com/share/video/6851484206158105871/?region=CN&mid=6851484212328024840&u_code=d3cj78d2g00&titleType=", "download_url": "https://www.chanmama.com/awemeDetail/6851484206158105871", "digg_count": 1744, "digg_incr": "-", "aweme_create_time": 1595235482, "category": 9, "volume": 0, "amount": 0}, "author": {"author_id": "110081715867", "nickname": "爱生活爱分享", "follower_count": 473439}}, {"aweme": {"aweme_id": "6851411543968599296", "aweme_title": "你们的准考应该都还没丢？可以凭准考证，闻叔有个惊喜给你们。教程在视频最后哦！#民俗守艺人", "aweme_url": "https://www.iesdouyin.com/share/video/6851411543968599296/?region=CN&mid=6851411547768605447&u_code=1kgi6h6afg08&titleType=title", "download_url": "https://www.chanmama.com/awemeDetail/6851411543968599296", "digg_count": 2108, "digg_incr": 50, "aweme_create_time": 1595218564, "category": 9, "volume": 0, "amount": 0}, "author": {"author_id": "106173531292", "nickname": "闻叔的伞", "follower_count": 859160}}, {"aweme": {"aweme_id": "6851489832749894915", "aweme_title": "@开心快乐每一天发了一个抖音短视频，你尽管点开，不好看算我输！", "aweme_url": "https://www.iesdouyin.com/share/video/6851489832749894915/?region=CN&mid=6851489890794752782&u_code=13h2b40ld9m7&titleType=", "download_url": "https://www.chanmama.com/awemeDetail/6851489832749894915", "digg_count": 1813, "digg_incr": 17, "aweme_create_time": 1595236800, "category": 9, "volume": 0, "amount": 0}, "author": {"author_id": "106023251267", "nickname": "开心快乐每一天", "follower_count": 55067}}, {"aweme": {"aweme_id": "6851385561484250375", "aweme_title": "你身边有这样的人吗#房间搭配 @DOU+小助手", "aweme_url": "https://www.iesdouyin.com/share/video/6851385561484250375/?region=CN&mid=6851339135613979399&u_code=0&titleType=title", "download_url": "https://www.chanmama.com/awemeDetail/6851385561484250375", "digg_count": 1554, "digg_incr": 1, "aweme_create_time": 1595212515, "category": 9, "volume": 2, "amount": 476}, "author": {"author_id": "1024371246240312", "nickname": "小明家纺经营部", "follower_count": 208128}}, {"aweme": {"aweme_id": "6851426019015019788", "aweme_title": "#幸运空投#波比熊套装 天天为了卖他跳崖以后不用跳了", "aweme_url": "https://www.iesdouyin.com/share/video/6851426019015019788/?region=CN&mid=6851426064930048782&u_code=379jm8h3l53m&titleType=title", "download_url": "https://www.chanmama.com/awemeDetail/6851426019015019788", "digg_count": 9587, "digg_incr": 54, "aweme_create_time": 1595221944, "category": 9, "volume": 0, "amount": 0}, "author": {"author_id": "927589846226835", "nickname": "伍迪~（和平精英）", "follower_count": 56754}}, {"aweme": {"aweme_id": "6851479616616533256", "aweme_title": "小时候放学后常找奶奶要好吃头，奶奶平时会给个馒头裹上点油盐，特别香特别好吃，奶奶也会常给点零花Q", "aweme_url": "https://www.iesdouyin.com/share/video/6851479616616533256/?region=CN&mid=6795689832422132487&u_code=3aj0322m7cj7&titleType=title", "download_url": "https://www.chanmama.com/awemeDetail/6851479616616533256", "digg_count": 3106, "digg_incr": 181, "aweme_create_time": 1595234414, "category": 9, "volume": 0, "amount": 0}, "author": {"author_id": "78113608759", "nickname": "青春i", "follower_count": 718269}}, {"aweme": {"aweme_id": "6851412478174219520", "aweme_title": "2w都不卖的最全#水溶肥 自配方案，赶紧点赞收藏#农业 #种植 #追肥 #肥料 #果树 @企业号小助手", "aweme_url": "https://www.iesdouyin.com/share/video/6851412478174219520/?region=CN&mid=6755667560164771841&u_code=379jm8h3l53m&titleType=title", "download_url": "https://www.chanmama.com/awemeDetail/6851412478174219520", "digg_count": 2863, "digg_incr": 262, "aweme_create_time": 1595218781, "category": 9, "volume": 0, "amount": 0}, "author": {"author_id": "96512495156", "nickname": "绿陇农业助手", "follower_count": 171954}}, {"aweme": {"aweme_id": "6851353016826711311", "aweme_title": "只想找一个人在我失意时，可以承受我眼泪，在我快乐是，可以让我咬一口肩膀#原创手工 #民族风情 #脚链", "aweme_url": "https://www.iesdouyin.com/share/video/6851353016826711311/?region=CN&mid=6644040670535224068&u_code=himlcg1kj3k&titleType=title", "download_url": "https://www.chanmama.com/awemeDetail/6851353016826711311", "digg_count": 1744, "digg_incr": "-", "aweme_create_time": 1595204939, "category": 9, "volume": 107, "amount": 1609.1000000000001}, "author": {"author_id": "4054650795855712", "nickname": "皓烁商城", "follower_count": 2182}}, {"aweme": {"aweme_id": "6851495577247698180", "aweme_title": "女人👩，你要逼自己优秀，然后骄傲地活着，不委屈求全，不趋炎附势，不给别人任何践踏自己机会。❤️", "aweme_url": "https://www.iesdouyin.com/share/video/6851495577247698180/?region=CN&mid=6721460959266736904&u_code=2m86g9m9mm9g&titleType=title", "download_url": "https://www.chanmama.com/awemeDetail/6851495577247698180", "digg_count": 3576, "digg_incr": 128, "aweme_create_time": 1595238138, "category": 9, "volume": 0, "amount": 0}, "author": {"author_id": "3355312905261595", "nickname": "白云安梦穿搭官方账号", "follower_count": 66646}}, {"aweme": {"aweme_id": "6851460901527227648", "aweme_title": "这段时间实在是太忙了#手绘油画 #一起揉揉小肚子 @抖音小助手", "aweme_url": "https://www.iesdouyin.com/share/video/6851460901527227648/?region=CN&mid=6851460921177557773&u_code=0&titleType=title", "download_url": "https://www.chanmama.com/awemeDetail/6851460901527227648", "digg_count": 3566, "digg_incr": 428, "aweme_create_time": 1595230057, "category": 9, "volume": 0, "amount": 0}, "author": {"author_id": "95315730245", "nickname": "王峰手绘油画", "follower_count": 517332}}, {"aweme": {"aweme_id": "6851516039814024452", "aweme_title": "再安排我。下次扎小人。#原创国风计划 #轻慢计划 #充能计划 #秀出新国风 @果小菁 @司精神", "aweme_url": "https://www.iesdouyin.com/share/video/6851516039814024452/?region=CN&mid=6851516083296373518&u_code=0&titleType=title", "download_url": "https://www.chanmama.com/awemeDetail/6851516039814024452", "digg_count": 1921, "digg_incr": 50, "aweme_create_time": 1595242900, "category": 9, "volume": 0, "amount": 0}, "author": {"author_id": "75340955357", "nickname": "华韵京剧摄影", "follower_count": 321480}}, {"aweme": {"aweme_id": "6851466890368290062", "aweme_title": "这下知道了吧？不光铺床单整齐，不容易滑动，还可以保护床垫，现在床垫很gui，所以很不错。#装修 #床笠", "aweme_url": "https://www.iesdouyin.com/share/video/6851466890368290062/?region=CN&mid=6807234842422708999&u_code=0&titleType=title", "download_url": "https://www.chanmama.com/awemeDetail/6851466890368290062", "digg_count": 1657, "digg_incr": 56, "aweme_create_time": 1595231451, "category": 9, "volume": 0, "amount": 0}, "author": {"author_id": "725320889282763", "nickname": "是夕爸～", "follower_count": 140743}}, {"aweme": {"aweme_id": "6851370708715506944", "aweme_title": "在瑜伽里，三脉分，左脉，中脉，右脉；七轮分为，海底轮，生殖轮，脐轮，心轮，喉轮，眉心轮，顶轮#瑜伽", "aweme_url": "https://www.iesdouyin.com/share/video/6851370708715506944/?region=CN&mid=6851370711039183624&u_code=0&titleType=title", "download_url": "https://www.chanmama.com/awemeDetail/6851370708715506944", "digg_count": 3830, "digg_incr": 321, "aweme_create_time": 1595209057, "category": 9, "volume": 0, "amount": 0}, "author": {"author_id": "66859793284", "nickname": "禅韵瑜伽", "follower_count": 201547}}, {"aweme": {"aweme_id": "6851460833466207492", "aweme_title": "我已经收到啦，29.9还在等什么🙀", "aweme_url": "https://www.iesdouyin.com/share/video/6851460833466207492/?region=CN&mid=6851460895202872077&u_code=0&titleType=title", "download_url": "https://www.chanmama.com/awemeDetail/6851460833466207492", "digg_count": 1394, "digg_incr": 20, "aweme_create_time": 1595230049, "category": 9, "volume": 0, "amount": 0}, "author": {"author_id": "59581561751", "nickname": "💗枕头麻麻💗", "follower_count": 172001}}, {"aweme": {"aweme_id": "6851530764358569228", "aweme_title": "不怕你胖，就怕你不时尚！#加肥加大 #爱官方爱热门 #抖音小助手", "aweme_url": "https://www.iesdouyin.com/share/video/6851530764358569228/?region=CN&mid=6832599913650506509&u_code=31186i4kmg41&titleType=title", "download_url": "https://www.chanmama.com/awemeDetail/6851530764358569228", "digg_count": 1238, "digg_incr": "-", "aweme_create_time": 1595246327, "category": 9, "volume": 40, "amount": 4720}, "author": {"author_id": "3944690443365147", "nickname": "金大姐大码服装店", "follower_count": 420719}}, {"aweme": {"aweme_id": "6851385991689800975", "aweme_title": "面板可以转动的不锈钢，多功能无烟无灰气化炉，#抖音热门", "aweme_url": "https://www.iesdouyin.com/share/video/6851385991689800975/?region=CN&mid=6851386003958696718&u_code=3cc1ga8lck8h&titleType=title", "download_url": "https://www.chanmama.com/awemeDetail/6851385991689800975", "digg_count": 1486, "digg_incr": 51, "aweme_create_time": 1595212614, "category": 9, "volume": 0, "amount": 0}, "author": {"author_id": "80638049658", "nickname": "猛泰厨具", "follower_count": 23510}}, {"aweme": {"aweme_id": "6851489133764840718", "aweme_title": "地毯就是家里的灵魂，好看的软装搭配都有地毯。你家呢？买一块我家这种不贵的地毯做装饰吧～#软装 #地毯", "aweme_url": "https://www.iesdouyin.com/share/video/6851489133764840718/?region=CN&mid=6794237603324480270&u_code=jlj3h5ifia8&titleType=title", "download_url": "https://www.chanmama.com/awemeDetail/6851489133764840718", "digg_count": 1892, "digg_incr": 48, "aweme_create_time": 1595236629, "category": 9, "volume": 2, "amount": 74.48}, "author": {"author_id": "66844858202", "nickname": "我是小丸子呀！", "follower_count": 290006}}, {"aweme": {"aweme_id": "6851384096388615432", "aweme_title": "#口才 #情商 珍惜身边每一个对你好的人，否则弄丢了就找不回来了", "aweme_url": "https://www.iesdouyin.com/share/video/6851384096388615432/?region=CN&mid=6851384119797025550&u_code=0&titleType=title", "download_url": "https://www.chanmama.com/awemeDetail/6851384096388615432", "digg_count": 1203, "digg_incr": 20, "aweme_create_time": 1595212173, "category": 9, "volume": 0, "amount": 0}, "author": {"author_id": "21624306016984", "nickname": "芸姐正能量情商口才训练营", "follower_count": 202704}}, {"aweme": {"aweme_id": "6851437475127266560", "aweme_title": "冰露凉席三件套床单款，尺寸245*245，1.5～1.8床都可以用，可机洗 ，五年之内不用再买凉席了", "aweme_url": "https://www.iesdouyin.com/share/video/6851437475127266560/?region=CN&mid=6851437487459027719&u_code=1e86e3gfc222&titleType=title", "download_url": "https://www.chanmama.com/awemeDetail/6851437475127266560", "digg_count": 1313, "digg_incr": "-", "aweme_create_time": 1595224602, "category": 9, "volume": 6, "amount": 1728}, "author": {"author_id": "2466945170149556", "nickname": "孙晓雄", "follower_count": 216247}}, {"aweme": {"aweme_id": "6851485939785633036", "aweme_title": "#原创国风计划 汉服少女的下雨天，这把油纸伞可不可呢？#solo出道谁最nata", "aweme_url": "https://www.iesdouyin.com/share/video/6851485939785633036/?region=CN&mid=6844026498127923982&u_code=0&titleType=title", "download_url": "https://www.chanmama.com/awemeDetail/6851485939785633036", "digg_count": 1121, "digg_incr": 12, "aweme_create_time": 1595235894, "category": 9, "volume": 0, "amount": 0}, "author": {"author_id": "105536598877", "nickname": "古风少女", "follower_count": 468557}}, {"aweme": {"aweme_id": "6851429142278294798", "aweme_title": "妈妈说：等你出嫁那天，一定要让你十里红妆，凤冠霞帔，这叫仪式，必竞婚姻大事，不可马虎#结婚", "aweme_url": "https://www.iesdouyin.com/share/video/6851429142278294798/?region=CN&mid=6733888700213709581&u_code=b0ge2ik4jel&titleType=title", "download_url": "https://www.chanmama.com/awemeDetail/6851429142278294798", "digg_count": 6117, "digg_incr": 52, "aweme_create_time": 1595222661, "category": 9, "volume": 0, "amount": 0}, "author": {"author_id": "1200315159021747", "nickname": "海门九叶家纺", "follower_count": 109557}}, {"aweme": {"aweme_id": "6851396466053860608", "aweme_title": "@爱生活爱分享发了一个抖音短视频，你尽管点开，不好看算我输！", "aweme_url": "https://www.iesdouyin.com/share/video/6851396466053860608/?region=CN&mid=6851396479215586061&u_code=2g9cfffeefe2&titleType=", "download_url": "https://www.chanmama.com/awemeDetail/6851396466053860608", "digg_count": 1162, "digg_incr": "-", "aweme_create_time": 1595215053, "category": 9, "volume": 3, "amount": 56.699999999999996}, "author": {"author_id": "110081715867", "nickname": "爱生活爱分享", "follower_count": 473439}}, {"aweme": {"aweme_id": "6851355654016355592", "aweme_title": "家里来客人，没有地方睡，住宾馆又不方便又费钱，我就入手这款充气床即方便又不占空间#我想上热门", "aweme_url": "https://www.iesdouyin.com/share/video/6851355654016355592/?region=CN&mid=6848090978868300558&u_code=1fj9f270dcd&titleType=title", "download_url": "https://www.chanmama.com/awemeDetail/6851355654016355592", "digg_count": 17136, "digg_incr": 43, "aweme_create_time": 1595205554, "category": 9, "volume": 0, "amount": 0}, "author": {"author_id": "1204669162991704", "nickname": "七七（直播时间:每天8点)", "follower_count": 158560}}, {"aweme": {"aweme_id": "6851380485441080589", "aweme_title": "网购了那么多，终于被婆婆表扬一次#纯棉老粗布三件套 #老粗布吸湿排汗透气 #卖家不如买家秀 #时尚老粗布", "aweme_url": "https://www.iesdouyin.com/share/video/6851380485441080589/?region=CN&mid=6740157106063671309&u_code=0&titleType=title", "download_url": "https://www.chanmama.com/awemeDetail/6851380485441080589", "digg_count": 1858, "digg_incr": 4, "aweme_create_time": 1595211333, "category": 9, "volume": 57, "amount": 3933}, "author": {"author_id": "101722069453", "nickname": "爱笑的大云之《创业日记》", "follower_count": 83990}}, {"aweme": {"aweme_id": "6851546099388337422", "aweme_title": "#感谢抖音大大我要上热 #铜器 #摆件 #手艺人 #阿弥陀佛#禅语录 #接福接财接好运", "aweme_url": "https://www.iesdouyin.com/share/video/6851546099388337422/?region=CN&mid=6850848719806400525&u_code=49188ch03e4f&titleType=title", "download_url": "https://www.chanmama.com/awemeDetail/6851546099388337422", "digg_count": 2598, "digg_incr": "-", "aweme_create_time": 1595249891, "category": 9, "volume": 0, "amount": 0}, "author": {"author_id": "43573976510589", "nickname": "小婷铜雕工艺品", "follower_count": 6670}}, {"aweme": {"aweme_id": "6851492779122609416", "aweme_title": "惨了说不清楚啦！要睡大街了！那位粉友可怜可怜我，收下我可好？#搞笑视频 #搞笑夫妻 #家庭 #改编歌曲", "aweme_url": "https://www.iesdouyin.com/share/video/6851492779122609416/?region=CN&mid=6851492795534822157&u_code=27l4hkd95f9c&titleType=title", "download_url": "https://www.chanmama.com/awemeDetail/6851492779122609416", "digg_count": 1112, "digg_incr": 31, "aweme_create_time": 1595237478, "category": 9, "volume": 0, "amount": 0}, "author": {"author_id": "87640352020", "nickname": "༺࿅虎༒哥࿅༻", "follower_count": 155954}}, {"aweme": {"aweme_id": "6851523050639215879", "aweme_title": "装修不够，摆件来凑。这个小狗有点厉害了，哈哈。#种草计划 #摆件#了不起的生活好物", "aweme_url": "https://www.iesdouyin.com/share/video/6851523050639215879/?region=CN&mid=6795072812857101063&u_code=0&titleType=title", "download_url": "https://www.chanmama.com/awemeDetail/6851523050639215879", "digg_count": 1957, "digg_incr": 148, "aweme_create_time": 1595244525, "category": 9, "volume": 0, "amount": 0}, "author": {"author_id": "104581653816", "nickname": "郝好", "follower_count": 199131}}, {"aweme": {"aweme_id": "6851443426110524687", "aweme_title": "#秀出新国风 谁说几百买不到好看精致的套件啦，那是你还没有关注我，用过都是一点不输大牌几千的！", "aweme_url": "https://www.iesdouyin.com/share/video/6851443426110524687/?region=CN&mid=6813654171313507079&u_code=0&titleType=title", "download_url": "https://www.chanmama.com/awemeDetail/6851443426110524687", "digg_count": 2996, "digg_incr": 171, "aweme_create_time": 1595225987, "category": 9, "volume": 0, "amount": 0}, "author": {"author_id": "483400938692477", "nickname": "禧铺高端家纺", "follower_count": 3572}}, {"aweme": {"aweme_id": "6851386202126372103", "aweme_title": "小说里的凤梨草给你们找到了，靠空气就能活哦#空气凤梨 @抖音小助手", "aweme_url": "https://www.iesdouyin.com/share/video/6851386202126372103/?region=CN&mid=6851386216101825287&u_code=1kgi6h6afg08&titleType=title", "download_url": "https://www.chanmama.com/awemeDetail/6851386202126372103", "digg_count": 1647, "digg_incr": 60, "aweme_create_time": 1595212664, "category": 9, "volume": 4, "amount": 124}, "author": {"author_id": "98704396690", "nickname": "园艺优享家", "follower_count": 712657}}, {"aweme": {"aweme_id": "6851516756595379456", "aweme_title": "太可爱了！刺绣立体胡萝卜教程，学会这种针法，修补污渍都需要#我要上热门 #抖音小助手 #刺绣 #热门 #抖音", "aweme_url": "https://www.iesdouyin.com/share/video/6851516756595379456/?region=CN&mid=6717874153346566925&u_code=0&titleType=title", "download_url": "https://www.chanmama.com/awemeDetail/6851516756595379456", "digg_count": 1235, "digg_incr": 33, "aweme_create_time": 1595243060, "category": 9, "volume": 0, "amount": 0}, "author": {"author_id": "94225224170", "nickname": "生活大改造", "follower_count": 539208}}, {"aweme": {"aweme_id": "6851476934803705102", "aweme_title": "这样的猫咪，你可喜欢😘#手工diy #羊毛毡", "aweme_url": "https://www.iesdouyin.com/share/video/6851476934803705102/?region=CN&mid=6826574147603155725&u_code=0&titleType=title", "download_url": "https://www.chanmama.com/awemeDetail/6851476934803705102", "digg_count": 1924, "digg_incr": 110, "aweme_create_time": 1595233790, "category": 9, "volume": 0, "amount": 0}, "author": {"author_id": "4190968855406604", "nickname": "贝壳家羊毛毡", "follower_count": 467796}}, {"aweme": {"aweme_id": "6851444037786946823", "aweme_title": "结婚4年，最近把家里的婚纱照全部换了😂每天看到这样新鲜的画心情大好🌈就是，婚纱照要怎么处理呢#客厅搭配", "aweme_url": "https://www.iesdouyin.com/share/video/6851444037786946823/?region=CN&mid=6849201438040869645&u_code=1k70ekmlhc0j&titleType=title", "download_url": "https://www.chanmama.com/awemeDetail/6851444037786946823", "digg_count": 2030, "digg_incr": 107, "aweme_create_time": 1595226130, "category": 9, "volume": 0, "amount": 0}, "author": {"author_id": "109674408859", "nickname": "林珏jue⭐️", "follower_count": 11690}}, {"aweme": {"aweme_id": "6851404808268549376", "aweme_title": "床单款冰露联系三件套，尺寸245*245，1.5，1.8床都可以用，机洗不变形，小黄车下单送1.5*2.0夏被", "aweme_url": "https://www.iesdouyin.com/share/video/6851404808268549376/?region=CN&mid=6851404827214547719&u_code=3cc1ga8lck8h&titleType=title", "download_url": "https://www.chanmama.com/awemeDetail/6851404808268549376", "digg_count": 1056, "digg_incr": 28, "aweme_create_time": 1595216996, "category": 9, "volume": 5, "amount": 1440}, "author": {"author_id": "3056297742707556", "nickname": "上海乐妤家纺", "follower_count": 40219}}, {"aweme": {"aweme_id": "6851462303104191752", "aweme_title": "@中兴恒泰地毯发了一个抖音短视频，你尽管点开，不好看算我输！", "aweme_url": "https://www.iesdouyin.com/share/video/6851462303104191752/?region=CN&mid=6851462348222368525&u_code=39cg4d6b9039&titleType=", "download_url": "https://www.chanmama.com/awemeDetail/6851462303104191752", "digg_count": 1011, "digg_incr": 4, "aweme_create_time": 1595230382, "category": 9, "volume": 2, "amount": 110}, "author": {"author_id": "110545278739", "nickname": "中兴恒泰地毯", "follower_count": 39940}}, {"aweme": {"aweme_id": "6851408149535051011", "aweme_title": "出嫁了，出嫁了，嫁入豪门！嘉宝果就出趟门，就需要借助这些重型设备才可以动起来，真不容易啊？", "aweme_url": "https://www.iesdouyin.com/share/video/6851408149535051011/?region=CN&mid=6851408212059540231&u_code=4f9k1eml8lai&titleType=title", "download_url": "https://www.chanmama.com/awemeDetail/6851408149535051011", "digg_count": 1202, "digg_incr": 4, "aweme_create_time": 1595217782, "category": 9, "volume": 0, "amount": 0}, "author": {"author_id": "104745125851", "nickname": "广东阜昌嘉宝果产业", "follower_count": 71983}}, {"aweme": {"aweme_id": "6851363279835581696", "aweme_title": "#七夕礼物 #解压神器 男朋友送我的，这小家伙也太可爱了吧🌝🌝", "aweme_url": "https://www.iesdouyin.com/share/video/6851363279835581696/?region=CN&mid=6851363258394364680&u_code=0&titleType=title", "download_url": "https://www.chanmama.com/awemeDetail/6851363279835581696", "digg_count": 1887, "digg_incr": "-", "aweme_create_time": 1595207328, "category": 9, "volume": 0, "amount": 0}, "author": {"author_id": "66511036602", "nickname": "lulu涵", "follower_count": 1907}}, {"aweme": {"aweme_id": "6851529006362250499", "aweme_title": "#抖音小助手 直播中.....", "aweme_url": "https://www.iesdouyin.com/share/video/6851529006362250499/?region=CN&mid=6847477668524002055&u_code=0&titleType=title", "download_url": "https://www.chanmama.com/awemeDetail/6851529006362250499", "digg_count": 1383, "digg_incr": 7, "aweme_create_time": 1595245917, "category": 9, "volume": 0, "amount": 0}, "author": {"author_id": "65978063277", "nickname": "组美服饰（每天7:00直播）", "follower_count": 805323}}, {"aweme": {"aweme_id": "6851373545684061448", "aweme_title": "我🌸9.9💰买了一快220✘230的床单，我妈不信，非让我给她录个视频看看，这回信了吧😂", "aweme_url": "https://www.iesdouyin.com/share/video/6851373545684061448/?region=CN&mid=6823204036888840967&u_code=448l6j1a70f3&titleType=title", "download_url": "https://www.chanmama.com/awemeDetail/6851373545684061448", "digg_count": 3721, "digg_incr": 33, "aweme_create_time": 1595209718, "category": 9, "volume": 0, "amount": 0}, "author": {"author_id": "3104629545776668", "nickname": "米乐妈种草母婴好物", "follower_count": 10028}}, {"aweme": {"aweme_id": "6851477712335441159", "aweme_title": "#剑桶插花 99朵红玫瑰满天星花束，节日提前上包装，要照 片的，评论区留言#别限流", "aweme_url": "https://www.iesdouyin.com/share/video/6851477712335441159/?region=CN&mid=6851477743876557575&u_code=97f0he9ejc9&titleType=title", "download_url": "https://www.chanmama.com/awemeDetail/6851477712335441159", "digg_count": 1139, "digg_incr": 22, "aweme_create_time": 1595233971, "category": 9, "volume": 0, "amount": 0}, "author": {"author_id": "104688788844", "nickname": "郑州永亭鲜花", "follower_count": 39196}}, {"aweme": {"aweme_id": "6851371605344521487", "aweme_title": "你身边有没有这样冒着被打的风险，也要默默守护你的人？#多功能抱枕被 #车品", "aweme_url": "https://www.iesdouyin.com/share/video/6851371605344521487/?region=CN&mid=6704434504037042177&u_code=2i2e5hhjklg2&titleType=title", "download_url": "https://www.chanmama.com/awemeDetail/6851371605344521487", "digg_count": 1156, "digg_incr": "-", "aweme_create_time": 1595209266, "category": 9, "volume": 3, "amount": 147}, "author": {"author_id": "87978952256", "nickname": "车模薇薇", "follower_count": 4160}}, {"aweme": {"aweme_id": "6851426451196038408", "aweme_title": "上个视频，问我鞋带不会系，看好了哦，多看几遍就会了，简单明了还好看", "aweme_url": "https://www.iesdouyin.com/share/video/6851426451196038408/?region=CN&mid=6764333841717921794&u_code=379jm8h3l53m&titleType=title", "download_url": "https://www.chanmama.com/awemeDetail/6851426451196038408", "digg_count": 2133, "digg_incr": 83, "aweme_create_time": 1595222035, "category": 9, "volume": 24, "amount": 1132.1999999999998}, "author": {"author_id": "73748234418", "nickname": "武进区步一样鞋店", "follower_count": 577195}}, {"aweme": {"aweme_id": "6851465429647379727", "aweme_title": "如果真的买不起，进直播间我送你#毛绒地毯#好物推荐", "aweme_url": "https://www.iesdouyin.com/share/video/6851465429647379727/?region=CN&mid=6769091172980755214&u_code=gmaek20dh2c&titleType=title", "download_url": "https://www.chanmama.com/awemeDetail/6851465429647379727", "digg_count": 1246, "digg_incr": "-", "aweme_create_time": 1595231111, "category": 9, "volume": 0, "amount": 0}, "author": {"author_id": "1503783118458695", "nickname": "英子严选好物", "follower_count": 1263}}, {"aweme": {"aweme_id": "6851369762459585803", "aweme_title": "以前不懂床垫要保护起来😭给儿子尿脏了好几次 每次都洗得我心力交瘁😂", "aweme_url": "https://www.iesdouyin.com/share/video/6851369762459585803/?region=CN&mid=6726424820675939083&u_code=0&titleType=title", "download_url": "https://www.chanmama.com/awemeDetail/6851369762459585803", "digg_count": 1034, "digg_incr": 110, "aweme_create_time": 1595208847, "category": 9, "volume": 10, "amount": 390}, "author": {"author_id": "91731068266", "nickname": "静静的家❤️", "follower_count": 87024}}, {"aweme": {"aweme_id": "6851350713860181256", "aweme_title": "新生儿包被法，适合冬天出生的宝宝，新生儿睡觉一惊一乍，睡不踏实，可以这样把宝宝抱起来，给宝宝安全感#抱被 #孕", "aweme_url": "https://www.iesdouyin.com/share/video/6851350713860181256/?region=CN&mid=6826304066186038024&u_code=2g9cfffeefe2&titleType=title", "download_url": "https://www.chanmama.com/awemeDetail/6851350713860181256", "digg_count": 1366, "digg_incr": 366, "aweme_create_time": 1595204403, "category": 9, "volume": 1, "amount": 78}, "author": {"author_id": "95359686594", "nickname": "行行妈", "follower_count": 50403}}]}